{
"type": "FeatureCollection",
"name": "kenya_level_0_pcs",
"crs": { "type": "name", "properties": { "name": "urn:ogc:def:crs:EPSG::32637" } },
"features": [
{ "type": "Feature", "properties": { "iso2": "KE", "iso3": "KEN", "adm0_name": "Kenya", "adm0_name1": null, "adm0_name2": null, "adm0_name3": null, "adm0_pcode": "KE", "valid_on": "2019-10-31T00:00:00", "valid_to": null, "cod_version": "V_01", "area_sqkm": 591575.23894516996, "lang": "en", "lang1": null, "lang2": null, "lang3": null, "adm0_ref_name": "Kenya", "center_lat": 0.36858415, "center_lon": 37.55150867 }, "geometry": { "type": "MultiPolygon", "coordinates": [ [ [ [ 570867.409744966076687, -446288.876931980543304 ], [ 570777.463982413406484, -446214.328551674669143 ], [ 570719.240277737379074, -446126.636409894912504 ], [ 570616.437693109503016, -446020.620795295864809 ], [ 570559.772828176384792, -445916.111329768842552 ], [ 570627.956209482275881, -445774.788029762392398 ], [ 570667.921154255047441, -445651.465425717295147 ], [ 570745.982347428798676, -445588.988950524886604 ], [ 570888.868456781492569, -445539.916928066522814 ], [ 571023.888992688152939, -445508.129654245160054 ], [ 571155.124605210730806, -445500.748810191522352 ], [ 571276.517787156277336, -445525.795674643188249 ], [ 571377.479676322778687, -445580.1185963654425 ], [ 571452.800241940189153, -445655.834260437055491 ], [ 571556.908627596101724, -445735.307351613824721 ], [ 571606.204486329341307, -445842.666861867939588 ], [ 571617.464521238114685, -445948.021213601285126 ], [ 571741.983346210326999, -445998.702484632434789 ], [ 571820.183246965403669, -445930.937726882402785 ], [ 571905.404642681824043, -445799.115489701449405 ], [ 571977.018882810720243, -445699.879066201450769 ], [ 572041.368363476358354, -445619.53261265862966 ], [ 572114.793214714620262, -445532.131290761521086 ], [ 572145.629190128995106, -445403.105575601803139 ], [ 572147.319925143499859, -445253.429475529235788 ], [ 572161.974533295142464, -445121.701247736113146 ], [ 571996.212405165773816, -445131.737807486264501 ], [ 571841.958584008971229, -445150.998405120510142 ], [ 571741.013156520668417, -445160.545645377831534 ], [ 571644.731673586880788, -445175.605242480291054 ], [ 571529.269279790110886, -445184.806282388570253 ], [ 571413.985741203883663, -445119.013229358824901 ], [ 571389.387512862449512, -444992.310440827102866 ], [ 571337.700384866213426, -444912.073119064909406 ], [ 571240.948528399225324, -444911.059374263801146 ], [ 571122.238740539178252, -444922.730598609894514 ], [ 571150.790416919393465, -444794.112413914408535 ], [ 571148.185925631551072, -444644.317912667989731 ], [ 571090.772847615065984, -444491.526634134410415 ], [ 571032.790987675311044, -444385.045080446463544 ], [ 571064.909765948890708, -444272.885018091299571 ], [ 571076.467615004628897, -444125.573047964950092 ], [ 571089.197812158497982, -443999.712314885051455 ], [ 571101.302696956903674, -443910.430249521974474 ], [ 571095.221729459124617, -443748.364965280692559 ], [ 571071.542477579438128, -443656.539067879028153 ], [ 571026.766605227952823, -443574.701559362467378 ], [ 570948.603055514628068, -443477.244909988017753 ], [ 570869.672469025827013, -443376.652555805863813 ], [ 570806.825488069676794, -443299.118584248179104 ], [ 570758.097389404778369, -443228.125836670806166 ], [ 570746.116672772564925, -443120.842235137359239 ], [ 570745.55246371566318, -443011.969406495220028 ], [ 570734.250520984875038, -442862.801851092081051 ], [ 570700.152443276834674, -442716.181740646541584 ], [ 570671.940834927256219, -442562.151826732268091 ], [ 570641.031421689665876, -442452.029027736338321 ], [ 570616.823850107961334, -442332.009840208222158 ], [ 570619.950665606302209, -442206.008290479832795 ], [ 570618.742877562297508, -442078.980869810795411 ], [ 570568.318028355017304, -441977.404868860088754 ], [ 570539.989852917962708, -441893.330913584039081 ], [ 570552.08204679179471, -441775.459518797579221 ], [ 570638.582154887262732, -441666.511058454459999 ], [ 570752.996691822772846, -441580.8671431588009 ], [ 570800.287105749128386, -441484.144670538604259 ], [ 570746.05916140973568, -441393.558979552297387 ], [ 570629.592023029923439, -441314.387658886669669 ], [ 570608.677482466679066, -441138.72643774113385 ], [ 570596.899559816461988, -441023.488401840382721 ], [ 570511.39868824754376, -440970.271922257205006 ], [ 570381.167005903203972, -440947.254727383493446 ], [ 570235.003946309559979, -440960.142640222795308 ], [ 570246.248136561480351, -441055.885140692640562 ], [ 570142.108757530106232, -441053.937665297824424 ], [ 570034.944174133357592, -440967.489339056774043 ], [ 569858.486184583744034, -440938.637142644380219 ], [ 569712.578662041574717, -440952.092715029895771 ], [ 569602.132131828228012, -441021.560425860516261 ], [ 569578.841865951195359, -441152.681085191317834 ], [ 569535.910498967161402, -441234.467560204153415 ], [ 569454.094299756339751, -441332.628139607491903 ], [ 569355.133674227748998, -441349.712610932125244 ], [ 569329.746576410252601, -441218.07856238540262 ], [ 569224.529615489766002, -441127.7317242535064 ], [ 569116.84804093814455, -441105.672372309432831 ], [ 569020.838728606584482, -441134.776262592175044 ], [ 568876.196828323067166, -441115.558963411196601 ], [ 568787.607534010778181, -441026.993036113097332 ], [ 568727.701580342720263, -440922.461435357981827 ], [ 568630.396169599844143, -440843.326016663573682 ], [ 568542.541280075907707, -440853.856336682860274 ], [ 568428.876254180562682, -440855.375282025139313 ], [ 568380.789647518657148, -440742.238642970798537 ], [ 568360.324555529979989, -440630.841499662317801 ], [ 568294.760743566090241, -440489.451217458001338 ], [ 568215.010984261520207, -440386.761081036529504 ], [ 568057.603388748364523, -440309.730943070026115 ], [ 567978.737557380110957, -440234.546738627599552 ], [ 567923.720186100807041, -440127.464362873812206 ], [ 567877.760973812430166, -440000.22107743594097 ], [ 567778.701967409462668, -440005.845174174522981 ], [ 567705.806513648014516, -440089.979394083027728 ], [ 567682.821349059697241, -440185.140689723601099 ], [ 567583.800261515425518, -440238.994660145719536 ], [ 567472.837792382924818, -440195.572542725363746 ], [ 567404.404585258103907, -440136.830836084613111 ], [ 567316.864234206965193, -440135.36987342115026 ], [ 567216.771279496722855, -440107.72795026015956 ], [ 567129.22134514094796, -440105.705834368942305 ], [ 567091.925428859191015, -440184.454646561760455 ], [ 567064.903484766837209, -440278.974441116268281 ], [ 566974.623621648992412, -440373.539242498693056 ], [ 566889.102056223200634, -440457.547217007435393 ], [ 566807.786779958172701, -440542.109037822228856 ], [ 566733.615130056976341, -440593.383883754431736 ], [ 566617.015801958274096, -440595.26511915656738 ], [ 566510.894244097638875, -440556.151183370966464 ], [ 566396.302436552476138, -440498.890941478137393 ], [ 566319.231624266016297, -440574.612333173921797 ], [ 566298.85692804469727, -440676.66778964153491 ], [ 566278.699273827136494, -440790.237401384336408 ], [ 566189.997296197223477, -440853.933023093559314 ], [ 566086.832711373222992, -440880.364472115819808 ], [ 566002.290975709678605, -440894.689267833775375 ], [ 565900.382202887674794, -440913.558134852733929 ], [ 565771.637603651965037, -441020.077716905565467 ], [ 565659.067372333491221, -441033.52406535029877 ], [ 565616.917608697433025, -440915.833153532352298 ], [ 565687.570335645112209, -440811.277611272409558 ], [ 565726.730073484941386, -440724.2809597212472 ], [ 565802.497483816347085, -440673.233597063575871 ], [ 565917.063450470101088, -440668.406711699150037 ], [ 566043.015775302541442, -440602.989386814646423 ], [ 566200.666657583322376, -440561.587822169240098 ], [ 566277.775600805529393, -440462.041373400657903 ], [ 566369.052277709706686, -440408.778334881644696 ], [ 566467.475596717908047, -440398.783621600654442 ], [ 566594.429215001058765, -440391.226088475435972 ], [ 566731.170913250534795, -440315.080644374364056 ], [ 566823.092184568056837, -440222.383104315609671 ], [ 566833.828433946589939, -440115.652247241989244 ], [ 566877.759118050918914, -440023.083656938222703 ], [ 566970.283817738061771, -440007.271948143723421 ], [ 567049.67532270308584, -439924.854832833749242 ], [ 567159.276224631001242, -439849.966112996742595 ], [ 567286.186544859432615, -439793.810424358525779 ], [ 567428.110105856903829, -439772.573653128871229 ], [ 567564.103058692533523, -439730.339642063539941 ], [ 567578.836668082862161, -439597.586089822463691 ], [ 567532.096376895322464, -439444.900486186728813 ], [ 567507.897119331290014, -439327.407966255268548 ], [ 567508.262809428269975, -439204.247709169052541 ], [ 567498.361974975792691, -439097.680718817689922 ], [ 567467.931041272939183, -438959.846762796340045 ], [ 567427.294511913787574, -438820.489597488427535 ], [ 567419.864281375426799, -438719.175958856823854 ], [ 567462.17136661009863, -438624.286245173949283 ], [ 567531.916050922358409, -438539.312598889344372 ], [ 567555.532514806254767, -438414.130827604618389 ], [ 567427.796465503051877, -438343.850337682582904 ], [ 567257.89879156940151, -438343.232586433296092 ], [ 567102.025456052855588, -438368.611376941669732 ], [ 567030.084772064583376, -438242.156107588496525 ], [ 566995.720984765910544, -438158.344026128179394 ], [ 567003.6493111186428, -438067.539385383017361 ], [ 567052.648373249685392, -437961.184820451249834 ], [ 567090.34670262853615, -437814.08449216990266 ], [ 567136.253742390079424, -437672.315707767149433 ], [ 567249.717961636721157, -437613.584841890726238 ], [ 567388.191446352517232, -437645.061490571242757 ], [ 567345.393756828736514, -437761.700082718220074 ], [ 567296.175621074042283, -437888.168871438305359 ], [ 567309.648542019305751, -437996.129533320257906 ], [ 567379.599092563032173, -438088.388650357082952 ], [ 567516.27501865872182, -438050.256239254609682 ], [ 567550.26364802964963, -437901.848876193980686 ], [ 567716.286835020175204, -437885.10351487720618 ], [ 567807.697484878124669, -437972.880854545684997 ], [ 567861.837853122036904, -438064.00422378181247 ], [ 567926.144522637943737, -438151.761747155163903 ], [ 568027.753654402098618, -438192.318407892133109 ], [ 568183.610005835187621, -438178.939952530665323 ], [ 568285.304161592735909, -438104.799071161774918 ], [ 568339.581795636331663, -438010.382306410523597 ], [ 568363.387797882431187, -437888.955146383726969 ], [ 568404.136270922725089, -437764.167165661579929 ], [ 568485.530661347438581, -437652.90323452395387 ], [ 568597.364399527548812, -437612.504821832117159 ], [ 568732.863016124814749, -437640.718042152759153 ], [ 568698.854764941730537, -437812.739535909204278 ], [ 568627.630030661588535, -437916.139529972395394 ], [ 568569.984117742744274, -437983.56587990547996 ], [ 568539.422014789655805, -438078.000318254576996 ], [ 568481.756170906010084, -438172.414470465446357 ], [ 568451.196705742157064, -438263.475294866191689 ], [ 568383.364626055234112, -438361.255428203148767 ], [ 568271.464250687044114, -438492.737553414655849 ], [ 568196.846727418829687, -438604.006565592135303 ], [ 568237.437024676706642, -438691.746828617819119 ], [ 568250.908597532543354, -438799.707725516869687 ], [ 568264.385133381700143, -438900.921828759775963 ], [ 568264.304894917877391, -439008.872669188305736 ], [ 568274.370901769492775, -439140.445435209257994 ], [ 568314.918125194031745, -439285.534732103289571 ], [ 568392.76497553056106, -439386.796727524837479 ], [ 568460.447968751890585, -439488.051231921534054 ], [ 568548.483464408898726, -439555.58641424740199 ], [ 568650.110869883093983, -439569.156272954831365 ], [ 568751.743320533772931, -439575.979328819201328 ], [ 568839.829309492837638, -439576.045405327633489 ], [ 568961.756255358108319, -439626.739120829268359 ], [ 569083.657780212699436, -439711.16764094325481 ], [ 569171.692670758930035, -439778.703530023747589 ], [ 569239.384731116588227, -439866.46494519256521 ], [ 569327.444884278578684, -439900.266280614887364 ], [ 569435.82982934161555, -439937.45652064261958 ], [ 569513.692952539771795, -440015.105453638301697 ], [ 569635.572883795597591, -440126.522821737453341 ], [ 569706.680324885528535, -440177.178983210644219 ], [ 569794.760738628800027, -440183.99300149967894 ], [ 569882.861634194268845, -440163.819370097538922 ], [ 569981.118480505654588, -440153.773929873947054 ], [ 570137.021543922019191, -440076.303196436958387 ], [ 570269.180955213261768, -440035.922712517320178 ], [ 570391.184630234958604, -439985.414127157302573 ], [ 570469.187126806587912, -439880.896168482897338 ], [ 570547.176700540934689, -439793.245658505649772 ], [ 570659.037890377105214, -439715.741765446960926 ], [ 570750.540530922240578, -439678.704065127880313 ], [ 570838.715217866702005, -439564.073689859593287 ], [ 570859.139174392563291, -439439.270642844261602 ], [ 570947.248983997968026, -439408.977301965060178 ], [ 571055.616011511767283, -439469.783944334834814 ], [ 571126.702484208741225, -439547.42914549150737 ], [ 571214.741600103210658, -439608.220259271969553 ], [ 571299.442467342247255, -439604.912542057398241 ], [ 571394.315060071647167, -439591.492442961840425 ], [ 571482.411845149588771, -439578.067045447300188 ], [ 571624.673564205644652, -439618.659896790864877 ], [ 571726.274600660079159, -439665.968133639951702 ], [ 571834.640930159483105, -439726.775832792802248 ], [ 571897.235610908130184, -439831.403077594179194 ], [ 571922.555071126436815, -439946.121514781785663 ], [ 571922.472979095415212, -440050.699638234218583 ], [ 571902.055370524758473, -440165.382295913528651 ], [ 571901.9706118904287, -440273.333844319044147 ], [ 571922.22393573820591, -440367.807557287684176 ], [ 571922.123207814758644, -440496.00010062410729 ], [ 571945.724469305598177, -440641.078635580372065 ], [ 572057.490553851239383, -440685.022031298838556 ], [ 572155.691584658110514, -440745.822239552449901 ], [ 572223.369617986725643, -440847.080488342733588 ], [ 572355.492124327458441, -440853.931901560921688 ], [ 572490.983750232728198, -440884.400630758260377 ], [ 572592.59637696063146, -440914.842671239341144 ], [ 572680.654742027400061, -440948.647601370583288 ], [ 572768.713053920771927, -440982.452627282706089 ], [ 572856.765935124596581, -441023.004719601129182 ], [ 572975.288172839907929, -441090.569137695478275 ], [ 573053.150337645318359, -441164.84831367759034 ], [ 573131.020366494776681, -441229.007061376003549 ], [ 573154.635590549674816, -441353.845353603712283 ], [ 573242.63657199323643, -441458.494345496350434 ], [ 573354.458138220361434, -441431.59617392841028 ], [ 573412.130703182192519, -441333.810996935761068 ], [ 573385.092653361265548, -441252.825268251239322 ], [ 573354.677554599475116, -441158.342883541772608 ], [ 573446.177671169163659, -441124.681357019057032 ], [ 573520.78713522630278, -441030.283363527269103 ], [ 573490.388326062820852, -440915.559882161032874 ], [ 573443.07563613425009, -440768.774706684343982 ], [ 573422.863352143438533, -440625.384765136870556 ], [ 573365.360873789642937, -440510.639637555752415 ], [ 573277.383223007898778, -440375.629235478641931 ], [ 573199.547509665950201, -440267.614983656152617 ], [ 573142.033698734943755, -440166.364145374158397 ], [ 573101.443238115753047, -440085.367798943712842 ], [ 573101.518608056241646, -439990.909967777028214 ], [ 573091.430135532282293, -439896.444031759165227 ], [ 573054.227456228341907, -439815.45043995679589 ], [ 572986.533174137002788, -439734.432595729245804 ], [ 572945.947699715266936, -439646.689410651917569 ], [ 572888.427768772118725, -439552.185825212160125 ], [ 572858.016684780130163, -439450.956740547437221 ], [ 572800.493839406990446, -439359.826788620383013 ], [ 572770.090588324470446, -439248.477368777443189 ], [ 572780.356120703858323, -439120.292723432241473 ], [ 572743.232812895905226, -438938.094543530314695 ], [ 572743.302274689078331, -438850.38376281328965 ], [ 572723.043943186639808, -438762.65689243550878 ], [ 572767.165102747268975, -438664.860587854636833 ], [ 572838.384764278540388, -438573.832619861408602 ], [ 572838.467621816089377, -438469.254359194193967 ], [ 572838.566490427125245, -438344.435201434127521 ], [ 572757.345497290370986, -438229.672096446622163 ], [ 572743.878805964719504, -438121.709716935816687 ], [ 572815.090876020374708, -438040.802179765305482 ], [ 572825.366888436023146, -437899.12349861569237 ], [ 572744.140064938459545, -437791.107559425407089 ], [ 572625.613038844661787, -437723.544111400900874 ], [ 572469.775305712595582, -437709.927427642047405 ], [ 572357.957774288835935, -437726.706979352748021 ], [ 572269.835167813813314, -437770.493102526874281 ], [ 572113.994809856056236, -437760.250549778982531 ], [ 572012.367894306196831, -437743.303571538475808 ], [ 571944.333205236820504, -437661.093696915428154 ], [ 572043.457139166304842, -437597.482454240787774 ], [ 572092.844952592626214, -437466.730428979732096 ], [ 572066.444815453374758, -437368.664242622093298 ], [ 571995.649841666570865, -437254.411043620610144 ], [ 571884.917410569032654, -437137.718625637702644 ], [ 571790.342571944347583, -437068.603482758451719 ], [ 571716.246354236267507, -437008.68149775051279 ], [ 571692.754763690987602, -436919.052050243713893 ], [ 571705.20734316133894, -436813.458149606129155 ], [ 571734.632735622348264, -436693.374605565622915 ], [ 571816.620356878149323, -436771.586415335070342 ], [ 571870.776426224620081, -436839.098355687223375 ], [ 571979.117379556875676, -436937.013960528362077 ], [ 572101.068202404305339, -436960.723591187910642 ], [ 572195.922593007795513, -436974.291688584315125 ], [ 572283.979773803963326, -437014.84252057451522 ], [ 572304.215367978205904, -437132.93049539020285 ], [ 572314.281600372167304, -437257.757583001628518 ], [ 572344.704971765982918, -437345.492191760451533 ], [ 572412.412453979253769, -437413.015105759433936 ], [ 572527.594442305387929, -437426.599603932001628 ], [ 572636.021778292488307, -437413.191060343931895 ], [ 572724.126298685674556, -437393.01963364938274 ], [ 572830.27895935496781, -437399.850420165166724 ], [ 572900.346166828530841, -437339.182861330686137 ], [ 572991.887004866846837, -437258.291537190438248 ], [ 573069.889166225679219, -437160.521954446856398 ], [ 573124.169884463073686, -437069.480576002330054 ], [ 573163.231281706597656, -436944.692279611015692 ], [ 573280.134861091268249, -436924.544021357258316 ], [ 573368.194472049595788, -436961.72252879786538 ], [ 573456.240592945483513, -437015.768507278815378 ], [ 573368.071047990815714, -437116.903193371370435 ], [ 573300.22983276611194, -437218.05420169379795 ], [ 573221.077494519762695, -437341.686054729681928 ], [ 573171.329316147952341, -437413.614489262108691 ], [ 573211.921296431915835, -437494.61063297779765 ], [ 573201.666186735383235, -437609.301375194743741 ], [ 573123.664055580622517, -437707.070705317950342 ], [ 573103.239623856265098, -437828.50033940578578 ], [ 573055.724533109227195, -437933.040981229918543 ], [ 573113.259001506026834, -438010.677019536611624 ], [ 573211.481463148724288, -438047.863623337703757 ], [ 573313.094706340110861, -438081.679503504128661 ], [ 573448.582419829093851, -438122.269518718472682 ], [ 573523.026684373617172, -438237.027832684747409 ], [ 573478.866907813819125, -438382.05297457013512 ], [ 573390.695695713046007, -438486.560996290994808 ], [ 573312.691343649756163, -438587.703636006743181 ], [ 573234.681667651166208, -438695.593397750344593 ], [ 573180.39345615345519, -438796.755003382626455 ], [ 573170.154271202511154, -438891.204726430645678 ], [ 573142.969984963769093, -438992.388037365104537 ], [ 573122.561537130037323, -439093.576634294353426 ], [ 573137.697157889138907, -439231.902076437079813 ], [ 573179.936357335420325, -439370.249035171698779 ], [ 573257.762254015426151, -439491.757065035402775 ], [ 573337.310250318143517, -439577.844910101615824 ], [ 573433.922078912612051, -439508.765425539284479 ], [ 573522.02226776489988, -439491.968492010899354 ], [ 573633.770561650278978, -439559.52817117102677 ], [ 573657.372384352842346, -439701.234091038815677 ], [ 573623.411654646275565, -439802.411772032559384 ], [ 573647.040478800772689, -439910.382811342715286 ], [ 573697.78357390104793, -440004.881597176427022 ], [ 573789.268544409307651, -439991.461260780226439 ], [ 573813.087328335852362, -439863.287398482149001 ], [ 573833.501969470293261, -439755.351748296408914 ], [ 573950.362800812465139, -439784.120772392663639 ], [ 573989.200201612431556, -439937.646483492397238 ], [ 573978.949312601936981, -440045.590223657432944 ], [ 573955.162869846913964, -440133.282071751600597 ], [ 573921.196536754840054, -440241.206773316254839 ], [ 573921.114830515347421, -440342.411732508102432 ], [ 573931.183150915428996, -440460.492415329325013 ], [ 573968.376686787582003, -440551.607078388682567 ], [ 574042.828808498219587, -440652.872345204174053 ], [ 574095.221240453538485, -440801.348979596863501 ], [ 574184.92959454015363, -440889.132807692163624 ], [ 574252.632787674665451, -440956.657792135723867 ], [ 574232.209555983310565, -441074.713841421762481 ], [ 574089.898844474926591, -441098.212891725532245 ], [ 573988.256501364405267, -441104.877649996895343 ], [ 573900.157653548987582, -441121.673895831336267 ], [ 573812.020703149144538, -441185.699098620039877 ], [ 573764.530352442059666, -441259.877820346795488 ], [ 573739.032687560189515, -441369.496122241369449 ], [ 573784.694218738703057, -441462.304260943725239 ], [ 573811.726275234017521, -441550.037163915054407 ], [ 573886.196774138021283, -441627.687932896602433 ], [ 573865.779383087297902, -441738.996993005857803 ], [ 573852.140573009732179, -441846.938099770224653 ], [ 573899.505086425109766, -441927.940540478390176 ], [ 573963.806080565555021, -442012.330194336769637 ], [ 574075.575296784169041, -442049.52941224409733 ], [ 574197.499810484005138, -442096.857700601452962 ], [ 574299.072281222441234, -442174.531006556237116 ], [ 574376.93523748870939, -442245.438111994008068 ], [ 574417.517871284624562, -442333.182403999438975 ], [ 574454.712521731504239, -442420.923960559885018 ], [ 574454.640845370828174, -442508.635081914428156 ], [ 574454.552608788129874, -442616.587293112592306 ], [ 574427.367138270754367, -442717.770246997475624 ], [ 574396.771887203678489, -442845.938511718879454 ], [ 574298.400850363308564, -442997.665957662160508 ], [ 574230.592135878861882, -443061.707237263384741 ], [ 574162.780656550894491, -443129.122102365712635 ], [ 574074.631445231032558, -443210.01431341515854 ], [ 573979.719135875348002, -443275.720433620153926 ], [ 573878.050556621979922, -443317.806617722264491 ], [ 573783.153579573263414, -443364.958609510329552 ], [ 573695.054182386258617, -443385.128128466021735 ], [ 573586.655251540592872, -443371.546356793085579 ], [ 573478.261872723465785, -443351.217738211678807 ], [ 573383.392321074032225, -443364.635094162542373 ], [ 573285.099834466120228, -443421.905345551262144 ], [ 573234.21481835108716, -443506.201797424757387 ], [ 573207.025430158362724, -443614.131955122749787 ], [ 573247.574274801183492, -443744.044425170344766 ], [ 573332.18603623425588, -443847.004453156667296 ], [ 573382.923717667581514, -443944.876890661194921 ], [ 573382.841921778162941, -444046.081943681871053 ], [ 573382.771017003222369, -444133.792925116547849 ], [ 573396.204882038058713, -444278.864379674661905 ], [ 573450.329996229149401, -444376.739656443533022 ], [ 573518.030615072930232, -444444.264598470879719 ], [ 573639.927221400896087, -444521.954028921492863 ], [ 573761.867541919462383, -444545.667653184267692 ], [ 573849.916429680073634, -444586.221380498143844 ], [ 573937.976253965054639, -444613.28122841444565 ], [ 574029.465163231361657, -444589.741344093345106 ], [ 574093.879536992637441, -444532.444329658348579 ], [ 574184.280672759516165, -444458.301053289091215 ], [ 574276.923897160100751, -444404.400782332289964 ], [ 574365.033629071083851, -444370.737867664371151 ], [ 574486.985212909057736, -444380.958472449157853 ], [ 574605.518455152632669, -444428.284998744784389 ], [ 574727.478325580945238, -444428.385391213931143 ], [ 574785.142813253565691, -444340.721644141711295 ], [ 574761.531218121061102, -444215.882344732817728 ], [ 574771.813982761465013, -444070.82985789939994 ], [ 574878.477853759890422, -444133.327705654781312 ], [ 574907.186281467205845, -444239.617027362866793 ], [ 574920.667849891586229, -444323.965890295687132 ], [ 574920.58984111296013, -444418.424124560086057 ], [ 574893.409598448313773, -444512.860085754888132 ], [ 574805.299713277374394, -444546.522387416742276 ], [ 574683.323313914821483, -444566.662968973396346 ], [ 574581.690305430791341, -444566.579320740012918 ], [ 574493.591721936129034, -444586.747905574389733 ], [ 574405.468275247490965, -444637.278212479548529 ], [ 574364.729312180657871, -444741.823550135071855 ], [ 574395.152673124684952, -444822.81273097882513 ], [ 574472.987884805770591, -444924.081890625762753 ], [ 574535.54207234934438, -445069.194250826607458 ], [ 574520.172295002616011, -445220.989529089943971 ], [ 574492.987036907463335, -445322.172403372242115 ], [ 574506.437988323741592, -445443.629838574677706 ], [ 574608.045078741153702, -445474.075116432155482 ], [ 574682.658668157295324, -445372.931379698507953 ], [ 574824.996761385118589, -445308.952212912379764 ], [ 574926.598267948254943, -445346.14484244689811 ], [ 575048.52620794356335, -445383.3545624151011 ], [ 575085.712944802711718, -445477.843753764638677 ], [ 575116.112936211749911, -445585.821360208734404 ], [ 575136.360937949037179, -445680.29664791043615 ], [ 575163.344948921119794, -445822.00662299094256 ], [ 575136.119861061451957, -445970.418560319172684 ], [ 575136.018898603389971, -446091.865001725731418 ], [ 575105.436957869096659, -446203.165530129161198 ], [ 575034.195481410250068, -446322.866062492481433 ], [ 574939.285185974091291, -446388.570794543949887 ], [ 574851.165798489004374, -446435.726878870336805 ], [ 574763.046513314009644, -446482.883034261176363 ], [ 574685.079281470854767, -446543.541780874249525 ], [ 574715.484740162966773, -446644.772256237687543 ], [ 574837.38569905993063, -446712.343441109987907 ], [ 574959.353751429589465, -446698.950652220635675 ], [ 575047.45053794735577, -446678.782838606741279 ], [ 575135.530526514863595, -446678.856125595164485 ], [ 575223.638647127780132, -446645.194347342534456 ], [ 575338.820185867603868, -446645.290419075638056 ], [ 575481.065377686405554, -446690.951708690088708 ], [ 575592.767434616805986, -446800.684599861211609 ], [ 575623.17179117386695, -446901.915572388039436 ], [ 575623.092592570697889, -446996.373983481083997 ], [ 575616.252226595184766, -447125.525867765129078 ], [ 575528.514179413323291, -447251.698876069684047 ], [ 575531.948724013403989, -447417.542532784747891 ], [ 575605.41874696535524, -447562.054916122346185 ], [ 575614.538456171983853, -447692.496652834641282 ], [ 575636.366717351251282, -447794.783709189505316 ], [ 575622.62818393507041, -447907.105319175578188 ], [ 575541.750889782095328, -448009.354858380684163 ], [ 575595.474776365561411, -448081.366529011633247 ], [ 575689.46789034944959, -448136.604651037137955 ], [ 575763.579156155348755, -448195.233202783449087 ], [ 575825.097450946224853, -448290.596980937407352 ], [ 575836.874754277989268, -448401.416058967995923 ], [ 575789.448533560382202, -448533.488042674958706 ], [ 575795.182623852742836, -448658.809752207598649 ], [ 575843.742836796795018, -448753.350185080314986 ], [ 575895.890866203699261, -448835.659289644216187 ], [ 575968.331783973611891, -448917.198427066090517 ], [ 576061.699295804253779, -448936.617614877526648 ], [ 576168.964314746437594, -448880.930785400152672 ], [ 576276.829859476536512, -448878.108850180637091 ], [ 576385.573349915095605, -448918.122123641194776 ], [ 576505.869273344986141, -448938.520792452036403 ], [ 576618.01361709437333, -448944.971126603195444 ], [ 576704.253309966996312, -448946.837331780581735 ], [ 576798.009432752849534, -448947.390598917845637 ], [ 576906.154816672671586, -448938.436370158742648 ], [ 577004.098117829300463, -448910.766085765382741 ], [ 577085.877126345527358, -448883.808515218144748 ], [ 577183.825517743127421, -448840.955883175542112 ], [ 577286.568148936959915, -448797.186195034591947 ], [ 577381.607312256935984, -448748.774425625160802 ], [ 577478.021975598996505, -448677.812424587085843 ], [ 577572.119451581616886, -448615.1903638811782 ], [ 577684.319779148558155, -448564.464179660775699 ], [ 577779.010928651900031, -448487.150411716778763 ], [ 577837.961342166992836, -448424.131926243018825 ], [ 577914.136226250557229, -448362.830214861605782 ], [ 578022.67038110550493, -448257.556584360310808 ], [ 578107.916304924758151, -448107.452376208966598 ], [ 578175.173677374492399, -447997.217733917408623 ], [ 578248.546703129075468, -447848.666140621411614 ], [ 578325.659708140650764, -447683.604425252298824 ], [ 578396.319403551169671, -447557.838393803976942 ], [ 578461.035110984113999, -447474.044210867956281 ], [ 578555.264282154501416, -447389.323553780966904 ], [ 578640.592664055875503, -447332.229339264682494 ], [ 578743.963890494895168, -447229.980418497871142 ], [ 578809.863098792149685, -447129.24068333132891 ], [ 578857.848556309822015, -447049.095041139575187 ], [ 578911.147696090047248, -446961.757747456314974 ], [ 578960.491167568485253, -446855.237929818744306 ], [ 579004.327715404331684, -446723.349276941968128 ], [ 579064.893285520840436, -446647.358443613862619 ], [ 579120.138544788118452, -446563.481945619278122 ], [ 579194.823454398079775, -446474.822574753197841 ], [ 579274.31317897583358, -446368.364205804653466 ], [ 579343.802005938487127, -446251.940374502970371 ], [ 579413.931742844055407, -446149.788168639293872 ], [ 579465.771107447915711, -446061.407757261826191 ], [ 579520.165992129361257, -445969.638883918581996 ], [ 579565.991572197293863, -445893.504384015861433 ], [ 579609.699735455913469, -445815.571575936803129 ], [ 579658.06473752995953, -445721.873849851894192 ], [ 579707.020781793631613, -445623.460835825942922 ], [ 579782.754194491077214, -445496.953062091139145 ], [ 579851.531406523659825, -445396.645142863388173 ], [ 579938.76572026417125, -445287.803165007440839 ], [ 580007.485857529100031, -445186.608251179219224 ], [ 580062.709922247682698, -445119.631155186449178 ], [ 580139.771708457148634, -445020.163187807891518 ], [ 580201.992045634193346, -444912.126317309506703 ], [ 580266.496165608637966, -444796.02782859117724 ], [ 580319.922251255600713, -444722.910253683745395 ], [ 580409.626636683475226, -444633.064895957068074 ], [ 580489.201314842677675, -444577.683439229149371 ], [ 580586.9578709959751, -444547.991583107737824 ], [ 580676.809289789292961, -444541.335227646864951 ], [ 580800.35260188835673, -444512.256502427218948 ], [ 580862.138648769818246, -444418.053042311337776 ], [ 580908.840165135683492, -444313.878190317307599 ], [ 581020.976257395930588, -444200.663372195267584 ], [ 581081.624753666925244, -444053.231998875911813 ], [ 581069.164041415555403, -443909.752751241088845 ], [ 580997.721046791179106, -443827.750867466209456 ], [ 580923.728754962794483, -443755.818281827261671 ], [ 580821.566613936098292, -443666.15425697423052 ], [ 580688.075739924330264, -443584.999691446078941 ], [ 580621.213598838774487, -443453.870376265025698 ], [ 580596.365616994560696, -443308.126268310588785 ], [ 580596.157313581556082, -443178.011999262671452 ], [ 580605.405609420617111, -443079.795076557900757 ], [ 580625.802689188858494, -442958.884640479984228 ], [ 580653.590999592794105, -442844.099936270911712 ], [ 580735.531185818603262, -442750.133199401723687 ], [ 580823.663868953357451, -442696.234525370935444 ], [ 580925.357147956732661, -442632.227399539784528 ], [ 581081.261324415216222, -442563.208314949821215 ], [ 581203.29889413760975, -442480.664982228947338 ], [ 581281.325636913999915, -442362.66027785622282 ], [ 581311.903940154705197, -442264.854528501164168 ], [ 581339.103482936276123, -442156.925190713373013 ], [ 581291.78414375311695, -442032.061516935063992 ], [ 581174.995904495590366, -441925.690728246001527 ], [ 581170.038634756114334, -441785.683916954032611 ], [ 581248.074765853234567, -441657.558427165262401 ], [ 581312.547411847859621, -441542.915168015053496 ], [ 581380.390140306320973, -441448.516077504435088 ], [ 581492.306163138477132, -441320.420887273910921 ], [ 581580.512944781919941, -441185.557520541886333 ], [ 581658.55610046593938, -441050.685114211344626 ], [ 581726.408551659435034, -440946.16558600589633 ], [ 581790.861074971500784, -440855.137332596816123 ], [ 581868.862492440734059, -440767.4947195284185 ], [ 581957.046101607265882, -440659.619879798439797 ], [ 582024.853779765660875, -440605.70379101234721 ], [ 582092.67656208970584, -440534.919960654282477 ], [ 582160.511672573746182, -440450.641872310894541 ], [ 582248.683790031587705, -440356.26149243832333 ], [ 582343.672979965806007, -440216.344305485021323 ], [ 582445.398922460852191, -440120.289425320283044 ], [ 582503.085836282349192, -440019.134544860629831 ], [ 582591.276942411903292, -439904.513075764698442 ], [ 582692.995872001629323, -439816.892261342378333 ], [ 582794.718159080017358, -439725.897921125288121 ], [ 582872.69401533936616, -439668.617823427543044 ], [ 582957.455238146707416, -439601.22331008099718 ], [ 583059.187094962690026, -439500.108466794947162 ], [ 583116.850569288246334, -439425.94241198367672 ], [ 583157.610714163049124, -439311.278191841091029 ], [ 583225.487297879648395, -439183.144339075952303 ], [ 583303.540519974078052, -439041.525518265087157 ], [ 583334.106247910414822, -438960.587720452749636 ], [ 583391.78248329157941, -438872.927421764819883 ], [ 583479.963430281030014, -438771.800518748932518 ], [ 583537.63979524129536, -438684.140266217815224 ], [ 583595.322508241515607, -438589.732924036681652 ], [ 583669.957887773634866, -438481.846797228907235 ], [ 583805.526176274754107, -438431.366739179531578 ], [ 583924.19127854402177, -438340.38861581630772 ], [ 584015.752175978035666, -438249.385954498895444 ], [ 584127.64315955794882, -438156.715019406285137 ], [ 584225.972855149069801, -438074.152613004960585 ], [ 584324.282643964397721, -438013.518323517870158 ], [ 584425.989871344179846, -437942.766601332987193 ], [ 584534.47031650133431, -437875.394798412919044 ], [ 584615.852520002401434, -437801.250953039969318 ], [ 584621.077297998941503, -437646.071425468253437 ], [ 584509.380153824808076, -437526.207137167570181 ], [ 584406.118871749262325, -437443.460105499194469 ], [ 584284.172150771366432, -437416.359909367980435 ], [ 584162.231437391368672, -437382.512775548908394 ], [ 584040.222993650939316, -437422.884264401276596 ], [ 583904.653131775092334, -437473.36427420907421 ], [ 583782.703254637541249, -437449.638371069799177 ], [ 583681.045202897046693, -437466.413844535709359 ], [ 583538.742243798798881, -437469.658238273870666 ], [ 583396.46081764542032, -437449.288047084352002 ], [ 583305.016003049793653, -437412.096091494720895 ], [ 583227.129441803088412, -437368.169487211795058 ], [ 583125.532364786369726, -437317.474365828733426 ], [ 583003.59441944968421, -437280.25537843228085 ], [ 582915.50399763637688, -437280.176112861605361 ], [ 582807.097209807834588, -437266.584483062149957 ], [ 582719.006699444260448, -437266.50540761864977 ], [ 582627.555497896391898, -437236.061302974761929 ], [ 582509.020595170557499, -437181.9782851752243 ], [ 582407.428966651088558, -437124.53698220080696 ], [ 582295.673017883906141, -437067.086746761458926 ], [ 582231.368352447752841, -436989.437685236276593 ], [ 582173.8577856462216, -436891.553359900193755 ], [ 582119.7382375363959, -436790.298623217677232 ], [ 582028.280452692764811, -436766.60243481391808 ], [ 581906.320615637814626, -436752.999960808025207 ], [ 581818.280717835761607, -436695.571495778509416 ], [ 581764.133667175075971, -436624.678975600691047 ], [ 581696.422291978262365, -436567.268669192213565 ], [ 581585.719132776604965, -436595.283694233454298 ], [ 581499.801680231001228, -436691.916196663689334 ], [ 581408.254499528789893, -436769.427112354547717 ], [ 581330.250804195413366, -436857.070588178583421 ], [ 581272.570043971063569, -436951.479080824181437 ], [ 581187.840929482015781, -436981.766385193332098 ], [ 581086.192286621895619, -436988.424065331346355 ], [ 580964.226921922992915, -436981.569875229615718 ], [ 580818.497659346787259, -437028.671713362855371 ], [ 580699.861500577884726, -437089.291705201962031 ], [ 580584.678382545011118, -437075.696752250776626 ], [ 580462.7073344939854, -437075.590272381843533 ], [ 580330.610341154504567, -437031.619156116910744 ], [ 580205.260076428414322, -437021.389434454438742 ], [ 580086.703425184357911, -436990.924600444675889 ], [ 579961.364833537954837, -436967.201115420728456 ], [ 579852.957771555520594, -436953.612997098709457 ], [ 579764.873430055798963, -436946.789746604568791 ], [ 579663.257180518005043, -436916.340147056151181 ], [ 579507.419821871444583, -436899.338046620890964 ], [ 579385.463422992732376, -436882.365360479918309 ], [ 579297.41674313985277, -436831.686720808094833 ], [ 579209.343920621904545, -436811.369829248986207 ], [ 579107.736004971666262, -436770.800282176584005 ], [ 579023.09456378442701, -436699.883618755324278 ], [ 579016.418009235640056, -436583.491095904319081 ], [ 578918.233951669884846, -436500.755577661911957 ], [ 578828.463832563254982, -436483.811250497878063 ], [ 578830.068636786309071, -436588.392083031998482 ], [ 578789.342455072095618, -436669.322072745009791 ], [ 578687.64524719142355, -436733.332411849230994 ], [ 578624.873162135365419, -436841.794153792085126 ], [ 578497.892404864425771, -436756.785553911235183 ], [ 578477.638527682749555, -436669.056592232955154 ], [ 578423.494983817334287, -436591.419469996413682 ], [ 578301.561111474526115, -436547.46008562046336 ], [ 578186.394631301634945, -436513.627221083675977 ], [ 578108.431527855806053, -436557.41714526724536 ], [ 578067.686059986706823, -436661.962000563275069 ], [ 577981.187276344164275, -436783.335722921823617 ], [ 577870.996510455617681, -436876.014688023540657 ], [ 577820.265083743841387, -436769.705843070696574 ], [ 577698.280093024368398, -436786.470708533655852 ], [ 577599.960633907350712, -436863.978989413124509 ], [ 577467.828605866176076, -436860.494517329032533 ], [ 577366.228922201320529, -436809.806427839910612 ], [ 577288.359779247432016, -436742.270831643138081 ], [ 577230.824578985222615, -436668.005195880134124 ], [ 577108.907320057973266, -436603.80641692772042 ], [ 576986.956163566093892, -436580.090033471526112 ], [ 576888.718822452705353, -436559.767017387610395 ], [ 576743.053855900536291, -436532.657783178205136 ], [ 576693.993928379379213, -436451.652611541969236 ], [ 576844.783206889871508, -436428.163313962053508 ], [ 576966.751439540297724, -436431.638311331102159 ], [ 577054.819120374973863, -436458.699925675638951 ], [ 577142.920572711969726, -436445.279418298101518 ], [ 577231.038987684412859, -436411.617824563174509 ], [ 577319.11795071605593, -436425.185551256698091 ], [ 577424.080793199012987, -436506.237995172326919 ], [ 577427.376416261075065, -436616.442513133049943 ], [ 577501.865138569031842, -436674.979349969828036 ], [ 577589.955190512235276, -436675.0533403052832 ], [ 577711.960155619657598, -436634.673666732909624 ], [ 577833.970940109109506, -436587.547109298757277 ], [ 577942.40667286363896, -436567.397363804862835 ], [ 577932.327896821196191, -436466.183149759832304 ], [ 577934.097274945001118, -436376.786215484316926 ], [ 578057.721379362861626, -436425.806717372324783 ], [ 578166.140264375018887, -436425.898394834599458 ], [ 578288.088747301953845, -436452.989923354645725 ], [ 578430.394441577373073, -436446.363604604033753 ], [ 578542.233073304058053, -436409.349743842496537 ], [ 578566.038666638080031, -436304.79058197181439 ], [ 578444.132949483231641, -436227.095898308092728 ], [ 578308.651801364845596, -436176.378059368405957 ], [ 578186.702939829672687, -436149.286680164688732 ], [ 578098.635086945723742, -436122.223982494033407 ], [ 577990.221441031782888, -436115.385419987491332 ], [ 577888.578414784395136, -436115.299723119591363 ], [ 577766.637959092739038, -436078.088342212548014 ], [ 577698.929844054626301, -436013.934474075562321 ], [ 577644.782412464730442, -435939.671460869547445 ], [ 577631.343278321670368, -435804.719295482966118 ], [ 577621.272313363733701, -435693.384618564683478 ], [ 577580.702592443092726, -435588.77140700846212 ], [ 577523.21202187682502, -435460.529416217876133 ], [ 577435.216746115824208, -435345.756029967800714 ], [ 577367.549973968183622, -435230.999856353679206 ], [ 577310.050265715224668, -435112.878570694068912 ], [ 577299.98432363953907, -434994.79701016942272 ], [ 577300.07434968650341, -434886.844514012220316 ], [ 577269.673866093857214, -434775.492931087326724 ], [ 577171.454198937863111, -434731.555452161061112 ], [ 577069.809702216880396, -434731.470924142457079 ], [ 576988.544571046018973, -434670.680155815382022 ], [ 577056.397275845753029, -434562.783879070950206 ], [ 577144.494873560965061, -434556.110074440017343 ], [ 577246.187213423894718, -434498.844849190092646 ], [ 577256.452818180900067, -434377.406693948607426 ], [ 577334.484488968737423, -434252.651506970578339 ], [ 577378.631914111785591, -434131.241567734978162 ], [ 577402.453127694432624, -434006.441237299062777 ], [ 577402.568359247525223, -433868.127000814420171 ], [ 577290.817334875464439, -433797.190104263194371 ], [ 577174.007613774621859, -433697.574206958292052 ], [ 577057.158617133740336, -433645.187809356546495 ], [ 576969.082531003979966, -433624.873692747205496 ], [ 576860.643773573683575, -433645.025138209923171 ], [ 576745.406565321492963, -433692.159140738600399 ], [ 576632.812099641538225, -433690.258317880390678 ], [ 576684.233608645852655, -433583.982802368991543 ], [ 576766.590123774716631, -433451.63685878663091 ], [ 576779.49611959955655, -433338.411665401887149 ], [ 576731.963487283908762, -433250.834846029232722 ], [ 576610.555781729402952, -433205.129621927335393 ], [ 576646.472015636623837, -433126.402172709407751 ], [ 576696.5234981138492, -433042.868893993610982 ], [ 576697.285200870013796, -432919.989020205219276 ], [ 576684.783127238741145, -432799.430472167558037 ], [ 576690.809626537375152, -432667.182194407389034 ], [ 576765.343857868341729, -432589.184728949214332 ], [ 576783.559926272602752, -432468.124619084002916 ], [ 576882.401725382776931, -432353.965288473584224 ], [ 576806.582566802157089, -432207.089117416995578 ], [ 576784.618499697069637, -432053.359232187038288 ], [ 576807.341492305742577, -431926.996636063209735 ], [ 576727.13408956094645, -431800.411548976844642 ], [ 576743.982555165886879, -431707.601638447958976 ], [ 576846.82881964975968, -431730.355218262702692 ], [ 576937.062084034550935, -431811.631776771158911 ], [ 576932.213982142740861, -431924.293772580393124 ], [ 576928.471266408450902, -432020.631087302346714 ], [ 576966.687814890872687, -432102.157919532677624 ], [ 576991.324499973794445, -432218.238711278419942 ], [ 576999.514841830241494, -432323.984950520389248 ], [ 577056.97455154475756, -432430.254205340577755 ], [ 577078.93938174971845, -432544.297419878887013 ], [ 577096.569543441524729, -432628.877362405241001 ], [ 577164.92721312015783, -432707.449495062872302 ], [ 577244.842642608797178, -432759.596370257029776 ], [ 577321.389746006578207, -432838.044015211693477 ], [ 577415.169569939840585, -432917.189893052738626 ], [ 577513.632277690107003, -432850.408573714201339 ], [ 577585.071379494736902, -432772.128971276280936 ], [ 577582.435390307218768, -432674.42854454962071 ], [ 577561.857756230165251, -432526.830549880396575 ], [ 577645.941231679054908, -432460.860206676006783 ], [ 577732.732419579289854, -432420.057077027682681 ], [ 577794.780099793919362, -432335.254065165121574 ], [ 577860.653575969510712, -432224.834697625308763 ], [ 577967.43019720481243, -432151.26948411820922 ], [ 578085.354953213827685, -432160.0502054275712 ], [ 578182.790131860412657, -432168.870725226996001 ], [ 578308.678878133185208, -432146.876761455554515 ], [ 578415.037661324604414, -432070.687545068678446 ], [ 578531.942320612142794, -432118.693062526232097 ], [ 578616.796378233353607, -432161.814664380275644 ], [ 578750.088327899225987, -432179.445062131271698 ], [ 578816.791757989907637, -432088.701976986543741 ], [ 578822.37903162103612, -431979.494670985732228 ], [ 578822.067476603784598, -431847.766724784742109 ], [ 578794.947726918151602, -431740.057542060036212 ], [ 578736.628071781480685, -431662.939369497471489 ], [ 578676.946803630911745, -431544.147892796550877 ], [ 578673.840306911617517, -431432.678646301501431 ], [ 578694.361431950936094, -431345.94741741172038 ], [ 578703.033686453709379, -431221.16359181900043 ], [ 578684.711027831304818, -431072.225472246413119 ], [ 578726.814981038332917, -430946.42547170096077 ], [ 578824.110953445080668, -430886.710651670582592 ], [ 578931.805954986368306, -430850.800769344496075 ], [ 579032.990514637320302, -430821.829635705740657 ], [ 579068.346825751359574, -430944.141364597307984 ], [ 579176.395708394469693, -430968.89959848014405 ], [ 579276.164181638509035, -430955.306173150776885 ], [ 579348.21349155716598, -430886.189366178179625 ], [ 579400.484407965326682, -430745.835731800820213 ], [ 579432.262998076388612, -430596.659123445861042 ], [ 579508.4758123785723, -430484.364267384982668 ], [ 579515.412366715958342, -430345.794586430827621 ], [ 579621.754491854459047, -430418.166895192058291 ], [ 579648.518525720690377, -430508.989183350058738 ], [ 579614.593277950072661, -430637.546750729728956 ], [ 579566.606030210037716, -430774.479435742483474 ], [ 579570.672539685969241, -430921.770896509755403 ], [ 579535.717097999760881, -431019.00574610120384 ], [ 579517.240874564042315, -431102.810483005887363 ], [ 579459.616124181891792, -431202.924967798695434 ], [ 579437.532477117376402, -431324.481015228724573 ], [ 579389.613545974483714, -431443.858065537351649 ], [ 579372.183912295615301, -431539.675604699354153 ], [ 579323.152013772516511, -431621.876038818096276 ], [ 579233.53418086678721, -431691.767365512612741 ], [ 579120.404122595326044, -431761.638718674948905 ], [ 579052.588939177570865, -431875.036686171253677 ], [ 579019.00778515310958, -432014.328911110584158 ], [ 578989.868228485691361, -432108.20753827993758 ], [ 578942.568996776593849, -432197.664520833874121 ], [ 578875.855762061895803, -432310.669705642212648 ], [ 578779.9908847323386, -432453.657595622586086 ], [ 578640.347431862144731, -432533.677481138671283 ], [ 578558.484827608335763, -432640.014612689090427 ], [ 578464.155575809651054, -432722.212471695675049 ], [ 578394.360451387939975, -432783.177804624137934 ], [ 578296.542049653595313, -432868.581486503768247 ], [ 578190.238897713832557, -432990.803073367977049 ], [ 578136.947220532339998, -433113.858499351656064 ], [ 578137.207859398564324, -433222.755022740981076 ], [ 578137.135633937316015, -433308.766858764924109 ], [ 578095.448123251786456, -433434.970574587583542 ], [ 577968.121151430299506, -433417.258143327955622 ], [ 577887.604481870308518, -433483.475272673880681 ], [ 577789.116126515436918, -433549.624908334051725 ], [ 577747.25173757574521, -433677.301527046074625 ], [ 577708.522049967665225, -433762.667793296743184 ], [ 577737.8370708192233, -433843.531482876220252 ], [ 577860.222601164015941, -433793.306656967208255 ], [ 577950.695074465009384, -433855.809230698097963 ], [ 577978.611306077102199, -434001.062857619195711 ], [ 578046.738798827980645, -434152.110507721663453 ], [ 578070.79476405843161, -434290.091951375594363 ], [ 578064.703545628697611, -434413.011797291517723 ], [ 578053.287862263736315, -434500.820273041899782 ], [ 578126.696465766523033, -434622.702048754319549 ], [ 578136.458122772630304, -434742.303258267464116 ], [ 578140.277514289598912, -434849.571969730372075 ], [ 578204.211595546687022, -434907.808885737671517 ], [ 578323.912015381385572, -434873.189494008664042 ], [ 578357.479684505029581, -434748.539475306286477 ], [ 578397.525129433255643, -434669.136936501658056 ], [ 578450.841720321914181, -434568.571417260973249 ], [ 578510.754835152183659, -434664.445616328623146 ], [ 578590.648590478929691, -434760.134846729517449 ], [ 578629.051420235657133, -434852.931202013161965 ], [ 578685.799073515925556, -434953.142740160168614 ], [ 578675.77911770879291, -435097.154548905789852 ], [ 578696.616516864858568, -435239.123188863857649 ], [ 578716.810525184147991, -435350.035900137852877 ], [ 578698.019074907526374, -435453.497548581508454 ], [ 578673.349349463358521, -435573.289035202295054 ], [ 578617.397123930510134, -435697.998891694704071 ], [ 578619.914986005984247, -435790.378608903556596 ], [ 578708.989065584843047, -435849.163948646688368 ], [ 578752.025056615704671, -435939.89493284735363 ], [ 578817.449362793006003, -436045.865817908779718 ], [ 578904.588300236384384, -436089.954618441406637 ], [ 578987.762634290615097, -436136.58285916101886 ], [ 579038.146867694798857, -436221.410881288349628 ], [ 579052.656845873687416, -436305.875071381160524 ], [ 579113.007508416310884, -436412.876743692089804 ], [ 579217.801500918343663, -436508.448101893591229 ], [ 579328.977613771916367, -436554.837791601661593 ], [ 579448.878247665823437, -436593.080864505318459 ], [ 579558.219075363362208, -436622.898080051352736 ], [ 579697.675544182537124, -436652.478113114542793 ], [ 579837.404717364115641, -436672.326750534470193 ], [ 579963.194586666533723, -436681.431471683259588 ], [ 580053.474630021722987, -436697.23903425631579 ], [ 580143.530792196863331, -436727.040169654123019 ], [ 580279.300293903099373, -436743.203518398688175 ], [ 580462.357024049968459, -436758.618776719202287 ], [ 580594.867982090800069, -436775.48095017200103 ], [ 580731.252148948376998, -436793.83717905881349 ], [ 580846.688029570737854, -436801.30345581570873 ], [ 580941.442441164283082, -436795.599508359387983 ], [ 581016.474948751740158, -436749.801596701960079 ], [ 581116.157439219066873, -436783.803598146769218 ], [ 581226.146222444367595, -436677.483552901772782 ], [ 581322.839847386814654, -436549.627783386793453 ], [ 581408.440285834483802, -436459.850151702819858 ], [ 581476.819907206576318, -436406.251067004108336 ], [ 581549.770163347478956, -436362.335767233278602 ], [ 581674.468759062234312, -436351.924295308417641 ], [ 581788.338777214172296, -436398.319517792609986 ], [ 581851.87412304407917, -436485.844363177835476 ], [ 581877.158422150765546, -436571.791709865094163 ], [ 581968.248394161579199, -436627.241852839186322 ], [ 582115.907497555366717, -436641.708585977263283 ], [ 582217.041603676392697, -436690.72330956015503 ], [ 582258.845755550079048, -436795.817292277642991 ], [ 582284.889239277341403, -436910.193951695342548 ], [ 582395.638687998638488, -436967.86034573870711 ], [ 582499.70865148701705, -436982.683203341031913 ], [ 582588.332877563429065, -437018.32516855961876 ], [ 582693.500259279855527, -437105.694995444267988 ], [ 582784.332512805238366, -437152.860140250530094 ], [ 582922.630652201594785, -437147.723451653320808 ], [ 583048.508096606470644, -437147.661506343516521 ], [ 583156.274028883199207, -437165.294341004570015 ], [ 583250.810453777899966, -437205.887471088033635 ], [ 583357.108539032400586, -437266.592165253416169 ], [ 583474.635368589195423, -437285.649321313074324 ], [ 583577.068545295973308, -437195.535024968441576 ], [ 583702.360163904377259, -437113.230213506729342 ], [ 583824.488395646214485, -437082.434187846491113 ], [ 583914.801554400706664, -437012.63605523656588 ], [ 584005.311764453072101, -436939.716705300030299 ], [ 584084.692883599083871, -436836.29243203898659 ], [ 584181.291470231255516, -436739.933463578170631 ], [ 584296.318042506230995, -436714.479744959971868 ], [ 584376.560485028661788, -436786.651896865922026 ], [ 584496.556433100136928, -436783.534856924146879 ], [ 584648.123649693676271, -436793.634405518183485 ], [ 584763.052110806107521, -436779.22009892121423 ], [ 584878.527922961860895, -436743.85357952589402 ], [ 584982.935771723045036, -436679.467604084755294 ], [ 585055.925521004595794, -436595.099795586662367 ], [ 585118.089664562838152, -436504.14570440625539 ], [ 585186.535566709586419, -436420.194499874080066 ], [ 585273.583410125691444, -436331.60465268464759 ], [ 585356.096269071102142, -436233.611330669780727 ], [ 585438.532711370731704, -436137.277707169938367 ], [ 585538.548136062570848, -436048.793852381350007 ], [ 585602.256747026345693, -435945.847188004292548 ], [ 585639.534873963450082, -435857.080044060130604 ], [ 585724.789760516607203, -435765.83182472048793 ], [ 585830.144674155511893, -435650.508145414758474 ], [ 585901.210167661076412, -435534.521717007039115 ], [ 585958.298842222779058, -435465.583409650949761 ], [ 586038.980132669443265, -435390.767450304760132 ], [ 586078.982931288192049, -435270.333058244024869 ], [ 586133.534688980318606, -435169.940489130909555 ], [ 586191.411491608130746, -435029.103975988109596 ], [ 586268.206572750001214, -434908.830727247230243 ], [ 586331.216709600761533, -434763.209848614584189 ], [ 586358.650922980392352, -434617.555630217888393 ], [ 586391.678036905359477, -434518.213360942201689 ], [ 586446.982048618025146, -434421.323177997372113 ], [ 586484.535427942639217, -434284.008091753523331 ], [ 586537.824446483398788, -434128.821063208917622 ], [ 586520.724647439201362, -434004.212451942381449 ], [ 586546.535858531133272, -433899.546986849920359 ], [ 586616.638032511109486, -433799.13125657720957 ], [ 586679.087859152699821, -433688.71321620803792 ], [ 586730.703473134199157, -433581.441713801352307 ], [ 586765.648989562294446, -433503.088647557247896 ], [ 586803.771235405351035, -433417.373447957390454 ], [ 586848.247197852004319, -433317.460398418246768 ], [ 586896.422477824147791, -433217.024278450000565 ], [ 586963.12719647330232, -433077.676057035336271 ], [ 587007.080193692352623, -432972.501447414571885 ], [ 587036.745410118019208, -432890.461081899295095 ], [ 587064.053396446048282, -432786.849179012118839 ], [ 587090.839053290663287, -432676.923855686734896 ], [ 587113.137883088551462, -432562.259555443539284 ], [ 587137.564032712718472, -432432.867253341304604 ], [ 587157.74288846750278, -432325.040093694755342 ], [ 587187.968056368757971, -432209.594117929693311 ], [ 587225.602442716015503, -432081.529313630133402 ], [ 587278.538088921224698, -431976.363206019683275 ], [ 587330.965691675781272, -431850.153375698195305 ], [ 587405.354776732623577, -431687.664984113478567 ], [ 587462.803188606631011, -431559.881493982218672 ], [ 587551.723530661431141, -431396.880317178729456 ], [ 587623.703602839144878, -431268.584601284353994 ], [ 587699.917647621361539, -431132.927984791924246 ], [ 587776.13177481177263, -430997.271389356581494 ], [ 587837.532711726147681, -430881.591676573967561 ], [ 587898.933668380836025, -430765.911865415226202 ], [ 587960.350683107273653, -430633.397613006934989 ], [ 588033.415514439111575, -430476.168643707875162 ], [ 588084.238962995354086, -430371.5269821464899 ], [ 588139.800134576158598, -430285.828165694430936 ], [ 588209.112215364351869, -430186.464465437980834 ], [ 588280.561349089257419, -430081.307765102421399 ], [ 588357.01794878358487, -429960.911639533587731 ], [ 588421.827499424107373, -429864.704161924833898 ], [ 588498.942420829087496, -429756.404638651758432 ], [ 588591.093002576264553, -429657.115234852361027 ], [ 588608.869580880273134, -429499.78159096185118 ], [ 588657.139340958208777, -429395.926577059901319 ], [ 588725.294256262714043, -429264.207896767591592 ], [ 588788.667614752775989, -429160.104070015077014 ], [ 588889.776933765038848, -428963.4458279365208 ], [ 588993.542961150640622, -428751.533784371276852 ], [ 589048.622144866036251, -428618.487847001873888 ], [ 589099.443705080193467, -428517.528400450013578 ], [ 589153.440115317003801, -428412.363812073250301 ], [ 589213.789367764140479, -428294.579234452685341 ], [ 589262.927811285364442, -428217.66762257355731 ], [ 589331.606576413149014, -428125.292907774215564 ], [ 589403.062871284782887, -428022.850103386153933 ], [ 589474.403518627164885, -427936.640799203771167 ], [ 589529.154258622322232, -427832.558802652172744 ], [ 589544.566747824894264, -427739.089119125856087 ], [ 589573.711731116753072, -427651.699803946481552 ], [ 589636.795004577725194, -427530.366495882219169 ], [ 589710.538611037074588, -427405.185607165389229 ], [ 589757.225332358502783, -427300.803021298837848 ], [ 589846.389721523388289, -427212.506314454600215 ], [ 589893.777097439160571, -427100.161441383708734 ], [ 589940.282526519498788, -426993.267980335920583 ], [ 589937.981766656041145, -426887.175149864808191 ], [ 589988.157713880180381, -426772.443472878541797 ], [ 590083.802027238532901, -426641.848082422395237 ], [ 590150.847017223597504, -426543.621809525357094 ], [ 590193.273444422637112, -426429.86685067351209 ], [ 590278.891704163397662, -426312.268184244516306 ], [ 590301.607008449849673, -426170.698992480814923 ], [ 590292.039467054884881, -426071.335625061823521 ], [ 590390.242336745373905, -425841.00591170223197 ], [ 590480.246375551912934, -425659.067873445223086 ], [ 590532.130526638706215, -425554.953410354442894 ], [ 590600.117018248536624, -425410.661358239536639 ], [ 590663.474503364879638, -425244.690619522938505 ], [ 590728.51607909379527, -425085.876494826748967 ], [ 590836.110395529773086, -424856.607896440313198 ], [ 590930.89528367575258, -424650.474472432106268 ], [ 590972.719964482239448, -424567.393699686741456 ], [ 591033.324719128780998, -424462.761663817800581 ], [ 591093.741381985833868, -424370.404424961772747 ], [ 591150.556894763372838, -424268.14840318687493 ], [ 591227.400072534568608, -424147.193330985610373 ], [ 591297.018332820618525, -424038.860947602661327 ], [ 591384.44743299880065, -423927.941661914694123 ], [ 591438.156983118853532, -423804.473482435045298 ], [ 591513.043947965838015, -423639.552926103991922 ], [ 591566.471941509982571, -423515.048000349837821 ], [ 591593.12852594954893, -423427.794168725435156 ], [ 591629.565143644576892, -423343.936558528221212 ], [ 591698.455625424627215, -423251.570242233516183 ], [ 591747.960227317875251, -423130.234571370470803 ], [ 591818.683025556616485, -422967.413520092202816 ], [ 591859.215097356820479, -422856.37392012681812 ], [ 591888.88973548496142, -422770.651188203482889 ], [ 591946.076102771912701, -422675.772305600927211 ], [ 591986.52256710245274, -422550.316683243960142 ], [ 592021.074506687116809, -422417.250873308978043 ], [ 592010.805727763334289, -422325.597499329189304 ], [ 592041.970770742511377, -422229.249127486022189 ], [ 592090.308177182334475, -422079.677831968292594 ], [ 592097.877288401708938, -421957.134242892381735 ], [ 592109.841718741459772, -421829.893451385200024 ], [ 592097.841132601257414, -421720.265404910780489 ], [ 592084.555610096314922, -421615.03621819592081 ], [ 592123.557208442827687, -421512.863256753771566 ], [ 592123.24699469585903, -421403.851055644045118 ], [ 592159.049758453387767, -421277.81849156919634 ], [ 592168.836049506790005, -421163.738158289401326 ], [ 592131.40740826446563, -421055.167243808682542 ], [ 592130.424413800588809, -420963.794216705893632 ], [ 592187.89517870976124, -420863.892261133703869 ], [ 592250.437597979791462, -420750.841695903567597 ], [ 592307.63489671132993, -420620.691392265143804 ], [ 592443.758296731859446, -420295.966338907252066 ], [ 592587.115047949482687, -419960.638884805201087 ], [ 592656.365757211344317, -419805.561218924005516 ], [ 592707.237303214380518, -419699.116000908310525 ], [ 592765.601262100622989, -419593.429516501026228 ], [ 592840.552354944404215, -419457.421604255679995 ], [ 592868.201865848037414, -419333.643345596909057 ], [ 592887.412282900419086, -419234.758253695326857 ], [ 592888.763954151654616, -419148.482122193090618 ], [ 592857.747106794500723, -419041.598681135568768 ], [ 592890.028426034026779, -418933.490457712032367 ], [ 592944.85206365888007, -418854.981664453225676 ], [ 593000.888543130131438, -418779.542612880992237 ], [ 593055.795544423395768, -418696.869296845048666 ], [ 593058.57747409644071, -418598.011756494292058 ], [ 593116.684899772284552, -418439.541581740428228 ], [ 593188.169342564884573, -418292.044057467952371 ], [ 593210.712237223866396, -418205.788147927785758 ], [ 593231.757851193309762, -418089.164128519594669 ], [ 593255.384300789795816, -417969.567342703638133 ], [ 593244.07170056423638, -417863.828541019523982 ], [ 593262.333251767209731, -417696.326183257740922 ], [ 593329.047739316127263, -417563.685923688171897 ], [ 593433.731362476479262, -417533.781532716937363 ], [ 593467.187615158967674, -417443.32742486189818 ], [ 593515.121944704907946, -417370.503748285234906 ], [ 593554.51434922858607, -417256.97784163034521 ], [ 593564.132362151634879, -417147.561872900696471 ], [ 593533.374439343693666, -417006.970975193369668 ], [ 593610.239134850911796, -416867.799715875589754 ], [ 593635.156622680835426, -416749.472656199650373 ], [ 593626.273506139172241, -416645.211595704546198 ], [ 593625.83232194930315, -416554.970304449205287 ], [ 593635.175814897287637, -416456.443591571296565 ], [ 593636.578885692288168, -416371.833132941334043 ], [ 593657.267235004343092, -416248.330473181267735 ], [ 593662.83405178040266, -416135.690784253180027 ], [ 593687.043967144796625, -416024.165629028633703 ], [ 593736.655954650836065, -415934.628928240912501 ], [ 593783.460920745739713, -415859.218851598794572 ], [ 593818.099258540314622, -415780.760397951409686 ], [ 593877.521222841693088, -415685.468073736527003 ], [ 593925.006332101067528, -415583.68748059211066 ], [ 593966.473824380314909, -415474.72302886255784 ], [ 594003.776181901572272, -415373.85630843549734 ], [ 594034.684183773468249, -415290.940311564074364 ], [ 594065.367037161835469, -415186.103736808116082 ], [ 594103.674798561027274, -415083.948897586786188 ], [ 594115.305433918489143, -414988.870304935378954 ], [ 594142.706747165648267, -414889.203919877822045 ], [ 594163.418068067636341, -414785.32241700211307 ], [ 594202.183674318948761, -414701.817729534697719 ], [ 594214.329056311049499, -414602.644961810379755 ], [ 594211.249658031621948, -414508.253638005931862 ], [ 594243.354196926113218, -414411.579103656928055 ], [ 594297.799860880477354, -414320.994910682959016 ], [ 594343.014259389718063, -414193.651085642981343 ], [ 594413.913845900446177, -414062.900224210170563 ], [ 594508.67833512427751, -413937.266643771959934 ], [ 594571.983847933704965, -413826.490713266830426 ], [ 594664.497230774722993, -413771.216242294001859 ], [ 594715.05000322626438, -413667.00672810227843 ], [ 594757.585030427318998, -413539.603936722676735 ], [ 594806.47254151548259, -413420.530630222638138 ], [ 594845.795021062134765, -413316.62957266200101 ], [ 594879.708027909509838, -413224.334683340392075 ], [ 594904.701555021805689, -413119.615459394874051 ], [ 594923.168169323354959, -412960.808232995972503 ], [ 594913.53171521553304, -412796.697607384820003 ], [ 594921.978999595739879, -412689.083976026915479 ], [ 594945.595122128725052, -412587.748126764956396 ], [ 594968.150231676292606, -412490.794879747496452 ], [ 594997.469741140725091, -412367.193293807969894 ], [ 595013.03840321674943, -412253.574017964827362 ], [ 595041.134743887232617, -412165.043534929631278 ], [ 595073.459606086136773, -412075.815957479353528 ], [ 595118.474394122837111, -411980.532997289090417 ], [ 595138.641338042798452, -411894.116534986766055 ], [ 595156.411993932211772, -411787.000546103110537 ], [ 595208.632817397709005, -411657.416928159596864 ], [ 595277.871831326163374, -411542.774391842016485 ], [ 595349.155702824704349, -411445.044488213141449 ], [ 595437.413122275378555, -411356.484882707416546 ], [ 595520.991846419987269, -411278.880749949195888 ], [ 595568.818772008642554, -411177.322364850668237 ], [ 595617.555293654324487, -411073.509151464968454 ], [ 595668.465367135242559, -410967.406303824740462 ], [ 595700.317333420040086, -410852.901077161019202 ], [ 595709.309339286526665, -410741.755309694621246 ], [ 595653.738131515216082, -410677.624074128107168 ], [ 595581.726817791350186, -410599.061743349011522 ], [ 595561.929359486908652, -410486.460047109168954 ], [ 595574.260879400419071, -410396.248348423279822 ], [ 595600.12076840584632, -410298.15861162164947 ], [ 595661.79389511840418, -410220.357856087153777 ], [ 595773.919472769834101, -410153.873454632353969 ], [ 595890.444692408083938, -410061.552445566572715 ], [ 595943.41456160263624, -409943.385005040152464 ], [ 596027.631830676808022, -409827.803359686105978 ], [ 596117.492231567041017, -409658.942310191923752 ], [ 596184.223553794785403, -409516.438054100144655 ], [ 596229.902834760141559, -409404.075650274811778 ], [ 596279.821029021055438, -409310.568596680881456 ], [ 596319.811766047030687, -409220.383853390812874 ], [ 596356.355879144975916, -409142.032828536641318 ], [ 596396.929721393971704, -409050.428011788812 ], [ 596449.815288511570543, -408961.150212134351023 ], [ 596505.952545865322463, -408843.88785762275802 ], [ 596558.141891356790438, -408710.312794233090244 ], [ 596591.02125067950692, -408596.710234923113603 ], [ 596599.95257255807519, -408471.15958755009342 ], [ 596601.825756860547699, -408357.456592986709438 ], [ 596588.978145606000908, -408253.962744884891436 ], [ 596548.535153448581696, -408157.491437023039907 ], [ 596510.691485090181231, -408051.254953461408149 ], [ 596498.626599606708623, -407957.687643237819429 ], [ 596495.256793780135922, -407851.828103600651957 ], [ 596480.962515451712534, -407689.980006131168921 ], [ 596491.095095265540294, -407551.629054339195136 ], [ 596482.514224561862648, -407447.180008537136018 ], [ 596479.05684380850289, -407322.52424608473666 ], [ 596463.428588202456012, -407197.457998751546256 ], [ 596428.455552462255582, -407109.479938878677785 ], [ 596409.724340150132775, -406986.708215390739497 ], [ 596398.191014651791193, -406889.896942503459286 ], [ 596382.955462981946766, -406795.712664060527459 ], [ 596364.012854114873335, -406708.890123367949855 ], [ 596307.115380810224451, -406629.080113438307308 ], [ 596221.162487650755793, -406589.329970798105933 ], [ 596108.276457912521437, -406527.35249231493799 ], [ 596013.008776911650784, -406446.558838385797571 ], [ 595917.692829492501915, -406415.427515682647936 ], [ 595785.959435177850537, -406440.657797027321067 ], [ 595699.858112378977239, -406499.916886423248798 ], [ 595630.284867054433562, -406574.817142209911253 ], [ 595515.805815578438342, -406630.208684292971157 ], [ 595373.389342579059303, -406633.228287555801217 ], [ 595299.37368188390974, -406517.038130060303956 ], [ 595195.129786318168044, -406485.753039355040528 ], [ 595087.133567744167522, -406532.339670066779945 ], [ 595058.084719787584618, -406649.409435323788784 ], [ 595043.182815936976112, -406757.067186258907896 ], [ 594972.295787328039296, -406824.688625956827309 ], [ 594869.006219042814337, -406825.892398195632268 ], [ 594783.126883253687993, -406780.316625039791688 ], [ 594688.03598353615962, -406735.205619514628779 ], [ 594579.455404896405526, -406794.852250627824105 ], [ 594473.041200475301594, -406800.18713989679236 ], [ 594377.7962756161578, -406731.442389759933576 ], [ 594314.755607407190837, -406663.149350728082936 ], [ 594192.912651858991012, -406626.839073218230624 ], [ 594039.847116810269654, -406595.128723195521161 ], [ 593919.389522439567372, -406546.615115413267631 ], [ 593808.674336526193656, -406489.035672815691214 ], [ 593703.166865146486089, -406420.15038740664022 ], [ 593619.699830310069956, -406377.985157161019742 ], [ 593515.515084824408405, -406335.379306279704906 ], [ 593417.627088932669722, -406284.677883532422129 ], [ 593328.753819963894784, -406277.580093909869902 ], [ 593296.23215948138386, -406389.517387164814863 ], [ 593301.766440884908661, -406499.385877373977564 ], [ 593303.799970874213614, -406632.048326772230212 ], [ 593230.01758028822951, -406735.704883724916726 ], [ 593123.053712993161753, -406826.207633758487646 ], [ 593154.924958857591264, -406968.601305237913039 ], [ 593072.912192869698629, -407066.404895163257606 ], [ 592935.132698368863203, -407079.266742806183174 ], [ 592808.444562534801662, -407102.477028300752863 ], [ 592778.773473573848605, -406991.13282104593236 ], [ 592877.45838814554736, -406907.709847903286573 ], [ 592921.240438393317163, -406789.145675728505012 ], [ 592944.230119376676157, -406703.234135440317914 ], [ 593082.044434972223826, -406675.241711284907069 ], [ 593184.343462222488597, -406596.074815102445427 ], [ 593197.182399020995945, -406506.793234710290562 ], [ 593174.303239230066538, -406406.675717027159408 ], [ 593147.264742190600373, -406308.308023655321449 ], [ 593169.155010600225069, -406203.144425917475019 ], [ 593281.556919321301393, -406108.312372024636716 ], [ 593438.098616294679232, -406153.702632995031308 ], [ 593541.283447150373831, -406210.616784184705466 ], [ 593638.840825751656666, -406257.004041144391522 ], [ 593746.195245426381007, -406301.296412804804277 ], [ 593858.118724860018119, -406413.545537244353909 ], [ 593991.501390560297295, -406449.884153256600257 ], [ 594091.068434224231169, -406457.080498701892793 ], [ 594179.184500498347916, -406501.197330681839958 ], [ 594275.070108110201545, -406537.031958352483343 ], [ 594391.521668630302884, -406563.196501815982629 ], [ 594517.160668659140356, -406597.219223196443636 ], [ 594629.331771396682598, -406537.519531010417268 ], [ 594725.245034859050065, -406512.659750662278384 ], [ 594805.797145593562163, -406562.846317778341472 ], [ 594889.127816733787768, -406628.554988606192637 ], [ 594948.288123972364701, -406506.823085457435809 ], [ 595016.379254650208168, -406415.437156073341612 ], [ 595115.679582397919148, -406388.614314862003084 ], [ 595233.317149265552871, -406407.578409253095742 ], [ 595312.08909521671012, -406491.78513942862628 ], [ 595422.538857380743138, -406519.991625887108967 ], [ 595508.488513106130995, -406544.765492373961024 ], [ 595595.48700969805941, -406486.664123798254877 ], [ 595670.879444786929525, -406406.508838265901431 ], [ 595754.126211958471686, -406347.614967072266154 ], [ 595873.277267236961052, -406298.330425850988831 ], [ 596020.548558778944425, -406264.847299977089278 ], [ 596128.945911660906859, -406214.316359826247208 ], [ 596173.378738141735084, -406103.705955241806805 ], [ 596250.546280630398542, -405992.250404549646191 ], [ 596296.969975812127814, -405900.405797044164501 ], [ 596317.845750332344323, -405810.590395514620468 ], [ 596347.545862283324823, -405704.891036370128859 ], [ 596368.777508869301528, -405611.653979979921132 ], [ 596367.006304837646894, -405485.026460256485734 ], [ 596417.291844002436846, -405316.873628028086387 ], [ 596442.648975757649168, -405193.574768506048713 ], [ 596446.447986454702914, -405090.728718821366783 ], [ 596443.382156970677897, -404982.351747403969057 ], [ 596431.879011495620944, -404853.449574310914613 ], [ 596416.132500276085921, -404740.325930525024887 ], [ 596400.384174627834, -404628.78025139006786 ], [ 596384.63295428652782, -404520.391372593061533 ], [ 596370.456632875837386, -404423.051907926157583 ], [ 596358.402834925800562, -404317.033554785186425 ], [ 596351.096319052972831, -404220.489832437771838 ], [ 596327.548223787220195, -404085.333063311234582 ], [ 596323.086894062231295, -403943.478542602213565 ], [ 596323.437254414777271, -403854.307223830372095 ], [ 596309.604747035773471, -403765.210334948671516 ], [ 596285.818545036949217, -403675.927869699080475 ], [ 596257.632129690959118, -403581.731446416873951 ], [ 596186.513263673055917, -403475.524986651202198 ], [ 596137.107979447580874, -403324.359589825035073 ], [ 596107.712382432655431, -403204.909695523616392 ], [ 596051.059186836471781, -403078.59476279548835 ], [ 595966.265896245837212, -402993.112147115694825 ], [ 595906.571394673548639, -402868.679507502063643 ], [ 595841.95731362933293, -402730.125693293462973 ], [ 595789.06859414873179, -402599.869129649887327 ], [ 595732.123137902584858, -402437.342040713236202 ], [ 595670.179341173032299, -402315.274922286800575 ], [ 595568.019191601546481, -402223.559813804458827 ], [ 595443.667712903115898, -402206.817071196448524 ], [ 595331.610350075177848, -402212.234273627749644 ], [ 595210.742858009180054, -402200.07190047489712 ], [ 595113.362794878194109, -402167.046875560306944 ], [ 595018.784630224108696, -402133.550921908346936 ], [ 594916.019740057992749, -402093.471220990992151 ], [ 594828.067805651342496, -402039.20137098786654 ], [ 594747.095359912374988, -401981.834278528869618 ], [ 594666.171798366121948, -401928.833698582428042 ], [ 594581.672935116104782, -401855.496850741154049 ], [ 594460.438155548996292, -401784.229781379690394 ], [ 594344.95339153544046, -401780.438847226381768 ], [ 594230.353853233042173, -401791.536646578169893 ], [ 594136.659019465791062, -401829.60722727474058 ], [ 594025.086751916678622, -401881.409813972306438 ], [ 593903.312647284474224, -401915.315620519919321 ], [ 593776.800296798348427, -401891.839022034429945 ], [ 593632.957960627740249, -401880.253836598829366 ], [ 593528.403266502660699, -401832.125076616299339 ], [ 593447.485321921529248, -401772.380228124151472 ], [ 593339.94139990687836, -401670.231941065343563 ], [ 593253.424096171976998, -401578.455357952974737 ], [ 593167.222625281079672, -401534.915230865823105 ], [ 593116.9225867993664, -401439.881572745915037 ], [ 593110.254047823604196, -401335.114868184085935 ], [ 593085.654602986294776, -401244.676283015869558 ], [ 592980.711400413420051, -401272.812240838189609 ], [ 592900.889431358431466, -401308.990880492201541 ], [ 592867.312763363937847, -401410.679398720327299 ], [ 592783.166373965563253, -401529.38666400720831 ], [ 592673.981464995886199, -401657.429802688711789 ], [ 592571.316537139704451, -401735.248771314567421 ], [ 592487.881302246707492, -401777.21503560745623 ], [ 592341.994060420081951, -401802.43835458153626 ], [ 592200.04928130353801, -401845.429158055863809 ], [ 592144.034630174865015, -401967.134484833339229 ], [ 592051.514018741901964, -401920.84788778150687 ], [ 592042.026066637597978, -401828.541106574528385 ], [ 591988.106312349904329, -401754.915697624732275 ], [ 591875.642351497197524, -401710.371389172854833 ], [ 591811.35899815231096, -401781.245690048381221 ], [ 591796.208837425918318, -401876.18926382571226 ], [ 591776.741227556485683, -401971.567532131623011 ], [ 591747.154871638864279, -402054.748614275071304 ], [ 591682.835041974904016, -402166.060980492446106 ], [ 591608.40764987480361, -402252.34025314275641 ], [ 591524.477955435519107, -402326.265537169063464 ], [ 591383.580552432918921, -402398.285042919858824 ], [ 591268.025203919503838, -402543.039394568535499 ], [ 591217.272907041013241, -402653.206826886394992 ], [ 591171.721944557968527, -402759.170403335592709 ], [ 591136.543646014295518, -402850.518527642241679 ], [ 591087.253376987879165, -402942.037644043564796 ], [ 590972.500449175131507, -403008.087694296322297 ], [ 590816.326499280054122, -402998.100722539005801 ], [ 590701.758916197926737, -402976.172074306523427 ], [ 590616.00481661548838, -403004.08182140509598 ], [ 590531.950829087756574, -403022.155699057271704 ], [ 590413.29198563110549, -403024.415633691067342 ], [ 590276.914695730665699, -403040.600863203406334 ], [ 590128.116958904080093, -403056.511980273236986 ], [ 590007.621308010886423, -403044.566827587492298 ], [ 589900.367230110801756, -403000.805975055438466 ], [ 589816.73683010856621, -402940.231908364163246 ], [ 589740.148152720765211, -402885.100327902589925 ], [ 589645.653318387339823, -402870.786665669875219 ], [ 589550.913477069698274, -402866.026999875204638 ], [ 589462.378149767406285, -402778.874655150633771 ], [ 589522.019728002371266, -402708.727457822824363 ], [ 589405.442656418308616, -402648.311441887170076 ], [ 589291.343144249520265, -402575.584693764394615 ], [ 589197.466510987142101, -402545.470939017657656 ], [ 589138.361790260765702, -402481.938161452533677 ], [ 589052.929743670742027, -402425.045934998895973 ], [ 588947.998439586604945, -402344.087013777170796 ], [ 588789.483522733906284, -402340.990699538844638 ], [ 588762.615673599066213, -402470.592044864897616 ], [ 588639.854244412039407, -402435.952766001224518 ], [ 588548.587096140603535, -402397.243124070926569 ], [ 588511.448901980416849, -402317.036241371242795 ], [ 588464.151095078559592, -402209.709856834320817 ], [ 588378.790781737305224, -402110.907718730159104 ], [ 588306.91904767032247, -401999.842292273824569 ], [ 588280.314936117036268, -401900.811591303790919 ], [ 588251.827825844869949, -401759.16650871920865 ], [ 588200.0245895878179, -401645.699171664542519 ], [ 588150.091121316538192, -401529.655506722512655 ], [ 588094.491669971495867, -401405.294924547197297 ], [ 588010.331418840447441, -401333.306680411740672 ], [ 587881.935244902502745, -401287.425638992572203 ], [ 587823.221986568067223, -401187.683306741644628 ], [ 587817.723640760988928, -401063.862806172226556 ], [ 587807.978283118689433, -400940.019811455800664 ], [ 587829.005786484689452, -400838.583869608642999 ], [ 587744.268978904350661, -400810.768754351942334 ], [ 587680.10903987265192, -400743.813608890864998 ], [ 587566.3784937732853, -400749.501496828277595 ], [ 587529.674801218672656, -400663.982452837226447 ], [ 587465.478920983267017, -400579.714020391576923 ], [ 587441.97627929225564, -400465.707351251679938 ], [ 587312.697216981789097, -400392.881245042372029 ], [ 587280.59032737405505, -400244.80013164243428 ], [ 587378.814747039694339, -400221.632910322165117 ], [ 587488.745260311290622, -400230.566153939173091 ], [ 587622.511413827654906, -400221.633842136594467 ], [ 587783.372874284745194, -400214.30366697878344 ], [ 587876.519818472443148, -400276.391809293534607 ], [ 587957.385675887344405, -400373.814699873735663 ], [ 587932.868548508733511, -400483.589230750047136 ], [ 587955.613011979265139, -400593.859603270422667 ], [ 588005.098108944948763, -400683.383382889966015 ], [ 588065.980195775046013, -400808.068879439262673 ], [ 588103.697654957999475, -400942.382536378980149 ], [ 588205.103250749409199, -401028.353415087447502 ], [ 588332.547243294888176, -401062.472421316895634 ], [ 588458.22450322820805, -401057.562608132779133 ], [ 588577.195220175082795, -401033.459034839179367 ], [ 588699.72822964633815, -400985.387093775265384 ], [ 588806.541021531913429, -400932.873944108898286 ], [ 588904.362097844132222, -400887.717909618746489 ], [ 589006.675362928304821, -400843.354666660772637 ], [ 589114.797732226317748, -400804.783483580278698 ], [ 589216.039295961381868, -400776.991219341871329 ], [ 589351.367922382545657, -400754.226956124533899 ], [ 589476.649384681135416, -400736.714786869182717 ], [ 589577.340849552885629, -400733.647852833790239 ], [ 589661.089084657258354, -400763.70901834446704 ], [ 589712.545813014730811, -400849.856154977518599 ], [ 589768.013603386119939, -400942.407728145248257 ], [ 589844.527011678321287, -401024.281215154391248 ], [ 589907.020358349429443, -401121.345697867975105 ], [ 589990.637853152817115, -401215.628707615542226 ], [ 590052.145331066451035, -401137.047379100287799 ], [ 590053.054352990817279, -401007.633081358566415 ], [ 590034.388016480370425, -400898.981188722304069 ], [ 589988.0970057786908, -400799.379510903963819 ], [ 589943.790760347270407, -400667.057711158995517 ], [ 589942.976417947676964, -400572.731298804050311 ], [ 589980.101207871572115, -400490.538663399289362 ], [ 589991.180476726382039, -400395.012620005232748 ], [ 589926.554396548657678, -400318.182643272622954 ], [ 589802.264737622346729, -400259.532919307472184 ], [ 589669.73835196881555, -400171.668930162501056 ], [ 589570.565527351340279, -400056.185716679727193 ], [ 589482.154490184620954, -399993.664700542227365 ], [ 589432.58187134063337, -399868.209766750456765 ], [ 589362.12776683724951, -399732.406912598991767 ], [ 589320.38348911900539, -399634.093846280942671 ], [ 589320.488869627821259, -399515.025134547497146 ], [ 589322.152296192361973, -399427.171629319433123 ], [ 589296.175468782777898, -399315.883478132891469 ], [ 589167.412827355321497, -399283.152959766390268 ], [ 589044.768068541772664, -399305.402882146765478 ], [ 588913.925596569781192, -399333.958745207870379 ], [ 588809.626272942521609, -399351.280391487816814 ], [ 588721.077568133943714, -399348.957710201910231 ], [ 588633.336118819075637, -399310.301803925016429 ], [ 588526.543307103798725, -399278.117408742778935 ], [ 588384.639025312848389, -399263.263201307330746 ], [ 588276.802449063048698, -399276.320782105554827 ], [ 588163.662382750539109, -399309.890576552657876 ], [ 588045.760083946748637, -399349.243254689790774 ], [ 587942.138254166464321, -399378.087248743453529 ], [ 587807.066748029785231, -399407.956037386436947 ], [ 587692.102540749125183, -399412.327777173661161 ], [ 587585.241133433999494, -399398.188840095244814 ], [ 587482.021129372646101, -399390.839533342805225 ], [ 587391.142023932072334, -399353.935658827540465 ], [ 587288.892087665619329, -399324.702492001699284 ], [ 587174.026766192284413, -399316.74728768208297 ], [ 587084.882124419440515, -399311.059007662523072 ], [ 586988.341471636202186, -399301.155663581856061 ], [ 586896.742697374662384, -399281.436749676533509 ], [ 586769.401312509551644, -399234.506459622411057 ], [ 586639.709556431742385, -399155.221425391733646 ], [ 586541.222528704907745, -399052.026186504110228 ], [ 586479.987578547559679, -398961.752247120661195 ], [ 586428.794207244645804, -398872.27591166854836 ], [ 586373.906850375235081, -398775.957399657636415 ], [ 586334.888771375874057, -398664.396656614262611 ], [ 586324.921236668713391, -398576.53398354863748 ], [ 586282.969910026295111, -398496.008748431398999 ], [ 586248.0674321873812, -398413.561101192201022 ], [ 586217.718837716733105, -398310.512499252741691 ], [ 586179.765929874265566, -398167.050070658908226 ], [ 586189.108492216910236, -398013.594875855371356 ], [ 586129.393193429918028, -397910.884516051388346 ], [ 586027.782486081705429, -397882.690923170885071 ], [ 585967.537941028829664, -397798.167499993869569 ], [ 585915.811336660408415, -397712.899981605645735 ], [ 585872.045303052989766, -397631.146054648561403 ], [ 585880.800764327985235, -397529.19911528978264 ], [ 585962.119733124854974, -397424.585383380937856 ], [ 585927.411854600068182, -397282.281495502393227 ], [ 585892.214181406190619, -397138.483663007966243 ], [ 585922.978106411523186, -397024.013616693089716 ], [ 585842.649447857402265, -396973.705750869237818 ], [ 585771.014837836031802, -396928.087307763053104 ], [ 585681.580033681122586, -396882.887804974394385 ], [ 585657.235624319058843, -396751.170777045190334 ], [ 585625.144615902449004, -396661.034961278841365 ], [ 585531.408970855991356, -396618.049447159632109 ], [ 585605.328926748596132, -396549.666284066974185 ], [ 585714.611690887366422, -396565.072948597487994 ], [ 585786.337758046109229, -396683.923562759300694 ], [ 585870.176667633000761, -396656.139667563023977 ], [ 585960.539610512671061, -396637.38178228714969 ], [ 586042.358044168911874, -396662.26393456972437 ], [ 586149.720764238620177, -396690.938260589609854 ], [ 586246.156671705539338, -396723.373565902758855 ], [ 586338.183533875155263, -396746.035406327864621 ], [ 586453.049505091039464, -396771.553450174047612 ], [ 586548.684595894766971, -396680.079521207662765 ], [ 586555.557619198458269, -396554.709788809646852 ], [ 586552.016815375420265, -396437.817821072938386 ], [ 586514.593716875417158, -396345.223394041357096 ], [ 586420.203725834144279, -396340.978298272471875 ], [ 586352.769618441001512, -396286.209521477809176 ], [ 586327.477655522525311, -396192.722360832151026 ], [ 586282.266911589656956, -396110.266053465835284 ], [ 586245.992278414894827, -396016.652568193560001 ], [ 586366.642560292850249, -395954.995530244894326 ], [ 586506.527563691721298, -395937.027373958029784 ], [ 586614.320853858953342, -395898.109753992175683 ], [ 586708.547750344034284, -395915.717888812825549 ], [ 586812.696067174081691, -395897.437382622447331 ], [ 586780.36370736581739, -395997.714911130897235 ], [ 586813.62588591768872, -396103.878589279716834 ], [ 586906.388103387085721, -396167.717959169822279 ], [ 586961.655404062126763, -396247.506190810818225 ], [ 586830.249819470569491, -396278.899908245948609 ], [ 586806.907694990281016, -396378.834217443829402 ], [ 586792.384631424793042, -396467.377670184301678 ], [ 586721.401492991950363, -396578.123178573558107 ], [ 586631.4824999748962, -396722.385971910262015 ], [ 586581.197190217673779, -396805.988984228577465 ], [ 586556.923631087876856, -396913.81338881055126 ], [ 586575.01713023846969, -397028.863499027327634 ], [ 586556.231656765332446, -397127.849551548308227 ], [ 586527.163887352915481, -397212.597745284438133 ], [ 586440.161571334465407, -397257.713189065863844 ], [ 586373.140611586277373, -397371.941963789518923 ], [ 586378.896315711550415, -397470.247488635068294 ], [ 586406.018646150361747, -397565.38476698147133 ], [ 586454.650853356113657, -397684.161037077778019 ], [ 586495.938668580492958, -397820.291362597781699 ], [ 586484.55447101010941, -397946.960236259037629 ], [ 586472.025637658894993, -398073.207066404458601 ], [ 586467.496950857108459, -398218.575009249791037 ], [ 586465.201198395690881, -398328.347144688945264 ], [ 586467.318898449884728, -398447.977891502785496 ], [ 586496.950783935841173, -398594.961909805599134 ], [ 586547.120476060779765, -398707.29515778896166 ], [ 586594.625493299565278, -398824.3698714771308 ], [ 586663.412476585246623, -398942.678538830310572 ], [ 586753.202142466674559, -399017.837911220733076 ], [ 586808.8131055876147, -399091.974447637505364 ], [ 586904.982526479521766, -399123.972289582365192 ], [ 587023.996084287180565, -399123.197996177827008 ], [ 587134.759657878079452, -399086.783690431970172 ], [ 587246.835401867865585, -399060.997745776898228 ], [ 587361.307647523470223, -399014.591606193222106 ], [ 587449.191927560605109, -398950.135780063399579 ], [ 587571.367912978166714, -398858.178366598091088 ], [ 587639.527464693179354, -398784.674484722665511 ], [ 587709.207558464375325, -398718.537339564121794 ], [ 587706.538662966690026, -398613.074423646961804 ], [ 587833.007690359838307, -398582.917245810152963 ], [ 587964.572027428774163, -398588.392651521076914 ], [ 588074.073807198205031, -398549.764965130656492 ], [ 588185.768755866913125, -398507.644737866066862 ], [ 588271.322535980376415, -398489.832684563472867 ], [ 588384.93246753688436, -398457.256684326508548 ], [ 588502.870943729300052, -398424.880355892644729 ], [ 588635.932416571886279, -398398.614180032571312 ], [ 588751.432758249342442, -398367.220931825228035 ], [ 588901.824658648460172, -398368.59785894252127 ], [ 589010.6715451014461, -398410.253575131006073 ], [ 589133.770622253767215, -398473.228158990852535 ], [ 589238.928594437660649, -398502.149628743645735 ], [ 589371.236517069861293, -398483.357820074481424 ], [ 589487.369140608003363, -398483.009751798992511 ], [ 589611.06315092544537, -398470.493365525500849 ], [ 589756.965306551544927, -398448.790476771770045 ], [ 589853.169470246648416, -398442.299819566076621 ], [ 589949.3805357220117, -398427.830300364759751 ], [ 590100.024995679035783, -398422.686070938187186 ], [ 590252.489304703543894, -398451.861358491762076 ], [ 590372.985571612836793, -398469.329304832965136 ], [ 590478.245766872074455, -398482.487975696858484 ], [ 590603.416701298207045, -398493.923049621749669 ], [ 590726.415679188794456, -398569.688213354791515 ], [ 590802.30695376265794, -398620.259790329146199 ], [ 590923.819283808581531, -398683.381581168854609 ], [ 591015.202616064460017, -398747.67475086718332 ], [ 591093.39852601243183, -398782.202956695924513 ], [ 591181.197138605173677, -398835.73200575215742 ], [ 591284.972012439277023, -398873.913788364152424 ], [ 591380.268261688994244, -398936.07715875771828 ], [ 591443.971049227402546, -399021.008729392196983 ], [ 591507.47954408347141, -399125.843878852727357 ], [ 591582.948250913061202, -399253.223525273846462 ], [ 591638.540376198943704, -399344.198246451327577 ], [ 591676.069861787953414, -399439.277221658732742 ], [ 591671.0896971198963, -399588.153073731344193 ], [ 591730.542224201257341, -399696.05347354040714 ], [ 591812.107800384052098, -399802.396021110354923 ], [ 591853.181020870571956, -399913.541711639496498 ], [ 591924.012537634000182, -399966.108901088824496 ], [ 592006.979107090737671, -399984.334589600970503 ], [ 592105.98882768873591, -399971.956717478169594 ], [ 592130.755540356738493, -400097.949316982238088 ], [ 592101.714822825277224, -400220.217524720763322 ], [ 592163.206302077742293, -400327.218414174916688 ], [ 592279.983171337167732, -400363.975582770479377 ], [ 592410.114215070498176, -400357.280931326036807 ], [ 592528.570835202117451, -400373.673250569787342 ], [ 592644.009349554195069, -400371.219003495236393 ], [ 592819.723083043354563, -400461.972047415270936 ], [ 592957.142720850068145, -400610.059133438393474 ], [ 593068.454479787382297, -400615.967772738542408 ], [ 593163.286203613970429, -400649.574494718573987 ], [ 593240.245645415503532, -400685.419135108706541 ], [ 593322.13153092272114, -400728.63379417010583 ], [ 593414.018912603729405, -400815.785785195650533 ], [ 593458.052637992426753, -400923.936502942990046 ], [ 593481.724341730354354, -401045.746361684752628 ], [ 593511.996801059227437, -401173.875472762738355 ], [ 593592.756465852842666, -401290.740835014905315 ], [ 593662.983743595075794, -401365.773189861152787 ], [ 593748.989638437633403, -401478.496054544113576 ], [ 593853.887916767387651, -401544.293411756050773 ], [ 593953.519290268654004, -401544.649451535544358 ], [ 594089.123537542531267, -401511.370198815769982 ], [ 594190.885513675282709, -401494.3678782612551 ], [ 594294.48534898168873, -401490.256351661577355 ], [ 594444.324273713049479, -401495.921044597344007 ], [ 594555.2168102664873, -401511.895476440666243 ], [ 594661.260899794753641, -401531.636110346473288 ], [ 594789.483217907836661, -401573.317579330352601 ], [ 594910.62334648380056, -401651.818473160965368 ], [ 595007.808823545230553, -401723.457678150269203 ], [ 595102.886585757834837, -401788.431465648813173 ], [ 595188.667976831318811, -401846.733004902896937 ], [ 595290.294444246450439, -401842.269833605736494 ], [ 595381.228874118067324, -401823.838381979498081 ], [ 595511.43333765398711, -401812.186633550736587 ], [ 595660.745321677066386, -401816.142717471928336 ], [ 595760.349652963806875, -401844.646325612033252 ], [ 595864.445721414173022, -401874.469737734063528 ], [ 595977.4839020218933, -401870.782266399997752 ], [ 596081.317435396020301, -401885.461924595001619 ], [ 596169.855854488210753, -401860.715405484079383 ], [ 596233.998522254289128, -401774.779440765560139 ], [ 596308.408117835526355, -401712.421683365188073 ], [ 596392.671747822198085, -401662.700018785602879 ], [ 596452.728007090161555, -401594.629504148557317 ], [ 596524.159477999084629, -401532.918228262104094 ], [ 596611.398115929216146, -401486.145411124336533 ], [ 596656.508455989649519, -401387.284761296759825 ], [ 596704.234595940564759, -401298.106376267969608 ], [ 596730.704608915722929, -401181.129971433838364 ], [ 596735.97088437108323, -401054.664004945138004 ], [ 596756.458544262801297, -400965.985826313204598 ], [ 596790.471540154307149, -400883.00190760201076 ], [ 596860.309895174577832, -400780.076559379231185 ], [ 596953.496060209115967, -400673.013706632889807 ], [ 597011.797752269892953, -400552.201434013724793 ], [ 597060.880027786944993, -400445.979391862056218 ], [ 597099.826910608215258, -400344.745208428590558 ], [ 597153.065174781484529, -400222.481322975072544 ], [ 597207.355747181689367, -400105.216523612907622 ], [ 597245.773792392923497, -400004.245039265661035 ], [ 597264.107651587692089, -399902.201656581775751 ], [ 597307.31401094479952, -399799.873392367153428 ], [ 597401.550677281338722, -399673.812406488345005 ], [ 597469.09485862753354, -399576.282638799166307 ], [ 597533.434610277297907, -399480.13749330729479 ], [ 597614.28940346033778, -399365.784119803342037 ], [ 597679.671300705522299, -399307.686724603234325 ], [ 597725.459640593500808, -399211.034505553892814 ], [ 597807.474094387376681, -399095.836729724076577 ], [ 597884.555524439900182, -398994.814252367359586 ], [ 597956.255166856921278, -398884.932160335883964 ], [ 598011.486630261410028, -398751.643014085711911 ], [ 598067.406737999757752, -398627.274954951251857 ], [ 598125.142399139236659, -398513.315613592043519 ], [ 598184.72558586706873, -398411.153062915371265 ], [ 598236.394909491646104, -398323.321207905828487 ], [ 598280.857399439439178, -398239.182505984790623 ], [ 598331.847722037928179, -398132.540418686810881 ], [ 598379.588552087894641, -398022.580182866950054 ], [ 598408.165886054281145, -397906.395518754259683 ], [ 598435.883900988963433, -397797.533359921246301 ], [ 598480.076493833912537, -397720.456073394801933 ], [ 598523.099148370325565, -397636.038830887991935 ], [ 598558.72869410587009, -397555.36053877993254 ], [ 598604.13346288818866, -397458.734838561969809 ], [ 598665.45210835756734, -397325.198111237084959 ], [ 598733.973654177039862, -397203.507394766900688 ], [ 598808.462989848456345, -397098.24348662327975 ], [ 598845.322927969507873, -396984.521661877748556 ], [ 598808.938722093706019, -396884.809832372993696 ], [ 598835.290653534699231, -396787.401818231330253 ], [ 598900.367727995151654, -396692.213460011756979 ], [ 598980.289666341617703, -396571.466086554108188 ], [ 599064.561326306080446, -396456.67961845442187 ], [ 599088.729658770607784, -396335.287095958483405 ], [ 599120.943337962613441, -396231.663909894705284 ], [ 599156.596854948322289, -396127.704687981749885 ], [ 599186.418624809244648, -396046.481695653812494 ], [ 599246.006295325001702, -395941.821255362767261 ], [ 599309.172132651438005, -395844.604405758553185 ], [ 599343.910644036601298, -395759.795497165468987 ], [ 599379.905295751756057, -395646.421007652184926 ], [ 599399.911127492669038, -395498.982046696182806 ], [ 599495.712280340492725, -395386.081084972363897 ], [ 599522.606507407152094, -395274.011787860130426 ], [ 599597.377206780132838, -395195.003471511241514 ], [ 599672.514095693361014, -395111.241975053562783 ], [ 599721.849887186661363, -395035.665146846848074 ], [ 599775.467876682756469, -394953.709355372062419 ], [ 599823.993139787111431, -394865.451776941947173 ], [ 599866.627793363877572, -394785.804558499541599 ], [ 599893.201266726478934, -394700.723788071481977 ], [ 599936.140059259836562, -394584.923115466604941 ], [ 599999.695389014552347, -394472.025807429163251 ], [ 600043.497813149122521, -394392.126689994183835 ], [ 600086.327149929245934, -394317.468593040539417 ], [ 600115.82410538115073, -394213.323664561437909 ], [ 600157.752044596010819, -394109.858719309500884 ], [ 600204.327270006295294, -394006.665958368161228 ], [ 600239.868937895866111, -393899.368574658350553 ], [ 600271.458767064497806, -393793.825143263151404 ], [ 600315.510901385336183, -393690.953367618727498 ], [ 600374.62483590526972, -393563.813111999770626 ], [ 600427.954685492557473, -393444.993014765554108 ], [ 600467.48097197455354, -393342.425118903978728 ], [ 600512.745880984235555, -393233.233489843958523 ], [ 600569.584672066383064, -393090.827164960443042 ], [ 600625.960195808904245, -392947.032779551343992 ], [ 600667.896477393456735, -392835.833526830014307 ], [ 600704.262580408365466, -392718.153112749103457 ], [ 600743.421178390737623, -392596.081249146955088 ], [ 600786.997298414935358, -392471.469665198179428 ], [ 600835.705436159158126, -392327.189829311100766 ], [ 600883.688151940121315, -392211.848823625012301 ], [ 600926.811436902848072, -392075.442160373262595 ], [ 600967.607081771362573, -391943.19590146682458 ], [ 600995.581368070212193, -391852.334629745455459 ], [ 601032.1522786434507, -391763.100329081411473 ], [ 601080.743398515623994, -391643.5509940275806 ], [ 601108.314894409384578, -391545.027100960025564 ], [ 601134.485270050587133, -391437.689025533327367 ], [ 601160.331318547716364, -391305.800604401447345 ], [ 601190.625056658755057, -391219.541169405798428 ], [ 601242.628202943364158, -391112.481263017572928 ], [ 601269.925270025501959, -391001.531773007533047 ], [ 601298.472235881257802, -390902.675395545840729 ], [ 601342.520286371465772, -390805.8495322164963 ], [ 601376.236072911415249, -390683.111591236025561 ], [ 601411.388822456938215, -390584.691168235731311 ], [ 601458.675211588502862, -390469.56531014922075 ], [ 601516.794971497613005, -390326.003995923849288 ], [ 601564.498922268976457, -390219.743750780005939 ], [ 601617.286780388094485, -390102.696099569729995 ], [ 601670.252721235272475, -389962.44439152936684 ], [ 601731.190537198679522, -389805.464473077037837 ], [ 601769.224858047673479, -389670.293799842183944 ], [ 601801.481341968057677, -389574.148014118429273 ], [ 601850.273966073174961, -389487.251829906774219 ], [ 601914.27004950621631, -389361.041429550736211 ], [ 601953.696447556489147, -389238.771342474734411 ], [ 601977.024050299660303, -389148.136443475726992 ], [ 602000.343825835734606, -389065.364738829608541 ], [ 602035.068727955804206, -388964.102631324611139 ], [ 602074.916991956764832, -388851.744498744024895 ], [ 602116.838537878473289, -388757.890138753456995 ], [ 602154.104195574298501, -388672.356937291333452 ], [ 602185.787608132930472, -388591.906235804199241 ], [ 602216.544715167838149, -388508.216541973932181 ], [ 602264.872428372502327, -388381.990794413781259 ], [ 602284.762877874891274, -388219.735783269163221 ], [ 602305.403022751561366, -388055.781154862779658 ], [ 602367.683977599837817, -387946.224808626342565 ], [ 602391.682383306440897, -387835.578010628581978 ], [ 602440.535543888108805, -387700.071851641347166 ], [ 602498.721404089708813, -387600.417949819006026 ], [ 602555.55751258181408, -387490.361753617296927 ], [ 602564.774481930304319, -387387.21236645715544 ], [ 602560.548613796709105, -387275.396099843899719 ], [ 602606.934666969464161, -387125.493821370240767 ], [ 602694.590252391528338, -387053.46940102026565 ], [ 602734.894706752616912, -386950.795584751933347 ], [ 602716.837927624816075, -386852.683192398457322 ], [ 602754.288011600147001, -386766.37206644465914 ], [ 602743.896411164780147, -386682.217366309196223 ], [ 602682.277367918868549, -386557.597747666062787 ], [ 602655.699138861615211, -386434.749166664900258 ], [ 602684.979988730512559, -386344.382997875742149 ], [ 602708.302006953046657, -386262.24153268232476 ], [ 602734.853925689123571, -386156.16293273633346 ], [ 602779.770682155271061, -386012.460900763748214 ], [ 602819.517368992208503, -385892.071033228130545 ], [ 602860.358679602271877, -385804.936941618449055 ], [ 602919.800676055019721, -385733.769466172729153 ], [ 602975.854934998205863, -385610.318186547956429 ], [ 603035.753779459395446, -385488.389409273455385 ], [ 603099.177753135212697, -385408.677145835827105 ], [ 603146.123972362023778, -385324.933635703637265 ], [ 603229.526089397957548, -385293.029562503972556 ], [ 603293.427843493758701, -385199.388559576589614 ], [ 603356.006960714235902, -385093.523541579488665 ], [ 603376.783460053382441, -384984.610783697688021 ], [ 603468.530036137555726, -384938.975481470522936 ], [ 603485.317568961530924, -384850.522578846896067 ], [ 603490.386796249309555, -384756.420884934836067 ], [ 603566.025915529462509, -384710.470226227713283 ], [ 603582.674425391247496, -384613.260044700524304 ], [ 603659.424130407976918, -384525.811894994229078 ], [ 603717.865553553798236, -384394.482070507307071 ], [ 603764.525751371053047, -384265.459800017939415 ], [ 603835.922178250038996, -384158.964440572017338 ], [ 603858.999745117733255, -384046.77865519822808 ], [ 603916.15298433508724, -383937.642895642609801 ], [ 603931.39811709697824, -383806.463560664327815 ], [ 604022.540696023032069, -383729.236340327828657 ], [ 604030.647182861226611, -383627.636694465996698 ], [ 604092.119377527618781, -383502.777948931150604 ], [ 604146.024918422335759, -383366.965369791898411 ], [ 604202.88368279277347, -383271.795297161501367 ], [ 604223.404663905734196, -383173.549695587833412 ], [ 604259.860909570008516, -383072.807199655799195 ], [ 604281.360073111252859, -382981.28393803758081 ], [ 604309.250265206210315, -382875.958872523158789 ], [ 604376.398878021747805, -382776.09157723345561 ], [ 604407.379015503218397, -382677.235797279747203 ], [ 604458.315095805213787, -382558.669537359266542 ], [ 604526.852881944505498, -382445.968323224515188 ], [ 604528.946646063122898, -382354.65098543377826 ], [ 604564.014809594023973, -382257.131132235052064 ], [ 604621.306206130189821, -382184.305102604965214 ], [ 604691.392927754903212, -382133.186931652599014 ], [ 604776.41104555001948, -382023.244039339013398 ], [ 604841.85370269312989, -381901.693747382960282 ], [ 604903.023919724510051, -381788.48634192586178 ], [ 604957.444311858853325, -381701.246101073513273 ], [ 605006.592180112493224, -381600.654571967956144 ], [ 605082.921815291396342, -381520.486833126749843 ], [ 605134.880059797782451, -381423.171688344620634 ], [ 605174.717808106099255, -381293.671671819523908 ], [ 605217.624268693383783, -381190.748420763004106 ], [ 605257.276268392452039, -381088.070001827727538 ], [ 605289.825626558158547, -380979.492900349316187 ], [ 605360.239731684909202, -380869.621561790641863 ], [ 605407.017489576595835, -380749.308319888019469 ], [ 605461.695036239805631, -380648.478630467958283 ], [ 605536.056607500649989, -380548.018098311556969 ], [ 605605.13944791816175, -380398.076396217860747 ], [ 605669.774168005795218, -380281.650488024635706 ], [ 605694.993206821149215, -380196.476752397080418 ], [ 605747.235175132984295, -380114.058521259867121 ], [ 605775.710312614100985, -380005.094253763963934 ], [ 605844.531072262907401, -379928.120637290703598 ], [ 605891.080017250264063, -379844.369922730198596 ], [ 605936.753379351459444, -379766.094071264029481 ], [ 605973.568652474088594, -379642.391024557175115 ], [ 606036.806165879592299, -379504.171657557890285 ], [ 606081.892669854220003, -379399.782545035239309 ], [ 606117.01404150784947, -379297.83104944950901 ], [ 606182.532434002147056, -379167.987516314489767 ], [ 606259.157138226437382, -379012.640462664130609 ], [ 606284.546333212172613, -378887.97910138143925 ], [ 606264.633027258096263, -378790.614616702776402 ], [ 606250.73138361889869, -378661.255155452061445 ], [ 606299.137391501455568, -378563.756538665678818 ], [ 606356.868287038756534, -378490.322475598484743 ], [ 606416.230401024688035, -378407.470454827358481 ], [ 606501.100807080976665, -378343.937808840535581 ], [ 606552.560716091538779, -378232.037977528758347 ], [ 606619.150146847823635, -378153.119601310929283 ], [ 606612.908564898534678, -378060.532485797128174 ], [ 606575.667410825495608, -377970.177028710022569 ], [ 606597.461070835241117, -377886.501362378126942 ], [ 606653.269399121985771, -377794.510851168306544 ], [ 606660.844980646623299, -377705.246508900774643 ], [ 606760.69256454508286, -377639.575109157711267 ], [ 606803.148757927585393, -377518.2904168543173 ], [ 606830.65889657184016, -377359.559545545198489 ], [ 606905.250054269097745, -377242.574620006780606 ], [ 607019.945470835780725, -377166.362419368699193 ], [ 607074.114746029954404, -377057.75278798333602 ], [ 607166.821754314936697, -376933.866294826555531 ], [ 607226.329876733128913, -376810.674863161868416 ], [ 607284.359804719686508, -376702.293959193048067 ], [ 607365.770058897556737, -376586.317067405674607 ], [ 607426.267050261376426, -376506.665896173217334 ], [ 607448.151872021029703, -376412.754214928252622 ], [ 607471.479244621004909, -376299.1658855114365 ], [ 607501.203327017836273, -376182.579218589060474 ], [ 607541.420071796746925, -376073.482535105023999 ], [ 607500.731631795526482, -375989.270431354874745 ], [ 607347.591239178786054, -375969.006410949223209 ], [ 607271.327076407149434, -375850.067910246900283 ], [ 607189.924962857621722, -375819.898360143997706 ], [ 607148.463757321238518, -375737.388526100898162 ], [ 607141.204550068825483, -375615.546099109342322 ], [ 607153.144561990397051, -375466.975106772966683 ], [ 607187.040128108346835, -375329.806326941237785 ], [ 607213.883242656243965, -375198.040032439108472 ], [ 607220.880848295753822, -375108.979971574270166 ], [ 607250.048263958189636, -375001.375740285846405 ], [ 607261.830341993016191, -374862.431780742947012 ], [ 607257.306764416978694, -374736.502727583574597 ], [ 607224.420237990329042, -374640.82333986723097 ], [ 607161.480168471229263, -374568.700731689925306 ], [ 607049.276461794157512, -374570.531595006701536 ], [ 606908.104083851212636, -374557.398665561107919 ], [ 606787.312017992371693, -374481.957619575376157 ], [ 606718.522420200752094, -374417.467674713640008 ], [ 606619.325128924450837, -374348.110829296754673 ], [ 606532.70900130236987, -374388.62810665887082 ], [ 606404.799423366202973, -374381.369818826206028 ], [ 606288.057216797722504, -374379.360205058415886 ], [ 606168.661875535035506, -374354.061204644385725 ], [ 606048.859735596226528, -374313.913403583923355 ], [ 605922.403890500543639, -374238.630293097230606 ], [ 605795.498063606326468, -374191.98373876902042 ], [ 605700.376729373703711, -374162.344580499338917 ], [ 605612.761158461100422, -374067.22328658803599 ], [ 605545.220045297057368, -373935.283107152732555 ], [ 605498.32666860811878, -373829.756384174106643 ], [ 605438.567776778480038, -373735.408806479419582 ], [ 605380.058415047707967, -373636.945772832492366 ], [ 605321.242578167933971, -373522.933988845965359 ], [ 605271.045837986981496, -373442.753288336039986 ], [ 605187.961294250329956, -373352.384459942753892 ], [ 605077.310249901609495, -373330.760834833956324 ], [ 604985.188228929531761, -373338.561382118146867 ], [ 604883.563215793459676, -373403.597486285667401 ], [ 604802.929433385608718, -373481.790446179220453 ], [ 604706.670175873325206, -373580.952242011146154 ], [ 604620.936455884133466, -373699.639592320774682 ], [ 604558.420447232550941, -373797.085371951281559 ], [ 604513.969584073871374, -373880.503308962564915 ], [ 604451.4025539890863, -373973.108775148168206 ], [ 604363.724401855026372, -374067.557664353051223 ], [ 604280.546401619445533, -374160.961828234721906 ], [ 604222.101989077404141, -374264.56683889211854 ], [ 604168.135081571061164, -374390.47951670770999 ], [ 604076.285652902675793, -374437.475356462877244 ], [ 603975.983851761440746, -374502.4292576223379 ], [ 603923.113327117753215, -374585.125741025607567 ], [ 603844.605522980215028, -374537.940538207767531 ], [ 603863.872506205923855, -374421.881727416999638 ], [ 603891.766922980896197, -374264.481134890229441 ], [ 603970.571879268158227, -374137.567669729935005 ], [ 604073.660047103301622, -374040.732213445648085 ], [ 604134.519970057765022, -373968.745649123797193 ], [ 604219.715551601024345, -373933.644449713989161 ], [ 604274.415235014632344, -373849.865474252670538 ], [ 604308.778540539322421, -373751.759722990274895 ], [ 604370.120185884530656, -373614.358480473572854 ], [ 604500.278004697407596, -373515.761350660643075 ], [ 604611.389343954040669, -373395.919474863214418 ], [ 604682.218651517992839, -373327.859428610187024 ], [ 604744.897979538538493, -373241.705140669771936 ], [ 604768.258943939115852, -373134.888175982225221 ], [ 604800.171872540842742, -373032.396431671455503 ], [ 604784.642384431208484, -372912.611740956432186 ], [ 604723.635764424456283, -372830.154772712092381 ], [ 604636.847639687592164, -372773.833340333600063 ], [ 604550.724681461113505, -372742.13387584395241 ], [ 604465.105759555357508, -372741.491586585645564 ], [ 604390.083758999127895, -372790.50210316159064 ], [ 604292.229734550579451, -372806.571188549860381 ], [ 604189.270571359549649, -372885.036917501536664 ], [ 604100.058276843745261, -372966.089732242748141 ], [ 603966.816221540560946, -372912.98361481516622 ], [ 603862.290915640536696, -372777.808372470084578 ], [ 603767.077179665095173, -372681.672438049979974 ], [ 603722.19088224961888, -372537.367279121244792 ], [ 603795.953627222334035, -372410.226621903188061 ], [ 603885.92193901236169, -372287.753617729875259 ], [ 603974.330681286053732, -372232.2443583944696 ], [ 604070.689804992289282, -372228.99961730412906 ], [ 604152.985307498602197, -372169.404570453276392 ], [ 604253.463809473789297, -372097.270362943469081 ], [ 604374.68252559134271, -372053.950389388832264 ], [ 604346.940700870007277, -371952.22871367825428 ], [ 604281.664130200864747, -371854.110125277424231 ], [ 604179.555478604277596, -371749.956424716918264 ], [ 604117.818453104468063, -371623.598528535338119 ], [ 604101.965718976454809, -371506.269987799110822 ], [ 604107.879643096006475, -371388.106124998361338 ], [ 604117.889998334110714, -371302.776511447038502 ], [ 604121.145212107803673, -371191.388947388273664 ], [ 604078.021592246601358, -371053.194554754358251 ], [ 604062.889226246392354, -370909.208264722139575 ], [ 604078.446779768099077, -370777.963899676688015 ], [ 604079.943113849498332, -370686.532583414460532 ], [ 604049.321800948935561, -370601.559436106355861 ], [ 604036.676011413219385, -370473.308637143869419 ], [ 604042.392979246564209, -370320.228133340540808 ], [ 604053.764000221388415, -370220.612392151902895 ], [ 604077.577178157167509, -370120.485413776652422 ], [ 604126.368266837671399, -370026.552121706714388 ], [ 604194.830759727978148, -369952.10459592967527 ], [ 604264.398129402892664, -369889.169254654436372 ], [ 604335.275823196978308, -369841.890996533562429 ], [ 604445.825259000761434, -369813.83074618014507 ], [ 604565.870113476878032, -369836.852375165268313 ], [ 604672.479524781811051, -369841.018861891468987 ], [ 604787.957673136494122, -369844.933744104928337 ], [ 604905.929994723410346, -369850.095046782458667 ], [ 605002.880729821044952, -369891.414604066521861 ], [ 605108.648452265537344, -369942.753864557074849 ], [ 605092.578807050362229, -370038.412562019366305 ], [ 605105.493171493988484, -370143.109282644523773 ], [ 605224.834391120122746, -370107.385563837131485 ], [ 605318.018045851495117, -370021.771418593591079 ], [ 605423.812915347167291, -369924.084389583731536 ], [ 605504.504511056584306, -369835.677158395992592 ], [ 605589.797434061649255, -369768.254972632275894 ], [ 605695.002887398935854, -369723.055029000213835 ], [ 605817.477336597279646, -369682.732536349678412 ], [ 605941.593629227951169, -369647.601483412086964 ], [ 605998.451348800212145, -369568.089650749112479 ], [ 606022.245927873183973, -369480.12318160792347 ], [ 606033.891948902164586, -369358.816519887186587 ], [ 606061.262565089506097, -369236.004736863600556 ], [ 605994.698002004995942, -369179.816157229535747 ], [ 605922.115946053643711, -369118.114464163314551 ], [ 605831.363332191249356, -369074.710816011647694 ], [ 605739.108627722132951, -369014.002545202965848 ], [ 605607.9408475557575, -368992.716963389364537 ], [ 605523.558680386398919, -368913.423393048346043 ], [ 605441.874213852337562, -368840.793549087946303 ], [ 605373.76769656187389, -368748.511086022481322 ], [ 605424.727759837638587, -368664.128450310090557 ], [ 605435.194555802503601, -368578.350248192378785 ], [ 605407.68548079545144, -368461.056401707173791 ], [ 605408.407078539952636, -368341.057422380312346 ], [ 605466.973666216945276, -368222.611511184892152 ], [ 605544.432104268460535, -368122.958455301763024 ], [ 605616.30901142093353, -368007.076844453811646 ], [ 605714.453767275437713, -367964.401217353995889 ], [ 605792.382586296997033, -367910.093620505998842 ], [ 605875.549149870872498, -367867.761932715598959 ], [ 605956.747961081797257, -367823.197616064280737 ], [ 606069.990203247987665, -367764.951026008173358 ], [ 606178.087100647040643, -367727.392591939365957 ], [ 606301.835429635015316, -367680.945325884094927 ], [ 606402.707656531478278, -367644.408396755403373 ], [ 606501.246406148769893, -367623.021723907149862 ], [ 606629.287439990323037, -367569.086766878550407 ], [ 606755.966068980982527, -367508.048128631024156 ], [ 606911.256281031877734, -367493.283620519621763 ], [ 607034.012133308569901, -367452.405200998706277 ], [ 607153.734023157274351, -367393.009756393090356 ], [ 607241.453656790079549, -367337.544136617099866 ], [ 607359.260629609809257, -367278.120888244127855 ], [ 607475.537840736331418, -367220.966922193183564 ], [ 607602.276799288811162, -367142.336082635039929 ], [ 607739.635580497561023, -367078.161832427605987 ], [ 607842.094216093071736, -367037.757247093191836 ], [ 607936.134844811749645, -366989.856711091881152 ], [ 608063.211982620647177, -366939.094399807567243 ], [ 608172.807404770515859, -366907.238588359730784 ], [ 608259.199904786422849, -366885.217748786613811 ], [ 608343.911530299112201, -366867.151338246359956 ], [ 608448.405346087529324, -366849.116434148570988 ], [ 608564.867774105165154, -366835.809054394601844 ], [ 608672.045189887518063, -366835.718923505744897 ], [ 608793.103268333128653, -366834.454106752353255 ], [ 608896.673940639127977, -366832.657933839829639 ], [ 608989.021966466796584, -366833.857031823077705 ], [ 609075.342626654077321, -366836.842245850421023 ], [ 609193.246110929641873, -366847.084666940150782 ], [ 609338.549579167505726, -366866.174601232341956 ], [ 609428.928317780373618, -366868.833925403479952 ], [ 609552.059346569702029, -366821.471014402399305 ], [ 609677.059326287708245, -366771.098462940659374 ], [ 609835.886619600234553, -366758.288646784494631 ], [ 609945.278925953898579, -366687.747314234322403 ], [ 610007.573391086189076, -366599.796567791898269 ], [ 609899.495528646977618, -366564.04116018593777 ], [ 609857.901297231204808, -366479.603843369754031 ], [ 609822.12620889255777, -366377.896116495714523 ], [ 609936.526612130925059, -366318.708542283799034 ], [ 610100.289582298253663, -366400.589477397850715 ], [ 610209.300290985149331, -366359.166083249438088 ], [ 610280.199764987686649, -366300.429097671760246 ], [ 610354.751593305612914, -366228.089352918206714 ], [ 610506.441555245546624, -366192.193130452069454 ], [ 610632.248048911918886, -366272.420815857010894 ], [ 610613.248170071281493, -366412.4445240132045 ], [ 610541.237144121550955, -366525.34699142415775 ], [ 610524.749044006806798, -366669.538299292791635 ], [ 610500.16269631695468, -366802.023004840011708 ], [ 610424.08152064087335, -366887.421361221000552 ], [ 610339.533909402787685, -366947.832243167911656 ], [ 610253.521424704580568, -367049.48132747458294 ], [ 610158.180999547126703, -367133.360156934708357 ], [ 610044.562396603403613, -367099.395983460650314 ], [ 609912.116377198253758, -367172.727999698545318 ], [ 609813.802770263049752, -367267.136174430488609 ], [ 609741.518567703198642, -367324.363365987199359 ], [ 609653.292007078998722, -367425.414040407980792 ], [ 609547.190053815604188, -367567.430087577027734 ], [ 609481.328049465897493, -367665.777179395779967 ], [ 609385.86598778446205, -367782.903434184787329 ], [ 609304.993611685349606, -367897.73254322988214 ], [ 609249.582153836265206, -367998.329825145658106 ], [ 609187.134643576573581, -368143.057138002477586 ], [ 609188.13719189085532, -368250.910989736614283 ], [ 609190.584524650359526, -368367.997997995349579 ], [ 609197.971491727395914, -368468.627358737983741 ], [ 609237.582782420096919, -368553.680526665062644 ], [ 609291.214240399654955, -368631.288024959387258 ], [ 609337.304194853873923, -368717.45125567924697 ], [ 609432.744483730057254, -368792.560008944245055 ], [ 609545.252147095277905, -368860.337704635690898 ], [ 609595.195070109330118, -368970.020815192605369 ], [ 609640.042021614266559, -369101.249879130918998 ], [ 609761.772931619198062, -369201.368416440498549 ], [ 609840.169175997376442, -369290.966266151051968 ], [ 609844.600608915905468, -369411.969669479934964 ], [ 609846.554455234552734, -369523.185549005516805 ], [ 609867.216219601803459, -369628.420474930899218 ], [ 609903.431759372469969, -369752.253727153351065 ], [ 609989.290234401240014, -369933.237818796013016 ], [ 610073.093945753178559, -370061.091316322621424 ], [ 610111.111635051202029, -370169.305244333168957 ], [ 610146.528274048934691, -370262.383433123934083 ], [ 610230.806944104726426, -370346.045098184549715 ], [ 610197.901701213093475, -370451.248704616911709 ], [ 610143.890328143723309, -370528.786022932152264 ], [ 610123.097566325915977, -370613.796559350332245 ], [ 610042.247839258401655, -370660.575357842433732 ], [ 610011.617140431888402, -370812.614181819546502 ], [ 609879.268923630239442, -370880.312493059027474 ], [ 609937.222426434746012, -370992.802083633840084 ], [ 610004.019924971158616, -371059.536004574329127 ], [ 610068.209312247228809, -371170.936824429722037 ], [ 610149.983553535072133, -371135.451159259828273 ], [ 610164.737049678224139, -371219.909687511797529 ], [ 610144.539250732515939, -371322.064421481278259 ], [ 610112.99855144706089, -371404.258697444282006 ], [ 610055.334279523231089, -371523.114880061009899 ], [ 610006.089399952208623, -371601.056566840212326 ], [ 609965.531726482207887, -371684.245603390969336 ], [ 609934.888496719533578, -371785.696565408085007 ], [ 610023.764929823577404, -371901.196403367095627 ], [ 610177.818667701212689, -371959.363418075139634 ], [ 610254.012184102204628, -371869.328884908172768 ], [ 610349.601536755682901, -371767.423384675988927 ], [ 610451.23706883948762, -371676.68448721873574 ], [ 610563.79362198128365, -371668.293558495293837 ], [ 610631.609601677046157, -371814.5193973131245 ], [ 610736.680159317329526, -371895.927252684952691 ], [ 610659.296370043884963, -371988.356090313347522 ], [ 610571.124406832852401, -372075.487739773234352 ], [ 610479.177557352697477, -372175.515504858631175 ], [ 610319.699292352655903, -372281.328391311632004 ], [ 610202.333559157443233, -372379.061448101012502 ], [ 610158.594981688889675, -372296.017044793989044 ], [ 610115.444630275364034, -372192.499651850666851 ], [ 610018.540347671601921, -372124.930049759568647 ], [ 609904.506439161254093, -372095.571553457819391 ], [ 609821.652805615100078, -372169.137608568766154 ], [ 609776.344173580408096, -372242.217385073017795 ], [ 609667.484502942068502, -372285.94414244411746 ], [ 609550.238940228591673, -372370.339287098438945 ], [ 609441.55497999524232, -372364.246105556434486 ], [ 609356.454387569101527, -372245.405806552269496 ], [ 609265.421818763716146, -372159.618604947347194 ], [ 609136.380102246883325, -372126.129831075842958 ], [ 609027.289883077493869, -372157.845456060138531 ], [ 608936.48602305247914, -372246.696073891769629 ], [ 608805.630553326918744, -372335.948137687926646 ], [ 608688.916607778868638, -372424.979459494352341 ], [ 608533.772203946951777, -372488.539840061159339 ], [ 608435.773599610896781, -372618.945860734849703 ], [ 608365.489315784769133, -372707.937771906901617 ], [ 608257.76708000479266, -372781.717144054709934 ], [ 608165.155106488033198, -372852.839365220454056 ], [ 608052.333118392736651, -372892.625961439334787 ], [ 607935.327321775956079, -372990.099268523801584 ], [ 607810.292807170539163, -373095.386038320779335 ], [ 607838.075279648415744, -373211.218934443255421 ], [ 607847.12559902947396, -373301.652453946648166 ], [ 607829.925144963548519, -373406.372332397149876 ], [ 607837.057647177949548, -373521.697231120837387 ], [ 607817.578536439570598, -373632.873260712251067 ], [ 607735.132368249353021, -373666.283350204641465 ], [ 607700.789991305791773, -373746.327511827345006 ], [ 607704.38723397476133, -373868.331695132597815 ], [ 607707.304696392733604, -373999.045206052425783 ], [ 607661.662581884651445, -374077.078878244035877 ], [ 607604.435490779578686, -374200.792443434183951 ], [ 607722.862748155836016, -374304.056735969730653 ], [ 607850.418432187405415, -374367.311412755982019 ], [ 607907.121272897813469, -374448.196869217150379 ], [ 607992.768183342181146, -374444.374762587249279 ], [ 608083.989405918051489, -374414.25571470084833 ], [ 608205.526051111519337, -374369.851611547812354 ], [ 608320.349133277661167, -374388.358319471706636 ], [ 608413.837951735127717, -374281.187844624277204 ], [ 608487.594942718977109, -374221.191368257277645 ], [ 608564.821161730331369, -374148.306502141756937 ], [ 608658.336074444814585, -374067.829352429020219 ], [ 608751.402725986670703, -374002.348363195313141 ], [ 608830.610532765742391, -373940.78825053665787 ], [ 608899.797954674810171, -373886.085875249991659 ], [ 608966.891596902511083, -373810.126140681561083 ], [ 609065.874310598126613, -373722.836179146834183 ], [ 609194.377473356085829, -373612.246583361527883 ], [ 609309.937646978767589, -373520.613623437879141 ], [ 609394.218917707679793, -373454.931250367080793 ], [ 609502.658423568238504, -373379.841464217752218 ], [ 609598.549977001152001, -373313.15775892091915 ], [ 609674.745315314619802, -373264.021790298109408 ], [ 609770.785604802891612, -373213.016592819360085 ], [ 609893.391461314749904, -373135.310339087795001 ], [ 609992.524269951391034, -373068.236254453426227 ], [ 610072.364647332462482, -373010.914146776020061 ], [ 610180.806262580677867, -372937.814689046295825 ], [ 610287.003840120276436, -372860.986680831119884 ], [ 610369.471085630124435, -372791.027797096234281 ], [ 610446.520720447646454, -372718.909889584872872 ], [ 610503.51649214560166, -372652.321948560129385 ], [ 610641.314198030624539, -372511.356476220127661 ], [ 610764.666454805759713, -372386.594869224645663 ], [ 610824.020509509718977, -372323.67316423705779 ], [ 610889.010016695596278, -372260.855961130117066 ], [ 610984.900740107055753, -372199.653063306002878 ], [ 611097.827410697820596, -372140.728112278622575 ], [ 611174.762593105901033, -372076.292841760267038 ], [ 611254.409702380886301, -371978.118487433588598 ], [ 611355.218881818582304, -371878.788065552245826 ], [ 611478.18231488741003, -371775.198476480029058 ], [ 611572.92868938180618, -371707.136560558632482 ], [ 611676.538142296252772, -371639.496719915012363 ], [ 611799.74497068929486, -371553.473802968161181 ], [ 611922.923998143174686, -371469.94939369650092 ], [ 612056.141726095462218, -371416.518370647158008 ], [ 612195.973326439154334, -371350.615400873648468 ], [ 612295.977618188131601, -371307.429559557756875 ], [ 612349.282417184324004, -371379.575994267128408 ], [ 612286.713190140202641, -371487.024406484619249 ], [ 612362.271548993769102, -371546.604877556266729 ], [ 612473.767153376480564, -371499.626726416347083 ], [ 612573.667924806359224, -371427.866855021566153 ], [ 612657.185723307775334, -371384.856261608016212 ], [ 612739.517452397732995, -371316.707766111241654 ], [ 612724.653576306649484, -371223.240114104468375 ], [ 612669.186836379929446, -371121.374796384829096 ], [ 612633.848164088092744, -370979.388340621313546 ], [ 612710.299056098563597, -370915.448748029593844 ], [ 612807.821568408282474, -370926.44636256643571 ], [ 612860.789690295583569, -371002.908443380787503 ], [ 612856.712754714535549, -371128.336208623019047 ], [ 612848.608804254443385, -371254.144178237766027 ], [ 612931.62814906751737, -371234.542568995500915 ], [ 613009.400423877639696, -371182.100797579856589 ], [ 613065.709964411798865, -371078.777994784875773 ], [ 613175.120259367860854, -371077.967095431638882 ], [ 613276.371405233745463, -371001.026921682991087 ], [ 613407.064987109275535, -370918.834133720898535 ], [ 613531.316600999212824, -370824.697473441483453 ], [ 613654.894137078896165, -370744.197277399536688 ], [ 613726.513928172993474, -370674.553191126906313 ], [ 613821.213403990026563, -370629.74679479340557 ], [ 613904.289361996459775, -370556.324929681140929 ], [ 613831.251924318145029, -370447.455544861790258 ], [ 613813.797995567321777, -370331.115207462455146 ], [ 613928.571010353392921, -370285.193529786949512 ], [ 614042.520449999487028, -370328.818398632225581 ], [ 614042.383627144503407, -370424.993590716272593 ], [ 614042.706044140271842, -370559.276327028986998 ], [ 614164.346489983727224, -370505.170692817249801 ], [ 614280.543832386494614, -370411.627616185578518 ], [ 614386.881166791077703, -370349.243224456033204 ], [ 614460.632286674226634, -370301.490459444990847 ], [ 614528.288903892505914, -370227.903641636250541 ], [ 614600.268885661731474, -370170.286844102025498 ], [ 614696.621125067933463, -370101.723332291876432 ], [ 614805.7843904546462, -370042.253765009401832 ], [ 614791.85476006870158, -369921.651374417298939 ], [ 614905.410424003261141, -369974.598237108846661 ], [ 614994.976148194517009, -369959.003576957853511 ], [ 615088.907420365489088, -369911.752487025980372 ], [ 615211.045671899570152, -369849.764036690350622 ], [ 615175.332420723862015, -369745.409737464564387 ], [ 615152.291586658218876, -369624.021169179643039 ], [ 615238.365745471557602, -369514.467935781402048 ], [ 615297.198582231416367, -369453.623606347711757 ], [ 615378.924911786103621, -369388.005515446537174 ], [ 615486.510488820145838, -369313.984091260121204 ], [ 615556.741723845596425, -369241.652353579935152 ], [ 615648.471608917694539, -369211.580510606465396 ], [ 615763.583151312195696, -369193.106106769817416 ], [ 615881.739887535106391, -369154.793896847346332 ], [ 615966.717533553251997, -369097.833217351813801 ], [ 616094.643460988765582, -369041.459451130300295 ], [ 616198.684748457977548, -368986.754948734131176 ], [ 616310.438437840435654, -368945.987654943717644 ], [ 616417.91315153602045, -368902.767709853709675 ], [ 616516.534753205138259, -368824.035264581441879 ], [ 616673.978360011475161, -368760.855763475003187 ], [ 616803.596650745719671, -368721.943625839485321 ], [ 616938.977764924056828, -368671.361650604230817 ], [ 617077.109793823910877, -368580.832786575309001 ], [ 617157.542204854893498, -368521.078373465337791 ], [ 617242.112142115016468, -368461.712262163462583 ], [ 617343.308624507277273, -368389.652876452484634 ], [ 617442.241293756640516, -368316.59569809405366 ], [ 617574.665011043660343, -368207.258697807381395 ], [ 617684.721188670024276, -368117.675317203684244 ], [ 617766.370904210605659, -368062.52288397110533 ], [ 617844.695206517586485, -368000.600743598828558 ], [ 617921.507925326819532, -367925.201051107549574 ], [ 617983.957163153099827, -367856.316615550371353 ], [ 618067.145447628688999, -367774.934064946137369 ], [ 618138.541358150891028, -367700.609694962680805 ], [ 618213.056534041068517, -367645.849723915627692 ], [ 618296.05024802335538, -367570.568454284046311 ], [ 618376.601778835058212, -367502.628062351082917 ], [ 618455.0777395775076, -367442.36204103694763 ], [ 618531.047997345216572, -367396.679384081158787 ], [ 618647.830409738351591, -367337.609533446666319 ], [ 618772.364161742152646, -367259.615922995959409 ], [ 618875.067977083614096, -367185.559672002447769 ], [ 618980.518384475959465, -367085.703548677964136 ], [ 619070.08231709676329, -366981.196858087729197 ], [ 619126.397838422562927, -366904.612854374514427 ], [ 619200.349111238261685, -366816.777949117589742 ], [ 619279.174672795343213, -366726.558401116693858 ], [ 619375.079978969995864, -366687.248857623082586 ], [ 619495.19677128852345, -366661.684349400689825 ], [ 619643.93970459420234, -366639.093571088393219 ], [ 619752.057559312554076, -366606.455430378729943 ], [ 619868.20986203989014, -366558.103430537099484 ], [ 620003.287883374723606, -366514.929919554037042 ], [ 620105.529954381869175, -366478.99413416191237 ], [ 620207.565971498261206, -366434.64915838901652 ], [ 620323.280280128819868, -366381.378173611243255 ], [ 620439.156931304722093, -366327.314560655155219 ], [ 620544.432612397824414, -366278.50454879028257 ], [ 620622.673604488838464, -366241.762006905220915 ], [ 620741.525847036391497, -366180.591498425928876 ], [ 620869.755733961472288, -366080.551687119295821 ], [ 620994.841883374960162, -365977.273692806484178 ], [ 621116.724777412950061, -365919.870341700268909 ], [ 621237.927729898365214, -365853.164991644443944 ], [ 621340.105644453316927, -365754.050128086993936 ], [ 621421.590245770174079, -365707.055309751303867 ], [ 621541.530327924177982, -365644.706806588510517 ], [ 621685.113541984464973, -365580.924926949955989 ], [ 621806.967287084553391, -365503.205294469837099 ], [ 621909.987697122851387, -365438.068332533352077 ], [ 622000.742602764628828, -365363.605672380828764 ], [ 622103.17510466335807, -365302.049785648414399 ], [ 622203.058613750035875, -365242.199862141511403 ], [ 622300.323117846506648, -365187.870606011536438 ], [ 622370.228650709381327, -365136.723360506875906 ], [ 622451.972792897955514, -365081.577683903684374 ], [ 622594.806456206832081, -365014.771305468806531 ], [ 622675.774790672818199, -364949.347841086273547 ], [ 622757.470903011737391, -364894.931015748414211 ], [ 622840.179120281711221, -364855.514160014339723 ], [ 622929.158485184540041, -364815.605054512037896 ], [ 623029.305498373927549, -364730.67979291966185 ], [ 623115.149746883194894, -364669.056372683728114 ], [ 623202.983698079246096, -364600.839186123514082 ], [ 623276.795750242192298, -364533.226622444926761 ], [ 623346.513929952634498, -364467.014664719230495 ], [ 623427.222081591258757, -364429.48234706162475 ], [ 623500.925778561388142, -364381.946676480700262 ], [ 623560.460766872158274, -364303.205533973232377 ], [ 623610.736654863809235, -364226.34543076303089 ], [ 623691.999714635778219, -364174.351620954694226 ], [ 623789.435498273465782, -364102.912530566856731 ], [ 623875.792841672548093, -364003.039343591604847 ], [ 623937.68966710451059, -363927.875236057210714 ], [ 623961.961272872751579, -363830.776552855211776 ], [ 624012.476529316161759, -363762.235104114399292 ], [ 624094.44293209805619, -363713.922791886725463 ], [ 624203.873969326261431, -363690.294785300386138 ], [ 624287.735401463345625, -363642.753601063333917 ], [ 624344.147836935240775, -363575.657575811666902 ], [ 624388.282655877061188, -363474.946276199945714 ], [ 624461.280550622497685, -363383.922643802245148 ], [ 624503.457531447405927, -363273.225690003135242 ], [ 624533.581109624356031, -363180.915430354361888 ], [ 624535.268747288733721, -363062.845590552373324 ], [ 624580.717301238095388, -362964.808718394429889 ], [ 624618.629751623608172, -362859.736514001735486 ], [ 624643.664389843121171, -362734.185798944497947 ], [ 624696.414465230307542, -362622.381704541563522 ], [ 624786.465065091848373, -362513.467765490000602 ], [ 624885.879707435728051, -362376.380094637279399 ], [ 624975.208554581506178, -362265.85104507318465 ], [ 625001.361684469040483, -362157.8249241738813 ], [ 624954.413611843949184, -362067.325893198547419 ], [ 624886.147245535277762, -361991.822588518378325 ], [ 624824.717130277771503, -361887.608789475576486 ], [ 624782.024032138288021, -361788.692052229424007 ], [ 624773.691507751354948, -361698.750180921400897 ], [ 624803.295256261597387, -361601.102170504804235 ], [ 624870.464102600701153, -361488.24068931461079 ], [ 624930.029169996618293, -361366.501079846813809 ], [ 624994.009571772417985, -361244.253758141305298 ], [ 625060.81321160227526, -361127.678633888193872 ], [ 625141.540351590956561, -361038.808519180689473 ], [ 625234.588650913210586, -361005.140821217384655 ], [ 625298.580873560509644, -360935.702301705256104 ], [ 625350.23823691951111, -360810.989484817546327 ], [ 625431.304109096992761, -360707.514682618842926 ], [ 625539.676596319652162, -360613.064202781184576 ], [ 625532.24600640067365, -360518.034154950233642 ], [ 625497.125612462172285, -360391.175930461264215 ], [ 625552.479900112492032, -360295.335503359034192 ], [ 625589.036096842377447, -360187.495987360016443 ], [ 625618.745691360090859, -360074.586124547931831 ], [ 625659.648736560717225, -359981.959339175431523 ], [ 625719.813158708973788, -359893.138458166737109 ], [ 625749.761818683356978, -359806.939553167787381 ], [ 625770.782654635841027, -359724.627040434221271 ], [ 625788.785055136890151, -359629.945410692540463 ], [ 625727.083791967947036, -359543.142484869051259 ], [ 625624.561254547326826, -359456.142020606901497 ], [ 625543.638587404275313, -359349.011750231962651 ], [ 625460.43463069119025, -359241.744831360410899 ], [ 625399.962543530156836, -359149.330961496336386 ], [ 625348.25625396205578, -359057.959857564477716 ], [ 625283.127552248071879, -358965.992544282460585 ], [ 625152.309740552445874, -358934.765753125422634 ], [ 625085.245901362737641, -358813.729339073528536 ], [ 625078.651808137423359, -358677.921110706985928 ], [ 625093.580640093423426, -358578.75797151675215 ], [ 625116.627990562235937, -358451.899078827060293 ], [ 625139.774951867875643, -358309.105869575869292 ], [ 625156.455455200397409, -358214.754466215905268 ], [ 625161.079026642604731, -358108.47635229700245 ], [ 625167.795784741756506, -358023.264847303682473 ], [ 625173.005590576329269, -357913.676809667143971 ], [ 625178.838372292346321, -357782.214367102191318 ], [ 625197.172072263201699, -357654.038008653500583 ], [ 625213.676995663437992, -357551.544880128232762 ], [ 625242.11483120417688, -357422.517056272772606 ], [ 625242.804361123242415, -357277.568459294154309 ], [ 625239.743154749274254, -357169.704734509810805 ], [ 625242.885891146957874, -357067.567128252063412 ], [ 625259.051558139617555, -356961.917027077754028 ], [ 625277.698326793615706, -356870.914573776884936 ], [ 625297.905195714905858, -356785.170076066628098 ], [ 625325.68533714977093, -356694.708285903499927 ], [ 625343.480657678679563, -356575.478818076546304 ], [ 625366.015504131442867, -356461.091269451542757 ], [ 625429.272928584134206, -356326.155826602363959 ], [ 625413.644727110280655, -356167.859136185550597 ], [ 625313.679070851532742, -356200.602924453502055 ], [ 625221.25557347398717, -356162.686211109976284 ], [ 625155.116033685859293, -356076.698006729595363 ], [ 625132.963165590190329, -355982.753594017762225 ], [ 625130.420846320921555, -355890.322456107358448 ], [ 625126.809742739191279, -355800.289517792931292 ], [ 625098.391475077252835, -355669.422911419067532 ], [ 625073.461801458266564, -355547.307849853881635 ], [ 625048.13561587035656, -355451.349804046738427 ], [ 625020.498966753366403, -355365.823527262720745 ], [ 624979.645633559441194, -355287.787086101481691 ], [ 624882.714726743870415, -355207.39575954945758 ], [ 624789.649156163795851, -355112.587586406385526 ], [ 624717.349107839050703, -355005.190455839445349 ], [ 624663.616946642403491, -354912.527973710210063 ], [ 624604.06146430131048, -354812.496988187660463 ], [ 624544.290508803678676, -354681.914785698230844 ], [ 624501.026420869980939, -354548.062717107357457 ], [ 624482.862157344236039, -354440.133070091891568 ], [ 624465.419280684785917, -354351.679117873543873 ], [ 624462.144986238330603, -354242.030840260209516 ], [ 624462.007238053367473, -354125.759008879365865 ], [ 624458.929499833611771, -354034.465811036527157 ], [ 624461.314962060307153, -353911.884836567216553 ], [ 624477.482043407973833, -353787.208748426521197 ], [ 624499.425899072084576, -353682.28360048745526 ], [ 624529.302747996407561, -353563.058217234676704 ], [ 624559.443875146796927, -353460.324681015219539 ], [ 624599.831420699483715, -353349.091034865181427 ], [ 624653.618187248473987, -353199.681168345443439 ], [ 624697.503539065131918, -353091.660167584312148 ], [ 624744.991078131715767, -352985.960207504744176 ], [ 624781.126027890131809, -352893.403100868046749 ], [ 624816.184767660684884, -352813.468741308664903 ], [ 624854.423180320067331, -352729.854932555637788 ], [ 624900.126749989110976, -352613.108778562105726 ], [ 624950.685279152472503, -352510.560400225222111 ], [ 625009.088269399711862, -352402.780386973288842 ], [ 625074.283280829899013, -352290.784364722901955 ], [ 625139.787475996767171, -352183.53115099389106 ], [ 625198.706010478083044, -352088.884508784976788 ], [ 625261.336537747178227, -351996.094491193653084 ], [ 625353.467979924520478, -351864.927585245110095 ], [ 625414.813690437236801, -351781.86069620429771 ], [ 625501.634921299759299, -351664.107382675574627 ], [ 625611.801970148691908, -351517.445360370154958 ], [ 625700.837399606127292, -351406.008176098577678 ], [ 625796.041081940871663, -351279.051719748589676 ], [ 625860.156821070355363, -351184.462614716729149 ], [ 625919.086148711037822, -351115.304591906082351 ], [ 626001.475855240831152, -351042.264610031910706 ], [ 626101.725156510481611, -350948.460513079771772 ], [ 626176.422170009580441, -350869.880612557695713 ], [ 626246.781083399080671, -350784.826485595142003 ], [ 626339.12913769215811, -350683.381144104816485 ], [ 626426.392317941877991, -350567.109951462072786 ], [ 626485.846325019840151, -350471.683938275440596 ], [ 626550.937623151345178, -350404.244811987446155 ], [ 626639.528972576488741, -350333.117648950603325 ], [ 626667.462740132003091, -350211.716350697446615 ], [ 626671.014265841105953, -350112.484123515314423 ], [ 626720.271632236428559, -350028.033435670833569 ], [ 626795.204138037515804, -350132.005743192799855 ], [ 626875.54183818155434, -350079.911859699466731 ], [ 626930.705203296965919, -349950.150209768442437 ], [ 627017.491150399902835, -349818.526236456760671 ], [ 627084.877400476369075, -349719.97714295424521 ], [ 627151.279726714361459, -349603.455042586138006 ], [ 627207.140387219958939, -349466.822743492841255 ], [ 627256.829122254159302, -349339.468199327180628 ], [ 627327.18682572664693, -349236.864406734821387 ], [ 627366.747533749439754, -349136.888289741356857 ], [ 627405.377222204348072, -349034.911736934212968 ], [ 627441.498032689560205, -348955.968790943210479 ], [ 627493.130316290655173, -348842.200751154858153 ], [ 627535.952541840379126, -348739.188461840210948 ], [ 627566.246841424144804, -348659.819732337724417 ], [ 627622.091369493748061, -348570.622901839844417 ], [ 627687.588127381866798, -348456.087267412163783 ], [ 627738.986694800434634, -348328.112830335390754 ], [ 627780.019525941228494, -348228.546532259206288 ], [ 627831.872509160079062, -348148.435282280843239 ], [ 627898.004592423676513, -348052.844167751609348 ], [ 627961.28749153460376, -347947.682513074134476 ], [ 628007.273920686449856, -347859.461365204304457 ], [ 628049.862642230000347, -347780.436701301543508 ], [ 628121.445106304483488, -347687.494984061399009 ], [ 628181.056840690085664, -347599.178312549018301 ], [ 628238.64632391941268, -347487.988030612410512 ], [ 628294.648511476116255, -347377.780707187019289 ], [ 628358.753499002777971, -347262.339539774984587 ], [ 628439.657819528249092, -347165.700176509621087 ], [ 628538.373449410661124, -347077.030823704903014 ], [ 628633.854470627498813, -346989.508036339888349 ], [ 628703.811883265385404, -346905.239435727591626 ], [ 628762.538765500648879, -346801.939547387475614 ], [ 628828.877206152654253, -346691.491889450699091 ], [ 628889.910360304056667, -346608.573249206820037 ], [ 628960.80954747274518, -346517.581116437388118 ], [ 629049.464916724944487, -346404.754239569068886 ], [ 629115.161557130166329, -346313.84280279133236 ], [ 629175.637696765479632, -346227.752465197176207 ], [ 629212.968331204727292, -346133.460605978732929 ], [ 629245.586352034588344, -345992.095500283350702 ], [ 629260.276462045498192, -345887.34676355443662 ], [ 629271.320233470876701, -345776.218751873704605 ], [ 629267.683994189603254, -345658.702120991190895 ], [ 629247.181178913568147, -345526.829773489676882 ], [ 629240.257363810320385, -345366.729989971383475 ], [ 629214.066683173412457, -345247.567465916159563 ], [ 629172.245893162675202, -345130.837180998933036 ], [ 629129.403502976056188, -345009.619444879645016 ], [ 629101.166920156683773, -344833.703609448275529 ], [ 629093.825932138133794, -344692.085055079602171 ], [ 629091.737117431592196, -344566.759552560688462 ], [ 629085.284696794697084, -344458.542018330364954 ], [ 629070.612015663296916, -344336.627361577819102 ], [ 629046.927741655497812, -344225.145050529681612 ], [ 629025.743604443850927, -344142.221842739440035 ], [ 629013.981908580521122, -344043.31297808495583 ], [ 629003.335288976202719, -343927.328292701859027 ], [ 628984.062994379317388, -343791.497930651879869 ], [ 628969.676122564007528, -343666.272418654232752 ], [ 628956.429100224282593, -343571.292464131372981 ], [ 628940.84275771677494, -343479.230403361201752 ], [ 628920.177338666981086, -343379.085330421861727 ], [ 628886.325179576640949, -343273.052520241530146 ], [ 628866.570420484058559, -343167.287375632789917 ], [ 628845.559133563190699, -343059.555075106094591 ], [ 628818.694851712440141, -342944.671698736143298 ], [ 628812.249222637154162, -342828.92105505859945 ], [ 628818.378884056117386, -342702.136421795003116 ], [ 628816.727807682240382, -342561.376837754738517 ], [ 628803.380187736125663, -342411.298856599139981 ], [ 628787.15714059304446, -342274.441140290524345 ], [ 628756.976220689946786, -342153.981572278018575 ], [ 628712.452798196580261, -342011.708718302950729 ], [ 628673.265964225167409, -341889.752872069075238 ], [ 628637.739837119239382, -341810.645929818449076 ], [ 628590.130843108403496, -341731.531825521495193 ], [ 628535.584160820231773, -341648.736881433520466 ], [ 628490.161253938334994, -341559.343547245138325 ], [ 628442.24932077457197, -341465.370094710087869 ], [ 628398.820157487527467, -341321.953557460801676 ], [ 628413.766625512507744, -341187.559689130925108 ], [ 628439.229157891240902, -341076.064625243889168 ], [ 628471.252141637611203, -340939.504140058998019 ], [ 628499.800360656809062, -340783.851612966915127 ], [ 628533.838255201466382, -340670.067803636717144 ], [ 628589.582547281170264, -340577.584697517741006 ], [ 628676.143112838501111, -340463.37121937784832 ], [ 628775.949334775563329, -340347.6872549757245 ], [ 628860.807081439998001, -340239.346993717248552 ], [ 628934.499629061669111, -340164.76549639942823 ], [ 629049.922903951141052, -340069.177971219003666 ], [ 629182.043673406122252, -339966.016553282272071 ], [ 629283.225082284538075, -339889.355753953044768 ], [ 629390.596613825648092, -339805.169321868685074 ], [ 629510.391739735961892, -339734.066328637534752 ], [ 629606.361064198892564, -339690.608425507612992 ], [ 629718.44924128940329, -339640.534795416402631 ], [ 629838.41156145860441, -339592.281859730312135 ], [ 629924.277865812182426, -339545.043774650548585 ], [ 630018.599730118527077, -339488.684894727717619 ], [ 630119.337249620235525, -339433.636650645174086 ], [ 630219.448419824824668, -339399.157029592315666 ], [ 630337.523434452828951, -339364.973887545813341 ], [ 630431.706724648945965, -339273.734122018038761 ], [ 630481.931766100111417, -339150.941496497718617 ], [ 630486.327069573337212, -339016.421825407596771 ], [ 630450.636767285992391, -338909.411354541545734 ], [ 630412.850821645231918, -338813.457156868651509 ], [ 630424.640153554035351, -338677.6588439126499 ], [ 630426.972490179119632, -338563.49681793176569 ], [ 630365.743617123924196, -338468.47202847461449 ], [ 630280.710164215881377, -338376.713447914051358 ], [ 630219.321002583950758, -338287.800427194742952 ], [ 630146.304784419131465, -338184.378957941022236 ], [ 630084.843594636302441, -338100.770394699997269 ], [ 630041.054796999786049, -338014.745703580381814 ], [ 630002.62959945271723, -337922.175101108034141 ], [ 629981.92352305771783, -337811.347743072081357 ], [ 629969.841043997788802, -337659.752501696289983 ], [ 629952.925317620392889, -337534.269197594607249 ], [ 629956.252901557018049, -337405.129038323182613 ], [ 629971.693065921077505, -337274.176532765384763 ], [ 629989.71109029755462, -337175.806126768467948 ], [ 630021.519505616859533, -337071.785452738287859 ], [ 630057.143632551073097, -336966.571033897052985 ], [ 630091.442939160275273, -336857.196363714581821 ], [ 630133.716326105757616, -336728.234989899734501 ], [ 630174.626163975102827, -336632.313788568193559 ], [ 630214.050492656067945, -336542.75580923166126 ], [ 630249.638531193952076, -336464.473840593884233 ], [ 630297.868225728278048, -336365.789023674209602 ], [ 630339.397909931256436, -336285.872395206592046 ], [ 630383.896601331653073, -336207.582840561517514 ], [ 630453.959549294435419, -336108.514435318415053 ], [ 630528.665852201171219, -336026.589883934473619 ], [ 630592.656679391278885, -335956.155440885631833 ], [ 630672.988100163871422, -335870.571850946347695 ], [ 630750.454604214988649, -335787.928613281634171 ], [ 630817.401353389956057, -335730.221815821598284 ], [ 630913.996717787813395, -335650.035216510586906 ], [ 631033.876455853111111, -335553.54280218743952 ], [ 631120.29666809621267, -335476.035350390011445 ], [ 631192.964534581173211, -335422.347191156004556 ], [ 631277.79534959141165, -335366.048810098320246 ], [ 631386.423114326782525, -335302.479799993569031 ], [ 631525.887935589533299, -335229.457322310656309 ], [ 631654.902160576661117, -335165.306871113600209 ], [ 631781.842666781740263, -335110.752239674970042 ], [ 631855.980075533036143, -335063.615839812438935 ], [ 631965.356277274899185, -335025.867330343811773 ], [ 632068.526915565715171, -334993.512912584410515 ], [ 632150.592573691159487, -334971.94070366199594 ], [ 632248.029405094916001, -334948.60433910327265 ], [ 632349.648949891794473, -334922.187425063864794 ], [ 632440.990183229907416, -334899.866258736525197 ], [ 632537.261037271819077, -334877.887439272832125 ], [ 632681.179879263276234, -334870.423588712350465 ], [ 632792.758553060586564, -334832.790189928724431 ], [ 632859.403303113998845, -334759.472245131153613 ], [ 632876.906935007194988, -334653.743189841043204 ], [ 632882.42511047644075, -334526.121835967118386 ], [ 632935.691728583304211, -334402.942431507923175 ], [ 632966.623898081714287, -334324.197845147224143 ], [ 632943.755118723493069, -334203.153541746723931 ], [ 632916.933886154205538, -334109.595005784765817 ], [ 632890.466409809188917, -334016.801387249724939 ], [ 632875.977571040624753, -333898.769885025045369 ], [ 632886.931146057904698, -333762.570835844671819 ], [ 632904.151737510459498, -333674.634416418266483 ], [ 632926.411930720554665, -333589.111690295510925 ], [ 632958.521751515800133, -333500.293342255055904 ], [ 633011.449672703864053, -333370.685049188963603 ], [ 633066.50698122382164, -333225.22127381718019 ], [ 633119.838486314751208, -333122.424777555454057 ], [ 633167.619847668334842, -333046.208251612493768 ], [ 633226.65392064966727, -332956.600658301846124 ], [ 633292.899238865240477, -332863.38896639138693 ], [ 633387.151279913494363, -332742.466211925202515 ], [ 633480.768860748736188, -332633.74477611517068 ], [ 633547.415323413792066, -332563.738451168290339 ], [ 633622.327122862450778, -332491.502442682278343 ], [ 633716.261956753674895, -332409.833618238102645 ], [ 633818.553618142963387, -332316.007487128255889 ], [ 633945.97434717300348, -332223.528710768732708 ], [ 634033.222933415090665, -332164.364360507170204 ], [ 634118.451947288704105, -332109.833386794431135 ], [ 634218.1006680453429, -332056.862752436078154 ], [ 634311.645739744883031, -332006.4636279392289 ], [ 634412.765919400728308, -331960.449466241814662 ], [ 634529.254603652050719, -331912.38460089371074 ], [ 634655.873273002565838, -331864.603112945682369 ], [ 634764.457896175677888, -331829.683394669729751 ], [ 634845.36474390514195, -331803.498314979718998 ], [ 634961.15884562546853, -331763.678164687589742 ], [ 635081.709408685448579, -331738.301605305983685 ], [ 635186.02178999572061, -331725.538366648484953 ], [ 635294.788983584498055, -331718.947211295715533 ], [ 635406.081717075314373, -331722.170120369934011 ], [ 635536.734904665034264, -331733.40022269677138 ], [ 635692.832337823463604, -331707.547073830501176 ], [ 635798.78576404764317, -331610.483938856807072 ], [ 635899.348133532796055, -331561.941557744401507 ], [ 635984.112846834002994, -331520.283960610686336 ], [ 636082.894970778492279, -331436.395898538059555 ], [ 636194.725174648803659, -331341.974839497706853 ], [ 636296.637519263080321, -331269.660399841726758 ], [ 636369.285928047960624, -331192.432292357203551 ], [ 636435.1852897843346, -331106.186216674454045 ], [ 636503.211678448715247, -331012.215024716279004 ], [ 636573.828169669723138, -330924.696170447161421 ], [ 636638.145574241294526, -330850.546755195013247 ], [ 636708.997436157311313, -330763.918274662049953 ], [ 636792.029876248445362, -330688.907144162803888 ], [ 636885.895909490878694, -330607.35547175782267 ], [ 636987.930218512774445, -330570.440718842728529 ], [ 637068.823030450381339, -330602.803336434240919 ], [ 637120.73372673871927, -330673.609712054487318 ], [ 637223.048609522520564, -330748.13674768578494 ], [ 637267.231914139701985, -330857.020339157781564 ], [ 637338.222800218034536, -330943.358371869078837 ], [ 637437.224046599469148, -330938.533922947652172 ], [ 637525.356352693401277, -330824.059990211680997 ], [ 637569.770078133791685, -330720.248703432676848 ], [ 637640.464838788844645, -330605.802404112706427 ], [ 637706.424854337703437, -330474.255552196584176 ], [ 637732.872637545573525, -330361.311122875311412 ], [ 637765.773632179596461, -330246.887269492843188 ], [ 637802.447239416418597, -330143.590676756517496 ], [ 637805.903249849565327, -330056.846017108298838 ], [ 637806.184051274554804, -329964.418356179550756 ], [ 637807.473061636323109, -329838.165717503929045 ], [ 637794.733555556507781, -329734.15493227931438 ], [ 637753.169608548749238, -329631.241187357110903 ], [ 637723.183924588374794, -329524.838551971130073 ], [ 637742.911868827650324, -329421.693085494334809 ], [ 637744.407325972570106, -329317.587247077783104 ], [ 637739.210026658140123, -329224.003312949847896 ], [ 637678.691941063269041, -329081.007214779034257 ], [ 637575.869171223137528, -328998.058545887935907 ], [ 637424.337183192837983, -329013.351089872012381 ], [ 637311.214393163798377, -329090.686148436972871 ], [ 637180.676932466332801, -329086.201134210103191 ], [ 637044.876357110450044, -329096.745825877180323 ], [ 636950.949765003868379, -329118.981148051680066 ], [ 636865.95905319834128, -329130.560017849435098 ], [ 636761.278316862997599, -329143.836379512038548 ], [ 636635.513173583080061, -329199.108021033694968 ], [ 636562.042990820482373, -329327.217991106852423 ], [ 636480.857083818875253, -329386.654266556026414 ], [ 636475.216436433722265, -329478.769173453387339 ], [ 636451.820013131015003, -329576.600619510514662 ], [ 636378.625387615291402, -329643.824021669861395 ], [ 636293.511768645606935, -329584.611790055118036 ], [ 636205.656172394170426, -329643.109685416973662 ], [ 636103.436590906232595, -329705.260073757148348 ], [ 636046.585941227967851, -329773.842600583157036 ], [ 636009.180043715983629, -329858.322939896082971 ], [ 635954.165132751921192, -329954.115929887106176 ], [ 635861.460073836846277, -330054.50018614938017 ], [ 635759.235737985000014, -330133.233736517780926 ], [ 635687.638851896044798, -330180.561192763911095 ], [ 635591.062683507916518, -330239.719316021830309 ], [ 635458.909491499536671, -330303.99279749247944 ], [ 635330.828370492439717, -330382.189933911606204 ], [ 635211.206647605984472, -330466.982013673929032 ], [ 635113.275242476491258, -330513.877711645676754 ], [ 634982.192999357706867, -330546.805036247184034 ], [ 634887.528110327781178, -330663.32971870014444 ], [ 634754.037215104908682, -330698.383661290979944 ], [ 634632.038454996771179, -330680.313046037743334 ], [ 634502.299904764746316, -330677.29124716547085 ], [ 634375.230216125026345, -330674.365175530314445 ], [ 634268.487054493976757, -330672.699852784688119 ], [ 634176.711047617485747, -330687.723417014232837 ], [ 634060.792870859964751, -330711.403935668931808 ], [ 633980.69153936940711, -330679.656966918206308 ], [ 633905.471694089937955, -330640.460299319354817 ], [ 633821.653791278135031, -330583.698378531087656 ], [ 633724.474012673133984, -330542.366474882059265 ], [ 633627.185814674943686, -330527.746703715762123 ], [ 633548.415365167194977, -330492.436642876884434 ], [ 633442.437262302264571, -330421.307014947757125 ], [ 633284.862276824307628, -330393.344084990967531 ], [ 633206.197914049495012, -330316.407247813476715 ], [ 633161.533377983607352, -330203.334170495218132 ], [ 633126.686195641057566, -330061.805080619989894 ], [ 633085.746482708142139, -329948.51913434342714 ], [ 633043.771192161482759, -329824.08980712731136 ], [ 632934.850026419153437, -329908.187977907888126 ], [ 632810.661357530974783, -329925.02756721858168 ], [ 632691.1418274755124, -329954.257286819105502 ], [ 632556.402861767681316, -329965.834076787286904 ], [ 632411.566208216361701, -329954.296616297331639 ], [ 632248.141885081538931, -329927.968700541066937 ], [ 632126.371277621830814, -329857.817334534251131 ], [ 632081.308027157210745, -329771.884893864451442 ], [ 632058.849406311870553, -329663.558031256776303 ], [ 632023.429299625684507, -329581.351774674782064 ], [ 631987.903769056196325, -329495.422761085093953 ], [ 631952.276261038146913, -329405.764141307794489 ], [ 631912.793071002350189, -329304.89889046602184 ], [ 631855.71123042376712, -329159.194313154905103 ], [ 631798.449422564124689, -329032.144331440096721 ], [ 631747.873322777450085, -328944.335472498554736 ], [ 631703.016555048990995, -328865.866233956592623 ], [ 631646.919907056028023, -328785.519330730196089 ], [ 631573.668524716165848, -328688.347692233044654 ], [ 631506.557616846053861, -328603.003672483959235 ], [ 631439.868617025902495, -328519.242578174220398 ], [ 631369.681715816725045, -328433.936877487343736 ], [ 631289.426802378846332, -328343.86998926429078 ], [ 631215.209969979245216, -328257.378637675370555 ], [ 631145.094790933770128, -328155.795573378796689 ], [ 631086.231479825335555, -328036.468093363102525 ], [ 631021.67745358555112, -327936.962288535782136 ], [ 630973.323486355715431, -327857.006601931469049 ], [ 630908.744182421127334, -327779.390547773509752 ], [ 630858.580813094042242, -327700.626164511078969 ], [ 630785.125969899585471, -327597.559549087600317 ], [ 630703.638249890413135, -327469.326057525060605 ], [ 630637.073138568783179, -327366.558927692065481 ], [ 630581.826735096401535, -327287.193403063924052 ], [ 630523.492171669029631, -327216.093949721602257 ], [ 630467.686068088049069, -327113.933430705917999 ], [ 630413.051420350791886, -327005.84750937554054 ], [ 630372.874731403309852, -326905.784960732038599 ], [ 630344.342113125603646, -326820.508386340341531 ], [ 630302.637930130586028, -326714.226611492049415 ], [ 630233.266430078074336, -326606.417230235412717 ], [ 630152.765126305050217, -326549.419251060811803 ], [ 630081.158706240938045, -326433.344501261133701 ], [ 629991.934705606661737, -326322.656416851910762 ], [ 629916.151947781443596, -326283.539386443211697 ], [ 629831.042170493165031, -326293.14853214204777 ], [ 629742.880469789844938, -326337.250793088576756 ], [ 629658.365787580027245, -326272.233994226611685 ], [ 629580.966626740177162, -326167.633191717730369 ], [ 629504.555188378784806, -326050.545119342801627 ], [ 629450.751089120050892, -325904.957461149722803 ], [ 629442.175341090885922, -325789.219714983017184 ], [ 629443.229376431088895, -325695.535794779483695 ], [ 629442.055623437510803, -325598.815450166352093 ], [ 629442.165852294303477, -325493.276072350214235 ], [ 629442.688705343753099, -325399.495196421514265 ], [ 629445.872510580695234, -325299.118565935699735 ], [ 629460.912054878426716, -325184.551622395520099 ], [ 629501.877505538635887, -325059.626422444998752 ], [ 629519.141190914902836, -324972.781922834168654 ], [ 629502.81271149229724, -324874.875418812560383 ], [ 629471.384258591686375, -324789.259617587318644 ], [ 629436.423171617323533, -324704.943838688428514 ], [ 629411.812337307608686, -324620.648705631378107 ], [ 629381.277045190450735, -324523.379436779126991 ], [ 629361.127425838029012, -324431.3017596238642 ], [ 629348.365900926175527, -324317.503121575340629 ], [ 629339.875903147389181, -324171.967228595225606 ], [ 629341.28445795958396, -324040.681893380824476 ], [ 629347.134189348318614, -323921.728044528397731 ], [ 629349.989660082035698, -323824.479843128938228 ], [ 629353.470018923049793, -323737.612384064879734 ], [ 629355.478550401283428, -323639.731034076074138 ], [ 629355.578750682179816, -323543.148505658260547 ], [ 629351.653729082783684, -323445.896700362791307 ], [ 629349.73158888227772, -323358.370698253507726 ], [ 629363.599344074027613, -323220.620372045028489 ], [ 629383.389349898207001, -323099.734180333791301 ], [ 629406.761466013849713, -323000.575925935176201 ], [ 629435.53478625707794, -322904.014356615312863 ], [ 629448.974445887142792, -322793.620943270856515 ], [ 629467.176307685673237, -322651.21954897348769 ], [ 629501.222978891455568, -322530.147739089676179 ], [ 629528.671964836074039, -322432.157920271332841 ], [ 629558.230226028361358, -322296.487941878032871 ], [ 629589.988450460950844, -322131.194764404732268 ], [ 629617.524470775621012, -322004.553755847737193 ], [ 629633.094667526311241, -321915.796844706346747 ], [ 629654.724871185724624, -321805.726248476479668 ], [ 629696.673684277804568, -321681.76727143098833 ], [ 629730.966159010189585, -321580.889318506640848 ], [ 629758.398369266767986, -321499.228845754405484 ], [ 629782.233370598172769, -321412.834949638228863 ], [ 629809.893203207524493, -321321.121064160543028 ], [ 629833.723388936137781, -321237.687948403065093 ], [ 629868.397636025445536, -321125.556952345301397 ], [ 629904.329573550494388, -321028.226165306812618 ], [ 629955.178427211591043, -320906.349207600520458 ], [ 630001.324540781322867, -320778.544219500152394 ], [ 630060.424803046276793, -320687.93770434014732 ], [ 630137.45046933600679, -320580.483938759716693 ], [ 630199.657849719747901, -320430.100153328152373 ], [ 630181.410866348189302, -320309.887526998412795 ], [ 630126.426395685179159, -320189.859969241137151 ], [ 630138.627311229240149, -320042.394575311278459 ], [ 630215.899300674325787, -319926.039507496054284 ], [ 630259.47501812374685, -319850.147572571178898 ], [ 630291.89999421464745, -319724.205400850391015 ], [ 630311.569986122311093, -319621.185256801720243 ], [ 630326.861406681593508, -319534.059447928506415 ], [ 630337.500470689963549, -319448.826197735790629 ], [ 630348.527178873773664, -319346.310427620541304 ], [ 630369.428560998290777, -319244.261214293015655 ], [ 630398.146365058375522, -319146.629698422562797 ], [ 630418.528523860964924, -319050.629566538380459 ], [ 630438.798015276668593, -318938.199552877456881 ], [ 630436.290418517310172, -318791.627633653464727 ], [ 630416.297811721451581, -318665.687285558669828 ], [ 630384.028806831105612, -318557.724797496222891 ], [ 630357.420472822966985, -318475.906629041943233 ], [ 630304.921021496062167, -318390.37215511983959 ], [ 630265.906012243940495, -318260.525988258363213 ], [ 630184.680938961682841, -318171.158994243771303 ], [ 630061.924137525376864, -318206.390297436038963 ], [ 630043.132839269004762, -318089.858324669417925 ], [ 630078.305052577867173, -317973.240608559979592 ], [ 630101.015682671917602, -317856.619170873309486 ], [ 630143.357306214980781, -317705.791336587572005 ], [ 630235.233187574776821, -317616.446180372149684 ], [ 630281.345872279140167, -317483.566307114844676 ], [ 630261.616367693990469, -317350.591189177474007 ], [ 630219.141874890541658, -317220.91446421132423 ], [ 630144.19313830405008, -317112.188004634110257 ], [ 630079.266406467184424, -317055.364791588450316 ], [ 630020.750896516488865, -316970.773748567444272 ], [ 630078.834969177958556, -316897.226425851578824 ], [ 630176.842823173152283, -316828.016114614380058 ], [ 630235.661887901369482, -316720.365319188684225 ], [ 630298.055242138332687, -316570.669143680424895 ], [ 630303.303466903045774, -316437.980086717463564 ], [ 630265.018588206614368, -316308.673472754890099 ], [ 630248.879153029760346, -316201.885679869563319 ], [ 630203.465295511297882, -316079.137792715744581 ], [ 630170.262600326561369, -315949.471758045605384 ], [ 630172.243624343303964, -315841.790410142159089 ], [ 630200.891344568575732, -315699.660205283551477 ], [ 630230.438579152221791, -315600.204879961616825 ], [ 630276.374241112382151, -315455.775880692817736 ], [ 630337.659216315951198, -315339.412233428971376 ], [ 630392.1159567986615, -315223.367866704938933 ], [ 630436.649501701351255, -315123.331522630760446 ], [ 630482.922415412031114, -315030.737809967482463 ], [ 630548.30040725285653, -314922.461150008777622 ], [ 630648.941102355136536, -314737.708781154768076 ], [ 630715.888878815225326, -314616.827627268212382 ], [ 630757.792381133069284, -314506.134780032443814 ], [ 630794.723819478764199, -314393.178960674675182 ], [ 630855.87403520103544, -314295.180092236609198 ], [ 630949.252363486913964, -314171.471923485922161 ], [ 631003.905156805296429, -314049.626600762014277 ], [ 631050.086238726275042, -313932.080670980096329 ], [ 631096.535959191038273, -313803.064887831278611 ], [ 631125.167613824829459, -313721.033072097576223 ], [ 631160.11129304417409, -313619.763468003249727 ], [ 631196.145991414552554, -313512.133218370960094 ], [ 631231.059445303515531, -313401.41529916372383 ], [ 631277.041160919936374, -313242.1481837030733 ], [ 631315.445801154710352, -313130.632033912232146 ], [ 631345.60833232710138, -313009.195977009192575 ], [ 631382.900100601604208, -312862.823867696337402 ], [ 631420.017379123950377, -312718.288675753341522 ], [ 631457.137509001651779, -312570.644949771696702 ], [ 631488.160281273303553, -312437.53106911102077 ], [ 631521.848898454103619, -312328.877742108015809 ], [ 631547.900881626759656, -312240.627677093842067 ], [ 631575.123469217913225, -312147.435372037463821 ], [ 631612.640576853766106, -312012.209338993707206 ], [ 631625.185545142623596, -311896.177242310310248 ], [ 631641.199509861879051, -311805.714971709123347 ], [ 631672.915756049682386, -311674.928029523813166 ], [ 631698.67342104203999, -311518.911097671778407 ], [ 631709.957774722832255, -311406.647993469785433 ], [ 631714.69304961967282, -311314.59039458760526 ], [ 631720.972662689862773, -311229.707160447083879 ], [ 631733.336857840651646, -311117.73314109275816 ], [ 631746.264019951689988, -311003.417768444749527 ], [ 631758.843876800034195, -310892.938680427556392 ], [ 631773.190279082395136, -310738.399954685010016 ], [ 631775.046611674828455, -310550.941507573996205 ], [ 631780.732532497844659, -310391.647574793547392 ], [ 631788.107909688143991, -310219.498511459911242 ], [ 631804.46651661337819, -310105.469934378517792 ], [ 631815.782846931368113, -310015.889249516534619 ], [ 631826.789052748354152, -309910.4583071913803 ], [ 631795.750572391785681, -309827.391742000181694 ], [ 631734.528611826710403, -309724.618049384152982 ], [ 631667.718165558995679, -309639.347059323510621 ], [ 631560.878828413551673, -309571.410895863838959 ], [ 631560.821179546648636, -309463.411455696739722 ], [ 631587.660654061473906, -309348.290127673186362 ], [ 631608.290844868286513, -309219.217928060679697 ], [ 631622.159546559676528, -309092.960853061231319 ], [ 631643.676011809962802, -308936.899597780953627 ], [ 631659.74947581149172, -308818.117569483292755 ], [ 631670.78870376443956, -308729.123439610761125 ], [ 631681.358853266690858, -308640.290687682107091 ], [ 631696.415158380521461, -308509.516438905789983 ], [ 631714.471878358745016, -308349.899800889717881 ], [ 631732.304788155481219, -308209.829421735426877 ], [ 631754.441332631511614, -308084.010222475859337 ], [ 631772.889556071837433, -307977.505611503438558 ], [ 631790.145105681032874, -307862.430448188271839 ], [ 631808.732581487391144, -307722.886923834099434 ], [ 631824.893809572444297, -307636.520508051675279 ], [ 631845.324140819488093, -307537.979581716062967 ], [ 631864.011147330631502, -307447.381376013741829 ], [ 631888.910994953941554, -307319.763582912273705 ], [ 631910.106768133467995, -307189.519876733829733 ], [ 631924.679858123534359, -307084.957983061496634 ], [ 631934.284404046135023, -306995.726723927014973 ], [ 631937.263632785761729, -306889.827721820678562 ], [ 631920.555390211869963, -306767.203107083507348 ], [ 631849.976364599191584, -306660.203754123533145 ], [ 631732.333216828294098, -306642.324034038931131 ], [ 631628.34633209661115, -306669.473126664117444 ], [ 631616.497583718271926, -306533.397508410678711 ], [ 631648.826982535072602, -306382.980016588931903 ], [ 631541.681537883123383, -306382.735645780107006 ], [ 631445.831662431941368, -306418.091276111837942 ], [ 631379.082489879569039, -306316.46254263742594 ], [ 631492.047172660706565, -306246.69025820272509 ], [ 631589.258935073623434, -306150.17307055729907 ], [ 631669.704181547975168, -306023.72622999252053 ], [ 631749.585458935354836, -305889.169274697545916 ], [ 631802.244313964154571, -305755.02567748882575 ], [ 631871.421687294146977, -305580.813648148206994 ], [ 631920.018030577688478, -305405.06054619239876 ], [ 631950.364470201311633, -305288.715528835018631 ], [ 632022.600093494751491, -305188.592707141069695 ], [ 632032.112750690896064, -305066.778521631436888 ], [ 632076.000923049636185, -304927.215175394783728 ], [ 632127.861367451725528, -304793.510305642324965 ], [ 632176.26260265649762, -304670.113573562412057 ], [ 632203.33055073581636, -304560.417818216257729 ], [ 632226.335158861009404, -304450.976478242664598 ], [ 632254.013111416017637, -304320.555593142169528 ], [ 632283.568546941969544, -304202.382589194574393 ], [ 632313.154952704207972, -304113.25326839229092 ], [ 632337.906864369753748, -304025.331260430102702 ], [ 632404.286691215238534, -303930.586180205165874 ], [ 632458.297762855072506, -303814.718292125326116 ], [ 632508.426755148218945, -303700.529187992564403 ], [ 632546.841621239669621, -303623.081079433381092 ], [ 632602.011424241354689, -303508.615055129805114 ], [ 632654.847502056276426, -303407.578555593150668 ], [ 632718.006192570435815, -303303.683503589534666 ], [ 632777.428219513501972, -303214.611702019756194 ], [ 632809.148188619641587, -303118.724508373357821 ], [ 632800.229870253941044, -302995.261388084327336 ], [ 632781.00548281846568, -302899.730787651846185 ], [ 632743.136179793975316, -302798.542461164994165 ], [ 632690.752233375795186, -302715.804799067904241 ], [ 632607.592557217227295, -302695.034895338700153 ], [ 632475.321932974387892, -302689.96636715636123 ], [ 632362.449635155266151, -302627.408446706482209 ], [ 632285.360861128428951, -302521.355829548090696 ], [ 632203.781378892832436, -302410.990916241309606 ], [ 632118.93579155462794, -302348.37555849540513 ], [ 631995.318470914149657, -302302.53404834336834 ], [ 631971.715361959999427, -302412.422964401368517 ], [ 631967.635093689779751, -302499.183754798432346 ], [ 631898.623672654503025, -302610.724440368125215 ], [ 631879.683581343269907, -302467.724946935311891 ], [ 631869.761635625036433, -302374.678696123068221 ], [ 631877.187855125288479, -302281.544783349905629 ], [ 631886.575153527897783, -302157.453797355934512 ], [ 631828.416193159529939, -302058.920019374520052 ], [ 631752.983758057816885, -301975.189578027639072 ], [ 631739.996520202374086, -301881.210929662629496 ], [ 631741.185613610432483, -301790.750122002908029 ], [ 631742.206948181381449, -301703.534753077314235 ], [ 631741.839002417400479, -301610.480198066914454 ], [ 631738.597553041065112, -301500.903704562748317 ], [ 631702.179577244445682, -301387.931782993953675 ], [ 631603.93136396468617, -301307.217065434087999 ], [ 631540.443699891795404, -301203.596281350182835 ], [ 631501.976611642399803, -301112.103158805868588 ], [ 631452.549461807357147, -300994.087490922713187 ], [ 631382.032717407448217, -300868.771092244656757 ], [ 631357.098219134029932, -300786.046415878285188 ], [ 631451.312044520047493, -300814.147571770357899 ], [ 631520.840131177916192, -300903.294012197409756 ], [ 631571.289371543331072, -300974.137451231479645 ], [ 631622.482517771073617, -301047.254922844178509 ], [ 631675.450996496365406, -301131.286426037026104 ], [ 631757.114669110393152, -301261.831615711795166 ], [ 631834.904151852242649, -301380.103673725854605 ], [ 631883.912930759601295, -301456.725083980534691 ], [ 631882.775066657108255, -301577.098456735664513 ], [ 631894.807397452299483, -301669.903531914635096 ], [ 631906.378977868007496, -301760.119151745806448 ], [ 631927.183628192055039, -301861.670178673870396 ], [ 631970.511119171278551, -301955.505618690396659 ], [ 632045.643786536646076, -302010.867920050339308 ], [ 632148.23126936564222, -302065.961598665395286 ], [ 632245.050911725033075, -302119.477125898760278 ], [ 632345.680330439005047, -302173.745775481453165 ], [ 632466.186246336787008, -302211.676295151642989 ], [ 632592.441017262870446, -302282.858497336215805 ], [ 632710.042104364023544, -302298.991050301934592 ], [ 632821.827024177648127, -302303.761981851013843 ], [ 632924.286133141955361, -302262.591458327544387 ], [ 633042.185967043507844, -302176.835303821659181 ], [ 633154.736711863428354, -302085.082777326693758 ], [ 633235.18085662368685, -301968.667726203275379 ], [ 633272.78359314519912, -301852.209946124465205 ], [ 633298.303142627468333, -301769.690261837968137 ], [ 633339.904279096866958, -301671.210015035409015 ], [ 633381.505450344644487, -301572.729755575710442 ], [ 633433.8132019439945, -301478.254359112470411 ], [ 633486.121006902772933, -301383.778841211867984 ], [ 633597.414774761535227, -301210.811029584088828 ], [ 633708.708882620092481, -301037.843298193300143 ], [ 633848.17149483342655, -300811.648498216934968 ], [ 633987.634360327851027, -300585.453641676809639 ], [ 634187.401850959053263, -300302.069644074130338 ], [ 634387.170048681553453, -300018.685689787671436 ], [ 634487.737885534646921, -299863.014780997822527 ], [ 634588.305796386208385, -299707.343957161065191 ], [ 634635.244746344629675, -299627.508082713291515 ], [ 634682.183737830957398, -299547.672311150818132 ], [ 634898.04370754759293, -299240.339256556995679 ], [ 635135.281815009308048, -298901.058690872625448 ], [ 635362.307151413755491, -298561.778293783543631 ], [ 635553.704379616770893, -298275.743711962189991 ], [ 635693.142356874770485, -298078.838607941754162 ], [ 635832.58056297712028, -297881.933579221309628 ], [ 636128.855311440187506, -297496.129014279518742 ], [ 636425.131537247565575, -297110.324458365794271 ], [ 636590.008737171534449, -296914.776171915233135 ], [ 636754.886373743182048, -296719.227762447320856 ], [ 636871.5020254207775, -296586.206276467768475 ], [ 636988.118002315517515, -296453.184677456622012 ], [ 637387.539093405939639, -296020.885009521618485 ], [ 637786.962622397812083, -295588.585364374681376 ], [ 638014.802055725478567, -295362.478529440471902 ], [ 638242.642245276714675, -295136.37172977917362 ], [ 638520.093663748470135, -294839.751263190002646 ], [ 638797.546357239712961, -294543.130696830630768 ], [ 638867.897408633958548, -294485.286150691623334 ], [ 638959.67222074768506, -294426.131981694255956 ], [ 639171.429771653143689, -294218.648583238013089 ], [ 639360.41303582850378, -294024.456054871669039 ], [ 639478.358781382674351, -293904.749902395997196 ], [ 639596.304619899718091, -293785.043645121215377 ], [ 639908.587070398032665, -293475.144632832612842 ], [ 640220.870932486257516, -293165.245673105760943 ], [ 640274.520111081423238, -293074.764890383230522 ], [ 640328.169230557046831, -292984.283985369838774 ], [ 640348.356117632822134, -292883.117902995552868 ], [ 640368.543111347593367, -292781.951700436067767 ], [ 640391.391588995815255, -292696.76514425559435 ], [ 640439.701363079366274, -292590.301907044136897 ], [ 640578.017591330222785, -292519.878426246054005 ], [ 640739.76637805684004, -292498.277039239241276 ], [ 640888.368551190709695, -292467.27156740357168 ], [ 641041.730350137804635, -292414.504758310271427 ], [ 641157.634438389446586, -292330.078891791519709 ], [ 641244.7386831875192, -292258.271962613216601 ], [ 641626.654600884299725, -291947.113165585615207 ], [ 642008.572408982319757, -291635.954714638763107 ], [ 642485.63697104237508, -291247.672315347590484 ], [ 642962.704476604703814, -290859.390162374067586 ], [ 643221.342953833052889, -290646.630114876665175 ], [ 643479.982299839379266, -290433.870275835855864 ], [ 643750.68561076070182, -290209.140101687808055 ], [ 644021.389765917207114, -289984.410139044106472 ], [ 644293.416090655024163, -289776.990068565588444 ], [ 644616.354681707103737, -289540.331572211638559 ], [ 644728.908568382146768, -289463.558689686178695 ], [ 644848.834666309761815, -289379.470587592106313 ], [ 644967.422236728831194, -289295.048336905194446 ], [ 645108.10247919219546, -289211.314778296044096 ], [ 645264.879129225504585, -289100.303760728449561 ], [ 645416.300902327988297, -288988.621529191965237 ], [ 645508.761615200783126, -288920.815013679733966 ], [ 645601.22115559480153, -288854.340004822413903 ], [ 645693.680687753017992, -288787.864902771660127 ], [ 645782.116552046732977, -288728.042861022579018 ], [ 645908.062905428465456, -288650.285659104178194 ], [ 646083.603640227811411, -288523.31735785107594 ], [ 646226.988714110688306, -288415.621238134102896 ], [ 646446.737330107251182, -288269.393545154016465 ], [ 646666.486391564714722, -288123.165856342762709 ], [ 647060.414103508112021, -287874.600574110227171 ], [ 647454.343441038043238, -287626.035694092395715 ], [ 647688.840988596319221, -287463.846819631173275 ], [ 647923.339182590600103, -287301.65817290765699 ], [ 648107.321974998340011, -287199.703319210384507 ], [ 648291.305231707636267, -287097.74845980189275 ], [ 648493.297754992963746, -286989.752455516136251 ], [ 648695.290806901874021, -286881.756582653091755 ], [ 648829.448809162247926, -286789.371627365471795 ], [ 648963.607133699581027, -286696.986599385039881 ], [ 649028.341285955859348, -286631.188559858885128 ], [ 649093.075498246820644, -286565.390408696141094 ], [ 649134.173705242224969, -286479.179998698760755 ], [ 649185.562580148340203, -286356.126448121853173 ], [ 649216.434723591548391, -286245.597165391489398 ], [ 649284.325240483623929, -286178.234194131742697 ], [ 649382.984285759739578, -286098.357567409460898 ], [ 649507.620648430194706, -286062.419773704605177 ], [ 649636.12861847190652, -286093.921201889053918 ], [ 649733.866276788874529, -286139.504367081564851 ], [ 649878.988927325815894, -286120.055229133460671 ], [ 650030.445369945839047, -286077.089201785973273 ], [ 650140.885833904496394, -286042.70489394874312 ], [ 650268.687135941116139, -285997.361414568382315 ], [ 650396.488573280512355, -285952.018008068553172 ], [ 650617.435378873953596, -285822.08787221647799 ], [ 650838.382710173958912, -285692.157870264840312 ], [ 651098.799312761286274, -285526.200142648653127 ], [ 651359.216677462332882, -285360.242575223150197 ], [ 651818.488262158585712, -285078.446405008551665 ], [ 652277.762280598166399, -284796.650762654724531 ], [ 652669.126632062252611, -284599.469332786626182 ], [ 653060.492392948130146, -284402.288404624385294 ], [ 653259.321895031025633, -284311.542924584879074 ], [ 653458.151770187541842, -284220.797587170673069 ], [ 653645.931165218586102, -284139.45004273741506 ], [ 653833.710884304367937, -284058.102741763694212 ], [ 653958.389364188886248, -283987.665176574722864 ], [ 654083.068008123198524, -283917.227543913119007 ], [ 654305.336606920696795, -283815.034558634390123 ], [ 654527.760425233165734, -283712.771818444773089 ], [ 654657.504885041853413, -283654.141956817999016 ], [ 654837.675215294118971, -283576.633283598290291 ], [ 655010.483294902020134, -283497.745153268042486 ], [ 655153.036021365784109, -283430.184410391200799 ], [ 655260.619858368998393, -283382.187627973558847 ], [ 655368.203803560463712, -283334.190887414151803 ], [ 655452.469942081253976, -283303.988790602888912 ], [ 655536.736140205757692, -283273.786724155594129 ], [ 655647.010507842293009, -283224.011051351961214 ], [ 655757.285101200221106, -283174.235311448166613 ], [ 655860.829859375953674, -283132.916935676359572 ], [ 655977.359805746702477, -283099.186222819727845 ], [ 656078.676154242828488, -283047.173470329376869 ], [ 656175.958650705870241, -282996.492739442561287 ], [ 656305.735184123972431, -282936.492119587142952 ], [ 656431.474494225345552, -282880.942159679427277 ], [ 656522.922001989092678, -282840.056248258741107 ], [ 656783.803614828852005, -282735.203935328521766 ], [ 657044.685832663206384, -282630.351888185134158 ], [ 657299.294066016096622, -282527.275191986351274 ], [ 657553.90276678535156, -282424.198856947245076 ], [ 657682.10239558131434, -282373.552714419434778 ], [ 657810.302280644886196, -282322.906636616331525 ], [ 657907.12164525128901, -282287.373233521298971 ], [ 658003.941089836647734, -282251.839758671296295 ], [ 658091.800465119420551, -282215.405471757345367 ], [ 658179.659910341957584, -282178.971103349176701 ], [ 658265.729683109791949, -282140.307419609802309 ], [ 658382.498710781685077, -282095.029261965013575 ], [ 658493.239988832268864, -282046.580394266173244 ], [ 658574.621471362421289, -282008.928162852476817 ], [ 658683.128220563754439, -281960.522556967742275 ], [ 658791.635080337757245, -281912.116881790803745 ], [ 658891.261052726302296, -281867.098448735894635 ], [ 658991.012615437735803, -281822.023800154915079 ], [ 659082.568502076668665, -281781.014253629022278 ], [ 659201.246054162154905, -281732.621248151001055 ], [ 659315.161896782461554, -281697.027328771888278 ], [ 659458.598947859718464, -281629.789614473178517 ], [ 659559.318917588563636, -281574.635838130954653 ], [ 659670.543332258006558, -281521.515841236338019 ], [ 659821.761685392819345, -281467.09242107172031 ], [ 659949.241644135210663, -281425.448193648655433 ], [ 660034.009024556260556, -281391.844044102646876 ], [ 660131.66877793869935, -281346.122748104506172 ], [ 660217.798727560788393, -281306.454336972441524 ], [ 660364.946951419347897, -281255.3965752395452 ], [ 660560.234957220382057, -281192.9352964310674 ], [ 660714.841396873118356, -281140.53816960437689 ], [ 660915.554863451980054, -281076.061208215309307 ], [ 661116.268654442857951, -281011.584424730855972 ], [ 661247.807997045456432, -280978.033169028174598 ], [ 661379.347354609752074, -280944.48199852189282 ], [ 661495.975922569981776, -280909.566217125335243 ], [ 661612.604485734598711, -280874.65038728347281 ], [ 661698.032645835308358, -280857.22311388538219 ], [ 661783.460854803211987, -280839.795768813346513 ], [ 661915.003875984810293, -280803.549074646143708 ], [ 662046.546916612889618, -280767.302352069760673 ], [ 662148.255876290146261, -280739.109907880774699 ], [ 662249.964803083799779, -280710.917512575164437 ], [ 662355.737891955417581, -280685.425633228151128 ], [ 662461.511060757213272, -280659.933810069866013 ], [ 662632.382051172782667, -280612.948264396574814 ], [ 662803.253373257583007, -280565.962857417820487 ], [ 663012.089016504934989, -280514.976660183339845 ], [ 663220.925084762275219, -280463.990680496615823 ], [ 663338.905500984401442, -280433.795303804392461 ], [ 663492.150468469597399, -280389.486346719320863 ], [ 663658.944236487150192, -280352.606769218982663 ], [ 663787.765465525444597, -280327.141846177866682 ], [ 663947.772596309660003, -280297.668675207009073 ], [ 664107.779893266735598, -280268.195533235848416 ], [ 664239.318914658506401, -280237.34222329739714 ], [ 664370.858170298393816, -280206.488890132750385 ], [ 664464.42528674879577, -280186.376110330049414 ], [ 664620.701825896045193, -280159.595157505071256 ], [ 664760.030678556649946, -280134.142909665824845 ], [ 664861.733840475324541, -280112.691679573617876 ], [ 664970.215644936892204, -280091.248264032474253 ], [ 665078.697528102551587, -280069.804800632060505 ], [ 665202.773336783749983, -280045.683476187929045 ], [ 665329.568479798617773, -280014.825356054643635 ], [ 665449.583490370539948, -279985.307489017141052 ], [ 665579.082512333989143, -279961.192633008293342 ], [ 665684.842604083823971, -279949.182309770723805 ], [ 665798.049189300974831, -279945.942508477193769 ], [ 665903.813282769056968, -279930.562381625000853 ], [ 665996.023994539165869, -279911.796761996520218 ], [ 666101.103436011937447, -279902.481947722204495 ], [ 666219.736172033241019, -279896.552669722645078 ], [ 666307.187394895358011, -279890.587627890112344 ], [ 666429.22278467414435, -279873.204598645155784 ], [ 666551.258263980154879, -279855.821765748958569 ], [ 666644.818933073896915, -279842.450001680233981 ], [ 666772.27282484783791, -279829.11747485230444 ], [ 666930.215192522155121, -279829.300190906098578 ], [ 667177.64813716057688, -279818.802837312279735 ], [ 667383.731653721421026, -279808.257896053371951 ], [ 667813.509765588212758, -279799.321381342888344 ], [ 668243.288588123978116, -279790.386114537715912 ], [ 668342.249480640282854, -279797.241540863120463 ], [ 668441.210404438199475, -279804.09704071196029 ], [ 668553.73660614201799, -279804.228488956927322 ], [ 668666.26274937170092, -279804.360024938709103 ], [ 668766.596963136340491, -279796.389315909764264 ], [ 668866.931118520209566, -279788.418780416366644 ], [ 668980.846409386140294, -279760.244250748946797 ], [ 669090.713485828135163, -279715.888993573898915 ], [ 669189.103900064947084, -279631.41737979039317 ], [ 669144.481747041107155, -279531.276139764580876 ], [ 668994.757329405285418, -279458.308916456706356 ], [ 668867.38842841621954, -279397.500066711509135 ], [ 668615.383920961758122, -279257.014129285293166 ], [ 668363.379106772132218, -279116.528929417370819 ], [ 668292.949462287593633, -279057.135196871066 ], [ 668202.221350016072392, -278965.366072649601847 ], [ 668180.833338271593675, -278818.999289955478162 ], [ 668303.484780288650654, -278741.379884355643298 ], [ 668421.589244004106149, -278802.963231280329637 ], [ 668525.003058675327338, -278867.338025487493724 ], [ 668629.351593001978472, -278905.203489344974514 ], [ 668717.435806679422967, -278939.006062858912628 ], [ 668849.37964199995622, -279000.830897668667603 ], [ 668972.504464733297937, -279068.374540809600148 ], [ 669060.909831223776564, -279117.342785901098978 ], [ 669139.497454198892228, -279156.52666837500874 ], [ 669241.060578671516851, -279141.547870212467387 ], [ 669326.385567794088274, -279083.780054360802751 ], [ 669361.609158937586471, -279240.686378459155094 ], [ 669442.137800937518477, -279327.886508441937622 ], [ 669642.926574463024735, -279411.539815547585022 ], [ 669862.810901867109351, -279507.265232660691254 ], [ 670004.888499003369361, -279576.483780509966891 ], [ 670095.709765419480391, -279633.59300456737401 ], [ 670255.94687059125863, -279718.12667078821687 ], [ 670416.183866316801868, -279802.660630068625323 ], [ 670542.871767892269418, -279878.813420488324482 ], [ 670704.025326084927656, -279976.3251948277466 ], [ 670827.677638861816376, -280057.340890393650625 ], [ 670935.499664638424292, -280123.971558483084664 ], [ 671055.923869540565647, -280175.787370559992269 ], [ 671201.320090236607939, -280197.278126284305472 ], [ 671319.917907803785056, -280217.115078477247152 ], [ 671418.669947450864129, -280267.746966004604474 ], [ 671528.568894472206011, -280351.450677729211748 ], [ 671628.271937905461527, -280386.172765875584446 ], [ 671729.852004410000518, -280410.392567834467627 ], [ 671819.315702913794667, -280432.744245170732029 ], [ 671936.910600362345576, -280472.740195203281473 ], [ 672052.744372277054936, -280504.392340866441373 ], [ 672161.988933737156913, -280550.403127402765676 ], [ 672281.950857256888412, -280598.744264011154883 ], [ 672392.147501113591716, -280628.072761508345138 ], [ 672533.077928983839229, -280681.305323642678559 ], [ 672654.700858138967305, -280704.8548797769472 ], [ 672794.056489060632885, -280711.046978616970591 ], [ 672909.645031935535371, -280713.966636970406398 ], [ 673033.624578718328848, -280715.969553554488812 ], [ 673186.495471161440946, -280723.568665128375869 ], [ 673299.214880975545384, -280786.847992325609084 ], [ 673408.157618023338728, -280889.747025326418225 ], [ 673524.580043012625538, -280974.233504406001884 ], [ 673654.144248105352744, -281001.223414870444685 ], [ 673751.700954500003718, -281018.009821081417613 ], [ 673833.01734042679891, -281073.087441249517724 ], [ 673894.921589235542342, -281144.763845095818397 ], [ 673948.423292255960405, -281226.857564879697748 ], [ 674046.877535766339861, -281330.324161783093587 ], [ 674174.729435208486393, -281406.020060231618118 ], [ 674277.207705118926242, -281458.049923451035284 ], [ 674357.27383835602086, -281542.493602328584529 ], [ 674451.305857149185613, -281640.857515134615824 ], [ 674565.835806530434638, -281747.588474413438234 ], [ 674719.553836832055822, -281824.707264899043366 ], [ 674884.004814694402739, -281891.411845436901785 ], [ 674993.511868631234393, -281912.632265237043612 ], [ 675095.581477075233124, -281917.391564050805755 ], [ 675238.187960040406324, -281933.32311849918915 ], [ 675355.615524750202894, -281957.102525740396231 ], [ 675443.687544214888476, -281973.894361879967619 ], [ 675549.922036629985087, -282003.221484497829806 ], [ 675685.043180516804568, -282041.853198146738578 ], [ 675784.752900344668888, -282070.709127945359796 ], [ 676085.763350784312934, -282143.376571400207467 ], [ 676386.773979473509826, -282216.044839551439509 ], [ 676486.711664265836589, -282249.072813216771465 ], [ 676619.729040686972439, -282292.800957124156412 ], [ 676707.335093484725803, -282309.593217221670784 ], [ 676803.344108193763532, -282315.736715529870708 ], [ 676923.587917091674171, -282323.764067128940951 ], [ 677025.189650441869162, -282330.3780686869286 ], [ 677123.988435755949467, -282342.086637833272107 ], [ 677222.784374246955849, -282356.112498387927189 ], [ 677331.667347551090643, -282411.050132921722252 ], [ 677429.114618306746706, -282478.950281945988536 ], [ 677489.160069254925475, -282544.602631313609891 ], [ 677570.17501023109071, -282614.220475624781102 ], [ 677705.532668128609657, -282676.888144482043572 ], [ 677858.124944764422253, -282694.909795634623151 ], [ 677972.263119993847795, -282740.315530153922737 ], [ 678104.481868624920025, -282788.957184597267769 ], [ 678231.007334903813899, -282798.365575557400007 ], [ 678387.857663775561377, -282800.063053341640625 ], [ 678501.776182843488641, -282847.1684275509906 ], [ 678587.959204201353714, -282908.575176828424446 ], [ 678678.174146985635161, -282926.484579837182537 ], [ 678816.556040112162009, -282892.36268381238915 ], [ 678917.684742512763478, -282830.387132923933677 ], [ 679029.183817245066166, -282765.124790258705616 ], [ 679155.014293142361566, -282689.795897563511971 ], [ 679234.13610954512842, -282633.53954274446005 ], [ 679358.78332436515484, -282550.645558657182846 ], [ 679483.430611080722883, -282467.751592350425199 ], [ 679627.515540942666121, -282347.064464516879525 ], [ 679799.215650876984, -282209.35693456773879 ], [ 679927.262306838296354, -282191.350670755899046 ], [ 680044.645817068871111, -282152.568421823903918 ], [ 680142.972371079609729, -282125.700650621030945 ], [ 680375.249476531636901, -281972.794275238644332 ], [ 680570.059899405343458, -281843.272860080411192 ], [ 680697.697639491409063, -281755.933709472185001 ], [ 680825.335573787102476, -281668.594684434356168 ], [ 680936.558126501273364, -281587.908613582840189 ], [ 681047.78094183828216, -281507.222549636673648 ], [ 681167.205516464891843, -281428.02991482737707 ], [ 681286.630369992693886, -281348.837295603589155 ], [ 681447.114479426643811, -281237.069308860460296 ], [ 681607.59878691972699, -281125.301452532585245 ], [ 681694.928413362824358, -281067.572612091957126 ], [ 681797.184989139670506, -281000.964386140345596 ], [ 681870.331731935963035, -280953.598964089411311 ], [ 682030.064597752527334, -280847.020951560756657 ], [ 682189.797764317016117, -280740.442854049964808 ], [ 682274.897200793260708, -280677.520497190067545 ], [ 682359.996615173178725, -280614.598253324627876 ], [ 682458.534445874625817, -280540.570025907596573 ], [ 682557.072508227545768, -280466.54180095915217 ], [ 682642.190096196718514, -280389.530405677331146 ], [ 682727.307892342330888, -280312.519002387183718 ], [ 682857.96788557106629, -280197.005613655201159 ], [ 682988.628104891511612, -280081.492319171084091 ], [ 683125.302006593206897, -279928.909774492378347 ], [ 683261.976064927410334, -279776.327283872466069 ], [ 683338.169974932563491, -279679.653811235737521 ], [ 683442.755075158551335, -279542.973530917661265 ], [ 683521.942279684939422, -279438.517643181257881 ], [ 683721.412251729751006, -279169.593536122585647 ], [ 683920.882705122930929, -278900.669336615712382 ], [ 683975.788122689351439, -278830.663799021218438 ], [ 684122.593052405398339, -278630.26458782015834 ], [ 684251.096449418691918, -278453.200432846613694 ], [ 684432.608836149913259, -278231.711304124910384 ], [ 684638.770116240368225, -277981.333346232306212 ], [ 685007.735628321068361, -277560.608025036286563 ], [ 685335.621891918359324, -277188.030137141118757 ], [ 685672.436866188538261, -276833.260350753262173 ], [ 686009.253420333494432, -276478.490260805469006 ], [ 686334.105249550426379, -276149.658677194092888 ], [ 686658.958637875155546, -275820.826844621391501 ], [ 686875.482834039023146, -275637.199628409638535 ], [ 687092.007744907867163, -275453.572369051165879 ], [ 687231.643602788099088, -275323.979861644620541 ], [ 687420.743084813002497, -275153.665404590021353 ], [ 687536.239213587949052, -275092.264422414416913 ], [ 687622.057379392324947, -275055.296744956867769 ], [ 687735.510231262654997, -274987.960776917345356 ], [ 687848.963337062508799, -274920.624936847481877 ], [ 687937.792541065253317, -274862.156127906986512 ], [ 688026.621947671519592, -274803.68743551382795 ], [ 688105.778323656297289, -274727.409069620887749 ], [ 688212.188695243792608, -274627.065079407882877 ], [ 688293.950487153138965, -274554.868570774386171 ], [ 688585.863108602236025, -274329.06930535560241 ], [ 688877.776896387687884, -274103.270010357373394 ], [ 689062.161755139473826, -273977.442469074681867 ], [ 689246.547013728646562, -273851.614943408058025 ], [ 689389.129052595235407, -273753.912838854885194 ], [ 689531.711442239349708, -273656.210632336616982 ], [ 689673.536669825203717, -273567.406281627016142 ], [ 689815.362236872664653, -273478.601839528942946 ], [ 689906.048604282317683, -273427.551077802258078 ], [ 690063.158692317898385, -273343.215815711126197 ], [ 690221.011076773167588, -273261.847686342778616 ], [ 690333.331445600371808, -273207.858608772046864 ], [ 690416.932689062319696, -273156.798795817303471 ], [ 690511.737731890869327, -273093.517657258315012 ], [ 690630.054830314358696, -273016.548044013616163 ], [ 690754.340385210933164, -272938.473794188525062 ], [ 690846.90104745386634, -272880.751613981206901 ], [ 690979.014120589476079, -272806.024527529603802 ], [ 691111.127272041514516, -272731.297466212359723 ], [ 691305.201568996650167, -272614.381402591243386 ], [ 691534.360365449567325, -272475.263994309469126 ], [ 691648.946274106157944, -272400.885029091557954 ], [ 691761.284075993811712, -272334.660504596773535 ], [ 691869.139261215808801, -272274.362617036676966 ], [ 691954.974370782496408, -272227.384446145733818 ], [ 692043.427661304129288, -272174.477138168527745 ], [ 692167.810262407641858, -272109.728296005399898 ], [ 692305.54528776044026, -272036.287617270078044 ], [ 692385.231823001173325, -271989.268027454498224 ], [ 692464.932981824502349, -271930.93893067073077 ], [ 692581.607836863375269, -271869.202181686763652 ], [ 692698.158982631051913, -271805.454675151908305 ], [ 692821.098247552406974, -271737.757160840556026 ], [ 692937.464542160043493, -271670.553733924403787 ], [ 693061.563370224321261, -271570.187289104855154 ], [ 693464.04493574576918, -271345.687432166130748 ], [ 693905.350867290981114, -271312.514555375906639 ], [ 694258.475725117255934, -271225.231709463929292 ], [ 694659.369492673547938, -270949.025393056275789 ], [ 695175.355214468785562, -270915.952941528346855 ], [ 695684.491571847465821, -270930.119825788249727 ], [ 696105.277778537129052, -271018.417398059391417 ], [ 696532.870860671624541, -271093.226388261013199 ], [ 696845.528177845757455, -270810.156757769349497 ], [ 696846.098210760392249, -270378.18404637358617 ], [ 696887.311339554609731, -270013.760778820200358 ], [ 696976.179025204852223, -269548.156190579524264 ], [ 697268.809782711789012, -269008.573492573865224 ], [ 697602.059619100065902, -268556.788254321436398 ], [ 697982.798129122005776, -268132.063159971497953 ], [ 698247.850990429753438, -267916.423835236986633 ], [ 698540.220584604772739, -267579.326869997545145 ], [ 698852.842760325758718, -267330.001717544859275 ], [ 699158.659351592883468, -267094.166655266890302 ], [ 699627.512101817410439, -266784.300248500308953 ], [ 700028.440911462530494, -266501.342838849115651 ], [ 700320.665824397117831, -266278.989058616221882 ], [ 700694.459262309246697, -265982.496247900824528 ], [ 701163.481269101263024, -265551.134846012224443 ], [ 701476.176056296564639, -265254.560631761327386 ], [ 701788.747037220746279, -265052.48250036931131 ], [ 702142.018532052985393, -264877.457316222193185 ], [ 702502.170149896061048, -264634.943733241409063 ], [ 702883.013871034840122, -264149.465564607991837 ], [ 702904.01737591647543, -263670.258956363482866 ], [ 702924.894919690559618, -263285.549039823410567 ], [ 702993.207797773880884, -262968.399547046457883 ], [ 702973.339292496326379, -262590.385506063990761 ], [ 702926.24128817813471, -262266.333777287160046 ], [ 702797.705611651530489, -261915.176004602690227 ], [ 702682.783000478288159, -261537.037557851173915 ], [ 702527.131627730908804, -261152.096532783500152 ], [ 702330.557199559174478, -260908.847821094823303 ], [ 702086.412079565692693, -260699.286430874781217 ], [ 701726.67965879640542, -260617.820475228945725 ], [ 701326.158538058982231, -260576.801000131963519 ], [ 700884.998029446695, -260461.483292348770192 ], [ 700525.484564951504581, -260211.278860369435279 ], [ 700105.048727404908277, -259819.254317800950957 ], [ 699861.15195857163053, -259413.95979767316021 ], [ 699528.71469062322285, -259224.542629642732209 ], [ 699168.834750311798416, -259257.830209465697408 ], [ 698991.948812146438286, -259541.089112500776537 ], [ 699038.990176058840007, -259919.129613738099579 ], [ 699126.757867499254644, -260303.97224678855855 ], [ 699105.817512686830014, -260749.422279102233006 ], [ 699234.405719048227184, -261066.821592785709072 ], [ 698989.730719781247899, -261268.995866251585539 ], [ 699009.602671019500121, -261653.751435115205823 ], [ 698879.87515574938152, -262220.55427728779614 ], [ 698634.948866225313395, -262618.466708606574684 ], [ 698274.563886173069477, -263049.977426550642122 ], [ 697941.197580701555125, -263589.516175336495508 ], [ 697472.573683785740286, -263723.903147488774266 ], [ 697099.476933407131582, -263487.186752149718814 ], [ 696915.710802419343963, -263844.678205347154289 ], [ 696739.654270899714902, -263486.724241258925758 ], [ 696896.159139579627663, -263210.192452723160386 ], [ 697296.969120181282051, -263014.969425048853736 ], [ 697765.776661991141737, -262738.838797725504264 ], [ 697297.394018443417735, -262684.239877649000846 ], [ 696808.480482763843611, -262757.858303672459442 ], [ 696652.908799601835199, -262305.437734912673477 ], [ 696985.81922284536995, -262116.875258627027506 ], [ 697413.606487644719891, -262063.42630487435963 ], [ 697814.705742416088469, -261645.465089341829298 ], [ 697631.92401270987466, -261233.505018694326282 ], [ 697659.451907142531127, -260943.307366122928215 ], [ 697319.680091673624702, -261185.858843278489076 ], [ 697075.698329008650035, -260848.068427840888035 ], [ 697300.379112402093597, -260348.884941752097802 ], [ 697036.035458919825032, -260004.320106857398059 ], [ 696703.430230427067727, -259949.901806762063643 ], [ 696391.013818135368638, -260037.250659510755213 ], [ 696235.338889836450107, -259659.078667710797163 ], [ 696391.960292948759161, -259288.05060239721206 ], [ 696188.936573747661896, -258768.079048551910091 ], [ 695972.1539450683631, -258389.832099930004915 ], [ 695816.481974737718701, -258004.913109030603664 ], [ 695721.853578854119405, -257667.317856197303627 ], [ 695701.948954705265351, -257296.068489166907966 ], [ 695722.855464701657183, -256864.124272618733812 ], [ 695662.288574500475079, -256432.07870778394863 ], [ 695234.776219398831017, -256256.060418419336202 ], [ 694793.701418526237831, -256066.528285428415984 ], [ 694304.909718883573078, -256032.177590716804843 ], [ 693816.35115556535311, -255808.843664305633865 ], [ 693368.428945311810821, -255666.555559350963449 ], [ 692927.378402703907341, -255456.783245330647333 ], [ 692499.881589858909138, -255267.277896174491616 ], [ 692167.492100619245321, -255030.643909584876383 ], [ 691922.749194786767475, -255300.323367708391743 ], [ 692146.377582137240097, -255644.815309751895256 ], [ 691745.760595686733723, -255684.824757136986591 ], [ 691345.275444106315263, -255616.844997538690222 ], [ 690944.798845817102119, -255542.117048201645957 ], [ 690524.003625447046943, -255426.869690828083549 ], [ 690347.800114944111556, -255163.432308547402499 ], [ 689811.117517252918333, -255439.510621990717482 ], [ 689390.606242672889493, -255088.04082778681186 ], [ 689567.643236360047013, -254656.2953412332281 ], [ 689744.680463476921432, -254224.549358511780156 ], [ 689609.329917579889297, -253859.92357753336546 ], [ 689256.463984968140721, -253711.018109968397766 ], [ 688835.60097033996135, -253649.774179808911867 ], [ 688455.50597762898542, -253561.582735996111296 ], [ 688075.674234310747124, -253250.666372496576514 ], [ 688591.794666210422292, -253136.538012716948288 ], [ 689033.57032144558616, -252738.851424566819333 ], [ 689257.913624694105238, -252489.392107358231442 ], [ 689658.620764445513487, -252375.128319312847452 ], [ 689990.978436453966424, -252645.496601574443048 ], [ 690411.805892423028126, -252740.488587100961013 ], [ 690323.978226975072175, -252375.918653243163135 ], [ 690080.017853395082057, -251990.915626930887811 ], [ 689904.029614447033964, -251538.500838285748614 ], [ 690236.790149213047698, -251471.401479717838811 ], [ 690528.943153503467329, -251296.26454858208308 ], [ 690773.033818559255451, -251573.278403271746356 ], [ 690928.836924093076959, -251870.436272674181964 ], [ 691526.217460961081088, -251945.392424630117603 ], [ 692063.003473376389593, -251595.065559753740672 ], [ 692463.314892634400167, -251818.276269953959854 ], [ 692748.675386421382427, -251649.883263199706562 ], [ 693061.324624865315855, -251373.531963732617442 ], [ 693265.350832331343554, -251090.30051276422455 ], [ 693442.243704887921922, -250786.78773720638128 ], [ 693286.505546303698793, -250435.629223795607686 ], [ 692974.953018423402682, -249794.059091854142025 ], [ 692709.870181590085849, -250036.722234023094643 ], [ 692485.420652869390324, -250367.176318618701771 ], [ 692172.756531410268508, -250657.028219635860296 ], [ 691704.216901833890006, -250710.464976305869641 ], [ 691419.571770009817556, -250278.165326993912458 ], [ 691059.768644669093192, -250243.991794912202749 ], [ 690747.53231265861541, -250176.128655056847492 ], [ 690394.336304796044715, -250297.199966517306166 ], [ 689993.678868961753324, -250364.220859472930897 ], [ 689661.258050261298195, -250141.10147264553234 ], [ 689505.576068814843893, -249735.958877878932981 ], [ 689885.674960522912443, -249830.895703951333417 ], [ 690462.820238937158138, -249797.828170040476834 ], [ 690951.647828494780697, -249811.903759696666384 ], [ 691400.170769885182381, -249461.466175320965704 ], [ 691441.211233641253784, -249205.037887300451985 ], [ 691645.224852141807787, -248928.553914054558845 ], [ 691977.833599549485371, -248996.441336921503535 ], [ 692046.336353388382122, -248483.567361069930485 ], [ 692107.976905572228134, -248031.429775460273959 ], [ 691999.939739527180791, -247525.096746373514179 ], [ 691796.821826507220976, -247038.900982395134633 ], [ 691552.845466910861433, -246653.899467139679473 ], [ 691308.757124991272576, -246363.390442105446709 ], [ 691112.24259351042565, -246032.441721422597766 ], [ 690868.199359919759445, -245701.438533493084833 ], [ 690753.276037102099508, -245269.345711732807104 ], [ 691180.877585829701275, -245398.080042993882671 ], [ 691357.071852579130791, -245688.508461786695989 ], [ 691553.571312283398584, -246032.956364743411541 ], [ 691736.561225515091792, -246316.644711555185495 ], [ 692001.145030021201819, -246499.188509079394862 ], [ 692178.119805077207275, -246121.429034261323977 ], [ 692422.422278286656365, -246229.706112658925122 ], [ 692449.192520670359954, -246560.459155808959622 ], [ 692313.033958598738536, -246870.772279183176579 ], [ 692421.183840579818934, -247282.614165248494828 ], [ 692597.324477024492808, -247613.543668884958606 ], [ 693065.746557125356048, -247668.093334811273962 ], [ 693493.00637497426942, -248080.316686652280623 ], [ 693825.474622774170712, -248269.697485506418161 ], [ 694198.906126440851949, -248270.14306581672281 ], [ 694111.356683632242493, -247669.3352216934436 ], [ 694139.182001211564057, -247109.161884329718305 ], [ 694336.445043338695541, -246805.669760593154933 ], [ 694383.419202527380548, -247271.439835533936275 ], [ 694538.986949462792836, -247771.08735308717587 ], [ 694579.119999591843225, -248277.347093714633957 ], [ 694578.626877565984614, -248689.065386247850256 ], [ 694870.639461165643297, -248642.169193778681802 ], [ 694978.795647396007553, -249040.519771245832089 ], [ 695358.878902285825461, -249155.719232766336063 ], [ 695623.464306260459125, -249331.526138272980461 ], [ 695956.076899165753275, -249399.423776602023281 ], [ 696289.229611900402233, -249021.852764061797643 ], [ 696249.054635499604046, -248556.085442365001654 ], [ 696602.35754287824966, -248360.77564273859025 ], [ 696847.28669300454203, -247949.348577170807403 ], [ 697050.481242294539697, -248361.318296693498269 ], [ 697117.723361021606252, -248901.365710506535834 ], [ 697470.707970584277064, -248969.291014379414264 ], [ 697471.233608352253214, -248537.318151957442751 ], [ 697763.177304525976069, -248551.172508469171589 ], [ 698006.991669599199668, -249057.689881965168752 ], [ 698026.766705848858692, -249543.685562104044948 ], [ 698026.262283281888813, -249955.410804575105431 ], [ 698379.179083387367427, -250077.337050037895096 ], [ 698651.191888235975057, -249733.440630873374175 ], [ 699052.111882298253477, -249470.697911730880151 ], [ 699493.897135262726806, -249106.760710553440731 ], [ 699806.752625369932503, -248681.91731585218804 ], [ 700139.804274705587886, -248398.84121705184225 ], [ 699943.280164882540703, -248088.11461988982046 ], [ 699699.291973220300861, -247723.333447598124621 ], [ 699210.421524819452316, -247722.735093630122719 ], [ 699407.913328916649334, -247243.751555813447339 ], [ 699788.452765329508111, -246994.47924750376842 ], [ 700189.057782732881606, -246994.969433604506776 ], [ 700324.301478294772096, -247447.36362338392064 ], [ 700629.847585149575025, -247447.739094113407191 ], [ 701078.215644338051789, -247259.299408296617912 ], [ 701411.205964461434633, -247030.219545076193754 ], [ 701723.752797164255753, -246861.861883040750399 ], [ 702036.367168087163009, -246639.506511556071928 ], [ 702457.431006661849096, -246572.529237460636068 ], [ 702946.271075604949147, -246606.883323820220539 ], [ 703394.656784107559361, -246411.696072040533181 ], [ 703767.959088886389509, -246533.656289805308916 ], [ 704215.977448116755113, -246635.461537310678978 ], [ 704657.045686859171838, -246865.506587960961042 ], [ 704548.032778854249045, -247162.362399388104677 ], [ 704194.654180360492319, -247398.16355277528055 ], [ 703861.613419521949254, -247660.989305295457598 ], [ 703637.002768243313767, -248092.695246514253085 ], [ 704037.765104613965377, -247971.700752053555334 ], [ 704411.478711576666683, -247762.925167791894637 ], [ 704792.060191905242391, -247493.409841648681322 ], [ 705260.821044807322323, -247298.253538939898135 ], [ 705641.244594186544418, -247156.985180252668215 ], [ 705974.0874491664581, -247056.156533614645014 ], [ 706374.611097643617541, -247130.910664908529725 ], [ 706706.977212061290629, -247408.076633943797788 ], [ 707128.171233572531492, -247246.612842391768936 ], [ 707753.063447272637859, -247092.158353043516399 ], [ 707372.942417639191262, -246990.426566282025306 ], [ 706972.391143080545589, -246935.919641412066994 ], [ 707332.595014807302505, -246679.879157813818892 ], [ 707597.771635872428305, -246396.718440367345465 ], [ 707706.842392478720285, -246059.360114577575587 ], [ 708066.595996956108138, -246161.065062904235674 ], [ 708447.072014999343082, -245986.04935464222217 ], [ 708868.351253934553824, -245763.835943958722055 ], [ 708352.624965261900797, -245499.932844070746796 ], [ 708047.148671961389482, -245432.046611940924777 ], [ 707802.98932593758218, -245202.24027503959951 ], [ 707307.513569949776866, -245032.867743250331841 ], [ 706866.520664568641223, -244735.317806525126798 ], [ 707335.149922800716013, -244654.907157243200345 ], [ 707980.234509134315886, -244648.969047770573525 ], [ 708557.290385120548308, -244744.196772965427954 ], [ 709025.787687946576625, -244771.789734194113407 ], [ 708978.708319376572035, -244413.981498290173477 ], [ 708958.781101027387194, -244062.957719382131472 ], [ 708891.295015097362921, -243732.123908490146277 ], [ 708422.710095654590987, -243772.033345199801261 ], [ 707934.068865129491314, -243562.171049891068833 ], [ 708199.239441758021712, -243285.756196646281751 ], [ 708627.235514919506386, -243124.294668253802229 ], [ 709000.833806036040187, -243023.514921615889762 ], [ 709361.056346658500843, -242760.719091662991559 ], [ 709470.195770925143734, -242369.357050827442436 ], [ 709382.352593907620758, -242024.997326883778442 ], [ 709783.107985468348488, -241931.000881286279764 ], [ 710027.25029619410634, -242181.058317213144619 ], [ 710046.991583533701487, -242680.583928940934129 ], [ 709958.195767457131296, -243092.222178523312323 ], [ 709713.425205696141347, -243341.662867629667744 ], [ 709937.055641700513661, -243699.696012520726072 ], [ 710338.066199564840645, -243403.203776918613585 ], [ 710785.985606608795933, -243599.523519320995547 ], [ 711186.930809119949117, -243357.032104773446918 ], [ 711560.027143036015332, -243654.510301877453458 ], [ 711586.593553944025189, -244120.298727241839515 ], [ 711470.715728588984348, -244464.403630534507101 ], [ 711803.047919308068231, -244775.332879235822475 ], [ 712183.016268879640847, -245005.324190315994201 ], [ 712583.407558617182076, -245194.843169151630718 ], [ 713031.288020956213586, -245418.175910300342366 ], [ 713404.490615314221941, -245627.913719607167877 ], [ 713872.829406696022488, -245783.775816707406193 ], [ 714232.881956532481126, -245662.742224430898204 ], [ 713961.597284018411301, -245405.883052900724579 ], [ 713764.989483253797516, -245162.622246421087766 ], [ 713561.765287465415895, -244784.350910169858253 ], [ 713494.384300597361289, -244379.255712337588193 ], [ 713522.0345173177775, -244001.283916037296876 ], [ 713474.996994300046936, -243616.465686129726237 ], [ 713387.232603775453754, -243218.095093621639535 ], [ 713340.270930500118993, -242772.526415419502882 ], [ 713279.735390556394123, -242320.190402468258981 ], [ 713144.415894888108596, -241935.260448636079673 ], [ 713076.949428633670323, -241590.918366049416363 ], [ 713057.084937554202043, -241192.636277753917966 ], [ 713057.651484024012461, -240747.129466351791052 ], [ 713125.960745751974173, -240429.96070780250011 ], [ 713255.462674887385219, -240052.118429726484464 ], [ 713255.86469481093809, -239734.863189202209469 ], [ 713303.835139332339168, -239390.667705787200248 ], [ 713324.795734857441857, -238924.935842758655781 ], [ 713101.144824605318718, -238573.647597627161304 ], [ 713169.55329987546429, -238175.476912426733179 ], [ 713190.442872852087021, -237763.746116222435376 ], [ 712885.290622981265187, -237419.107869778876193 ], [ 712729.559063286404125, -237054.407526546652662 ], [ 712662.173519246978685, -236635.817428070848109 ], [ 712703.389083085698076, -236257.863281183032086 ], [ 712642.658124748151749, -235947.283315061213216 ], [ 712527.758913256344385, -235508.384644440695411 ], [ 712508.138520505046472, -234900.852209883189062 ], [ 712549.483984374441206, -234414.896685577725293 ], [ 712617.917162608820945, -233989.725260580918984 ], [ 712665.885625869967043, -233638.779469433560735 ], [ 712686.764612114871852, -233227.049425427103415 ], [ 712667.120756742195226, -232633.016994719277136 ], [ 712620.11299876566045, -232200.953518096270273 ], [ 712708.857433995115571, -231823.056732398486929 ], [ 712621.249821345903911, -231269.442254574707476 ], [ 712309.356824843445793, -230864.057920921186451 ], [ 712153.556826286017895, -230539.865353024681099 ], [ 712045.260322370915674, -230242.731107890664134 ], [ 711801.142723905970342, -229945.433383800293086 ], [ 711420.70023049088195, -230066.475737702916376 ], [ 711135.227019942714833, -230275.383103405998554 ], [ 711264.881130264606327, -229755.78606953585404 ], [ 711265.416222046362236, -229310.284011607029242 ], [ 710980.404003295232542, -229134.441444286174374 ], [ 710579.565329861594364, -229275.712263237772277 ], [ 710063.555317645310424, -229187.34596230610623 ], [ 709778.044932793476619, -229430.005371639330406 ], [ 709444.982930082129315, -229686.107786991109606 ], [ 709044.294089083676226, -229705.880640691117151 ], [ 708773.009923802223057, -229408.560206365364138 ], [ 709201.023026616545394, -229253.819263506826246 ], [ 709486.547865092288703, -228997.659486832591938 ], [ 709663.730383101501502, -228478.12131135945674 ], [ 709467.023668924928643, -228282.138634020986501 ], [ 709174.659883017651737, -228578.791166090290062 ], [ 708889.17579481867142, -228801.201877110317582 ], [ 708597.00549131189473, -228935.855285173282027 ], [ 708284.303691750159487, -229205.483112281537615 ], [ 707951.006761921569705, -229664.084152652852936 ], [ 707707.021224281517789, -229252.050843063509092 ], [ 707285.962544416426681, -229271.804388249700423 ], [ 706885.309231496183202, -229264.583344763464993 ], [ 706437.073305104160681, -229297.806697363004787 ], [ 706240.439111779909581, -229041.081359603966121 ], [ 706838.216825030278414, -228886.53436944168061 ], [ 707463.105293145985343, -228779.269773907813942 ], [ 708020.286022858112119, -228503.178729837149149 ], [ 708400.721837484743446, -228382.128106273303274 ], [ 708557.279727958608419, -228071.815276798035484 ], [ 708931.101773922913708, -227802.25768711528508 ], [ 709155.682084018131718, -227397.524682334216777 ], [ 709665.008789724204689, -227398.125421158794779 ], [ 709976.981024048873223, -227749.493804574100068 ], [ 710424.764422470587306, -228107.775292844919022 ], [ 710601.804760094499215, -227709.7349011398328 ], [ 710289.848590604146011, -227344.864386785426177 ], [ 710134.204989545280114, -226878.930152669840027 ], [ 709557.084226181264967, -226776.999948584998492 ], [ 709224.671882388414815, -226479.610408813518006 ], [ 708892.02925617992878, -226377.970901779539417 ], [ 708471.024458361673169, -226343.728667871997459 ], [ 708668.335338464472443, -226026.711777586868266 ], [ 709021.730699536041357, -225804.376315909670666 ], [ 709402.00727151776664, -225825.071142926666653 ], [ 709402.457529584644362, -225440.323324843746377 ], [ 709314.598969822283834, -225075.722208672668785 ], [ 709735.545388130005449, -225163.963688912597718 ], [ 710095.103119538980536, -225481.634543303254759 ], [ 710515.644521635491401, -225914.129240897542331 ], [ 710895.660615097847767, -226157.57813782474841 ], [ 711228.178223036346026, -226367.222447369480506 ], [ 711425.480748267145827, -226063.704228514543502 ], [ 711317.436795852612704, -225543.823258516233182 ], [ 711365.436784477438778, -225152.377522747352486 ], [ 711365.826360126375221, -224821.625918850069866 ], [ 711366.358118520234711, -224369.373847265582299 ], [ 711495.914186326903291, -223924.02300962418667 ], [ 711584.793579989578575, -223417.873764779680641 ], [ 711653.148379862890579, -223039.95097727238317 ], [ 711456.57213427789975, -222722.469263711449457 ], [ 711076.68533796898555, -222357.524892295099562 ], [ 710472.176994788460433, -222431.073284724348923 ], [ 710166.015592624899, -222909.968325788271613 ], [ 709826.494016270036809, -222875.824729401792865 ], [ 709405.119525543879718, -223152.08600836613914 ], [ 708895.719079317525029, -223205.496738528978312 ], [ 708495.460686852340586, -222840.538169839943293 ], [ 708006.675670577445999, -222684.728215197596001 ], [ 707517.496988685335964, -222873.164943953714101 ], [ 707401.630276331794448, -223237.526961594790919 ], [ 707204.409593409160152, -223480.297026255255332 ], [ 706823.907697100075893, -223655.357921696850099 ], [ 706532.246813067933545, -223344.529940023145173 ], [ 706043.489866175572388, -223168.475984387128847 ], [ 705602.232192016323097, -223026.227380647673272 ], [ 705133.428011960582808, -223221.440337172010913 ], [ 704841.215113720973022, -223396.604281370411627 ], [ 704508.654134378302842, -223220.732819125434617 ], [ 704019.610655303462408, -223301.177943601738662 ], [ 703530.735954894218594, -223233.129333092103479 ], [ 703931.814581501530483, -222869.092876397888176 ], [ 704536.207205435610376, -222876.524062338954536 ], [ 705025.344792566029355, -222715.081450701953145 ], [ 705338.023543435730971, -222458.941839028469985 ], [ 705827.042199157411233, -222405.49693061990547 ], [ 706316.039449547184631, -222372.302804280887358 ], [ 706757.438651376287453, -222393.054510743415449 ], [ 707178.888643472804688, -222042.540589414478745 ], [ 707539.050852587679401, -221840.45414126990363 ], [ 707959.933830935042351, -221989.432872480654623 ], [ 708360.830140758189373, -221800.893509046989493 ], [ 708320.453478708048351, -221476.850627395266201 ], [ 708049.082453153212555, -221233.543479878018843 ], [ 707628.05117483693175, -221212.814310028246837 ], [ 707227.493800333468243, -221104.360721831035335 ], [ 706962.905348762869835, -220867.814751804573461 ], [ 706691.532854874618351, -220624.51218229715596 ], [ 706250.433411229634658, -220333.770535681862384 ], [ 705782.07753787515685, -220123.998934499977622 ], [ 705401.757375710643828, -220137.072253232414369 ], [ 705585.428665257175453, -219860.534825696900953 ], [ 705273.389366402523592, -219542.943913365219487 ], [ 704913.682949150912464, -219340.048350777797168 ], [ 704581.133501590811647, -219143.934283170150593 ], [ 704180.739217658876441, -218886.998198915214743 ], [ 703556.042888929136097, -218805.310541734099388 ], [ 703182.285008938866667, -219027.640425848163432 ], [ 702822.400526270037517, -218986.745639303611824 ], [ 702510.209830318461172, -218804.159777052496793 ], [ 702177.62330497324001, -218641.801791601494187 ], [ 701756.796723666018806, -218438.850466519012116 ], [ 701220.286259238608181, -218451.76493303355528 ], [ 700907.992430927115493, -218363.679408091236837 ], [ 701247.832482767058536, -218100.811226441292092 ], [ 701465.499787854263559, -217777.062630900618387 ], [ 701092.098931662272662, -217675.412049327685963 ], [ 700643.989110709866509, -217580.431450776406564 ], [ 700243.439153597108088, -217465.254636482539354 ], [ 699931.202401933493093, -217323.175678678031545 ], [ 699598.606788333272561, -217167.576489057741128 ], [ 699333.979574224096723, -216958.05427427586983 ], [ 699001.477256568148732, -216714.712495440500788 ], [ 698845.685990492929704, -216336.568235448998166 ], [ 698512.981092519243248, -216282.217315840272931 ], [ 698486.21834783628583, -215904.211634013074217 ], [ 698085.716789062367752, -215741.797025602165377 ], [ 697821.186124886502512, -215437.786545142356772 ], [ 697468.14318137196824, -215349.669949976494536 ], [ 697067.60566251212731, -215221.007136637635995 ], [ 696667.145962967304513, -215018.100993045256473 ], [ 696239.423308255849406, -214909.661146742029814 ], [ 695886.468934922828339, -214737.180434772832086 ], [ 696266.805880807107314, -214700.454661272728117 ], [ 696464.084596027387306, -214376.683533794450341 ], [ 696667.527388239162974, -214653.626618327311007 ], [ 697040.986641563707963, -214701.264282659074524 ], [ 697489.006371525698341, -214883.972441180289024 ], [ 697957.889946033363231, -214600.983709988970077 ], [ 697998.274024993763305, -214945.25456569713424 ], [ 698398.799227993586101, -215087.418534480035305 ], [ 698779.065642786445096, -215121.568876287085004 ], [ 699111.880686440388672, -215074.67439152742736 ], [ 699532.895069816033356, -215108.869586380111286 ], [ 699913.055480143404566, -215244.266897470399272 ], [ 699892.271723563666455, -215628.974188400781713 ], [ 700177.246765890391544, -215865.516300874238368 ], [ 700489.50166086293757, -215994.09429647467914 ], [ 700958.279505597543903, -215819.106141251337249 ], [ 701426.550294805434532, -216116.596174886479275 ], [ 701826.974192732479423, -216353.267960052093258 ], [ 702424.590970149147324, -216360.665080002334435 ], [ 702940.758984122425318, -216327.476982768508606 ], [ 703205.336962009081617, -216584.25543358142022 ], [ 703497.204495151876472, -216726.318786275747698 ], [ 703897.857055306318216, -216753.756018280459102 ], [ 704319.083935659378767, -216598.972381393890828 ], [ 704299.146205182536505, -216200.713009027385851 ], [ 704095.857964546303265, -215788.753991477220552 ], [ 704075.866725646075793, -215437.743606010015355 ], [ 703831.696129861637019, -215147.237646087596659 ], [ 703696.324302245280705, -214728.605167860485381 ], [ 704049.471950263949111, -214728.98808004357852 ], [ 704232.441064082202502, -215093.675097471015761 ], [ 704605.830507805338129, -215215.578124300751369 ], [ 704897.643141256296076, -215411.641115182021167 ], [ 704985.27229132456705, -216012.470084756729193 ], [ 705365.035641932627186, -216512.374083954899106 ], [ 705473.115394005086273, -217038.97981527223601 ], [ 705248.429415559745394, -217558.468070146016544 ], [ 705540.168973371153697, -217815.284599038161105 ], [ 706049.35540293622762, -217957.596740854292875 ], [ 706497.541437576641329, -217991.845171513938112 ], [ 706518.268688439624384, -217674.624607108184136 ], [ 706790.10832151514478, -217506.180582216300536 ], [ 706722.623479288886301, -217121.362649125425378 ], [ 706831.786947911023162, -216669.242373083892744 ], [ 707164.57759080408141, -216656.112202361866366 ], [ 707388.308680727845058, -217000.605731235904386 ], [ 707544.200711057521403, -217277.525577225256711 ], [ 707475.857356266118586, -217662.193516775034368 ], [ 707563.759008662775159, -218006.536885699519189 ], [ 707964.499710294883698, -217959.736939061491285 ], [ 707631.263177408487536, -218371.107379653927637 ], [ 707454.28018253762275, -218735.403220734122442 ], [ 707521.72956698667258, -219147.223105539305834 ], [ 707677.418477297993377, -219599.642296969948802 ], [ 707873.944805731414817, -219971.109749777504476 ], [ 708226.883274938794784, -220153.757824608619558 ], [ 708627.506185509380884, -220208.212641988822725 ], [ 708967.2082213612739, -220087.100432884442853 ], [ 709408.657446450088173, -220074.103811422537547 ], [ 709829.741464115213603, -220054.335043010942172 ], [ 709966.038637402351014, -219642.741653311211849 ], [ 710502.716975256451406, -219501.605345653544646 ], [ 710230.491334699210711, -220000.793843382823979 ], [ 710542.768800573772751, -220109.151915507623926 ], [ 711099.674777162843384, -220096.291961948561948 ], [ 711520.606944186030887, -220211.527502023876878 ], [ 711921.032731517450884, -220441.491924365051091 ], [ 712321.246384132653475, -220853.709752925788052 ], [ 712565.288111131871119, -221238.747962772555184 ], [ 712992.860942759318277, -221482.249997166189132 ], [ 713393.109472588868812, -221860.724318520282395 ], [ 713704.941633061738685, -222347.099012975173537 ], [ 714166.532016757875681, -222536.646692356880521 ], [ 714526.611003330093808, -222422.319590059923939 ], [ 714595.226179635501467, -221828.387101956788683 ], [ 715016.708913103677332, -221477.875762107840274 ], [ 715329.338820658274926, -221289.239662383770337 ], [ 715798.046253259293735, -221208.79105083696777 ], [ 716198.78420432866551, -221175.514322161878226 ], [ 716484.179525070358068, -221047.598338267882355 ], [ 716661.222989643923938, -220656.295060440344969 ], [ 717041.821411366458051, -220427.237837197841145 ], [ 717266.358983101439662, -220076.491092563053826 ], [ 717551.965556931681931, -219773.067883014708059 ], [ 717864.755428462522104, -219456.175876255903859 ], [ 717668.285181742045097, -219044.177232099551475 ], [ 717444.527498120209202, -218733.401447226700839 ], [ 717377.063812249805778, -218348.557622177089797 ], [ 717425.009809349896386, -218004.351069374446524 ], [ 717649.523177586379461, -217673.852047750347992 ], [ 717935.138668640516698, -217363.674831926357001 ], [ 718112.190267334925011, -216965.616290245816344 ], [ 717827.364294488215819, -216600.76831510005286 ], [ 717290.920867316192016, -216512.389016139524756 ], [ 717291.423749069683254, -216080.373794569226447 ], [ 717291.886453838436864, -215682.109691547433613 ], [ 717183.719262164202519, -215249.968653546471614 ], [ 717095.832406170200557, -214898.85450487252092 ], [ 717429.011607516207732, -214568.477563110471237 ], [ 717626.449344811961055, -214156.940027413365897 ], [ 717871.39879799541086, -213772.45773930606083 ], [ 718272.436923419008963, -213496.159304600878386 ], [ 718788.930933655938134, -213226.744169636571314 ], [ 718857.239627615781501, -212889.308003631304018 ], [ 719162.555352462339215, -213166.423345127899665 ], [ 719474.912648020894267, -213227.538001737615559 ], [ 719835.213150006718934, -212944.441719130176352 ], [ 720053.173279791837558, -212411.417307927389629 ], [ 719809.029505352373235, -212093.868973462871509 ], [ 719524.047273190342821, -211850.528500264510512 ], [ 719320.839391623972915, -211371.022019145573722 ], [ 719748.477699149632826, -211594.274458007857902 ], [ 720210.652072680764832, -211318.042827777419006 ], [ 720659.127579812891781, -211143.050697051017778 ], [ 720971.935270720161498, -210819.393813416856574 ], [ 721040.276179476990364, -210454.952083727286663 ], [ 721258.159020210150629, -209989.426553115597926 ], [ 721482.640051919268444, -209692.667557075910736 ], [ 721727.498016705852933, -209395.931530254485551 ], [ 722127.813850632170215, -209760.914867498533567 ], [ 722372.728206051280722, -209416.925770444446243 ], [ 722820.90943343215622, -209505.198975117964437 ], [ 723242.165038669132628, -209384.178253269288689 ], [ 723507.248233839753084, -209222.473979471367784 ], [ 723752.080496590468101, -208952.738513700402109 ], [ 723888.331325189792551, -208601.871022604609607 ], [ 724133.094335420755669, -208392.889071829617023 ], [ 724466.149709477555007, -208190.759405930759385 ], [ 724778.821407381794415, -207995.356464642012725 ], [ 725091.548797699855641, -207752.699830592464423 ], [ 725248.350378137431107, -207253.34185993814026 ], [ 725248.79482711746823, -206868.561892501660623 ], [ 725446.09252177446615, -206592.017506199714262 ], [ 725758.658646663534455, -206491.120026947493898 ], [ 726091.243717078352347, -206700.771732705819886 ], [ 726226.465309549123049, -207240.974051144585246 ], [ 726518.176433695014566, -207551.839761154114967 ], [ 726646.712012580013834, -207997.528232024429599 ], [ 726360.881245295982808, -208469.735164939018432 ], [ 726136.110839668195695, -209002.767661230143858 ], [ 725646.860119323362596, -209177.709933223464759 ], [ 725402.10137846833095, -209379.940161682519829 ], [ 724980.626619096379727, -209683.221677816734882 ], [ 724667.789542244398035, -210020.382198254141258 ], [ 724307.558071596547961, -210229.227141080336878 ], [ 723933.69626962672919, -210478.558951562154107 ], [ 723688.799991367035545, -210802.296160653291736 ], [ 723288.086974965175614, -210781.577278783312067 ], [ 722948.393847926752642, -210855.436621560686035 ], [ 722547.45491839479655, -211030.4815836136695 ], [ 722261.605801330879331, -211529.680773769126972 ], [ 722213.557844205526635, -211961.652000224450603 ], [ 721928.071414654143155, -212150.330855103762588 ], [ 721724.082125821732916, -212345.854837382823462 ], [ 721323.093662653933279, -212568.150603586429497 ], [ 721125.543440602952614, -213067.449061359366169 ], [ 720921.335229288320988, -213451.982428875169717 ], [ 720676.580800476600416, -213660.958193675993243 ], [ 720411.277734072413296, -214018.417587834526785 ], [ 720254.716674560215324, -214315.250325343513396 ], [ 720030.315931688877754, -214544.499836580536794 ], [ 719785.571628522593528, -214746.723996174201602 ], [ 719696.772063828306273, -215178.641584407741902 ], [ 719295.832478039665148, -215367.181483837921405 ], [ 719403.869012306910008, -215907.333834859164199 ], [ 719675.136904911138117, -216251.919326824514428 ], [ 719919.331832067109644, -216515.470169029315002 ], [ 720184.013304561725818, -216684.54133317549713 ], [ 720006.931559226708487, -217102.853595527529251 ], [ 720026.667298752116039, -217642.904829963023076 ], [ 719958.068353084032424, -218216.602844497654587 ], [ 720025.286585139110684, -218803.963148538925452 ], [ 719956.853798231109977, -219235.903748253709637 ], [ 719712.08659068250563, -219458.372709675313672 ], [ 719603.040518431924284, -219775.508180368022295 ], [ 719466.795462130568922, -220119.612169044150505 ], [ 719289.800523198209703, -220463.666964552860009 ], [ 719309.779003317118622, -220794.456805989932036 ], [ 719642.049706288962625, -221226.877139964839444 ], [ 720042.446505586267449, -221483.872809637075989 ], [ 720381.816056207870133, -221659.792228150967276 ], [ 720755.061760117183439, -221903.257738969521597 ], [ 721243.567550697829574, -222308.874939458968583 ], [ 721134.490082181524485, -222646.261757954984205 ], [ 720645.337439580005594, -222773.923064627335407 ], [ 720576.83755219145678, -223253.116129300266039 ], [ 720841.321776559809223, -223570.706851997587364 ], [ 721221.33633334597107, -223827.687048365973169 ], [ 721220.822587857488543, -224246.211080896115163 ], [ 721396.871728136320598, -224678.453333648707485 ], [ 721620.460011875024065, -225110.755350463412469 ], [ 722041.770529994741082, -224922.264363743073773 ], [ 722422.124229194363579, -224902.483965958555928 ], [ 722843.379220122820698, -224761.246673039306188 ], [ 723271.418972406419925, -224626.7687056454306 ], [ 723535.780232721939683, -225038.876852303597843 ], [ 723399.426158990943804, -225457.2367676004651 ], [ 723222.322346574859694, -225875.545172678976087 ], [ 723669.94156931922771, -226375.641027277335525 ], [ 724070.509515829267912, -226484.151843675877899 ], [ 724424.00383826950565, -226221.32629221433308 ], [ 724716.323882398428395, -225998.926652963156812 ], [ 724845.764008557307534, -225681.814454926614417 ], [ 725002.336928299628198, -225391.738067295256769 ], [ 725361.879232456558384, -225722.967170184478164 ], [ 725762.375056644319557, -225892.236423307535006 ], [ 726027.881685676518828, -225393.029127029207302 ], [ 726293.175991974887438, -225062.585208112432156 ], [ 726517.720540497917682, -224732.089439534553094 ], [ 726538.682559467619285, -224266.324665562104201 ], [ 726871.785667043295689, -224023.722142146463739 ], [ 727367.825398014043458, -223835.329687938996358 ], [ 727184.879727996652946, -223490.817527741921367 ], [ 727185.363180990330875, -223106.032763064955361 ], [ 727518.485764115699567, -222849.927199124533217 ], [ 727966.901995918480679, -222728.979131120227976 ], [ 728259.428655667346902, -222351.310310525761452 ], [ 728232.701949623646215, -222000.242331474873936 ], [ 728545.342464263783768, -221831.868244984943885 ], [ 728966.341185782803223, -221913.40550171569339 ], [ 729279.077232223469764, -221670.7742196477775 ], [ 729551.079370083636604, -221414.589840569620719 ], [ 729218.602791491663083, -221150.894479144801153 ], [ 728749.98166525317356, -221130.054652118647937 ], [ 728390.302848687046207, -220893.331203770969296 ], [ 728418.254166494123638, -220265.554212928313063 ], [ 728262.751986438524909, -219691.554545516410144 ], [ 728528.252579942112789, -219199.085723971860716 ], [ 729037.941041843267158, -218970.195302445354173 ], [ 729330.343999234843068, -218693.780120887793601 ], [ 729663.290778982336633, -218586.182538140012184 ], [ 730111.830522939912044, -218377.468258426408283 ], [ 730465.450189917581156, -218033.620844341901829 ], [ 730730.663726051338017, -217777.422505673312116 ], [ 731111.261287051951513, -217588.874997769220499 ], [ 731464.312495891703293, -217704.078328086645342 ], [ 731912.657501378329471, -217657.382821239734767 ], [ 732265.937895716167986, -217590.316640956327319 ], [ 732422.624131733668037, -217219.217946513876086 ], [ 732959.213295331923291, -217219.889642358350102 ], [ 733360.153152099810541, -217065.122871714353096 ], [ 733407.241453163791448, -217429.728200797748286 ], [ 733556.212963033583947, -217794.461966288276017 ], [ 733827.555086030391976, -218071.589712822780712 ], [ 734024.898070940515026, -217781.55126759383711 ], [ 734113.870586455799639, -217248.343746334547177 ], [ 734426.624074963852763, -217005.705798431969015 ], [ 734759.014577775029466, -217350.421189544256777 ], [ 735160.335317547665909, -216898.616793036344461 ], [ 735656.162433753605001, -216912.745629627024755 ], [ 736186.492255886434577, -216501.608995579561451 ], [ 736547.021867682458833, -216083.505235711927526 ], [ 736703.897742826957256, -215570.629093502036994 ], [ 736832.587648512562737, -215861.084315151791088 ], [ 737213.138223575660959, -215726.546440445788903 ], [ 737546.082513922592625, -215639.205462237325264 ], [ 737790.964532183716074, -215362.724221036914969 ], [ 738171.76698563050013, -215032.406480645295233 ], [ 738525.400580703397281, -214702.053579038241878 ], [ 738797.592682320857421, -214317.588206134707434 ], [ 738458.269631861941889, -214074.120625933312112 ], [ 738574.238781614694744, -213682.70598471770063 ], [ 738947.987487965030596, -213561.658903435018146 ], [ 739348.865310035529546, -213474.401806844573002 ], [ 739688.892317839199677, -213164.281746419670526 ], [ 739798.036594312870875, -212799.860145076265326 ], [ 740266.588834306574427, -212915.221984468371375 ], [ 740511.785601870506071, -212395.695503149618162 ], [ 741041.87788429367356, -212193.832174828246934 ], [ 741422.607990689924918, -211931.019197947520297 ], [ 741694.756882722722366, -211587.054016650450649 ], [ 741912.461148738395423, -211324.033487179287476 ], [ 742340.496805848320946, -211257.063750509259989 ], [ 742537.943803309462965, -210899.499865866615437 ], [ 742694.66759728291072, -210514.878893280576449 ], [ 742871.684787211706862, -210197.795304699306143 ], [ 743184.262281593400985, -210117.175842136377469 ], [ 743632.640031547052786, -210083.987420057877898 ], [ 744074.508774448535405, -209827.999513252987526 ], [ 744496.051871895440854, -209531.477701985248132 ], [ 744924.063946996466257, -209491.513306911831023 ], [ 744943.979444476193748, -209856.109479003527667 ], [ 745296.993251146515831, -210032.093634956429014 ], [ 745119.848917082184926, -210443.698096869688015 ], [ 744766.164520177291706, -210794.314554224023595 ], [ 744765.655093650566414, -211192.640866958128754 ], [ 745051.133029391872697, -211057.980207732500276 ], [ 745296.035432528005913, -210781.489580239343923 ], [ 745608.851371247787029, -210518.588145437388448 ], [ 746057.217844690196216, -210498.908749579248251 ], [ 746478.517498210771009, -210398.178893854172202 ], [ 746545.953461692552082, -210783.094050011684885 ], [ 746565.915183277567849, -211107.185979667090578 ], [ 746633.392689059837721, -211458.344814436917659 ], [ 746925.69432984245941, -211303.440440437931102 ], [ 746857.161327427020296, -211769.197926591703435 ], [ 746720.811054054531269, -212147.099102942855097 ], [ 747121.511866336571984, -212215.132868563639931 ], [ 747522.476772787049413, -212080.625650373462122 ], [ 747414.278858056059107, -211702.405890914145857 ], [ 747944.261355590075254, -211608.573862302262569 ], [ 748168.108320132130757, -211858.668352144450182 ], [ 748167.545164161478169, -212290.760162092978135 ], [ 748187.298296560300514, -212770.138671943132067 ], [ 748322.770502224797383, -213067.379827440337976 ], [ 748166.114549500867724, -213384.492596581723774 ], [ 747921.273469753679819, -213606.969187321170466 ], [ 747499.83302862464916, -213815.710874290700303 ], [ 747322.533784442814067, -214335.337366596737411 ], [ 746942.154782662284561, -214314.58427078553359 ], [ 746561.361080145346932, -214611.14638037700206 ], [ 746649.128711104858667, -215023.095852850034134 ], [ 747008.922482503112406, -215199.105145281209843 ], [ 746736.637117753387429, -215630.835831731936196 ], [ 747273.053614097647369, -215800.328665534005268 ], [ 747850.219225961249322, -215976.629581349232467 ], [ 747810.051651526475325, -215530.981728635728359 ], [ 748231.768611106090248, -215112.949990421970142 ], [ 748320.666118357330561, -214667.471601029654266 ], [ 748809.994423695257865, -214492.579857905686367 ], [ 748946.3365489494754, -214128.180220269510755 ], [ 749231.78720683301799, -214020.53332918570959 ], [ 749346.947717720177025, -214263.739404430263676 ], [ 749591.1488475240767, -214527.371415079600411 ], [ 749876.734899505972862, -214318.453201589174569 ], [ 750216.200479951337911, -214460.685867571184644 ], [ 750657.589450150146149, -214582.800885232310975 ], [ 750990.550489276181906, -214508.977418339054566 ], [ 751302.943735579610802, -214576.910021338640945 ], [ 751234.570602550404146, -214907.646002486435464 ], [ 751458.282102245022543, -215252.276132008031709 ], [ 751437.359281878918409, -215657.343163264304167 ], [ 751057.182131878100336, -215481.292249805323081 ], [ 750724.023343408829533, -215703.647531784023158 ], [ 750703.200854189693928, -216034.445866751862923 ], [ 751015.236536612384953, -216365.691403325850843 ], [ 751436.832975131343119, -216048.934412216127384 ], [ 751456.7122514504008, -216420.29846894252114 ], [ 751123.270415710052475, -216851.950072404666571 ], [ 750830.678898888174444, -217216.139971502270782 ], [ 750857.413222638890147, -217540.251095992192859 ], [ 750965.681045843171887, -217850.969513104530051 ], [ 750965.177855574409477, -218222.304976305691525 ], [ 750944.166438307496719, -218688.134621817531297 ], [ 750984.262713384116068, -219174.302055893000215 ], [ 751405.665047600516118, -218999.33534798034816 ], [ 751745.709772903705016, -218709.480536948423833 ], [ 752079.183507452718914, -218257.577282822108828 ], [ 752364.711614107596688, -218095.927463193016592 ], [ 752793.04213049786631, -217826.446024206554284 ], [ 753010.89918605692219, -217475.657264053967083 ], [ 753126.896639316459186, -217097.722480871307198 ], [ 753256.415836566127837, -216767.06735633010976 ], [ 753569.303962102159858, -216470.419212626904482 ], [ 753970.431086177239195, -216227.903898066258989 ], [ 754371.201315427082591, -216248.704527395573677 ], [ 754772.027734805364162, -216228.995716151199304 ], [ 755017.246568696573377, -215743.205342364090029 ], [ 755350.373281775508076, -215554.610398868797347 ], [ 755799.014723842148669, -215345.917659270664444 ], [ 756003.310666725970805, -214981.600328416854609 ], [ 755867.977521586581133, -214589.813120537612122 ], [ 756024.70118132175412, -214238.93377325226902 ], [ 756290.15511448145844, -213861.19423530070344 ], [ 756603.126705133006908, -213510.525520466297166 ], [ 756868.444705861969851, -213234.061312287056353 ], [ 757072.640940711018629, -212944.009957106958609 ], [ 757161.476922181085683, -212559.27626882045297 ], [ 757338.508699852740392, -212262.435267682711128 ], [ 757651.474247686681338, -211918.514636627165601 ], [ 757984.75750868441537, -211621.883636963000754 ], [ 758406.083943425561301, -211527.92741468368331 ], [ 758834.104633791954257, -211508.251593837660039 ], [ 758990.804945000680164, -211177.620724358363077 ], [ 759208.766313593019731, -210759.297354918642668 ], [ 759433.302363809896633, -210503.028147574921604 ], [ 759590.185374990105629, -210037.357298358198022 ], [ 759855.566117996815592, -209720.374482402257854 ], [ 760100.557318402454257, -209410.115503297565738 ], [ 760372.696742346393876, -209120.148300849104999 ], [ 760637.96118090627715, -208890.939040477853268 ], [ 760971.200189791736193, -208634.813013815204613 ], [ 761304.495101638953201, -208338.174512998491991 ], [ 761576.619630934321322, -208061.708977872185642 ], [ 761841.97840618295595, -207764.977604268846335 ], [ 762154.794822371099144, -207542.581956121517578 ], [ 762487.957293476443738, -207347.221474221587414 ], [ 762936.699061475461349, -207091.247950910241343 ], [ 763134.422607612912543, -206571.604325404914562 ], [ 762842.493123712949455, -206415.91409604815999 ], [ 762468.592993740690872, -206590.965498334058793 ], [ 762020.287615241599269, -206522.843702844635118 ], [ 761735.252403300837614, -206292.893318884103792 ], [ 761552.169774217996746, -206029.320157129812287 ], [ 761131.085494679398835, -205927.478754735086113 ], [ 761308.157225935836323, -205603.618611160520231 ], [ 761736.405496272491291, -205428.636294551572064 ], [ 762157.519537719432265, -205510.221890174783766 ], [ 762313.382640934083611, -205807.519886673253495 ], [ 762537.039172135991976, -206212.942272287473315 ], [ 762901.087664046091959, -206331.168503457651241 ], [ 763094.357889515464194, -206051.640247133065714 ], [ 763359.829131380771287, -205673.87975274209748 ], [ 763584.356014948571101, -205431.105349779682001 ], [ 763761.470299426699057, -205080.233271756238537 ], [ 763517.157500078203157, -204877.343223927950021 ], [ 763694.243649956537411, -204546.726846457720967 ], [ 763891.621920129051432, -204283.658136089972686 ], [ 764163.707946347421966, -204040.945070824556751 ], [ 764517.341648531612009, -203784.835999459784944 ], [ 764809.874867498525418, -203494.88403370292508 ], [ 765095.722790868254378, -203123.896469966130098 ], [ 765408.685063796816394, -202800.209423117747065 ], [ 765741.967908187536523, -202523.813967827358283 ], [ 766190.825220750994049, -202193.554101383633679 ], [ 766300.153023219667375, -201727.796716088196263 ], [ 766572.227737716515549, -201498.583001233666437 ], [ 766857.864880583714694, -201289.643550522683654 ], [ 766769.952134177554399, -200978.923664819449186 ], [ 766750.303244126727805, -200425.214054837619187 ], [ 767043.12826799438335, -199919.18308906146558 ], [ 767417.334133401280269, -199528.046626170980744 ], [ 767689.402949164737947, -199305.581071425141999 ], [ 768090.503382109571248, -199130.551628615794471 ], [ 768532.55047103157267, -198820.529897130269092 ], [ 768825.193082405603491, -198456.291126352851279 ], [ 769158.656650807941332, -198051.59129701051279 ], [ 769403.596830740571022, -197795.325254116061842 ], [ 769736.919767100247554, -197498.661035318102222 ], [ 770002.378429535659961, -197141.135178113268921 ], [ 770247.373832972953096, -196844.352945690305205 ], [ 770628.377250716439448, -196459.967807234817883 ], [ 770961.899636089103296, -196014.747188515233574 ], [ 771342.878979433793575, -195650.61667882380425 ], [ 771608.261409793514758, -195353.857748252979945 ], [ 771880.474627668270841, -195030.097285563853802 ], [ 772234.216349545051344, -194713.195450348284794 ], [ 772458.894461448071525, -194369.113415800966322 ], [ 772744.885078079882078, -193903.565835540706757 ], [ 773105.442147784167901, -193573.164771219220711 ], [ 773418.233436087612063, -193398.008557192515582 ], [ 773703.846395928878337, -193222.816481255867984 ], [ 774016.745668145827949, -192966.629109484201763 ], [ 774329.787303731776774, -192602.400162689562421 ], [ 774506.993240573210642, -192190.724441891914466 ], [ 774731.551974897971377, -191941.171922170964535 ], [ 774888.329059918760322, -191563.231148404767737 ], [ 775153.89577798708342, -191131.410388067655731 ], [ 775426.152376324404031, -190780.628619959548814 ], [ 775643.944038335466757, -190510.806630446837517 ], [ 775936.613178489846177, -190139.791814339812845 ], [ 776202.023776368703693, -189829.514442582149059 ], [ 776386.025216361042112, -189417.840603412798373 ], [ 776651.489123651757836, -189067.045531737152487 ], [ 776896.428359337616712, -188824.265965888189385 ], [ 777073.495213727699593, -188520.623810452059843 ], [ 777277.821385224116966, -188156.241966139728902 ], [ 777583.988346378086135, -187859.517878030455904 ], [ 777924.132314431248233, -187562.836833167646546 ], [ 778209.836960307089612, -187326.859536414587637 ], [ 778522.75834903656505, -187063.905592885712394 ], [ 778924.080538714304566, -186753.795628109335667 ], [ 779277.889207846252248, -186403.106631566712167 ], [ 779706.482717235339805, -186025.501528735883767 ], [ 779951.446185591863468, -185769.209654193167808 ], [ 780237.260878690052778, -185452.194215396884829 ], [ 780597.799762887763791, -185155.532527276111068 ], [ 780863.082138578291051, -184953.287800509482622 ], [ 781176.098382802214473, -184622.799059529002989 ], [ 781380.491749845561571, -184211.135073732380988 ], [ 781646.035901150899008, -183806.301488935889211 ], [ 779240.255784134147689, -183869.654959332954604 ], [ 781838.730841459473595, -183629.982343709416455 ], [ 785112.433090833714232, -183379.723990464495728 ], [ 785142.918456057203002, -176918.250814633269329 ], [ 785098.629474885296077, -176719.039421395660611 ], [ 784998.613046478712931, -176564.01562619174365 ], [ 784831.831342918216251, -176375.716415385017172 ], [ 747004.231244648806751, -125703.652766780709499 ], [ 734635.422864887281321, -108915.4803533731465 ], [ 721798.555550683871843, -91679.27409033497679 ], [ 721823.584318388486281, -36582.279640328568348 ], [ 721831.71123110037297, 279.968824557157177 ], [ 721828.625080424477346, 33525.55268927954603 ], [ 721747.278366097947583, 51239.887651044511585 ], [ 721650.00801851938013, 76640.73223175694875 ], [ 721560.111651885556057, 78587.209031269623665 ], [ 721230.466331974719651, 112761.63740998065623 ], [ 721653.336912101134658, 113027.333270889357664 ], [ 721608.92745926626958, 144381.77105533023132 ], [ 721608.206686078221537, 145288.673163550236495 ], [ 721591.548620538087562, 164864.500307972019073 ], [ 721693.77458013757132, 185856.136298144090688 ], [ 721669.667369869188406, 187658.864516041358002 ], [ 721461.458021314581856, 214954.328561556729255 ], [ 721461.079594527953304, 215275.063879127032124 ], [ 721465.044078895589337, 221258.451830719190184 ], [ 721562.960759079782292, 240580.18251614284236 ], [ 721424.132068491308019, 240945.863846293388633 ], [ 721551.085532997269183, 242251.987685955769848 ], [ 721559.983806874370202, 243922.044030874036252 ], [ 721579.515112987020984, 245946.032110988919158 ], [ 721632.355592276435345, 248003.246228135481942 ], [ 721618.660407439572737, 249883.412190169940004 ], [ 721638.368523496901616, 251730.444759738747962 ], [ 721613.648165473947302, 253511.056840468605515 ], [ 721622.255747457034886, 255313.835409519349923 ], [ 721619.532714228727855, 257249.317656039522262 ], [ 721650.305762197822332, 259085.308678836212493 ], [ 721647.573960698209703, 260998.672293366515078 ], [ 721655.914874382317066, 262934.172205443843268 ], [ 721664.33145061461255, 264803.313310084224213 ], [ 721650.576806500088423, 266606.062984408577904 ], [ 721632.165230239275843, 271538.769632182957139 ], [ 721680.581497803097591, 276327.80080825893674 ], [ 721606.49408700177446, 281127.708750203484669 ], [ 721579.890480094356462, 283936.897369036450982 ], [ 721621.372858287533745, 285861.396080328559037 ], [ 721613.970165805658326, 290539.752150860615075 ], [ 721507.992804839042947, 294200.433718448097352 ], [ 721617.820551879471168, 295063.289684508112259 ], [ 721621.139309995924123, 299841.209526514052413 ], [ 721637.263316344819032, 303535.274601680052001 ], [ 721646.9263755842112, 304409.030726205557585 ], [ 721683.755297568510287, 308954.755303028854541 ], [ 721594.185751984012313, 309308.5235392752802 ], [ 721644.390623327111825, 312471.772388608485926 ], [ 722621.267583302222192, 313490.979383645171765 ], [ 727195.104852876625955, 317989.477183452167083 ], [ 731946.468791549443267, 322532.946497408382129 ], [ 736386.380166963324882, 326943.519235995889176 ], [ 740970.430966214393266, 331410.075952372106258 ], [ 742080.333946950733662, 332485.228469705267344 ], [ 742626.927531984751113, 332996.530638857628219 ], [ 744427.744122883304954, 334682.886116474342998 ], [ 747013.605506712570786, 337210.221117442124523 ], [ 749721.47209486248903, 339837.506518791546114 ], [ 752628.766773086157627, 342752.984675753454212 ], [ 753582.974382613436319, 343739.567905602743849 ], [ 755613.82998667913489, 345635.625630245485809 ], [ 758631.911831024917774, 348607.027384927670937 ], [ 759463.527145942323841, 349670.89636888296809 ], [ 760505.474790274980478, 351144.577461758744903 ], [ 760671.745520785218105, 351377.270639135444071 ], [ 762633.594545274274424, 354158.50768352515297 ], [ 764617.483885983936489, 356973.091546192765236 ], [ 766290.875321697560139, 359377.71276891004527 ], [ 766623.32929045916535, 359854.215962966030929 ], [ 768673.547170276404358, 362724.498153679538518 ], [ 770601.429973570513539, 365550.344465168425813 ], [ 772606.990967008750886, 368387.555998048163019 ], [ 774446.195990339387208, 371003.188061816152185 ], [ 775997.09017413505353, 373397.157945778395515 ], [ 776296.856826015282422, 373696.902578842360526 ], [ 778058.089685134822503, 376279.338410875527188 ], [ 779874.834588367026299, 378850.948947680997662 ], [ 781525.399559963261709, 381156.671289363817777 ], [ 783408.285096499370411, 383861.419085490284488 ], [ 784981.068683068850078, 386078.585378973686602 ], [ 786885.719775912701152, 388872.107255846785847 ], [ 788436.077751072123647, 391089.376293163397349 ], [ 790385.117884769453667, 393827.902419771940913 ], [ 792057.166956885019317, 396189.533261814911384 ], [ 793651.392173554515466, 398517.828346177586354 ], [ 794980.003068310325034, 400402.80884942173725 ], [ 795655.36975915892981, 401356.417679790465627 ], [ 797626.083789806580171, 404117.573578776442446 ], [ 799319.703627529554069, 406557.106189777434338 ], [ 801212.578343482688069, 409240.789182733511552 ], [ 802529.642772856168449, 411148.182230251783039 ], [ 802994.326452863751911, 411868.911787755088881 ], [ 804443.905794536112808, 414031.318101898243185 ], [ 805551.020299294614233, 415484.470141588302795 ], [ 809689.554571311920881, 421451.450193774537183 ], [ 810519.42752539133653, 422638.280950006621424 ], [ 813872.960510748671368, 427098.201502133510076 ], [ 814326.392170782433823, 427796.936118833429646 ], [ 815509.785868480568752, 429593.774079069436993 ], [ 816394.494381588418037, 430946.958735509018879 ], [ 817500.351255252724513, 432632.944583809876349 ], [ 820542.798721640836447, 436804.791531413909979 ], [ 820808.25972054421436, 437182.014510697510559 ], [ 822732.438649483025074, 440011.028193053847644 ], [ 822519.965813678689301, 440375.519583974324632 ], [ 822230.000461662421003, 440651.194860506511759 ], [ 821840.819521523546427, 440694.097192678949796 ], [ 821530.260924967937171, 440504.854036789562088 ], [ 821175.319212908158079, 440293.321840259537566 ], [ 820875.64145369338803, 440170.527246718178503 ], [ 820665.154079140163958, 439970.57233283953974 ], [ 820443.086892536608502, 439903.390091013337951 ], [ 820221.406047650729306, 439725.533538252057042 ], [ 820156.491701720748097, 439216.195713275112212 ], [ 819967.844924549339339, 439126.997464106127154 ], [ 819734.4299011627445, 439126.184887030394748 ], [ 819467.747362464317121, 439103.122073200996965 ], [ 819346.444086865754798, 438826.011289298476186 ], [ 819068.838393538724631, 438747.57470247085439 ], [ 818835.040286861592904, 438857.438967994123232 ], [ 818567.437957931542769, 439099.996200217748992 ], [ 818402.899157333769836, 438468.579464592679869 ], [ 818136.446632739156485, 438379.118190021254122 ], [ 817836.076009893440641, 438455.552398503758013 ], [ 817557.974493751418777, 438520.996678029303439 ], [ 817213.375724943820387, 438530.875298439292237 ], [ 817002.689549538306892, 438386.27346730575664 ], [ 816948.296427886118181, 438042.998209405341186 ], [ 817038.624337109038606, 437633.816801935492549 ], [ 817050.576376037672162, 437390.376001799944788 ], [ 816862.382244303822517, 437168.382501208339818 ], [ 816507.158895122236572, 437034.355849949177355 ], [ 816151.025754360016435, 437165.942908646597061 ], [ 815916.551639093784615, 437475.023262709670234 ], [ 815693.345205768244341, 437739.872725574066862 ], [ 815371.129854256869294, 437705.567999391001649 ], [ 815126.567056369152851, 437715.798761858895887 ], [ 814927.068630487308837, 437549.10929626703728 ], [ 815061.693197888205759, 437184.352056521864142 ], [ 815062.750744444085285, 436874.474485082784668 ], [ 814918.748233824037015, 436730.110085662337951 ], [ 814695.508437804877758, 437006.028175400220789 ], [ 814538.958311230293475, 437282.173185533843935 ], [ 814126.770551098743454, 437557.446542869322002 ], [ 813916.344941289513372, 437335.388166145305149 ], [ 813806.101194408372976, 437069.403252742253244 ], [ 813528.007871547713876, 437134.860604664543644 ], [ 813238.274843438644893, 437355.217390484467614 ], [ 813114.924110798630863, 437675.74214682681486 ], [ 813247.584544380893931, 437886.466431963141076 ], [ 813358.05269602581393, 438086.048797182855196 ], [ 813146.386919364100322, 438229.200121132133063 ], [ 812835.142958432435989, 438239.208975137327798 ], [ 812546.128759755869396, 438249.294297344691586 ], [ 812301.835848682327196, 438182.063533478125464 ], [ 812046.128526435350068, 438203.330414826865308 ], [ 811811.900814734399319, 438446.008831054496113 ], [ 811568.058907581027597, 438245.978894505882636 ], [ 811335.031177781755105, 438134.52185535908211 ], [ 810968.070215086918324, 438188.616057198145427 ], [ 810767.003292330540717, 438486.741285310767125 ], [ 810598.04582087113522, 439150.179107424919493 ], [ 810352.486570185283199, 439459.219234630349092 ], [ 810585.621564099797979, 439537.475312407186721 ], [ 810829.720752935972996, 439660.036708932486363 ], [ 810651.0699463741621, 439902.901611664507072 ], [ 810328.573926369310357, 439957.143723829067312 ], [ 810261.102970249950886, 440189.317799380340148 ], [ 810293.470629891031422, 440477.163753682514653 ], [ 810303.421900494489819, 440820.267814930761233 ], [ 810048.025810452178121, 440753.001649215817451 ], [ 809882.140608499292284, 440508.971415311156306 ], [ 809626.931038564769551, 440386.374251428002026 ], [ 809359.523358055157587, 440584.671525156300049 ], [ 809158.426461786730215, 440893.859614215325564 ], [ 808913.772280999575742, 440937.30001296318369 ], [ 808714.096741328132339, 440825.95955783786485 ], [ 808648.682183445198461, 440449.473007911466993 ], [ 808527.286737216985784, 440194.531459479941987 ], [ 808216.730643252376467, 440005.354224165086634 ], [ 807761.247667099465616, 439948.491386031790171 ], [ 807394.04563677276019, 440080.058168726216536 ], [ 807104.716093336348422, 440189.753577104362193 ], [ 806793.641936135594733, 440155.512281515402719 ], [ 806405.031113190227188, 440043.547812994278502 ], [ 806093.920875638490543, 440020.375719415780623 ], [ 805816.041539375670254, 440030.514828160463367 ], [ 805803.339807574404404, 440506.327787736430764 ], [ 805879.656036334345117, 440949.239070621144492 ], [ 805556.808187828399241, 441114.156031237682328 ], [ 805223.291888538282365, 441146.241425285581499 ], [ 804522.258651151321828, 441409.495485949737485 ], [ 804110.879072624491528, 441463.457032685226295 ], [ 803822.814580976497382, 441196.909091717912816 ], [ 803589.764539099298418, 441096.539053034852259 ], [ 803566.582508505205624, 441384.18377484701341 ], [ 803743.807393355062231, 441561.832304715993814 ], [ 803765.077110223704949, 441849.625154144538101 ], [ 803553.041490306030028, 442114.509209877927788 ], [ 803164.262442306033336, 442057.885756423813291 ], [ 803220.820941441459581, 441759.286504854389932 ], [ 803344.132425719639286, 441438.776215808582492 ], [ 802932.79400782159064, 441481.676445774792228 ], [ 802587.953365760622546, 441580.129137560608797 ], [ 802231.891247947118245, 441711.743809656705707 ], [ 802152.633869983721524, 442154.12564906507032 ], [ 801796.941308437264524, 442175.080554290034343 ], [ 801586.560786482528783, 441941.997708913986571 ], [ 801432.146363385953009, 441587.374334636493586 ], [ 801321.890831958502531, 441321.425845346355345 ], [ 801066.507238839287311, 441254.188311143952888 ], [ 800766.161559297586791, 441341.727637037110981 ], [ 800410.506348335300572, 441351.62403186497977 ], [ 800166.454973372397944, 441218.031028227007482 ], [ 799867.200648717582226, 440973.599051604105625 ], [ 799534.460860762279481, 440773.323100462555885 ], [ 799290.082074142526835, 440739.326055642741267 ], [ 798957.052215565694496, 440627.579373595537618 ], [ 798880.055457794805989, 440383.879776728048455 ], [ 798825.356221398455091, 440118.121586972440127 ], [ 798637.334820902440697, 439840.863650129060261 ], [ 798370.764419357408769, 439795.73294476949377 ], [ 798192.01943930669222, 440082.861711298988666 ], [ 797902.289227711386047, 440325.36611284466926 ], [ 797791.878531537950039, 440103.692416918987874 ], [ 797837.085428695427254, 439871.458740808069706 ], [ 797893.333392272470519, 439661.392276487662457 ], [ 797738.432551031117328, 439450.640611964801792 ], [ 797628.198378463508561, 439173.640108480118215 ], [ 797529.183647437021136, 438863.479386230348609 ], [ 797452.393942847847939, 438553.391111900622491 ], [ 797308.566430690931156, 438353.743666441121604 ], [ 797041.171574758598581, 438563.127978325763252 ], [ 796728.111053508822806, 439148.596862178703304 ], [ 796449.892530848272145, 439269.420480914122891 ], [ 796217.197687718551606, 439058.423125072207768 ], [ 795939.12328578508459, 439134.986143848043866 ], [ 795716.365194759564474, 439289.186726899875794 ], [ 795372.220399890327826, 439177.423797434021253 ], [ 794961.433628123020753, 439054.383251656545326 ], [ 794760.975431001046672, 439186.525805012206547 ], [ 794693.623529278556816, 439396.553864679066464 ], [ 794526.007752202451229, 439683.718211029365193 ], [ 794081.071038648951799, 439815.076208123762626 ], [ 793702.883959575439803, 439924.518476212862879 ], [ 793579.403869519825093, 440311.411875147197861 ], [ 793356.442434770986438, 440532.005240891710855 ], [ 793078.663214444415644, 440520.050424570043106 ], [ 792934.801414169720374, 440331.479278175334912 ], [ 792712.337713640881702, 440397.160172147327103 ], [ 792889.112380134407431, 440718.620098134910222 ], [ 792854.357956094201654, 441161.122428438917268 ], [ 792543.102670897962525, 441193.322053018317092 ], [ 792388.624935472151265, 440849.803600229555741 ], [ 792278.73665370431263, 440462.167346435307991 ], [ 792034.120330049423501, 440505.64811334334081 ], [ 791955.062360464246012, 440903.745586852135602 ], [ 791743.573313105618581, 441013.723464729089756 ], [ 791466.503611763357185, 440780.470421000209171 ], [ 791134.855282429954968, 440237.220054117962718 ], [ 790768.987214555731043, 439970.494302180479281 ], [ 790380.086809365893714, 439958.196676778956316 ], [ 789980.005005607847124, 439967.995612620783504 ], [ 789691.08305592124816, 439967.082302605791483 ], [ 789390.874724606517702, 440021.459572114341427 ], [ 789068.407863501226529, 440086.832424616615754 ], [ 788635.376928128767759, 439974.817859059199691 ], [ 788380.733915156451985, 439675.262182124773972 ], [ 788080.945243513677269, 439596.865716880653054 ], [ 787680.729986464953981, 439650.934790455270559 ], [ 787291.420624779770151, 439771.428792767284904 ], [ 786535.550768608110957, 439846.518357708060648 ], [ 786069.359429483534768, 439679.091104574443307 ], [ 785802.97898857796099, 439578.677950012905058 ], [ 785558.547195100574754, 439566.852260896586813 ], [ 785292.132366997771896, 439477.505789585644379 ], [ 784903.003926034783944, 439542.685367105761543 ], [ 784646.122443339088932, 439962.346228464622982 ], [ 784378.336711105657741, 440315.58448782202322 ], [ 783542.958283013198525, 440954.741936251579318 ], [ 783109.189071381930262, 441086.173286203586031 ], [ 782698.295530942035839, 441007.450462610810064 ], [ 782332.08812390093226, 440851.416291848348919 ], [ 781999.385697421384975, 440640.1652120630024 ], [ 781811.270343423588201, 440385.103248657425866 ], [ 781634.231450967490673, 440141.140844098757952 ], [ 781323.375381952617317, 440051.670714973530266 ], [ 780934.771414063405246, 439950.899371922947466 ], [ 780612.973014151793905, 439806.077130577585194 ], [ 780480.140361245488748, 439639.705437505966984 ], [ 780247.977362082106993, 439251.744115981797222 ], [ 780160.399396564112976, 438819.967927506600972 ], [ 780061.40443575149402, 438487.736554162576795 ], [ 779750.913597544771619, 438276.570156204863451 ], [ 779473.958560857921839, 437999.121838178951293 ], [ 779296.807076150900684, 437788.363434303842951 ], [ 778896.91600055503659, 437742.89523740997538 ], [ 778507.836442511645146, 437797.039514146454167 ], [ 778318.401809927774593, 437973.49411785590928 ], [ 778439.493084762012586, 438350.042849551129621 ], [ 778427.443738088710234, 438659.803936298878398 ], [ 778025.918735364452004, 439156.476660264190286 ], [ 777658.702527328161523, 439332.392144447134342 ], [ 777459.731553791789338, 438988.802759005047847 ], [ 777216.212244737893343, 438678.272789435693994 ], [ 776694.169836422661319, 438610.316048344189767 ], [ 776127.483242326765321, 438608.612854717997834 ], [ 775738.913619511877187, 438496.807084427913651 ], [ 775674.232677279505879, 437832.773992793401703 ], [ 775396.675929167075083, 437754.496147457859479 ], [ 775184.763827633811161, 438019.397844411199912 ], [ 774895.46925549255684, 438151.300972590863239 ], [ 774496.216371521004476, 437895.640045272011776 ], [ 774185.293865744257346, 437828.33082031266531 ], [ 773940.3162038968876, 438004.623772557009943 ], [ 773739.653470943216234, 438225.303922495339066 ], [ 773372.716606365749612, 438312.723928409162909 ], [ 772917.317715607467107, 438256.053387389751151 ], [ 772418.194758151308633, 437955.853722693689633 ], [ 771996.228089473908767, 437866.096945586497895 ], [ 771507.10523554473184, 437942.099791618995368 ], [ 771184.489457527175546, 438073.913149758125655 ], [ 770917.788990324828774, 438084.191690407984424 ], [ 770774.059661686420441, 437840.369298089877702 ], [ 770908.336886922828853, 437519.918852620816324 ], [ 770864.639393116347492, 437265.327117000473663 ], [ 770253.586890223668888, 437241.407788049080409 ], [ 769742.569411182077602, 437206.721576742304023 ], [ 769198.187606909777969, 437183.004575823026244 ], [ 768809.330688970861956, 437170.807377571065444 ], [ 768542.342354321619496, 437280.664440786000341 ], [ 768219.059574887156487, 437644.816979248134885 ], [ 767852.203934293473139, 437710.130519570957404 ], [ 767540.647349270875566, 437864.112778958573472 ], [ 767106.134311008499935, 438272.195725714787841 ], [ 766883.564585130196065, 438393.246693285123911 ], [ 766594.17064630240202, 438569.420698532368988 ], [ 766315.664540485595353, 438823.069520455377642 ], [ 765982.183149326592684, 438877.420263072533999 ], [ 765682.322687214007601, 438832.299964093312155 ], [ 765471.890827298280783, 438599.364140581921674 ], [ 765272.791778113227338, 438289.019632551237009 ], [ 764850.457985192770138, 438332.055977990559768 ], [ 764561.517093448201194, 438353.351140842249151 ], [ 764506.790410143090412, 438065.55171234899899 ], [ 764507.584671860560775, 437788.975071411172394 ], [ 764352.796303302166052, 437523.01534824812552 ], [ 764008.585608473862521, 437444.58715560939163 ], [ 763696.979427466169, 437620.705048291070852 ], [ 763318.552982727182098, 437851.947633082105312 ], [ 762484.974876411957666, 437949.135818723181728 ], [ 762141.169226607307792, 437616.013065237086266 ], [ 762450.618244402809069, 438081.285992779186927 ], [ 762349.961349938530475, 438313.322155312227551 ], [ 761561.149587999214418, 438300.013782463502139 ], [ 761495.49247872561682, 437945.813129578367807 ], [ 761551.924235307145864, 437636.210974153480493 ], [ 761397.3179430461023, 437303.884438122273423 ], [ 761175.733463688986376, 437081.998456970090047 ], [ 760820.102147062309086, 437114.181320880772546 ], [ 760431.171615971717983, 437135.208549876580946 ], [ 760054.350066820392385, 436802.260776573501062 ], [ 759754.926506733288988, 436602.287430190132 ], [ 759355.041609673062339, 436567.975608477019705 ], [ 759021.789244692074135, 436544.915214776236098 ], [ 758633.913769118255004, 436189.821307075733785 ], [ 758278.409527929616161, 436177.764980713487603 ], [ 757421.334731554845348, 436739.570031042443588 ], [ 757388.620194050832652, 436518.226002028328367 ], [ 757110.553635564749129, 436628.078081975399982 ], [ 756698.918696561362594, 436826.06001401937101 ], [ 756299.225734414765611, 436725.386621291399933 ], [ 755832.043967240257189, 436923.216931545583066 ], [ 755475.446007482940331, 437309.417192186461762 ], [ 755252.110329286311753, 437718.111131432873663 ], [ 754985.407824263907969, 437739.49768809217494 ], [ 754752.586386040784419, 437561.854344162973575 ], [ 754897.720420064870268, 437307.818770558515098 ], [ 755031.622559599112719, 437098.001842992205638 ], [ 754910.022287337691523, 436876.416477453662083 ], [ 754554.25417010509409, 436963.934431770758238 ], [ 754320.759256061865017, 437029.665379025391303 ], [ 754020.787367093958892, 437028.839262119494379 ], [ 753754.359049802995287, 436950.669626334391069 ], [ 753476.911760615301318, 436839.283664162445348 ], [ 753387.332985588582233, 437093.472120660706423 ], [ 753519.9539126456948, 437348.270939771900885 ], [ 753281.047160284942947, 437560.677034120366443 ], [ 753100.587143822223879, 437570.851434261130635 ], [ 752995.305869752424769, 437480.387334924016614 ], [ 752928.093865936156362, 437262.322011522541288 ], [ 752799.926272968412377, 437171.795705389929935 ], [ 752603.454858436249197, 437261.43242405122146 ], [ 752331.587184145464562, 437335.803038727608509 ], [ 752104.964960837271065, 437447.90796385979047 ], [ 751870.817937962594442, 437522.38254881312605 ], [ 751621.715081122121774, 437641.916995217674412 ], [ 751394.671536277513951, 437754.02158651559148 ], [ 751281.392770145321265, 437798.786361315986142 ], [ 751100.551233847625554, 437753.219559504534118 ], [ 750987.538854828802869, 437700.321177255013026 ], [ 750814.024698978173546, 437609.675000247370917 ], [ 750640.893302766256966, 437534.063660069543403 ], [ 750452.606864975765347, 437420.854832380719017 ], [ 750180.867282814229839, 437450.157381227763835 ], [ 750059.798065836075693, 437555.035478353849612 ], [ 749908.700522067490965, 437637.256009889708366 ], [ 749757.786553569370881, 437651.880101141054183 ], [ 749659.607180721359327, 437599.024163619265892 ], [ 749637.552676247549243, 437448.684745889098849 ], [ 749607.889852875960059, 437290.834529857325833 ], [ 749555.199026577640325, 437185.511977264424786 ], [ 749366.749209935311228, 437132.386161916423589 ], [ 749155.008134910603985, 437229.503623107331805 ], [ 749094.402257498935796, 437387.109354315791279 ], [ 749040.818287552567199, 437612.383257800887804 ], [ 749032.601011650520377, 437830.236797401565127 ], [ 749032.052467895671725, 438033.104271688556764 ], [ 748926.059710406814702, 438205.646488846919965 ], [ 748744.976951734744944, 438250.230005854857154 ], [ 748548.922001123428345, 438189.594104910909664 ], [ 748345.725100582931191, 437948.621100478048902 ], [ 747916.644227581447922, 437549.246557254635263 ], [ 747879.310166453011334, 437406.384617172647268 ], [ 747806.417217849288136, 437169.516783429018687 ], [ 747683.717581363394856, 437172.952129940968007 ], [ 747615.587330316193402, 437292.980952344427351 ], [ 747555.085468956502154, 437413.030207512609195 ], [ 747456.522773243254051, 437502.911064978048671 ], [ 747252.616624756599776, 437524.913507620396558 ], [ 746596.179499856196344, 437515.638738102687057 ], [ 746382.587809935677797, 437515.06763331242837 ], [ 746219.023940834682435, 437507.114197696500923 ], [ 746090.755276767304167, 437454.182834913895931 ], [ 746084.052011645631865, 437266.332654358528089 ], [ 746204.6098700837465, 437191.516068820201326 ], [ 746227.795408019097522, 437078.883813280495815 ], [ 746190.358279480366036, 436973.606249580043368 ], [ 746024.351021708222106, 436928.064868658198975 ], [ 745541.84944273927249, 436851.668623203528114 ], [ 745330.496326774242334, 436806.008219221723266 ], [ 745195.181720964610577, 436692.9552729902789 ], [ 745172.894968469627202, 436467.509211177180987 ], [ 745175.324375616619363, 435550.882535036478657 ], [ 745100.087081433739513, 435475.545714796229731 ], [ 744036.295838886639103, 435495.285670692508575 ], [ 743862.401043719961308, 435547.415755932393949 ], [ 743703.644506389740855, 435644.683884690515697 ], [ 743295.37107362691313, 436026.78456624498358 ], [ 743121.379582489025779, 436116.470215583394747 ], [ 742879.779511974425986, 436130.867950468615163 ], [ 742698.80142992537003, 436137.909196734719444 ], [ 742563.228214833885431, 436122.520861528639216 ], [ 742396.866506078047678, 436212.253718423191458 ], [ 742192.591225089970976, 436376.997373769641854 ], [ 742124.568785432493314, 436459.471820077567827 ], [ 742003.305583729408681, 436482.124991072632838 ], [ 741829.938895107829012, 436496.255241789855063 ], [ 741679.071216200827621, 436495.860515495296568 ], [ 741543.577739279833622, 436450.435145038820338 ], [ 741453.241022856906056, 436314.959357189422008 ], [ 741332.560204638517462, 436277.063073742203414 ], [ 741219.095738139818422, 436397.000275370897725 ], [ 741120.789828252978623, 436554.505455186474137 ], [ 740939.077254609321244, 436681.754386355751194 ], [ 740742.956781768240035, 436808.965944469091482 ], [ 740666.825689055258408, 436913.941635063325521 ], [ 740628.737010094453581, 437056.597575567895547 ], [ 740583.424465630901977, 437206.750805721560027 ], [ 740379.332212745444849, 437303.876586868951563 ], [ 740198.261406656703912, 437348.5018844527076 ], [ 740001.817747192573734, 437438.131884290080052 ], [ 739759.893838473595679, 437580.256973285693675 ], [ 739405.303289436385967, 437863.472306888143066 ], [ 739291.070454125874676, 437954.68784088321263 ], [ 738966.051328861154616, 438111.629937727295328 ], [ 738664.01485454919748, 438231.051622057158966 ], [ 738354.332152410061099, 438357.970248444820754 ], [ 738120.392713634646498, 438364.880556857038755 ], [ 737833.867530605872162, 438386.661266258044634 ], [ 737630.016291939187795, 438393.650657360733021 ], [ 737509.010022453963757, 438483.504647739289794 ], [ 737232.60287651210092, 438854.677962679765187 ], [ 736949.480637497734278, 438872.737749967898708 ], [ 736738.330865582218394, 438917.263374747417402 ], [ 736609.737586560659111, 438992.066049997403752 ], [ 736518.607684704009444, 439164.62098705698736 ], [ 736518.278702141484246, 439292.339864433452021 ], [ 736631.73017784836702, 439337.702112199214753 ], [ 736797.381585521157831, 439353.161280143423937 ], [ 736978.75095233542379, 439353.629320346517488 ], [ 737136.774864311562851, 439369.069565773766953 ], [ 737189.550914039253257, 439444.340078828739934 ], [ 737166.839210901292972, 439541.937394090695307 ], [ 737000.492328339605592, 439631.673804790712893 ], [ 736804.097970731905662, 439706.274303899670485 ], [ 736593.066406346042641, 439705.729714808927383 ], [ 736381.61131048144307, 439705.184519982431084 ], [ 736110.002284735208377, 439696.99540320126107 ], [ 735973.860544328810647, 439741.714678756485227 ], [ 735928.671801129588857, 439846.76969821297098 ], [ 735980.850014532916248, 439989.655369694228284 ], [ 736146.69108681124635, 440095.253885762067512 ], [ 736191.723076603491791, 440215.573462772357743 ], [ 736086.014541719923727, 440290.434793223277666 ], [ 735912.023988239350729, 440387.668154358398169 ], [ 735617.514274763525464, 440552.182624180102721 ], [ 735367.65289649204351, 440822.009693303960375 ], [ 735208.513643982121721, 441077.038123902690131 ], [ 735057.195776050910354, 441256.953019044012763 ], [ 734883.748114440939389, 441309.09250169567531 ], [ 734725.286460429895669, 441301.169439814228099 ], [ 734604.692441765218973, 441233.242648238141555 ], [ 734484.310207386850379, 441082.693965479498729 ], [ 734356.184732351568528, 440977.168700915237423 ], [ 734129.904263733304106, 440976.589137294271495 ], [ 733925.736542854923755, 441111.300528691033833 ], [ 733668.81408123311121, 441328.525689138681628 ], [ 733388.646229039877653, 441688.414503812033217 ], [ 733251.685751502518542, 442221.481686639192048 ], [ 733205.826907288865186, 442424.214321087172721 ], [ 733182.483754416694865, 442604.456823306856677 ], [ 733257.543477614060976, 442747.371728610130958 ], [ 733438.690545844845474, 442830.484329331491608 ], [ 733589.270709288772196, 442936.040341811196413 ], [ 733755.124398992396891, 443034.146564870898146 ], [ 733716.948866563267075, 443214.377671562018804 ], [ 733512.882020070333965, 443311.481431446329225 ], [ 733271.180676734540612, 443378.477985477133188 ], [ 732946.428548222989775, 443445.262229230371304 ], [ 732742.787452123244293, 443542.420751970610581 ], [ 732546.331238137790933, 443647.087497724860441 ], [ 732395.253096747561358, 443736.838589622580912 ], [ 732048.184366750880145, 443915.593645285349339 ], [ 731665.065501128323376, 444274.241486022481695 ], [ 731599.589400108670816, 444693.246315112570301 ], [ 731218.602615139912814, 445048.286084962135646 ], [ 730816.4361403969815, 445069.518049955251627 ], [ 730369.187022585421801, 445157.40877109504072 ], [ 730055.748972625704482, 445445.903034307004418 ], [ 730010.043497184873559, 445757.282116923830472 ], [ 730009.138034510426223, 446113.289254917821381 ], [ 729896.286158865434118, 446669.326185146579519 ], [ 729604.376450028270483, 447158.082184969563968 ], [ 729089.064212707104161, 447690.83614236174617 ], [ 728641.154729404486716, 448045.705060303036589 ], [ 728081.873433926142752, 448378.034982350131031 ], [ 727723.484716915409081, 448688.67086561373435 ], [ 727476.897042307071388, 449021.794123692030553 ], [ 727252.822958597214893, 449332.71744567406131 ], [ 727027.53753463330213, 449955.180275098828133 ], [ 726825.132150943740271, 450577.700162222841755 ], [ 726690.091624798835255, 450866.643620790622663 ], [ 726332.335746717173606, 450932.50786516291555 ], [ 725908.538895309437066, 450642.151949959050398 ], [ 725685.259271211223677, 450641.588553104316816 ], [ 725528.135913998819888, 450952.679997686471324 ], [ 725370.78867295733653, 451352.850012103444897 ], [ 724990.527475965907797, 451440.865178084524814 ], [ 724789.7056282190606, 451440.359584253921639 ], [ 724365.184307794552296, 451439.292285952833481 ], [ 724186.003294066293165, 451594.585054574883543 ], [ 724006.543654848705046, 451861.159569340525195 ], [ 724005.649724441114813, 452217.155212975980248 ], [ 723959.84623035939876, 452573.090859670192003 ], [ 723735.90318201307673, 452839.500042484374717 ], [ 723400.50508563243784, 452949.939920783799607 ], [ 723064.718014402547851, 453216.068763398565352 ], [ 722706.256197166861966, 453571.219101906463038 ], [ 722504.940402181819081, 453770.968821426504292 ], [ 722347.184476340305991, 454171.081441280897707 ], [ 722122.037662046961486, 454583.31319596542744 ], [ 721764.851895249448717, 454770.384268006542698 ], [ 721384.927312611835077, 454902.919101147272158 ], [ 720781.817016346380115, 454834.64662334107561 ], [ 720290.495392733486369, 454788.965101402893197 ], [ 719887.699209715938196, 454921.448387504322454 ], [ 719797.764791778638028, 455140.936996668751817 ], [ 719753.031240581418388, 455215.666561375779565 ], [ 719747.861766985617578, 455489.027892169018742 ], [ 719735.767487275530584, 455887.165833706152625 ], [ 719479.654696742538363, 456163.035113415506203 ], [ 719245.836599986534566, 456405.779126929061022 ], [ 718923.286524977302179, 456604.062421459821053 ], [ 718667.397595718735829, 456791.451151962217409 ], [ 718389.271964896353893, 456989.845214246131945 ], [ 718033.547790690558031, 457132.747082562360447 ], [ 717699.789988432312384, 457375.244990588689689 ], [ 717632.312122247414663, 457717.941475771483965 ], [ 717531.491531014675274, 458071.615484398615081 ], [ 717242.595401283120736, 458137.262504124781117 ], [ 716820.603092497214675, 458136.221922115073539 ], [ 716531.246063697617501, 458389.89039250893984 ], [ 716064.483472171588801, 458532.522775223536883 ], [ 715819.631653636228293, 458753.121395317954011 ], [ 714875.932883219909854, 458662.329768727940973 ], [ 714531.547383527155034, 458716.78828199574491 ], [ 714153.740696169668809, 458815.406087159295566 ], [ 713753.860549794044346, 458858.672051238478161 ], [ 713375.841922680148855, 459045.770796206372324 ], [ 712975.186795857734978, 459409.772764634399209 ], [ 712619.677237754687667, 459475.269662190927193 ], [ 712197.487760661519133, 459562.72603417688515 ], [ 711664.25446150416974, 459649.916036570328288 ], [ 711407.943309320951812, 460025.329052847984713 ], [ 711251.333706181612797, 460500.519854322308674 ], [ 711205.634753895457834, 461031.276596160547342 ], [ 711115.972041382221505, 461373.911581740365364 ], [ 711037.707666527130641, 461594.916972889215685 ], [ 711014.964656080468558, 461816.05643564928323 ], [ 710947.403579836012796, 462202.983276957820635 ], [ 710702.015849738847464, 462655.838106850569602 ], [ 710112.591679363511503, 463030.443859552149661 ], [ 709612.005289816530421, 463405.265295712684747 ], [ 709411.468510386068374, 463681.273221405164804 ], [ 709355.123219039523974, 464023.98607828898821 ], [ 709387.741666851565242, 464311.615128466277383 ], [ 709331.369072269182652, 464665.387390975898597 ], [ 709263.865874326671474, 465030.192275977169629 ], [ 709318.743536497466266, 465295.755902133707423 ], [ 709351.065566821489483, 465705.040454542730004 ], [ 709161.448315714253113, 466058.490127878496423 ], [ 708515.974006910575554, 466665.209306740958709 ], [ 708237.907388339750469, 466863.610980527999345 ], [ 707926.611978881177492, 467028.754271535144653 ], [ 707659.625096779782325, 467238.242932632740121 ], [ 707414.84627428825479, 467447.785253143752925 ], [ 707103.794425878208131, 467513.394874543242622 ], [ 706770.696117450948805, 467512.595584564085584 ], [ 706448.701622935128398, 467511.824162289092783 ], [ 706060.088279618415982, 467510.894738745351788 ], [ 705760.037469217088073, 467620.77267080929596 ], [ 705548.021722702658735, 468062.643901151779573 ], [ 705358.239884369424544, 468493.508381911087781 ], [ 705424.092422095010988, 468814.388691238302272 ], [ 705378.623373311245814, 469256.656777991156559 ], [ 705155.560279458994046, 469676.381271395308431 ], [ 704510.881682422826998, 469973.445933490584139 ], [ 704110.917326293885708, 470083.086846616119146 ], [ 703744.499474073527381, 470093.274931035528425 ], [ 703534.439077513525262, 469716.759423565817997 ], [ 703178.626076793414541, 469937.102335111121647 ], [ 702944.918899934738874, 470168.794118299905676 ], [ 702600.735216014785692, 470167.980224177998025 ], [ 702267.341711231740192, 470299.904113497759681 ], [ 701778.122460870654322, 470597.35012599331094 ], [ 701344.367965949000791, 470917.046299024252221 ], [ 700777.699085711501539, 471103.721286027925089 ], [ 700377.54445066920016, 471301.847993889707141 ], [ 700310.360068791545928, 471544.991738724173047 ], [ 699987.951324360910803, 471732.242082528478932 ], [ 699654.85548837040551, 471742.522380151611287 ], [ 699221.736451885430142, 471796.807036268757656 ], [ 698744.004028393654153, 471939.462312901567202 ], [ 698465.805521144415252, 472215.291562019905541 ], [ 698298.553190083825029, 472524.555846723553259 ], [ 698131.173234505346045, 472889.114800494746305 ], [ 697830.312974948203191, 473363.953526270459406 ], [ 697386.207341339671984, 473373.982082043832634 ], [ 696986.715249427244999, 473295.644374602707103 ], [ 696564.738537878729403, 473338.905317134747747 ], [ 696086.896995443617925, 473536.864343954832293 ], [ 695709.432904530549422, 473535.995793964422774 ], [ 695176.619647073792294, 473501.596032063418534 ], [ 694777.863782234839164, 473102.564451384940185 ], [ 694390.407721660332754, 472615.091491418541409 ], [ 694136.044732655631378, 472183.21869833918754 ], [ 693792.93775221100077, 471717.970115869713482 ], [ 693504.961544148391113, 471418.730758636025712 ], [ 693161.148453759029508, 471263.130952158535365 ], [ 692684.135069050826132, 471096.174296706274617 ], [ 692340.643263573525473, 470796.816453879408073 ], [ 691919.533771504298784, 470453.052370603138115 ], [ 691709.410557080758736, 470087.645817341981456 ], [ 691387.597669439390302, 470020.575110986537766 ], [ 690910.330886146635748, 469964.218354593380354 ], [ 690477.251823022728786, 470007.490069012739696 ], [ 690099.610687247593887, 470084.062411858991254 ], [ 689688.836115301121026, 470083.152870482008439 ], [ 689189.612340477178805, 469916.172024055675138 ], [ 688779.227976844646037, 469738.331720974296331 ], [ 688491.353003777097911, 469383.8268953403458 ], [ 688358.904403159627691, 469029.664478624821641 ], [ 687538.100316818105057, 468685.057698748772964 ], [ 683699.95245298568625, 467206.02763603272615 ], [ 675369.372011091909371, 463771.824138360912912 ], [ 666783.141112016164698, 460282.896175671950914 ], [ 659904.922461279667914, 457516.850032649177592 ], [ 658118.766500969068147, 456794.920456975814886 ], [ 655578.440405392786488, 455618.373459625174291 ], [ 654747.126864008023404, 454842.934714615577832 ], [ 653714.328055332764052, 455006.990016144525725 ], [ 651351.375069295987487, 453941.476440691680182 ], [ 649121.368932846467942, 453020.00370159605518 ], [ 643806.847944564884529, 450888.425723633146845 ], [ 639734.854926372529007, 449256.700626787496731 ], [ 634375.740624026628211, 447048.36329866485903 ], [ 633987.401449384866282, 446881.945108490530401 ], [ 633665.561405893298797, 446793.019584618567023 ], [ 633121.035730187781155, 447134.95043008425273 ], [ 632754.31502316670958, 447366.585353118600324 ], [ 632243.607262903708033, 447365.834471138834488 ], [ 632032.905927494983189, 447199.686198157083709 ], [ 631767.257204916561022, 446646.500301400490571 ], [ 631435.005757612525485, 446082.163403068727348 ], [ 630902.856213029357605, 445550.707370492571499 ], [ 630281.466485814889893, 445306.581046343897469 ], [ 629626.877632991061546, 444985.021427454601508 ], [ 629038.994878044934012, 444597.227782674715854 ], [ 628429.230997491627932, 443977.236300393880811 ], [ 627996.665585910552181, 443667.063095216348302 ], [ 627386.036729480721988, 443655.149266380292829 ], [ 624068.466304791392758, 442113.822048876259942 ], [ 610631.719495070050471, 435164.908379851374775 ], [ 609933.698433991288766, 434774.005106272234116 ], [ 598826.770895164459944, 428976.669087337038945 ], [ 596862.50453629065305, 427957.582451257039793 ], [ 596074.547007350251079, 427569.858348050969653 ], [ 593116.216362710460089, 421122.003958255576435 ], [ 590644.944369829259813, 415835.52504035650054 ], [ 588838.362586327712052, 411997.919745995837729 ], [ 587818.673675232101232, 409775.03872445167508 ], [ 587188.514512763824314, 408487.39302742324071 ], [ 585882.343903701286763, 405518.886488987016492 ], [ 585161.276898063137196, 404567.58323775435565 ], [ 584805.773832444800064, 404699.933473326382227 ], [ 584017.887110125506297, 403947.565004142059479 ], [ 582797.255083869560622, 402708.45275497273542 ], [ 580378.121644648606889, 400219.255675711261574 ], [ 577370.668352151173167, 397143.815348261850886 ], [ 574440.747925951029174, 394112.774694547231775 ], [ 572232.074150595231913, 391856.145452363649383 ], [ 571399.642678390722722, 390993.34253758151317 ], [ 570811.328690886730328, 390462.339411000430118 ], [ 570500.576515693799593, 390097.341243113216478 ], [ 567514.734612513333559, 387033.376785666448995 ], [ 566959.665717003052123, 386557.695145333011169 ], [ 565416.344184772577137, 385561.855618514120579 ], [ 565017.0195361985825, 384677.28701677970821 ], [ 564296.122321518254466, 382875.043745958246291 ], [ 563985.558175572310574, 382123.184576872503385 ], [ 563419.901900111697614, 380707.936375920311548 ], [ 562488.227567760506645, 378319.731860407395288 ], [ 561756.16496272594668, 376440.138500649016351 ], [ 561456.602991078514606, 375798.839210113976151 ], [ 560912.258624499314465, 375842.744491623423528 ], [ 560323.512086823116988, 375831.358014474331867 ], [ 559823.560232330462895, 375952.670890603854787 ], [ 559434.74384289921727, 375985.616409153793938 ], [ 559034.801162576884963, 376051.718797121720854 ], [ 558568.141893511870876, 376239.378674201259855 ], [ 558101.478529295767657, 376438.09419200749835 ], [ 557668.142389079323038, 376636.829425082250964 ], [ 557112.598151149461046, 376868.662422301189508 ], [ 556945.65459444548469, 377465.480990333133377 ], [ 555688.319404204841703, 381466.304210991365835 ], [ 555232.109648440498859, 382969.385421961429529 ], [ 554965.420730386395007, 383168.214736702502705 ], [ 554598.849951741402037, 383201.18539923831122 ], [ 553910.508036735700443, 382548.655808615440037 ], [ 553655.097642357461154, 382415.879852844343986 ], [ 553366.285098062013276, 382437.840905955119524 ], [ 552944.185543730622157, 382448.681931866507512 ], [ 552666.464669805602171, 382503.811808284604922 ], [ 552355.388103178236634, 382625.248519846936688 ], [ 552088.923357928404585, 382381.933297787851188 ], [ 551700.125901040504687, 382437.010872263577767 ], [ 551500.278787766583264, 382248.998941211029887 ], [ 551367.061332537909038, 382094.181206481996924 ], [ 551178.208208395284601, 382138.304537162999623 ], [ 550900.504091087263077, 382160.277760323486291 ], [ 550600.648326859576628, 382049.595955366792623 ], [ 550367.391066293930635, 382038.430642734048888 ], [ 549223.088433552184142, 382480.040511125058401 ], [ 549123.206870502093807, 382292.080346112139523 ], [ 548956.709400096675381, 382037.766983353707474 ], [ 548401.298237695125863, 382092.779510331456549 ], [ 547668.299696746165864, 381849.264079726068303 ], [ 547623.634382232441567, 382368.768756845733151 ], [ 547345.63978807546664, 383042.920357958879322 ], [ 547090.229449878097512, 382899.107521677215118 ], [ 546890.381145445629954, 382700.051549382566009 ], [ 546590.548664074740373, 382534.112948286347091 ], [ 546323.960565962130204, 382545.04917544266209 ], [ 546090.642318611848168, 382677.591322553576902 ], [ 545923.951017340179533, 382854.377739586983807 ], [ 545757.255467525683343, 383042.218054996803403 ], [ 545412.944621655391529, 382986.800511556270067 ], [ 544990.852181900525466, 382997.673008550365921 ], [ 544790.967698867898434, 382875.997251540713478 ], [ 544535.521478649228811, 382809.566841407038737 ], [ 543857.885585072566755, 382986.14133912732359 ], [ 543035.868131644790992, 383129.499813207250554 ], [ 542247.202761311084032, 383206.55590950808255 ], [ 541458.552258514682762, 383250.456854814372491 ], [ 540703.238337825750932, 383261.215616053028498 ], [ 539747.99888189334888, 383249.796813559310976 ], [ 537504.333672019420192, 383127.383579894260038 ], [ 536682.38512193353381, 383116.040333378885407 ], [ 536948.750672400114127, 383724.081410796672571 ], [ 537203.868286199402064, 384718.995663320180029 ], [ 537203.679846748826094, 385249.56860814668471 ], [ 537059.109506678651087, 385746.92950808966998 ], [ 537003.307266823714599, 386498.554868055798579 ], [ 536969.844879652955569, 386896.472810870269313 ], [ 536769.851441986393183, 387084.31334062787937 ], [ 536481.041293974150904, 387161.587020121864043 ], [ 536203.384768624324352, 387106.22214997431729 ], [ 535925.728014755179174, 387050.858047990652267 ], [ 535603.665530053083785, 386929.157976731017698 ], [ 535428.6838239999488, 386762.991177763149608 ], [ 535088.08922300953418, 386372.258276643871795 ], [ 534944.715202126069926, 386128.671076019934844 ], [ 534897.568341600010172, 386046.544316263694782 ], [ 534783.628811164759099, 385865.006268305878621 ], [ 534664.083288501249626, 385673.787570540735032 ], [ 534426.605595730594359, 385452.531874977052212 ], [ 534320.630099369678646, 385452.497057258209679 ], [ 533694.090213494375348, 384509.008249875099864 ], [ 533264.723666792619042, 384373.839401943492703 ], [ 533124.262777230818756, 384372.83706038800301 ], [ 532966.432046681642532, 384373.745251310698222 ], [ 532432.480676457751542, 384623.623024071741384 ], [ 532177.189949687686749, 384651.763100485433824 ], [ 532011.947124393540435, 384669.021829250908922 ], [ 531919.289615026209503, 384655.58075331459986 ], [ 531537.194531540968455, 384592.094452889810782 ], [ 531374.641763171530329, 384574.067645276489202 ], [ 530805.529984552180395, 384437.35338397527812 ], [ 530457.054525140789337, 384248.524032925546635 ], [ 530079.460739712696522, 384060.505009106534999 ], [ 529776.87255174992606, 383893.934527026664 ], [ 529527.352701161056757, 383778.867352970002685 ], [ 529401.91683488257695, 383841.3431014965754 ], [ 528852.308419445063919, 384044.351010427577421 ], [ 528616.725970554281957, 384044.286545377166476 ], [ 528428.145537975011393, 384153.629391229478642 ], [ 528241.255630974890664, 384323.928095135837793 ], [ 527992.384933851892129, 384261.940582458279096 ], [ 527752.741135788848624, 384200.331830414419528 ], [ 527171.824541190871969, 384247.062881775142159 ], [ 526590.884927799925208, 384387.5633688121452 ], [ 525965.047775058890693, 384473.451192608394194 ], [ 525538.769960963749327, 384590.461936539155431 ], [ 525350.201625018380582, 384668.55459947307827 ], [ 525277.408755415584892, 384748.900178960873745 ], [ 524869.957141615101136, 384854.993783134792466 ], [ 524343.693326736101881, 384823.44655072101159 ], [ 524172.270321573480032, 384793.29781466111308 ], [ 523651.623259498039261, 384756.653647638275288 ], [ 523032.086565069039352, 384693.600778506486677 ], [ 522845.677135888021439, 384666.687639246636536 ], [ 522467.316964045574423, 384625.494321009493433 ], [ 522120.49182275874773, 384573.533658447675407 ], [ 522004.24594021536177, 384563.087538189894985 ], [ 521635.177773578790948, 384536.79775448446162 ], [ 521223.325555151153821, 384587.523218717891723 ], [ 521065.678945201158058, 384728.061118348035961 ], [ 521016.029788466112223, 385105.170289528730791 ], [ 520984.189418372581713, 385417.716947456880007 ], [ 520968.169463611382525, 385859.055049081100151 ], [ 520952.041681274597067, 385993.191832407668699 ], [ 520641.873702163633425, 386011.745579423499294 ], [ 520296.444126752496231, 385905.391903553041629 ], [ 520015.943199674249627, 385815.606052526738495 ], [ 519790.114388182351831, 385783.456590224523097 ], [ 519623.195181629271246, 385757.650422763370443 ], [ 519054.981646882602945, 385930.134457311360165 ], [ 518373.190172668371815, 386265.650646846741438 ], [ 518192.255220804247074, 386356.696730040595867 ], [ 518054.328108755231369, 386435.562003430793993 ], [ 517760.368434030446224, 386633.645289421605412 ], [ 517455.255251790571492, 386845.420076135138515 ], [ 516914.348655430891085, 387056.416690845799167 ], [ 516814.28589072910836, 387008.556487881811336 ], [ 516686.74993320950307, 387032.491369627881795 ], [ 516582.924893195624463, 387157.153141274815425 ], [ 516561.281862073868979, 387375.303927175526042 ], [ 516637.313087823684327, 387630.44974977633683 ], [ 516616.878531153663062, 388079.951615603058599 ], [ 516461.174750718986616, 388104.8582398420549 ], [ 516366.5710057579563, 388148.85075853811577 ], [ 516128.109306513797492, 388213.533446551708039 ], [ 515748.615973653213587, 388115.174852912779897 ], [ 515482.020990193297621, 388144.659557430131827 ], [ 515323.553828725824133, 388217.826837272325065 ], [ 515053.476335989136714, 388297.652630447992124 ], [ 514933.564167854026891, 388275.668130374571774 ], [ 514713.866995921707712, 388175.539706343261059 ], [ 514482.5317456551129, 388180.487994249444455 ], [ 514336.351427894434892, 388233.886165398231242 ], [ 513925.774203746172134, 388400.647841368452646 ], [ 513393.590687012649141, 388638.31247894547414 ], [ 513193.535684439528268, 388738.549895236617886 ], [ 513009.883578512701206, 388823.524160187516827 ], [ 512551.253022508753929, 389026.341013316763565 ], [ 511844.511184446804691, 389323.182274841237813 ], [ 511483.505992006044835, 389557.555613027245272 ], [ 510950.881497396505438, 390070.230774249881506 ], [ 510832.303257051913533, 390198.63837985903956 ], [ 510736.629513448453508, 390301.450713390659075 ], [ 510597.493374944722746, 390440.091047004214488 ], [ 510427.158159209007863, 390597.113926403806545 ], [ 510288.179202379600611, 390720.276102983334567 ], [ 510158.097140055557247, 390849.605940653651487 ], [ 510108.51830883754883, 390935.829627467319369 ], [ 510046.64904283254873, 391062.056642952025868 ], [ 509988.297221375629306, 391228.391889480059035 ], [ 509696.988192277320195, 391495.604991070285905 ], [ 509557.269166449201293, 391483.757676568988245 ], [ 509384.407689039304387, 391434.605704035202507 ], [ 509236.122065733477939, 391425.34223187569296 ], [ 509079.987107558001298, 391446.027023135044146 ], [ 508708.522809273039456, 391451.302923481387552 ], [ 508667.985461848147679, 391064.288683910795953 ], [ 508669.945486217038706, 390643.149023635138292 ], [ 508669.744692219013814, 390510.749285449041054 ], [ 508642.002532033249736, 390406.044832579151262 ], [ 508527.399405406787992, 390378.31141162867425 ], [ 508405.379572825622745, 390379.843144119891804 ], [ 508283.837344544590451, 390386.695961627177894 ], [ 508119.970745604950935, 390345.911250654433388 ], [ 508033.014051696809474, 390251.702109489124268 ], [ 507995.274424480099697, 390159.640655534167308 ], [ 507908.743344606016763, 390084.961641369038261 ], [ 507775.813749497639947, 390081.103967552888207 ], [ 507667.85152937535895, 390107.432918826350942 ], [ 507331.424651734298095, 390113.730190110916737 ], [ 507149.224589082878083, 390031.195045861706603 ], [ 506986.504925330926199, 389950.189569993992336 ], [ 506837.589251764933579, 389911.128286029445007 ], [ 506708.540131127869245, 389861.516015932837036 ], [ 506319.743277759873308, 389526.995952960918657 ], [ 506268.818396268121433, 389457.439816016529221 ], [ 506098.932349430047907, 389269.608813982864376 ], [ 506009.958712806168478, 389269.603614029241726 ], [ 505909.969191406678874, 389269.597861459769774 ], [ 505718.034287299087737, 389377.34618579572998 ], [ 505518.293698152294382, 389471.143914355430752 ], [ 505148.817569563863799, 389581.435326408362016 ], [ 505006.582930500968359, 389637.833327039785217 ], [ 504767.39353669929551, 389861.022459145635366 ], [ 503921.722234675078653, 390003.010322267189622 ], [ 503808.28358420857694, 389886.969638339127414 ], [ 503515.552120982902125, 389593.534028949798085 ], [ 502344.529828075435944, 389559.050781669095159 ], [ 502340.182207933044992, 389453.418740714143496 ], [ 502351.893127919582184, 388253.268258659576531 ], [ 502215.467642309726216, 388151.672927548061125 ], [ 502029.892739683273248, 388117.778682281903457 ], [ 501813.38642629358219, 388191.669564127223566 ], [ 501637.129665778076742, 388342.566291295050178 ], [ 501352.405376802315004, 388813.682148736843374 ], [ 501073.299955523747485, 388748.360342372499872 ], [ 500830.760113405296579, 388689.99704124534037 ], [ 500786.464058314217255, 388783.550983916618861 ], [ 500367.629372549068648, 389627.120166877459269 ], [ 499878.93925244640559, 389262.35659889690578 ], [ 499780.643301956413779, 389312.95601705298759 ], [ 499263.7813659660751, 389572.298695795121603 ], [ 498934.878674082166981, 389494.483903989486862 ], [ 498817.753114523249678, 389530.047467244672589 ], [ 498276.884024780534673, 389688.225693779881112 ], [ 497920.992127206875011, 389746.736904954828788 ], [ 497701.105283725482877, 389934.562355900066905 ], [ 497735.180675195937511, 390058.392800612258725 ], [ 497327.554122673347592, 390396.072001476539299 ], [ 497029.84859457280254, 390301.218738188967109 ], [ 496769.862226637138519, 390208.662820335361175 ], [ 496426.693038270692341, 390550.478041364462115 ], [ 496183.640779951645527, 390498.981853398610838 ], [ 496091.626484634703957, 390478.307204680400901 ], [ 495906.342207805661019, 390302.844637662288733 ], [ 495402.939959748939145, 389824.49466618016595 ], [ 495391.872967398376204, 389483.527548057085369 ], [ 495521.633218680392019, 388841.988748700125143 ], [ 492079.173539826238994, 388592.290722539823037 ], [ 491390.255738678446505, 388562.460759146721102 ], [ 489523.48096200695727, 388481.648302678600885 ], [ 487930.063793378823902, 389110.008819469367154 ], [ 485427.037658201996237, 389880.142218559863977 ], [ 483226.98778062738711, 390701.545045819191728 ], [ 482313.392087590880692, 390942.709951862168964 ], [ 482187.727106662292499, 390859.867243988031987 ], [ 477887.235819581488613, 392166.335013022879139 ], [ 474530.283978575665969, 393174.058193047705572 ], [ 473241.151936706912238, 393558.965507432701997 ], [ 469100.654493551526684, 394795.003507443179842 ], [ 468989.816394106077496, 394828.023043462482747 ], [ 468346.102550167473964, 395070.458143769879825 ], [ 468055.259230981871951, 395756.353234737704042 ], [ 468123.579714286257513, 396110.447562809102237 ], [ 467452.386192530975677, 397077.580900449713226 ], [ 465927.962790258228779, 399289.062800031271763 ], [ 465433.136568328482099, 400511.733892024145462 ], [ 465232.430463869590312, 400804.330936395563185 ], [ 464635.169096625759266, 400871.954589497589041 ], [ 463697.468977901269682, 400466.084554437373299 ], [ 464085.497112577024382, 399155.842520151752979 ], [ 463256.519781185197644, 398234.851343932270538 ], [ 462864.281142387131695, 397387.100431098253466 ], [ 462726.193975278176367, 397455.803068166424055 ], [ 462164.95185627497267, 397735.309722452657297 ], [ 460353.633460939745419, 398117.726344514638186 ], [ 459947.155235381505918, 398203.325112929916941 ], [ 458332.075544655381236, 398648.319329943973571 ], [ 457843.087330031383317, 398429.888840128784068 ], [ 457515.287843524536584, 398691.774345267680474 ], [ 457274.441846251662355, 399196.872381731111091 ], [ 457223.013000076112803, 399536.326206970028579 ], [ 456853.549865961016621, 399488.390921346202958 ], [ 456695.412325663259253, 399370.285931577906013 ], [ 456630.939978239766788, 399258.73608103155857 ], [ 456536.474919136497192, 399232.876532582158688 ], [ 456360.959961324057076, 399042.468881394772325 ], [ 456249.893628491961863, 398837.024062406446319 ], [ 456098.225918882293627, 398838.302176775876433 ], [ 454353.197595888341311, 398852.989955431898125 ], [ 453546.136811348085757, 398859.787966408592183 ], [ 453280.087714478140697, 398625.109918272763025 ], [ 452982.883088408503681, 398886.69318273832323 ], [ 452831.439555012388155, 398881.676574341661762 ], [ 452426.193642199854366, 399291.43719070777297 ], [ 452141.410264699952677, 399106.802404500718694 ], [ 451727.3226092295954, 399624.332870817335788 ], [ 451142.269079644582234, 399649.255748216295615 ], [ 450947.496337977936491, 399871.068565085472073 ], [ 450898.327724098635372, 400689.286894192628097 ], [ 450154.232760589628015, 402061.841716325143352 ], [ 450050.388521257962566, 402808.326205299759749 ], [ 449169.955558135930914, 403432.049336254189257 ], [ 448771.702076376532204, 404193.471815187833272 ], [ 447855.471263161976822, 404088.240176477702335 ], [ 447294.119403836841229, 404021.371643009653781 ], [ 447177.68095072574215, 404010.395832060894463 ], [ 446818.648739567026496, 403964.078769552812446 ], [ 446285.233034197066445, 403469.40673982683802 ], [ 446573.762549115752336, 403071.313615956751164 ], [ 446984.519871008698829, 402794.749107531562913 ], [ 447006.537929317681119, 402429.960779098444618 ], [ 446905.762768985470757, 402256.309784318844322 ], [ 446840.242597907839809, 402121.992489626689348 ], [ 446850.579636000562459, 401523.628555157105438 ], [ 446957.728407263057306, 401200.664030143641867 ], [ 446126.386080892058089, 400800.124112844932824 ], [ 445002.501937054854352, 400660.912870844302233 ], [ 443228.745048870332539, 400002.733845101727638 ], [ 442324.302293034386821, 399666.534725239151157 ], [ 438669.895655903266743, 398404.876778885838576 ], [ 434645.723029708955437, 398783.110047037363984 ], [ 431381.064842747466173, 398974.949636283796281 ], [ 430806.598235055804253, 399016.613320254546124 ], [ 428809.521307518065441, 399161.504030712065287 ], [ 424611.589365926629398, 399467.583058486925438 ], [ 422765.310331617831253, 399579.829602863173932 ], [ 420277.207328772812616, 399748.88508221443044 ], [ 417886.540382460167166, 399911.361544618150219 ], [ 415055.241087580972817, 400068.916400758433156 ], [ 414441.374440009298269, 400118.694679465552326 ], [ 412389.630813759751618, 400270.739210147352424 ], [ 410109.940020354813896, 400418.101404261135031 ], [ 409360.027763384743594, 400421.250985445512924 ], [ 408287.921022049442399, 400210.343998864584137 ], [ 407198.388534072611947, 399947.725884106010199 ], [ 405841.860506404773332, 399616.392463430704083 ], [ 405309.620604755764361, 399523.246194705774542 ], [ 404972.33991715637967, 399564.237339734565467 ], [ 404816.160428449627943, 399554.422799091029447 ], [ 403993.187701212824322, 399492.498851383046713 ], [ 403301.859074639389291, 398872.820024374872446 ], [ 402507.369038082601037, 399662.876903916709125 ], [ 402380.078443138743751, 399788.249140183150303 ], [ 402041.009345411788672, 400195.760018049622886 ], [ 401511.23877379699843, 400830.718030420888681 ], [ 400577.743039492983371, 401574.632045704813208 ], [ 399251.909507097385358, 402644.797681783034932 ], [ 398280.263052990310825, 403412.583781728113536 ], [ 396936.206745930714533, 404506.615184865077026 ], [ 395587.924960457719862, 405584.783538423536811 ], [ 395025.698026057798415, 405974.775516871537548 ], [ 394363.15089043561602, 406259.67064422002295 ], [ 394221.849452915601432, 406320.149024509300943 ], [ 393852.864173972164281, 406667.371250972675625 ], [ 393834.811734492948744, 406792.69857124768896 ], [ 393745.248169117432553, 406929.883997664379422 ], [ 393601.988962359377183, 407398.736556852119975 ], [ 393130.857553943176754, 407387.33065242820885 ], [ 392863.8627504959004, 407701.508040362037718 ], [ 392509.127680568315554, 407976.061532141407952 ], [ 392389.688792760309298, 408397.354878277110402 ], [ 391914.999810389708728, 408616.402156350319274 ], [ 391660.115056158916559, 409149.126789046393242 ], [ 391029.870573868625797, 409682.241291287704371 ], [ 390866.765090388245881, 410067.846654092310928 ], [ 390691.742243889078964, 410783.250212421175092 ], [ 390364.608378418372013, 410720.040774536726531 ], [ 389855.374761542247143, 412230.474220786069054 ], [ 389304.355950329801999, 412227.294904884067364 ], [ 388892.360855959588662, 412710.110848008887842 ], [ 388806.08142291882541, 412684.642914098978508 ], [ 388207.313067466253415, 412554.196846173203085 ], [ 387922.792226489982568, 412705.380745337111875 ], [ 386779.649854626331944, 413313.305912189360242 ], [ 385277.983156709931791, 414105.460612520808354 ], [ 385199.126945869997144, 414147.036423073324841 ], [ 384559.769480008806568, 414503.498978391522542 ], [ 383393.979666376137175, 415153.211614893691149 ], [ 383259.956959043978713, 415230.240813522250392 ], [ 381557.39175004028948, 416205.699925112654455 ], [ 380651.240021435194649, 416741.735810286074411 ], [ 379942.592462212138344, 417158.455459783843253 ], [ 379673.444310161634348, 417368.414219986472744 ], [ 378976.97421789879445, 417905.576716173498426 ], [ 378080.034669121727347, 418502.72284035931807 ], [ 376113.873191541468259, 419780.723672553955112 ], [ 374470.732799958612304, 420863.670947013422847 ], [ 372819.51769899512874, 421902.965339241432957 ], [ 371994.141427679511253, 422428.58428598032333 ], [ 370853.520442575681955, 423212.905670474283397 ], [ 368819.823599378287327, 424546.852067082072608 ], [ 367591.58586841460783, 425351.225056645227596 ], [ 366977.518426069582347, 425785.222557193425018 ], [ 365599.846230444614775, 426610.149877533316612 ], [ 365174.492744839983061, 426862.978460668236949 ], [ 364867.215616377943661, 427061.756329236435704 ], [ 363216.999634779582266, 428119.173496397444978 ], [ 361718.080836857843678, 429162.472707371751312 ], [ 360318.597576243453659, 430110.314331925532315 ], [ 357890.432792621315457, 431775.002806573349517 ], [ 356442.929575899732299, 432579.917400634207297 ], [ 356076.068824012996629, 432842.743223696073983 ], [ 354592.958334580704104, 433886.210418053611647 ], [ 353281.214723560377024, 434790.335907427070197 ], [ 351136.317339660017751, 436248.192242208635435 ], [ 349968.389216097362805, 436989.218207792844623 ], [ 349924.936773361521773, 437358.870990981929936 ], [ 348174.987337022612337, 438597.630193920282181 ], [ 346819.238591071800329, 439462.212755125423428 ], [ 344782.351231380947866, 440808.864632456738036 ], [ 343088.206417021574453, 441916.524424043076579 ], [ 339596.721109130885452, 444401.929472330608405 ], [ 333575.988660810748115, 448816.839874187018722 ], [ 332671.914525953296106, 449403.565370054740924 ], [ 328469.959753010421991, 452207.392590713687241 ], [ 326649.677734851895366, 453394.481682710931636 ], [ 325625.536901507410221, 454056.263091281463858 ], [ 325402.031199508346617, 454123.929978943313472 ], [ 325423.399107038101647, 454220.537489266949706 ], [ 325301.057534181221854, 454254.418369712133426 ], [ 325277.622008070524316, 454496.162023508339189 ], [ 324809.680766295467038, 454637.933727221388835 ], [ 324664.659478395828046, 454575.045105278433766 ], [ 324344.493709948263131, 454811.0027377314982 ], [ 323276.065032038663048, 455445.968363661435433 ], [ 323017.933150004013442, 455608.334701696992852 ], [ 322642.585698777751531, 455858.305060778162442 ], [ 321637.112535022082739, 456497.233163124590646 ], [ 319608.462875810684636, 457828.962447957601398 ], [ 317414.451613999088295, 459254.596117645793129 ], [ 315799.56095131370239, 460313.516445974411909 ], [ 313737.985863784444518, 461629.017594392469618 ], [ 313010.104366982821375, 462114.376085223047994 ], [ 311885.882053925772198, 462836.990943847573362 ], [ 311144.428245807532221, 463305.897953598701861 ], [ 310185.230679468077142, 463945.717378875124268 ], [ 309258.667781490134075, 464552.909404906036798 ], [ 308636.09378960885806, 464957.920430369151291 ], [ 307593.954993757070042, 465645.865819830272812 ], [ 307450.185134031926282, 465738.373783790913876 ], [ 306971.807698294054717, 466039.195270228898153 ], [ 306543.404449867317453, 466325.17007311451016 ], [ 306351.828635960642714, 466452.894754383654799 ], [ 305577.50006569060497, 466971.411613109812606 ], [ 304640.742407736834139, 467578.318097857176326 ], [ 302990.043309785891324, 468610.160125879745465 ], [ 301523.837037270423025, 469556.406603010953404 ], [ 300200.976022391696461, 470392.407311678340193 ], [ 298305.197647952882107, 471628.408049729012419 ], [ 297547.392706476151943, 472116.782127585320268 ], [ 297304.554584079305641, 472273.748507224721834 ], [ 296685.154716246877797, 472671.332909182063304 ], [ 296422.323861682263669, 472846.777462941536214 ], [ 296252.560023370373528, 472958.29578612674959 ], [ 295627.125232189544477, 473358.418326491490006 ], [ 295297.396731217973866, 473585.214916526863817 ], [ 295088.928925690881442, 473725.79596453049453 ], [ 294789.129858791187871, 473925.930756864661817 ], [ 293890.933892233180813, 474517.196991143457126 ], [ 293158.157743941643275, 475005.571718868275639 ], [ 292663.749789083725773, 474767.620268481958192 ], [ 292266.574051691684872, 474977.531500667333603 ], [ 291666.320606883848086, 475446.298966936941724 ], [ 291457.097299229120836, 475617.257195797923487 ], [ 290605.730571593157947, 476268.174291912175249 ], [ 290416.271991022629663, 476551.786280207685195 ], [ 290086.4188943534391, 477091.468183013726957 ], [ 289877.244038019212894, 477449.332627403317019 ], [ 288926.47611775418045, 479005.852169406425674 ], [ 288810.645539152435958, 479318.631794286950026 ], [ 288678.669400680926628, 479299.75917434040457 ], [ 288469.738529818539973, 479580.688180081604514 ], [ 288212.495049346121959, 480015.9967798491125 ], [ 287964.80997065838892, 480377.87272794690216 ], [ 286992.665352779033128, 480801.339348267763853 ], [ 286672.76130130054662, 480906.256888974807225 ], [ 286013.071423061483074, 480958.883099285012577 ], [ 285302.342779803206213, 480761.719485192850698 ], [ 285259.87741997349076, 480926.978771805006545 ], [ 285165.641967326868325, 480963.318507827061694 ], [ 285141.091736687347293, 481298.849007711396553 ], [ 284599.257699228008278, 481892.492182734597009 ], [ 284073.423123754968401, 482446.758185361220967 ], [ 284121.090249042026699, 482537.053256194514688 ], [ 284147.406676617858466, 482837.636794059595559 ], [ 283604.505661878269166, 483217.350317876262125 ], [ 283388.837951979541685, 483356.672658386174589 ], [ 283299.631252898601815, 483944.716780407063197 ], [ 282901.753150922828354, 483814.728023449366447 ], [ 282373.353687938419171, 484188.54927212552866 ], [ 281539.629231167840771, 485051.384570492897183 ], [ 281517.554030821891502, 484946.267590188130271 ], [ 281448.864023664733395, 484618.476506259117741 ], [ 281252.093125340470579, 484398.965250599721912 ], [ 281115.620437587494962, 484245.6893612628337 ], [ 280376.079039632866625, 483509.167895966675133 ], [ 279806.897905585996341, 484017.19483326387126 ], [ 279475.403726152784657, 484219.327129023266025 ], [ 279241.101794463873375, 484340.24785000475822 ], [ 279142.16861895105103, 484392.705943958251737 ], [ 278459.550438552512787, 484251.67643478239188 ], [ 277876.327311253291555, 484709.199225757387467 ], [ 277744.527582646871451, 484695.903158147120848 ], [ 277735.963685941474978, 484828.155549303570297 ], [ 277090.121105539379641, 485405.298677386541385 ], [ 276755.025910249212757, 485694.28781146655092 ], [ 276671.364238535810728, 485790.862408897664864 ], [ 276544.364291727659293, 485821.177429871691857 ], [ 276529.050139295228291, 486110.396064945147373 ], [ 275794.307152511668392, 486186.725706528348383 ], [ 275269.468671297305264, 486439.755234798125457 ], [ 273517.809893196681514, 486382.32571569015272 ], [ 273531.833131237886846, 486500.279171695176046 ], [ 273525.042653673037421, 487018.938571735750884 ], [ 273231.92223642708268, 487148.917100239486899 ], [ 271552.601556133595295, 487875.365850047150161 ], [ 268056.928489825397264, 489376.473348572151735 ], [ 264714.354531363525894, 490188.035492863506079 ], [ 262880.215092245256528, 491102.783731327799615 ], [ 260751.361795216304017, 492170.940511490451172 ], [ 257928.728273548505967, 492045.084707646514289 ], [ 257423.290393045201199, 492021.403284303785767 ], [ 253770.181647344492376, 491888.493368860450573 ], [ 253346.517692132212687, 491864.818877817189787 ], [ 251515.61621435120469, 491759.516192189184949 ], [ 249223.45238830553717, 491632.881444912403822 ], [ 248120.380538168305065, 491580.92768318351591 ], [ 246788.084788710024441, 491505.060991585138254 ], [ 246624.141483862156747, 491495.702895617519971 ], [ 244664.949278274056269, 491414.211470405803993 ], [ 242581.13030073029222, 491310.155983406410087 ], [ 240474.988523378997343, 491390.484495031589177 ], [ 240410.173102800355991, 491467.548718161997385 ], [ 239826.790532227663789, 491880.400479215546511 ], [ 238635.827924849290866, 492714.247510537097696 ], [ 236504.177422767155804, 492769.511685236182529 ], [ 233691.559572837839369, 492424.708396130881738 ], [ 231086.634717448789161, 492103.606880390201695 ], [ 230117.037079577799886, 491984.068128129467368 ], [ 227765.839240805013105, 491689.754239854228217 ], [ 224347.917409289337229, 491867.095794835302513 ], [ 222340.513673752022441, 491899.194526296167169 ], [ 219831.573364042618778, 491949.200425470189657 ], [ 218404.279168476758059, 491921.855265139369294 ], [ 216736.557935263728723, 491974.078325206995942 ], [ 215428.5571689690114, 492012.652244485507254 ], [ 214797.641145388013683, 492033.896564863971435 ], [ 213591.85929524700623, 492069.906198495940771 ], [ 212292.118529869592749, 492120.187056148715783 ], [ 211497.661425986152608, 492148.112268178141676 ], [ 210959.763835707330145, 492150.008058633306064 ], [ 209766.583951210894156, 492147.894751798128709 ], [ 209189.996533455676399, 492166.702498047030531 ], [ 208904.409265193273313, 492176.42309827398276 ], [ 206753.023936075216625, 492246.161323141830508 ], [ 203996.080315747240093, 492325.252491200109944 ], [ 200659.054046237899456, 492407.046154422219843 ], [ 200025.981843652785756, 492421.696947043004911 ], [ 198364.89788180985488, 492457.983773916144855 ], [ 196363.221568238630425, 492500.680799950438086 ], [ 195363.619142479379661, 492903.37725157715613 ], [ 194380.174749322701246, 493249.616051679709926 ], [ 192950.407194210449234, 492580.552462425781414 ], [ 186066.189099451876245, 492614.028188625059556 ], [ 173138.914257912896574, 492679.127270504657645 ], [ 172612.37839119223645, 492684.037873412715271 ], [ 172633.052394490689039, 493084.912324506905861 ], [ 166875.567328809062019, 497850.843156630231533 ], [ 164551.693657264462672, 499914.286323106847703 ], [ 164220.761633951799013, 500226.44446599110961 ], [ 164153.241957881720737, 500294.286972795147449 ], [ 163977.606955500901677, 500450.409987299644854 ], [ 160721.706757967825979, 503342.244286298053339 ], [ 163041.876804122584872, 505278.237262746843044 ], [ 162979.506450344168115, 506562.178686346742325 ], [ 160649.478070298733655, 507085.557843729155138 ], [ 160386.655824915447738, 507458.278919863165356 ], [ 160341.480234250368085, 507992.224016362568364 ], [ 160410.693383819190785, 508322.989041546999943 ], [ 160727.762946601607837, 509537.772655938344542 ], [ 161273.341848363401368, 511866.361628549813759 ], [ 161539.708058684889693, 512324.644912812800612 ], [ 158481.534977656498086, 513736.443549200717825 ], [ 158394.374804283026606, 513959.7865415244014 ], [ 158348.744670599233359, 514378.887054746504873 ], [ 158350.482471517345402, 514777.511864271713421 ], [ 158332.650945721659809, 515351.890806099458132 ], [ 158354.936182672274299, 515797.721361081930809 ], [ 158357.151561411039438, 516304.448011532600503 ], [ 158337.96723424148513, 516568.034866143367253 ], [ 158359.576192312757485, 516858.469078929396346 ], [ 158408.390383336518425, 517169.053654632065445 ], [ 158450.988757375162095, 517608.038316674530506 ], [ 158479.082154946634546, 517830.878993795253336 ], [ 158453.507821850478649, 518182.328222479613032 ], [ 158434.060989510966465, 518385.10812864836771 ], [ 158435.336975118494593, 518675.631276996806264 ], [ 158457.306495862721931, 519047.141417835606262 ], [ 158458.762348884774838, 519378.202793499222025 ], [ 158439.793673772306647, 519689.084580924769398 ], [ 158400.69804228132125, 520047.350573204807006 ], [ 158354.616546048375312, 520358.352222853398416 ], [ 158308.804629176738672, 520730.161512919119559 ], [ 158269.414942186151166, 521020.864797588670626 ], [ 158203.00135813333327, 521331.957185552746523 ], [ 158163.583961799042299, 521615.90456210821867 ], [ 158117.209595629421528, 521859.344003285805229 ], [ 158050.79938078939449, 522170.437460972752888 ], [ 158052.565154287265614, 522569.063950712792575 ], [ 158012.882281799684279, 522792.204963938100263 ], [ 157966.721319352975115, 523082.939932432258502 ], [ 157920.921411626157351, 523454.751989149488509 ], [ 157861.80652550997911, 523880.675778666394763 ], [ 157815.829762746521737, 524211.950109724886715 ], [ 157729.184052453318145, 524543.405932609573938 ], [ 157711.106218803673983, 525050.226853529922664 ], [ 157713.39589601760963, 525563.713668234297074 ], [ 157648.267575257923454, 526158.580075598671101 ], [ 157583.052491467562504, 526733.178205415024422 ], [ 157585.229400140757207, 527219.640062663704157 ], [ 157500.686399931728374, 528017.292228340404108 ], [ 157455.544224972720258, 528530.993307324475609 ], [ 157396.514892382081598, 528970.435061110882089 ], [ 157398.003312302520499, 529301.5001180205727 ], [ 157419.644035567180254, 529591.935117434128188 ], [ 157401.013363049190957, 529970.386705794255249 ], [ 157375.179895648441743, 530254.278862933744676 ], [ 157375.971528248512186, 530429.946088464464992 ], [ 157309.807546992669813, 530788.34269786067307 ], [ 157291.456126315461006, 531227.602981989504769 ], [ 157253.414515112817753, 531808.840470421477221 ], [ 157208.751593845023308, 532423.891365663032047 ], [ 157103.032408255559858, 533025.706471108249389 ], [ 157017.344143318885472, 533559.866089977906086 ], [ 156925.465373992279638, 534222.430156099842861 ], [ 156866.772216086799745, 534729.442528931540437 ], [ 156821.944763176667038, 535303.95841739710886 ], [ 156669.298656395985745, 536014.099195747869089 ], [ 156604.147595245914999, 536588.70987576758489 ], [ 156498.954996854183264, 537298.6371406968683 ], [ 156345.429437669110484, 537812.844980124616995 ], [ 156238.697648696601391, 538184.950025130761787 ], [ 156192.497523974569049, 538455.428271583397873 ], [ 156153.044486353814136, 538719.119033876690082 ], [ 156087.415600712003652, 539185.630235694814473 ], [ 156021.167421672318596, 539517.011510739568621 ], [ 155975.46988234994933, 539895.59537745337002 ], [ 155888.986960716661997, 540247.340923666022718 ], [ 155802.630587716645095, 540626.11331192124635 ], [ 155716.775725356768817, 541112.991027814568952 ], [ 155562.52905947517138, 541465.0521113879513 ], [ 155387.860013418248855, 541796.938986213528551 ], [ 155185.991411675931886, 542108.683183558634482 ], [ 155058.263660129683558, 542332.247475161217153 ], [ 154788.849378657876514, 542691.605427425354719 ], [ 154546.60860094736563, 543064.353209735592827 ], [ 154128.833677985414397, 543579.813938980689272 ], [ 153839.1626153558027, 543952.789436538587324 ], [ 153535.972905026224907, 544332.587893516174518 ], [ 153198.491091370175127, 544624.711462579434738 ], [ 152799.893465140135959, 544890.097557995468378 ], [ 152468.875662775477394, 545114.628729300806299 ], [ 152117.401747473224532, 545312.231376141775399 ], [ 151718.395609709317796, 545489.790026539587416 ], [ 151251.334724642278161, 545606.860566011280753 ], [ 150831.679700616456103, 545716.954080169438384 ], [ 150411.928675811563153, 545806.780148306395859 ], [ 150100.735609292809386, 545923.123014954500832 ], [ 149789.31835832138313, 545992.169475957634859 ], [ 149498.616749031061772, 546142.204139921930619 ], [ 149275.620502465986647, 546278.404708348331042 ], [ 149079.829008411266841, 546434.748305207700469 ], [ 149012.477745941607282, 546522.910840998520143 ], [ 148945.126783980231266, 546611.073542829952203 ], [ 148905.301739227143116, 546786.947743186610751 ], [ 148906.267111410328653, 546989.656013781088404 ], [ 148948.087098274962045, 547232.712327917455696 ], [ 148949.343026978836861, 547496.233099527424201 ], [ 148979.931061307666823, 548225.853651237324812 ], [ 149002.907156675413717, 548779.825865831575356 ], [ 149026.111693807062693, 549381.096532177180052 ], [ 149029.183446638518944, 550023.005944578791969 ], [ 149051.422655005590059, 550421.568249568110332 ], [ 149080.763366353174206, 550887.667197569506243 ], [ 149151.80209401785396, 551569.793000129051507 ], [ 149195.770531587244477, 552258.805322931380942 ], [ 149266.522510777867865, 552880.11750138993375 ], [ 149377.901441148133017, 553494.476564962300472 ], [ 149495.895227383589372, 554075.017326389322989 ], [ 149627.181617693335284, 554601.436562299728394 ], [ 149676.21053015376674, 554932.296699704485945 ], [ 149718.692105083668139, 555310.487674410454929 ], [ 149680.18861264269799, 555756.640099291922525 ], [ 149682.310487904644106, 556195.839491101680323 ], [ 149663.256527563557029, 556459.457440736703575 ], [ 149684.989700508827809, 556749.906511575216427 ], [ 149686.264893815096002, 557013.426192458369769 ], [ 149687.671574072854128, 557303.973591000190936 ], [ 149669.1770835465868, 557682.45942273165565 ], [ 149711.535187346802559, 558033.621986963320524 ], [ 149692.813804912555497, 558364.809406828018837 ], [ 149695.07685201097047, 558831.036731128813699 ], [ 149737.142260574037209, 559121.386724839103408 ], [ 149765.426796669897158, 559364.503912477521226 ], [ 149807.591499711736105, 559675.124414902180433 ], [ 149835.975449174642563, 559938.512175420532003 ], [ 149857.715631794650108, 560228.960377479786985 ], [ 149899.84886770619778, 560532.823442352586426 ], [ 149928.6948233480216, 560890.807673190254718 ], [ 149930.209148791152984, 561201.625402179430239 ], [ 149904.721307678322773, 561532.846094740089029 ], [ 149933.537016800430138, 561884.073159960564226 ], [ 149935.152979928010609, 562215.161624258267693 ], [ 149977.75208106264472, 562613.620764922932722 ], [ 150027.12737770768581, 563012.04645342961885 ], [ 150096.730111511482392, 563390.101823187549599 ], [ 150139.001074101252016, 563720.991042965441011 ], [ 150228.698956781299785, 564051.648060551960953 ], [ 150318.628472369746305, 564429.60293019155506 ], [ 150367.576660228776745, 564740.187561381375417 ], [ 150436.850351658998989, 565050.672395654488355 ], [ 150526.880033682449721, 565448.896763236494735 ], [ 150596.684502534335479, 565867.491040946333669 ], [ 150728.127344689506572, 566420.923108155489899 ], [ 150818.5895600883523, 566906.985173894907348 ], [ 150888.727972359920386, 567393.146533222286962 ], [ 150938.343790943501517, 567838.866325217997655 ], [ 150938.975131512386724, 567967.246670374996029 ], [ 150980.388168383622542, 568122.454426579060964 ], [ 151008.052307654346805, 568237.187728925375268 ], [ 151029.240866690466646, 568412.765981004340574 ], [ 151030.537908481259365, 568676.28334856336005 ], [ 151031.868830533116125, 568946.557568889926188 ], [ 151033.500069988425821, 569277.643580351839773 ], [ 151054.78989188518608, 569473.492177811334841 ], [ 151055.889328395656776, 569696.468520979513414 ], [ 151076.979580883868039, 569851.775895533501171 ], [ 151125.068289033661131, 569986.679027823498473 ], [ 151213.770983356400393, 570114.624723699060269 ], [ 151261.959626210562419, 570269.798284381628036 ], [ 151303.473658954491839, 570445.275662297266535 ], [ 151331.572065255139023, 570647.847231096588075 ], [ 151305.675160514714662, 570891.227291712188162 ], [ 151333.740796898666304, 571087.041949894279242 ], [ 151355.165849743934814, 571309.917305371374823 ], [ 151356.034095481038094, 571485.595180772361346 ], [ 151336.612752983754035, 571668.130380133516155 ], [ 151310.384117190726101, 571843.942338570021093 ], [ 151243.609849171887618, 572040.226158785051666 ], [ 151203.866802259813994, 572222.862315831938758 ], [ 151137.194205972715281, 572439.41717245161999 ], [ 151050.132479938154574, 572642.559415086987428 ], [ 151003.683902667718939, 572838.743515715235844 ], [ 150984.467219976475462, 573061.820864640991203 ], [ 150965.351611091289669, 573305.168968138052151 ], [ 151007.305559898959473, 573568.484928756253794 ], [ 151076.255979063280392, 573811.395603974931873 ], [ 151165.327491025498603, 574013.663848959142342 ], [ 151234.042664972774219, 574209.276151673868299 ], [ 151302.791438265470788, 574411.645132225821726 ], [ 151324.222081209882163, 574634.52013345155865 ], [ 151304.773123700055294, 574810.299249219591729 ], [ 151258.463566403661389, 575033.51119438232854 ], [ 151198.472088486189023, 575229.763445749762468 ], [ 151141.733610615017824, 575398.971499893115833 ], [ 151064.875458080437966, 575608.822338822297752 ], [ 150997.909778947883751, 575764.567962578381412 ], [ 150930.944459501188248, 575920.313727106316946 ], [ 150863.844859825796448, 576049.032300598919392 ], [ 150844.298371742654126, 576204.541965369367972 ], [ 150804.666474990954157, 576407.451325870235451 ], [ 150778.684418046614155, 576630.563773384550586 ], [ 150779.66354851028882, 576826.513340623117983 ], [ 150760.219852997397538, 577002.293911353568546 ], [ 150740.675256330170669, 577157.803946912987158 ], [ 150694.035340228059795, 577313.449605835485272 ], [ 150627.175585213350132, 577489.467774228425696 ], [ 150566.887335359235294, 577624.910902603180148 ], [ 150452.7470335723483, 577828.194713947246782 ], [ 150345.246060581179336, 578004.417693437775597 ], [ 150190.430553450423758, 578201.149691714788787 ], [ 150076.05544391204603, 578357.137013742467389 ], [ 149901.293855880678166, 578628.299023072584532 ], [ 149773.678667604457587, 578845.168246467714198 ], [ 149659.306123989983462, 579001.157480364548974 ], [ 149592.588695992482826, 579204.207033673301339 ], [ 149505.516710442490876, 579400.60244825296104 ], [ 149486.080814614368137, 579576.385873856139369 ], [ 149439.584286422294099, 579759.062941490556113 ], [ 149399.828110337199178, 579934.949073048774153 ], [ 149312.553958918550052, 580090.803797670872882 ], [ 149225.280456320673693, 580246.658763407845981 ], [ 149178.649600885633845, 580402.30886228394229 ], [ 149159.113866254861932, 580557.822086260421202 ], [ 149159.899338606162928, 580713.232764019165188 ], [ 149201.531818621850107, 580908.979864511522464 ], [ 149229.651261718187016, 581111.55222326295916 ], [ 149298.378361737995874, 581307.162075415370055 ], [ 149360.673559625749476, 581570.375716141890734 ], [ 149429.776679580390919, 581840.311821217997931 ], [ 149498.845658240898047, 582103.490743129746988 ], [ 149520.397648226295132, 582346.638688662322238 ], [ 149569.146511841448955, 582609.920160075416788 ], [ 149611.361881651682779, 582920.53450555447489 ], [ 149660.145542221493088, 583190.572576278354973 ], [ 149681.459191498928703, 583386.421407070360146 ], [ 149770.540639679413289, 583588.683601356227882 ], [ 149818.707809429615736, 583737.096043803961948 ], [ 149839.953086278750561, 583919.430608946480788 ], [ 149888.154563341697212, 584074.599927469040267 ], [ 149929.68563588737743, 584250.074311341857538 ], [ 150045.722418704302981, 584425.170482210000046 ], [ 150222.717624068900477, 584599.957204383565113 ], [ 150399.609109067707323, 584754.473148824064992 ], [ 150556.283115663623903, 584929.362802768475376 ], [ 150692.534135870519094, 585084.084619721164927 ], [ 150849.343685492116492, 585286.001682989881374 ], [ 150958.603996093559545, 585461.131361496285535 ], [ 151068.000846610229928, 585663.288460272480734 ], [ 151116.303007637208793, 585838.726925825350918 ], [ 151157.832174565235619, 586014.1996419247007 ], [ 151185.815427233930677, 586189.740988628705963 ], [ 151186.501109481498133, 586324.878491605515592 ], [ 151119.560090804239735, 586480.630507241701707 ], [ 151032.300717155623715, 586636.485870661330409 ], [ 150944.904531831271015, 586765.31409306731075 ], [ 150789.916777022008318, 586921.514655312174 ], [ 150587.966151830216404, 587165.79702734539751 ], [ 150433.324296298320405, 587389.568691388121806 ], [ 150325.853003835072741, 587565.800993114826269 ], [ 150279.372936030908022, 587748.479805390001275 ], [ 150260.053788502817042, 587944.534409350482747 ], [ 150261.19167039002059, 588167.51327207533177 ], [ 150282.752037224301603, 588410.659034114331007 ], [ 150283.890751746483147, 588633.637768390704878 ], [ 150312.086555485031568, 588849.721176223247312 ], [ 150333.440663563611452, 589052.325293400441296 ], [ 150313.916828592249658, 589207.838598350877874 ], [ 150267.302194924035575, 589363.490407250705175 ], [ 150200.231666010455228, 589492.218655346659943 ], [ 150113.119995898276102, 589675.106648732093163 ], [ 149958.143466692592483, 589831.3142443690449 ], [ 149830.119948265666608, 589960.355853912536986 ], [ 149695.358892637072131, 590096.189682662370615 ], [ 149540.280350172310136, 590232.128380930167623 ], [ 149452.790395339077804, 590340.692122426233254 ], [ 149406.283825741149485, 590516.617204292211682 ], [ 149406.978125824476592, 590651.756913950899616 ], [ 149407.77676651760703, 590807.167534829117358 ], [ 149408.67983094335068, 590982.849290268262848 ], [ 149409.374677593354136, 591117.98901274765376 ], [ 149369.39931454253383, 591246.580786110134795 ], [ 149282.050865339348093, 591382.173618788598105 ], [ 149194.702858568285592, 591517.766774072195403 ], [ 149100.199863195419312, 591579.068046616041102 ], [ 148971.868861719558481, 591647.301154426997527 ], [ 148836.765443598735146, 591715.569464559899643 ], [ 148728.404055814200547, 591716.128250836278312 ], [ 148613.618501083925366, 591784.29254241369199 ], [ 148458.092876140610315, 591832.395750180236064 ], [ 148349.731317736324854, 591832.955249670776539 ], [ 148214.139545526821166, 591806.626595786074176 ], [ 148058.020066652738024, 591739.860850922297686 ], [ 147908.812562916078605, 591700.088505247258581 ], [ 147752.58736365661025, 591613.05182714224793 ], [ 147616.679712866083719, 591525.910181506886147 ], [ 147480.87649170786608, 591459.039849690627307 ], [ 147324.649793507647701, 591372.003504135413095 ], [ 147195.513501144654583, 591284.827048715669662 ], [ 147080.132261318096425, 591238.123259366373532 ], [ 146951.345171125954948, 591218.518284291494638 ], [ 146836.313388487382326, 591239.386051010922529 ], [ 146707.981252826575655, 591307.624372802791186 ], [ 146572.876532302238047, 591375.898102998849936 ], [ 146437.771962985862046, 591444.172373851411976 ], [ 146282.314132513594814, 591505.795291527174413 ], [ 146153.772014015179593, 591533.492216674727388 ], [ 146038.740365779434796, 591554.361790627706796 ], [ 145883.071911692793947, 591575.442926465068012 ], [ 145754.635065334150568, 591623.412330644321628 ], [ 145619.038825061754324, 591597.087989607243799 ], [ 145463.159029540955089, 591577.62690234486945 ], [ 145307.384584821586031, 591578.437747450894676 ], [ 145199.371463580697309, 591646.574300448875874 ], [ 145084.585816134640481, 591714.746556815691292 ], [ 145024.088309261424001, 591802.908387054922059 ], [ 144909.408731938165147, 591891.352905683568679 ], [ 144821.714664428320248, 591959.384738752502017 ], [ 144734.020855421898887, 592027.416679447633214 ], [ 144625.867738830216695, 592068.525913481484167 ], [ 144510.87118418776663, 592096.156255041132681 ], [ 144375.415013290010393, 592096.863830972113647 ], [ 144226.271799671696499, 592070.613268206128851 ], [ 144110.921715372474864, 592030.67134849075228 ], [ 144002.556350058352109, 592031.237962279701605 ], [ 143867.205388036905788, 592052.218471603933722 ], [ 143732.102039368706755, 592120.500424966448918 ], [ 143624.090281748736743, 592188.641051434911788 ], [ 143489.09344673412852, 592277.195863578584976 ], [ 143381.294447343272623, 592385.88112304918468 ], [ 143246.652597283595242, 592542.0103975556558 ], [ 143159.172981697891373, 592650.589910354232416 ], [ 143071.729157181514893, 592765.927161116036586 ], [ 142963.931784396700095, 592874.614071636577137 ], [ 142828.936807021324057, 592963.171542870579287 ], [ 142673.623794524406549, 593051.836328057106584 ], [ 142545.295603958016727, 593120.0869492625352 ], [ 142410.194761928345542, 593188.373725572717376 ], [ 142234.101265200879425, 593189.300769447349012 ], [ 142030.916080550232437, 593190.371005225810222 ], [ 141854.715136140293907, 593171.026675786008127 ], [ 141651.636136460700072, 593192.370411195908673 ], [ 141475.648445192258805, 593213.571746968780644 ], [ 141320.014976755017415, 593241.423884886316955 ], [ 141191.544291604484897, 593282.648270194069482 ], [ 141076.86932808579877, 593371.103767777560279 ], [ 141057.014898911234923, 593459.058402040973306 ], [ 141057.729313417337835, 593594.208025137428194 ], [ 141078.762494151713327, 593729.250212151440792 ], [ 141126.744078300136607, 593837.119250032235868 ], [ 141167.988526024098974, 593951.781397020095028 ], [ 141107.605090132739861, 594060.223503692541271 ], [ 140992.932081789360382, 594148.680020450497977 ], [ 140837.515100715972949, 594217.079554495285265 ], [ 140729.508061752771027, 594285.228564439108595 ], [ 140574.091375510208309, 594353.629052275675349 ], [ 140438.849996783654206, 594394.892318036407232 ], [ 140330.843363667081576, 594463.042377449688502 ], [ 140216.171569677826483, 594551.501236649346538 ], [ 140087.846777313563507, 594619.759830379509367 ], [ 139952.605732215510216, 594661.024455444305204 ], [ 139817.400619541294873, 594709.047211497207172 ], [ 139668.50608625379391, 594730.111963476869278 ], [ 139553.727403377648443, 594798.300072967773303 ], [ 139418.378455384110566, 594819.293482801294886 ], [ 139289.946390012977645, 594867.281553093111143 ], [ 139134.278860014979728, 594888.383958547492512 ], [ 138978.503178065642715, 594889.213896542787552 ], [ 138843.045941783115268, 594889.935873885056935 ], [ 138734.571975999628194, 594870.240724521921948 ], [ 138599.006265873322263, 594850.690326782525517 ], [ 138490.495768272143323, 594824.237867224030197 ], [ 138402.231730015133508, 594784.161843763897195 ], [ 138266.304638595785946, 594697.035394531907514 ], [ 138157.577008562802803, 594630.037402634974569 ], [ 138042.545410003804136, 594650.925134628312662 ], [ 137914.112220622831956, 594698.916202088003047 ], [ 137799.080463338119444, 594719.80457462114282 ], [ 137690.460422916745301, 594673.079963658703491 ], [ 137554.784362044010777, 594633.258202425669879 ], [ 137425.736366550961975, 594566.36943123547826 ], [ 137290.023382735729683, 594519.790174155961722 ], [ 137154.346344545308966, 594479.968774298322387 ], [ 137025.767621145001613, 594500.930764151271433 ], [ 136910.988323769706767, 594569.124711968004704 ], [ 136843.728788181615528, 594657.338102293782867 ], [ 136844.19954981590854, 594745.188664658227935 ], [ 136871.762393232667819, 594832.894024938810617 ], [ 136960.426860601699445, 594947.303622787585482 ], [ 137049.054863225726876, 595054.955340602435172 ], [ 137117.255092553445138, 595142.442779876757413 ], [ 137158.50836484413594, 595257.106269674142823 ], [ 137186.288239528134, 595385.357701704720967 ], [ 137159.667456454480998, 595473.353245268226601 ], [ 137072.235680673096795, 595588.706665397738107 ], [ 136964.449349446746055, 595697.411585871130228 ], [ 136876.873170443694107, 595785.734659159788862 ], [ 136789.297221442800947, 595874.05798682756722 ], [ 136674.303158399940003, 595901.707427883753553 ], [ 136586.582290664373431, 595963.000217019813135 ], [ 136478.579241399362218, 596031.160301829106174 ], [ 136343.37556518096244, 596079.193042356753722 ], [ 136208.281138602935243, 596147.499447188922204 ], [ 136052.613525715249125, 596168.611302153905854 ], [ 135944.246890484588221, 596169.194796415045857 ], [ 135835.625448641192634, 596122.473882082733326 ], [ 135720.485612313263118, 596123.09417254012078 ], [ 135612.373660590383224, 596170.982831651344895 ], [ 135504.006599305663258, 596171.5670347281266 ], [ 135388.757159604225308, 596151.914404779090546 ], [ 135253.042874937178567, 596105.340282216551714 ], [ 135103.81880749593256, 596065.597245033131912 ], [ 134988.532191224920098, 596039.187393323634751 ], [ 134853.072404574311804, 596039.918764191213995 ], [ 134656.91095344547648, 596088.284816708648577 ], [ 134481.031998954887968, 596129.783886594581418 ], [ 134325.618315168598201, 596198.205125352367759 ], [ 134149.775935740442947, 596246.463239527656697 ], [ 134014.535087124502752, 596287.744009684189223 ], [ 133879.074605945963413, 596288.477638879674487 ], [ 133770.706035827926826, 596289.064738936023787 ], [ 133662.483987548039295, 596316.683777435566299 ], [ 133567.514751987881027, 596290.166021565208212 ], [ 133458.926105418649968, 596250.205957622267306 ], [ 133323.574848232383374, 596271.214568088995293 ], [ 133215.462417701783124, 596319.108237657230347 ], [ 133127.412521277496126, 596319.58613284653984 ], [ 132992.171205185877625, 596360.869417269248515 ], [ 132863.739680092374329, 596408.874238358461298 ], [ 132769.136909933993593, 596449.937389097758569 ], [ 132661.134913006040733, 596518.106397312949412 ], [ 132525.930534302606247, 596566.149016903829761 ], [ 132417.671501742152032, 596587.01253067725338 ], [ 132282.209658179490361, 596587.749732594005764 ], [ 132173.950386973971035, 596608.613815039629117 ], [ 132038.488286413950846, 596609.351532850181684 ], [ 131950.216917635349091, 596569.282976625370793 ], [ 131821.380255942523945, 596542.951968549168669 ], [ 131706.015918297693133, 596503.031236461945809 ], [ 131597.387737322191242, 596456.315649272524752 ], [ 131481.875500434136484, 596389.362831220030785 ], [ 131373.504842396941967, 596389.953878269298002 ], [ 131265.023346139118075, 596370.270921858842485 ], [ 131177.082601548812818, 596391.025596826220863 ], [ 131021.557606662623584, 596439.182619889383204 ], [ 130886.352051027992275, 596487.229243587120436 ], [ 130750.99891420872882, 596508.243669689632952 ], [ 130662.836464756692294, 596488.450641667353921 ], [ 130527.224441675236449, 596462.15871438710019 ], [ 130398.311434640723746, 596422.31372162187472 ], [ 130282.907724868447986, 596375.63664961932227 ], [ 130153.735285545641091, 596288.48492925032042 ], [ 130017.900025547249243, 596221.644728672225028 ], [ 129861.633665041590575, 596134.641445580986328 ], [ 129705.477666950144339, 596067.912850996945053 ], [ 129549.210224474954884, 595980.909823462716304 ], [ 129420.294741094985511, 595941.065772840986028 ], [ 129264.359607695660088, 595914.886739974259399 ], [ 129108.720731698849704, 595942.773739208700135 ], [ 128905.519767011282966, 595943.888407448190264 ], [ 128749.843384434061591, 595965.018040947266854 ], [ 128553.303945442312397, 595945.821951551712118 ], [ 128397.515766682103276, 595946.677761037950404 ], [ 128262.047658499213867, 595947.422235946520232 ], [ 128133.204146439791657, 595921.096625214442611 ], [ 128017.832878707791679, 595881.180176557856612 ], [ 127908.825993966835085, 595766.885559118934907 ], [ 127772.762011477781925, 595659.498093213187531 ], [ 127595.907833730569109, 595525.301124972873367 ], [ 127486.676369074673858, 595370.456436281558126 ], [ 127329.918278029654175, 595195.597652028314769 ], [ 127105.79561536712572, 595088.694937415304594 ], [ 126929.422124761214945, 595042.356404249207117 ], [ 126726.475207086536102, 595090.784403642173856 ], [ 126550.734348229772877, 595159.338822564342991 ], [ 126443.065092416771222, 595288.34561674669385 ], [ 126309.085615399177186, 595559.428474192740396 ], [ 126175.070384160033427, 595823.75380679348018 ], [ 126067.777019269298762, 596020.346228654612787 ], [ 126001.27537133207079, 596243.748007439309731 ], [ 125914.079890998953488, 596399.678634445765056 ], [ 125759.636591258400586, 596643.8442007007543 ], [ 125625.290431568631902, 596847.347503259312361 ], [ 125450.266952872334514, 597044.318761373870075 ], [ 125254.473780885804445, 597160.302454835386015 ], [ 125099.659969654108863, 597336.887529230327345 ], [ 124897.695793999708258, 597561.046520600095391 ], [ 124722.78926624689484, 597778.297584691201337 ], [ 124616.03250505606411, 598069.515840365085751 ], [ 124522.447297425474972, 598293.074457188136876 ], [ 124395.486317905888427, 598604.683157500228845 ], [ 124281.696761414466891, 598848.631950402050279 ], [ 124106.948232728173025, 599092.922159854089841 ], [ 123952.37004594685277, 599310.065829086932354 ], [ 123777.284026936569717, 599493.531460954691283 ], [ 123601.177189552690834, 599494.51719121763017 ], [ 103665.195689000422135, 599582.051327445544302 ], [ 88949.516239480813965, 599650.134452993399464 ], [ 86042.609457518032286, 599647.687366930651478 ], [ 70311.126476920384448, 580865.867307297186926 ], [ 63946.834180066362023, 575677.904628628282808 ], [ 49476.522656474844553, 563865.071238901233301 ], [ 43306.219448641466442, 558803.902749522356316 ], [ 39978.336644709226675, 556031.267400980112143 ], [ 36376.869116062182002, 552955.896060125669464 ], [ 22992.622477052500471, 541756.683528901892714 ], [ 14646.189256774319801, 534604.241873424616642 ], [ 11048.828371951472946, 531480.884979741531424 ], [ 401.846070924424566, 522806.327290987421293 ], [ -2595.558802195417229, 520253.966127444582526 ], [ -11642.996629680274054, 511622.097008200071286 ], [ -15183.382386196579318, 508226.793738453648984 ], [ -21383.524954818247352, 502235.604828750889283 ], [ -25464.648389676818624, 498355.962657347146887 ], [ -29785.706097546848468, 494213.631932474672794 ], [ -30544.796356754377484, 493467.053356872638687 ], [ -33840.749658149434254, 490292.767014080018271 ], [ -39777.256415644311346, 484515.063222860742826 ], [ -42718.046747216489166, 481717.263731320854276 ], [ -46035.047197761945426, 478589.969585020211525 ], [ -53498.237362412852235, 471446.342221905244514 ], [ -56453.576732859364711, 468648.072558107727673 ], [ -54038.373098697047681, 466749.795585156301968 ], [ -51291.401470331707969, 464619.355431936332025 ], [ -50281.115081524127163, 463637.784801448753569 ], [ -48269.859917099704035, 459629.724648141069338 ], [ -50086.323910494567826, 457291.18935518147191 ], [ -48616.061897372594103, 454241.485040627652779 ], [ -46683.646635620272718, 453342.498906806576997 ], [ -45423.523625916568562, 451472.601038525346667 ], [ -45485.978121240390465, 449028.449710256769322 ], [ -45798.119195191306062, 448014.605029952013865 ], [ -49197.812460698653013, 446965.283295125351287 ], [ -48958.716816244181246, 444898.411706168088131 ], [ -46827.147060490446165, 444269.332082553883083 ], [ -44124.197916202014312, 441388.812857940327376 ], [ -43392.274699106346816, 440964.64220217068214 ], [ -40728.886519677122124, 439418.618506107886788 ], [ -40840.034916221746244, 439019.776661586016417 ], [ -41391.814478159998544, 436538.005789950315375 ], [ -42527.81583475752268, 432989.747908011835534 ], [ -42617.247454944415949, 432814.215079171408433 ], [ -43021.045579903759062, 432376.428465893433895 ], [ -44228.172042940859683, 431801.10880094091408 ], [ -45250.87336237099953, 431366.914172988210339 ], [ -45681.033100164378993, 431078.242636961513199 ], [ -45908.309178945608437, 429420.534829792100936 ], [ -45910.900206535123289, 428973.627370374393649 ], [ -46008.70645231322851, 428527.271041550848167 ], [ -45472.033968679839745, 428415.8212927999557 ], [ -43726.328170319320634, 429204.762536865542643 ], [ -41588.539675357053056, 429591.940214601287153 ], [ -39162.207533370354213, 429313.935820225335192 ], [ -37577.298603757750243, 429372.578840632922947 ], [ -37087.436084441724233, 429410.406559980765451 ], [ -36948.142323023173958, 429985.124453401425853 ], [ -36525.246065334766172, 430206.14233995473478 ], [ -36190.756671047885902, 430427.664622895303182 ], [ -33850.005842029466294, 430678.373076964344364 ], [ -33359.905756438849494, 430763.601205312472302 ], [ -32958.824104533996433, 430741.010403212567326 ], [ -32618.828146219020709, 430739.07943269162206 ], [ -31756.357875928631984, 430537.848762345791329 ], [ -30767.003040301031433, 427512.746819229039829 ], [ -30660.445071957306936, 427112.708486297749914 ], [ -30713.55543902865611, 424912.700290270789992 ], [ -31651.111701670801267, 425073.652950801653787 ], [ -31984.323541130521335, 425075.51703856367385 ], [ -35752.101583137526177, 425035.740930846717674 ], [ -36914.474084232235327, 423931.89903913118178 ], [ -37566.804453528020531, 422825.16710905713262 ], [ -38330.645706564304419, 422450.298746529617347 ], [ -38820.70171891420614, 422385.348883384547662 ], [ -38804.527002200833522, 421633.688728317967616 ], [ -38130.459287505131215, 421765.318462150171399 ], [ -37732.084605683689006, 421248.501702134206425 ], [ -36865.968668335699476, 421670.205886579817161 ], [ -36308.559042055741884, 421619.690365174028557 ], [ -34727.553433673572727, 420967.657493663777132 ], [ -34817.96205441467464, 420609.323080135451164 ], [ -34730.756803638185374, 420392.181006010447163 ], [ -34558.37358136754483, 419592.302695650490932 ], [ -35273.5976391362492, 419393.157954657566734 ], [ -35675.231388736050576, 419327.68389394384576 ], [ -36921.671492341440171, 419002.854917599004693 ], [ -37459.339996528695337, 418938.141840303142089 ], [ -36662.221934966859408, 417958.724461648205761 ], [ -35122.80871499737259, 418376.737427300249692 ], [ -34653.202908362145536, 418435.071525404113345 ], [ -34387.103896168293431, 418589.320041533093899 ], [ -33065.041432800004259, 419069.477779240696691 ], [ -32867.182942603714764, 419183.480256626033224 ], [ -32397.221952399821021, 419309.519644217856694 ], [ -31974.345960011472926, 419530.603500682744198 ], [ -31279.338187784538604, 419770.495184994768351 ], [ -30810.324183157645166, 419727.286947342799976 ], [ -30545.849909272161312, 419590.426287150534336 ], [ -30615.942963752080686, 419211.683941443334334 ], [ -30686.853677478386089, 418684.0020930232713 ], [ -30442.293155874707736, 418635.266808197891805 ], [ -30215.418804878368974, 419080.84789653820917 ], [ -29988.805433981004171, 419479.037796110962518 ], [ -29635.181496876641177, 419477.092967030359432 ], [ -29117.010426894994453, 419717.966112417692784 ], [ -28449.869837131001987, 419842.931268713553436 ], [ -26944.911968096392229, 417729.265019426587969 ], [ -26132.435303877224214, 415815.77368099958403 ], [ -24360.302033676416613, 414032.563580311951227 ], [ -23073.570860876294319, 413030.546608364558779 ], [ -21584.037410185323097, 411797.343744616198819 ], [ -21727.69526657339884, 410356.2358815613552 ], [ -21930.424789314973168, 409314.827864868682809 ], [ -22204.770286499639042, 408876.268384103954304 ], [ -21803.540141921723261, 408874.149218673584983 ], [ -21575.155271845927928, 409624.339664899220224 ], [ -21147.191523330635391, 410820.243666529422626 ], [ -20511.441469381097704, 412725.80447073164396 ], [ -19705.148141162062529, 413452.592368442914449 ], [ -18383.374236855597701, 413932.945231186051387 ], [ -16402.28019178356044, 414369.192061962850858 ], [ -14594.203476333525032, 414244.565507302002516 ], [ -13753.279977258760482, 413820.475688207778148 ], [ -11807.337836418242659, 411461.589676852861885 ], [ -11252.215065983182285, 410991.675565365119837 ], [ -10858.527398423466366, 409547.958623420796357 ], [ -10525.4577367734164, 409525.92939440626651 ], [ -9187.823629382473882, 409160.299382119905204 ], [ -8855.107921825663652, 409070.597392946714535 ], [ -7477.456284430518281, 408555.901217246428132 ], [ -5231.002834421407897, 407745.784817171341274 ], [ -4249.296091036114376, 406921.876102106878534 ], [ -4891.678412921086419, 403595.339411910215858 ], [ -5423.818581739731599, 400538.921121431689244 ], [ -5128.712857575737871, 396991.065231952001341 ], [ -5222.947467986028641, 395813.91812885197578 ], [ -5337.433478912105784, 394663.940412734518759 ], [ -5501.27135301794624, 393155.503012836736161 ], [ -5760.013216405524872, 390314.241834352666046 ], [ -5897.309803791053127, 390050.9627036190941 ], [ -6184.777502850221936, 389673.360544250637759 ], [ -6342.475966717756819, 389410.178939359437209 ], [ -6636.614062555832788, 389059.678134551737458 ], [ -7621.212288142531179, 387974.822810589568689 ], [ -8808.204101681301836, 387229.345301264955197 ], [ -11863.258428861619905, 386953.241475878283381 ], [ -12418.026145029289182, 387551.589907522895373 ], [ -12684.134885987732559, 387376.916323063021991 ], [ -12617.51972065604059, 387092.31123124511214 ], [ -12551.600488744210452, 386665.571418321400415 ], [ -12397.229624071740545, 386245.167802367650438 ], [ -10826.59091555129271, 384755.217015823232941 ], [ -9564.347827131685335, 382772.757310439192224 ], [ -9417.626490446913522, 380755.115871908492409 ], [ -9555.049072144727688, 380464.741165866027586 ], [ -9980.238284246297553, 379735.807641444320325 ], [ -10226.905498295906, 379357.965189987560734 ], [ -10296.507850213849451, 379026.651648022700101 ], [ -11345.207955428224523, 378767.708408119389787 ], [ -11521.425077657331713, 374619.521055869350675 ], [ -11348.134074757690541, 373867.408799531112891 ], [ -10053.702156328130513, 372859.589189404272474 ], [ -8525.429968390206341, 370943.793102861440275 ], [ -7761.247286311234348, 368524.027558880043216 ], [ -7191.577791411371436, 366680.490299135854002 ], [ -6217.466222242102958, 364016.214479025162291 ], [ -6136.918428910081275, 362283.259089027240407 ], [ -5883.955024557304569, 359554.649015663017053 ], [ -5885.233725647151005, 359270.403232378768735 ], [ -5822.799646426399704, 358024.830941386171617 ], [ -5736.247108315932564, 357604.834565916331485 ], [ -5237.131173179135658, 355118.806754202523734 ], [ -5491.163312001852319, 353055.739364899578504 ], [ -4889.722024037037045, 352146.200102837115992 ], [ -3645.821800446079578, 351917.401292737282347 ], [ -2262.067263500823174, 351004.486419597291388 ], [ -1647.867517335515004, 349891.93532865686575 ], [ -1164.32724855170818, 348448.363078975700773 ], [ 198.862018564948812, 349065.079074895940721 ], [ 778.204596362949815, 349326.505180055566598 ], [ 1179.251424443267751, 349257.102578104939312 ], [ 2137.036281677894294, 348941.686744252976496 ], [ 3631.638710948522203, 348495.412096166925039 ], [ 4655.72894478472881, 347780.499310205224901 ], [ 6113.603512001631316, 345087.847530912782531 ], [ 7665.720568761811592, 343755.032232610625215 ], [ 7989.484762381529436, 341466.529595973785035 ], [ 7876.154874803498387, 340384.32635445939377 ], [ 7805.273959669459146, 339694.414754768949933 ], [ 7712.008462689409498, 338524.157050878566224 ], [ 7922.116822948795743, 335018.13773073523771 ], [ 8050.538514839543495, 334814.613221878826153 ], [ 8299.976065277936868, 334258.730090225115418 ], [ 8448.286050743306987, 333926.56084202445345 ], [ 8698.280569204653148, 333506.014361979614478 ], [ 9247.045576064207125, 332948.930532899743412 ], [ 9340.94260610640049, 332616.988525312102865 ], [ 9312.55773482460063, 332326.139991631614976 ], [ 9311.411660287121776, 332041.948157816193998 ], [ 9357.776183834066615, 331730.498520029359497 ], [ 9331.386963564960752, 330241.957133496413007 ], [ 10483.671525450772606, 324032.480744088883512 ], [ 14225.833301995065995, 322421.035938156244811 ], [ 15026.934961345978081, 321998.435886970837601 ], [ 16499.742451003170572, 317554.272033638670109 ], [ 17104.449896701844409, 317355.764501334226225 ], [ 18280.663137415249366, 317175.398734257963952 ], [ 20022.143291453365237, 317168.827633571461774 ], [ 20803.852156716340687, 317010.276285697706044 ], [ 21494.388803444453515, 317934.566410233033821 ], [ 21918.991239670023788, 318690.709371748438571 ], [ 22631.631960664119106, 318261.799504064489156 ], [ 23008.983440770360176, 317306.452840787707828 ], [ 24034.892429005529266, 316971.112212332722265 ], [ 24659.892613772419281, 316752.290570897283033 ], [ 25257.657018013473134, 316526.811200684809592 ], [ 25793.547767069132533, 316125.671354353427887 ], [ 26347.14670475415187, 314993.833627331303433 ], [ 26717.181452722637914, 313882.983270226570312 ], [ 27183.110812559374608, 312947.685775063349865 ], [ 27918.318187612458132, 313100.592602119781077 ], [ 28340.694621467671823, 313274.939187095558736 ], [ 28679.590033511340152, 312942.215865762031171 ], [ 29052.349752231151797, 312568.783035369182471 ], [ 29139.472264482756145, 312209.922900250414386 ], [ 29274.457313441846054, 311918.539355346409138 ], [ 29381.940764957631472, 311546.077296453062445 ], [ 29934.26136385143036, 310035.503642189374659 ], [ 30530.119646422564983, 307374.772996075393166 ], [ 30570.377796560933348, 307219.037937768327538 ], [ 30704.277594439103268, 306616.490571503643878 ], [ 30989.387463255261537, 304531.916446897375863 ], [ 30959.360743475495838, 303733.775766751205083 ], [ 30690.255652878200635, 302652.352781670400873 ], [ 29962.647031198604964, 298839.520548267522827 ], [ 31562.56552145438036, 297237.489398164092563 ], [ 31960.042901277600322, 296106.413237722998019 ], [ 32161.924279947357718, 295463.074784444528632 ], [ 32578.943086707033217, 294068.128360918373801 ], [ 36042.456584908359218, 290288.62775783293182 ], [ 36927.281563573225867, 288378.144289209973067 ], [ 38572.829211071948521, 286086.421511383203324 ], [ 40262.096270799462218, 284667.226704281347338 ], [ 41466.85400670801755, 284879.777738195261918 ], [ 41600.197775652981363, 286144.206129902973771 ], [ 41601.999482374638319, 286698.844568621716462 ], [ 43120.28946809109766, 287113.273949335387442 ], [ 43540.103007972764317, 286516.697068217326887 ], [ 43675.208439944661222, 286225.416718750551809 ], [ 44329.194609133759513, 282280.042682311439421 ], [ 45256.65625366056338, 278705.877593524521217 ], [ 47419.773048029048368, 278678.820318365236744 ], [ 47594.506327602022793, 277995.16289469669573 ], [ 48012.33059711556416, 276729.097347777453251 ], [ 48633.5027142566978, 275218.936786126054358 ], [ 49140.079250401991885, 274040.554979873239063 ], [ 49786.392845926340669, 274065.633992517134175 ], [ 49721.253865689970553, 273896.749810749606695 ], [ 49833.163665571890306, 273788.195310244569555 ], [ 49853.096779061714187, 273632.57842989009805 ], [ 49832.380326544924174, 273531.191799604450352 ], [ 49811.56108474265784, 273395.988955520500895 ], [ 49763.676306654815562, 273308.211652924015652 ], [ 49743.001264033373445, 273220.351453132811002 ], [ 49674.709203441161662, 273132.636115406057797 ], [ 49626.762715397868305, 273024.568842455162667 ], [ 49605.902689397567883, 272875.839000464766286 ], [ 49605.532593908603303, 272754.100181207468268 ], [ 49652.882778902247082, 272666.033045761752874 ], [ 49693.369002265040763, 272557.69694966217503 ], [ 49720.312046650098637, 272469.691978547431063 ], [ 49658.853612724866252, 272392.100345186365303 ], [ 49536.234116125735454, 272334.984190020535607 ], [ 49417.015699902083725, 272277.857656043721363 ], [ 49338.550548056839034, 272200.317370257165749 ], [ 49250.158721665851772, 272214.112342841806822 ], [ 49134.556736223050393, 272227.990021242352668 ], [ 49049.381091040559113, 272180.905115536996163 ], [ 48967.442369800352026, 272079.703355178295169 ], [ 48838.390225651965011, 271999.199092865164857 ], [ 48502.126520346966572, 271920.533588874444831 ], [ 48495.020718259969726, 271648.764782123093028 ], [ 48552.94749083352508, 271556.331544376327656 ], [ 48556.669482444121968, 271451.786853735975455 ], [ 48449.400206131860614, 271415.775384171283804 ], [ 48329.473954012850299, 271463.166995324136224 ], [ 48175.206163824244868, 271373.473207359900698 ], [ 48084.428970012872014, 271303.947208208381198 ], [ 47964.757285380270332, 271135.398836966312956 ], [ 47807.77936985710403, 270825.599711123213638 ], [ 47843.788644034066238, 270564.976677678932901 ], [ 47794.503441321779974, 270430.169096526922658 ], [ 47697.556622496165801, 270299.049218965112232 ], [ 47601.178135855472647, 270225.748312943207566 ], [ 47204.137547425983939, 270240.119317220756784 ], [ 47192.883763224410359, 269811.09051849890966 ], [ 47207.225553387193941, 269641.345799348782748 ], [ 47288.265284974128008, 269522.252216601918917 ], [ 47242.772911531443242, 269410.168199278472457 ], [ 47159.211590157239698, 269349.311040161643177 ], [ 47073.112658300960902, 269302.40246893861331 ], [ 46992.783800575940404, 269218.545609883323777 ], [ 46890.457856757333502, 269185.029513433284592 ], [ 46539.486551292706281, 269008.931815949210431 ], [ 46425.565521085518412, 268985.152844391181134 ], [ 46314.426455931912642, 268979.609427187417168 ], [ 46185.917737744224723, 268935.593407955951989 ], [ 45983.665160955686588, 268802.92904702242231 ], [ 45863.50985333416611, 268731.10680056369165 ], [ 45730.538369804155082, 268660.436401087616105 ], [ 45583.099690977076534, 268627.131963253370486 ], [ 45573.289615632500499, 268125.891423838445917 ], [ 45556.8701545826043, 268032.262853923079092 ], [ 45547.468063629872631, 267624.509831464500166 ], [ 45548.423499554744922, 267489.818133006221615 ], [ 45524.394636493991129, 267371.709262519492768 ], [ 45522.77959495637333, 267176.481072989408858 ], [ 45508.886033016489819, 267075.792086794681381 ], [ 45431.112054738448933, 266861.73826375376666 ], [ 45390.321350370009895, 266725.222839747497346 ], [ 45282.498220200766809, 266206.273903758672532 ], [ 45304.715713129844517, 266075.705154488561675 ], [ 45362.302696721453685, 265624.697568170260638 ], [ 45519.980569421953987, 265412.534501639835071 ], [ 45619.294214766530786, 265350.150953536445741 ], [ 45765.75283049873542, 265271.36461758177029 ], [ 45696.022984990559053, 265076.439194874605164 ], [ 45659.982085315219592, 264526.73861565371044 ], [ 45758.22603363217786, 263828.312029795139097 ], [ 45867.6226276649395, 263129.854159570881166 ], [ 45965.944508076063357, 262453.593752859742381 ], [ 46075.451304916467052, 261788.383553566265618 ], [ 46184.96389066404663, 261123.175124242377933 ], [ 46305.59636948822299, 260446.854547519033076 ], [ 46415.120646957831923, 259781.649761498323642 ], [ 46502.550868882739451, 259182.999377661384642 ], [ 46601.164447450195439, 258595.399223385495134 ], [ 46732.549461258749943, 257774.996955040260218 ], [ 46753.032311117975041, 257636.534719991497695 ], [ 46798.149327774706762, 257331.553002230561106 ], [ 46918.78351144248154, 256644.161754684144398 ], [ 47017.416546525259037, 256056.567598378722323 ], [ 47116.022367344121449, 255457.893620918737724 ], [ 47181.540572560101282, 254981.209917164524086 ], [ 47280.123159183771349, 254371.457207228901098 ], [ 47367.91016855603084, 253883.630734185426263 ], [ 47444.522003407008015, 253384.755738752894104 ], [ 47532.06439220556058, 252808.281919972243486 ], [ 47619.830048199975863, 252309.377432605368085 ], [ 47707.442864303826354, 251755.068265790643636 ], [ 47773.077185395697597, 251311.634312408597907 ], [ 47849.705553980311379, 250812.764135786477709 ], [ 47937.546178049989976, 250336.025911488919519 ], [ 48014.211788394313771, 249848.238733754202258 ], [ 48101.934855187369976, 249327.178093784925295 ], [ 48167.798843544791453, 248961.315784709644504 ], [ 48277.360799125512131, 248273.979046910128091 ], [ 48361.801060409168713, 247744.27048079497763 ], [ 48394.071154003555421, 247550.798033599130576 ], [ 48474.758893207530491, 247098.831357716728235 ], [ 48562.347947897098493, 246522.371332630020333 ], [ 48619.920452893420588, 246164.643158978200518 ], [ 48639.06795979780145, 246045.672373381996294 ], [ 48781.73336787277367, 245225.279687639034819 ], [ 48902.143126302747987, 244416.031615819694707 ], [ 49000.959602134942543, 243861.709009445447009 ], [ 49111.137951976328623, 243384.924226877948968 ], [ 49221.319338572910056, 242908.140715882851509 ], [ 49331.473811254661996, 242420.277538468479179 ], [ 49463.687252704403363, 241843.708176459156675 ], [ 49617.93193936831085, 241167.352615785668604 ], [ 49728.09770944097545, 240679.494092205597553 ], [ 49849.177038528723642, 240102.960077305062441 ], [ 49981.408231186913326, 239526.398017084866296 ], [ 50135.673717928177211, 238850.050993252720218 ], [ 50267.767645808518864, 238218.088832750858273 ], [ 50433.016787171014585, 237475.232340362650575 ], [ 50576.153025284584146, 236798.922152236598777 ], [ 50708.409417202405166, 236222.370400850370061 ], [ 50840.670205885719042, 235645.820484492433025 ], [ 50961.758795347705018, 235058.220781090669334 ], [ 51094.086135115765501, 234503.835894950607326 ], [ 51226.216129867825657, 233871.887902236048831 ], [ 51336.572419168776833, 233439.451899802341359 ], [ 51435.754819675697945, 232995.965201090788469 ], [ 51589.992928789986763, 232286.400166841922328 ], [ 51711.078881809604354, 231687.729979604424443 ], [ 51821.334036334359553, 231210.976909261371475 ], [ 51953.632838335295673, 230634.44264704635134 ], [ 52069.37204895663308, 230075.120812434441177 ], [ 52115.944724224740639, 229865.649065912759397 ], [ 52162.955093764699996, 229658.810532457689987 ], [ 52295.265615221462213, 229082.281084824411664 ], [ 52405.509013987728395, 228594.454242109379265 ], [ 52559.871771828853525, 227918.147138530825032 ], [ 52647.994069543492515, 227496.862579409993486 ], [ 52658.250058742938563, 227142.258062273263931 ], [ 52679.572044866101351, 226754.384130815218668 ], [ 52711.544451513211243, 226167.033359849883709 ], [ 52743.714496460161172, 225657.246563674445497 ], [ 52775.666841273661703, 225058.816183312796056 ], [ 52807.623357175441924, 224460.386271537252469 ], [ 52839.955568860110361, 223843.839862944092602 ], [ 52860.920872033981141, 223474.084611977858003 ], [ 52892.560765484173317, 222742.69016935036052 ], [ 52913.739171423891094, 222288.335629126406275 ], [ 52945.71495737641817, 221689.907818055100506 ], [ 52973.942559918039478, 219551.295306971820537 ], [ 53984.482591916341335, 217908.944227667700034 ], [ 54773.598532771866303, 216898.740500350249931 ], [ 56051.860386440996081, 215300.14942288750899 ], [ 57862.973072733089793, 213044.338238383585121 ], [ 55697.070512871490791, 206525.479659108474152 ], [ 54799.052073853556067, 203823.929400175868068 ], [ 54670.097354717378039, 196989.135825136007043 ], [ 54610.658447707013693, 193785.808864008373348 ], [ 54542.830988003173843, 193292.976621071604313 ], [ 54497.135991252958775, 192969.934768071369035 ], [ 54473.932933493109886, 192799.741313513019122 ], [ 54450.99066992389271, 192635.142783234681701 ], [ 54406.751619259652216, 192304.365383643482346 ], [ 54390.30411572183948, 192174.613887394749327 ], [ 54349.195445288612973, 191813.857280940195778 ], [ 54303.566647486528382, 191326.419176143099321 ], [ 54257.916927442420274, 190827.900326444942039 ], [ 54212.24646157422103, 190318.300716236815788 ], [ 54176.647482385509647, 189840.177537472365657 ], [ 54132.179037759720813, 189354.478288123675156 ], [ 54075.366204059158918, 188844.900551388011081 ], [ 54029.751989942858927, 188357.459677233477123 ], [ 53995.290215005283244, 187869.995235769922147 ], [ 53949.680823116155807, 187382.553502141265199 ], [ 53904.050979233696125, 186884.030982657015556 ], [ 53858.241376487421803, 186296.865335450682323 ], [ 53801.489577771222685, 185809.445038308913354 ], [ 53745.856738571601454, 185330.599990185815841 ], [ 53674.909547061019111, 184676.372503344522556 ], [ 53527.174717404646799, 184370.151613243593602 ], [ 53441.377708666317631, 184192.441239393403521 ], [ 53172.688986701949034, 183661.125950014597038 ], [ 52904.046178904070985, 183151.968751830689143 ], [ 52635.381815917789936, 182631.728399763524067 ], [ 52366.696053613035474, 182100.404793492081808 ], [ 52142.747461773222312, 181635.471897397947032 ], [ 51862.935322287376039, 181115.246026599575998 ], [ 51639.032926669868175, 180672.469837263983209 ], [ 51519.502684681268875, 180441.984997240913799 ], [ 51401.121866923116613, 180210.681446687696734 ], [ 51247.20551117794821, 179897.606795205705566 ], [ 51012.154313845327124, 179454.847440649260534 ], [ 50743.518869234831072, 178945.668324126192601 ], [ 50463.689380488940515, 178414.347147398686502 ], [ 50239.835259066312574, 177993.720400284859352 ], [ 49835.108120228338521, 177300.830630955751985 ], [ 49789.902900040266104, 177227.180020992964273 ], [ 49579.733135229733307, 176886.938948901632102 ], [ 49119.646712237328757, 176135.703409361711238 ], [ 48695.934287471696734, 175437.070996880589519 ], [ 48359.244003612489905, 174893.503890863881679 ], [ 47958.777004713774659, 174605.794914635276655 ], [ 47387.061576688778587, 174179.430137830931926 ], [ 47047.084007152880076, 173935.511490410077386 ], [ 46819.217968788987491, 173767.487524153577397 ], [ 46015.217192507174332, 173214.988222728541587 ], [ 45672.465802829829045, 173025.536598494334612 ], [ 45394.885372118616942, 172866.622613415151136 ], [ 44625.309002101246733, 172426.939127306744922 ], [ 44116.819675067847129, 172148.147139839857118 ], [ 42809.916792340518441, 172362.966092485847184 ], [ 42352.493800582422409, 172420.805755464825779 ], [ 39461.451549831661396, 169415.566648698411882 ], [ 39315.355031680781394, 168839.575949407182634 ], [ 39169.346369887643959, 168307.912021212367108 ], [ 39068.248500956164207, 167931.311288555676583 ], [ 38899.768785876454785, 167311.029710025817621 ], [ 38852.973375128814951, 167137.305306964553893 ], [ 38709.493921108078212, 166597.415044104069239 ], [ 38599.063217839749996, 166255.44739737486816 ], [ 38439.610713606176432, 165793.636541999934707 ], [ 38436.389785358041991, 165335.949743682489498 ], [ 38447.359936918597668, 165221.102967007347615 ], [ 38443.244060775323305, 165117.082329990458675 ], [ 38461.619617164251395, 165002.756476258568 ], [ 38468.193071268731728, 164869.935632810636889 ], [ 38492.928463095799088, 164503.608372449903982 ], [ 38530.56088435521815, 164366.609418161853682 ], [ 38566.125618951977231, 164252.273686474072747 ], [ 38602.084239744988736, 164145.983584365603747 ], [ 38638.105439098086208, 163740.195990285254084 ], [ 38602.547116992122028, 163623.097550599253736 ], [ 38551.247220365796238, 163551.149467215233017 ], [ 38504.026443805836607, 163448.264547010621754 ], [ 38390.0462445532321, 163156.148237273679115 ], [ 38383.247969972202554, 163032.420848213747377 ], [ 38387.400195723923389, 162933.14218896382954 ], [ 38352.038908633228857, 162833.43961893566302 ], [ 38278.951777125592344, 162415.054709303687559 ], [ 38272.028342340898234, 162262.384951725427527 ], [ 38266.308140703011304, 161999.523280647117645 ], [ 38243.184446952946018, 161846.490214954450494 ], [ 38140.441730952705257, 161724.424437111680163 ], [ 38056.228566417237744, 161597.278429326863261 ], [ 37944.233365349238738, 161371.246953117341036 ], [ 37903.71889375167666, 161281.607492811104748 ], [ 37839.91145503683947, 161173.049863835272845 ], [ 37774.569445439323317, 161039.829593421629397 ], [ 37683.797164720541332, 160959.712293730088277 ], [ 37561.61113649152685, 160918.321843255427666 ], [ 37447.117134462750982, 160895.181629945058376 ], [ 37333.90299962926656, 160874.073671217192896 ], [ 37240.476171799818985, 160875.604800552449888 ], [ 37099.473613377194852, 160877.04182625663816 ], [ 36954.187396502762567, 160883.908474418596597 ], [ 36765.107481189945247, 160889.570039801008534 ], [ 36451.14474080799846, 160869.711503389436984 ], [ 36099.041180478059687, 160700.096297210227931 ], [ 35764.024010184919462, 160479.062000417528907 ], [ 35451.333331470668782, 160269.067990924115293 ], [ 35200.980277138995007, 160010.651548106659902 ], [ 35129.43288307543844, 159909.480184002692113 ], [ 35072.296214113070164, 159831.317908565833932 ], [ 34993.011014288931619, 159715.777031715784688 ], [ 34796.619454744679388, 159346.795222493848996 ], [ 34713.214344360167161, 159162.43958354962524 ], [ 34642.201333875709679, 159039.001101453555748 ], [ 34553.151987869699951, 158886.740800021361792 ], [ 34423.159577595128212, 158767.280481969413813 ], [ 34304.663945407606661, 158652.515593454329064 ], [ 34186.223775604856201, 158568.242912505433196 ], [ 33982.203814035048708, 158473.508989434456453 ], [ 33759.824673017952591, 158387.324597945495043 ], [ 33630.964245947427116, 158339.266421629523393 ], [ 33465.152785923099145, 158272.308815420139581 ], [ 33205.520667972043157, 158156.372903911513276 ], [ 32840.530687927501276, 158000.336615421401802 ], [ 32468.619643128418829, 157758.730373561906163 ], [ 32189.279369915719144, 157493.246566966205137 ], [ 31932.105856777343433, 157150.139363110560225 ], [ 31698.983233649400063, 156684.143932309467345 ], [ 31648.325994288432412, 156573.355689931398956 ], [ 31576.230578589078505, 156471.402977884892607 ], [ 31487.591473529406358, 156397.635052692174213 ], [ 31414.315152804658283, 156348.486570939654484 ], [ 31336.307141704659443, 156271.178171245264821 ], [ 31255.788680604659021, 156217.352251651784172 ], [ 31165.516094564693049, 156162.217147129093064 ], [ 30836.764622964081354, 155932.978445587388705 ], [ 30692.889091119461227, 155751.787886789184995 ], [ 30657.918733526661526, 155633.469966981967445 ], [ 30576.923023702693172, 155531.682380870042834 ], [ 30480.465369273792021, 155488.422174446954159 ], [ 30308.973953165346757, 155250.987507733458187 ], [ 30235.949194311047904, 155159.649200680461945 ], [ 30175.66266302781878, 155067.555093093338655 ], [ 29982.005104619718622, 154969.021577280567726 ], [ 29853.374524259124883, 154576.624244331469527 ], [ 29877.996121760981623, 154471.706423021387309 ], [ 29827.183886265789624, 154381.75722907204181 ], [ 29813.629393433919176, 154163.373603404703317 ], [ 29778.987695891119074, 154054.111589094653027 ], [ 29672.89749419974396, 153829.244197871419601 ], [ 29761.402695616125129, 153419.001258935284568 ], [ 29997.224661965447012, 153095.020047609781614 ], [ 30095.811912157398183, 153001.672244308283553 ], [ 30164.446549824788235, 152892.948152157419827 ], [ 30205.304944340663496, 152787.123512332647806 ], [ 30297.79975429008482, 152413.112853816477582 ], [ 30706.469116828346159, 151677.247546896629501 ], [ 31073.833077616000082, 151255.439716188615421 ], [ 31530.280730826314539, 150744.815230129199335 ], [ 31908.629395344178192, 150223.249649595294613 ], [ 32186.781936101149768, 149812.69320665136911 ], [ 32520.49863219918916, 149280.130642642499879 ], [ 32776.403715338150505, 148902.867990512342658 ], [ 33121.242550862603821, 148348.128417908796109 ], [ 33377.170548964990303, 147981.954590981797082 ], [ 33722.241440553450957, 147560.2171747382381 ], [ 34040.832579164940398, 147163.086413786804769 ], [ 34123.843287989962846, 147061.450151220924454 ], [ 34251.261888504901435, 146902.082971663214266 ], [ 34312.186030671990011, 146827.750786954973591 ], [ 34523.558391640195623, 146494.910985791822895 ], [ 34734.987938686099369, 146195.321046384488 ], [ 35107.128499404992908, 145794.479806946997996 ], [ 35179.585020181664731, 145694.669248649879592 ], [ 35492.299105489393696, 145305.911633206327679 ], [ 35552.573361660062801, 145217.012012280785711 ], [ 35631.412692240206525, 144795.760532334155869 ], [ 35629.957697702222504, 144664.199108697881456 ], [ 35667.861656748806126, 144563.49492724306765 ], [ 35659.188001982751302, 144464.935112723556813 ], [ 35626.536779302521609, 144340.464327844994841 ], [ 35620.907809705997352, 144217.445409330393886 ], [ 35574.771472880558576, 144072.094879615004174 ], [ 35489.331288680143189, 143700.462656938208966 ], [ 35491.30736587732099, 143571.779386963928118 ], [ 35492.261957186507061, 143225.045758817024762 ], [ 35493.224138359481003, 143067.316289574431721 ], [ 35498.790576986211818, 142669.763194324768847 ], [ 35542.628725525166374, 142193.138883858977351 ], [ 35557.386643269855995, 141860.853710530558601 ], [ 35565.378464164037723, 141755.288894235854968 ], [ 35568.987860562221613, 141619.987382260034792 ], [ 35571.809384426509496, 141498.058887738734484 ], [ 35574.792675516859163, 141395.138368527288549 ], [ 35668.416917428781744, 141205.523902555840323 ], [ 35766.253595743619371, 140994.794390063470928 ], [ 35783.168308140244335, 140880.991325879149372 ], [ 35720.515170212602243, 140804.6209997976257 ], [ 35718.397277986048721, 140702.468085666769184 ], [ 35601.450066813034937, 140621.713985622453038 ], [ 35450.798513308516704, 140493.098174582817592 ], [ 35362.889318911882583, 140432.321801488549681 ], [ 35261.893186914501712, 140358.978770028450526 ], [ 35074.414690183883067, 140215.29514167632442 ], [ 34943.131291359954048, 140161.653681357507594 ], [ 34565.307523382944055, 139893.240202249580761 ], [ 34490.273081559804268, 139834.234009282925399 ], [ 34416.711842441756744, 139600.677932475693524 ], [ 34395.981412475754041, 139511.640557017788524 ], [ 34344.56740089453524, 139402.240715054620523 ], [ 34321.506138556462247, 139055.074330865259981 ], [ 34300.781428020098247, 138942.060706665448379 ], [ 34284.771306496288162, 138842.311667917238083 ], [ 34323.115997605898883, 138765.810074587818235 ], [ 34330.524021642049775, 138648.361917902715504 ], [ 34219.905733722436707, 138610.21938464519917 ], [ 34109.887989603972528, 138490.724910888588056 ], [ 34079.186561641399749, 138406.2703276523971 ], [ 34010.649295830284245, 138344.147888498584507 ], [ 33900.386926683131605, 138281.760266101191519 ], [ 33640.626516542921308, 137931.41800105717266 ], [ 33602.167671198549215, 137598.666802280669799 ], [ 33610.275437604635954, 137479.779317794018425 ], [ 33564.407785423914902, 137401.792334991128882 ], [ 33466.694686474860646, 137343.89764778452809 ], [ 33282.721728286589496, 137172.521292792138411 ], [ 33102.426453350752126, 136921.662433032062836 ], [ 33031.566757187189069, 136678.406814686575672 ], [ 32985.653478519292548, 136576.425382226152578 ], [ 32942.899386361299548, 136488.893353825609665 ], [ 32859.972670688235667, 136431.706488663563505 ], [ 32777.297985120967496, 136354.480921441572718 ], [ 32684.55467627895996, 136278.807628738664789 ], [ 32594.24882081488613, 136219.738885946862865 ], [ 32509.471788678551093, 136158.687684967793757 ], [ 32433.391029667167459, 136119.786280262866057 ], [ 32322.311214062385261, 136047.756450034677982 ], [ 32040.734628971840721, 135800.69918479421176 ], [ 31977.730772301612888, 135730.186657612124691 ], [ 31901.242391595675144, 135663.57927784716594 ], [ 31830.698261184676085, 135588.533229894383112 ], [ 31775.984829772205558, 135523.034371461631963 ], [ 31680.913199382601306, 135455.585608702735044 ], [ 31532.996266609698068, 135428.65404166909866 ], [ 31424.179220036836341, 135446.130420497473096 ], [ 31300.010829821461812, 135451.594458759151166 ], [ 31195.923518718220294, 135453.970738104806514 ], [ 31061.467325833276846, 135476.866613417339977 ], [ 30967.080530548642855, 135496.008280835900223 ], [ 30854.306031262152828, 135510.921199667209294 ], [ 30754.25839585630456, 135524.259764829534106 ], [ 30356.245808666630182, 135651.439802844688529 ], [ 30225.603079179127235, 135585.813325512601295 ], [ 30144.039913965971209, 135527.361010109074414 ], [ 30061.144111249712296, 135491.622292452899273 ], [ 29949.493009366211481, 135458.833294867246877 ], [ 29807.731293339224067, 135460.35969679892878 ], [ 29480.800240519514773, 135532.083846071007429 ], [ 29215.174328951979987, 135343.414894288085634 ], [ 29117.769267478433903, 135263.396917129604844 ], [ 29005.504338525934145, 135206.555172492691781 ], [ 28896.184225364588201, 135141.635824694647454 ], [ 28806.401054146699607, 135079.359048845770303 ], [ 28716.523932064126711, 135079.149828226567479 ], [ 28628.151401403243653, 135139.448165689245798 ], [ 28465.634180220658891, 135183.53218038592604 ], [ 28325.060885421931744, 135216.907842730055563 ], [ 28191.183420443325303, 135259.852850957249757 ], [ 28065.654951429634821, 135282.727602120721713 ], [ 27957.548117912083399, 135296.08231393067399 ], [ 27863.846017978037708, 135345.961056296393508 ], [ 27778.86276534764329, 135367.337296801852062 ], [ 27243.002578312647529, 135326.058131732948823 ], [ 27103.330682153406087, 135298.998592165444279 ], [ 26980.093017363222316, 135263.209323436749401 ], [ 26882.724716643395368, 135249.781495688395808 ], [ 26797.694668292708229, 135234.648642416461371 ], [ 26673.095197519403882, 135224.60587762016803 ], [ 26547.159547195653431, 135257.643744153669104 ], [ 26414.91505074116867, 135268.478414563141996 ], [ 26313.764570650237147, 135261.397938873415114 ], [ 26171.616628254705574, 135289.08054351163446 ], [ 25982.704800553270616, 135325.846302835067036 ], [ 25685.795324829930905, 135215.409879588260083 ], [ 25613.828132792259566, 135158.670878923498094 ], [ 25498.523176106566098, 135170.633447447733488 ], [ 25318.716223411727697, 135180.784674172580708 ], [ 25231.696346406068187, 135158.723843955172924 ], [ 24876.928907433815766, 135104.722151611087611 ], [ 24741.437571565853432, 135087.860664429259486 ], [ 24645.278910858440213, 135101.054772328760009 ], [ 24543.943898819445167, 135070.545645241276361 ], [ 24404.764991683943663, 135050.800765612919349 ], [ 23853.924048036627937, 134978.830368489900138 ], [ 23748.761732152313925, 134940.940362729539629 ], [ 23659.810376947687473, 134937.454655013600131 ], [ 23572.738784160988871, 134962.966553936013952 ], [ 23306.596602425561287, 134933.529104581073625 ], [ 23215.846940349438228, 134909.707743399369065 ], [ 23057.992759241315071, 134858.538808517594589 ], [ 22935.344313155510463, 134819.747634242492495 ], [ 22813.199165525205899, 134795.338521604193375 ], [ 22708.149604295904282, 134765.112332145945402 ], [ 22599.214019248844124, 134769.054254702146864 ], [ 22428.149601307290141, 134741.326485467492603 ], [ 22317.384315837756731, 134715.747218582837377 ], [ 22214.624044400407001, 134727.498959543794626 ], [ 22078.887577348097693, 134743.650657094694907 ], [ 21978.449326572648715, 134743.810592171881581 ], [ 21845.657019774895161, 134738.234501545113744 ], [ 21754.993034778221045, 134729.68433990268386 ], [ 21663.379712951253168, 134728.25410248580738 ], [ 21520.597786664380692, 134745.662053895415738 ], [ 21307.332844300020952, 134767.991531354491599 ], [ 21067.348367907979991, 134664.929946969379671 ], [ 20976.402810715604573, 134613.561250236904016 ], [ 20887.188218391209375, 134580.385034544568043 ], [ 20789.136871148599312, 134560.922659235395258 ], [ 20699.703654997632839, 134531.199105132080149 ], [ 20617.220345698820893, 134491.708377958246274 ], [ 20510.989648454706185, 134463.626535937248264 ], [ 20383.419984140084125, 134439.745367464172887 ], [ 20286.187878615397494, 134408.922865135100437 ], [ 20194.209651949582621, 134377.924459318484878 ], [ 20058.608079169236589, 134347.352257828548318 ], [ 19921.482549469394144, 134333.760554610926192 ], [ 19817.940561550611164, 134313.844507451954996 ], [ 19716.574514675477985, 134295.427945274481317 ], [ 19186.688014057639521, 134228.229947864456335 ], [ 19013.04566350922687, 134190.774697208747966 ], [ 18889.76383666851325, 134158.974835456203436 ], [ 18704.912732757511549, 134117.940796928713098 ], [ 18548.617976135283243, 134063.972582010988845 ], [ 18451.156791120534763, 134060.644279864325654 ], [ 18349.616967037378345, 134041.124572257278487 ], [ 17780.360357446363196, 133886.844992808211828 ], [ 17523.181404833914712, 133532.537350073689595 ], [ 17490.655461774440482, 133430.282165710465051 ], [ 17446.451940142142121, 133274.628741902764887 ], [ 17406.378360107832123, 133165.329235041805077 ], [ 17298.928613647527527, 132834.541197669139365 ], [ 17249.178520004614256, 132643.56908429422765 ], [ 17230.787319646333344, 132546.161748310172698 ], [ 17197.772548093751539, 132450.664710247219773 ], [ 17158.961248238978442, 132341.981627443339676 ], [ 17113.701955057564192, 132250.76838924860931 ], [ 17069.323744066932704, 132178.397512391558848 ], [ 17008.570653446251526, 132113.287030526902527 ], [ 16934.211704687448218, 132056.893015305773588 ], [ 16782.084009723213967, 131941.229554493998876 ], [ 16707.071513666131068, 131875.414467808062909 ], [ 16598.168869428976905, 131808.167268606484868 ], [ 16326.355139682651497, 131638.893407501338515 ], [ 16261.920951673819218, 131519.953498182992917 ], [ 16211.940265615470707, 131383.558912575535942 ], [ 16170.318220858986024, 131304.661111988098128 ], [ 16089.477681201125961, 131186.699940390040865 ], [ 15938.731036909448449, 131125.756172605266329 ], [ 15667.005511262163054, 130963.735458404917154 ], [ 15524.99329558032332, 130824.919088796392316 ], [ 15469.298455191077664, 130750.815458625438623 ], [ 15401.323924878495745, 130695.143079678324284 ], [ 15278.87934788869461, 130646.064042086509289 ], [ 15157.731992224871647, 130610.032442166862893 ], [ 15061.360485331562813, 130583.582570246057003 ], [ 14659.417954927135725, 130394.222980871796608 ], [ 14272.059103587118443, 130067.484398727654479 ], [ 14207.806701947120018, 129981.94785490668437 ], [ 14132.193663765967358, 129941.489820705057355 ], [ 14036.582450399000663, 129905.417178125673672 ], [ 13925.328065242734738, 129868.642135184811195 ], [ 13785.729911501228344, 129844.704417857719818 ], [ 13438.926594903809018, 129711.208318430770305 ], [ 13334.963311859813984, 129659.819768550893059 ], [ 13233.118822758551687, 129630.349641965105548 ], [ 13115.12643179029692, 129595.178104898994206 ], [ 13010.750241316214669, 129598.950952036801027 ], [ 12774.997129541647155, 129582.587551479839021 ], [ 12220.500763377523981, 129346.584755549149122 ], [ 12144.255898121453356, 129282.554984449379845 ], [ 11803.559445387334563, 128928.436823217882193 ], [ 11724.432111025322229, 128859.903924191545229 ], [ 11638.241941974847578, 128770.969752009186777 ], [ 11545.535756421799306, 128688.809506584817427 ], [ 11473.095389950030949, 128637.336340741196182 ], [ 11365.705885369621683, 128556.361529750545742 ], [ 11269.704792614211328, 128499.711341329457355 ], [ 11179.981440193252638, 128465.649569580200478 ], [ 11076.701425514474977, 128427.264158727499307 ], [ 10949.645587830629665, 128382.349795083398931 ], [ 10837.662178475235123, 128378.250602571861236 ], [ 10447.580657384998631, 128243.52929285368009 ], [ 10347.295068283856381, 128212.876922510607983 ], [ 10253.543843698338605, 128189.746800299428287 ], [ 10154.633398879843298, 128187.286936685646651 ], [ 10043.350597685668617, 128171.621227397874463 ], [ 9932.810481847554911, 128141.673548065344221 ], [ 9640.165253834507894, 128058.851153156123473 ], [ 9513.568409768340643, 128010.168388084319304 ], [ 9365.489569110621233, 127943.009853524912614 ], [ 9240.023525886004791, 127902.378893549263012 ], [ 9157.090487095876597, 127881.002865742237191 ], [ 8956.74772543949075, 127807.196475485019619 ], [ 8800.039332044194452, 127746.473502288223244 ], [ 8634.491468369669747, 127698.903252324904315 ], [ 8495.36840406304691, 127676.415997396848979 ], [ 8078.781809281033929, 127638.486455704842228 ], [ 7819.436929355782922, 127554.775740790268173 ], [ 7744.790542017377447, 127511.871200488938484 ], [ 7660.275092718424276, 127242.12170604444691 ], [ 7648.344915790599771, 127091.54831384314457 ], [ 7553.799580751045141, 126132.267449128601584 ], [ 7198.241488781699445, 122510.986231628296082 ], [ 7137.913665993371978, 122174.148474657573388 ], [ 6944.850380091229454, 122190.798600733804051 ], [ 5972.31191870989278, 122290.364871200028574 ], [ 5398.738378220994491, 122349.089641410275362 ], [ 4951.361030949396081, 122394.884522196720354 ], [ 4271.715278401446994, 122464.450838457094505 ], [ 3904.58852920535719, 122499.928867553608143 ], [ 2255.320852768316399, 122668.441347418207442 ], [ 1798.21671292145038, 122447.833203561342089 ], [ 1706.20902826206293, 122389.548138383557671 ], [ 1609.114772771950811, 122362.507802476931829 ], [ 1518.150526899378747, 122312.36245494618197 ], [ 1432.391463149629999, 122254.39920192862337 ], [ 1336.800417542748619, 122172.315899666005862 ], [ 1285.482631332415622, 122079.1247933574341 ], [ 1208.635873524297494, 121975.956083781493362 ], [ 1154.988919095776509, 121907.947448488223017 ], [ 1124.729357444797643, 121827.126990711505641 ], [ 1089.002494684536941, 121723.891043296156568 ], [ 1040.957584317598958, 121634.819807137362659 ], [ 1003.135139549267478, 121549.717538017270272 ], [ 963.942578691639937, 121432.310141995272716 ], [ 931.638569050759543, 121318.945352958369767 ], [ 924.633364294131752, 121210.363347179547418 ], [ 910.066676107817329, 121058.490349032421364 ], [ 871.738731567049399, 120968.107070796380867 ], [ 854.836615925712977, 120878.673080871536513 ], [ 852.464938802586403, 120782.198328207596205 ], [ 826.269217392138671, 120700.426058722092421 ], [ 748.006868949101772, 120604.800629318793654 ], [ 702.154718132747803, 120511.723447220749222 ], [ 628.42982287198538, 120392.697076751603163 ], [ 571.672296483942773, 120284.647488276852528 ], [ 522.228228265012149, 120198.153660327690886 ], [ 468.784615148033481, 120088.574959214791306 ], [ 420.815151153190527, 119981.486963843199192 ], [ 356.172204547969159, 119893.063965242399718 ], [ 277.679375979176257, 119831.379513893582043 ], [ 227.056785920169204, 119752.223436435640906 ], [ 127.360393919283524, 119667.023426780622685 ], [ -6.358308291062713, 119595.837635549876723 ], [ -280.649834651325364, 119390.232050152641023 ], [ -349.772857638192363, 119291.299991013947874 ], [ -417.940815393580124, 119195.446324192918837 ], [ -491.959177622688003, 119100.827614226058358 ], [ -537.141502020065673, 119005.143587349288282 ], [ -633.703016971936449, 118939.888206605712185 ], [ -718.691565266344696, 118842.624775870790472 ], [ -892.225124692136887, 118498.658099583277362 ], [ -901.461956213461235, 118405.59534635503951 ], [ -919.310841130209155, 118321.32298741278646 ], [ -940.572954805742484, 118212.301592155083199 ], [ -983.176646655832883, 118130.31910720615997 ], [ -1035.284555073245429, 118029.325620282921591 ], [ -1122.482412437326275, 117935.17100473663595 ], [ -1263.792292862548493, 117726.919051558346837 ], [ -1246.171202422527131, 117550.78796491457615 ], [ -1198.405035075033084, 117474.193995533802081 ], [ -1157.766903100011405, 117380.449224286116078 ], [ -1180.083207781426609, 117276.529485125050996 ], [ -1233.958390679967124, 117181.593218989946763 ], [ -1291.399418218526989, 117116.601610193887609 ], [ -1374.556384181021713, 117026.555037699465174 ], [ -1506.683782355976291, 116785.362117243465036 ], [ -1524.187508283474017, 116674.306232196031488 ], [ -1529.464724746707361, 116546.733211706596194 ], [ -1565.175592132145539, 116399.308904807592626 ], [ -1645.038889828079846, 116318.373760344780749 ], [ -1687.962689218402375, 116216.289550007713842 ], [ -1685.993193398055155, 116113.583552113981568 ], [ -1734.985968354681972, 116008.046393336044275 ], [ -1786.152666357113048, 115908.902096643301775 ], [ -1822.934450749307871, 115826.620236173330341 ], [ -1874.396503115596715, 115718.653238556275028 ], [ -1912.362740273645613, 115589.3758807129052 ], [ -1937.317272582091391, 115435.75644065628876 ], [ -1950.364841016242281, 115310.365872986047179 ], [ -1989.700121895933989, 115201.009863111452432 ], [ -2009.511122122174129, 115057.186890781289549 ], [ -1986.52913622133201, 114968.255890325133805 ], [ -2004.674520233820658, 114828.7924541876273 ], [ -2046.287497697339859, 114695.945048884124844 ], [ -2072.721525070432108, 114609.321313041305984 ], [ -2104.676471747865435, 114513.181916975110653 ], [ -2145.373111679044086, 114323.64552061521681 ], [ -2131.646582521032542, 114193.038725270555005 ], [ -2138.991605379502289, 114040.988709636672866 ], [ -2162.420737143489532, 113945.685603784004343 ], [ -2192.708573615527712, 113863.961906307958998 ], [ -2226.344470691867173, 113769.698375744104851 ], [ -2252.593294583028182, 113538.202130493576988 ], [ -2234.46820154087618, 113391.766331688297214 ], [ -2248.433590993343387, 113281.589138917610398 ], [ -2263.695876833924558, 113160.796579665868194 ], [ -2316.631413626135327, 113019.791037028859137 ], [ -2398.797352689958643, 112696.424459076370113 ], [ -2385.052017736656126, 112593.336859330258449 ], [ -2376.832274201500695, 112508.048643474074197 ], [ -2396.983947769273072, 112401.489989085588604 ], [ -2433.318103015481029, 112287.655425202625338 ], [ -2468.041254543757532, 112138.22191688271414 ], [ -2497.385853199986741, 112015.521837903972482 ], [ -2514.89131388370879, 111921.18955635385646 ], [ -2522.165666616463568, 111797.827906615362735 ], [ -2519.968984913313761, 111665.825921334078885 ], [ -2527.322565850219689, 111554.116347204238991 ], [ -2529.672538276994601, 111464.605253362271469 ], [ -2506.305997372488491, 111377.356377438161871 ], [ -2504.436726457322948, 111266.604329783076537 ], [ -2534.28910450078547, 111182.958231289987452 ], [ -2569.094269673689269, 111098.919976133664022 ], [ -2598.267967941996176, 111018.342099820773001 ], [ -2551.610545834468212, 110837.518228541011922 ], [ -2469.524440185166895, 110737.657391031607403 ], [ -2493.270996253122576, 110616.718151363034849 ], [ -2546.790730806416832, 110329.970856873173034 ], [ -2540.383174895716365, 110237.588663300441112 ], [ -2537.825267759384587, 110112.165946065375465 ], [ -2540.7541850626003, 110014.845025886213989 ], [ -2543.454349516541697, 109927.053830749588087 ], [ -2545.399762340995949, 109781.070588235568721 ], [ -2530.476594042498618, 109667.671542194962967 ], [ -2509.362832422542851, 109565.297304802006693 ], [ -2479.299616798758507, 109468.93098147532146 ], [ -2442.289177004131489, 109326.405405119294301 ], [ -2421.268685991992243, 109167.345949244714575 ], [ -2393.001369591685943, 109014.293684188785846 ], [ -2429.888679138384759, 108866.682937471909099 ], [ -2488.525726576161105, 108715.928706403195974 ], [ -2513.435341549105942, 108603.760633291807608 ], [ -2533.269267285359092, 108493.249019426279119 ], [ -2538.189407004450914, 108348.771931663432042 ], [ -2594.174615380528849, 108181.54177979612723 ], [ -2619.528615066257771, 108033.669128237641416 ], [ -2698.756518137874082, 107928.160024757773499 ], [ -2763.335808677715249, 107706.138123980374075 ], [ -2734.597249997546896, 107595.63042589793622 ], [ -2817.195158582413569, 107480.421340509390575 ], [ -2880.966137396579143, 107299.953215362664196 ], [ -2891.622652684804052, 107191.898024286754662 ], [ -2928.082457422744483, 107109.000630605616607 ], [ -2997.821470630704425, 106979.330432870585355 ], [ -3049.226612281694543, 106845.955323633024818 ], [ -3067.793079747410957, 106750.163818898552563 ], [ -3114.736346523161046, 106673.37466224063246 ], [ -3138.742468425014522, 106530.233851059951121 ], [ -3133.658696345461067, 106427.668539137608605 ], [ -3137.663935966556892, 106320.31616456208576 ], [ -3133.618955544952769, 106189.538224488002015 ], [ -3142.431348784652073, 106092.560636324808002 ], [ -3167.262040486093611, 105970.183667247838457 ], [ -3225.668166080547962, 105863.240704419047688 ], [ -3276.901281973347068, 105769.661627304230933 ], [ -3326.156290781334974, 105642.722928317874903 ], [ -3383.01561189541826, 105338.335451321370783 ], [ -3368.998537490377203, 105236.331779978892882 ], [ -3392.231026547495276, 105127.666900859971065 ], [ -3428.56064616976073, 105036.410993504454382 ], [ -3483.045342749508563, 104906.966748752063722 ], [ -3489.073407202144153, 104696.777390138318879 ], [ -3462.89826226508012, 104527.750118377356557 ], [ -3466.97390858764993, 104374.744584478932666 ], [ -3489.777653567260131, 104245.17513504998351 ], [ -3511.773999644443393, 104154.567967939525261 ], [ -3544.983809348137584, 104061.629881594155449 ], [ -3583.296351368888281, 103972.048607245465973 ], [ -3669.092542977363337, 103847.91270584378799 ], [ -3748.78323967801407, 103769.165104518673616 ], [ -3847.134908529289532, 103599.689291707749362 ], [ -3890.580633220961317, 103475.796101203901344 ], [ -3935.534032814321108, 103359.131432906622649 ], [ -4013.154940711217932, 103222.611541379636037 ], [ -4083.582416329765692, 103069.938153850074741 ], [ -4151.812131779384799, 102960.915451011780533 ], [ -4223.432512476458214, 102872.545734504354186 ], [ -4298.189772103563882, 102752.075959175941534 ], [ -4362.410350600839593, 102632.089673056048923 ], [ -4384.824373542622197, 102523.249864925033762 ], [ -4407.405714172695298, 102429.769373335875571 ], [ -4433.875964399136137, 102326.658084324997617 ], [ -4473.196513538714498, 102227.040162682867958 ], [ -4541.746187724114861, 102128.466710926484666 ], [ -4641.137734223622829, 101998.159480992457247 ], [ -4710.241928722243756, 101907.943998563292553 ], [ -4782.24304281437071, 101825.429632126659271 ], [ -4876.950711972313002, 101729.436064938883646 ], [ -5000.872576127760112, 101478.188709326845128 ], [ -5058.761992180894595, 101331.12771180854179 ], [ -5113.951055888435803, 101223.839908618669142 ], [ -5167.071020628325641, 101146.646816135209519 ], [ -5274.767920287209563, 101081.570632382688927 ], [ -5384.334610609745141, 101047.598448235105025 ], [ -5768.396781650721096, 100794.151134486150113 ], [ -5864.17124343465548, 100595.521867955423659 ], [ -5890.22801812866237, 100464.790246743592434 ], [ -5941.09430094610434, 100353.984711952478392 ], [ -5987.890233531186823, 100282.804041670562583 ], [ -6055.044480660930276, 100214.656130301882513 ], [ -6132.531989811512176, 100162.918844185740454 ], [ -6234.854820664739236, 100141.910313517815666 ], [ -6396.29425530548906, 100109.481072768030572 ], [ -6729.602415005327202, 99741.983869203686481 ], [ -6679.486328991362825, 99596.950157487328397 ], [ -6620.18252389295958, 99490.941722636300256 ], [ -6601.70994485396659, 99396.933119920257013 ], [ -6592.974848196434323, 99302.971930434636306 ], [ -6540.057393370952923, 99164.064054690810735 ], [ -6546.234500712831505, 99022.930168603066704 ], [ -6552.562468489515595, 98921.923799158219481 ], [ -6555.035909830476157, 98835.970506057608873 ], [ -6609.893054324260447, 98735.865702885566861 ], [ -6638.799938932177611, 98624.027900184053578 ], [ -6654.047911845555063, 98535.742456615436822 ], [ -6669.429779355879873, 98429.404230553147499 ], [ -6715.431245296611451, 98343.673063661073684 ], [ -6782.857396786101162, 98236.393616287445184 ], [ -6839.414906712656375, 98137.632579800701933 ], [ -6903.758415657852311, 98027.835768946431926 ], [ -6962.143448325281497, 97917.039748761526425 ], [ -7002.711450127942953, 97834.810552798691788 ], [ -7052.816334833391011, 97709.950880308126216 ], [ -7083.759466124873143, 97588.076972650160315 ], [ -7123.315350329619832, 97471.396702647194616 ], [ -7142.602951906214003, 97385.460958267125534 ], [ -7169.381032043369487, 97298.090950521611376 ], [ -7165.933950858248863, 97078.418905159182032 ], [ -7143.454723378468771, 96964.028993393862038 ], [ -7127.22884198219981, 96855.643824639220838 ], [ -7111.188181723468006, 96765.315265302357147 ], [ -7088.136779654072598, 96665.949637839134084 ], [ -7074.224647914932575, 96575.623850808347925 ], [ -7070.316488742246293, 96485.314074754336616 ], [ -7090.649055883695837, 96340.847627382740029 ], [ -7122.974239248083904, 96218.722109653463122 ], [ -7126.93609770340845, 96096.564215254664305 ], [ -7126.617614739516284, 95989.697856530765421 ], [ -7150.915441641001962, 95897.417534133113804 ], [ -7186.204694428073708, 95799.728750450958614 ], [ -7271.415447841922287, 95754.479370214001392 ], [ -7360.77895638695918, 95684.347669324750314 ], [ -7506.484964297211263, 95412.610754691588227 ], [ -7529.090612488158513, 95306.380715108578443 ], [ -7629.958513323741499, 95253.323809155859635 ], [ -7734.222615747712553, 95206.624248815554893 ], [ -7837.199889499403071, 95162.356616273464169 ], [ -7930.404308751807548, 95158.56817997667531 ], [ -8388.612613134202547, 94985.076774158311309 ], [ -8520.006857469736133, 94942.019929874237278 ], [ -8624.788340550847352, 94892.431839025302907 ], [ -8743.416714624094311, 94851.808784287859453 ], [ -8838.187273057294078, 94875.714970223474666 ], [ -9080.845224010001402, 94846.054359196583391 ], [ -9155.684477846894879, 94795.156466261789319 ], [ -9275.138289659400471, 94755.122262887074612 ], [ -9403.38746907497989, 94733.29636477852182 ], [ -9613.787809674395248, 94572.436609829019289 ], [ -9763.313106030225754, 94502.137894465908175 ], [ -9945.469805808563251, 94351.915328263756237 ], [ -10053.801688548293896, 94122.714271780176205 ], [ -10069.792975736549124, 93992.679809922949062 ], [ -10152.781457114440855, 93909.858346645269194 ], [ -10211.340013665438164, 93800.385101348438184 ], [ -10322.547255080426112, 93720.463435657176888 ], [ -10405.187066494545434, 93640.984973651022301 ], [ -10411.766073092410807, 93549.007197035403806 ], [ -10517.167019409418572, 93469.790742521756329 ], [ -10621.54661365080392, 93481.722931833573966 ], [ -10714.740170535689685, 93213.570682534918888 ], [ -10741.259870556357782, 93112.839980773744173 ], [ -10760.890343019797001, 93021.124273019348038 ], [ -10772.633664532273542, 92803.929558627729421 ], [ -10667.393325977725908, 92776.088055184183759 ], [ -10679.711641455069184, 92669.588475279480917 ], [ -10806.069919317087624, 92582.791358620379469 ], [ -10899.183842721569818, 92550.260487440260476 ], [ -10988.738445867609698, 92506.349627344476175 ], [ -11128.653339595068246, 92446.250621460058028 ], [ -11244.857157949765678, 92398.569205088380841 ], [ -11432.087684955797158, 92117.256626257862081 ], [ -11505.097498831164557, 92007.946867593884235 ], [ -11452.998565876390785, 91893.044936002610484 ], [ -11413.211012935847975, 91810.498420518109924 ], [ -11388.691006020933855, 91672.649967919234768 ], [ -11360.654880553833209, 91431.158847261001938 ], [ -11196.698078859306406, 91277.542342366592493 ], [ -11113.062497705046553, 91232.8829547658097 ], [ -11038.280322659935337, 91172.682496233683196 ], [ -10914.889839617244434, 91097.190578220193856 ], [ -10846.058006900770124, 90977.44567566771002 ], [ -10864.016626242373604, 90850.192765356070595 ], [ -10965.890146830235608, 90782.146399650868261 ], [ -11072.564745563780889, 90733.356991728564026 ], [ -11160.713749090675265, 90577.088842437093263 ], [ -10969.566185440868139, 90316.507326152015594 ], [ -10902.997295407345518, 90217.057399121695198 ], [ -10821.364188200270291, 90141.202271137721254 ], [ -10770.392243089096155, 90040.041580469551263 ], [ -10862.910060742811766, 89967.653994002685067 ], [ -10957.182809845719021, 89898.787609732389683 ], [ -11081.86813834507484, 89839.199219449001248 ], [ -11203.164354616368655, 89758.199525217642076 ], [ -11354.798742153565399, 89709.254258191096596 ], [ -11515.659214786370285, 89681.569795267059817 ], [ -11928.660385813389439, 89534.417605040667695 ], [ -12045.278528141090646, 89467.373481480055489 ], [ -12358.812413776351605, 89300.29811695124954 ], [ -12442.206247956608422, 89226.344989003715455 ], [ -12520.631338381615933, 89165.212653295064229 ], [ -12610.504218795977067, 89137.492375462243217 ], [ -12730.850007257249672, 89087.54677289929532 ], [ -12851.3930458680843, 89048.732021292787977 ], [ -12936.677345717267599, 89021.387068539857864 ], [ -13012.770556361414492, 89065.963326904689893 ], [ -13043.889686599606648, 89175.039403672824847 ], [ -13198.822945116786286, 89154.2673079057422 ], [ -13304.130277439486235, 89169.250703534067725 ], [ -13340.481604309228715, 89259.610295817736187 ], [ -13585.820410060638096, 89260.890444534205017 ], [ -13719.196585304453038, 89229.8847702666244 ], [ -14090.56493359716842, 88998.999435058416566 ], [ -14162.92839255486615, 88634.147513184798299 ], [ -14157.356674922979437, 88479.794906572118634 ], [ -14174.210386787832249, 88304.49652166996384 ], [ -14191.406703183019999, 88187.635649328803993 ], [ -14183.262140634062234, 88076.313939535102691 ], [ -14219.589621755643748, 87978.957975593657466 ], [ -14324.146934474585578, 87936.957996038283454 ], [ -14442.671344644913916, 87954.456532664669794 ], [ -14532.443973549874499, 88024.124377851112513 ], [ -14585.560735984821804, 88124.367660485237138 ], [ -14659.35450738563668, 88237.950773891425342 ], [ -14866.368697430356406, 88378.156227524697897 ], [ -15012.526761039160192, 88144.029323172086151 ], [ -15057.22420430049533, 88016.120186556901899 ], [ -15127.183686636737548, 87921.58547833810735 ], [ -15188.820958895783406, 87840.951162167708389 ], [ -15266.155356897739694, 87773.906469157504034 ], [ -15383.494844033382833, 87687.604898001460242 ], [ -15448.415623180568218, 87498.213357394532068 ], [ -15399.550082132511307, 87407.070236493163975 ], [ -15397.140800032531843, 87304.101810430758633 ], [ -15438.999203438463155, 87209.533229241453228 ], [ -15528.914343702141196, 87153.979384142556228 ], [ -15565.25735437188996, 87045.490321779114311 ], [ -15635.634289134759456, 86956.52014053138555 ], [ -15727.907025405496825, 86889.837472360144602 ], [ -15830.515541154658422, 86864.125739231632906 ], [ -15942.051337603013963, 86776.330140770674916 ], [ -15960.890833582554478, 86675.823863366182195 ], [ -16046.869071916211396, 86641.209866340635926 ], [ -16123.875075675721746, 86721.725550006900448 ], [ -16344.64629580208566, 86679.530800704611465 ], [ -16390.890301148756407, 86596.162687143005314 ], [ -16463.004247307020705, 86520.938943142304197 ], [ -16604.949991932138801, 86303.533763649465982 ], [ -16549.004424669605214, 86183.529837310721632 ], [ -16645.687070438347291, 86161.054052646868513 ], [ -16729.245097595907282, 86199.184646289621014 ], [ -16815.309928776172455, 86284.606752686333493 ], [ -17083.808183489192743, 86231.289834760245867 ], [ -17197.582755283801816, 86164.010465247949469 ], [ -17451.205327475676313, 86002.770360301365145 ], [ -17471.857400524080731, 85890.956952442153124 ], [ -17601.311812010244466, 85876.378342160372995 ], [ -17720.246558993880171, 85921.231495981148328 ], [ -17893.835970365675166, 85896.056419580476359 ], [ -17999.826938159414567, 85881.438082570341066 ], [ -18200.60686135845026, 85902.729512787598651 ], [ -18324.936426330998074, 85907.228495780596859 ], [ -18652.584845149307512, 85716.953392638562946 ], [ -18728.20971833151998, 85631.940492446359713 ], [ -18816.399877782561816, 85594.473068722145399 ], [ -18911.11084903642768, 85581.38047728453239 ], [ -19046.337506913230754, 85603.636575438082218 ], [ -19341.953160965116695, 85501.094718729043962 ], [ -19417.530720183858648, 85425.051711847918341 ], [ -19574.088387785945088, 85371.887935633785673 ], [ -19694.878474775177892, 85270.66146404662868 ], [ -19829.157334340095986, 85290.615024121245369 ], [ -19933.277599192224443, 85242.694551445441903 ], [ -20045.58498197310837, 85238.280632889887784 ], [ -20178.832602366339415, 85261.980868646729505 ], [ -20319.474232415552251, 85275.810040527270758 ], [ -20454.363541285740212, 85286.738691345366533 ], [ -20723.128891624044627, 85231.214688762265723 ], [ -20811.024683846218977, 85210.580344753921963 ], [ -21000.480000487121288, 85137.642494751373306 ], [ -20993.684062506305054, 85041.761993747932138 ], [ -21060.261436614440754, 84979.355623668830958 ], [ -21146.932874510122929, 84995.277895777879166 ], [ -21211.68872472998919, 85064.321742210566299 ], [ -21471.684824861004017, 84986.200905002231593 ], [ -21530.249312664731406, 84891.163999421856715 ], [ -21627.462166204873938, 84892.073313945104019 ], [ -21845.803561545384582, 84785.215797622848186 ], [ -21952.036057583929505, 84423.496362935416983 ], [ -21950.555962156387977, 84310.207021405556588 ], [ -22043.598887391504832, 84228.561878317705123 ], [ -22059.092734448902775, 84096.78723311694921 ], [ -22049.784643035382032, 83990.959170146641554 ], [ -22090.68793487700168, 83885.620441356819356 ], [ -22227.441551909898408, 83733.005022901954362 ], [ -22325.438797077455092, 83517.459094221558189 ], [ -22327.974441335012671, 83427.695947499290924 ], [ -22349.484427573799621, 83340.688765700149816 ], [ -22366.726859648013487, 83117.669490357598988 ], [ -22306.935910949541721, 83037.296814995410386 ], [ -22337.299019433965441, 82941.818425003395532 ], [ -22390.942131448246073, 82844.477607383872964 ], [ -22430.463581573916599, 82746.412564143916825 ], [ -22460.862180201336741, 82622.443236566527048 ], [ -22510.630890210391954, 82281.636244954745052 ], [ -22477.210863130458165, 82188.859907334495801 ], [ -22457.745790665503591, 82098.905650049709948 ], [ -22526.922827195841819, 82033.089342163220863 ], [ -22527.964628688176163, 81892.949643893240136 ], [ -22550.404386855429038, 81751.800125913941883 ], [ -22611.890132899221499, 81660.033803639584221 ], [ -22694.904631435580086, 81266.71616651781369 ], [ -22628.730811928515323, 81012.548270407787641 ], [ -22538.349912376143038, 80902.029130577357137 ], [ -22540.646526413212996, 80777.212134461151436 ], [ -22607.599287682911381, 80703.522944680604269 ], [ -22632.412203164130915, 80615.973615623122896 ], [ -22676.810863834863994, 80530.677221959718736 ], [ -22729.438149867928587, 80402.788757211586926 ], [ -22760.015746728924569, 80192.447671019486734 ], [ -22753.42279874230735, 80078.122435863042483 ], [ -22750.403242016443983, 79947.494951272965409 ], [ -22615.152092259086203, 79522.087480380869238 ], [ -22541.307942372222897, 79421.449339148588479 ], [ -22456.429873695888091, 79347.686805685909349 ], [ -22527.356159221788403, 79245.565014928070013 ], [ -22550.458071125147399, 79163.824612839278416 ], [ -22563.290646565437783, 79077.831808970106067 ], [ -22518.22507306188345, 78817.874925785203231 ], [ -22498.777584244613536, 78683.127307212387677 ], [ -22493.386088791594375, 78501.644140452612191 ], [ -22361.874871249776334, 78344.218853222278995 ], [ -22253.835835976700764, 78224.90718163427664 ], [ -22181.618860901100561, 78094.015695086724008 ], [ -22119.425160070415586, 77950.053242762238369 ], [ -22083.186681779217906, 77820.836429017974297 ], [ -22067.516076969564892, 77701.452547227760078 ], [ -22148.502778536232654, 77640.018256133946124 ], [ -22221.61527403263608, 77462.626856007758761 ], [ -22154.643171654723119, 77390.855028955658781 ], [ -22182.639678621548228, 77309.126217613578774 ], [ -22281.641803479345981, 77267.785110174605506 ], [ -22384.709009119949769, 77298.377084336272674 ], [ -22492.695328262576368, 77349.426793663835269 ], [ -22626.628296859387774, 77306.087630973648629 ], [ -22761.656549123581499, 77290.204307236577733 ], [ -22860.010710954142269, 77247.948584331781603 ], [ -22997.041959812166169, 77248.929812628484797 ], [ -23038.597003356961068, 77160.626320471492363 ], [ -23081.062870430527255, 77071.330490336229559 ], [ -23132.640459420857951, 76974.909333215458901 ], [ -23254.167779791168869, 76926.50536184257362 ], [ -23397.130825004656799, 76881.017546435905388 ], [ -23500.425641280424315, 76840.336631053651217 ], [ -23595.469401124806609, 76868.451567553944187 ], [ -23736.806866657687351, 76783.092567495521507 ], [ -23844.865875156363472, 76710.650863781862427 ], [ -23877.700578424963169, 76596.199839524022536 ], [ -24005.933887359395158, 76586.953883265188779 ], [ -24145.804112854821142, 76426.874405684429803 ], [ -24100.097805526282173, 76353.966504157055169 ], [ -24071.561886442417745, 76242.509394033520948 ], [ -24166.994792984216474, 76217.537871036722208 ], [ -24256.700694763916545, 76249.904946576090879 ], [ -24362.735660259961151, 76156.844756540041999 ], [ -24498.22665443259757, 76116.117124693744699 ], [ -24630.462049005320296, 76058.294816936817369 ], [ -24728.76432668347843, 76019.59004897113482 ], [ -24789.13743387546856, 75939.815065195129137 ], [ -24855.329728715587407, 75886.303491849539569 ], [ -24932.568747229175642, 75838.809238249232294 ], [ -25001.925704741384834, 75768.888147305944585 ], [ -25082.793943702592514, 75738.300850998479291 ], [ -25189.041224101209082, 75741.517693437752314 ], [ -25338.522552194073796, 75787.150455089911702 ], [ -25579.58789418800734, 75835.513258019156638 ], [ -25673.056578631745651, 75738.041489548340905 ], [ -25792.450950808823109, 75744.520154109239229 ], [ -25863.843520024325699, 75680.154964886663947 ], [ -26082.644919966929592, 75357.911059768564883 ], [ -26099.232251279405318, 75273.992687897887663 ], [ -26037.756400813232176, 75025.770233429269865 ], [ -25966.069549784995615, 74944.63583974026551 ], [ -25984.665461940225214, 74845.744282601197483 ], [ -25966.145028840634041, 74681.93510953488294 ], [ -25900.146691969013773, 74580.845673801857629 ], [ -25863.433672460610978, 74456.015528533316683 ], [ -25858.028863228275441, 74357.069848162660492 ], [ -25827.342762425658293, 74273.96552993390651 ], [ -25769.350299757788889, 74174.683191227581119 ], [ -25694.223831574781798, 74120.731773299572524 ], [ -25699.540291237062775, 74013.307803299991065 ], [ -25708.701874163351022, 73912.064684887474868 ], [ -25800.221187498536892, 73930.277857723340276 ], [ -25814.062099577393383, 73809.72907164542994 ], [ -25882.297824663575739, 73683.329200777225196 ], [ -26026.343863871297799, 73481.049753903003875 ], [ -26002.111741027212702, 73376.737935923112673 ], [ -25948.709123559179716, 73290.85423149332928 ], [ -25871.538729157298803, 73207.064072326495079 ], [ -25814.921051592333242, 73123.995674098041491 ], [ -25941.121774220722727, 73068.3108112392365 ], [ -25962.631984420353547, 72857.33352791100333 ], [ -25913.596569044049829, 72763.436749859436532 ], [ -25956.229939563199878, 72670.191422813863028 ], [ -25961.890616545220837, 72347.661321595514892 ], [ -25927.93047988449689, 72250.486027565813856 ], [ -25983.877472950844094, 72115.429829165004776 ], [ -25987.814185503986664, 71987.32258797956456 ], [ -25917.564433435327373, 71908.887529681189335 ], [ -25964.752740517840721, 71800.751995766273467 ], [ -26032.847757585463114, 71717.164054644352291 ], [ -26081.487854290404357, 71582.575411388970679 ], [ -26118.891700522508472, 71466.113389571328298 ], [ -26135.462365776766092, 71380.557340028695762 ], [ -26174.87846367363818, 71301.535144515350112 ], [ -26275.996748595382087, 71254.275071253054193 ], [ -26378.161047759931535, 71266.462907038236153 ], [ -26491.355900145834312, 71283.771195170033025 ], [ -26601.145779774175026, 71204.648115554460674 ], [ -26682.729111096472479, 71231.863209063565591 ], [ -26794.632574841496535, 71206.113333043729654 ], [ -26761.020152483950369, 71062.380748523326474 ], [ -26898.180656856158748, 71142.454119432222797 ], [ -27166.033548361505382, 71055.25775858767156 ], [ -27250.169813818763942, 70956.574648916954175 ], [ -27370.397812478826381, 71018.353405787842348 ], [ -27580.600221189088188, 71020.302505149738863 ], [ -27679.445753741078079, 70973.90922016632976 ], [ -27915.996201325557195, 70832.083630554217962 ], [ -27962.43228370056022, 70760.212428025988629 ], [ -28082.268674900638871, 70746.988438560263603 ], [ -28348.778063491568901, 70515.154372399963904 ], [ -28439.734337576664984, 70490.481080720404861 ], [ -28510.558550644316711, 70414.058385526412167 ], [ -28640.424927687039599, 70343.576291187448078 ], [ -28747.199069743044674, 70278.539690696910839 ], [ -28878.398863619193435, 70206.183102925526327 ], [ -28972.544278198154643, 70116.937473168392899 ], [ -29131.341376452124678, 70049.241469947606674 ], [ -29269.003366875112988, 70069.921140131380525 ], [ -29416.078150362940505, 70104.527492623208673 ], [ -29476.376573689398356, 70189.747144403067068 ], [ -29589.70678106835112, 70230.257887163403211 ], [ -29688.018471714458428, 70254.536597550410079 ], [ -30093.371232862002216, 70412.601794688802329 ], [ -30250.201808923971839, 70157.990207788956468 ], [ -30275.00723969284445, 70027.001142306078691 ], [ -30362.802179043879732, 69978.064506750175497 ], [ -30464.557034833938815, 69928.876700145250652 ], [ -30592.476245520403609, 69883.345466839455185 ], [ -30677.082723181694746, 69810.000204819545615 ], [ -30719.188878718530759, 69725.935044073019526 ], [ -30804.748025414068252, 69731.876426160335541 ], [ -30879.929913160856813, 69794.01169567744364 ], [ -31071.001067796139978, 69919.670612735455506 ], [ -31142.921982793021016, 69864.975310034511494 ], [ -31273.673293049680069, 69787.799640168086626 ], [ -31352.534119788440876, 69734.894212666651583 ], [ -31461.650956495432183, 69676.32588497758843 ], [ -31560.66814827255439, 69776.897289010579698 ], [ -31683.963040117290802, 69878.400450364220887 ], [ -31815.13422396464739, 69959.736078747911961 ], [ -32103.262228602310643, 70096.606114739159239 ], [ -32197.820024957298301, 70099.816176258565974 ], [ -32483.124562769313343, 70104.239048023417126 ], [ -32563.986675679916516, 70019.430244970557396 ], [ -32628.076526282937266, 69937.191129011116573 ], [ -32715.716935960692354, 69881.652526759105967 ], [ -32786.128441091976129, 69791.244781161425635 ], [ -32809.17076124122832, 69682.895620136361686 ], [ -32846.811860247398727, 69598.117540472419932 ], [ -32866.590942926355638, 69462.63099792439607 ], [ -32815.25980302831158, 69375.268693132034969 ], [ -32925.266210838453844, 69318.588428016228136 ], [ -33002.544360199943185, 69420.994355163595174 ], [ -33097.67909044015687, 69462.084609915560577 ], [ -33192.279189665685408, 69448.132199917934486 ], [ -33290.198998042731546, 69400.331880206227652 ], [ -33407.823815719690174, 69393.781056752675795 ], [ -33496.318073242087848, 69470.420235088575282 ], [ -33570.589985703816637, 69523.171225045851315 ], [ -33724.071500309626572, 69575.431309688239708 ], [ -34052.96707638236694, 69463.207107103051385 ], [ -34054.397407767944969, 69372.947685306877247 ], [ -34131.582795121357776, 69311.327442196314223 ], [ -34252.653669919935055, 69329.345766281432589 ], [ -34375.576607002760284, 69357.15800292599306 ], [ -34469.905186749529094, 69385.88398916539154 ], [ -34484.743217663723044, 69474.153705032702419 ], [ -34572.627835717867129, 69549.315083194858744 ], [ -34669.383944188128226, 69575.771414853996248 ], [ -34918.135245489072986, 69551.665703059130465 ], [ -35053.64696591894608, 69449.87643055152148 ], [ -35187.632893926929682, 69258.245069089607568 ], [ -35157.256930359522812, 69170.85637758320081 ], [ -35197.918046496459283, 69057.707451615351602 ], [ -35094.423489997861907, 68985.351007645658683 ], [ -35119.838994159712456, 68884.481496935957693 ], [ -35204.736859433003701, 68875.689135181033635 ], [ -35318.314555599703453, 68864.139175541626173 ], [ -35440.761443975265138, 68919.593592871824512 ], [ -35556.986693112179637, 68962.658753908544895 ], [ -35611.138096629525535, 68803.97873095588875 ], [ -35586.723086230223998, 68688.613674068605178 ], [ -35664.245895400759764, 68627.297807764422032 ], [ -35686.664252252900042, 68479.405471642850898 ], [ -35650.06643184798304, 68359.788120005541714 ], [ -35655.148610525531694, 68250.106542097724741 ], [ -35748.870171207236126, 68315.534928534660139 ], [ -35932.275560507318005, 68136.670030070163193 ], [ -36060.840532359085046, 68098.209422397223534 ], [ -36164.417407765402459, 68066.954648155980976 ], [ -36348.577100254362449, 67978.072794315914507 ], [ -36290.699669370078482, 67868.139549243816873 ], [ -36251.520863999030553, 67764.82058705642703 ], [ -36207.326863139052875, 67681.751295844049309 ], [ -36180.078385581145994, 67599.834474525836413 ], [ -36168.224545565899462, 67495.430119496828411 ], [ -36204.103557083173655, 67408.603837045186083 ], [ -36268.056081326911226, 67349.76736811864248 ], [ -36362.651697067543864, 67406.19875560948276 ], [ -36472.69728673750069, 67354.437597057316452 ], [ -36567.478237920091487, 67322.400374564720551 ], [ -36622.511914365459234, 67402.816265281217056 ], [ -36735.229284786619246, 67443.378383248011232 ], [ -36892.211596987210214, 67434.900282661765232 ], [ -36998.192525229766034, 67508.722846615768503 ], [ -37362.934446228318848, 67472.252308785973582 ], [ -37440.52974466921296, 67394.015529450800386 ], [ -37594.115100652328692, 67257.131618857907597 ], [ -37584.255969406454824, 67126.29710156879446 ], [ -37679.308168270625174, 67043.560287881875411 ], [ -37713.088451107381843, 67132.279546400735853 ], [ -37817.263520066509955, 67077.989605687194853 ], [ -37907.709339768043719, 66966.560487101611216 ], [ -37991.815601101727225, 66898.502670571848284 ], [ -38026.864515397814102, 66811.534716237219982 ], [ -38122.760057148756459, 66854.866717165932641 ], [ -38381.896599709056318, 66881.728870649079909 ], [ -38565.672739562578499, 66679.419165616884129 ], [ -38597.092595999361947, 66582.539438856518245 ], [ -38719.360343965003267, 66514.183554468108923 ], [ -38814.850836250931025, 66432.092547661624849 ], [ -38917.285139659652486, 66386.474281451533898 ], [ -39040.515742543153465, 66320.821465889370302 ], [ -39127.916998553206213, 66217.761652464003419 ], [ -39204.151282690698281, 66130.894311234311317 ], [ -39297.817078307387419, 66025.82845337910112 ], [ -39391.325981188914739, 65955.703192767716246 ], [ -39509.987127804663032, 65852.784443819546141 ], [ -39538.207224035635591, 65768.296038086802582 ], [ -39627.33775518857874, 65701.744670963482349 ], [ -39726.735495798173361, 65667.307268934149761 ], [ -39801.602949869353324, 65611.825441189663252 ], [ -39828.160945538547821, 65503.558696041189251 ], [ -39915.01497112493962, 65435.908606722667173 ], [ -39956.363129691686481, 65322.056806731838151 ], [ -39966.681258989847265, 65187.709613118138805 ], [ -40061.134920604759827, 65239.308066057150427 ], [ -40198.588778122444637, 65214.984903933138412 ], [ -40295.316190927871503, 65191.976365655675181 ], [ -40505.152810368686914, 65146.307752434287977 ], [ -40510.999491496244445, 65048.582545948658662 ], [ -40644.467487473622896, 65009.58573702628928 ], [ -40804.5583418791648, 64958.600235610509117 ], [ -40963.516536387149245, 64853.488671392049582 ], [ -41082.549766192678362, 64806.791335090492794 ], [ -41163.2623063668143, 64728.909624580541276 ], [ -41237.200642605428584, 64780.601104820176261 ], [ -41346.581011137110181, 64773.635857100744033 ], [ -41461.647133678197861, 64815.414063080774213 ], [ -41541.009341246215627, 64898.211324774805689 ], [ -42766.627459161449224, 62121.437286779946589 ], [ -42813.196181657258421, 61989.848874240749865 ], [ -42834.827499572304077, 61882.293158763379324 ], [ -42886.101403371081688, 60979.493389252980705 ], [ -42945.243111187941395, 59884.599463383288821 ], [ -43134.789290755754337, 59582.8247900949209 ], [ -43943.493754302966408, 58022.615013858980092 ], [ -43847.31751500419341, 57999.446404427129892 ], [ -43788.337346992921084, 57921.043041939017712 ], [ -43685.947887376067229, 57823.087725306257198 ], [ -43566.181207353365608, 57775.122546978265746 ], [ -43440.085611687391065, 57727.530924662161851 ], [ -43347.366254012682475, 57599.94892898589751 ], [ -43356.34798946895171, 57465.972920589367277 ], [ -43391.125598117825575, 57340.654769002037938 ], [ -43485.614417067728937, 57271.866455442133883 ], [ -43628.746894701034762, 57145.036589619121514 ], [ -43692.318235895480029, 57062.121185177144071 ], [ -43813.602017191587947, 56928.807921397055907 ], [ -43964.110059330472723, 56582.238080223381985 ], [ -43908.843820409616455, 56491.528369944069709 ], [ -43905.612097249832004, 56358.498907902190695 ], [ -43892.880198754719459, 56209.80087437696784 ], [ -43888.322669640532695, 55901.194128464259848 ], [ -43869.884797784150578, 55802.343258861517825 ], [ -43851.235229559359141, 55714.443476697881124 ], [ -43849.74267581559252, 55580.287575745511276 ], [ -43841.393222623271868, 55451.878675411993754 ], [ -43848.71121178928297, 55275.90964128862106 ], [ -43833.605091350385919, 55144.374164977576584 ], [ -43862.77568965323735, 55063.199146823018964 ], [ -43880.329747669049539, 54976.258273948675196 ], [ -43913.318950624088757, 54891.430971434980165 ], [ -43930.667231842875481, 54782.951524280157173 ], [ -43926.304056490887888, 54578.091290043324989 ], [ -43918.319678066414781, 54486.371625447696715 ], [ -43913.302646435098723, 54394.74689205273171 ], [ -43907.430022816639394, 54306.513727746940276 ], [ -43894.738092689192854, 54222.23588888845552 ], [ -43886.338740509119816, 54105.61058115765627 ], [ -43837.585377534735017, 54018.871927991276607 ], [ -43821.046210431843065, 53927.845128417291562 ], [ -43792.894585682894103, 53846.836622928778525 ], [ -43752.13959165464621, 53713.403126493431046 ], [ -43845.534299503196962, 53603.774212267126131 ], [ -43963.174953054985963, 53526.914152022683993 ], [ -44055.66683885990642, 53467.411633016636188 ], [ -44138.341782746138051, 53427.761633421680017 ], [ -44257.028693768777885, 53369.520596754970029 ], [ -44413.020687780459411, 53266.902199479678529 ], [ -44721.537943765055388, 53028.923026523109002 ], [ -44786.714223309536465, 52937.966331166593591 ], [ -44880.929396143532358, 52859.894371539048734 ], [ -44968.902470046887174, 52790.132178204497905 ], [ -45149.818037923541851, 52599.542580847293721 ], [ -45226.738862454425544, 52504.793837460689247 ], [ -45301.9960764789721, 52429.630951324332273 ], [ -45414.770764418295585, 52321.691921503050253 ], [ -45503.86020605720114, 52258.13251868946827 ], [ -45584.859762144624256, 52191.174691513675498 ], [ -45685.024360106443055, 52127.623344298292068 ], [ -45758.337219603476115, 52080.171181963960407 ], [ -45865.089818976470269, 52031.046596973239502 ], [ -45965.276643514516763, 51980.163899580787984 ], [ -46089.078375783632509, 51891.672801163651457 ], [ -46170.729356066673063, 51823.074665804277174 ], [ -46270.287301039439626, 51711.706767792085884 ], [ -46335.534825279610232, 51636.518170162358729 ], [ -46420.39598809403833, 51542.094835172407329 ], [ -46538.317928166594356, 51466.821076630658354 ], [ -46647.028805552399717, 51390.89758661822998 ], [ -46734.065204235375859, 51222.470445912418654 ], [ -46808.560818093363196, 51106.837111083310447 ], [ -46890.083945348276757, 51014.046234916640969 ], [ -47058.187001004233025, 50828.963936678192113 ], [ -47142.521079827449284, 50403.407274659984978 ], [ -47108.693935443880036, 50313.982029612525366 ], [ -47053.396165477111936, 50233.801346963417018 ], [ -47001.83432388107758, 50144.498731552012032 ], [ -47010.383048738818616, 49988.725738279863435 ], [ -46979.806224182946607, 49559.291730717755854 ], [ -46954.043000692385249, 49462.035342971917999 ], [ -46924.306253956165165, 49378.023476554990339 ], [ -46915.139304333250038, 49276.533055964027881 ], [ -46948.358735121553764, 49172.446211935166502 ], [ -46949.537557190400548, 49053.987735914743098 ], [ -47010.314602951984853, 48944.956854206400749 ], [ -47116.966502443538047, 48541.833089167674189 ], [ -47099.454274707008153, 48412.2851771595233 ], [ -47092.747024803538807, 48298.546462010839605 ], [ -47099.886049833497964, 48182.190612665181106 ], [ -47127.733617401216179, 48022.407037388889876 ], [ -47129.935516023077071, 47397.387962779605004 ], [ -46761.667033821577206, 46942.299815141617728 ], [ -46571.958587820874527, 46698.113090133141668 ], [ -46281.748441045288928, 46431.676867397567548 ], [ -46199.513269418268465, 46372.952168220755993 ], [ -45846.37807407474611, 46120.777157899785379 ], [ -45656.675691907526925, 45865.50196746752772 ], [ -45556.542906880495138, 45244.188556207838701 ], [ -45545.603726927191019, 44866.993535975547275 ], [ -45283.010780348209664, 44351.96906244175625 ], [ -45088.316379880066961, 43846.096111105478485 ], [ -44988.160389152588323, 43235.883959721300926 ], [ -44887.967536870972253, 42681.141834082962305 ], [ -44798.825233385316096, 42326.093414596951334 ], [ -44709.687539684702642, 41959.952212588425027 ], [ -44665.226924768299796, 41582.743265687713574 ], [ -44665.44933990528807, 41183.372268630024337 ], [ -44877.968477218528278, 40595.525361493404489 ], [ -45264.798128832946531, 40136.158610538332141 ], [ -45548.508499580784701, 39774.952791585230443 ], [ -45772.094165574759245, 39364.601825721962086 ], [ -45772.363295503542759, 38854.286846355447778 ], [ -45895.371714821783826, 38554.818019716403796 ], [ -46241.707450131187215, 38333.120636567793554 ], [ -46532.156129511073232, 38200.143895279376011 ], [ -46755.685724769486114, 37889.62851241685712 ], [ -47023.8439229571959, 37667.885920966589765 ], [ -47359.064683691365644, 37346.329350615989824 ], [ -47761.275554102379829, 37069.17995303976204 ], [ -47727.924704683478922, 36758.528437327149732 ], [ -48051.910653132712469, 36570.089133696972567 ], [ -48465.24792878550943, 36381.692318281107873 ], [ -48755.811339136445895, 36026.819486218169914 ], [ -49262.049287892994471, 36061.800225679740834 ], [ -49805.695102170924656, 36016.23838581070595 ], [ -50230.183319865725935, 35883.312433915518341 ], [ -50440.165680825477466, 35923.727664907681174 ], [ -50537.616198401432484, 35935.006595511382329 ], [ -50638.035012893145904, 35967.113126553806069 ], [ -50651.328494503744878, 35621.038016636121029 ], [ -50629.518358190194704, 35500.417527417332167 ], [ -50602.222497828421183, 35374.297573661358911 ], [ -50578.34814234811347, 35261.337243522430072 ], [ -50527.798397563630715, 35185.752768254016701 ], [ -50538.074694197275676, 35089.86174196547654 ], [ -50471.258573694387451, 34968.443578784623242 ], [ -50442.977119212620892, 34862.442301361901627 ], [ -50373.744389163795859, 34775.472445399762364 ], [ -50420.865615815273486, 34692.214165850979043 ], [ -50539.996667276602238, 34653.781924939969031 ], [ -50632.910822744015604, 34596.313313241837022 ], [ -50720.79333979927469, 34546.007835618678655 ], [ -50768.314885795465671, 34470.80286747241189 ], [ -50891.688479777541943, 34435.454182349058101 ], [ -51019.518867900362238, 34378.928119543517823 ], [ -51072.257643469958566, 34300.758600706052675 ], [ -51199.137880330090411, 34288.502276518760482 ], [ -51288.856163890450262, 34214.641699458246876 ], [ -51335.581069913227111, 34043.740638446128287 ], [ -51401.98208210140001, 33948.958421017283399 ], [ -51480.251161893364042, 33862.445037826953921 ], [ -51629.542960681370459, 33574.714320401311852 ], [ -51626.775261141592637, 33466.777846409087942 ], [ -51557.183998417225666, 33276.577268210392504 ], [ -51535.451822992879897, 33187.47730759067781 ], [ -51515.501394764636643, 33091.655389118262974 ], [ -51525.800389501033351, 32991.642021169529471 ], [ -51661.57985974138137, 32912.863527337605774 ], [ -51689.954372968757525, 32762.914583919449797 ], [ -51751.515563777065836, 32664.941773502050637 ], [ -51834.217884129611775, 32703.56447487166588 ], [ -51903.82333226990886, 32631.379818361521757 ], [ -52136.602325639221817, 32522.64334576750116 ], [ -52247.104791441815905, 32481.213764505580912 ], [ -52330.952111049322411, 32567.031754882376845 ], [ -52440.11269297299441, 32410.6080746145999 ], [ -52444.794735467294231, 32223.894598329203291 ], [ -52529.651997131062672, 32148.946012847100064 ], [ -52421.636996004730463, 32029.870207692780241 ], [ -52466.18260723806452, 31928.048621081281453 ], [ -52572.076156293624081, 31896.767193121664604 ], [ -52641.566355426795781, 31772.551454228749208 ], [ -52604.807730338419788, 31663.739570493744395 ], [ -52586.112251626444049, 31500.081071408076241 ], [ -52540.155689515406266, 31380.189837765003176 ], [ -52649.82597631867975, 31389.135327946449252 ], [ -52541.439421385526657, 31076.197317403024499 ], [ -52439.003689251723699, 30998.406774665443663 ], [ -52474.792568146134727, 30914.197302818534808 ], [ -52514.221197769395076, 30823.00653492728452 ], [ -52574.741115125478245, 30707.685499854182126 ], [ -52704.202207616763189, 30611.363601540317177 ], [ -52770.279504561563954, 30507.225925264294347 ], [ -52868.060730591183528, 30447.951034447589336 ], [ -52933.537357766763307, 30392.326222764630074 ], [ -52868.464249562472105, 30311.29786789040736 ], [ -52967.621744885924272, 30298.008749971413636 ], [ -53147.475164789007977, 30236.912721571912698 ], [ -53205.346975901629776, 30138.23496998113842 ], [ -53301.187591995694675, 30129.713929342404299 ], [ -53583.651237933314405, 29949.13775892178819 ], [ -54008.125617737066932, 29882.74141676769068 ], [ -54320.647794910240918, 29869.896006444381783 ], [ -54404.486722317407839, 29692.977784462080308 ], [ -54410.263470744714141, 29583.536444855199079 ], [ -54457.614456353825517, 29453.950053208765894 ], [ -54513.067836324917153, 29339.302893435498845 ], [ -54554.979530203039758, 29232.413401553807489 ], [ -54712.563674836652353, 28986.347865268493479 ], [ -54692.59108353452757, 28797.813587349304726 ], [ -54696.771868139272556, 28693.091330401195592 ], [ -54697.251198099111207, 28570.881987323056819 ], [ -54641.728809536201879, 28483.330452433361643 ], [ -54724.908026455668733, 28372.416033644054551 ], [ -54839.362536881817505, 28301.726047220388864 ], [ -54935.832086842972785, 28271.844417206262733 ], [ -54998.415092169540003, 28172.020232135524566 ], [ -55364.977744800155051, 27845.433335252982943 ], [ -55440.070647011161782, 27739.24463035815279 ], [ -55556.309677324257791, 27546.286136170150712 ], [ -55537.837164061143994, 27409.409133101693442 ], [ -55609.812540517305024, 27326.791286356554338 ], [ -55698.333469234639779, 27313.256047862334526 ], [ -55774.006704593310133, 27209.494086993840028 ], [ -55942.91332104022149, 26860.49193237342115 ], [ -55980.728812709567137, 26741.373828457220952 ], [ -56056.824913240270689, 26649.223663294444123 ], [ -56128.185464364709333, 26571.709478402288369 ], [ -56230.730777791934088, 26422.693977933540737 ], [ -56296.393409700132906, 26306.623945429128071 ], [ -56372.062202225555666, 26206.987273304523114 ], [ -58605.775098275858909, 23235.952511103834695 ], [ -59956.599909871118143, 21436.328952074960398 ], [ -60949.667262173257768, 20112.854371086690662 ], [ -62168.709704172797501, 18488.000339229634847 ], [ -65808.269939176971093, 13636.747804998360152 ], [ -66791.346333676832728, 12334.86803360819431 ], [ -66895.846801927196793, 12191.362734325211932 ], [ -66936.455920533044264, 12096.212640306852336 ], [ -66993.249819334829226, 12017.287364417532444 ], [ -67094.297327761654742, 11811.054307551528836 ], [ -67095.39154979668092, 11663.285450533012408 ], [ -67069.501125201582909, 11508.103068748208898 ], [ -67107.917904568137601, 11425.990048785197359 ], [ -66970.96782638260629, 11117.714367262762607 ], [ -66866.451618123333901, 11069.656438318235814 ], [ -65639.931699831387959, 6959.695717842399972 ], [ -64980.772307356237434, 4708.432943564384914 ], [ -63453.902309918194078, -502.915531654096128 ], [ -62741.115260107675567, -2941.565815142141673 ], [ -60609.045783771318384, -9387.696097161518992 ], [ -58977.32253347907681, -14291.828374809379966 ], [ -62889.92675272852648, -37517.378854486982164 ], [ -64627.398574552964419, -46440.015398465911858 ], [ -64938.951702535152435, -48315.564221668922983 ], [ -65272.743629149277695, -50268.82263550060452 ], [ -65517.491016006562859, -51700.48406975655962 ], [ -65538.776960123796016, -53143.086358861080953 ], [ -65704.91939183336217, -55029.674035840704164 ], [ -65792.271544045535848, -57593.116651555093995 ], [ -65902.282566657289863, -59668.322045336390147 ], [ -65990.300933028222062, -61266.348485131427879 ], [ -66323.921673152362928, -63008.85527051583631 ], [ -66164.893918593879789, -65927.206364778860006 ], [ -66105.923842276912183, -69222.936447029162082 ], [ -66105.503568597952835, -69655.715852474808344 ], [ -66082.727786560892127, -70099.570264863679768 ], [ -65854.959404924651608, -74404.936825375276385 ], [ -65785.555976438336074, -76657.529660057203728 ], [ -65704.911500961985439, -78910.106004627319635 ], [ -65658.010564907453954, -80896.391297608279274 ], [ -65534.047887600027025, -81850.579117895074887 ], [ -65488.588007885147817, -82527.433762520056916 ], [ -65476.749780792393722, -83104.455197555871564 ], [ -65453.007200323860161, -84302.884778486113646 ], [ -65383.402958247694187, -86466.681877733528381 ], [ -65312.892939657671377, -89307.379174419198534 ], [ -65209.329759600805119, -91704.157126378515386 ], [ -65082.571977554587647, -94689.027151593618328 ], [ -65048.177966266870499, -95354.787912352214335 ], [ -65025.126488347072154, -95887.402058122082963 ], [ -65002.100980283576064, -96397.822387468317174 ], [ -64990.541966523975134, -96686.322661675789277 ], [ -64956.054327362100594, -97407.565365528149414 ], [ -64944.385355258709751, -97773.74245641422749 ], [ -64909.657959799515083, -98661.435172674944624 ], [ -64852.038895239587873, -99937.481307354770252 ], [ -64771.240171717014164, -101790.522858315176563 ], [ -64725.071073888917454, -102833.549519608990522 ], [ -64586.24454554298427, -106117.975368981875363 ], [ -64377.830555578577332, -110978.011524843197549 ], [ -63841.669137818855233, -110988.278859577549156 ], [ -55107.529928383650258, -110985.975291315451614 ], [ -54850.406485386425629, -111152.012243146906258 ], [ -54581.963228953303769, -111417.88752950039634 ], [ -54279.94807889603544, -111728.09023473727575 ], [ -54000.235496695735492, -112060.515009849128546 ], [ -53888.026503022061661, -112404.290141044897609 ], [ -53876.020134957507253, -112947.930129482381744 ], [ -53897.462100856471807, -113524.9071369702433 ], [ -53907.973842789069749, -113946.536369341949467 ], [ -53896.286016484955326, -114279.370388943367288 ], [ -53828.826401005731896, -114567.736576078808866 ], [ -53683.172741160029545, -114867.074418914606213 ], [ -53515.234991141711362, -115133.090981770335929 ], [ -53269.104328150628135, -115410.078026436996879 ], [ -52888.960164177813567, -115686.851562776093488 ], [ -52486.74533598520793, -115797.164759349514497 ], [ -52129.343774593085982, -115818.789592675631866 ], [ -51861.425155786098912, -115751.797766602394404 ], [ -48180.306819561868906, -113094.49050152869313 ], [ -47956.895948540535755, -113138.525039096013643 ], [ -46939.810058116680011, -113713.857726022426505 ], [ -46135.111349207232706, -114156.378142284156638 ], [ -45553.926070881541818, -114488.297815209152759 ], [ -44134.549281214014627, -115273.756073563694372 ], [ -43061.697246336494572, -115837.860643367777811 ], [ -41932.925443188636564, -116468.424751730461139 ], [ -40301.252964909770526, -117386.605820059863618 ], [ -38602.585104608442634, -118326.834649756754516 ], [ -37384.675489149871282, -118879.549160868991748 ], [ -35563.078495638794266, -119930.45071526429092 ], [ -33853.151993511477485, -120992.581706515295082 ], [ -31618.210788835771382, -122253.48299263791705 ], [ -29126.541163119138218, -123525.001907514189952 ], [ -26388.721201566862874, -125184.242462284324574 ], [ -21818.792827889148612, -127738.704432257494773 ], [ -15070.560214460885618, -131486.965338862151839 ], [ -13919.801042164559476, -132150.395481415063841 ], [ -9506.960299568483606, -134626.870752365270164 ], [ -7149.813345337286592, -135953.478757257020334 ], [ -5910.054853570472915, -136516.862648645386798 ], [ -4736.877834884799086, -137313.195294286066201 ], [ -2525.231183369411156, -138473.618504549987847 ], [ 568.643052584026009, -140042.700016122602392 ], [ 4087.544013251608703, -142253.988281478174031 ], [ 4936.444374336337205, -142740.321278218616499 ], [ 8085.839776313281618, -144320.16577415165375 ], [ 10107.686554918356705, -145613.680093358882004 ], [ 11905.808381116599776, -146608.228224537160713 ], [ 13458.158482288126834, -147447.984151947050123 ], [ 14530.100520571344532, -147933.840677252155729 ], [ 16261.341204020602163, -149017.114672657597112 ], [ 18293.868029465491418, -150155.240360905212583 ], [ 21420.74374023033306, -151912.094063197408104 ], [ 24611.06321530486457, -153703.355779392120894 ], [ 24621.327078495523892, -153788.282504216011148 ], [ 24655.276827117661014, -153941.949096172582358 ], [ 24926.84518234373536, -154090.089251936762594 ], [ 26214.808646760182455, -154788.070256145234453 ], [ 26777.499117408180609, -155103.241437478922307 ], [ 27367.317463071027305, -155431.881274364801357 ], [ 27970.765257727878634, -155774.013909887027694 ], [ 28625.359428358555306, -156149.519280762702692 ], [ 29163.368627037794795, -156457.962571670243051 ], [ 29245.331693242304027, -156505.024404214258539 ], [ 30255.41536739829462, -157061.734480725659523 ], [ 31299.482185652945191, -157665.361700313020265 ], [ 31984.203889709664509, -158061.071760231337976 ], [ 32245.485481268609874, -158206.655285422166344 ], [ 32572.309731256391387, -158388.799778336804593 ], [ 32838.390771556703839, -158537.14376737078419 ], [ 33611.168284748971928, -158966.371430951141519 ], [ 34661.959255438239779, -159549.784759406233206 ], [ 35563.460338279837742, -160052.788601875887252 ], [ 36471.903647571336478, -160575.830043221852975 ], [ 37725.975808352697641, -161273.201688978733728 ], [ 38546.158792344504036, -161729.235869224299677 ], [ 39637.508672867086716, -162325.936683525855187 ], [ 40525.58002630143892, -162833.912438476865645 ], [ 41752.48158293653978, -163527.966048799979035 ], [ 42654.78577161260182, -164025.261074836045736 ], [ 43341.975213566562161, -164419.788059192302171 ], [ 44277.321539970405865, -164942.827219887782121 ], [ 45802.452909186191391, -165794.291388013079995 ], [ 46707.287717977596913, -166297.201806861528894 ], [ 47056.381311414821539, -166491.673444603511598 ], [ 54901.37622700916836, -170859.446561765274964 ], [ 56638.650587825977709, -171798.618535228830297 ], [ 60539.088302195596043, -174057.832229185296455 ], [ 69002.941854406322818, -178840.69977437669877 ], [ 74356.381667873240076, -181875.509517705853796 ], [ 77069.221018986660056, -183393.222362786269514 ], [ 82480.413755345740356, -186360.486058076960035 ], [ 83499.363295344519429, -186829.42379133994109 ], [ 85138.318426493555307, -187741.491442001919495 ], [ 91203.158856666297652, -191143.289536553143989 ], [ 93602.255183270724956, -192477.83176860169624 ], [ 96026.797417109715752, -193850.788386655185604 ], [ 97906.502742890093941, -194841.125826846866403 ], [ 100333.518740933330264, -196193.230931367899757 ], [ 101834.430252388410736, -197022.098558529658476 ], [ 104365.423725144122727, -198444.005869077547686 ], [ 105842.366405117150862, -199246.814967238431564 ], [ 109708.529623096284922, -201389.777603487629676 ], [ 113565.827784976398107, -203631.010362141067162 ], [ 119036.044765341619495, -206637.980662941350602 ], [ 122144.057124371523969, -208363.894974747148808 ], [ 124794.490612488996703, -209865.087812376208603 ], [ 128988.91466413642047, -212199.637248239305336 ], [ 137299.483018766040914, -216867.388058969605481 ], [ 143009.835881352017168, -220036.390225231531076 ], [ 145930.040986020641867, -221658.209461675171042 ], [ 149047.495731158705894, -223380.303428206651006 ], [ 153653.266595889581367, -225942.168578465207247 ], [ 157263.625286963942926, -227958.31014449664508 ], [ 163998.167073872464243, -231728.216198445879854 ], [ 166260.442247973172925, -232941.530096228321781 ], [ 166337.249840619799215, -232999.024394371837843 ], [ 167350.309755956521258, -233546.546134431322571 ], [ 168353.559313105419278, -234109.099474295158871 ], [ 169668.894053975469433, -234837.071927523589693 ], [ 170939.647575289767701, -235554.056333425687626 ], [ 172054.305933650874067, -236171.723557931167306 ], [ 172332.968174922454637, -236326.13975600496633 ], [ 173726.644907640351448, -237114.2257009051973 ], [ 173838.949735965870786, -237177.026833791722311 ], [ 175231.008283715171274, -237936.481101971905446 ], [ 176408.140874534496106, -238613.766021285759052 ], [ 176668.855758958903607, -238761.180250764358789 ], [ 176941.073280686570797, -238913.189968144579325 ], [ 178095.545236946025398, -239546.860899698076537 ], [ 179499.921137362078298, -240341.027388773451094 ], [ 180926.519072913622949, -241124.078477767034201 ], [ 182420.039793365402147, -241984.465734549594345 ], [ 183902.358225345553365, -242822.733731506916229 ], [ 185284.306408797274344, -243583.718811653292505 ], [ 186109.023710925946943, -244046.95597218113835 ], [ 186599.371846694732085, -244311.625927390647121 ], [ 188081.531533150468022, -245105.611423752270639 ], [ 189619.43160711514065, -245954.81864621580462 ], [ 190396.804743570450228, -246383.438557172456058 ], [ 191001.284571272553876, -246715.784695310954703 ], [ 192472.296352297649719, -247542.975144094467396 ], [ 193809.55329886614345, -248292.949952565453714 ], [ 195102.178415636532009, -248998.740789314033464 ], [ 195882.22976306459168, -249439.910590791725554 ], [ 200796.301286431436893, -252174.987218516587745 ], [ 201788.014315861451905, -252737.471535190416034 ], [ 203281.096005999890622, -253564.585990424122429 ], [ 204607.047906681371387, -254314.551195536827436 ], [ 207169.702010241395328, -255737.182280810084194 ], [ 210957.855112387100235, -257854.614197874936508 ], [ 213050.840504232677631, -259032.480241367447888 ], [ 213165.655203430738766, -259096.439672441454604 ], [ 213943.66192117909668, -259508.793395608576247 ], [ 214812.672547641559504, -260005.093739878502674 ], [ 215547.919641442887951, -260390.995400060695829 ], [ 215672.381416925461963, -260460.632090586266713 ], [ 216829.098013374547008, -261107.822880983178038 ], [ 217865.175728489994071, -261692.326996998657705 ], [ 218477.876598092727363, -262023.129779812472407 ], [ 220828.477240231004544, -263346.519558389671147 ], [ 221998.208419661445078, -264019.285748415801208 ], [ 222900.559993429109454, -264537.643341296876315 ], [ 223468.69032664236147, -264857.45986234548036 ], [ 225005.955238443741109, -265717.637595464708284 ], [ 225930.550140315201133, -266247.015224426228087 ], [ 226476.363749059732072, -266544.74324351362884 ], [ 227224.021596859383862, -266972.821385223884135 ], [ 227401.255616542708594, -267071.848769541888032 ], [ 227812.860102958511561, -267305.208677326620091 ], [ 228737.636087906197645, -267824.019076074007899 ], [ 230686.959276307781693, -268926.839240000757854 ], [ 231622.598309247638099, -269445.128709213051479 ], [ 232792.176831558404956, -270117.881412563787308 ], [ 234496.333240080915857, -271066.251873098604847 ], [ 235108.95133884716779, -271419.171718429657631 ], [ 236523.468028773844708, -272202.113356687652413 ], [ 236824.206744003342465, -272378.582779272459447 ], [ 238105.076458255789476, -273106.446878909366205 ], [ 238940.39518100436544, -273569.596847711596638 ], [ 240009.634694180887891, -274187.208333638438489 ], [ 240343.739917334052734, -274363.618141401209868 ], [ 241568.865519169048639, -275058.390954435977619 ], [ 242348.460258151986636, -275488.450839329860173 ], [ 243918.753931399114663, -276348.550800793163944 ], [ 244475.61455678625498, -276668.378711750730872 ], [ 245607.135350358381402, -277228.42978449666407 ], [ 249842.81963718123734, -279324.973048772197217 ], [ 250377.352271059819032, -279622.716556610947009 ], [ 250767.119464995863382, -279843.277995276148431 ], [ 251401.868360910040792, -280196.157098084804602 ], [ 252315.044872970174765, -280725.542916554724798 ], [ 253306.105136429192498, -281265.856312504329253 ], [ 254252.635278723901138, -281795.184901843080297 ], [ 255132.349254665226908, -282291.443723399832379 ], [ 255989.785672451456776, -282776.679362696304452 ], [ 256891.74930440922617, -283283.96184107044246 ], [ 258350.433699045825051, -284088.951093815267086 ], [ 259185.569576874288032, -284563.164176992722787 ], [ 260065.193975566857262, -285037.302090155659243 ], [ 261290.030634711380117, -285732.078192347544245 ], [ 262937.931358903180808, -286647.361429397191387 ], [ 264307.464733957196586, -287419.322311602649279 ], [ 265721.488538320874795, -288202.270589018240571 ], [ 266689.524059308983851, -288742.282577066565864 ], [ 267168.89573649072554, -289007.286029994604178 ], [ 268471.546337943756953, -289735.119500078377314 ], [ 269546.350257441168651, -290338.923093661956955 ], [ 269964.007550535665359, -290571.814504969166592 ], [ 270485.890604032203555, -290863.155591076356359 ], [ 271811.579148847726174, -291598.813291618076619 ], [ 273514.959255969035439, -292558.259948825754691 ], [ 276698.932802375406027, -294333.743426456407178 ], [ 277333.484918338945135, -294686.633111066999845 ], [ 277496.565956976031885, -294760.026389956416097 ], [ 277705.671849226986524, -294853.325919668772258 ], [ 277823.226917537627742, -294907.038171178312041 ], [ 278480.015148022677749, -295259.892856831196696 ], [ 279114.553960645862389, -295612.784155372006353 ], [ 280272.307571872486733, -296263.448466230707709 ], [ 280562.248201345733833, -296429.160761704784818 ], [ 281641.55708452622639, -297035.432246963959187 ], [ 283389.259508342307527, -298016.947102864854969 ], [ 284903.161600736610126, -298866.123337866796646 ], [ 285771.413771330437157, -299351.363357570255175 ], [ 287708.631947179557756, -300448.126458806858864 ], [ 287951.39400894404389, -300584.989153926901054 ], [ 288196.607628075696994, -300721.447942229686305 ], [ 289645.056651983526535, -301523.951240455091465 ], [ 291448.24810929724481, -302538.578252425184473 ], [ 293106.711263163946569, -303476.022029980493244 ], [ 295555.328713974682614, -304821.432666536653414 ], [ 297503.058136333129369, -305902.210528314753901 ], [ 299239.258840060676448, -306850.613439767039381 ], [ 300118.482676798477769, -307335.859180234547239 ], [ 302210.831025854335167, -308527.023495218309108 ], [ 304948.57323766569607, -310060.042485341371503 ], [ 306629.040699486213271, -311019.615987661469262 ], [ 308988.2801080821082, -312343.115052600507624 ], [ 310813.260600146371871, -313335.666697455686517 ], [ 311480.94400767609477, -313710.664851988374721 ], [ 313150.113156684848946, -314637.107243854959961 ], [ 315064.064008631859906, -315706.956547560344916 ], [ 317489.807899973064195, -317052.527915226353798 ], [ 319793.074094807379879, -318320.886079598800279 ], [ 321662.355984652414918, -319357.661713712033816 ], [ 322619.23242959252093, -319887.079840944497846 ], [ 323006.450917833135463, -320110.770424420654308 ], [ 323354.385322494083084, -320300.310704866540618 ], [ 325011.360798712819815, -321199.580234809429385 ], [ 325979.332180778612383, -321740.050537844887003 ], [ 327014.011560904793441, -322291.489047767943703 ], [ 327778.167763706238475, -322719.689692025305703 ], [ 328315.734423959162086, -323019.481556375394575 ], [ 328903.769342624058481, -323332.70272289251443 ], [ 329059.789810856862459, -323414.811097419413272 ], [ 330924.645275786402635, -324443.616196559160016 ], [ 331562.914119356079027, -324804.393535079259891 ], [ 332581.021352487849072, -325365.985908637812827 ], [ 332682.069332118029706, -325436.467173024138901 ], [ 333299.852933105197735, -325754.894088449771516 ], [ 333722.59902626357507, -325986.524821223691106 ], [ 334545.057202603609767, -326484.240992532577366 ], [ 335880.925748978392221, -327266.255808641435578 ], [ 337004.606306823028717, -327961.352855357166845 ], [ 338195.055786701850593, -328722.707276403263677 ], [ 339218.644129375112243, -329406.887042096001096 ], [ 340765.102406225400046, -330422.091164307610597 ], [ 341127.062833759875502, -330649.209728922927752 ], [ 341308.442044216033537, -330762.044491623702925 ], [ 341530.298022234812379, -330900.201454721507616 ], [ 342166.838056502863765, -331293.752708228537813 ], [ 342456.576535026659258, -331487.088775336858816 ], [ 342683.164723625173792, -331637.2021687902743 ], [ 342778.734980124398135, -331702.059194126632065 ], [ 343735.497247199586127, -332331.055986728752032 ], [ 344058.134767445968464, -332551.774104245821945 ], [ 344380.75670952181099, -332761.435921150667127 ], [ 345849.261253685224801, -333743.595066624053288 ], [ 347373.383738785225432, -334780.9732791808201 ], [ 348808.44315836194437, -335730.019365118641872 ], [ 349488.447506811178755, -336194.508530111226719 ], [ 350299.147100470494479, -336756.397734793601558 ], [ 350755.231981921475381, -337054.350866073451471 ], [ 351189.098181247827597, -337363.388744877651334 ], [ 351789.78002200613264, -337749.614525666809641 ], [ 352334.148320065578446, -338125.736417792621069 ], [ 352409.926928712404333, -338177.713352354534436 ], [ 352513.444303998083342, -338721.673835622263141 ], [ 352580.666413280414417, -339152.786524634691887 ], [ 352647.916127494885586, -339606.011645203048829 ], [ 352771.150624189060181, -340390.856130649161059 ], [ 352849.487903855973855, -340821.954456262814347 ], [ 352972.640632047201507, -341540.460526536626276 ], [ 353014.323869910207577, -341814.795219799736515 ], [ 353033.52956961619202, -341947.973980320442934 ], [ 353129.550151292816736, -342590.612800575618166 ], [ 353319.817198239790741, -343651.778878777928185 ], [ 353398.238244687090628, -344149.213609602593351 ], [ 353418.923909308679868, -344259.948245598818175 ], [ 353441.213970763725229, -344395.345326075155754 ], [ 353510.181670816149563, -344790.33782400371274 ], [ 353577.40601393522229, -345221.448479512881022 ], [ 353678.235904324334115, -345862.586072826699819 ], [ 353756.532938456046395, -346260.513665018777829 ], [ 353846.124415875354316, -346802.158429539529607 ], [ 353935.743907227762975, -347365.915461800119374 ], [ 354047.77211400854867, -348073.375474584579933 ], [ 354127.324892857344821, -348622.448007872735616 ], [ 354180.730051191814709, -348975.638382136065047 ], [ 354350.169275314197876, -349919.389445212844294 ], [ 354462.226837596972473, -350648.960552687291056 ], [ 354669.590466612717137, -351039.804125211201608 ], [ 354523.600987540965434, -351044.616539792041294 ], [ 354659.588821322249714, -351805.159210903802887 ], [ 354795.576768468134105, -352565.701289987366181 ], [ 354890.21125873143319, -353141.366215489862952 ], [ 354984.845850327401422, -353717.030886439199094 ], [ 355315.937101606628858, -355883.039990190940443 ], [ 355647.032225122500677, -358049.045755927159917 ], [ 355785.40118343080394, -359009.74679575843038 ], [ 355923.771136197785381, -359970.447221843642183 ], [ 355938.957146640284918, -360073.022497526893858 ], [ 355954.143055100226775, -360175.5977661832585 ], [ 356029.828566743060946, -360687.675947472918779 ], [ 356105.514416954538319, -361199.753840143152047 ], [ 356121.331891050038394, -361301.944566167716403 ], [ 356137.149261620710604, -361404.135284948453773 ], [ 356191.241438723867759, -361767.199807271477766 ], [ 356245.333614625851624, -362130.264239921118133 ], [ 356308.130337245413102, -362505.710794027429074 ], [ 356370.927015805849805, -362881.157130877254531 ], [ 356432.074300448934082, -363291.435839810234029 ], [ 356493.221722528338432, -363701.714545124094002 ], [ 356563.981739252689295, -364168.512128679489251 ], [ 356634.741810060222633, -364635.309673118521459 ], [ 356708.448085213429295, -365087.395415150560439 ], [ 356782.154467953776475, -365539.480896573979408 ], [ 356804.800256037851796, -365679.816695545392577 ], [ 356815.678031048271805, -365867.669243484793697 ], [ 356834.124959025066346, -366036.011153830680996 ], [ 356832.209171686379705, -366137.192816415452398 ], [ 356809.046916532679461, -366225.064023283775896 ], [ 356777.40602489549201, -366317.103959115338512 ], [ 356761.804361118585803, -366404.004813250619918 ], [ 356742.089455172419548, -366493.362413574417587 ], [ 356715.51205569319427, -366573.759960145282093 ], [ 356631.564875690673944, -366642.345203054370359 ], [ 356550.402912164689042, -366705.26249556831317 ], [ 356473.368025180127006, -366771.634759835724253 ], [ 356365.834842545096762, -366814.946435177174862 ], [ 356275.089776522479951, -366874.579930448438972 ], [ 356182.336121045344044, -366930.229958953801543 ], [ 356064.87030058138771, -366990.536172292078845 ], [ 356017.320013360935263, -367098.20392315951176 ], [ 355912.578018728643656, -367164.626733499288093 ], [ 355820.132754215155728, -367241.107328565383796 ], [ 355800.248365013161674, -367368.26341692940332 ], [ 355738.455343806417659, -367473.170303648919798 ], [ 355619.545568398025353, -367549.220875548257027 ], [ 355467.803534141159616, -367564.865406665194314 ], [ 355320.724959318642505, -367551.595342841639649 ], [ 355206.525136439595371, -367523.725855256721843 ], [ 355083.880945833981968, -367535.354830474767368 ], [ 354951.183509924216196, -367510.715545026934706 ], [ 354811.967131892160978, -367549.860475082416087 ], [ 354663.207145726890303, -367560.69583289133152 ], [ 354561.882514325785451, -367522.950243284052704 ], [ 354490.473814892000519, -367442.786206062475685 ], [ 354449.952697199536487, -367339.141347386175767 ], [ 354398.75219340575859, -367271.40210814634338 ], [ 354318.178683609003201, -367191.115666488942225 ], [ 354291.123954172129743, -367060.138125536439475 ], [ 354085.733782967901789, -367055.398375384509563 ], [ 353901.831161095295101, -367136.732762702275068 ], [ 353875.002310588839464, -367999.319644144095946 ], [ 353848.176478915149346, -368861.906836410809774 ], [ 353850.774509859387763, -369537.42352431290783 ], [ 353853.374282583186869, -370212.940394150209613 ], [ 353611.548832786502317, -370523.408702527172863 ], [ 353369.728234465408605, -370833.878216032346245 ], [ 352429.938260298687965, -370944.320432686363347 ], [ 351490.147001012577675, -371054.771529154735617 ], [ 350249.872767703258432, -372270.486756588390563 ], [ 349009.627818432170898, -373486.228844888682943 ], [ 348331.313056561048143, -374150.958719678397756 ], [ 347653.006593269179575, -374815.69632954656845 ], [ 347069.941341316502076, -375382.414208927250002 ], [ 346486.882281274243724, -375949.137923752830829 ], [ 344615.171361653599888, -378041.12258687778376 ], [ 342743.537351282313466, -380133.171022659167647 ], [ 342744.662065514305141, -380891.337456483626738 ], [ 342745.789018289302476, -381649.504103479674086 ], [ 342744.52263919590041, -382081.647487505804747 ], [ 342792.842583948513493, -382538.019831525918562 ], [ 342903.525834005267825, -382551.501171365205664 ], [ 342997.181323276658077, -382540.422301350219641 ], [ 343087.755938193178736, -382490.617273070383817 ], [ 343186.49931528349407, -382484.200865199381951 ], [ 343310.129789550788701, -382502.495858631678857 ], [ 343438.285252944682725, -382461.831963072123472 ], [ 343590.898758805938996, -382436.330074678116944 ], [ 343736.692628840100951, -382384.827615608402994 ], [ 343826.716392023488879, -382307.694471530558076 ], [ 343902.596242711821105, -382242.766482508741319 ], [ 344017.256338267063256, -382202.033253273984883 ], [ 344145.567056410713121, -382275.824368888570461 ], [ 344246.294441106438171, -382314.561418648867402 ], [ 344342.179994709440507, -382322.569387168157846 ], [ 344432.824916792102158, -382321.842384350369684 ], [ 344555.733193926804233, -382314.251446348440368 ], [ 344696.575909798033535, -382317.244841031439137 ], [ 344805.096149508026429, -382380.555464287055656 ], [ 344903.040268777520396, -382391.855882857809775 ], [ 344986.273319393221755, -382437.385803554730956 ], [ 345054.250110968132503, -382494.714342422434129 ], [ 345176.913061326253228, -382555.083888789289631 ], [ 345288.012305180542171, -382682.671771030290984 ], [ 345399.723156621563248, -382723.545326462481171 ], [ 345487.655342555954121, -382660.722293601196725 ], [ 345581.238433860009536, -382604.992808752285782 ], [ 345702.183744717738591, -382582.123437246773392 ], [ 345814.041525335633196, -382606.258051111828536 ], [ 345907.150527312187478, -382612.10202761151595 ], [ 345994.490883836289868, -382601.918361205316614 ], [ 346150.738151709374506, -382529.077600611723028 ], [ 346296.008109471877106, -382456.889025298121851 ], [ 346383.398784040939063, -382462.533933304832317 ], [ 346482.12201141170226, -382550.82444494694937 ], [ 346510.130630242405459, -382661.94563442398794 ], [ 346526.658016935049091, -382782.912888477672823 ], [ 346585.055211183265783, -382886.773451921180822 ], [ 346658.761743066716008, -382950.096644876291975 ], [ 346782.978284152457491, -382978.995823178207502 ], [ 346904.679413118865341, -383049.793011168716475 ], [ 347015.122339064022526, -383090.966696051938925 ], [ 347119.371740522095934, -383132.019319812243339 ], [ 347154.196422531735152, -383279.00200546788983 ], [ 347163.813256203138735, -383406.456931355118286 ], [ 347171.889465790474787, -383495.62369015882723 ], [ 347181.043973974650726, -383588.009450709796511 ], [ 347197.32550785865169, -383674.042218453600071 ], [ 347181.196843756944872, -383799.632596946088597 ], [ 347227.836941024754196, -383912.217572895111516 ], [ 347238.798975749523379, -384010.044298264896497 ], [ 347194.467847216001246, -384123.355657618900295 ], [ 347191.024563768412918, -384240.262204265629407 ], [ 347221.808152435929514, -384344.00942044617841 ], [ 347188.114906869130209, -384431.050974080746528 ], [ 347170.242677009431645, -384550.041612755332608 ], [ 347226.333006870758254, -384677.566339418699499 ], [ 347297.477683846373111, -384802.454885838611517 ], [ 347297.274084627162665, -384904.138690305640921 ], [ 347309.911872593918815, -385018.742233713215683 ], [ 347324.096700683352537, -385134.046162934391759 ], [ 347309.605846879829187, -385222.33580451447051 ], [ 347259.864973200135864, -385321.93318907864159 ], [ 347169.236665671574883, -385409.211454606847838 ], [ 347057.978089786367491, -385454.159858076891396 ], [ 346952.95073701068759, -385461.337694681307767 ], [ 346838.483841944485903, -385462.291082521376666 ], [ 346737.196290926658548, -385490.730790351110045 ], [ 346668.684035171405412, -385571.137461610836908 ], [ 346585.304289390973281, -385665.665577482897788 ], [ 346549.467124964809045, -385758.571020414063241 ], [ 346524.543211595970206, -385849.284640957950614 ], [ 346479.506220956915058, -385947.070697029295843 ], [ 346402.792856131796725, -386022.571243806160055 ], [ 346411.171769011067227, -386157.551425196230412 ], [ 346362.878237159224227, -386299.492217759077903 ], [ 346267.168279484612867, -386385.859481717809103 ], [ 346132.84491448814515, -386432.69850809883792 ], [ 346015.881643612170592, -386378.925589769089129 ], [ 345931.674889902467839, -386358.924800186068751 ], [ 345843.891672680154443, -386395.262035015563015 ], [ 345799.189123145479243, -386510.460757531574927 ], [ 345814.744545326684602, -386639.937189595832024 ], [ 345853.131611600576434, -386774.355479143094271 ], [ 345819.054607104277238, -386901.807049180904869 ], [ 345699.40482578985393, -387049.949224370298907 ], [ 345568.631638545193709, -387098.805885803652927 ], [ 345461.439192503050435, -387159.741279328998644 ], [ 345373.764272918750066, -387237.740638790244702 ], [ 345289.523504253244027, -387317.976992442680057 ], [ 345180.125293425051495, -387352.869592744333204 ], [ 345159.996104352001566, -387461.311148929933552 ], [ 345210.708048293599859, -387575.80117198987864 ], [ 345243.689539399230853, -387666.776376756373793 ], [ 345263.953274767962284, -387757.756556834618095 ], [ 345276.135266423516441, -387872.98107831372181 ], [ 345210.011937663774006, -387996.738748640695121 ], [ 345093.385366303962655, -388101.966877437720541 ], [ 345039.083447984361555, -388196.145161282329354 ], [ 345007.453555593034253, -388300.115681585739367 ], [ 344975.533951185643673, -388389.084577693545725 ], [ 344943.552877653390169, -388470.687940522795543 ], [ 344905.773552956408821, -388571.775094539218117 ], [ 344850.87383291462902, -388702.092358994181268 ], [ 344828.108575770922471, -388831.830028524622321 ], [ 344860.954864903993439, -388925.643573926761746 ], [ 344962.007085791905411, -388990.7078939723433 ], [ 345088.882800810155459, -389083.477747102209833 ], [ 345162.144025352434255, -389172.500249152304605 ], [ 345189.657356670941226, -389270.127985112543683 ], [ 345256.764755319512915, -389331.060467238887213 ], [ 345355.443141882540658, -389356.420394851942547 ], [ 345446.737081942497753, -389355.688966094690841 ], [ 345531.852902129176073, -389351.696700302651152 ], [ 345638.12071160483174, -389389.945283387321979 ], [ 345749.941636275034398, -389483.058381340932101 ], [ 345870.611998463165946, -389493.601266368175857 ], [ 345970.152429283945821, -389495.206749552104156 ], [ 346058.753463430562988, -389534.544139664969407 ], [ 346140.112236386688892, -389560.737992525566369 ], [ 346244.648035956313834, -389558.295738693384919 ], [ 346364.301501773996279, -389557.322150211024564 ], [ 346483.036523742426652, -389604.940553704160266 ], [ 346589.5416586647043, -389625.634201381355524 ], [ 346714.197618299047463, -389586.895991169614717 ], [ 346827.452801043866202, -389559.193003440275788 ], [ 346901.724782159668393, -389510.146997645730153 ], [ 346916.952776575519238, -389421.202203495020512 ], [ 346975.396074017859064, -389353.76619240292348 ], [ 347102.40209155192133, -389331.736606779275462 ], [ 347218.342487797839567, -389315.521280990971718 ], [ 347344.045356421847828, -389309.813862297567539 ], [ 347485.210602781153284, -389323.55531879933551 ], [ 347595.754898012150079, -389325.496823643450625 ], [ 347705.702782348555047, -389305.758193772053346 ], [ 347839.957577249966562, -389243.309706233965699 ], [ 347942.965410591743421, -389161.860424808401149 ], [ 348006.495084675960243, -389085.995052079670131 ], [ 348067.550054195628036, -389000.67015369416913 ], [ 348186.64295877807308, -388963.037536947231274 ], [ 348285.378844957449473, -388954.464486554090399 ], [ 348369.170491059892811, -388911.825504115957301 ], [ 348460.150027190626133, -388920.12482400808949 ], [ 348540.383025782357436, -388865.926926376705524 ], [ 348648.539393719052896, -388829.341409508546349 ], [ 348757.842574569862336, -388840.545923423662316 ], [ 348848.050616490363609, -388853.777393872034736 ], [ 348939.335719850496389, -388849.780142742674798 ], [ 349048.181876186223235, -388845.85792090796167 ], [ 349146.190737055963837, -388848.608061501174234 ], [ 349264.506690863636322, -388846.198764630244114 ], [ 349371.773618714767508, -388785.98978753911797 ], [ 349455.322762615047395, -388670.055500713409856 ], [ 349529.778976372908801, -388589.708155815082137 ], [ 349606.81705478054937, -388524.881089868198615 ], [ 349690.204210193827748, -388453.716835877741687 ], [ 349766.40743669384392, -388396.245864432537928 ], [ 349852.93501970008947, -388335.09482052444946 ], [ 349952.674438658985309, -388301.804579420131631 ], [ 350083.168955220608041, -388300.550088599848095 ], [ 350198.130813007650431, -388266.44341590302065 ], [ 350320.349591622129083, -388207.544296486245003 ], [ 350421.892677271855064, -388147.228834483248647 ], [ 350535.984765366185457, -388062.814545608183835 ], [ 350602.897979224624578, -387978.674889618414454 ], [ 350643.65942455176264, -387898.287859359174035 ], [ 350691.642657391726971, -387794.037025180878118 ], [ 350774.760834108223207, -387691.757306571933441 ], [ 350893.346855398383923, -387625.785335049789865 ], [ 350998.097275036387146, -387584.703899195999838 ], [ 351092.936669763410464, -387520.206470994511619 ], [ 351195.620280473260209, -387457.09571991028497 ], [ 351332.562328711035661, -387436.155714275548235 ], [ 351413.709544300916605, -387386.094881612283643 ], [ 351482.142008413502481, -387327.78050413710298 ], [ 351581.949460036121309, -387297.320656977710314 ], [ 351703.584180681209546, -387291.663717262155842 ], [ 351797.817949383985251, -387321.013884541054722 ], [ 351879.768529127060901, -387392.979262715671211 ], [ 351972.783298460824881, -387436.275748739950359 ], [ 352066.523529830039479, -387391.133559654233977 ], [ 352175.682800531736575, -387326.466953206632752 ], [ 352305.455232505919412, -387324.500630604219623 ], [ 352405.958105969591998, -387326.888505604874808 ], [ 352516.213922300958075, -387315.068004002212547 ], [ 352602.87535774835851, -387309.33064281125553 ], [ 352699.527339880354702, -387374.621240023290738 ], [ 352768.365275868563913, -387453.484024273231626 ], [ 352784.191813211189583, -387555.157828509749379 ], [ 352793.925220933102537, -387695.800446132430807 ], [ 352871.564355565642472, -387821.32917745038867 ], [ 352977.240693247294985, -387861.285017514950596 ], [ 353017.427588325226679, -387958.565335637598764 ], [ 353022.222918303334154, -388071.099544874043204 ], [ 353121.079142763803247, -388130.264693771488965 ], [ 353214.692112237215042, -388216.955197236966342 ], [ 353323.201468556828331, -388259.024261278915219 ], [ 353419.374091632082127, -388299.475355431670323 ], [ 353537.403492869343609, -388344.102302819723263 ], [ 353637.524954305379651, -388311.168647057493217 ], [ 353718.607273642206565, -388236.070626531611197 ], [ 353805.943422563374043, -388280.629304411530029 ], [ 353883.35515540430788, -388369.063874292594846 ], [ 353951.519694298622198, -388431.318851927586365 ], [ 354023.395491896488238, -388498.824703809979837 ], [ 354101.520157800288871, -388566.337266587594058 ], [ 354165.390047597000375, -388625.703222746029496 ], [ 354212.818274963414297, -388701.752538561529946 ], [ 354247.744510642543901, -388802.905146660283208 ], [ 354271.082014633575454, -388916.516610555932857 ], [ 354299.861679073539563, -389062.080422386527061 ], [ 354426.907786815892905, -389127.596139134780969 ], [ 354514.463806043204386, -389266.820018165162764 ], [ 354565.82000455877278, -389379.396216953115072 ], [ 354630.790874459664337, -389434.291446876479313 ], [ 354694.26581745268777, -389491.909752898733132 ], [ 354751.344220375292934, -389571.268026073288638 ], [ 354819.616129162604921, -389652.196849244006444 ], [ 354905.688907439121976, -389667.042876432882622 ], [ 354999.837627095112111, -389699.217488400987349 ], [ 355057.934244249598123, -389781.307386280910578 ], [ 355117.267565357033163, -389858.534645703679416 ], [ 355206.080174066883046, -389880.190454166848212 ], [ 355328.629639444232453, -389913.962725534453057 ], [ 355453.852123406541068, -389926.664048239937983 ], [ 355555.335443897347432, -389958.3933685660013 ], [ 355675.047605542116798, -390005.027402988402173 ], [ 355764.316242410743143, -389953.603033352352213 ], [ 355850.380407612887211, -389934.845590190030634 ], [ 355985.800494760507718, -389965.920116930792574 ], [ 356108.076959416037425, -389978.67857635562541 ], [ 356223.94232258584816, -389968.741378284816165 ], [ 356351.014983844594099, -389980.670417117886245 ], [ 356462.559642613516189, -390071.772554155497346 ], [ 356602.774282094032969, -390096.077990260906518 ], [ 356704.175567802041769, -390103.828135676973034 ], [ 356812.289216488832608, -390092.100362827361096 ], [ 356937.985471162712201, -390054.307516963686794 ], [ 357033.779440233658534, -390056.368914659658913 ], [ 357121.910338989575393, -390093.793393376050517 ], [ 357234.203100382641423, -390134.670693278603721 ], [ 357371.376809726061765, -390140.78704636747716 ], [ 357469.682841019239277, -390132.234698489890434 ], [ 357614.493995103752241, -390137.955863258510362 ], [ 357740.332117826037575, -390178.163092941453215 ], [ 357847.663816874206532, -390221.171108160633594 ], [ 357972.771326648304239, -390308.097847995755728 ], [ 358022.332743186503649, -390397.859004974074196 ], [ 358102.362798966001719, -390453.371650341257919 ], [ 358177.513124532997608, -390517.464328503119759 ], [ 358256.039888950181194, -390611.006074512726627 ], [ 358329.271873281337321, -390705.615605701867025 ], [ 358398.42576639726758, -390800.231510969228111 ], [ 358471.114799080009107, -390922.194339633046184 ], [ 358547.772238901699893, -391042.053918592340779 ], [ 358651.708205164643005, -391144.13060548104113 ], [ 359254.137525551137514, -391291.531923597620334 ], [ 359799.920967034297064, -391412.857942962727975 ], [ 359937.474043076625094, -391442.142523533548228 ], [ 360075.027089330949821, -391471.427370325196534 ], [ 360173.368344760732725, -391490.234306442085654 ], [ 360294.392348253517412, -391516.376693148631603 ], [ 360396.816438039764762, -391561.956606543564703 ], [ 360474.90515716408845, -391659.232513642986305 ], [ 360524.623236422426999, -391759.140069476910867 ], [ 360584.963416784070432, -391880.074201708077453 ], [ 360640.206277952413075, -391992.595233550993726 ], [ 360689.614824751857668, -392099.867535349330865 ], [ 360739.999948138953187, -392224.489717189164367 ], [ 360771.589716701419093, -392314.415898476261646 ], [ 360797.127319550956599, -392399.608199441048782 ], [ 360829.08015553856967, -392525.847937085141893 ], [ 360852.520485145214479, -392623.690123478765599 ], [ 360869.611836173920892, -392726.789228538516909 ], [ 360889.919948061404284, -392858.299777415290009 ], [ 360899.569898661691695, -392943.534239282656927 ], [ 360905.007378746813629, -393046.645692302961834 ], [ 360910.444773627677932, -393149.757143985130824 ], [ 360914.803111597138923, -393238.148210535116959 ], [ 360920.783127679722384, -393351.263026518689003 ], [ 360925.693415525252931, -393458.58147857588483 ], [ 360925.905130551196635, -393614.595337245380506 ], [ 360932.4100252224016, -393722.707330809440464 ], [ 360944.204985540360212, -393826.33696538413642 ], [ 360959.917129659093916, -393929.956410509359557 ], [ 360984.307160584721714, -394024.110774762870278 ], [ 361026.058800597325899, -394148.240697075088974 ], [ 361075.756040464912076, -394272.864191066590138 ], [ 361115.280293553136289, -394356.938700651517138 ], [ 361262.307538593711797, -394665.715212244656868 ], [ 361436.435149524069857, -394958.334664696303662 ], [ 361528.864408397115767, -394961.065952733915765 ], [ 361622.103257122449577, -394920.531072523910552 ], [ 361677.756281216337811, -394822.223761872039177 ], [ 361716.886991609819233, -394732.330543000134639 ], [ 361766.925601657829247, -394645.448322159296367 ], [ 361841.391019584028982, -394590.299403390556108 ], [ 361989.373207472497597, -394599.175615041342098 ], [ 362098.886730774538592, -394669.72879190632375 ], [ 362158.732823878526688, -394750.017431157815736 ], [ 362193.820608757203445, -394846.912814793176949 ], [ 362218.764782218728215, -394968.22234284831211 ], [ 362243.153709194855765, -395118.733498932793736 ], [ 362256.819675204227678, -395256.039846681116614 ], [ 362257.379170222207904, -395376.790102037892211 ], [ 362250.649573572445661, -395482.555224968993571 ], [ 362237.448743196728174, -395591.781460121041164 ], [ 362246.095753787551075, -395731.429400091234129 ], [ 362291.481970829190686, -395849.961926813411992 ], [ 362300.163523007533513, -395937.080546866927762 ], [ 362297.907878403028008, -396028.238462645153049 ], [ 362273.446192642324604, -396117.059318633400835 ], [ 362242.120487624430098, -396236.636128889222164 ], [ 362282.937534935015719, -396392.090796159929596 ], [ 362299.576479621930048, -396480.066428186488338 ], [ 362288.166150245000608, -396564.213070255995262 ], [ 362231.364623318659142, -396662.469249172194395 ], [ 362182.705436584306881, -396742.246766824857332 ], [ 362166.284046605112962, -396863.809407479653601 ], [ 362265.307753086264711, -396841.379744857782498 ], [ 362345.45008176646661, -396783.065846882003825 ], [ 362445.354306048713624, -396698.326134144212119 ], [ 362494.7728306283243, -396573.851552951498888 ], [ 362515.350119121721946, -396446.627240528236143 ], [ 362553.774471118231304, -396323.325187607086264 ], [ 362634.364790447405539, -396204.964706488361116 ], [ 362706.066212055797223, -396085.300895963155199 ], [ 362711.450227447028738, -395937.182886532158591 ], [ 362675.842464149463922, -395755.305921190301888 ], [ 362677.516545429010876, -395627.196137677354272 ], [ 362687.538881675689481, -395502.880270397581626 ], [ 362693.958285564382095, -395412.110929922724608 ], [ 362713.237377031415235, -395301.462580803199671 ], [ 362737.938302568159997, -395158.091629250266124 ], [ 362686.42827325523831, -395021.325007637089584 ], [ 362629.301031877577771, -394918.382333575864322 ], [ 362563.777281336253509, -394822.080035356571898 ], [ 362561.211279864190146, -394731.980596332112327 ], [ 362615.13412732607685, -394643.751837494492065 ], [ 362705.596803828608245, -394589.670341200369876 ], [ 362802.929874000838026, -394628.07032020954648 ], [ 362867.07733422232559, -394713.49667327926727 ], [ 362917.180088405846618, -394821.71030689048348 ], [ 362954.87430049024988, -394940.990074946777895 ], [ 362978.224493649671786, -395047.029822196869645 ], [ 363029.11852836800972, -395153.979871528921649 ], [ 363072.3975710561499, -395259.282833904318977 ], [ 363102.818872229079716, -395375.783542585966643 ], [ 363121.928399293683469, -395532.48404237779323 ], [ 363162.420937881339341, -395655.068814927479252 ], [ 363252.640628759399988, -395775.134717675682623 ], [ 363292.128170899813995, -395908.516224568884354 ], [ 363284.176232726487797, -396060.677110842487309 ], [ 363285.64539971598424, -396159.260110345203429 ], [ 363339.852114204200916, -396238.740699904912617 ], [ 363349.230735878576525, -396358.097576966043562 ], [ 363350.410788581240922, -396498.774586112296674 ], [ 363373.960011023445986, -396615.547313546296209 ], [ 363424.860402223421261, -396727.74545486131683 ], [ 363492.673687902686652, -396837.553334750700742 ], [ 363557.31271162070334, -396896.460563832952175 ], [ 363660.637420446728356, -396927.541682493174449 ], [ 363705.628354705986567, -397068.410070029669441 ], [ 363721.265570625197142, -397198.445812062593177 ], [ 363721.401944486540742, -397300.123060272482689 ], [ 363706.287362115224823, -397411.522204598702956 ], [ 363693.628928173158783, -397521.536618661601096 ], [ 363704.079710506775882, -397627.59367419424234 ], [ 363736.107445491594262, -397740.093242561502848 ], [ 363771.062165734940208, -397817.784270870208275 ], [ 363795.158031834522262, -397898.909945901948959 ], [ 363811.13535825884901, -397987.018101342138834 ], [ 363829.100292612216435, -398078.937785981106572 ], [ 363870.869843291759025, -398182.861128898686729 ], [ 363905.507963476818986, -398290.74048140028026 ], [ 363928.242145305266604, -398391.414162792149 ], [ 363955.814461798872799, -398507.688073514262214 ], [ 363979.842278033611365, -398631.582764655875508 ], [ 364002.181390870013274, -398733.230539480864536 ], [ 364019.931926778983325, -398862.375404344173148 ], [ 364021.010400956496596, -398976.415888216928579 ], [ 364022.27650044078473, -399092.330884908442385 ], [ 363963.85889639868401, -399226.478065759991296 ], [ 363949.061290303827263, -399327.627564375230577 ], [ 364005.341334762109909, -399412.086059953144286 ], [ 364083.7884556571953, -399519.31413830985548 ], [ 364147.960144530748948, -399624.982755463453941 ], [ 364191.898425248917192, -399720.418985292315483 ], [ 364244.378813300048932, -399829.457822303520516 ], [ 364306.199956844910048, -399956.241637814848218 ], [ 364344.384843773499597, -400048.52877205790719 ], [ 364380.973402371921111, -400132.925739334255923 ], [ 364429.076732904650271, -400230.329264767293353 ], [ 364471.615663107018918, -400317.48065936943749 ], [ 364507.404602404043544, -400397.143632746534422 ], [ 364536.883120684302412, -400501.280512500554323 ], [ 364541.857758838916197, -400642.912066498480272 ], [ 364567.559361430758145, -400759.116069996671285 ], [ 364612.227883340092376, -400867.375809705234133 ], [ 364664.541466259863228, -401000.407088583800942 ], [ 364728.815979116596282, -401124.240721919632051 ], [ 364769.375616064877249, -401214.025472181558143 ], [ 364799.250854528625496, -401318.556326758058276 ], [ 364831.518607056001201, -401433.344105046067853 ], [ 364859.008038476342335, -401532.748294284800068 ], [ 364883.335929434862919, -401639.654659270541742 ], [ 364902.731970333785284, -401764.324738099297974 ], [ 364902.30590812000446, -401889.613538537465502 ], [ 364883.824780945607927, -402002.693681707431097 ], [ 364866.90369080810342, -402096.633211334003136 ], [ 364853.174460871727206, -402205.563654970494099 ], [ 364843.805457143811509, -402313.698948842473328 ], [ 364841.556201379396953, -402409.789350591599941 ], [ 364845.401434846862685, -402517.314898028213065 ], [ 364855.738380858500022, -402636.867317508731503 ], [ 364871.354142333962955, -402750.888054984039627 ], [ 364889.719082524767146, -402845.832214372931048 ], [ 364913.43434732593596, -402939.45381804270437 ], [ 364949.882595912320539, -403072.718941621482372 ], [ 364859.8866098432336, -403066.589968872722238 ], [ 364777.845689311507158, -403043.137231533823069 ], [ 364694.440864504198544, -403132.258273968182039 ], [ 364582.510880259098485, -403098.139303726609796 ], [ 364491.310376344015822, -403075.770288498955779 ], [ 364375.789524768129922, -403045.421482588222716 ], [ 364270.093241537455469, -403008.886793037352618 ], [ 364179.094709604687523, -402959.220391632581595 ], [ 364080.271863921021577, -402891.926822324690875 ], [ 364033.441611861926503, -402776.545506721769925 ], [ 363966.403892587637529, -402667.053622909879778 ], [ 363860.319246768951416, -402626.229319138044957 ], [ 363762.870973103214055, -402541.297147955512628 ], [ 363673.064020990976132, -402519.815433495969046 ], [ 363668.0951033422607, -402660.296609324635938 ], [ 363796.76075437956024, -403069.686410483438522 ], [ 363944.462317655270454, -403433.836635993153322 ], [ 364121.783030834281817, -403896.599726427171845 ], [ 364299.10272091452498, -404359.362512139778119 ], [ 364479.360348695889115, -404801.087212520709727 ], [ 364659.617040370125324, -405242.811854420811869 ], [ 364861.12811002926901, -405737.109410641540308 ], [ 365062.637974984594621, -406231.406758036871906 ], [ 366698.622537780785933, -407369.868731919908896 ], [ 368334.564815320889466, -408508.345702707068995 ], [ 368840.288958244433161, -408860.18752560717985 ], [ 369346.009065325953998, -409212.030699812225066 ], [ 369919.578495120571461, -409612.189821065752767 ], [ 370493.14260841999203, -410012.350726801669225 ], [ 371173.352408605627716, -410483.931886732461862 ], [ 371853.554913347645197, -410955.515643648046535 ], [ 372574.254742870514747, -411459.667321920685936 ], [ 373294.946322624688037, -411963.821947317162994 ], [ 374054.424098504940048, -412494.231732255080715 ], [ 374813.892602729669306, -413024.645072003710084 ], [ 375422.393298810697161, -413446.875044623157009 ], [ 376030.888135371555109, -413869.107264355930965 ], [ 376765.113466853043064, -414386.934063878317829 ], [ 377499.330159284407273, -414904.764026413846295 ], [ 378308.579708787437994, -415467.751639029651415 ], [ 379117.818964824313298, -416030.743206795596052 ], [ 379803.456435390864499, -416512.866059577965643 ], [ 380489.086482257291209, -416994.991736967582256 ], [ 381701.289422554487828, -417821.606541276036296 ], [ 382913.469298276409972, -418648.230950692261104 ], [ 383538.854049969522748, -419084.152472518268041 ], [ 384164.232556021714117, -419520.076415188494138 ], [ 384833.698430102493148, -419987.516245133185294 ], [ 385503.157131464744452, -420454.958892694092356 ], [ 386712.313232715940103, -421295.298021249240264 ], [ 387921.445984588935971, -422135.646870298718568 ], [ 388750.710724093369208, -422720.765383839665446 ], [ 389579.964229543518741, -423305.888504470873158 ], [ 390161.824146012368146, -423710.318135536916088 ], [ 390743.678530660632532, -424114.750078328361269 ], [ 393092.251556960167363, -425751.575311755063012 ], [ 395465.333869204972871, -427393.389914668165147 ], [ 407605.002130464999937, -435868.31250727258157 ], [ 419766.864490810432471, -444349.328767365950625 ], [ 420694.638304269872606, -444998.920364421792328 ], [ 421622.398062945867423, -445648.519188604841474 ], [ 422355.860431217879523, -446164.958962777105626 ], [ 423089.313894173887093, -446681.403293181792833 ], [ 424262.570319875725545, -447498.991999661782756 ], [ 425435.804122540866956, -448316.592536466603633 ], [ 425921.362014063517563, -448655.095830072998069 ], [ 426406.915913944132626, -448993.601170168141834 ], [ 427168.074593133176677, -449522.488027997023892 ], [ 427929.223754284554161, -450051.379956539487466 ], [ 428572.794901632238179, -450506.894378963450436 ], [ 429216.359131410834379, -450962.412328894832171 ], [ 430102.464314292010386, -451582.199995344330091 ], [ 430988.556498983525671, -452201.994531946606003 ], [ 431526.812205260503106, -452576.590159733721521 ], [ 432065.063242007163353, -452951.188387891917955 ], [ 432475.791917947644833, -453237.435127065167762 ], [ 432886.517694189387839, -453523.683498886937741 ], [ 433895.430761605151929, -454234.353316847118549 ], [ 434904.326831383164972, -454945.032371395209339 ], [ 435124.601827391015831, -455083.189469684031792 ], [ 435344.876088921853807, -455221.347022302797996 ], [ 436381.282869672751985, -455953.188341616361868 ], [ 437417.671533043670934, -456685.039542186656035 ], [ 437722.874969864729792, -456881.66992497612955 ], [ 438028.07696217863122, -457078.301187229866628 ], [ 438202.182071946677752, -457201.546385143767111 ], [ 438394.713654124527238, -457337.903963651973754 ], [ 438484.093247560842428, -457399.538906326924916 ], [ 438575.588537981617264, -457453.833630585577339 ], [ 438840.764817140705418, -457640.069567241356708 ], [ 439091.749461117491592, -457817.341489100595936 ], [ 439213.53879372641677, -457903.517265049449634 ], [ 439335.327876742347144, -457989.693179594993126 ], [ 439696.663186285586562, -458248.172564553678967 ], [ 440057.99638822406996, -458506.653280568541959 ], [ 440525.640490351303015, -458829.764005451521371 ], [ 440993.280984267243184, -459152.876798401994165 ], [ 441242.778479692176916, -459329.260069819341879 ], [ 441492.274815871671308, -459505.643929697107524 ], [ 441782.851381016080268, -459705.35278461209964 ], [ 442073.426558369246777, -459905.062554835400078 ], [ 442581.931587878032587, -460257.358764094416983 ], [ 443090.432335258985404, -460609.657555396959651 ], [ 443221.316464968665969, -460698.940865773707628 ], [ 443352.20031472935807, -460788.224451437068637 ], [ 443552.12556150223827, -460927.355313470470719 ], [ 443752.050254246394616, -461066.486448626033962 ], [ 443853.068384640733711, -461136.048055145598482 ], [ 443954.086346819938626, -461205.609759966901038 ], [ 444169.262337400985416, -461354.165974728239235 ], [ 444384.437673675944097, -461502.722525504534133 ], [ 444532.047689691418782, -461604.598529615846928 ], [ 444679.657345539191738, -461706.474633811216336 ], [ 444863.270541659323499, -461829.434617070481181 ], [ 445046.883083962951787, -461952.394817956432234 ], [ 445346.973063109267969, -462162.43969808757538 ], [ 445647.06142368412111, -462372.485450357373338 ], [ 446773.067295569286216, -463142.008190294262022 ], [ 447899.052364378934726, -463911.543350765248761 ], [ 449330.180162590346299, -464906.796337760577444 ], [ 450761.273776890942827, -465902.069602887670044 ], [ 451040.799308200017549, -466103.790397807722911 ], [ 451320.323378983477596, -466305.511858542275149 ], [ 452426.749426924274303, -467073.184540727990679 ], [ 453533.15515259449603, -467840.869544602464885 ], [ 453649.831366154307034, -467928.063454456336331 ], [ 453766.507447579351719, -468015.257500708161388 ], [ 454752.830553401436191, -468704.196065104857553 ], [ 455739.137408018985298, -469393.14441982813878 ], [ 455818.751752795302309, -469448.576660816615913 ], [ 455898.365991137223318, -469504.008856168657076 ], [ 456029.642917120130733, -469588.199712115514558 ], [ 456160.919463523605373, -469672.390746489865705 ], [ 456304.05703362962231, -469772.016857313225046 ], [ 456487.649740048451349, -469869.629080439161044 ], [ 467430.81397159199696, -477485.728641497669742 ], [ 478397.589735215529799, -485105.92189809307456 ], [ 487804.766483065730426, -491668.482384935487062 ], [ 497237.505997245083563, -498225.348171118937898 ], [ 498659.394405041995924, -499217.067897964152507 ], [ 500074.47720908629708, -500202.066194161423482 ], [ 500629.667467696242966, -500620.360382553946692 ], [ 501184.851946184004191, -501031.911716282891575 ], [ 501828.047828736947849, -501450.215628604346421 ], [ 502471.236610097694211, -501882.018010362749919 ], [ 503026.403836381039582, -502273.342381638300139 ], [ 503581.565356554405298, -502671.417294141545426 ], [ 503960.696892565232702, -502941.300946959527209 ], [ 504468.458709719125181, -503298.900028280040715 ], [ 504827.274872176349163, -503541.800110663753003 ], [ 505159.009699415764771, -503750.966929547314066 ], [ 505443.350444615585729, -503960.131912337208632 ], [ 505802.160704255918972, -504203.036579239997081 ], [ 506777.027501266158652, -504898.018409883079585 ], [ 507596.173106715257745, -505485.050981259497348 ], [ 507907.582828666782007, -505687.480943218281027 ], [ 508218.990172117773909, -505896.658795634401031 ], [ 508550.704143267241307, -506126.079999605775811 ], [ 508997.50033214839641, -506429.728826463513542 ], [ 509349.520266532956157, -506659.155879210447893 ], [ 509708.302495297859423, -506935.81186352862278 ], [ 510107.704369027924258, -507198.981405816040933 ], [ 510507.101833406894002, -507475.64631549740443 ], [ 510906.496646765852347, -507752.313421738741454 ], [ 511238.194271992368158, -507988.492893077724148 ], [ 512212.96790320641594, -508683.543660616967827 ], [ 513147.107360562251415, -509365.106888592126779 ], [ 513519.405231966229621, -509635.036477793066297 ], [ 513851.088600376388058, -509864.480842332879547 ], [ 514142.160629308840726, -510039.945908730675001 ], [ 514406.153515415324364, -510208.660489168018103 ], [ 515008.59181968215853, -510606.82658842089586 ], [ 515604.254493247601204, -511004.99616568518104 ], [ 515875.006644015433267, -511193.957327256852295 ], [ 516138.987804530537687, -511382.917970679700375 ], [ 516578.953258898982313, -511700.103376580867916 ], [ 517005.374217456614133, -512024.035231673275121 ], [ 517269.36041929066414, -512165.773094009200577 ], [ 517621.331355815811548, -512395.238474535348359 ], [ 517892.078608269745018, -512563.966831721423659 ], [ 518244.046000769652892, -512793.435258463257924 ], [ 518602.782540588174015, -513016.160167390247807 ], [ 519063.023059308354277, -513394.08526533114491 ], [ 519530.032049174478743, -513758.521703563339543 ], [ 520261.001876134425402, -514298.442975595884491 ], [ 521147.613251749309711, -515007.081145829346497 ], [ 521282.906310211110394, -515357.946432822500356 ], [ 521370.792233907734044, -515783.012843009084463 ], [ 521641.540599938016385, -515877.541256954311393 ], [ 521993.583105193742085, -515749.452154789469205 ], [ 522325.281998951977585, -515749.546248154365458 ], [ 522480.897870477056131, -516026.205929205461871 ], [ 522548.528882988262922, -516242.12016386463074 ], [ 522724.443026268098038, -516545.773202131967992 ], [ 522832.664842405356467, -516842.660168502246961 ], [ 523144.071500142163131, -516775.284929042914882 ], [ 523502.855735155986622, -516734.911968261527363 ], [ 523787.136902278056368, -516829.45218960911734 ], [ 524098.486208433983847, -516950.98875938099809 ], [ 524389.581762564484961, -516897.105589791899547 ], [ 524389.640864456887357, -516708.197413043526467 ], [ 524430.355948504642583, -516391.114427115186118 ], [ 524233.984846057661343, -516586.707936028833501 ], [ 524078.382594408292789, -516289.804183456930332 ], [ 523875.366731868998613, -516080.593713615671732 ], [ 523699.404746653977782, -515945.605817998060957 ], [ 523543.784776612068526, -515695.930312130483799 ], [ 523388.222433602728415, -515250.600488307420164 ], [ 523435.721521902014501, -514872.798924893373623 ], [ 523503.531511201930698, -514488.256695055111777 ], [ 523523.906768740271218, -514265.621364258637186 ], [ 523300.62762327917153, -513880.992176221741829 ], [ 523260.098465519840829, -513584.124934404331725 ], [ 523503.875369078770746, -513341.316013289790135 ], [ 523747.635305151285138, -513159.228244000347331 ], [ 523835.70559038920328, -512943.360210504266433 ], [ 523876.405304475338198, -512673.504207993100863 ], [ 523944.235301500419155, -512234.98874842521036 ], [ 524303.080300717032515, -512066.431037056609057 ], [ 524370.862937142839655, -511789.836816112569068 ], [ 524567.24573191977106, -511594.243305288197007 ], [ 524790.755251806345768, -511250.231074550945777 ], [ 524675.787575896712951, -510872.379202596785035 ], [ 524614.928810183308087, -510649.71879567700671 ], [ 524967.027571070124395, -510433.934695844014641 ], [ 524879.164244855172001, -509975.130671605758835 ], [ 524987.571899611852132, -509691.803158632072154 ], [ 525278.71636377600953, -509570.454923221084755 ], [ 525590.204446754185483, -509347.913671306625474 ], [ 525942.234282802091911, -509368.268423995818011 ], [ 526301.116917242412455, -509138.998702452750877 ], [ 526233.564890523790382, -508693.693254877522122 ], [ 526429.908185540931299, -508653.278241531690583 ], [ 526700.703424400999211, -508666.862453640322201 ], [ 526917.434958282392472, -508397.067219146178104 ], [ 527228.837291786679998, -508451.147303156554699 ], [ 527452.296994333621114, -508309.543363006727304 ], [ 527587.608309799688868, -508565.965645087475423 ], [ 527716.146386110805906, -508829.13255392969586 ], [ 527851.472510795108974, -509038.328386791981757 ], [ 527743.058349896920845, -509308.159097552648745 ], [ 527959.603577601606958, -509571.357474295014981 ], [ 528095.136233042692766, -509193.589038852718659 ], [ 528054.650505971163511, -508815.758243235875852 ], [ 528339.028608621680178, -508707.912002250435762 ], [ 528339.142031266354024, -508390.816144188924227 ], [ 528603.238790669944137, -508208.749415649683215 ], [ 528982.223097066162154, -508586.7036744512734 ], [ 529205.551407915889286, -508809.427648165379651 ], [ 529381.666367689264007, -508553.117152431921568 ], [ 529713.43523667822592, -508452.039992612786591 ], [ 529517.182292885147035, -508242.818079424439929 ], [ 529226.130182430730201, -508080.788800452020951 ], [ 528826.785074924933724, -507837.760655721358489 ], [ 528515.427114956546575, -507655.486682017100975 ], [ 528204.017433450906537, -507614.895082915434614 ], [ 527960.305998798576184, -507581.075241650978569 ], [ 528007.801352256792597, -507284.236354256223422 ], [ 527940.237827913137153, -506892.902940215717535 ], [ 527676.30526947195176, -506595.955093756027054 ], [ 527229.51984073407948, -506460.866622111294419 ], [ 526985.912219497724436, -506109.954610806307755 ], [ 526789.709866983583197, -505711.832347323186696 ], [ 526722.104732468375005, -505421.701216179761104 ], [ 526701.900035758735612, -505104.599056602397468 ], [ 526519.146870749536902, -504969.603952405799646 ], [ 526742.643925739801489, -504740.290496094559785 ], [ 526986.398648764938116, -504672.905386449885555 ], [ 527318.085051935282536, -504848.432663557818159 ], [ 527588.821090851095505, -505071.167394361633342 ], [ 527785.056470466777682, -505368.090919177979231 ], [ 527988.067813011351973, -505644.777204580546822 ], [ 528272.356376826646738, -505820.292197147442494 ], [ 528671.752380669000559, -505955.369323027611244 ], [ 529003.363590961904265, -506313.065594752319157 ], [ 529341.886404958437197, -506279.456163734954316 ], [ 529782.046076528728008, -506023.244105715188198 ], [ 530228.822801952366717, -506178.587126287282445 ], [ 530289.595535331056453, -506596.907397421018686 ], [ 530668.806806354201399, -506387.904068728792481 ], [ 531000.478623746777885, -506563.447620779101271 ], [ 531244.314337908523157, -506286.92702201846987 ], [ 531427.275377880083397, -505868.701560439250898 ], [ 531732.039059703354724, -505612.446480380545836 ], [ 532023.272280359873548, -505335.946869258827064 ], [ 532531.116829261183739, -505160.737273331033066 ], [ 532842.67942884482909, -504850.514862501702737 ], [ 533174.36497806571424, -504999.080404120672029 ], [ 533797.250634917174466, -504965.608075955533423 ], [ 534176.349639295367524, -505060.223982366325799 ], [ 534643.555955542018637, -504938.984100717992987 ], [ 535110.751884471043013, -504844.733683434373233 ], [ 535571.109696102910675, -504905.6583889760077 ], [ 535354.245832446962595, -505384.581528275390156 ], [ 535171.209010406862944, -505924.240803208609577 ], [ 534927.26900362293236, -506403.152901161345653 ], [ 534927.091232443461195, -506807.958118493959773 ], [ 534859.253214819356799, -507118.279006865806878 ], [ 534926.794632209464908, -507482.633388248970732 ], [ 535170.397113115875982, -507759.358025565452408 ], [ 534926.580836161621846, -507968.399786213238258 ], [ 534797.792069311719388, -508325.921199341712054 ], [ 534614.876551441848278, -508609.204871068126522 ], [ 534465.765294042997994, -509000.451630510797258 ], [ 534858.461468340596184, -508919.662485151959118 ], [ 535285.035554433241487, -508778.169420869380701 ], [ 535413.488057341426611, -509176.285726590955164 ], [ 535751.853796302806586, -509473.295480971515644 ], [ 535528.256720557576045, -509891.493919252301566 ], [ 535324.965507449582219, -510323.195552632096224 ], [ 535108.466761966352351, -510012.747999560961034 ], [ 534641.253470409894362, -510214.944523182639387 ], [ 534370.292788778897375, -510592.644435719004832 ], [ 534194.042198111303151, -511132.308463608322199 ], [ 534193.787429954623803, -511719.276324458012823 ], [ 534437.413673671311699, -511915.038482817588374 ], [ 534681.0029205881292, -512191.762626624666154 ], [ 535148.093551232712343, -512239.197400200297125 ], [ 535506.910813218448311, -512192.13109365280252 ], [ 535838.431161186075769, -512624.074772077030502 ], [ 536298.674499413580634, -512833.43583824421512 ], [ 536792.861783163622022, -512833.665722372708842 ], [ 537165.252335623605177, -512712.399090517719742 ], [ 537497.028954826761037, -512584.367884736566339 ], [ 537964.178640462225303, -512503.630722493107896 ], [ 538478.720934915123507, -512416.172676896385383 ], [ 538783.332540424540639, -512470.296611356316134 ], [ 539277.496401102514938, -512524.516238657990471 ], [ 539873.171425503212959, -512646.258454168215394 ], [ 540360.453333921148442, -512916.379106512700673 ], [ 540719.163880647509359, -513078.487501715833787 ], [ 541050.815552457119338, -513200.102673098212108 ], [ 541450.184400732745416, -513281.274214449629653 ], [ 541734.464424207108095, -513369.133363170665689 ], [ 542045.822616061079316, -513457.008100252249278 ], [ 542424.876920255948789, -513544.920710128906649 ], [ 542736.252229681587778, -513599.06421331880847 ], [ 543047.668047519284301, -513578.994081097305752 ], [ 543332.005286192870699, -513558.910099995846394 ], [ 543663.726836993359029, -513545.600410878134426 ], [ 543954.841876433347352, -513512.028819215716794 ], [ 544178.271746657788754, -513458.179718758561648 ], [ 544530.345306288334541, -513370.669948659895454 ], [ 544841.840068857534789, -513215.670134209853131 ], [ 545105.994552617659792, -512979.682345268200152 ], [ 544997.841148873325437, -512696.253309053427074 ], [ 544821.996707010432146, -512399.292269160796423 ], [ 544686.773446495411918, -512095.608012093871366 ], [ 544619.21696302422788, -511845.937018108495977 ], [ 544423.124046173878014, -511434.269796931243036 ], [ 544179.635995199903846, -511029.323408950935118 ], [ 544091.770692279329523, -510772.895089137193281 ], [ 544112.242583514656872, -510482.793170592864044 ], [ 544024.398871910292655, -510185.884006023930851 ], [ 543956.920738140703179, -509787.784095337614417 ], [ 543753.999917092267424, -509463.824210355698597 ], [ 543557.851113092852756, -509133.1220559796202 ], [ 543490.33225604321342, -508802.490984730480704 ], [ 543422.820004161214456, -508458.366459595621563 ], [ 543490.70624514890369, -508121.063012541097123 ], [ 543734.412650132202543, -508154.931148707633838 ], [ 544093.248932249145582, -508121.395775123732165 ], [ 544357.348753516445868, -508006.847108142799698 ], [ 544668.832969840965234, -507905.819641708803829 ], [ 544756.97453754034359, -507676.477420195471495 ], [ 544865.415698789642192, -507467.387146308203228 ], [ 544621.786945118452422, -507291.832541762734763 ], [ 544405.253089419915341, -507089.306612947955728 ], [ 544804.738862136378884, -507015.315812850778457 ], [ 544581.426803080947138, -506826.279337151208892 ], [ 544249.744227512157522, -506718.145025507954415 ], [ 544026.478629174875095, -506441.401649439125322 ], [ 543735.508309155353345, -506164.621938318363391 ], [ 543491.567104137968272, -506549.056455410493072 ], [ 543423.720632705138996, -506812.144962104561273 ], [ 543206.896554366801865, -507135.873594174685422 ], [ 542963.354659973527305, -506791.654362794710323 ], [ 542983.898706870502792, -506359.869851987692527 ], [ 543207.395098641631193, -506218.307966705411673 ], [ 543227.903853229247034, -505853.991554595413618 ], [ 543140.083150229300372, -505496.363140194909647 ], [ 543113.202297647716478, -505125.274372208514251 ], [ 542984.757467075600289, -504767.624376696825493 ], [ 542896.919588365708478, -504436.983875272970181 ], [ 542673.689371652319096, -504072.537025769182947 ], [ 542653.543430819991045, -503762.173513230169192 ], [ 542382.805519656743854, -503606.853322905022651 ], [ 542098.525589581346139, -503451.526908622938208 ], [ 541739.69115808873903, -503444.592187932867091 ], [ 541584.06378733064048, -503262.347842507413588 ], [ 541739.940858256653883, -502965.570104185026139 ], [ 541875.56015689286869, -502567.580169965396635 ], [ 542207.266382424393669, -502668.955981431121472 ], [ 542119.436489903600886, -502311.329766498820391 ], [ 541828.331348229083233, -502250.45625901868334 ], [ 541672.67709418584127, -502115.439474907238036 ], [ 541740.471122017595917, -501946.804950997466221 ], [ 541700.036391672678292, -501582.457369413459674 ], [ 541896.403838172438554, -501548.825566079933196 ], [ 542207.830626155482605, -501596.216114461538382 ], [ 542207.663962395512499, -501913.315247455437202 ], [ 542410.658975597703829, -502149.560101048904471 ], [ 542654.31945313164033, -502304.865512494288851 ], [ 543026.664298620657064, -502379.27919184131315 ], [ 543426.134848461253569, -502372.747699601808563 ], [ 543270.286706187529489, -502602.054690519988071 ], [ 542985.874161963700317, -502689.610082284954842 ], [ 543229.488373605185188, -502925.879221522016451 ], [ 543473.148651117924601, -503074.44070333923446 ], [ 543757.571604039869271, -502966.646744120749645 ], [ 544068.940367717063054, -503108.500367032189388 ], [ 544272.158215048140846, -502926.448603107768577 ], [ 544495.68875530268997, -502744.408555834146682 ], [ 544807.136585133383051, -502744.582069247728214 ], [ 545071.232003155513667, -502670.515149987943005 ], [ 545267.412214344600216, -502967.485660380625632 ], [ 545646.711366176255979, -502711.321717818034813 ], [ 545802.635999670485035, -502360.576008284697309 ], [ 546026.175730649498291, -502171.792887908872217 ], [ 545850.250265590264462, -501976.034439279872458 ], [ 545911.383184428559616, -501631.981545300979633 ], [ 545891.309881472843699, -501213.667234048771206 ], [ 546094.498014116310515, -501099.087490571720991 ], [ 546338.373439868912101, -500876.582543238531798 ], [ 546581.996404552948661, -501092.621611777809449 ], [ 546866.277944952482358, -501247.963852584245615 ], [ 547109.882487862487324, -501490.99212575663114 ], [ 547353.664632734959014, -501430.413885632413439 ], [ 547401.226886969408952, -501147.075084799027536 ], [ 547421.761872542556375, -500769.264648481737822 ], [ 547333.983567676274106, -500357.65632494300371 ], [ 547537.271687609492801, -500081.156069547811057 ], [ 547469.737957536824979, -499784.255751063872594 ], [ 547246.453231315826997, -499520.998349208733998 ], [ 547158.593249627854675, -499244.327119611611124 ], [ 547023.296713978517801, -499035.096606177918147 ], [ 547111.429081944283098, -498846.236815975222271 ], [ 547422.932536096894182, -498778.9508878995548 ], [ 547422.730482850805856, -499123.038964644656517 ], [ 547686.784892641822807, -499143.434943525702693 ], [ 547910.4419165084837, -498779.238532570539974 ], [ 548269.145818287273869, -499042.578573857375886 ], [ 548553.338821321027353, -499353.10343879670836 ], [ 548797.010461758705787, -499488.187193633581046 ], [ 548864.887142841471359, -499211.607899442838971 ], [ 548885.346964215859771, -498968.734029519488104 ], [ 549068.339008132461458, -498678.730840720818378 ], [ 549400.191479173023254, -498557.489960414997768 ], [ 549400.455285557662137, -498125.692210537032224 ], [ 549820.068169112899341, -498436.304434277524706 ], [ 549995.880661899689585, -498814.236476350808516 ], [ 550022.759722369373776, -499144.848626918625087 ], [ 549954.883231312269345, -499414.680511117796414 ], [ 550374.626026812242344, -499502.650561597314663 ], [ 550774.03003621858079, -499631.091227586439345 ], [ 550997.261181231006049, -499961.828169911692385 ], [ 550706.074695324758068, -500022.366105923836585 ], [ 550726.213230642257258, -500298.999965551367495 ], [ 550908.889953135512769, -500515.014700102678034 ], [ 550969.609577455092221, -500859.142960418947041 ], [ 551348.852843610569835, -500737.940570439910516 ], [ 551437.015901226433925, -500515.350399307208136 ], [ 551484.558494315948337, -500285.987464819801971 ], [ 551525.408068445743993, -499935.176595182798337 ], [ 551613.701812065788545, -499510.180781721195672 ], [ 551729.07586327183526, -499091.949095107789617 ], [ 551925.733228665660135, -498626.541644900047686 ], [ 552108.828937118989415, -498194.860102855134755 ], [ 552217.470422994578257, -497722.649557241471484 ], [ 552353.180023907218128, -497277.444066729454789 ], [ 552314.385096959071234, -497202.441283015476074 ], [ 552452.24818178510759, -496975.357509440509602 ], [ 552567.396556626190431, -496735.640076966781635 ], [ 552632.439127361751162, -496595.678619820100721 ], [ 552697.482013089349493, -496455.717196001322009 ], [ 552725.37090841808822, -496375.16718039958505 ], [ 552753.25996246014256, -496294.617170184443239 ], [ 552791.777384249027818, -496177.092025079240557 ], [ 552841.575176325859502, -496039.762351216515526 ], [ 552887.361108480254188, -495956.58241979801096 ], [ 552949.739080988103524, -495839.072852883895393 ], [ 552989.581707501551136, -495722.86936481797602 ], [ 553055.277115905308165, -495600.409015331824776 ], [ 553138.173630197881721, -495526.168734006059822 ], [ 553177.688714609947056, -495404.682015169179067 ], [ 553250.33541765215341, -495295.103981391352136 ], [ 553297.447764970129356, -495211.925074258528184 ], [ 553384.296663083950989, -495175.660307264886796 ], [ 553472.177755670505576, -495081.611787560337689 ], [ 553540.85646230133716, -494959.814045282721054 ], [ 553627.744899258948863, -494864.113964005431626 ], [ 553715.922481945250183, -494823.887927820673212 ], [ 553793.507782362750731, -494765.164049034065101 ], [ 553873.756495013833046, -494687.950839596742298 ], [ 553950.030066329753026, -494608.75383866840275 ], [ 554038.237014877609909, -494524.94210088060936 ], [ 554135.716339702834375, -494451.702976218541153 ], [ 554200.71396366157569, -494385.706646562379319 ], [ 554279.647133217076771, -494294.624541482888162 ], [ 554343.344214165466838, -494191.645328418700956 ], [ 554432.22845362033695, -494087.362103378050961 ], [ 554569.779709620168433, -494056.250319121405482 ], [ 554698.268751397961751, -494097.049818338593468 ], [ 554787.701044205459766, -494016.607538334443234 ], [ 554892.986676482716575, -493917.949130384018645 ], [ 555017.68672708561644, -493778.689627546234988 ], [ 555133.113901543198153, -493630.838734836434014 ], [ 555101.803095267154276, -493539.242703568481375 ], [ 555147.821218080818653, -493444.616996106808074 ], [ 555187.661755565786734, -493337.659713164379355 ], [ 555240.440992053714581, -493209.908815269591287 ], [ 555236.23302614595741, -493061.646993276372086 ], [ 555248.900416226591915, -492952.029762444668449 ], [ 555259.579363250290044, -492842.411299369763583 ], [ 555239.776393044157885, -492722.205854336265475 ], [ 555201.387401022715494, -492642.271984943305142 ], [ 555157.693150771898217, -492566.297016953816637 ], [ 555141.19684318266809, -492456.660133127181325 ], [ 555082.289771493058652, -492333.126465057895985 ], [ 555059.836850860738195, -492210.277742770209443 ], [ 555083.757201989879832, -492122.461118439328857 ], [ 555107.677594510605559, -492034.644607810245361 ], [ 555126.968496168032289, -491931.635778648254927 ], [ 555158.181672381702811, -491841.182586363807786 ], [ 555188.735784531221725, -491745.445763712166809 ], [ 555209.364857651176862, -491623.946889975457452 ], [ 555254.505442784866318, -491521.615858836332336 ], [ 555353.657430325052701, -491431.868895705905743 ], [ 555430.31063362385612, -491287.624174567230511 ], [ 555435.689758753054775, -491174.369882196944673 ], [ 555350.471205645357259, -491078.775139238219708 ], [ 555224.311496924958192, -491082.432391188398469 ], [ 555131.744679642259143, -491071.583677723770961 ], [ 555031.472890090779401, -491018.904774235736113 ], [ 554978.51121696527116, -490923.111926966172177 ], [ 554918.902312801103108, -490855.711744068306871 ], [ 554804.285019112052396, -490778.864209160034079 ], [ 554636.875813456485048, -490848.259155674313661 ], [ 554522.491887364652939, -490918.845430351560935 ], [ 554423.695410880493, -490972.932249249250162 ], [ 554314.948480987804942, -491039.560069654369727 ], [ 554245.31852947617881, -491090.364421547041275 ], [ 554161.764823301462457, -491148.424037393997423 ], [ 554053.033479417674243, -491191.938322566333227 ], [ 553946.964957545744255, -491218.284311513241846 ], [ 553849.669424096122384, -491197.43862487655133 ], [ 553772.392237925902009, -491144.186250909406226 ], [ 553853.731750573613681, -491022.796048964199144 ], [ 554016.26041023817379, -491009.409045190666802 ], [ 554138.18597294006031, -490955.514440169383306 ], [ 554260.169681687955745, -490813.910702485532966 ], [ 554327.989208885352127, -490658.777435394644272 ], [ 554416.052529021631926, -490611.60763305448927 ], [ 554527.776607317267917, -490625.175439861195628 ], [ 554693.651766565395519, -490672.513958782306872 ], [ 554795.267696916824207, -490611.859737358696293 ], [ 554839.369394390028901, -490483.698503622086719 ], [ 554951.125230749486946, -490450.038760264404118 ], [ 555039.098800536477938, -490537.807063546555582 ], [ 555059.33247670403216, -490659.264467002591118 ], [ 555086.265427689417265, -490888.676511351077352 ], [ 555126.841157418093644, -490969.666215893928893 ], [ 555241.955158683354966, -490976.490586700558197 ], [ 555363.861298226518556, -490952.958642884274013 ], [ 555485.785658416687511, -490902.439308779663406 ], [ 555506.041461095563136, -490990.162489095528144 ], [ 555526.28796861320734, -491091.379408916574903 ], [ 555536.367866880143993, -491206.083304184314329 ], [ 555614.187043891754001, -491287.098659436102025 ], [ 555641.195890415227041, -491401.813961840816773 ], [ 555603.878678131615743, -491509.738875187118538 ], [ 555627.478674937156029, -491658.186328532290645 ], [ 555640.957759456476197, -491752.65197670419002 ], [ 555573.163758533308282, -491867.302961011766456 ], [ 555525.698503743857145, -491961.727156150853261 ], [ 555485.000350331654772, -492062.902931821416132 ], [ 555535.716382761485875, -492167.514051012869459 ], [ 555593.180918756290339, -492305.864149870583788 ], [ 555637.118098687496968, -492420.5911267651245 ], [ 555701.383634701836854, -492515.091258185624611 ], [ 555826.613722464535385, -492579.272060904011596 ], [ 555816.513904582709074, -492494.929102092224639 ], [ 555738.691594150615856, -492420.660246548126452 ], [ 555728.60313278331887, -492319.450089530495461 ], [ 555671.118182418169454, -492211.460714796034154 ], [ 555613.63765067816712, -492096.724644563393667 ], [ 555613.697211955324747, -492009.015051051857881 ], [ 555701.760064825997688, -491961.846692838531453 ], [ 555850.723832371644676, -491978.815361085115001 ], [ 555915.109297584160231, -491897.896602957916912 ], [ 555925.356428453465924, -491766.339317974634469 ], [ 555945.749638995272107, -491651.656083651469089 ], [ 556060.890426574624144, -491618.00028095964808 ], [ 556060.978088338510133, -491489.809426474268548 ], [ 556149.055636677425355, -491422.400851683691144 ], [ 556137.296408475958742, -491289.141751535527874 ], [ 556196.62126732734032, -491182.918812742573209 ], [ 556217.035603555734269, -491037.874631076236255 ], [ 556217.118784758495167, -490916.430637098033912 ], [ 556284.794105874258094, -490977.199098500947002 ], [ 556315.192596624488942, -491085.17016029387014 ], [ 556372.83993245032616, -490957.018789215653669 ], [ 556359.384487937903032, -490828.818601893668529 ], [ 556379.759870597044937, -490741.123001508822199 ], [ 556481.298313606646843, -490795.167893228004687 ], [ 556440.770105122122914, -490646.708442598697729 ], [ 556427.300866673467681, -490538.748861706582829 ], [ 556346.017031789990142, -490572.427549344778527 ], [ 556257.998537986306474, -490552.126602329255547 ], [ 556346.095697592012584, -490457.730528467684053 ], [ 556393.576511027407832, -490343.065913654689211 ], [ 556441.048176382551901, -490241.8951668307418 ], [ 556461.423721315804869, -490154.199572591809556 ], [ 556500.153818540857174, -489993.900389947229996 ], [ 556652.344445946975611, -489534.932692996459082 ], [ 556549.876270187553018, -489543.666612920234911 ], [ 556482.243787141749635, -489418.802635740314145 ], [ 556462.016281771939248, -489290.597955980105326 ], [ 556394.482706118258648, -489020.676034093776252 ], [ 556326.884168381686322, -488845.210714053362608 ], [ 556198.411915119038895, -488561.753855257004034 ], [ 556151.077623620512895, -488460.518258247990161 ], [ 556130.821557268383913, -488372.79496597184334 ], [ 556151.219945125281811, -488251.364883913076483 ], [ 556198.678424367681146, -488170.434651373536326 ], [ 556286.736341535812244, -488136.760189522057772 ], [ 556347.748043645522557, -488042.345412201131694 ], [ 556395.220646409550682, -487941.174439171969425 ], [ 556483.278901594225317, -487907.500151402200572 ], [ 556551.044551968341693, -487840.077697464788798 ], [ 556591.754808473750018, -487725.408428827475291 ], [ 556551.233869527466595, -487563.455450842971914 ], [ 556531.000953464768827, -487441.997608892503195 ], [ 556551.427693523233756, -487280.086244928883389 ], [ 556571.858979633077979, -487111.428015907353256 ], [ 556531.286861133063212, -487023.690753597009461 ], [ 556416.222507335362025, -486935.902709609945305 ], [ 556443.370330479810946, -486848.211706152826082 ], [ 556504.396928586647846, -486733.556235413067043 ], [ 556504.47059222846292, -486625.606161863775924 ], [ 556463.902706974884495, -486531.122113619931042 ], [ 556318.379244806827046, -486419.699460959876888 ], [ 556233.420970137231052, -486353.603271894564386 ], [ 556318.839374621980824, -486231.462140884192195 ], [ 556404.187722043716349, -486157.683907521713991 ], [ 556510.766312287887558, -486211.606309593829792 ], [ 556608.990651878761128, -486214.318251738674007 ], [ 556718.2550805862993, -486156.129882820998318 ], [ 556770.067988422000781, -486256.595508227415849 ], [ 556693.825531523209065, -486386.188016977161169 ], [ 556812.682578767533414, -486497.196023403957952 ], [ 556939.096337313763797, -486582.712700730946381 ], [ 557042.898398500168696, -486658.004671877657529 ], [ 557081.447316540637985, -486539.566690675390419 ], [ 557158.355908177909441, -486462.256779084214941 ], [ 557245.10305730078835, -486553.962098842894193 ], [ 557372.237651943811215, -486594.649054282053839 ], [ 557456.944448379916139, -486565.614015555591322 ], [ 557523.091925638960674, -486502.182565216673538 ], [ 557580.489379696780816, -486423.40472710726317 ], [ 557669.255882836994715, -486392.332330009085126 ], [ 557754.456407865858637, -486498.772965050593484 ], [ 557748.153630129643716, -486590.678473300707992 ], [ 557713.462791706668213, -486695.286153941357043 ], [ 557673.672849058522843, -486802.746783135225996 ], [ 557661.396159370546229, -486895.838325663469732 ], [ 557692.7838127638679, -486997.820727457641624 ], [ 557674.788759148912504, -487106.116428978100885 ], [ 557687.867142791626975, -487195.787379417568445 ], [ 557769.549079596297815, -487126.019271564553492 ], [ 557852.396824237541296, -487097.512323324917816 ], [ 557941.590206110384315, -487105.826754062029067 ], [ 557967.407994364388287, -487199.950133609410841 ], [ 558052.27809918904677, -487127.010651156830136 ], [ 558151.067746391054243, -487079.471904654463287 ], [ 558221.992863152758218, -487017.631388854177203 ], [ 558283.364948400179856, -486950.229826307331678 ], [ 558358.616665598005056, -486851.892825341608841 ], [ 558467.357548223691992, -486923.778406355238985 ], [ 558529.853831529035233, -487050.182354446151294 ], [ 558629.790149401058443, -486977.452468056115322 ], [ 558719.835503934184089, -486907.691105752368458 ], [ 558828.973840627935715, -486868.095093924843241 ], [ 558913.675092295277864, -486922.111244225292467 ], [ 559037.524466318427585, -487026.276099254260771 ], [ 559071.671635872451589, -487165.025287946918979 ], [ 559117.009265923756175, -487246.78492252738215 ], [ 559186.231510087382048, -487339.670325698971283 ], [ 559242.69513591309078, -487454.565303456503898 ], [ 559161.376552183530293, -487571.609907315170858 ], [ 559137.947149566258304, -487703.282470453646965 ], [ 559093.114426597370766, -487806.956823001848534 ], [ 559189.044124123989604, -487860.584595226100646 ], [ 559299.192120802821591, -487892.534687901847064 ], [ 559361.781116072903387, -487979.332262411946431 ], [ 559392.768826825893484, -488080.125040700600948 ], [ 559428.537195638753474, -488177.747527189727407 ], [ 559445.198956855223514, -488265.041208719136193 ], [ 559452.305592153104953, -488349.947503949457314 ], [ 559469.358040533727035, -488447.5565528118168 ], [ 559480.816704028868116, -488571.34598813042976 ], [ 559463.215663403505459, -488682.419001511181705 ], [ 559475.871156316483393, -488803.035551913839299 ], [ 559467.841858328785747, -488893.485218382033054 ], [ 559446.256835152744316, -489007.33249330020044 ], [ 559443.772207155358046, -489139.44340049213497 ], [ 559397.90379444451537, -489243.751557547017001 ], [ 559378.000520046218298, -489344.745840782823507 ], [ 559351.171599720255472, -489441.688539573282469 ], [ 559301.723821264808066, -489540.043029928114265 ], [ 559249.106098970398307, -489616.971760408894625 ], [ 559196.482191877556033, -489702.628534298564773 ], [ 559170.117724011302926, -489818.456061024335213 ], [ 559117.732405618415214, -489941.670611157722306 ], [ 559097.483716573333368, -490043.7490808996954 ], [ 559117.700434085913002, -490170.718747121514753 ], [ 559137.423905979143456, -490319.111681022739504 ], [ 559280.227297847624868, -490360.078222810989246 ], [ 559463.386018169228919, -490376.080003252602182 ], [ 559578.284149414626881, -490350.375421510543674 ], [ 559688.541213670745492, -490300.308123347116634 ], [ 559788.393760596285574, -490175.171106971683912 ], [ 559831.36707633768674, -490036.741820212104358 ], [ 559886.003705028677359, -489922.125174613553099 ], [ 559908.417148822685704, -489765.034447521495167 ], [ 559938.791258348734118, -489612.710214556893334 ], [ 560009.879444941878319, -489545.158405073045287 ], [ 560057.180865152855404, -489442.5972253450891 ], [ 560124.958417562884279, -489328.254667588567827 ], [ 560115.262193730799481, -489191.98225516785169 ], [ 560166.938204720267095, -489097.517714470275678 ], [ 560235.90757502510678, -488987.672465895768255 ], [ 560181.432502975920215, -488879.720707502565347 ], [ 560154.425273273373023, -488782.897590606182348 ], [ 560205.471343336044811, -488678.990231098316144 ], [ 560235.839213867788203, -488536.187751199060585 ], [ 560252.697638684185222, -488352.90843849646626 ], [ 560247.231663749087602, -488203.732057816989254 ], [ 560249.729182666167617, -488055.354963554942515 ], [ 560292.0382243382046, -487919.702409847115632 ], [ 560341.485560272703879, -487824.522048158629332 ], [ 560379.784447815502062, -487727.746731312421616 ], [ 560373.477938553201966, -487638.873393110989127 ], [ 560375.134531814604998, -487551.592921338917222 ], [ 560397.51433937868569, -487442.110378730809316 ], [ 560417.486957530956715, -487357.223581632541027 ], [ 560432.6873507888522, -487263.605263141333126 ], [ 560433.566962695680559, -487149.742831377545372 ], [ 560472.677276395377703, -487032.73457353078993 ], [ 560483.110222808551043, -486924.036773819301743 ], [ 560485.569654167280532, -486828.02863346086815 ], [ 560491.20909352588933, -486739.957606522249989 ], [ 560511.183518295874819, -486652.690411394461989 ], [ 560543.896861769026145, -486570.986914120905567 ], [ 560581.406818371848203, -486464.689317035314161 ], [ 560629.276244221953675, -486350.464628245448694 ], [ 560654.879406751366332, -486190.202296579373069 ], [ 560658.158025359036401, -486063.249503256694879 ], [ 560669.37321196787525, -485974.388975759444293 ], [ 560686.964416446862742, -485879.185481335269287 ], [ 560710.923755023046397, -485788.747344641829841 ], [ 560770.025094587705098, -485563.445063385530375 ], [ 560837.912044277181849, -485304.823468782182317 ], [ 560864.267938988748938, -485204.865487583563663 ], [ 560899.384742267779075, -485104.913931098941248 ], [ 560934.501616689376533, -485004.962381288874894 ], [ 561033.463625759351999, -484728.907344392617233 ], [ 561132.426079438300803, -484452.852250518160872 ], [ 561256.899101774441078, -484145.077140993846115 ], [ 561381.372811742592603, -483837.302234689530451 ], [ 561419.660659077111632, -483758.776760800625198 ], [ 561487.449176164693199, -483637.425768156419508 ], [ 561547.266852250671946, -483524.797075679001864 ], [ 561588.742563985637389, -483443.893595409172121 ], [ 561639.78887683537323, -483345.541004945524037 ], [ 561690.835188297904097, -483247.188322140602395 ], [ 561754.633328406140208, -483137.736536539625376 ], [ 561818.431623673299327, -483028.284781255642883 ], [ 561855.133724403567612, -482941.030091877910309 ], [ 561906.98931600083597, -482826.015242392953951 ], [ 561959.637488932232372, -482716.555279732914641 ], [ 562009.11807165411301, -482582.495338629873004 ], [ 562120.037418885040097, -482300.101944764843211 ], [ 562224.580903321388178, -482024.051737560075708 ], [ 562265.284439652925357, -481912.202575716597494 ], [ 562294.026760001899675, -481819.387770741363056 ], [ 562316.403716271859594, -481717.840068220975809 ], [ 562338.780822504544631, -481616.292367232381366 ], [ 562348.407118423958309, -481524.256907265575137 ], [ 562358.033533456036821, -481432.221337246708572 ], [ 562374.025770396459848, -481348.125310769071802 ], [ 562395.431443899520673, -481245.639604556199629 ], [ 562444.938866197713651, -481077.460614919080399 ], [ 562497.019727842649445, -480898.318580807710532 ], [ 562520.979945585248061, -480810.261157589789946 ], [ 562552.126444453140721, -480698.404913239588495 ], [ 562574.525269821635447, -480568.292243783129379 ], [ 562661.548261359333992, -480293.022515959164593 ], [ 562758.932754915673286, -480009.032404495228548 ], [ 562802.032485725474544, -479890.04390396544477 ], [ 562862.667196086724289, -479755.199035867524799 ], [ 562923.301967251929455, -479620.354190340382047 ], [ 562998.297770891687833, -479453.78135144058615 ], [ 563073.293947820086032, -479287.208436637709383 ], [ 563121.164453667355701, -479180.125634194468148 ], [ 563156.299970175139606, -479061.131240160611924 ], [ 563172.315206550410949, -478947.676671176566742 ], [ 563245.736830539768562, -478757.298554337408859 ], [ 563315.951232567313127, -478595.483074147836305 ], [ 563362.240778094041161, -478473.323109745280817 ], [ 563408.53032651648391, -478351.163267054129392 ], [ 563545.767270168289542, -478037.051587378024124 ], [ 563683.005109153687954, -477722.940018954221159 ], [ 563761.208945143036544, -477530.978779783821665 ], [ 563839.41308780212421, -477339.017463905911427 ], [ 563911.236962156486697, -477158.16004651109688 ], [ 563983.061099918326363, -476977.302656845538877 ], [ 564022.958290565642528, -476883.703165458631702 ], [ 564062.855558135197498, -476790.103572601976339 ], [ 564113.924830177682452, -476669.534468805766664 ], [ 564164.994117810856551, -476548.965269134496339 ], [ 564255.944409666350111, -476357.013915946241468 ], [ 564346.894957252778113, -476165.062503121385816 ], [ 564397.941866583540104, -476074.645458356884774 ], [ 564448.988986999029294, -475984.228321129630785 ], [ 564511.205811348627321, -475870.015588947397191 ], [ 564573.422677680151537, -475755.802882776770275 ], [ 564606.93777222733479, -475676.48113774007652 ], [ 564640.452921143383719, -475597.159398940566462 ], [ 564678.768541472731158, -475490.069739968224894 ], [ 564722.672845370369032, -475366.321355538035277 ], [ 564752.227194031467661, -475258.431550043518655 ], [ 564785.751689425786026, -475167.207668489543721 ], [ 564825.650398395722732, -475073.608360569807701 ], [ 564863.950032748864032, -474987.942438172758557 ], [ 564903.844146458082832, -474900.690912150952499 ], [ 564959.931738299550489, -474777.104224068752956 ], [ 565015.785991908516735, -474651.778106395853683 ], [ 565071.402156007476151, -474531.060545069456566 ], [ 565133.624327766010538, -474412.08711471647257 ], [ 565203.814284003572538, -474290.342783847940154 ], [ 565309.110690054134466, -474093.245341235131491 ], [ 565374.535525809274986, -473953.644212072889786 ], [ 565446.348859247053042, -473793.417764314275701 ], [ 565518.162429601536132, -473633.191235403181054 ], [ 565586.793673565378413, -473468.201564498594962 ], [ 565655.425146602792665, -473303.211808026011568 ], [ 565690.564456365886144, -473185.804764321772382 ], [ 565725.703731373534538, -473068.397724847076461 ], [ 565797.523181418771856, -472901.823531168804038 ], [ 565869.34287492162548, -472735.24936558236368 ], [ 565926.773085663211532, -472635.315963517001364 ], [ 566073.566653353045695, -472345.017918231431395 ], [ 566201.217550382367335, -472088.031101218250114 ], [ 566261.886405112920329, -471921.448448632436339 ], [ 566322.555567426607013, -471754.865923129604198 ], [ 566354.54683239327278, -471589.847977670666296 ], [ 566386.538177248788998, -471424.830143796978518 ], [ 566393.046337977866642, -471250.270746901107486 ], [ 566399.554474682547152, -471075.7113539276761 ], [ 566401.230146313784644, -470969.387045902723912 ], [ 566402.90580332360696, -470863.062739992747083 ], [ 566385.447428403305821, -470777.35387367970543 ], [ 566367.988895756541751, -470691.645128025731537 ], [ 566360.127570413751528, -470556.748338379198685 ], [ 566349.891789956251159, -470402.012917560467031 ], [ 566263.771221501636319, -470325.479698760143947 ], [ 566331.573651753831655, -470260.292241398536135 ], [ 566412.363926835940219, -470171.274023428326473 ], [ 566486.355675318976864, -470083.731742930482142 ], [ 566540.920144190196879, -469983.796241540694609 ], [ 566596.955768616404384, -469833.636036203824915 ], [ 566632.068112542270683, -469713.070769392186776 ], [ 566657.503357098903507, -469623.014505553583149 ], [ 566677.19754211360123, -469539.832828419981524 ], [ 566696.891865338780917, -469456.651152101694606 ], [ 566694.583000155398622, -469366.610923866915982 ], [ 566762.272334787179716, -468992.292924406123348 ], [ 566830.731653317227028, -468647.988411786383949 ], [ 566854.625057096476667, -468512.159385619917884 ], [ 566878.518617287278175, -468376.33047026389977 ], [ 566896.046558216097765, -468268.92973544326378 ], [ 566927.080292603815906, -468128.367423486837652 ], [ 566979.509129612706602, -468005.987381437909789 ], [ 567031.11748884851113, -467919.148267793585546 ], [ 567088.273406991269439, -467836.262614757404663 ], [ 567121.531465150648728, -467739.987834575178567 ], [ 567159.411844473914243, -467662.728497887263075 ], [ 567202.133427156368271, -467572.554307152109686 ], [ 567237.622834162088111, -467480.963745386223309 ], [ 567293.992520319181494, -467390.17941608489491 ], [ 567345.619385793455876, -467280.435939847084228 ], [ 567372.64357581094373, -467198.316580988641363 ], [ 567378.279889428871684, -467088.537092376849614 ], [ 567379.948434455203824, -466982.703631604206748 ], [ 567380.0402929878328, -466865.02179082238581 ], [ 567396.769783272291534, -466765.518576385511551 ], [ 567449.185690090525895, -466661.304384536400903 ], [ 567498.425035188905895, -466563.406215652707033 ], [ 567519.116402353625745, -466467.855112859222572 ], [ 567531.869632062036544, -466383.355246010352857 ], [ 567560.786450330168009, -466298.052761494356673 ], [ 567619.219022562494501, -466223.881539353576954 ], [ 567644.65959044417832, -466139.391486605454702 ], [ 567673.317796109709889, -465996.458003715204541 ], [ 567692.431503621395677, -465890.638168236182537 ], [ 567709.979075992712751, -465759.54314715671353 ], [ 567727.52678399416618, -465628.44801546621602 ], [ 567754.577600262942724, -465513.156710368755739 ], [ 567787.991923559922725, -465372.5963151458418 ], [ 567829.307514733402058, -465268.373400199052412 ], [ 567866.663261337671429, -465157.829011116933543 ], [ 567873.874161532148719, -465063.057186439400539 ], [ 567916.768483859486878, -464968.313422492414247 ], [ 567970.391962744644843, -464842.775335797690786 ], [ 568009.355636616703123, -464704.588672971702181 ], [ 568041.574276315397583, -464572.71532624278916 ], [ 568091.628502967883833, -464448.754115950665437 ], [ 568149.289420917979442, -464305.388749897887465 ], [ 568190.59958783024922, -464209.064144617586862 ], [ 568236.197281899279915, -464132.942661301232874 ], [ 568290.966415675007738, -464064.272106919554062 ], [ 568431.46883578132838, -463878.776745674258564 ], [ 568560.062766512623057, -463711.437799968058243 ], [ 568606.116476266179234, -463634.072416173934471 ], [ 568669.644536543055438, -463520.389624789590016 ], [ 568744.300639364402741, -463373.54340169619536 ], [ 568801.482583948178217, -463263.014727680827491 ], [ 568896.780389323132113, -463086.172056150971912 ], [ 568992.078543534502387, -462909.329438681597821 ], [ 569123.833037223666906, -462759.369342778867576 ], [ 569255.587975411210209, -462609.409494262363296 ], [ 569373.047020581900142, -462487.871610902599059 ], [ 569528.21079898334574, -462319.370032432896551 ], [ 569592.130063134012744, -462214.770670253376011 ], [ 569658.016473632189445, -462129.52339116926305 ], [ 569763.598136139335111, -461987.441208414849825 ], [ 569869.191507704788819, -461831.142556092469022 ], [ 569919.229985471698456, -461731.666043075732887 ], [ 570016.132554669049568, -461535.869712114159483 ], [ 570113.035618429305032, -461340.073542313824873 ], [ 570168.662360227433965, -461194.792356876074336 ], [ 570237.797480339067988, -461015.559999652672559 ], [ 570292.768782232422382, -460883.884685292781796 ], [ 570336.107446587877348, -460794.419279313471634 ], [ 570389.824738811585121, -460683.529324308037758 ], [ 570443.542150570545346, -460572.639384346723091 ], [ 570513.413404809543863, -460465.280935035378207 ], [ 570583.284818736603484, -460357.922407394566108 ], [ 570643.636282434687018, -460255.295089938910678 ], [ 570739.508808525279164, -460111.231212841637898 ], [ 570854.315346676972695, -460018.972115329059307 ], [ 570835.80873057525605, -459929.256648954120465 ], [ 570915.26665937283542, -459735.816167455166578 ], [ 571024.871012205374427, -459528.183537285658531 ], [ 571091.551716572837904, -459445.306885075173341 ], [ 571223.681348324287683, -459234.723241389379837 ], [ 571329.618758267024532, -459006.736999848391861 ], [ 571422.015350179281086, -458937.009683919313829 ], [ 571471.491641653119586, -458827.102313675219193 ], [ 571527.592254784773104, -458690.634124782227445 ], [ 571604.540745733655058, -458574.173397705773823 ], [ 571665.356682725250721, -458485.317932485428173 ], [ 571746.381267506279983, -458358.391852848872077 ], [ 571783.331784609006718, -458258.259271536837332 ], [ 571820.163306318921968, -458174.539682029339019 ], [ 571877.609581343596801, -458072.950754393648822 ], [ 571946.434991498594172, -457965.268843509897124 ], [ 572021.997753422590904, -457876.031042058079038 ], [ 572064.716678279335611, -457795.341325815708842 ], [ 572131.455722013255581, -457713.25954570772592 ], [ 572160.786101019592024, -457616.557678499026224 ], [ 572210.851088199065998, -457531.349821785348468 ], [ 572258.204361534095369, -457412.704475232632831 ], [ 572311.254434262402356, -457317.702550210233312 ], [ 572318.214760201633908, -457203.655170911108144 ], [ 572363.661508847377263, -457086.78061193873873 ], [ 572406.082823527976871, -456978.74657694628695 ], [ 572440.490201090928167, -456889.343634015531279 ], [ 572488.390408787177876, -456771.544206864142325 ], [ 572556.374162063002586, -456597.437289708526805 ], [ 572595.760024871211499, -456492.11627898470033 ], [ 572610.447482189279981, -456402.872465764521621 ], [ 572625.553111815592274, -456276.050437323865481 ], [ 572680.457555186469108, -456141.720879818312824 ], [ 572783.480779829667881, -456031.480914014973678 ], [ 572802.152091651456431, -455936.830732634814922 ], [ 572829.233683089027181, -455849.631227259989828 ], [ 572895.413106769206934, -455772.354119302995969 ], [ 572956.476903339498676, -455706.821566640282981 ], [ 573013.317397116450593, -455638.304540738230571 ], [ 573056.314303766121157, -455542.858967340667732 ], [ 573092.185744199668989, -455440.831859292578883 ], [ 573153.267431815853342, -455354.08131014124956 ], [ 573219.533540897537023, -455279.171701322309673 ], [ 573265.915306608309038, -455189.778778094099835 ], [ 573312.469495419296436, -455104.857590024941601 ], [ 573387.834441082086414, -454993.131005411734805 ], [ 573470.05267804954201, -454897.98111534724012 ], [ 573516.862416057381779, -454823.844568799657281 ], [ 573551.223537527257577, -454696.696441247826442 ], [ 573593.863772122422233, -454544.216361269587651 ], [ 573592.999376139719971, -454418.802611540770158 ], [ 573645.571626915363595, -454296.70119035965763 ], [ 573751.059562491835095, -454184.793040483782534 ], [ 573851.883746917010285, -454040.020679002453107 ], [ 573929.358174326829612, -453934.082686407840811 ], [ 573993.871152812265791, -453852.06997956649866 ], [ 574051.517954534851015, -453768.999426815309562 ], [ 574112.343098945799284, -453675.410257376846857 ], [ 574158.888411264983006, -453602.851883591152728 ], [ 574199.096718265209347, -453528.18393014947651 ], [ 574239.305196450208314, -453453.515985223988537 ], [ 574281.628255764953792, -453376.745623267430346 ], [ 574357.01479911711067, -453242.135468852822669 ], [ 574421.288206590572372, -453131.715089641569648 ], [ 574477.356788427452557, -453041.804489525908139 ], [ 574527.089351210044697, -452948.732257268740796 ], [ 574576.826854606391862, -452849.873317794117611 ], [ 574632.389097173465416, -452734.185064632678404 ], [ 574687.436118379584514, -452603.240412013896275 ], [ 574734.017783242394216, -452488.596802836342249 ], [ 574777.951992398011498, -452381.315932882716879 ], [ 574830.902480127639137, -452231.16816052456852 ], [ 574843.680820402805693, -452111.498524030088447 ], [ 574831.366229992709123, -451993.38605684536742 ], [ 574784.348645049612969, -451892.604786224837881 ], [ 574737.522742212167941, -451773.279739184887148 ], [ 574729.70859084255062, -451642.413948573463131 ], [ 574749.297359786694869, -451527.274232302152086 ], [ 574785.790719085838646, -451432.472400599624962 ], [ 574824.451385658816434, -451357.101823947916273 ], [ 574845.199653573217802, -451245.329896283394191 ], [ 574757.579225983470678, -451117.459784642967861 ], [ 574673.034116874914616, -451086.927328949677758 ], [ 574565.360893230303191, -451084.382475418038666 ], [ 574462.082509264582768, -451090.609155849437229 ], [ 574368.481107783620246, -451084.849618497595657 ], [ 574278.271175762405619, -451066.257048677711282 ], [ 574117.680220369948074, -451069.280168800614774 ], [ 573911.66065985057503, -451071.063503172132187 ], [ 573757.617323474260047, -451034.787959801615216 ], [ 573587.637678225175478, -450999.401391630526632 ], [ 573465.267748579266481, -450977.777988576795906 ], [ 573359.483073051902466, -450938.453293092432432 ], [ 573264.873096234281547, -450895.676682015473489 ], [ 573154.627738282317296, -450808.741704387590289 ], [ 573047.738920778385364, -450708.04427382175345 ], [ 572964.333401211071759, -450636.431338758615311 ], [ 572903.338356447289698, -450549.370364915288519 ], [ 572826.058485871180892, -450480.077253651281353 ], [ 572750.385529717314057, -450426.707808004168328 ], [ 572655.907291087554768, -450329.133645957044791 ], [ 572570.059981561731547, -450227.884209557087161 ], [ 572458.407150019658729, -450137.573668223340064 ], [ 572343.947210730286315, -450158.786715637135785 ], [ 572231.320270183263347, -450199.904172192327678 ], [ 572148.421151116257533, -450341.436372148862574 ], [ 572093.636146805598401, -450478.958103149780072 ], [ 572037.812371470034122, -450594.4720384827815 ], [ 571982.017974867136218, -450673.77518042200245 ], [ 571880.542769145802595, -450737.084324002556968 ], [ 571843.512114640558138, -450853.49887547083199 ], [ 571723.511380634270608, -450961.955944223504048 ], [ 571708.682615297380835, -450849.874826058221515 ], [ 571719.552357790060341, -450744.451530856080353 ], [ 571742.30592188553419, -450641.229606987384614 ], [ 571799.079851609189063, -450547.898816428671125 ], [ 571901.855484898085706, -450509.84166553162504 ], [ 571985.998150264029391, -450486.893980671302415 ], [ 572014.104028232162818, -450384.938996855460573 ], [ 571980.837475248845294, -450280.611148280149791 ], [ 571888.103265498881228, -450202.872058170032687 ], [ 571792.376972330268472, -450123.271805983677041 ], [ 571675.994790035882033, -450055.930147282138932 ], [ 571575.545601306948811, -449991.66995213564951 ], [ 571524.895012111053802, -449914.035059980873484 ], [ 571477.937984659103677, -449841.663772698258981 ], [ 571401.217406180221587, -449775.581676551781129 ], [ 571328.283226946601644, -449708.713514122995548 ], [ 571268.67558086081408, -449601.349006522097625 ], [ 571220.590415408601984, -449507.671481896366458 ], [ 571179.700998249347322, -449388.485706237959675 ], [ 571188.130427657510154, -449250.663688031141646 ], [ 571194.486392856691964, -449118.451389128575101 ], [ 571232.36786271026358, -448994.693744589632843 ], [ 571195.555088933324441, -448881.109894111403264 ], [ 571159.0406648600474, -448740.095946684246883 ], [ 571116.649642373551615, -448592.869868211797439 ], [ 571057.472916297265328, -448473.476786832499783 ], [ 570975.153549178969115, -448359.869757312699221 ], [ 570925.535637469496578, -448236.001205289911013 ], [ 570919.870697367354296, -448125.359820877434686 ], [ 570901.688183212419972, -448023.319285745616071 ], [ 570858.933452750439756, -447915.167084425978828 ], [ 570854.368189000757411, -447786.760315255669411 ], [ 570865.29641059297137, -447661.329166484065354 ], [ 570831.456934238085523, -447550.525268182507716 ], [ 570716.933383201132528, -447520.513206349161919 ], [ 570652.959377637365833, -447627.073346660239622 ], [ 570628.582756078103557, -447724.375904108106624 ], [ 570600.703453372581862, -447861.506146734813228 ], [ 570637.195208448567428, -447969.001938298693858 ], [ 570707.831022325903177, -448050.334094115125481 ], [ 570757.146537211956456, -448148.658946920535527 ], [ 570762.12565008806996, -448265.799648628570139 ], [ 570716.099911864381284, -448395.525610461772885 ], [ 570608.266820097225718, -448481.013761855603661 ], [ 570521.779118152102455, -448517.59488432056969 ], [ 570421.37695978092961, -448558.549066352017689 ], [ 570327.833781360997818, -448610.555991056433413 ], [ 570251.194738182704896, -448663.102394085610285 ], [ 570174.551569897565059, -448720.909336702665314 ], [ 570103.193551908130758, -448775.564138285291847 ], [ 570027.606412047985941, -448834.424144158430863 ], [ 569948.327324831276201, -448885.653459257038776 ], [ 569857.172191797755659, -448924.511089552892372 ], [ 569765.24912262824364, -448932.067596090608276 ], [ 569656.165765056619421, -448929.001805590232834 ], [ 569538.808692243765108, -448900.328152448055334 ], [ 569416.929837476811372, -448844.050429865834303 ], [ 569286.779250034480356, -448759.148795157438144 ], [ 569194.653754878789186, -448686.481297746300697 ], [ 569095.790795617736876, -448616.438978479942307 ], [ 568954.823719742707908, -448548.258396638266277 ], [ 568842.431020425632596, -448520.501438015664462 ], [ 568707.9789673241321, -448532.892462537041865 ], [ 568580.642908102017827, -448565.805500304501038 ], [ 568483.485830270103179, -448624.913304842950311 ], [ 568404.062228893046267, -448682.298632804770023 ], [ 568329.319218336837366, -448744.211730011447798 ], [ 568247.40562805114314, -448788.075541740690824 ], [ 568155.470325154485181, -448811.941505907278042 ], [ 568071.994073258247226, -448826.958670462132432 ], [ 568011.463056039996445, -448886.79605411918601 ], [ 568069.994256517267786, -448956.227717400528491 ], [ 568170.937331589404494, -448965.562967324745841 ], [ 568264.201566885574721, -448930.56315373320831 ], [ 568368.836549744708464, -448878.387327047646977 ], [ 568495.925958039355464, -448821.757299502030946 ], [ 568622.31852847978007, -448788.699443040590268 ], [ 568729.929830304696225, -448841.575636460038368 ], [ 568824.152885117684491, -448934.497652423800901 ], [ 568885.379248730372638, -449001.880463248759042 ], [ 568939.370840654359199, -449089.072787379671354 ], [ 568920.302720851148479, -449196.193056891963352 ], [ 568792.891861800686456, -449194.768901533621829 ], [ 568686.212508358992636, -449117.912265978229698 ], [ 568583.313501385273412, -449103.880406172480434 ], [ 568495.606524813687429, -449092.215027945465408 ], [ 568388.0872934658546, -449126.702861875586677 ], [ 568296.483962412225083, -449200.719931835599709 ], [ 568192.440817239461467, -449285.59964680444682 ], [ 568071.929118069936521, -449284.14039841509657 ], [ 567997.758426923654042, -449195.846230430295691 ], [ 567960.50097329413984, -449099.724313178739976 ], [ 567856.194206772139296, -449009.776672676438466 ], [ 567729.229976722272113, -448959.79278700373834 ], [ 567614.965906676370651, -448938.839561972359661 ], [ 567506.687599501572549, -448919.469307217339519 ], [ 567378.328782244469039, -448918.030481270805467 ], [ 567323.058372886269353, -449020.93687173712533 ], [ 567214.176619768491946, -449085.050355218234472 ], [ 567063.348844695836306, -449036.134220429987181 ], [ 566967.710125754820183, -448985.114891002536751 ], [ 566879.281475339201279, -448962.80410427035531 ], [ 566790.088598211412318, -448930.706581693899352 ], [ 566652.223948140395805, -449015.372732279705815 ], [ 566528.090159765793942, -449066.001614231674466 ], [ 566448.122826275415719, -449099.259428831574041 ], [ 566361.482005457393825, -449108.401352808345109 ], [ 566277.617298165918328, -449078.301460108661558 ], [ 566187.895205206237733, -449063.295113026513718 ], [ 566089.199473692337051, -449063.222395996621344 ], [ 565999.129217299516313, -449066.838601370400283 ], [ 565902.448012088309042, -449080.97116989386268 ], [ 565809.997205518535338, -449089.320198690460529 ], [ 565732.313210458261892, -449130.82193012611242 ], [ 565720.100578266894445, -449216.560517999634612 ], [ 565731.062633040593937, -449335.720858397136908 ], [ 565815.926540446467698, -449442.084506940736901 ], [ 565937.566151043167338, -449455.200072411680594 ], [ 566018.133300169138238, -449494.839099920471199 ], [ 566018.825486289220862, -449579.760559359099716 ], [ 565939.015284995664842, -449639.672534544311929 ], [ 565816.133858826477081, -449725.066815080819651 ], [ 565747.912427974748425, -449829.965367275115568 ], [ 565742.036264186026528, -449919.128097306645941 ], [ 565723.454329288098961, -450046.157583202526439 ], [ 565686.670007657958195, -450142.925448229769245 ], [ 565625.8435099957278, -450249.144683881546371 ], [ 565546.017204431351274, -450332.203508861479349 ], [ 565448.253269854933023, -450384.21174277405953 ], [ 565345.218923146254383, -450419.908470005204435 ], [ 565259.626084387185983, -450442.992523167631589 ], [ 565170.231067142100073, -450464.390556898782961 ], [ 565083.253476022393443, -450539.527298434637487 ], [ 565119.48146850662306, -450661.730744331609458 ], [ 565236.215753335389309, -450793.418129202327691 ], [ 565252.526519553968683, -450906.339679681055713 ], [ 565173.125910431728698, -450986.347857925225981 ], [ 565090.148373959818855, -451045.731966358609498 ], [ 565024.067116143880412, -451115.649657902715262 ], [ 564998.873003553017043, -451256.614938885439187 ], [ 565000.09518350858707, -451391.812818070757203 ], [ 565005.280783564667217, -451524.90931995405117 ], [ 564996.513303063460626, -451668.095952656527516 ], [ 564952.556055497610942, -451751.339052994793747 ], [ 564915.25481580151245, -451834.341384414467029 ], [ 564862.147049586987123, -451934.183722832414787 ], [ 564855.30774314107839, -452041.284154436318204 ], [ 564926.92031342885457, -452136.395095553947613 ], [ 565037.027853614301421, -452177.244827907939907 ], [ 565151.883057754486799, -452226.778234102588613 ], [ 565264.320575232501142, -452331.809194338624366 ], [ 565298.814329104148783, -452475.974474219488911 ], [ 565311.41577219509054, -452579.880297463270836 ], [ 565305.530953854089603, -452681.142343513958622 ], [ 565258.966721402714029, -452789.844519116391893 ], [ 565274.735899013234302, -452896.014679166197311 ], [ 565350.883026699535549, -453024.604337390162982 ], [ 565391.550856174202636, -453152.554170389426872 ], [ 565454.713235159520991, -453243.4510184712708 ], [ 565514.750315965153277, -453345.971513366501313 ], [ 565590.01407122053206, -453429.775560323556419 ], [ 565672.229550004703924, -453494.085611900314689 ], [ 565748.837007564725354, -453593.918156017840374 ], [ 565779.463551050634123, -453727.384530758950859 ], [ 565739.414355856832117, -453835.372347411117516 ], [ 565624.124973529949784, -453917.051663560268935 ], [ 565491.725909400149249, -453946.424544340057764 ], [ 565359.585918465047143, -453880.333066986408085 ], [ 565262.682311880285852, -453896.344169970136136 ], [ 565268.998056060052477, -453995.999410278513096 ], [ 565306.620911422302015, -454073.883851204824168 ], [ 565345.64894982916303, -454156.240761977038346 ], [ 565345.565476162708364, -454269.606327090063132 ], [ 565260.202330725733191, -454344.243875507963821 ], [ 565148.744402913493104, -454347.844431894482113 ], [ 565037.806363092386164, -454363.018768116482534 ], [ 564930.047523116692901, -454436.903629108564928 ], [ 564812.788883237517439, -454427.454010514484253 ], [ 564736.377485408913344, -454469.062083697819617 ], [ 564678.730851282598451, -454565.464066933898721 ], [ 564690.634293429087847, -454660.864658786449581 ], [ 564705.429844563594088, -454774.153429087600671 ], [ 564607.555036064819433, -454834.392371666792314 ], [ 564579.185204531881027, -454687.637474734394345 ], [ 564523.964450031984597, -454584.57282462780131 ], [ 564688.798851859755814, -454337.348779304709751 ], [ 564731.407279783044942, -454252.150692459545098 ], [ 564761.539696495630778, -454156.687249049602542 ], [ 564794.01570915163029, -454041.511102821910754 ], [ 564828.401244477252476, -453919.220353635493666 ], [ 564853.874241952784359, -453825.333929190470371 ], [ 564871.52198839711491, -453726.716141850163694 ], [ 564884.935036712442525, -453622.557795376516879 ], [ 564896.025894404388964, -453506.576774619985372 ], [ 564892.225503380643204, -453350.335612096241675 ], [ 564872.53800388041418, -453204.339130900392774 ], [ 564854.407430405379273, -453099.380567487736698 ], [ 564829.074072079733014, -453001.505242136714514 ], [ 564784.988446157192811, -452849.394799354951829 ], [ 564746.056533872033469, -452745.803811065270565 ], [ 564694.594387231511064, -452622.272573035093956 ], [ 564635.913967123255134, -452522.416229951719288 ], [ 564549.436792999156751, -452441.648770073079504 ], [ 564460.873830863274634, -452362.365806909452658 ], [ 564389.665543049806729, -452267.368214292859193 ], [ 564342.749054346582852, -452152.491334327321965 ], [ 564317.823915576795116, -452066.876291560998652 ], [ 564284.759427701472305, -451969.001775157463271 ], [ 564258.58919853088446, -451863.649925350444391 ], [ 564238.757085515419021, -451763.221747863164637 ], [ 564229.423905555508099, -451644.627476306108292 ], [ 564220.299069567932747, -451527.051558720879257 ], [ 564218.3745997317601, -451405.528973200416658 ], [ 564218.44268919818569, -451310.836540556745604 ], [ 564223.671008261968382, -451106.877701596007682 ], [ 564225.081839408841915, -450910.210970273648854 ], [ 564231.938848448335193, -450795.48692225542618 ], [ 564234.986421142006293, -450676.733229107223451 ], [ 564243.89487324852962, -450361.87292678153608 ], [ 564251.23653242632281, -450016.243112214899156 ], [ 564246.536649872665294, -449923.934314269921742 ], [ 564246.7612021160312, -449610.677640013862401 ], [ 564246.985598135157488, -449297.421098076389171 ], [ 564248.077699081157334, -448954.170371843734756 ], [ 564249.169618945918046, -448610.91978135262616 ], [ 564248.733984209829941, -448332.24136410432402 ], [ 564248.298221873934381, -448053.563075157697313 ], [ 564248.063565280172043, -447937.732902448333334 ], [ 564254.585677740280516, -447550.369909263565205 ], [ 564261.185980719281361, -447201.616956522047985 ], [ 564262.128012883709744, -447067.472394689510111 ], [ 564265.08812062907964, -446853.524023006670177 ], [ 564273.936717951204628, -446722.158249627158511 ], [ 564294.201070914859883, -446632.695075412397273 ], [ 564335.379188071936369, -446556.975142415845767 ], [ 564434.242573471623473, -446455.311986251675989 ], [ 564483.563122681691311, -446300.233916426775977 ], [ 564481.677240830846131, -446198.831739597953856 ], [ 564471.708735296502709, -446102.392186326149385 ], [ 564425.374295443412848, -445976.803402192366775 ], [ 564376.464061717735603, -445874.841461895615794 ], [ 564331.003257953329012, -445789.561033375153784 ], [ 564276.009089850005694, -445712.222553560975939 ], [ 564223.765367102227174, -445637.998473022598773 ], [ 564145.445296638645232, -445537.931643419142347 ], [ 564053.250278771854937, -445433.884227560076397 ], [ 563955.913238119450398, -445351.748973067442421 ], [ 563855.61477924999781, -445272.774232658674009 ], [ 563734.359867900027893, -445181.563120431674179 ], [ 563627.491555671906099, -445101.395750771800522 ], [ 563533.638396952766925, -445026.75963187078014 ], [ 563438.263072361703962, -444953.215818746597506 ], [ 563315.379184826975688, -444879.97004606120754 ], [ 563193.791043708799407, -444826.273333873075899 ], [ 563102.293328848201782, -444790.513570685463492 ], [ 563025.358405462931842, -444753.57295638974756 ], [ 562903.129610267234966, -444684.609427911986131 ], [ 562771.351581437978894, -444651.607508072280325 ], [ 562649.301982904085889, -444591.656562659365591 ], [ 562567.977869799826294, -444505.891534799593501 ], [ 562504.07867657369934, -444443.022559757868294 ], [ 562441.991685568122193, -444353.266820095828734 ], [ 562436.68687320756726, -444227.838201697100885 ], [ 562479.520152159617282, -444110.182449913292658 ], [ 562500.519265587907284, -443935.165725741768256 ], [ 562538.387944866903126, -443815.092791859526187 ], [ 562522.365875227376819, -443719.151637266331818 ], [ 562558.166293693473563, -443640.057429589505773 ], [ 562631.649927700054832, -443551.269441000826191 ], [ 562684.219298608251847, -443635.321841914905235 ], [ 562823.931356671033427, -443748.93610759859439 ], [ 562895.059586216462776, -443879.810513214673847 ], [ 562909.847643025335856, -443987.992687153280713 ], [ 562914.629046302172355, -444143.16507875174284 ], [ 562968.346552073489875, -444244.224820255883969 ], [ 563030.504361277329735, -444329.926719303417485 ], [ 563128.239955774392001, -444380.167344891291577 ], [ 563259.323372746468522, -444401.304671915073413 ], [ 563339.619258388876915, -444438.506465692596976 ], [ 563416.167217443115078, -444499.842575849674176 ], [ 563509.271147815044969, -444598.329722519440111 ], [ 563584.157336723292246, -444685.557325211178977 ], [ 563686.755321149597876, -444759.528937347698957 ], [ 563843.484552302164957, -444805.46435029519489 ], [ 563957.546557175577618, -444856.651147301134188 ], [ 564041.253516138414852, -444880.059320873755496 ], [ 564166.012557687237859, -444877.583467117859982 ], [ 564288.986234897980466, -444861.56964226369746 ], [ 564404.664047881029546, -444871.059726315550506 ], [ 564491.648446828359738, -444909.291590866516344 ], [ 564629.487486866186373, -444970.829522067506332 ], [ 564790.513520306907594, -445012.925689405587036 ], [ 564877.166154222330078, -445105.612038051127456 ], [ 564928.828440525569022, -445227.023097762255929 ], [ 565049.05585579725448, -445351.869007288187277 ], [ 565072.044851838494651, -445486.837397348601371 ], [ 565073.1170167948585, -445618.261448463657871 ], [ 565064.938109813025221, -445716.408330887090415 ], [ 565036.108983224956319, -445820.447136044618674 ], [ 564992.51487229380291, -445967.565782160963863 ], [ 564978.304602678865194, -446086.226347605173942 ], [ 564963.283887996687554, -446191.765845624729991 ], [ 564929.865564074250869, -446301.433437632396817 ], [ 564877.048857243265957, -446414.938464947743341 ], [ 564806.812910417327657, -446514.747752315190155 ], [ 564768.798030887264758, -446615.676317020261195 ], [ 564768.136072873603553, -446736.673495580500457 ], [ 564796.836263004108332, -446840.151063100027386 ], [ 564883.098590766778216, -446919.071053141029552 ], [ 564999.288222031784244, -446967.023544503201265 ], [ 565102.333662901539356, -446970.56566215940984 ], [ 565189.541155097773299, -446954.450919300375972 ], [ 565301.037279196316376, -446911.380734148144256 ], [ 565416.531859764130786, -446855.280734226515051 ], [ 565503.41403997130692, -446828.994230307114776 ], [ 565592.678741904324852, -446804.318576614023186 ], [ 565709.288909618509933, -446782.437616915151011 ], [ 565831.008688467321917, -446773.136615195078775 ], [ 565932.488109039957635, -446771.285299306677189 ], [ 566046.078257315792143, -446771.786884154542349 ], [ 566176.676297161728144, -446773.401968327816576 ], [ 566332.435228840331547, -446774.114813839318231 ], [ 566468.997106882161461, -446780.730857294576708 ], [ 566578.539811275317334, -446789.537559651071206 ], [ 566722.694590010098182, -446808.525784272234887 ], [ 566825.104899820638821, -446828.291046426980756 ], [ 566926.094041933538392, -446825.663493168947753 ], [ 567014.274615401169285, -446794.083835700294003 ], [ 567101.449140987941064, -446794.691386711609084 ], [ 567200.499548822292127, -446796.970083322899882 ], [ 567320.479631141177379, -446787.815247830876615 ], [ 567440.437005839427002, -446780.442264245240949 ], [ 567535.48362309159711, -446752.124445253866725 ], [ 567627.890493941842578, -446718.8865111641353 ], [ 567772.911067689885385, -446678.726783176709432 ], [ 567898.100133625441231, -446646.694864058692474 ], [ 568014.155271100928076, -446622.874903296760749 ], [ 568118.321311831008643, -446604.391917697212193 ], [ 568248.164946357603185, -446590.147953529958613 ], [ 568445.752655027084984, -446628.142389240092598 ], [ 568570.03646996000316, -446678.076142722158693 ], [ 568652.995490431319922, -446718.989913592697121 ], [ 568735.139103301451541, -446754.363336256006733 ], [ 568850.032932753558271, -446828.285081479582004 ], [ 568851.105757817160338, -446964.625411524961237 ], [ 568988.308606734732166, -446941.169200253498275 ], [ 569123.760805805912241, -446944.745477354328614 ], [ 569252.618551277555525, -446937.944061617949046 ], [ 569320.017060074023902, -447005.347966984729283 ], [ 569415.656448474852368, -447013.382228773378301 ], [ 569521.210799905471504, -446975.937443191302009 ], [ 569628.396471692016348, -446910.628319943381939 ], [ 569726.445043089217506, -446832.216629574191757 ], [ 569826.970747992629185, -446740.240637676150072 ], [ 569917.866962553933263, -446648.922842358879279 ], [ 570031.747935335035436, -446668.629519967013039 ], [ 570172.872473540017381, -446677.717166181013454 ], [ 570304.087745337863453, -446673.852365293423645 ], [ 570410.901772142038681, -446673.470032067561988 ], [ 570508.058231463539414, -446671.492890726076439 ], [ 570627.680326727102511, -446668.51865215349244 ], [ 570718.141513820854016, -446652.847141777921934 ], [ 570812.59836409043055, -446604.598674416483846 ], [ 570904.40256682690233, -446572.627685893035959 ], [ 570942.945357966702431, -446482.549599785474129 ], [ 570988.1108370058937, -446347.810487956216093 ], [ 570867.409744966076687, -446288.876931980543304 ] ] ], [ [ [ 733571.544357389211655, -226995.911441904318053 ], [ 733258.956143386662006, -227117.016704877401935 ], [ 733238.172634099726565, -227427.528827168862335 ], [ 732654.228784789913334, -227305.247601974348072 ], [ 732009.070973735419102, -227250.397334261186188 ], [ 731853.368566015386023, -226858.647535587835591 ], [ 731635.509865427971818, -227256.660705639311345 ], [ 731587.385585769428872, -227702.150256344320951 ], [ 731430.812105494900607, -227978.728167167631909 ], [ 731145.229841425549239, -228228.133958524209447 ], [ 731273.982634413056076, -228451.077993153245188 ], [ 731565.649388092802837, -228741.743907484516967 ], [ 731320.640310783521272, -229126.217331908759661 ], [ 731252.297173061408103, -229450.165186588768847 ], [ 731027.708160224487074, -229800.910357319575269 ], [ 730653.826508542988449, -230056.947975687216967 ], [ 730252.974605009774677, -230164.433459206135012 ], [ 729940.380201764637604, -230299.038051915966207 ], [ 729491.812375717330724, -230541.476063294685446 ], [ 729090.991150863585062, -230628.710381165641593 ], [ 729267.228456215932965, -230892.218613344011828 ], [ 729293.783479048288427, -231358.052258571755374 ], [ 728825.437868677894585, -231148.166144997230731 ], [ 728445.294394268887118, -231005.904427226108965 ], [ 727936.005531013710424, -230944.483549599914113 ], [ 727508.374424201902002, -230761.659314190561417 ], [ 727222.78720425197389, -231024.562679909286089 ], [ 726862.520547628635541, -231267.116815015499014 ], [ 726556.788819514680654, -231354.477634861221304 ], [ 726176.281525335158221, -231495.746409691113513 ], [ 725755.053024490945973, -231616.710999277856899 ], [ 725510.246133796172217, -231859.414467882103054 ], [ 725197.69180565699935, -231973.769297258986626 ], [ 724925.720927980495617, -232216.437171527330065 ], [ 724551.853923776652664, -232479.22450708845281 ], [ 724103.832548342877999, -232316.633501271251589 ], [ 723683.002709717489779, -232133.827996960288147 ], [ 723214.451617747079581, -232092.723167799238581 ], [ 722922.129817583831027, -232321.864169857784873 ], [ 722812.896863777888939, -232767.254742586053908 ], [ 722812.341380723868497, -233199.28370324044954 ], [ 722947.688735382980667, -233570.733672535134247 ], [ 722899.679293197812513, -233935.197067987523042 ], [ 722519.595485849305987, -233759.194818891934119 ], [ 722214.076265346026048, -233691.297006684559165 ], [ 721902.060634166700765, -233393.877027959097177 ], [ 721814.310566012514755, -232975.238108425895916 ], [ 721787.741120269754902, -232509.424729847203707 ], [ 721366.863293441012502, -232367.129110206093173 ], [ 720966.024670662824064, -232488.125903275504243 ], [ 720476.875795595580712, -232629.262191956164315 ], [ 720028.458864682819694, -232783.951345133536961 ], [ 719722.752614292665385, -232864.567994943179656 ], [ 719294.532677100854926, -233161.040534829575336 ], [ 719117.347071521682665, -233646.839775359258056 ], [ 719096.485474072513171, -234031.581971344246995 ], [ 719361.124425163026899, -234200.676704801880987 ], [ 719782.062281668419018, -234288.967430070217233 ], [ 720209.705447652027942, -234444.77189128100872 ], [ 720583.166496962541714, -234485.752150226151571 ], [ 720718.435224729939364, -234917.950291203625966 ], [ 720785.886710057617165, -235275.80758025450632 ], [ 720717.57574644475244, -235586.237529784906656 ], [ 720785.008239778224379, -235957.595926620735554 ], [ 721205.838705808622763, -236126.899633767112391 ], [ 721606.304496691212989, -236289.428230512392474 ], [ 721965.795262850122526, -236627.416629005863797 ], [ 722515.718127418891527, -236749.641147147543961 ], [ 722916.395390263176523, -236750.164429256023141 ], [ 723364.585148057667539, -236771.002288849733304 ], [ 723812.891189759364352, -236704.085139465634711 ], [ 724098.298388453316875, -236569.449597591243219 ], [ 724119.238878526142798, -236137.444112549710553 ], [ 723786.813879558001645, -235873.739097636396764 ], [ 723474.647318166447803, -235697.81850135824061 ], [ 723189.715544299921021, -235467.930620256665861 ], [ 723522.951184734236449, -235110.588657336658798 ], [ 724079.859824369428679, -235091.062967459351057 ], [ 724609.852237609215081, -234882.488774876052048 ], [ 724949.593501072376966, -234747.922156434855424 ], [ 725411.782890884904191, -234458.253064048738452 ], [ 725636.427249171072617, -234053.513066348707071 ], [ 725949.236517898738384, -233743.395640092581743 ], [ 726397.768901174538769, -233514.462616493488895 ], [ 726839.27290514903143, -233467.786989986314438 ], [ 727260.297498584492132, -233502.092940886650467 ], [ 727728.934230992919765, -233482.457508477586089 ], [ 728245.005607942584902, -233543.893990689393831 ], [ 728352.830011143581942, -234178.59961626920267 ], [ 728372.559850265155546, -234664.674415064393543 ], [ 728752.746137395035475, -234766.439773369260365 ], [ 728507.652699227677658, -235218.409481376409531 ], [ 728398.576471171225421, -235528.795519940525992 ], [ 728350.640735844965093, -235825.761261024163105 ], [ 728214.515893613919616, -236048.351958715415094 ], [ 728730.309031093027443, -236312.317825993493898 ], [ 729348.715648489072919, -236022.866120661026798 ], [ 729729.271311353542842, -235847.857840789016336 ], [ 730150.531742300488986, -235706.658073038270231 ], [ 730775.556814932613634, -235552.231286272261059 ], [ 730599.350176077568904, -235275.212977925664745 ], [ 730151.202232445357367, -235207.103878460940905 ], [ 730423.332777799689211, -234856.429759760212619 ], [ 730912.439948314800858, -234769.325981444766512 ], [ 731245.570095919189043, -234513.243737327982672 ], [ 730913.064751213416457, -234303.523494072753238 ], [ 730913.579957188805565, -233918.730161182698794 ], [ 731314.273690369562246, -233926.017451280378737 ], [ 731578.701382077299058, -234257.161168024758808 ], [ 731870.51237067929469, -234426.323740578722209 ], [ 731713.887938318541273, -234736.649894275789848 ], [ 731713.341809283127077, -235141.697345786320511 ], [ 731712.858612301293761, -235499.489391341921873 ], [ 731868.643748321454041, -235810.237268886179663 ], [ 732242.004072891315445, -235939.00896789439139 ], [ 732153.200842355494387, -236316.934526302851737 ], [ 732465.335388785577379, -236519.883890071912901 ], [ 732825.019304853631184, -236716.148739325173665 ], [ 733443.021792894462124, -236737.2460152443673 ], [ 734047.572905373410322, -236663.814798251725733 ], [ 734448.461999580264091, -236529.347018628061051 ], [ 734781.538479687063955, -236320.526120602793526 ], [ 735026.584524331265129, -235922.557830137608107 ], [ 734803.08019394078292, -235469.939110733394045 ], [ 734429.917768865590915, -235192.641254349582596 ], [ 734206.12479003786575, -234949.303313290205551 ], [ 734247.389625086449087, -234571.308990994642954 ], [ 734431.260901484638453, -234207.010263369593304 ], [ 734452.250460168230347, -233754.727789577184012 ], [ 734187.703315130900592, -233511.336609132500598 ], [ 734228.947027940535918, -233146.843783755437471 ], [ 733964.425454980228096, -232883.201517837092979 ], [ 733652.115559937665239, -232801.769802082504611 ], [ 733339.887602372094989, -232659.581311076966813 ], [ 732960.12266843370162, -232233.767523916438222 ], [ 733116.449678006116301, -232146.215936283260817 ], [ 733476.999819254502654, -231707.893036062305328 ], [ 733830.614833010360599, -231377.573862758144969 ], [ 734299.891106676659547, -230898.889316084329039 ], [ 734565.423431427916512, -230413.179698541178368 ], [ 734946.19220610987395, -230096.396308782655979 ], [ 735299.388132919440977, -230083.367601702339016 ], [ 735638.864852585596964, -230171.585500911751296 ], [ 735944.573112530284561, -230117.988724045426352 ], [ 736284.050814687507227, -230206.208271892974153 ], [ 736684.610691600595601, -230328.266272805718472 ], [ 737017.388241292443126, -230348.968862370413262 ], [ 737506.161859490792267, -230531.908279214927461 ], [ 737770.663223849842325, -230815.810694162471918 ], [ 737926.363723005866632, -231194.080923023691867 ], [ 738013.802251035580412, -231822.047523094923235 ], [ 738550.254337173770182, -231903.794291833328316 ], [ 738815.538450208608992, -231613.861568034713855 ], [ 739148.539539754972793, -231472.545016675168881 ], [ 739236.168032667599618, -231958.744281855935697 ], [ 739637.303446213714778, -231662.247034816275118 ], [ 739950.070183303207159, -231419.636762622598326 ], [ 740174.680600637104362, -231075.637926116673043 ], [ 740283.844920800765976, -230717.977675712201744 ], [ 740467.647927596583031, -230414.428564659232507 ], [ 740597.216045888140798, -230036.541929115221137 ], [ 740529.738864156184718, -229712.394404452294111 ], [ 740224.527522036340088, -229394.673582998337224 ], [ 739688.300840492476709, -229137.400248974881833 ], [ 739199.389473321149126, -229048.971693767583929 ], [ 738683.33820464136079, -228940.255102680559503 ], [ 738262.476873121224344, -228757.407543967885431 ], [ 737882.567638310370967, -228426.0940817881783 ], [ 737882.040238918969408, -228817.65373845861177 ], [ 738105.703582255169749, -229169.00998779211659 ], [ 737752.235667842207476, -229377.814803825080162 ], [ 737460.434276292915456, -229188.392277483595535 ], [ 737039.865869849687442, -228789.516365037532523 ], [ 736687.107184945954941, -228471.746258256374858 ], [ 736218.964419875410385, -228093.065296238462906 ], [ 735750.847022322937846, -227694.134881223668344 ], [ 735214.217468604911119, -227740.678808110271348 ], [ 734616.497990461415611, -227760.139620630914578 ], [ 734413.016192811075598, -227550.592431185796158 ], [ 734304.656929924269207, -227314.167804018943571 ], [ 734080.647019622148946, -227219.360022008477245 ], [ 733972.215823174803518, -227036.943341361533385 ], [ 733571.544357389211655, -226995.911441904318053 ] ] ], [ [ [ 709978.549799064872786, -248418.005614816880552 ], [ 709794.865623010089621, -248687.76869467436336 ], [ 709489.220508013851941, -248754.873863696382614 ], [ 709088.574854005710222, -248774.607189588277834 ], [ 708972.73341888259165, -249091.706867955712369 ], [ 708843.163801217102446, -249523.538131660898216 ], [ 708463.256743753794581, -249259.799748833960621 ], [ 708326.985363824060187, -249624.121940114884637 ], [ 708102.729901016340591, -249765.582194471586263 ], [ 707946.983467102283612, -249434.63454007692053 ], [ 707885.516956304316409, -249711.303070035704877 ], [ 707613.810209264513105, -249791.953092704876326 ], [ 707240.3313489749562, -249811.723552179610124 ], [ 706860.192758240387775, -249730.237630611751229 ], [ 706595.14851903275121, -249912.145834085822571 ], [ 706283.040526589611545, -249729.500103113008663 ], [ 705855.364465251099318, -249654.706318235723302 ], [ 705481.648492397391237, -249863.4765701937431 ], [ 705013.054519334225915, -249930.379742986435303 ], [ 704720.572632394148968, -250334.998602414241759 ], [ 704319.752783131320029, -250503.235712235298706 ], [ 704230.893107382114977, -250968.860330564028118 ], [ 704454.513371609151363, -251320.135192459711106 ], [ 704834.402810400119051, -251590.612606144655729 ], [ 705078.303653730778024, -252009.414572296198457 ], [ 704650.300196465221234, -252197.862412993446924 ], [ 704209.046166234998964, -252129.800776477670297 ], [ 703740.590421238914132, -252095.454962313757278 ], [ 703428.412856401642784, -251973.561857784952736 ], [ 703184.244574117939919, -251764.00880260640406 ], [ 702987.032066383049823, -252006.750910727801966 ], [ 702606.555531167192385, -252202.012239242874784 ], [ 702314.202236167155206, -252512.130985054536723 ], [ 702205.070570932002738, -252903.478391733340686 ], [ 702136.51426549628377, -253423.121990857471246 ], [ 701803.65592468646355, -253550.944919458095683 ], [ 701850.567103415029123, -254036.985409213317325 ], [ 701754.876812223577872, -254536.344142400484998 ], [ 701754.43859882990364, -254880.580041597015224 ], [ 701889.723450107965618, -255278.987137783755315 ], [ 701977.427796727977693, -255717.832388539885869 ], [ 701976.840019661118276, -256176.81409211611026 ], [ 701847.136690563522279, -256723.376800907484721 ], [ 701778.651479159481823, -257182.271076155506307 ], [ 701818.824156425194815, -257621.055741814780049 ], [ 701845.538579872227274, -257965.326908164977795 ], [ 702178.094066328485496, -258067.00245533103589 ], [ 702551.587948376429267, -258013.487559401808539 ], [ 702911.713582376483828, -257797.961356168671045 ], [ 703197.199118896154687, -257548.589456766436342 ], [ 703509.896510077873245, -257258.753878410847392 ], [ 703890.587769068079069, -256894.758434757677605 ], [ 704223.753154592122883, -256530.700731583317975 ], [ 704495.672813443467021, -256274.560350995772751 ], [ 704869.491340772714466, -255978.053160012786975 ], [ 705297.699654084048234, -255627.617522339278366 ], [ 705562.736506264656782, -255445.715858933457639 ], [ 705963.657401975709945, -255196.492454494145932 ], [ 706432.51330110244453, -254920.357876255962765 ], [ 706833.376349753816612, -254718.38366322038928 ], [ 707295.34090712829493, -254523.239499465184053 ], [ 707655.40637364378199, -254368.461928742326563 ], [ 707988.242876331321895, -254267.64860180724645 ], [ 708436.561718645389192, -254126.487349793198518 ], [ 708898.479966562823392, -253971.844547877903096 ], [ 709278.787432521115988, -253918.344902383512817 ], [ 709727.05774539464619, -253817.685417571396101 ], [ 710080.162921839393675, -253797.901417984336149 ], [ 710433.259904073202051, -253784.868132923496887 ], [ 710949.2998664570041, -253785.551641639031004 ], [ 711329.451055610668845, -253853.556816975702532 ], [ 711729.918749190866947, -253962.090817280055489 ], [ 712035.335192931466736, -254063.749227984779282 ], [ 712415.48732050624676, -254131.758052948716795 ], [ 712775.49565286480356, -254030.988043477060273 ], [ 712993.383407432003878, -253579.02169296721695 ], [ 712864.813696658122353, -253248.093876014550915 ], [ 712709.082595643470995, -252917.130538691853872 ], [ 712594.055081951897591, -252613.222302069742 ], [ 712350.103937409003265, -252241.642551716853632 ], [ 712106.204949165461585, -251829.563554946391378 ], [ 711882.585415840847418, -251485.01363603543723 ], [ 711733.576072349445894, -251201.313866114825942 ], [ 711578.015344474697486, -250735.354077831958421 ], [ 711395.309768587118015, -250255.859559756703675 ], [ 711042.812191422795877, -249803.144645804452011 ], [ 710751.283246705541387, -249458.512137663172325 ], [ 710534.558987048803829, -249026.227968881488778 ], [ 710310.990198151441291, -248634.436267992976354 ], [ 709978.549799064872786, -248418.005614816880552 ] ] ], [ [ [ 720719.923731014714576, -249188.284524587885244 ], [ 720720.511796585749835, -248756.25973888655426 ], [ 720388.433212019270286, -248269.780604846659116 ], [ 720164.901151420781389, -247857.704665552562801 ], [ 719968.402204850455746, -247540.171785107406322 ], [ 719744.839711164822802, -247148.349398809194099 ], [ 719725.030426751705818, -246729.800316515495069 ], [ 719610.051558930776082, -246385.377762080606772 ], [ 719549.40590308397077, -246034.278087665181374 ], [ 719189.781364851281978, -245824.536731977394084 ], [ 718836.965076365508139, -245601.305431335844332 ], [ 718700.846897245733999, -245830.63521066471003 ], [ 718591.711473505944014, -246195.007194536388852 ], [ 719080.148201235104352, -246560.177172775816871 ], [ 719344.239700480364263, -247114.059226807701634 ], [ 719099.407088575535454, -247390.494535987440031 ], [ 718990.277564523275942, -247748.115883086546091 ], [ 719186.47649684199132, -248288.407011340314057 ], [ 719362.346972108818591, -248794.920418501045788 ], [ 718784.834573841886595, -249030.40218220333918 ], [ 718539.703005617135204, -249529.595265629468486 ], [ 718186.271416550502181, -249772.129352576710517 ], [ 717738.26651536358986, -249650.019953892187914 ], [ 717630.100884467596188, -249292.109064792108256 ], [ 717386.043647172162309, -248994.769146051810822 ], [ 717766.725654991343617, -248684.766507236025063 ], [ 718188.197672878392041, -248341.066802171058953 ], [ 718453.543983383453451, -247956.655260481289588 ], [ 718209.519154856912792, -247632.313263264048146 ], [ 717768.369603897328489, -247456.215859457035549 ], [ 717497.378320637857541, -246983.334753017232288 ], [ 717117.126885591540486, -246969.328735894145211 ], [ 716784.50813916081097, -246881.133993572584586 ], [ 716540.032164448755793, -246894.310532007424626 ], [ 716743.308464393252507, -247225.342261454643449 ], [ 716695.335814335849136, -247556.040823966293829 ], [ 716294.510015803389251, -247697.263761206559138 ], [ 716049.534283112036064, -248088.4520678211411 ], [ 715940.376482222811319, -248473.069986397691537 ], [ 715695.419555840315297, -248850.756622213608352 ], [ 715294.141536740702577, -249336.238211407879135 ], [ 715694.349822970456444, -249654.031006192206405 ], [ 715625.923895227955654, -250045.452186635520775 ], [ 715225.582312459708191, -249828.911609000584576 ], [ 714872.862304581329226, -249544.934293830476236 ], [ 714893.923048273427412, -249025.197821115900297 ], [ 714982.832571551552974, -248546.052190973248798 ], [ 715139.68105232459493, -248039.995271650579525 ], [ 715493.291253582923673, -247655.701200464740396 ], [ 715208.271657727658749, -247520.320735089742811 ], [ 714828.15042401489336, -247411.816624963248614 ], [ 714427.578415804775432, -247364.038563915004488 ], [ 714095.353236568393186, -246978.843438970885472 ], [ 713627.194893730571494, -246687.97487172507681 ], [ 713274.524933889857493, -246356.75872469090973 ], [ 713030.342528007924557, -246147.187427219643723 ], [ 712718.18552096397616, -245991.529766241175821 ], [ 712405.967075536376797, -245883.123904121661326 ], [ 711985.05042219220195, -245815.079056887130719 ], [ 711625.151828305679373, -245821.364959244878264 ], [ 711556.656395154772326, -246280.28122068932862 ], [ 711582.988927106256597, -246921.571602681535296 ], [ 711690.960457553388551, -247441.466866136528552 ], [ 711867.122476036776789, -247738.698981924186228 ], [ 711914.136223544250242, -248137.014812170906225 ], [ 712178.367016985779628, -248589.615159981651232 ], [ 712245.731206173077226, -249001.458886459615314 ], [ 712381.120526794111356, -249318.890737566689495 ], [ 712665.885294282576069, -249643.269736822869163 ], [ 712957.492527740541846, -249927.158415909332689 ], [ 713133.673558830283582, -250204.145990804739995 ], [ 713398.010579565307125, -250569.002625163848279 ], [ 713621.560000444296747, -250967.557308265939355 ], [ 713885.992727144504897, -251258.16531048892648 ], [ 714041.789911604020745, -251541.879507145291427 ], [ 714224.647883730242029, -251899.882239835424116 ], [ 714468.652567771147005, -252230.967195342847845 ], [ 714841.905543698463589, -252386.722055885125883 ], [ 715174.462434537475929, -252508.672706983459648 ], [ 715487.021718166884966, -252353.838762146915542 ], [ 715867.366200720542111, -252286.849347739160294 ], [ 716288.416867289226502, -252246.916457612154773 ], [ 716512.185123597504571, -252476.727448858815478 ], [ 716892.293793266988359, -252585.246853550255764 ], [ 717177.136701973737217, -252842.144038980419282 ], [ 717605.02557806414552, -252768.473413690429879 ], [ 718006.187186053721234, -252377.502900935534853 ], [ 718359.431810988928191, -252269.979604956402909 ], [ 718270.539988487493247, -252722.12936335048289 ], [ 718134.281617542146705, -253052.708275230659638 ], [ 717889.33288113377057, -253416.88978572623455 ], [ 717556.065373385907151, -253814.701268213102594 ], [ 717175.765917335869744, -253847.932941447943449 ], [ 716666.57301853899844, -253793.236385312164202 ], [ 716021.668789797113277, -253670.855062914371956 ], [ 715601.051848847186193, -253393.52571350231301 ], [ 715132.629414299502969, -253318.640378464653622 ], [ 714820.090363583527505, -253459.972708095010603 ], [ 714527.813480711192824, -253682.33464173329412 ], [ 714243.118224502890371, -253317.442077098181471 ], [ 713821.404287157580256, -253856.887890387937659 ], [ 714105.934111018315889, -254343.282473618659424 ], [ 713840.865774673875421, -254531.929528987617232 ], [ 713685.084794204682112, -254241.463137217418989 ], [ 713440.405797433340922, -254416.637684130429989 ], [ 713168.512898377259262, -254632.276361385622295 ], [ 712862.670699835871346, -254847.869266557798255 ], [ 712678.759460180066526, -255279.629507648991421 ], [ 712793.607826074119657, -255711.791564911982277 ], [ 712990.080216629663482, -256036.062587675522082 ], [ 713417.520668745855801, -256279.645582123892382 ], [ 714082.582800817093812, -256543.804471639712574 ], [ 714523.933426676900126, -256544.405537372455001 ], [ 715012.981409833533689, -256423.569525429193163 ], [ 715481.568620808771811, -256370.208387538150419 ], [ 715929.870514114620164, -256256.068635906587588 ], [ 716351.078359989565797, -256094.640591311588651 ], [ 716684.034926514606923, -255919.591205317119602 ], [ 717017.076175118330866, -255683.789517569879536 ], [ 717533.685520985978656, -255279.483148019615328 ], [ 717798.948744862456806, -254955.834004886506591 ], [ 717976.11620552954264, -254503.807356406352483 ], [ 718024.148476936621591, -254139.356914505100576 ], [ 718309.737748571438715, -253849.485536572610727 ], [ 718513.826102467719465, -253573.002630908275023 ], [ 718738.267325162538327, -253310.047833030403126 ], [ 719003.349228387465701, -253121.402388186863391 ], [ 719003.849400584818795, -252756.884753800404724 ], [ 719092.715984817361459, -252324.984671947720926 ], [ 719249.347458667471074, -251994.432121529855067 ], [ 719514.653276845347136, -251643.776828042347915 ], [ 719718.744546581525356, -251367.291179149673553 ], [ 719984.199602239532396, -250908.629155656817602 ], [ 720365.019925598520786, -250504.126906029356178 ], [ 720786.50197065458633, -250160.433198455662932 ], [ 721051.812867747503333, -249809.774928512051702 ], [ 720746.496735421824269, -249620.346401818678714 ], [ 720719.923731014714576, -249188.284524587885244 ] ] ], [ [ [ 570988.1108370058937, -446347.810487956216093 ], [ 571090.762140833307058, -446439.102391870343126 ], [ 571125.337217660620809, -446560.952552731789183 ], [ 571121.453044977621175, -446674.817788812797517 ], [ 571145.997421666281298, -446766.304770231305156 ], [ 571255.256205054931343, -446833.256955442368053 ], [ 571312.602972492575645, -446927.064907369320281 ], [ 571368.595603941241279, -447055.168231150426436 ], [ 571437.566745892981999, -447209.856231153360568 ], [ 571536.903440767899156, -447339.764435050252359 ], [ 571658.323831064044498, -447417.946677976287901 ], [ 571725.951124729122967, -447489.061728968517855 ], [ 571733.23434838023968, -447590.688287696801126 ], [ 571766.95210295158904, -447711.912802541803103 ], [ 571806.675071110017598, -447850.36479816614883 ], [ 571824.205396914971061, -447937.229408011422493 ], [ 571838.187294187140651, -448025.453191728505772 ], [ 571847.399009712971747, -448127.032921717443969 ], [ 571853.778893614769913, -448224.222513905842789 ], [ 571854.742948225699365, -448392.896300682972651 ], [ 571830.353374021477066, -448513.14240339625394 ], [ 571881.532058711047284, -448650.632018108211923 ], [ 572009.748331980314106, -448677.416606528684497 ], [ 572135.032365453895181, -448694.521237858221866 ], [ 572226.070636020507663, -448750.235427049919963 ], [ 572328.158727709436789, -448827.648671065981034 ], [ 572468.414534758543596, -448903.370154688949697 ], [ 572536.820844054222107, -448973.451738652947824 ], [ 572571.300782621023245, -449076.42087149847066 ], [ 572580.162032707361504, -449219.471940883493517 ], [ 572626.918259483412839, -449311.101619175111409 ], [ 572715.984553494025022, -449377.72677744703833 ], [ 572792.570359867298976, -449334.721483351429924 ], [ 572907.46389496489428, -449276.334472740185447 ], [ 572954.504325883463025, -449405.032537020859309 ], [ 572871.134135207976215, -449528.080853516235948 ], [ 572869.072510626167059, -449636.330225695390254 ], [ 572978.849288580706343, -449655.357406339608133 ], [ 573084.931748949340545, -449668.224252066458575 ], [ 573151.940602637827396, -449732.7948929220438 ], [ 573179.143558810465038, -449825.746066911902744 ], [ 573248.380883569712751, -449924.208358398580458 ], [ 573360.283257605391555, -449903.350680806091987 ], [ 573440.549373165471479, -449821.078218745300546 ], [ 573426.658347923774272, -449686.954238417034503 ], [ 573401.347906704177149, -449542.005391664977651 ], [ 573450.731505942880176, -449428.577147350762971 ], [ 573537.177570848842151, -449520.421385640511289 ], [ 573600.292185609345324, -449656.072271807643119 ], [ 573632.092483195359819, -449762.710895300959237 ], [ 573614.571576960384846, -449883.047750134137459 ], [ 573542.993980480241589, -449991.191302627150435 ], [ 573475.089017815655097, -450134.468487022968475 ], [ 573553.292903163470328, -450255.266407182381954 ], [ 573620.621268616290763, -450346.492171076824889 ], [ 573686.316567499772646, -450433.21645492722746 ], [ 573812.738337679649703, -450530.575059392780531 ], [ 573906.546239749062806, -450613.116815407120157 ], [ 573992.755808624089696, -450675.022954228159506 ], [ 574119.021934838150628, -450680.676764608593658 ], [ 574235.740968869416974, -450676.535112126613967 ], [ 574355.142201812355779, -450669.722572037833743 ], [ 574454.699000678956509, -450659.62799837870989 ], [ 574567.374967514886521, -450636.990948336140718 ], [ 574684.725986535195261, -450539.527949591923971 ], [ 574719.044155565206893, -450401.267446771089453 ], [ 574757.04642329714261, -450321.975272063922603 ], [ 574831.968109521316364, -450231.748716811591294 ], [ 574910.971345577039756, -450149.856826156727038 ], [ 575012.374524376587942, -450102.27252836455591 ], [ 575086.107440050691366, -450046.506914375640918 ], [ 575179.091102791717276, -450044.413615578727331 ], [ 575322.611618683324195, -450008.136765690287575 ], [ 575426.810467810719274, -449951.81013198196888 ], [ 575542.036183177842759, -449902.439889026689343 ], [ 575641.107178047648631, -449873.174280007893685 ], [ 575713.111581494798884, -449811.020865964528639 ], [ 575692.914964316296391, -449665.715136976505164 ], [ 575645.661662688595243, -449516.844566056504846 ], [ 575615.090191674535163, -449355.980435297067743 ], [ 575624.419484772370197, -449232.702572103706188 ], [ 575618.666967191034928, -449116.397465658606961 ], [ 575582.948723583016545, -449016.106770138256252 ], [ 575530.61878825922031, -448916.193675521295518 ], [ 575499.55071117868647, -448814.550921819638461 ], [ 575483.290885432856157, -448718.879478367045522 ], [ 575476.134389833896421, -448593.171974077820778 ], [ 575428.793827453977428, -448488.381933559430763 ], [ 575331.488197379745543, -448390.028123868105467 ], [ 575243.639838157221675, -448313.305098936485592 ], [ 575147.716437848168425, -448234.034820471599232 ], [ 575071.863532859482802, -448169.030791604600381 ], [ 574975.028098247130401, -448071.965167825808749 ], [ 574892.340815784875304, -447934.424310637114104 ], [ 574869.27941851108335, -447802.759882629965432 ], [ 574900.476330770179629, -447627.188685482426081 ], [ 574966.194887665333226, -447503.557231606333517 ], [ 575023.816855955170467, -447426.322710124077275 ], [ 575099.614281235262752, -447351.023051209340338 ], [ 575172.889458411838859, -447284.322820493776817 ], [ 575217.378948915051296, -447203.437119216250721 ], [ 575217.808093805564567, -447116.569194823037833 ], [ 575176.960057121701539, -447041.293689710553735 ], [ 575070.438487103674561, -447015.11694613029249 ], [ 574970.903623126796447, -447035.22310837439727 ], [ 574860.677032287814654, -447069.09507278673118 ], [ 574741.03093548794277, -447061.948908369580749 ], [ 574620.109761067898944, -447011.135286686534528 ], [ 574526.651395639404655, -446955.485612666408997 ], [ 574471.953932993928902, -446875.838279457879253 ], [ 574425.039495081407949, -446786.715243858168833 ], [ 574396.514867346384563, -446695.53781906637596 ], [ 574379.320771319675259, -446590.857396254315972 ], [ 574355.445965744554996, -446501.902880642272066 ], [ 574368.709515005233698, -446409.203578142216429 ], [ 574490.504506179946475, -446379.261200580222066 ], [ 574562.891938268323429, -446264.728433049283922 ], [ 574709.945374278817326, -446215.911011770716868 ], [ 574848.175087727955543, -446137.294313696853351 ], [ 574897.086857286049053, -446055.662055747234263 ], [ 574894.329260176164098, -445963.394177840265911 ], [ 574856.081571385730058, -445868.938555471948348 ], [ 574747.713423720328137, -445820.908624554635026 ], [ 574595.169167196610942, -445845.393989249889273 ], [ 574488.596541557228193, -445800.784425732505042 ], [ 574370.322882171021774, -445740.438409815484192 ], [ 574227.796551999635994, -445623.752170637017116 ], [ 574097.724893706268631, -445499.996134122018702 ], [ 573988.584887785254978, -445338.110483787197154 ], [ 573858.256956906290725, -445259.106067082262598 ], [ 573730.636685827281326, -445263.381650461698882 ], [ 573603.621866641682573, -445247.354917930322699 ], [ 573477.326342050917447, -445225.483885819965508 ], [ 573383.925570973777212, -445219.191314662690274 ], [ 573295.175642026006244, -445212.637524690013379 ], [ 573147.439211365766823, -445234.119240992469713 ], [ 573033.13586514396593, -445288.246252530778293 ], [ 572947.446176637429744, -445345.263590615766589 ], [ 572832.541936888243072, -445441.136605843086727 ], [ 572686.32932234602049, -445532.743155884556472 ], [ 572559.169465777464211, -445587.939342017576564 ], [ 572465.519105288898572, -445613.191394435008988 ], [ 572352.625272638862953, -445680.168746339215431 ], [ 572288.443625713931397, -445803.64682212943444 ], [ 572226.183123769937083, -445887.396738417737652 ], [ 572161.87303771066945, -445984.54259872174589 ], [ 572066.431352606858127, -446085.249547003069893 ], [ 571991.49951692961622, -446149.691029810695909 ], [ 571888.967037769732997, -446166.526068561186548 ], [ 571785.151424613315612, -446123.901858131401241 ], [ 571669.314916525036097, -446090.908006597368512 ], [ 571546.899846581974998, -446084.482662002439611 ], [ 571438.463482534978539, -446053.739001485344488 ], [ 571350.756553115672432, -446048.351181298319716 ], [ 571222.767602298641577, -446100.723655667155981 ], [ 571113.434723622747697, -446212.281275447749067 ], [ 570988.1108370058937, -446347.810487956216093 ] ] ], [ [ [ 550480.259805865585804, -503800.464563711313531 ], [ 550771.535390396369621, -503578.002478917245753 ], [ 550968.049854458775371, -503314.999720858468208 ], [ 551123.91604587296024, -503092.452572980022524 ], [ 551124.161430415464565, -502707.881435548013542 ], [ 551124.410927713150159, -502316.563491315464489 ], [ 551192.449171684449539, -501797.098375389177818 ], [ 551240.102649829932489, -501392.316895808849949 ], [ 551037.107982061104849, -501189.781854410364758 ], [ 550725.732694068108685, -501061.394593456643634 ], [ 550285.728001457639039, -500905.940559733484406 ], [ 550021.515576585894451, -501148.66254764405312 ], [ 549865.582555365865119, -501479.161327181442175 ], [ 549709.658952884376049, -501796.166758001258131 ], [ 549574.044470026972704, -502119.931660225149244 ], [ 549709.274462935863994, -502416.876797079923563 ], [ 549837.766294487053528, -502659.843294428079389 ], [ 549776.658640677575022, -502936.42625487735495 ], [ 549505.641575937741436, -503246.61346697882982 ], [ 549505.416228498797864, -503610.943388743093237 ], [ 549376.638072112225927, -503833.509885311883409 ], [ 548997.549295940902084, -503732.073933324834798 ], [ 548638.804165714187548, -503576.67761775769759 ], [ 548266.455726320971735, -503522.477435069100466 ], [ 547975.551797745516524, -503137.732662146212533 ], [ 547799.367240320891142, -503387.260214986337814 ], [ 547663.795010623638518, -503657.052932279475499 ], [ 547420.175095754442737, -503454.503071362676565 ], [ 547291.410720388405025, -503663.578754183487035 ], [ 547467.284812069963664, -503933.55631997413002 ], [ 547798.923730664420873, -504129.412267664680257 ], [ 547974.799091209541075, -504392.644418547977693 ], [ 548042.29705447901506, -504736.773916743986774 ], [ 548021.871944200131111, -504925.673163383326028 ], [ 548109.668028553714976, -505290.055532028432935 ], [ 548217.700882749981247, -505775.893694399681408 ], [ 548197.128345267497934, -506207.679354247695301 ], [ 548196.919922852073796, -506551.768383198475931 ], [ 548305.105609150486998, -506781.226789212436415 ], [ 548420.015544219990261, -507084.904883077833802 ], [ 548683.960992116946727, -507240.2437909017317 ], [ 548995.409428614540957, -507213.447826033923775 ], [ 549063.295268301735632, -506916.62811930431053 ], [ 549192.089349072193727, -506660.327228491893038 ], [ 549483.279884675634094, -506552.558226059132721 ], [ 549862.472934433491901, -506465.085848585818894 ], [ 549903.298005724791437, -506141.262108706287108 ], [ 549991.456696478067897, -505911.92420509038493 ], [ 550194.695566385518759, -505709.646151029097382 ], [ 550323.469481552718207, -505493.827784609689843 ], [ 550418.451672365074046, -505183.532140915223863 ], [ 550418.626486877794378, -504906.910943974391557 ], [ 550391.753259592223912, -504576.297718393616378 ], [ 550351.347161890706047, -504232.182337221049238 ], [ 550324.430685408646241, -503969.037858002237044 ], [ 550480.259805865585804, -503800.464563711313531 ] ] ], [ [ [ 539763.93596716504544, -514461.091253902646713 ], [ 539628.442157965968363, -514663.426516374922357 ], [ 539404.958697409485467, -514838.730386503157206 ], [ 539120.483044978347607, -515148.940176857926417 ], [ 538984.901183322770521, -515533.439745384443086 ], [ 539072.728848262340762, -515884.316945906146429 ], [ 539384.055139529984444, -516019.409267093869857 ], [ 539763.143436000565998, -516019.601411063747946 ], [ 540074.527066245907918, -516040.001081380352844 ], [ 540494.218156314571388, -516067.204786786751356 ], [ 540893.586627106997184, -516121.387397216516547 ], [ 541265.951943279942498, -516033.874819969700184 ], [ 541624.768455745652318, -515966.597227773396298 ], [ 541936.170519714825787, -515953.270253189315554 ], [ 542355.887849960708991, -515933.256276350934058 ], [ 542843.344581689569168, -515832.319910354970489 ], [ 543202.100520050153136, -515879.745282850053627 ], [ 543601.442843648954295, -515981.169580675195903 ], [ 544109.122379590990022, -516035.429341403883882 ], [ 544352.673633856349625, -516298.693798728520051 ], [ 544616.724359891959466, -516224.629217459238134 ], [ 544799.66601962945424, -515934.62002447352279 ], [ 544772.735026489477605, -515678.224819366645534 ], [ 544644.314943649573252, -515327.315972291165963 ], [ 544461.721811826573685, -515003.364031287899707 ], [ 544353.588706558337435, -514686.201530619699042 ], [ 544001.578085172805004, -514672.509250224335119 ], [ 543710.324078254401684, -514962.459628322394565 ], [ 543358.277447080006823, -515016.238298134005163 ], [ 543046.889514141483232, -514995.825809130736161 ], [ 542735.527207944658585, -514928.18697424698621 ], [ 542356.476407866925001, -514847.019048432644922 ], [ 541916.538620316772722, -514691.60542008880293 ], [ 541490.066869557835162, -514671.137837901595049 ], [ 541226.082376081496477, -514617.023933067102917 ], [ 540779.291044852463529, -514616.789936072484124 ], [ 540406.993073747609742, -514562.622400249936618 ], [ 540204.02732879226096, -514326.379951181181241 ], [ 539892.671189286396839, -514238.512397674261592 ], [ 539763.93596716504544, -514461.091253902646713 ] ] ], [ [ [ 751181.05830813664943, -224245.006497151305666 ], [ 751466.994879238191061, -223786.297186427662382 ], [ 751759.555751310661435, -223449.124855070054764 ], [ 751936.554680194938555, -223172.555455922556575 ], [ 752202.048860381823033, -222761.076238347101025 ], [ 752630.554198774625547, -222363.32610806930461 ], [ 753004.652474517351948, -222012.760783838428324 ], [ 753385.535726956790313, -221668.955689370981418 ], [ 753610.107235730392858, -221378.945842227083631 ], [ 753807.544659137958661, -221061.891063776769442 ], [ 754100.169040707638487, -220684.202532740106108 ], [ 754501.492319919168949, -220299.912285165424692 ], [ 754746.735867634415627, -219800.625065257074311 ], [ 754923.814682719996199, -219470.035575418063672 ], [ 755168.721901587676257, -219213.808681299036834 ], [ 755529.113286541891284, -218957.741296799562406 ], [ 755841.963170654606074, -218694.855816397990566 ], [ 755414.591450918233022, -218262.151758961175801 ], [ 754972.300539847579785, -218794.928922971274005 ], [ 754523.302543230936863, -219266.929501984006492 ], [ 754121.839278104482219, -219752.497732239047764 ], [ 753924.252597038401291, -220177.581220702268183 ], [ 753278.094587908242829, -220770.834465105144773 ], [ 752917.618708494352177, -221094.415017265448114 ], [ 752652.03936050075572, -221566.662329751794459 ], [ 752339.013113621389493, -221964.574700102239149 ], [ 752005.778023337014019, -222240.928938903147355 ], [ 751828.798351719393395, -222503.996235175785841 ], [ 751604.306499402504414, -222739.990853066090494 ], [ 751515.559124250430614, -223057.192608958517667 ], [ 751358.827198430662975, -223414.809063664171845 ], [ 750936.904619197244756, -223967.851611584424973 ], [ 750664.705994168762118, -224318.554059700749349 ], [ 750936.104857150814496, -224541.734132422425319 ], [ 751181.05830813664943, -224245.006497151305666 ] ] ], [ [ [ 736967.52703681983985, -232056.906201552425046 ], [ 736770.03872225957457, -232441.444347204611404 ], [ 736429.977398595307022, -232785.281481909827562 ], [ 736544.885526415891945, -233190.497598545742221 ], [ 736945.187173512531444, -233494.840270287357271 ], [ 737345.71029763459228, -233637.161124401085544 ], [ 737698.579211232834496, -233860.430344933556626 ], [ 738058.397832736955024, -233968.942881450522691 ], [ 738520.17863204726018, -234016.837997357011773 ], [ 738921.01107353088446, -233936.379528373538051 ], [ 739369.331935463706031, -233896.494072788103949 ], [ 739573.734937908011489, -233430.950934769934975 ], [ 739282.009008032502607, -233194.258542937051971 ], [ 739173.794931541080587, -232863.305390828259988 ], [ 738678.198142995126545, -232707.347691590199247 ], [ 738413.007241293787956, -232929.768246126419399 ], [ 738032.568637315533124, -232996.755969613790512 ], [ 737591.429820630466565, -232753.113364881719463 ], [ 737435.973647803883068, -232199.31633699478698 ], [ 737171.724882297799923, -231733.135628363728756 ], [ 736967.52703681983985, -232056.906201552425046 ] ] ], [ [ [ 533687.994412407046184, -507165.000979980570264 ], [ 533952.140257105929777, -506908.73696425918024 ], [ 534155.341298853745684, -506686.181301145581529 ], [ 534372.107309172512032, -506409.657978058850858 ], [ 534643.083866936853155, -506025.210659962845966 ], [ 534663.544338604784571, -505681.135262785828672 ], [ 534575.712011574534699, -505262.798579418973532 ], [ 534178.084406750276685, -505076.519014178251382 ], [ 533600.791205822722986, -505248.888383247714955 ], [ 533153.86317714501638, -505457.850330645684153 ], [ 532930.351299563189968, -505680.400106652115937 ], [ 532889.643260813318193, -505889.532273700810038 ], [ 532842.140123886521906, -506159.3822800492635 ], [ 533045.143700753571466, -506409.09578799578594 ], [ 533173.665324183530174, -506679.018987863790244 ], [ 533268.323834767215885, -506975.915310535929166 ], [ 533484.838562733842991, -507286.356551563192625 ], [ 533687.994412407046184, -507165.000979980570264 ] ] ], [ [ [ 531308.214311899617314, -515860.57794766681036 ], [ 531639.96397813083604, -515739.27020986151183 ], [ 531863.494820268359035, -515395.276710034697317 ], [ 531531.86305801558774, -515219.726748729066458 ], [ 531112.266924932599068, -514942.941979747905862 ], [ 530800.966658321092837, -514699.936055114783812 ], [ 530509.967724879505113, -514470.432747120968997 ], [ 530002.251748498994857, -514476.98331245535519 ], [ 529981.746747809345834, -514989.727771196688991 ], [ 530042.503426222829148, -515428.289395517786033 ], [ 530401.131038288935088, -515819.739224842051044 ], [ 530868.142190412967466, -516015.578009332588408 ], [ 531308.214311899617314, -515860.57794766681036 ] ] ], [ [ [ 544311.502609442686662, -505233.880002614110708 ], [ 544094.715762105770409, -505476.645137496292591 ], [ 544379.02995661390014, -505551.017915385309607 ], [ 544426.298373376717791, -505773.68914476793725 ], [ 544581.940892003010958, -505908.71241916960571 ], [ 545177.730751907685772, -505909.048151478928048 ], [ 545448.575213258387521, -505855.227686708036344 ], [ 545577.339205751428381, -505632.65596427838318 ], [ 545645.162601029034704, -505423.543317736126482 ], [ 545848.394501166185364, -505214.508325168746524 ], [ 546153.160383772221394, -505046.013405229372438 ], [ 546044.966056197183207, -504816.558818268182222 ], [ 545692.880051831831224, -504856.837320982653182 ], [ 545266.31214749161154, -504910.568890301219653 ], [ 545198.760645748581737, -504640.657835514692124 ], [ 544758.602145334822126, -504782.092995550425258 ], [ 544379.401633565546945, -504883.083436077751685 ], [ 544311.502609442686662, -505233.880002614110708 ] ] ], [ [ [ 720449.650581075344235, -237962.02615727315424 ], [ 720714.719520306447521, -237793.611020153475692 ], [ 721006.935858767246827, -237638.731998661329271 ], [ 721251.870341370580718, -237288.029410276474664 ], [ 720939.840736747719347, -237010.85768552107038 ], [ 720471.397776021505706, -236902.244724426011089 ], [ 720049.96060204715468, -237205.466452010878129 ], [ 720022.281194153125398, -237603.70212031234405 ], [ 719804.505973462248221, -237961.189122744457563 ], [ 720136.992882495629601, -238170.881646655907389 ], [ 720449.650581075344235, -237962.02615727315424 ] ] ], [ [ [ 745260.99953287281096, -221934.640797445550561 ], [ 745036.334203124046326, -222312.412296152906492 ], [ 745192.162292201654054, -222609.681179034756497 ], [ 745619.82961491169408, -222806.048950851312838 ], [ 745972.980065878946334, -222853.787449317111168 ], [ 746305.698227800778113, -222942.007330401538638 ], [ 746218.008685245411471, -222489.546004271280253 ], [ 745953.325341581599787, -222320.403040294040693 ], [ 745682.113796586752869, -221955.46306189277675 ], [ 745260.99953287281096, -221934.640797445550561 ] ] ], [ [ [ 691210.770543758524582, -254557.028114749700762 ], [ 691279.013450093800202, -254266.886634635651717 ], [ 690899.047062294790521, -254070.697406925843097 ], [ 690566.394936708267778, -254050.049905452789972 ], [ 690322.238492138683796, -253833.777791871572845 ], [ 690301.506946731358767, -254137.474086690112017 ], [ 690369.108626614324749, -254380.532108047453221 ], [ 690545.257170687429607, -254691.214349496469367 ], [ 690898.210634352406487, -254765.882261767721502 ], [ 691257.831342780846171, -254941.800061069661751 ], [ 691210.770543758524582, -254557.028114749700762 ] ] ], [ [ [ 524031.343908086535521, -515163.088211457245052 ], [ 524302.179581530508585, -514974.263913126429543 ], [ 524390.27484805858694, -514677.43583812128054 ], [ 524430.984285154845566, -514380.593058344267774 ], [ 524302.458072650362737, -514076.950949289952405 ], [ 523875.877621384570375, -514407.408770321810152 ], [ 523902.819666079944, -514852.700014428177383 ], [ 524031.343908086535521, -515163.088211457245052 ] ] ], [ [ [ 699580.196621198556386, -250699.786052361829206 ], [ 699892.843557775020599, -250443.68647200986743 ], [ 700164.803029010538012, -250147.038164441299159 ], [ 700362.108962023165077, -249823.298156995588215 ], [ 699941.157941119396128, -249809.277443529310403 ], [ 699560.470871648751199, -250180.038028155191569 ], [ 699580.196621198556386, -250699.786052361829206 ] ] ], [ [ [ 547154.620592693332583, -505997.902952217671555 ], [ 547242.430920720216818, -506342.043745909410063 ], [ 547438.613383634248748, -506605.287214141048025 ], [ 547709.510360115324147, -506463.765593866060954 ], [ 547662.405024206498638, -505984.711620056943502 ], [ 547330.80603501049336, -505734.880796938203275 ], [ 547154.620592693332583, -505997.902952217671555 ] ] ], [ [ [ 693735.531603992916644, -249673.478724051616155 ], [ 693952.482890403829515, -249936.968214827851625 ], [ 694420.656466274871491, -250194.011618849996012 ], [ 694509.457798123825341, -249748.652349382959073 ], [ 694068.319366308045574, -249592.884111786552239 ], [ 693735.531603992916644, -249673.478724051616155 ] ] ], [ [ [ 724607.25685146311298, -236860.391547313629417 ], [ 725122.978965568123385, -237171.597447613778058 ], [ 725388.274152197525837, -236841.170837421144824 ], [ 724899.715150706120767, -236530.000536599225597 ], [ 724607.25685146311298, -236860.391547313629417 ] ] ], [ [ [ 734658.462535192025825, -226842.070995243091602 ], [ 734502.104542258777656, -226949.879482530319365 ], [ 734501.810757240280509, -227172.65897739995853 ], [ 734657.731852123280987, -227395.64485388531466 ], [ 734881.822169338352978, -227429.695771405706182 ], [ 734990.699157012160867, -227274.568518537009368 ], [ 734970.599926186492667, -227065.263255970989121 ], [ 734841.801696087350138, -226876.067411536874715 ], [ 734658.462535192025825, -226842.070995243091602 ] ] ], [ [ [ 543269.831141015747562, -503445.404811010521371 ], [ 543452.485383489402011, -503722.122720888524782 ], [ 543669.042388101574033, -503904.404410570394248 ], [ 544066.617326742620207, -503971.778618166630622 ], [ 544067.203033298952505, -503970.557587480521761 ], [ 543851.953163535450585, -503708.847135376185179 ], [ 543669.300189004046842, -503432.128197935700882 ], [ 543269.831141015747562, -503445.404811010521371 ] ] ], [ [ [ 531778.468209291459061, -508021.049928107997403 ], [ 532089.850830751820467, -508122.376371875347104 ], [ 532313.136564755579457, -508432.817152621923015 ], [ 532374.234965947340243, -508021.290880140382797 ], [ 532110.267506000585854, -507859.261777011270169 ], [ 531934.321198389166966, -507670.282111312553752 ], [ 531778.468209291459061, -508021.049928107997403 ] ] ], [ [ [ 544068.464768635458313, -503972.091690119414125 ], [ 544271.303147937869653, -504471.467881108517759 ], [ 544582.755475426791236, -504451.400617963518016 ], [ 544379.840255856630392, -504093.706568727851845 ], [ 544339.408119260217063, -503749.596718887332827 ], [ 544068.464768635458313, -503972.091690119414125 ] ] ], [ [ [ 524907.468474536086433, -515003.888836775615346 ], [ 524783.250001707114279, -515018.218690825044177 ], [ 524698.950701434165239, -515054.004752008768264 ], [ 524743.003295696689747, -515155.819507615931798 ], [ 524719.394208739162423, -515287.898911628115457 ], [ 524677.20944958680775, -515417.485457453527488 ], [ 524610.072739801951684, -515542.642964646918699 ], [ 524617.428180334158242, -515664.047310250694863 ], [ 524755.350645197439007, -515564.795390536310151 ], [ 524825.253630791325122, -515460.36390979931457 ], [ 524869.641853795270436, -515377.478324865689501 ], [ 524908.48294660251122, -515300.670266152301338 ], [ 524984.702781749540009, -515212.654969721159432 ], [ 525112.573309812578373, -515221.704464708396699 ], [ 525226.663717332296073, -515231.274559080775362 ], [ 525264.102709316299297, -515118.957561770221218 ], [ 525147.013883494539186, -515034.914742168795783 ], [ 525025.028104472556151, -515003.926354488183279 ], [ 524907.468474536086433, -515003.888836775615346 ] ] ], [ [ [ 701879.213237827178091, -247435.780904937913874 ], [ 702076.272715022205375, -247314.529543703392847 ], [ 701832.025682605919428, -247158.983620772225549 ], [ 701546.813832442974672, -247185.630245181528153 ], [ 701342.832025450072251, -247414.868878077715635 ], [ 701634.708101325319149, -247489.476305651362054 ], [ 701879.213237827178091, -247435.780904937913874 ] ] ], [ [ [ 524741.843061724212021, -516080.863520337617956 ], [ 524897.632768632029183, -515784.05738403624855 ], [ 524545.576578811160289, -515939.12040502531454 ], [ 524410.121793278958648, -516154.972906633105595 ], [ 524437.926840996253304, -516377.489423855789937 ], [ 524741.843061724212021, -516080.863520337617956 ] ] ], [ [ [ 733972.215823174803518, -227036.943341361533385 ], [ 734257.513643838232383, -227010.315283244854072 ], [ 734196.750139207113534, -226733.448658684210386 ], [ 734013.446844867663458, -226672.449644358654041 ], [ 733884.204443370341323, -226820.799359261291102 ], [ 733972.215823174803518, -227036.943341361533385 ] ] ], [ [ [ 542850.13020115159452, -503310.243017882632557 ], [ 543026.117222562432289, -503398.045821720617823 ], [ 543264.681937520741485, -503444.40418614121154 ], [ 543267.431769481161609, -503440.868736332515255 ], [ 543141.32185275433585, -503202.450520543439779 ], [ 542938.29560247680638, -503033.671376239566598 ], [ 542850.13020115159452, -503310.243017882632557 ] ] ], [ [ [ 714838.799525473499671, -222604.943189054349205 ], [ 715259.786433961708099, -222672.944060711190104 ], [ 715307.694755137432367, -222362.492680741008371 ], [ 714838.799525473499671, -222604.943189054349205 ] ] ], [ [ [ 731175.298032870981842, -236261.602202294976451 ], [ 731576.151423172326759, -236147.381410150876036 ], [ 731291.246317278244533, -235897.216565074893879 ], [ 731175.298032870981842, -236261.602202294976451 ] ] ], [ [ [ 737171.724882297799923, -231733.135628363728756 ], [ 737457.177886839373969, -231591.752892046933994 ], [ 737145.080555539461784, -231348.2916618383897 ], [ 737171.724882297799923, -231733.135628363728756 ] ] ], [ [ [ 699226.846027160761878, -250928.836411000724183 ], [ 699491.494794793776236, -251050.658179314777954 ], [ 699580.196621198556386, -250699.786052361829206 ], [ 699226.846027160761878, -250928.836411000724183 ] ] ], [ [ [ 525764.706059366464615, -513982.963964522001334 ], [ 525967.892562820226885, -513679.42860197002301 ], [ 525764.812469162745401, -513659.121522660774644 ], [ 525764.706059366464615, -513982.963964522001334 ] ] ], [ [ [ 526876.032856334117241, -510697.683625606470741 ], [ 527099.390615693642758, -510832.694419718289282 ], [ 527160.407246023067273, -510576.34003127872711 ], [ 526876.032856334117241, -510697.683625606470741 ] ] ], [ [ [ 523814.736712111218367, -515115.794967171968892 ], [ 523814.648353609722108, -515405.903664025128819 ], [ 524031.343908086535521, -515163.088211457245052 ], [ 523814.736712111218367, -515115.794967171968892 ] ] ], [ [ [ 555724.914005034486763, -492764.742186803661752 ], [ 555880.647808317909949, -492781.715693310718052 ], [ 555904.447323135449551, -492636.673798849282321 ], [ 555826.647068061982282, -492579.343714248505421 ], [ 555768.984235647134483, -492683.809544170275331 ], [ 555724.914005034486763, -492764.742186803661752 ] ] ] ] } }
]
}
