{
"type": "FeatureCollection",
"name": "sudan_level_0_pcs",
"crs": { "type": "name", "properties": { "name": "urn:ogc:def:crs:EPSG::32636" } },
"features": [
{ "type": "Feature", "properties": { "iso2": "SD", "iso3": "SDN", "adm0_name": "Sudan", "adm0_name1": "السودان", "adm0_name2": null, "adm0_name3": null, "adm0_pcode": "SD", "valid_on": "2020-08-31T00:00:00", "valid_to": null, "version": "v03", "area_sqkm": 1871527.57077827, "lang": "en", "lang1": "ar", "lang2": null, "lang3": null, "adm0_ref_name": "Sudan", "center_lat": 15.91568659, "center_lon": 30.39758044 }, "geometry": { "type": "Polygon", "coordinates": [ [ [ 768506.825728447176516, 2561717.647044049575925 ], [ 768412.046103280736133, 2561738.92793338932097 ], [ 768366.242275734548457, 2561749.220231309533119 ], [ 768094.574167037731968, 2561648.532181823160499 ], [ 768065.248688564868644, 2561636.441119792871177 ], [ 767952.539317645831034, 2561484.646307728253305 ], [ 767854.084184635896236, 2561352.052267082966864 ], [ 767827.792709786444902, 2561316.644901605322957 ], [ 767809.834516875213012, 2561299.847951954696327 ], [ 767787.581448605516925, 2561279.033934304025024 ], [ 767787.191183567745611, 2561278.668878124561161 ], [ 744915.450148590607569, 2539937.357069070450962 ], [ 744821.270256271469407, 2539724.981498254928738 ], [ 725661.98223729536403, 2521342.954183808993548 ], [ 707722.983531875535846, 2526778.860099705401808 ], [ 699531.710209648823366, 2529198.793103280011564 ], [ 696314.388802192988805, 2521144.927142521366477 ], [ 696266.142857495462522, 2521091.526800769846886 ], [ 683774.963062715134583, 2490946.268379658926278 ], [ 683583.53365313843824, 2490575.029385625384748 ], [ 678436.533511686371639, 2478340.431364906951785 ], [ 673716.133624695823528, 2466640.016913780476898 ], [ 667304.590020560892299, 2465463.097045533824712 ], [ 649635.245818140683696, 2461910.787672720849514 ], [ 649340.963470623013563, 2461907.96487687015906 ], [ 648606.289551942609251, 2461795.532136555761099 ], [ 632841.204128698678687, 2458491.816784051246941 ], [ 624368.641798364697024, 2456735.947469454724342 ], [ 618587.576228708843701, 2455689.936660130042583 ], [ 617199.632324998616241, 2451043.13824201375246 ], [ 615713.704118149820715, 2446237.715492673683912 ], [ 613845.843434298993088, 2439796.469701758120209 ], [ 611585.483402483281679, 2433036.670985118951648 ], [ 611537.883607793599367, 2432825.606271576602012 ], [ 609383.978855230147019, 2425857.905787386000156 ], [ 603749.964633713010699, 2407665.780478520784527 ], [ 603742.953446930740029, 2407643.171296321321279 ], [ 575465.662273197551258, 2404165.823252782225609 ], [ 575219.587600657832809, 2404164.66420946829021 ], [ 557942.775236365268938, 2402088.63353698560968 ], [ 557573.040809524827637, 2402044.415426117368042 ], [ 557510.13285873120185, 2402036.883970895316452 ], [ 557390.55691823491361, 2402127.606037281919271 ], [ 533699.09953719668556, 2420141.625542820896953 ], [ 533474.097472262452357, 2420314.428910432849079 ], [ 526483.802860528696328, 2425555.32353966543451 ], [ 516942.578119507699739, 2432719.289861081168056 ], [ 516296.795979018206708, 2432721.315693535842001 ], [ 514872.842386129428633, 2432724.969677741639316 ], [ 512386.513917135715019, 2432731.657819060143083 ], [ 491672.247900333430152, 2432795.048066653776914 ], [ 457485.145145903748926, 2432741.393724692054093 ], [ 449897.828296913998201, 2432739.523388946428895 ], [ 440700.426614123338368, 2432760.319682591594756 ], [ 439843.652297761524096, 2432763.560869480483234 ], [ 439750.749003910343163, 2432763.915117881726474 ], [ 439327.522750994656235, 2432765.535834688227624 ], [ 438905.983754214714281, 2432767.493333032820374 ], [ 371793.302426684414968, 2433222.711005740333349 ], [ 366869.182914688368328, 2433276.696719802450389 ], [ 366487.754578297608532, 2433346.346562978345901 ], [ 335648.609235065756366, 2433648.375163639895618 ], [ 336245.478001199779101, 2437429.099144432228059 ], [ 337260.461757598735858, 2439743.887606293428689 ], [ 338296.49293787102215, 2442124.946403722744435 ], [ 338454.126648531644605, 2442400.147617264650762 ], [ 340566.475967293372378, 2446143.329438182990998 ], [ 340724.033833650231827, 2446418.549651964567602 ], [ 344763.825214918353595, 2450120.614897208288312 ], [ 346989.851831871666946, 2454140.200648867059499 ], [ 344798.66261784726521, 2455711.970357365440577 ], [ 343942.764813408721238, 2457768.95526013802737 ], [ 342672.393438177299686, 2458567.876303208526224 ], [ 337394.928443928773049, 2454702.088476897682995 ], [ 336594.726019373279996, 2454112.482910169288516 ], [ 336239.845394661650062, 2453706.489263257477432 ], [ 333076.166002152662259, 2450063.606337246485054 ], [ 332710.554469748632982, 2449635.648687839042395 ], [ 332438.112721896264702, 2449239.921784529462457 ], [ 329774.272965599840973, 2445226.84177994960919 ], [ 328756.249990754527971, 2439867.324024291709065 ], [ 326368.239456017909106, 2433924.90365830482915 ], [ 325055.216269240248948, 2433784.374065743759274 ], [ 282784.21941550693009, 2433888.60950184147805 ], [ 282444.177717213751748, 2433948.6727508418262 ], [ 240171.164800488651963, 2434665.473875664640218 ], [ 198315.111325832142029, 2435620.662833609618247 ], [ 157283.454940599098336, 2436536.179309362545609 ], [ 156839.064590832393151, 2436545.839419351890683 ], [ 115245.946703968569636, 2437505.492791842203587 ], [ 73969.996521780791227, 2438566.456981683149934 ], [ 32252.580745976010803, 2439671.068991221953183 ], [ -9063.046728077111766, 2441028.833810830954462 ], [ -24004.819998500752263, 2441490.484627892728895 ], [ -30250.113853677175939, 2441687.652870676014572 ], [ -50546.595995865412988, 2442345.568828291725367 ], [ -92957.574801722308621, 2443917.94449555221945 ], [ -135174.487747639417648, 2445552.687299921177328 ], [ -177364.365654462599196, 2447266.566006619948894 ], [ -219401.873923155828379, 2449109.41914659878239 ], [ -260887.532595331547782, 2451183.639034216757864 ], [ -302487.133466824074276, 2453284.723960623610765 ], [ -311484.890832155011594, 2453754.456720856484026 ], [ -321088.764650371391326, 2454261.562523965258151 ], [ -327557.11852129700128, 2454606.44146740436554 ], [ -327834.512230638763867, 2454621.291529353708029 ], [ -329080.105874269851483, 2426652.701893720775843 ], [ -330777.23693013691809, 2396293.330528014805168 ], [ -332550.170508741401136, 2365524.109666360076517 ], [ -333899.971180949010886, 2335281.039143302943558 ], [ -335472.257512315176427, 2305250.391343602910638 ], [ -336317.658515727380291, 2285577.564185032621026 ], [ -336317.740863409591839, 2285575.611663738731295 ], [ -336758.967479105805978, 2275082.728334952145815 ], [ -338088.062867438537069, 2244727.377776845823973 ], [ -338316.994798238272779, 2238701.225801473017782 ], [ -338532.585850765113719, 2233880.128461902961135 ], [ -338532.590690536773764, 2233880.019065255299211 ], [ -338599.748881900450215, 2232375.975406005047262 ], [ -444387.548148870351724, 2237733.528174412436783 ], [ -446713.834593047038652, 2193249.425280012656003 ], [ -446962.691003960440867, 2188437.534528213087469 ], [ -449768.04190437879879, 2133446.630551087670028 ], [ -452102.522680192021653, 2086585.390851023839787 ], [ -455373.186303151072934, 2019105.135296449996531 ], [ -462205.596122176502831, 1881565.634869856294245 ], [ -462230.069460082682781, 1875286.821519883349538 ], [ -463507.000886582303792, 1845940.556920602684841 ], [ -464211.773436028393917, 1829537.773709848290309 ], [ -464489.939731838181615, 1822776.411316246259958 ], [ -465923.451904982910492, 1797560.45113115105778 ], [ -466393.683594960952178, 1789074.494263240369037 ], [ -466566.077420529793017, 1786918.321761761326343 ], [ -466702.222216741298325, 1783490.376577133545652 ], [ -466964.072153403423727, 1776877.161578477360308 ], [ -467390.371680122101679, 1766052.903342059114948 ], [ -467422.841626549023204, 1765049.286775800865144 ], [ -467610.568500739173032, 1760699.766514810035005 ], [ -467829.499387209536508, 1757997.214082307647914 ], [ -468535.058661432936788, 1757965.735800013178959 ], [ -469943.265327838133089, 1757875.923532091546804 ], [ -471390.595575765706599, 1757937.478943960973993 ], [ -473234.784978037583642, 1758341.009878343669698 ], [ -474771.595803982112557, 1758735.419136423384771 ], [ -476806.607384290196933, 1759403.630172510165721 ], [ -478746.057522916700691, 1759969.494040598860011 ], [ -480821.913579782354645, 1760241.001949230441824 ], [ -481819.227718999492936, 1760416.901051053544506 ], [ -482625.815970032126643, 1760833.010914021870121 ], [ -484005.603434858378023, 1761759.783660495420918 ], [ -485651.647687839576975, 1762612.377536327578127 ], [ -487482.690937247592956, 1763174.5079278962221 ], [ -490939.763802956440486, 1763427.069189064204693 ], [ -492315.533441459177993, 1763411.787159466184676 ], [ -494496.029305548174307, 1763371.427679894957691 ], [ -496427.904647884657606, 1763611.219024027930573 ], [ -497317.558965455042198, 1763707.084515800466761 ], [ -497671.95484461216256, 1763863.276451402809471 ], [ -497879.336989277391694, 1763950.850239286199212 ], [ -498606.523479786119424, 1764251.836465866072103 ], [ -499929.192407686612569, 1764633.267487665638328 ], [ -502501.55210271361284, 1765061.244427759200335 ], [ -505647.401100603863597, 1765290.791991099715233 ], [ -506103.144717716961168, 1765324.130317274248227 ], [ -508220.124878330039792, 1765495.605635451385751 ], [ -508873.274348305538297, 1765555.256697268690914 ], [ -510416.552456625038758, 1765684.405266006244346 ], [ -511583.960100228199735, 1765603.405964510282502 ], [ -512747.657396682654507, 1765520.242855629418045 ], [ -513749.044974697288126, 1765390.560756084509194 ], [ -514353.33412006450817, 1765312.324325422290713 ], [ -514823.387398783117533, 1765243.833744997857139 ], [ -515092.102713908883743, 1765196.534249960677698 ], [ -516750.076482643256895, 1764904.763751242309809 ], [ -517171.870889891288243, 1764797.02704693027772 ], [ -518535.063295205472969, 1764438.185445868643001 ], [ -520398.479063255013898, 1763896.255327505758032 ], [ -521349.8062238113489, 1763565.191053799120709 ], [ -521866.489846915123053, 1763378.447642592480406 ], [ -523995.183768383925781, 1762507.991886710049585 ], [ -525105.83144152816385, 1761975.252962653525174 ], [ -525687.964997990056872, 1761597.941501023713499 ], [ -527146.215276229078881, 1761069.854297855170444 ], [ -527332.582495348411612, 1760895.75271136732772 ], [ -527694.380233364645392, 1760673.171048843534663 ], [ -528121.728343298425898, 1760407.617798429215327 ], [ -528542.021063201013021, 1760294.914114086888731 ], [ -529794.516206920496188, 1759945.486478789243847 ], [ -530661.787565052276477, 1759816.15176308946684 ], [ -532234.361467420705594, 1759585.831152515020221 ], [ -532587.335940102813765, 1759579.918720304500312 ], [ -532965.631866366020404, 1759577.160869023064151 ], [ -533332.802596399793401, 1759568.805718118324876 ], [ -534060.398377616540529, 1759465.77564626862295 ], [ -534637.796728850225918, 1759314.468428974039853 ], [ -535310.244237970327958, 1759345.314473876031116 ], [ -536293.595857261796482, 1759233.375275246333331 ], [ -537032.655929149244912, 1758998.038662552135065 ], [ -537758.029545366880484, 1759030.77858671429567 ], [ -538640.250513095292263, 1759014.286191421095282 ], [ -539678.275523599237204, 1758906.562441447982565 ], [ -540516.577458491316065, 1759049.23838096531108 ], [ -540996.54668625863269, 1759150.364034163765609 ], [ -541875.349329874734394, 1759331.519621700048447 ], [ -542489.890773803577758, 1759462.696719301864505 ], [ -543278.277434775489382, 1759669.912267734529451 ], [ -544761.528761583263986, 1760062.360352314310148 ], [ -545381.100449487217702, 1760180.063335060840473 ], [ -546126.298028893885203, 1760383.088119135703892 ], [ -547725.381908638519235, 1760502.091492351843044 ], [ -548245.614678844693117, 1760620.657455066451803 ], [ -548634.70895208674483, 1760709.34526042221114 ], [ -549229.052054083906114, 1760845.354134449735284 ], [ -550691.108711920445785, 1761221.113460116554052 ], [ -551206.707245391560718, 1761361.635731918271631 ], [ -552123.083682993194088, 1761559.952069849940017 ], [ -552518.090528951492161, 1761609.157068529166281 ], [ -553723.618961990345269, 1761746.979688575258479 ], [ -554474.212994002271444, 1761972.927263967925683 ], [ -555014.423522080061957, 1761953.670357809634879 ], [ -555991.322397192008793, 1761853.121829692041501 ], [ -557225.675462476443499, 1761967.127955728443339 ], [ -557957.97689531208016, 1762169.421779355499893 ], [ -558163.942782405065373, 1762227.631228999467567 ], [ -559017.030179312219843, 1762445.247196759097278 ], [ -560281.594162691384554, 1762660.863016560440883 ], [ -561082.193846228765324, 1762518.910531771369278 ], [ -562077.917503324337304, 1762621.970501539297402 ], [ -562348.209778368240222, 1762611.336149870418012 ], [ -563050.575360365444794, 1762610.516510950401425 ], [ -564201.229971244232729, 1762340.386565065942705 ], [ -564939.746280207531527, 1761903.65022377576679 ], [ -565194.170049259439111, 1761720.939747038530186 ], [ -565431.247110697673634, 1761549.867519652238116 ], [ -565718.275029697455466, 1761311.598171306308359 ], [ -565854.573037617839873, 1761158.793299868004397 ], [ -566189.230018039233983, 1760783.612871194258332 ], [ -566412.935689233010635, 1760423.610171979293227 ], [ -566595.656551568536088, 1760006.244165980257094 ], [ -566986.121682468568906, 1759114.364217748865485 ], [ -567202.906444464111701, 1758910.771964467363432 ], [ -567763.661625330336392, 1758374.32139382045716 ], [ -568195.058423187583685, 1757936.210812537698075 ], [ -568528.73479116265662, 1757733.407497556414455 ], [ -569139.862211992731318, 1757400.189528822666034 ], [ -569807.664777539670467, 1756968.058411122765392 ], [ -569972.910806445870548, 1756855.268838121788576 ], [ -570526.381542896851897, 1756496.690929077100009 ], [ -571021.368811044609174, 1755924.884673279942945 ], [ -571297.872197377728298, 1755601.044395966688171 ], [ -571788.647804895648733, 1755118.8806652945932 ], [ -572344.636871651280671, 1754179.316017515491694 ], [ -572776.916088553378358, 1753784.223136563785374 ], [ -572828.080997774144635, 1753695.584136193618178 ], [ -573168.181480454979464, 1753106.395622534677386 ], [ -573647.116637719329447, 1752646.11555281537585 ], [ -573909.899585645878688, 1752465.016507301013917 ], [ -574197.315115432022139, 1752290.296365728834644 ], [ -574509.372147638350725, 1752136.60277797235176 ], [ -574942.17238249653019, 1751761.000082964543253 ], [ -575076.963628096971661, 1751641.253884484758601 ], [ -575652.224573777522892, 1751127.999818155076355 ], [ -576155.94778171973303, 1750698.298071248224005 ], [ -576505.728976148879156, 1750382.953253497835249 ], [ -576962.357651695376262, 1749982.814259606180713 ], [ -577223.756085104309022, 1749760.466037628240883 ], [ -577532.093740031588823, 1749547.559531663078815 ], [ -578251.400929458905011, 1749050.900764980353415 ], [ -578822.138821828179061, 1748656.845600610831752 ], [ -579615.216031037969515, 1748445.92357822181657 ], [ -580255.718526412034407, 1748275.598757801344618 ], [ -580840.747289574472234, 1748151.323129688156769 ], [ -581234.890148425940424, 1748063.77177021978423 ], [ -581765.985084863845259, 1747886.821392930811271 ], [ -582051.802967679686844, 1747685.789313584798947 ], [ -582678.583938715746626, 1747244.954933728324249 ], [ -582979.476188395638019, 1746920.827229751972482 ], [ -583447.662684512324631, 1746416.500693780137226 ], [ -584003.177926210686564, 1746020.8060692101717 ], [ -584308.953636814840138, 1745803.009109681006521 ], [ -584365.124126102309674, 1745762.195689144311473 ], [ -584685.939495811704546, 1745517.147725202143192 ], [ -584903.336299151415005, 1745351.09730795584619 ], [ -585104.628822741797194, 1745012.395658647175878 ], [ -585352.944665598450229, 1744372.579017053591087 ], [ -585408.504773358581588, 1743892.107074341736734 ], [ -585433.057628245325759, 1743376.452072202926502 ], [ -585377.060004522791132, 1742722.14008630043827 ], [ -585294.061031333170831, 1742186.760957438265905 ], [ -585277.039123464608565, 1742076.972519719274715 ], [ -585398.219518573721871, 1740903.035720153246075 ], [ -585336.838867814512923, 1740360.828126988606527 ], [ -585418.880846599116921, 1739780.495277861133218 ], [ -585609.393773555988446, 1738980.607227332657203 ], [ -585792.935760378139094, 1738237.868797096190974 ], [ -585592.43530071945861, 1737272.0471886547748 ], [ -585361.835027817403898, 1736620.706611287547275 ], [ -585143.957109022187069, 1735700.339862448628992 ], [ -584498.305039143422619, 1734861.987161029595882 ], [ -584093.946891625178978, 1734403.570992124266922 ], [ -583101.946407802635804, 1733952.241841918323189 ], [ -582796.616028603166342, 1733665.09450299362652 ], [ -582510.304915136424825, 1733328.892756400629878 ], [ -581916.901850975817069, 1732820.71453063050285 ], [ -581023.244358990108594, 1731820.855660571018234 ], [ -580697.170795202255249, 1731109.026906709652394 ], [ -580684.03291096445173, 1731074.977981315692887 ], [ -580551.4851652123034, 1730731.46881177672185 ], [ -580252.752800515620038, 1730403.061005796538666 ], [ -580172.264053262071684, 1730319.477513826917857 ], [ -580125.792787444544956, 1730276.838562100427225 ], [ -579760.46895693289116, 1729941.653227597940713 ], [ -579409.04115729383193, 1729767.883046509465203 ], [ -578871.543038920266554, 1729147.306254861177877 ], [ -579088.430919644189999, 1727775.835173358442262 ], [ -578936.988409049343318, 1726589.286845865892246 ], [ -579018.660887202713639, 1726009.005616481648758 ], [ -579053.825497423764318, 1725258.05263344058767 ], [ -579113.590211257338524, 1724912.632599386852235 ], [ -578948.39666257542558, 1724017.511414470151067 ], [ -578589.584734166273847, 1722715.528357986127958 ], [ -578239.794441138627008, 1721105.679485100787133 ], [ -577897.459446544293314, 1719913.487058235099539 ], [ -577875.459532243665308, 1719216.057917682221159 ], [ -577991.971041584620252, 1717884.839789733057842 ], [ -578116.92820488801226, 1717542.455498826922849 ], [ -578292.703849396901205, 1717045.181980437831953 ], [ -578577.325145701179281, 1716579.797469039680436 ], [ -578905.875241515692323, 1716051.569392230128869 ], [ -579139.708253362914547, 1715478.358338518068194 ], [ -579196.33596095838584, 1715184.512202833779156 ], [ -579283.449402452679351, 1714732.460539468796924 ], [ -579039.153514345409349, 1714183.681533439550549 ], [ -578978.616249635349959, 1713550.0955934911035 ], [ -579114.042873712489381, 1712747.646323679247871 ], [ -579308.550428259186447, 1711846.843793945619836 ], [ -579227.795869050547481, 1711472.41874710097909 ], [ -578983.813094653887674, 1711090.419939792016521 ], [ -578666.837080826517195, 1710165.890229826560244 ], [ -578647.241093915887177, 1709412.41532691475004 ], [ -578998.695138509618118, 1708417.789186351932585 ], [ -579452.730909366393462, 1707798.576008258154616 ], [ -580144.144804515410215, 1707235.287883917568251 ], [ -580763.071332039311528, 1706354.115217243554071 ], [ -581181.949889877345413, 1705553.521525613265112 ], [ -581341.791062107076868, 1704828.821843096986413 ], [ -581895.310153711587191, 1704283.535915751941502 ], [ -582540.729767874348909, 1703774.247917679836974 ], [ -583328.712906167143956, 1703485.008804939221591 ], [ -584225.596617935225368, 1703200.835525252390653 ], [ -584964.898928882088512, 1703021.705679719336331 ], [ -585807.403990714112297, 1702576.807290155207738 ], [ -586184.514419131912291, 1701898.737182775977999 ], [ -586780.472458890406415, 1700814.189081648131832 ], [ -587252.114223629934713, 1699117.166962064569816 ], [ -587101.324056969489902, 1698368.673319992376491 ], [ -586708.787526292959228, 1697699.920321117853746 ], [ -586389.974324241513386, 1696998.778085256693885 ], [ -586274.544747583800927, 1695862.032007730565965 ], [ -586362.546578764449805, 1695233.695073992246762 ], [ -586486.498727537691593, 1694913.630145290866494 ], [ -586929.934921135893092, 1694293.775889677228406 ], [ -587380.648861608700827, 1693516.965019876603037 ], [ -587829.176575991557911, 1693374.859369757818058 ], [ -588266.445474431617185, 1693227.503656051587313 ], [ -588890.964858011808246, 1693202.955207856371999 ], [ -589400.970372393028811, 1693249.499957441585138 ], [ -590086.166653509251773, 1693316.449741680407897 ], [ -590808.199960647616535, 1693518.477848834358156 ], [ -591788.591398879652843, 1693563.992633301997557 ], [ -592787.718570474302396, 1693441.872629807563499 ], [ -593519.226679596817121, 1693206.206821257947013 ], [ -593914.954310456989333, 1692981.582516690250486 ], [ -594540.343094280688092, 1692613.208777497988194 ], [ -594566.182880046777427, 1692057.827023044694215 ], [ -594567.47056095697917, 1692030.145874188281596 ], [ -594552.625499207526445, 1691175.443135671550408 ], [ -594759.886957806535065, 1690005.190433678682894 ], [ -595265.414768934482709, 1689230.846404063748196 ], [ -595846.634818081278354, 1689039.188724793493748 ], [ -596429.893716142280027, 1688846.72019645338878 ], [ -597435.157170152990147, 1688365.310783260269091 ], [ -598118.114134305622429, 1688239.766801419435069 ], [ -598732.6398960724473, 1687942.475140996277332 ], [ -598856.020171452080831, 1687928.133336477214471 ], [ -599719.373685900587589, 1687813.746231874683872 ], [ -600186.974411841016263, 1687437.078329409938306 ], [ -600574.346084800316021, 1686859.481676962692291 ], [ -600863.635304238647223, 1686277.306655323598534 ], [ -601397.270922586089, 1686077.405680083204061 ], [ -601615.430296626174822, 1685615.535081538138911 ], [ -601949.835152645828202, 1685237.755552437854931 ], [ -602567.90998959960416, 1684165.11911474680528 ], [ -602600.322061705170199, 1683469.786010695854202 ], [ -603068.932268927572295, 1682322.716301301727071 ], [ -603443.435092118568718, 1682213.490955641493201 ], [ -603649.811525586992502, 1682153.302904741605744 ], [ -603780.150397167773917, 1682115.291446048999205 ], [ -603807.572968720924109, 1682142.842486834386364 ], [ -603840.802481117891148, 1682133.151744291186333 ], [ -603891.739959758007899, 1682095.066877955105156 ], [ -604327.467227130196989, 1681769.289222160819918 ], [ -604559.274202330736443, 1681587.153266407549381 ], [ -605222.674258708721027, 1681065.921954518184066 ], [ -605268.934143356978893, 1681030.785534213995561 ], [ -605320.713510608766228, 1681004.149708013981581 ], [ -605771.083963442593813, 1680765.937980071641505 ], [ -606289.406657366780564, 1680471.416897748829797 ], [ -607007.859500681050122, 1679594.455793319270015 ], [ -607252.734117555664852, 1678796.546722966246307 ], [ -606850.229198568733409, 1677170.446750510018319 ], [ -606398.346047527389601, 1675705.09486009250395 ], [ -606262.731476361863315, 1674147.510175653733313 ], [ -606312.340341201983392, 1673079.973673594882712 ], [ -606757.355548359686509, 1672458.738617764087394 ], [ -607800.500162322307006, 1672400.233546438626945 ], [ -609409.741095309145749, 1672475.114075342193246 ], [ -610304.693767903372645, 1672249.314280418911949 ], [ -611721.334020708920434, 1671994.364475071197376 ], [ -612673.284563686698675, 1671664.276365306926891 ], [ -612952.814633010653779, 1671249.307682094862685 ], [ -613769.014528169762343, 1670484.867153750965372 ], [ -614906.795186545932665, 1669521.417059479048476 ], [ -616138.554714656900615, 1668776.375085689127445 ], [ -616267.364230357576162, 1668247.324771210085601 ], [ -616183.454757705330849, 1667815.349325934657827 ], [ -616104.522211522562429, 1667276.595650787930936 ], [ -616275.278560494538397, 1666963.527332075638697 ], [ -616700.725517303915694, 1666769.363609443884343 ], [ -617348.892776074353606, 1666264.555475676199421 ], [ -617304.437001453479752, 1666101.953807613579556 ], [ -616993.208387568127364, 1664963.755497506586835 ], [ -616128.232810037443414, 1662301.605908832047135 ], [ -615633.810709583573043, 1660619.935471966629848 ], [ -613682.054466579575092, 1655553.637939768377692 ], [ -612662.278068353189155, 1652831.507809588918462 ], [ -612678.91503642173484, 1650210.797559018712491 ], [ -614527.290759895928204, 1649653.959737075958401 ], [ -627854.628303498728201, 1645348.078521251911297 ], [ -628528.116564065683633, 1645432.943211424630135 ], [ -631398.101721254177392, 1645352.603660929016769 ], [ -634166.833553759614006, 1645214.302871951367706 ], [ -634694.404915080172941, 1645078.384317414136603 ], [ -635430.026706633623689, 1644952.211417488753796 ], [ -635913.123316324315965, 1644653.620928119635209 ], [ -636396.235638855025172, 1644355.031791161512956 ], [ -637139.431607897160575, 1644068.629181470023468 ], [ -637872.640303945867345, 1643995.920634295092896 ], [ -638563.876644022995606, 1643707.103275469271466 ], [ -639527.768608502112329, 1643163.384111419087276 ], [ -640442.207521645817906, 1642563.806525123072788 ], [ -641401.200152836041525, 1642126.953152832807973 ], [ -642590.953875233884901, 1641219.047357056755573 ], [ -643027.269548220327124, 1640811.185365313664079 ], [ -646416.881643655709922, 1640810.076276610605419 ], [ -647720.327877195551991, 1637497.677795971510932 ], [ -647727.875891676638275, 1637337.373197772307321 ], [ -649595.332261920673773, 1632016.214308564551175 ], [ -649724.56130737811327, 1631486.729514932027087 ], [ -649521.34558187937364, 1631370.070723113836721 ], [ -648884.095190700143576, 1631607.91635635565035 ], [ -648350.979957595467567, 1631850.656922561815009 ], [ -647629.716872911434621, 1631656.15177431027405 ], [ -646120.619867620058358, 1630460.858977630967274 ], [ -644395.689138360787183, 1629416.324320949846879 ], [ -643169.064638924552128, 1627752.70686808670871 ], [ -643598.410381178138778, 1625256.086946499766782 ], [ -644231.053923402912915, 1621751.503404778195545 ], [ -644548.548819163348526, 1619410.223903527949005 ], [ -644240.940395089797676, 1617039.942834613611922 ], [ -644208.532216659747064, 1615485.628328569000587 ], [ -643779.310017674230039, 1614609.053082789760083 ], [ -643248.332015034742653, 1613674.264562336960807 ], [ -642672.15398604911752, 1612740.362740027485415 ], [ -642317.827300627715886, 1611385.167135360417888 ], [ -642351.971656788373366, 1610644.187505976064131 ], [ -642577.540524429408833, 1610272.05079864221625 ], [ -642887.872112575685605, 1610135.325160261476412 ], [ -643368.814411515835673, 1609931.790418819524348 ], [ -643721.029794771689922, 1609739.690427544526756 ], [ -645524.443687568884343, 1608697.70512882899493 ], [ -645546.715208688750863, 1608214.904453356517479 ], [ -645729.510644042631611, 1607581.97978661977686 ], [ -645953.003441367065534, 1606906.585833459859714 ], [ -645997.229300110368058, 1606772.934483507182449 ], [ -645806.04824472242035, 1606302.362416235962883 ], [ -645741.741071913391352, 1606025.230074155842885 ], [ -645190.69711627648212, 1605517.971748519921675 ], [ -644492.401172395795584, 1604227.367316110990942 ], [ -643282.053573281504214, 1602822.591077542863786 ], [ -643043.072370884008706, 1602530.358430577209219 ], [ -642420.224823798984289, 1601275.488678153138608 ], [ -641636.777873703977093, 1600170.84392615640536 ], [ -641430.563342339359224, 1599830.633178570074961 ], [ -640962.962879627011716, 1600027.539325068239123 ], [ -640467.46678744838573, 1600544.897363970521837 ], [ -640140.164596935268492, 1600743.690344606991857 ], [ -639723.903800069587305, 1600609.265545863192528 ], [ -639206.664798951009288, 1600521.06660617236048 ], [ -638947.127084551379085, 1600466.730485984589905 ], [ -638577.511485815281048, 1600556.926405229838565 ], [ -638148.515875773737207, 1600866.511621762998402 ], [ -637575.259145542280748, 1600778.901696865912527 ], [ -636405.117341454606503, 1600359.605787010397762 ], [ -635207.876543948659673, 1600147.650703587569296 ], [ -635147.009941541822627, 1600130.65905958134681 ], [ -634775.942639080109075, 1600027.075358985923231 ], [ -634232.179463538806885, 1599889.589981556171551 ], [ -633405.754799014190212, 1599465.123452476225793 ], [ -632923.44199927104637, 1598750.418738587526605 ], [ -632992.436537285568193, 1598438.620241665979847 ], [ -633136.283469961490482, 1597927.760394484503195 ], [ -633261.012967196526006, 1597112.349803630029783 ], [ -633144.32184898853302, 1596297.249618809903041 ], [ -632841.064219860360026, 1595695.660025428282097 ], [ -632308.718550462275743, 1594865.796872285660356 ], [ -631575.815108399372548, 1594100.620681922649965 ], [ -631381.125025649322197, 1593551.985992988105863 ], [ -634161.695996895199642, 1588049.192403559805825 ], [ -635454.243122374406084, 1585491.356473246356472 ], [ -640063.081262506078929, 1585099.301824843045324 ], [ -645300.514752931427211, 1579242.47380254836753 ], [ -647325.633204292040318, 1579369.381871718913317 ], [ -648626.701286828378215, 1579457.141200270038098 ], [ -649826.949797233566642, 1579538.161264653550461 ], [ -650139.819651208119467, 1579559.290543973213062 ], [ -650844.75943684973754, 1579002.254233348416165 ], [ -651500.135806711623445, 1578474.55168776283972 ], [ -652244.2289476711303, 1577875.377145532518625 ], [ -652321.193882383638993, 1577813.404539506416768 ], [ -652418.568042732775211, 1577734.998847028007731 ], [ -653930.352359922137111, 1576590.629228600068018 ], [ -653970.565149788511917, 1576559.221277821809053 ], [ -654536.029768953798339, 1576117.576805045129731 ], [ -654817.883480523712933, 1576035.418566327774897 ], [ -655171.938960052328184, 1575932.263534712605178 ], [ -656491.176411199849099, 1575670.963820413453504 ], [ -657706.158397455234081, 1575405.034643251914531 ], [ -657964.921021530870348, 1575279.632840720238164 ], [ -658393.208585775690153, 1575072.093836210202426 ], [ -658615.344445227878168, 1574964.435856749070808 ], [ -658867.063445458654314, 1574565.914048841688782 ], [ -659131.480805068043992, 1574155.321519518271089 ], [ -659231.42640227638185, 1573996.838565707672387 ], [ -661772.678409622050822, 1569966.158071475801989 ], [ -664392.813225589925423, 1569871.477554327808321 ], [ -666787.927767415298149, 1569753.831624011741951 ], [ -668015.161331091076136, 1569608.659297900740057 ], [ -668651.551808674121276, 1569423.505158786196262 ], [ -669190.970008743228391, 1569073.153809226583689 ], [ -669682.78762114723213, 1568601.12186762643978 ], [ -670070.621261791093275, 1568149.105903548188508 ], [ -670571.000192986568436, 1567585.396186079131439 ], [ -670848.35554134612903, 1567166.690546640427783 ], [ -671672.644684991100803, 1566298.616915532387793 ], [ -675205.141725803026929, 1562767.980064925272018 ], [ -676252.33547865296714, 1561800.005957200890407 ], [ -676836.524215626996011, 1561260.036162543809041 ], [ -677523.810955815715715, 1560624.795232895528898 ], [ -678028.928604955784976, 1560157.944467071443796 ], [ -678660.250781200593337, 1559507.423263122327626 ], [ -681390.328049785923213, 1556690.456775277853012 ], [ -683855.213836878770962, 1554151.44307312858291 ], [ -685999.255358527414501, 1551943.947838763007894 ], [ -686238.352389679057524, 1551697.790262771071866 ], [ -686404.200104302261025, 1551543.645051263272762 ], [ -687649.399859538534656, 1550251.832135283621028 ], [ -687432.630204124143347, 1549994.391208526445553 ], [ -687204.700303602265194, 1549789.642382401740178 ], [ -686994.261692395666614, 1549685.645839534467086 ], [ -686933.555178283946589, 1549653.584252581000328 ], [ -686881.221448625670746, 1549624.674575318582356 ], [ -686681.106591415591538, 1549516.739902903093025 ], [ -686598.21829244424589, 1549468.425832925830036 ], [ -686384.058726433897391, 1549346.168554179370403 ], [ -685942.681026582838967, 1549154.536420719698071 ], [ -685811.058775015641004, 1549101.863642407348379 ], [ -685452.69221087009646, 1549025.221360678784549 ], [ -685431.820701555348933, 1548998.422758675180376 ], [ -685382.949249239172786, 1548988.975510203279555 ], [ -685036.569514879956841, 1548544.248698931885883 ], [ -684693.649228243622929, 1548159.697123168269172 ], [ -684634.234878952382132, 1548132.143600203795359 ], [ -684504.469986137701198, 1548077.256994533119723 ], [ -684440.746120159048587, 1548038.517913699615747 ], [ -683972.862980873323977, 1547745.099742318503559 ], [ -683631.33384193177335, 1547193.447443546028808 ], [ -683449.098911482607946, 1546595.508762144250795 ], [ -683351.849330607568845, 1546430.252433076500893 ], [ -683227.684602238703519, 1546364.534718239912763 ], [ -682754.155182934133336, 1546113.916836092248559 ], [ -682686.784793963190168, 1546078.262152374489233 ], [ -682347.63172933482565, 1545473.192384971072897 ], [ -682060.743230871623382, 1544870.495760739082471 ], [ -681975.680897069629282, 1544437.845109454123303 ], [ -681942.885490748798475, 1544007.565563793061301 ], [ -681803.081067042658105, 1543626.00757779320702 ], [ -681565.98235945799388, 1543079.236070024315268 ], [ -681440.764756989199668, 1542376.76745981303975 ], [ -681726.57906575105153, 1541853.805852552410215 ], [ -682176.583988841390237, 1541177.492781965760514 ], [ -682723.893411891069263, 1540666.430415124166757 ], [ -683233.53155769361183, 1539832.018116759136319 ], [ -683200.699061572551727, 1539401.727595218457282 ], [ -682801.742199094733223, 1538954.792754851048812 ], [ -682619.26358571765013, 1538356.920001680962741 ], [ -682641.131436903961003, 1537875.514738186262548 ], [ -682551.099819468567148, 1537549.846583048580214 ], [ -682306.581453586462885, 1537163.558686099248007 ], [ -682066.891617663903162, 1536670.306801751023158 ], [ -681834.461426071822643, 1536016.594216528814286 ], [ -681552.124841468175873, 1535307.038319098995999 ], [ -681095.905648678774014, 1534964.799086334882304 ], [ -680694.375566636910662, 1534571.458370372885838 ], [ -680870.65288333571516, 1534150.673021809663624 ], [ -680795.065181771758944, 1533504.106825713766739 ], [ -680460.105965909780934, 1532907.47142523014918 ], [ -679870.240832945564762, 1532669.787519037490711 ], [ -679837.427624293370172, 1532656.923465068917722 ], [ -679278.904770156135783, 1532256.562310279347003 ], [ -678468.470294061349705, 1531630.512977372622117 ], [ -678183.518404209753498, 1530974.579385021468624 ], [ -677406.698581707431003, 1529599.878778527025133 ], [ -676860.092285916209221, 1528932.254873391939327 ], [ -676263.556829897686839, 1528208.810371086467057 ], [ -675809.516251395922154, 1527813.330296507105231 ], [ -675148.624324253527448, 1527355.028277726843953 ], [ -674812.630737281171605, 1527085.83021331159398 ], [ -674794.4054737361148, 1527071.228528403211385 ], [ -674144.939184883609414, 1526781.693925248924643 ], [ -673795.609472086187452, 1526533.354602911276743 ], [ -673608.189184692921117, 1526153.502591958967969 ], [ -673497.408340506488457, 1525920.958313246956095 ], [ -673361.931289331056178, 1525754.89925798564218 ], [ -673106.814609521999955, 1525432.920886568259448 ], [ -672601.230891946703196, 1524914.938451876631007 ], [ -672306.88400783482939, 1524526.606674804119393 ], [ -671307.667456395924091, 1523304.941026862012222 ], [ -671303.240509611088783, 1523275.64948120387271 ], [ -671276.224393125157803, 1522627.591052511474118 ], [ -671307.170049965148792, 1521932.460578786674887 ], [ -671542.620295128086582, 1521353.553972027031705 ], [ -671842.245646530995145, 1520509.597045806935057 ], [ -671925.552922082832083, 1519816.78458281327039 ], [ -671911.620435733580962, 1518984.258283225120977 ], [ -671686.837915223557502, 1518335.895135760307312 ], [ -671678.11853899131529, 1518305.578251394443214 ], [ -671799.366121145430952, 1517935.883249580860138 ], [ -671977.698283792007715, 1517461.651159584987909 ], [ -671949.150467554107308, 1516924.529550809180364 ], [ -672201.227764093317091, 1515971.354501928435639 ], [ -672208.342801854712889, 1515810.952435993589461 ], [ -672519.879700082121417, 1514654.44153427425772 ], [ -672274.725045475875959, 1514313.620727449422702 ], [ -671867.839677962241694, 1514027.753579462878406 ], [ -671468.107764789368957, 1513581.390244826907292 ], [ -670932.596536424243823, 1512646.85060488875024 ], [ -670589.836401185952127, 1512095.984445431735367 ], [ -670201.844633790431544, 1511382.374645420815796 ], [ -669956.664513398893178, 1510996.554349408950657 ], [ -669825.685471532400697, 1510464.78127695992589 ], [ -669803.587401485769078, 1509788.645154238911346 ], [ -669659.826069511240348, 1509537.610823052702472 ], [ -669481.825157897546887, 1509270.016694205580279 ], [ -669447.66389141837135, 1509208.889370038174093 ], [ -669414.301992295775563, 1509156.045634385664016 ], [ -669391.083125371718779, 1509119.268363141687587 ], [ -669217.246921394718811, 1508839.827784247463569 ], [ -668753.231294789584354, 1508658.701203269185498 ], [ -668365.608422625344247, 1508466.18271756824106 ], [ -668039.185822589555755, 1508305.830542383948341 ], [ -667767.420791332842782, 1508143.042080242652446 ], [ -667650.184211680665612, 1508067.98589916783385 ], [ -667550.522292949259281, 1508008.290584481786937 ], [ -667126.024058270268142, 1507750.663003082387149 ], [ -666715.885716405464336, 1507390.551522594643757 ], [ -666353.200938148889691, 1506843.255188938695937 ], [ -666125.515061520738527, 1506502.847601029556245 ], [ -665773.320859086466953, 1506058.888615591684356 ], [ -665329.180052919080481, 1505702.632007063599303 ], [ -665220.633478819392622, 1505610.822573550976813 ], [ -664711.552032394334674, 1505155.300330027937889 ], [ -664703.026848251931369, 1505127.720472922315821 ], [ -664565.712485134601593, 1504726.325870408676565 ], [ -664525.62197903636843, 1504609.139644859125838 ], [ -664548.746217775857076, 1504080.286175958113745 ], [ -664572.620357322739437, 1503534.090633983723819 ], [ -664593.194698050385341, 1503063.231840216554701 ], [ -664613.557071904651821, 1502597.081307596061379 ], [ -664632.943612831877545, 1502259.315001585986465 ], [ -665105.642759070033208, 1502125.31940625119023 ], [ -665375.219122776063159, 1501970.343529196223244 ], [ -665548.653866890119389, 1501602.97985795000568 ], [ -665634.812745175790042, 1501339.767014927929267 ], [ -665671.975668715313077, 1501252.606397161725909 ], [ -665692.836137751815841, 1501059.526453133206815 ], [ -665747.774229706497863, 1500647.419969460228458 ], [ -666893.843431764049456, 1499626.141016349894926 ], [ -667611.825059441849589, 1498907.501687849406153 ], [ -668258.9514834752772, 1498400.076354745542631 ], [ -669108.403117734240368, 1498169.330109053757042 ], [ -669548.261902626603842, 1497813.538844417780638 ], [ -669971.004968045512214, 1496439.111395225860178 ], [ -670306.14574832492508, 1496078.727496729232371 ], [ -670896.312802652828395, 1495675.912957365158945 ], [ -671224.478133352473378, 1495475.966380661353469 ], [ -671874.183202764950693, 1495017.464682078454643 ], [ -672401.323596936883405, 1494565.307809700956568 ], [ -672966.128874538233504, 1494047.228447168832645 ], [ -673394.923298606649041, 1493401.384973735548556 ], [ -673855.744030022760853, 1492800.217310305451974 ], [ -674514.614286572905257, 1492239.657448591198772 ], [ -675212.054886660305783, 1491787.953709789086133 ], [ -676075.995093242265284, 1491236.320272369775921 ], [ -676554.45118311047554, 1491096.469830454094335 ], [ -677019.167941627092659, 1491141.919103139545768 ], [ -677552.139180099125952, 1491193.767450990621001 ], [ -678021.361753886099905, 1491160.706796749029309 ], [ -678611.748954193200916, 1490865.101456664735451 ], [ -678794.271737734088674, 1490698.915785831632093 ], [ -678938.89679905353114, 1490563.672254751436412 ], [ -679159.132034882670268, 1490353.212973946705461 ], [ -679311.967459040461108, 1489966.788695633644238 ], [ -679517.945686888881028, 1489457.939837275538594 ], [ -679250.9892473439686, 1488856.871652260189876 ], [ -679052.533223716542125, 1488097.870803582947701 ], [ -679280.858699924778193, 1487679.163984153652564 ], [ -679890.023204234195873, 1486955.599456205731258 ], [ -680247.781610426027328, 1486369.792215816210955 ], [ -680342.009059502743185, 1486225.116619772510603 ], [ -680612.795045584207401, 1485912.619391365209594 ], [ -681082.706786912865937, 1485385.073942708782852 ], [ -681170.212957241106778, 1485296.742537120357156 ], [ -681391.640343193197623, 1484931.275856790132821 ], [ -681663.970624276204035, 1484750.352063023485243 ], [ -681991.444757726276293, 1484528.797461134847254 ], [ -682178.140200485242531, 1484332.474123127292842 ], [ -682431.793797761434689, 1484065.742353050969541 ], [ -682535.436983452644199, 1483968.830372381722555 ], [ -682815.06400378793478, 1483707.366163600003347 ], [ -682949.335330963833258, 1483231.457322121830657 ], [ -683000.399535437580198, 1483072.368148589041084 ], [ -683204.322487429017201, 1482657.44267158373259 ], [ -683396.706458220025524, 1482284.06530329445377 ], [ -683615.931089560268447, 1481848.001785272499546 ], [ -683628.316464791540056, 1481823.365778379142284 ], [ -683633.124265048420057, 1481813.802486149128526 ], [ -683660.381226630415767, 1481788.315463014179841 ], [ -683961.673371628392488, 1481506.589688484091312 ], [ -684383.363667383091524, 1481471.443847523769364 ], [ -684962.328924012137577, 1481443.187209128169343 ], [ -685331.678599800914526, 1481298.595082069979981 ], [ -685812.896978564560413, 1481105.229017053265125 ], [ -686375.486964158480987, 1480826.088516615796834 ], [ -686716.10296628321521, 1480718.493143949424848 ], [ -687089.682202475843951, 1480839.593291343655437 ], [ -687549.080192702123895, 1481018.679396548541263 ], [ -688593.694615329615772, 1481173.596017768373713 ], [ -689079.626532271271572, 1480873.296527162194252 ], [ -689741.690078582847491, 1480151.915159969124943 ], [ -690582.059500640258193, 1479063.104750759666786 ], [ -690969.365002700360492, 1478950.069741016952321 ], [ -691061.00947829335928, 1478923.324015092570335 ], [ -692155.21971983788535, 1479025.013522283639759 ], [ -692848.648589768214151, 1478787.455299566499889 ], [ -694583.844431478297338, 1478756.626611664891243 ], [ -695486.651504357811064, 1478709.281081415945664 ], [ -695694.405677956296131, 1478698.295852482784539 ], [ -695990.71865623514168, 1478745.724394247401506 ], [ -696633.66060600685887, 1478846.936922832392156 ], [ -697370.392482564318925, 1478718.598260726314038 ], [ -697812.689792617689818, 1478460.184355891076848 ], [ -697992.190242758952081, 1477727.314491829369217 ], [ -698122.26298624672927, 1476735.024245674023405 ], [ -698234.332200173288584, 1475915.003880918724462 ], [ -698558.59030355559662, 1475607.61140848766081 ], [ -699216.319652630249038, 1474993.208762492286041 ], [ -699522.762795338174328, 1474752.063646717695519 ], [ -699979.019164680037647, 1474383.369096958544105 ], [ -701173.13948134961538, 1473631.711773170391098 ], [ -701618.923894841223955, 1472954.290395638905466 ], [ -702064.583365858066827, 1472384.073093521641567 ], [ -702889.226347056915984, 1471669.731465908465907 ], [ -703361.554524416802451, 1471583.334222073899582 ], [ -704000.500843832502142, 1471504.266985093010589 ], [ -704532.395141991088167, 1471259.664931291015819 ], [ -704856.692433418706059, 1471059.428173277527094 ], [ -704985.152835192158818, 1470636.07012627646327 ], [ -705373.906382880173624, 1470063.325488981790841 ], [ -706024.852923345053568, 1469609.411559781292453 ], [ -706451.738588687730953, 1469467.396672029513866 ], [ -706942.948375480016693, 1469060.066144335549325 ], [ -707183.597090417984873, 1468373.443481542170048 ], [ -707064.800531020620838, 1467873.634044892620295 ], [ -707079.029818064067513, 1467273.21885255468078 ], [ -707070.389474632916972, 1466276.850692446576431 ], [ -707236.045776416780427, 1465917.572280901251361 ], [ -707471.003981528570876, 1465601.111323015298694 ], [ -707729.015983179211617, 1465263.124685443472117 ], [ -708251.508939433842897, 1464536.0668192836456 ], [ -708692.666143705835566, 1464072.816747399047017 ], [ -709126.75633045216091, 1463770.152313833823428 ], [ -709510.7261045393534, 1463411.641163624590263 ], [ -709605.122133400291204, 1463321.794772459892556 ], [ -709829.349869805620983, 1463053.220609535695985 ], [ -710189.584831394487992, 1462594.890064037172124 ], [ -710555.290456857299432, 1462322.236218335805461 ], [ -710595.862588702235371, 1462246.239424074534327 ], [ -710170.978010187158361, 1462542.491433023475111 ], [ -709834.800640473375097, 1463010.441855442011729 ], [ -709503.24496626551263, 1463371.240236520301551 ], [ -709119.303434505825862, 1463729.725375193869695 ], [ -708685.227588438196108, 1464032.407569613307714 ], [ -708244.085847764741629, 1464495.655463671777397 ], [ -707628.943600056227297, 1465326.6236264067702 ], [ -707237.913042214233428, 1465845.764890014193952 ], [ -707061.598503213375807, 1466267.02474899427034 ], [ -707071.591702416539192, 1467232.819693940225989 ], [ -707045.605856855167076, 1467821.580882528796792 ], [ -707179.391484668944031, 1468363.810923293000087 ], [ -706938.74303776700981, 1469050.4336015090812 ], [ -706447.53333597141318, 1469457.764289749553427 ], [ -706020.647645895835012, 1469599.779344488633797 ], [ -705369.701177936512977, 1470053.693497511325404 ], [ -704976.363846534397453, 1470626.258345678914338 ], [ -704852.48758107284084, 1471049.796277281828225 ], [ -704528.190313565777615, 1471250.033150154165924 ], [ -703991.672225663438439, 1471494.425626891665161 ], [ -703357.349596695508808, 1471573.702907169470564 ], [ -702880.42593069258146, 1471659.87789485626854 ], [ -702060.378532928414643, 1472374.4422376092989 ], [ -701614.719231211347505, 1472944.659659296041355 ], [ -701164.298216962488368, 1473621.870955131715164 ], [ -699974.814812887925655, 1474373.738886903040111 ], [ -699212.115420049522072, 1474983.578804236836731 ], [ -698554.386214609025046, 1475597.981655953684822 ], [ -698225.561663072090596, 1475905.153218863997608 ], [ -697987.987014694139361, 1477717.684711444424465 ], [ -697797.490766882663593, 1478459.91833075764589 ], [ -697366.189580119214952, 1478708.968622013693675 ], [ -696624.834216996328905, 1478837.140248625073582 ], [ -696586.979878019075841, 1478831.147544532548636 ], [ -697308.521898754639551, 1478706.429093588842079 ], [ -697739.890699068782851, 1478457.381335733924061 ], [ -697930.288598669692874, 1477715.144304977031425 ], [ -698167.885883598122746, 1475902.630637598223984 ], [ -698496.751790875103325, 1475595.43259770097211 ], [ -699154.492964255157858, 1474981.015924412524328 ], [ -699917.189140429021791, 1474371.189459573943168 ], [ -701106.682079782476649, 1473619.334916207939386 ], [ -701557.060161345172673, 1472942.107921754708514 ], [ -702002.730026555480435, 1472371.919234973378479 ], [ -702822.760722851613536, 1471657.353740960825235 ], [ -703299.698416821891442, 1471571.150370765477419 ], [ -703934.032960640033707, 1471491.886534240096807 ], [ -704470.551477150758728, 1471247.451149001717567 ], [ -704794.818338496610522, 1471047.254880951484665 ], [ -704918.680946299107745, 1470623.688678062288091 ], [ -705311.986955635482445, 1470051.164921386865899 ], [ -705962.945748528465629, 1469597.236697959247977 ], [ -706389.844812799012288, 1469455.207521504024044 ], [ -706881.053428502753377, 1469047.862416958902031 ], [ -707121.711919508641586, 1468361.283181484322995 ], [ -706987.910335768014193, 1467819.08186050481163 ], [ -707013.897362120915204, 1467230.265380857512355 ], [ -707003.902118243742734, 1466264.472102378262207 ], [ -707180.243649732321501, 1465843.199740725103766 ], [ -707571.242382843280211, 1465324.113551312591881 ], [ -708186.369263086933643, 1464493.11676639621146 ], [ -708627.523051163181663, 1464029.86933018732816 ], [ -709061.610679524950683, 1463727.201395831303671 ], [ -709445.579608753090724, 1463368.689146141055971 ], [ -709777.052459113532677, 1463007.858905740082264 ], [ -710113.28093253262341, 1462539.967241812730208 ], [ -710547.398974196752533, 1462237.289516986347735 ], [ -711067.099045721581206, 1461187.461938212858513 ], [ -711572.640077380463481, 1460458.818185595562682 ], [ -712092.351966984570026, 1459408.964884137269109 ], [ -712657.506334051024169, 1458521.9895548382774 ], [ -712996.141741001047194, 1458000.514110788470134 ], [ -713022.078072553966194, 1457411.608527817763388 ], [ -713274.551558922976255, 1456457.205403693486005 ], [ -713343.54076044773683, 1456084.757857266580686 ], [ -713686.908663494046777, 1455456.172042572870851 ], [ -714032.62358655850403, 1454774.041262953309342 ], [ -714318.749259241390973, 1454250.214250887511298 ], [ -714444.985750158084556, 1453772.990927329985425 ], [ -714496.754326689057052, 1452595.141643741633743 ], [ -714723.300525257829577, 1452229.598517270293087 ], [ -715512.736356486566365, 1451030.489501212956384 ], [ -716433.126466454006732, 1449246.994926583021879 ], [ -716571.08489330788143, 1448502.018954837694764 ], [ -716663.544567706529051, 1447594.113218780141324 ], [ -716703.449246102012694, 1446683.886736726621166 ], [ -717017.753756036283448, 1445517.447854901431128 ], [ -717678.731723160482943, 1444849.02753439405933 ], [ -718332.703983242390677, 1444341.196977970190346 ], [ -719036.887364894617349, 1443889.221598342992365 ], [ -719839.165079857921228, 1443602.487408229615539 ], [ -720481.486715541919693, 1443362.394679728662595 ], [ -720932.410337277688086, 1442684.711650296580046 ], [ -721068.029888104414567, 1441993.166602812707424 ], [ -720515.766759146936238, 1441378.811898674117401 ], [ -719437.942770171212032, 1440741.498388888081536 ], [ -718979.024633037857711, 1440399.524902279023081 ], [ -718890.303443141747266, 1440020.12434722459875 ], [ -718548.15852691559121, 1439415.062294281320646 ], [ -718203.654559859074652, 1438863.559746690094471 ], [ -717534.467674722662196, 1438512.478316358290613 ], [ -717018.261180381523445, 1438275.405619554920122 ], [ -716420.289754675701261, 1437498.343835960607976 ], [ -716135.23608657787554, 1436788.574045116547495 ], [ -716146.879695960320532, 1436520.860819364897907 ], [ -716327.822951054666191, 1435992.302536011440679 ], [ -716556.679297549882904, 1435573.10605194279924 ], [ -716739.948941511800513, 1434990.99831683258526 ], [ -716706.005384996533394, 1434560.360086355358362 ], [ -716683.680680688936263, 1433862.019155551446602 ], [ -716764.135165818268433, 1433221.797043838305399 ], [ -716570.158094947924837, 1432837.873600516468287 ], [ -715446.280102303484455, 1432038.152294571744278 ], [ -714733.588685732800514, 1431470.888419079128653 ], [ -713815.248659269651398, 1430787.488824150990695 ], [ -713575.581555700162426, 1430240.753812063252553 ], [ -713541.50769512867555, 1429810.165184287121519 ], [ -713624.135888957651332, 1429116.450145245529711 ], [ -713754.683448860654607, 1428532.058903532335535 ], [ -713885.22504259319976, 1427947.677990198135376 ], [ -713601.753159245476127, 1427415.298636789666489 ], [ -713232.024644637247548, 1427446.215778022771701 ], [ -713170.292071172036231, 1427434.06861228053458 ], [ -712125.628614495508373, 1427228.192126407986507 ], [ -711817.155902054393664, 1427054.012898451881483 ], [ -711360.173516697017476, 1426658.90851262700744 ], [ -710793.463108998490497, 1426366.368204161059111 ], [ -710190.264800640987232, 1425696.871593106305227 ], [ -709536.782041581114754, 1424971.598818719154224 ], [ -709534.485030098119751, 1425025.14319665892981 ], [ -709244.334852871252224, 1424422.757614097557962 ], [ -708887.835334087023512, 1424139.337953886482865 ], [ -708380.498455394525081, 1423688.560654672794044 ], [ -707923.436029446078464, 1423293.583604427753016 ], [ -707525.793629166437313, 1422740.31840338348411 ], [ -707395.553423201898113, 1422091.221564270788804 ], [ -707473.26534268213436, 1421504.652903497219086 ], [ -707173.858909399714321, 1421116.478428520960733 ], [ -706991.351329745724797, 1420914.052991827717051 ], [ -706573.736726453294978, 1420996.737325528170913 ], [ -705790.971468864008784, 1421149.860263299429789 ], [ -705112.570226550800726, 1421281.479795736959204 ], [ -704460.620140891755, 1421410.145202282816172 ], [ -703681.062581199454144, 1421562.692584146279842 ], [ -702987.790369171183556, 1421698.371402971446514 ], [ -702375.669521168805659, 1421817.076338267419487 ], [ -701669.944134057266638, 1421955.221296201227233 ], [ -698172.042061635991558, 1422640.163398230681196 ], [ -697404.091948213288561, 1422791.697263225447387 ], [ -696322.076057625934482, 1423002.570931775728241 ], [ -695313.255774771794677, 1423200.243947983020917 ], [ -694205.664404310518876, 1423418.414454106939957 ], [ -693054.69039008859545, 1423644.021677683340386 ], [ -692144.220902848755941, 1423822.516401630826294 ], [ -690683.364579980727285, 1424108.967394099570811 ], [ -689477.34666636865586, 1424345.499546028207988 ], [ -688490.958638276206329, 1424538.990749192424119 ], [ -687299.379604400834069, 1424772.773516970220953 ], [ -685876.080855866894126, 1425052.077842314261943 ], [ -684319.53236449463293, 1425357.60428960993886 ], [ -683610.972597971791402, 1425898.014283070107922 ], [ -682946.613996101776138, 1426404.730828512925655 ], [ -682193.888165849959478, 1426975.164979710010812 ], [ -681121.196704915724695, 1427797.09655210422352 ], [ -680296.499606695724651, 1428426.191330942325294 ], [ -679674.627134565263987, 1428896.896189294522628 ], [ -678988.315078950487077, 1429420.470044188434258 ], [ -678980.07422525761649, 1430150.052034609951079 ], [ -678973.614351523574442, 1430720.953511415980756 ], [ -678968.000940684229136, 1431216.313926183618605 ], [ -678965.520694468403235, 1431839.095345492241904 ], [ -678959.625060712220147, 1432358.016404440859333 ], [ -678944.077703614486381, 1433319.97595298034139 ], [ -678935.423260489711538, 1434480.527153375092894 ], [ -678929.890464608091861, 1434561.851476099574938 ], [ -678868.279607907636091, 1434522.035735836718231 ], [ -678422.680343702668324, 1434234.079624368110672 ], [ -678150.850136090070009, 1434062.61256813001819 ], [ -678021.297468537697569, 1433980.894704380072653 ], [ -677390.240453104954213, 1433582.864072400843725 ], [ -676833.917495261179283, 1433232.000093796756119 ], [ -676048.341457326896489, 1432724.631270638434216 ], [ -675430.02696131519042, 1432331.096853820374236 ], [ -674811.23566526430659, 1431937.293028971645981 ], [ -674068.20780832064338, 1431464.468935955548659 ], [ -671415.515033344971016, 1429818.233032561838627 ], [ -670981.612018651328981, 1429551.699913003249094 ], [ -670731.538647860521451, 1429396.548483575228602 ], [ -670627.946141837630421, 1429326.681915456196293 ], [ -669371.906804191181436, 1428516.523942339932546 ], [ -666839.470575394341722, 1426877.852622776059434 ], [ -666130.785683187888935, 1426549.6069266195409 ], [ -665478.793429496930912, 1426247.648794812615961 ], [ -665271.426471506245434, 1426143.96778747625649 ], [ -665178.566769937053323, 1426097.354480635607615 ], [ -665083.590706709772348, 1425992.317901172675192 ], [ -660342.268537643598393, 1423654.435082744108513 ], [ -657507.84537986619398, 1422252.881675273645669 ], [ -656630.833369804546237, 1421842.087867840891704 ], [ -655021.122906268574297, 1421347.866152676055208 ], [ -653931.910105715505779, 1420982.082890649093315 ], [ -650149.575344433542341, 1419866.791672633728012 ], [ -650216.041182782966644, 1419501.626014799345285 ], [ -650352.446690175449476, 1419182.737584601389244 ], [ -650662.704760895809159, 1418481.225316773168743 ], [ -651061.900399904465303, 1417589.124263411853462 ], [ -651857.510980783961713, 1415779.669791965512559 ], [ -652236.61389313521795, 1414933.042561038630083 ], [ -652586.784298565005884, 1414141.283181990729645 ], [ -652737.841033985838294, 1413789.143581276526675 ], [ -653034.770878713577986, 1413101.683691879501566 ], [ -653367.783739702543244, 1412296.242263198830187 ], [ -653724.323806987376884, 1411445.2231034419965 ], [ -654570.193001785315573, 1409399.319824408506975 ], [ -654583.512045688694343, 1408685.953105969820172 ], [ -654615.081480547087267, 1406991.852221134118736 ], [ -654824.852725620614365, 1406893.27231630962342 ], [ -655247.198158479528502, 1406856.812067091930658 ], [ -655632.398377243895084, 1406551.162074032938108 ], [ -655798.606791665777564, 1406343.718540609814227 ], [ -656026.004096598830074, 1405924.591481963172555 ], [ -656143.187111015431583, 1405673.634012972470373 ], [ -656485.118546713609248, 1404979.420327844796702 ], [ -656872.254188676597551, 1404513.20387760642916 ], [ -657261.549410271691158, 1403993.513755616499111 ], [ -657751.607841445598751, 1403584.992758255451918 ], [ -657979.03169452608563, 1403165.840658122906461 ], [ -658015.759641694603488, 1403074.839845078764483 ], [ -658212.932208713376895, 1402586.303866964764893 ], [ -658607.902962523978204, 1402313.788353266194463 ], [ -658858.187299421289936, 1402130.52465853234753 ], [ -658976.488795969868079, 1401921.112290062010288 ], [ -659564.901632253313437, 1401570.144889436196536 ], [ -659996.040685705607757, 1401319.796029453165829 ], [ -660494.775431705871597, 1400697.372262938413769 ], [ -660939.16725102183409, 1400233.457022074609995 ], [ -661868.874039972899482, 1399253.658932181308046 ], [ -662034.04253240977414, 1398989.676525476155803 ], [ -661735.14440736034885, 1398709.844171183882281 ], [ -661638.680114851566032, 1398324.578667882829905 ], [ -661570.681117987958714, 1398224.063580444082618 ], [ -661492.649536695564166, 1398110.38347140699625 ], [ -661404.054716103943065, 1397618.901832543080673 ], [ -661421.335419363342226, 1397191.219426127150655 ], [ -661329.99378246627748, 1396868.868687203153968 ], [ -661081.611624301178381, 1396481.315565905533731 ], [ -660713.727194240083918, 1396466.491666377754882 ], [ -660389.846098508918658, 1396667.639484708895907 ], [ -659538.393773245858029, 1396901.034024376422167 ], [ -659493.797230447875336, 1396895.087657302618027 ], [ -658962.560869538458064, 1396824.260775955859572 ], [ -658610.809365500696003, 1396600.326453315559775 ], [ -658473.989266478223726, 1396117.925867147510871 ], [ -658376.533779246965423, 1395834.287346513709053 ], [ -658348.786408504005522, 1395753.532719609793276 ], [ -658314.062344147125259, 1395650.048383495304734 ], [ -658083.462043889565393, 1395128.994108339305967 ], [ -658030.961365794762969, 1395126.882350142579526 ], [ -657592.161472385050729, 1394533.395592619897798 ], [ -656871.851638466352597, 1393848.819996136007831 ], [ -656567.350574882235378, 1393568.88579854182899 ], [ -655809.176824391353875, 1392788.909440329065546 ], [ -655412.329833704745397, 1392184.108522704569623 ], [ -655328.853740287711844, 1391646.816714908229187 ], [ -655446.570344800828025, 1391328.822890976443887 ], [ -655599.915771498577669, 1391149.153867273125798 ], [ -655643.497824122430757, 1391098.090605351841077 ], [ -656100.123842883622274, 1390663.631661885417998 ], [ -656091.306522929342464, 1390522.431268283165991 ], [ -656084.58803759329021, 1390414.845575723797083 ], [ -656075.075297515373677, 1390359.721130956662819 ], [ -656067.406772485468537, 1390282.851834749570116 ], [ -656082.375452916370705, 1389908.696139932144433 ], [ -656177.714999134419486, 1389753.845428364351392 ], [ -656307.596098787384108, 1389542.893008634448051 ], [ -656315.506509228376672, 1389499.273870356846601 ], [ -656375.068800520151854, 1389170.834491979796439 ], [ -656173.362182140117511, 1388948.559151688124985 ], [ -655809.79639651463367, 1388826.92383856442757 ], [ -655555.570722997421399, 1388602.672738716006279 ], [ -655568.381141957361251, 1388281.93187981727533 ], [ -655635.888861210085452, 1387909.823363967472687 ], [ -655808.524728856980801, 1387541.966712798923254 ], [ -655613.193581011844799, 1387159.365640503820032 ], [ -655470.474331098841503, 1386778.925271204207093 ], [ -655329.879265592433512, 1386345.02284894650802 ], [ -655248.1803785036318, 1385752.820113010937348 ], [ -655107.564335920382291, 1385318.925809058826417 ], [ -655116.082264726981521, 1385105.06334266369231 ], [ -655183.496524382382631, 1384733.007142491871491 ], [ -655091.178677977761254, 1384408.08568359981291 ], [ -654643.610856128158048, 1383747.847790551604703 ], [ -654454.685349096078426, 1383204.955169981345534 ], [ -654272.003444886067882, 1382501.728049552999437 ], [ -653774.018780764192343, 1381785.996827648254111 ], [ -653849.866634835721925, 1381200.09044901933521 ], [ -654131.76999822142534, 1380729.506775153335184 ], [ -654304.341621776577085, 1380361.567358556436375 ], [ -654428.573362839408219, 1379884.667197377188131 ], [ -654123.751697115367278, 1379604.89781467244029 ], [ -653459.452142716851085, 1379096.766939866123721 ], [ -653316.527847113786265, 1378716.336026683216915 ], [ -653287.212975335307419, 1378126.272636463632807 ], [ -653146.438135296572, 1377692.44386449852027 ], [ -652799.610200402559713, 1377143.384709732839838 ], [ -652400.124818161828443, 1376592.318392570596188 ], [ -652239.147743572248146, 1376389.6002537983004 ], [ -652048.98764308844693, 1376150.15520750079304 ], [ -651744.15000445721671, 1375870.463855100329965 ], [ -651813.538034417666495, 1375444.95870960270986 ], [ -652036.515563421184197, 1375132.539912332314998 ], [ -651885.140384789090604, 1374965.995249869534746 ], [ -651827.355072701582685, 1374963.717582381563261 ], [ -651569.670624140882865, 1374953.557931544259191 ], [ -651522.527975628850982, 1374951.696100291796029 ], [ -651305.016264763195068, 1374907.182833002181724 ], [ -651198.593066839268431, 1374885.404251863015816 ], [ -650832.702794861514121, 1374817.464946653461084 ], [ -650580.380710551515222, 1374539.875265521928668 ], [ -650492.055232348386198, 1374108.160667072283104 ], [ -650405.836872352054343, 1373623.018019241513684 ], [ -650527.792410864727572, 1373199.562530755531043 ], [ -650647.659078668337315, 1372829.550799308577552 ], [ -650935.733196699991822, 1372198.520581840537488 ], [ -650790.614074066979811, 1371871.633604035014287 ], [ -650485.653610884677619, 1371592.014852161053568 ], [ -650132.309708111220971, 1371203.436785641591996 ], [ -649831.529999976512045, 1370816.932925459928811 ], [ -649686.369180837180465, 1370490.066822965396568 ], [ -649545.405852995114401, 1370056.316673370776698 ], [ -649410.714631882729009, 1369462.225198063068092 ], [ -649219.232355808606371, 1368972.967329196864739 ], [ -649242.243536529596895, 1368385.087688166415319 ], [ -649425.088036200962961, 1367749.906827562721446 ], [ -649397.592717180494219, 1367106.495486301369965 ], [ -649161.832352401921526, 1366401.422121902927756 ], [ -649079.633628224022686, 1365809.421364612644538 ], [ -648995.335557475453243, 1365270.853096218779683 ], [ -649287.457641182234511, 1364532.890252727316692 ], [ -649405.140910374233499, 1364216.316588397370651 ], [ -649365.065096833044663, 1363893.587371124420315 ], [ -649230.230829174630344, 1363299.525185254635289 ], [ -649053.189095309469849, 1362436.201326810056344 ], [ -649143.253574413480237, 1361476.222753399750218 ], [ -649694.14497365988791, 1360855.352627163054422 ], [ -650188.301089171087369, 1360339.316668350948021 ], [ -650160.667946498375386, 1359695.899301925906911 ], [ -650200.16516627673991, 1358680.397798053687438 ], [ -650551.085917833028361, 1357784.06368661345914 ], [ -650826.546679630177096, 1357473.595034550642595 ], [ -650519.254336833255365, 1357247.547940504038706 ], [ -650270.771210388280451, 1356863.199651231756434 ], [ -650333.7475447030738, 1356598.000498520908877 ], [ -650701.985653520561755, 1356612.310161650646478 ], [ -651112.411179270595312, 1356895.891556078800932 ], [ -651120.742945050587878, 1356866.925235920120031 ], [ -651165.995398733532056, 1356896.673685126239434 ], [ -651121.467652637977153, 1356864.405567365232855 ], [ -651173.320086759282276, 1356684.134651679778472 ], [ -650979.521315649151802, 1356248.360805007396266 ], [ -651153.932755737332627, 1355826.915879337815568 ], [ -651441.867771045072004, 1355195.736259038792923 ], [ -651294.410689348820597, 1354922.375387961510569 ], [ -651161.47549336636439, 1354274.862677975092083 ], [ -651129.606336982687935, 1353738.341829492710531 ], [ -651219.483390283770859, 1352778.295021784026176 ], [ -651450.638960798503831, 1352251.962202416965738 ], [ -651424.919239935465157, 1351555.082334584789351 ], [ -650965.880847662687302, 1351162.616365579655394 ], [ -650257.439254937693477, 1350979.467344948323444 ], [ -649499.999275264563039, 1351052.431723862187937 ], [ -648471.503684109542519, 1351762.06217325408943 ], [ -646681.905241597210988, 1353084.550609312020242 ], [ -645269.47678542137146, 1354114.715939483139664 ], [ -645029.722894423175603, 1354313.213158241473138 ], [ -644619.142286724410951, 1354664.122903911629692 ], [ -644070.338765313848853, 1354759.519805803196505 ], [ -644031.493771695066243, 1354766.273613656172529 ], [ -643606.95258137374185, 1354836.28013558476232 ], [ -643553.736414835322648, 1354837.080199069110677 ], [ -643202.03812232427299, 1354395.39367655897513 ], [ -642105.760536303045228, 1354139.130744765745476 ], [ -641911.313074566656724, 1354131.649225490866229 ], [ -641322.03361512394622, 1354108.984111292054877 ], [ -641149.128363175550476, 1354173.167327141622081 ], [ -640146.537557989824563, 1354545.390452895080671 ], [ -639486.413731654873118, 1355215.717871088767424 ], [ -638752.473680052673444, 1355187.514798240968958 ], [ -638694.732598865870386, 1355185.286405880702659 ], [ -638512.207325357943773, 1355034.775436500320211 ], [ -638490.542246770113707, 1355016.910598861752078 ], [ -637890.210212825564668, 1354191.248643662082031 ], [ -637132.583242588210851, 1353848.983555125072598 ], [ -636334.70003105327487, 1353871.012759698554873 ], [ -635161.022472830954939, 1354466.95164785720408 ], [ -634105.637410818366334, 1354865.051844246918336 ], [ -633684.711259912932292, 1354878.084960567532107 ], [ -633604.315771984634921, 1354880.237264070659876 ], [ -633545.535248462576419, 1354881.025265444535762 ], [ -633782.406999643426389, 1354194.564903820399195 ], [ -633792.612310623750091, 1353927.426815325859934 ], [ -635315.199392234906554, 1348528.217980340356007 ], [ -640039.313956542173401, 1333725.6165159358643 ], [ -639990.71452738228254, 1333616.76331414654851 ], [ -640644.373165770899504, 1331661.594481890788302 ], [ -642941.98621983663179, 1321045.744678910588846 ], [ -644306.800482620950788, 1315584.965035016881302 ], [ -643837.534213543636724, 1306951.715903996489942 ], [ -641187.960250336444005, 1303000.743795505026355 ], [ -641137.239400389138609, 1302945.362710905726999 ], [ -639495.235728528350592, 1300262.93476532259956 ], [ -638738.37129233032465, 1299325.500797594431788 ], [ -637928.767432487104088, 1298386.190486014587805 ], [ -636762.049187584314495, 1297112.829701404785737 ], [ -635601.088441515574232, 1295679.331351466709748 ], [ -634529.775141040096059, 1294677.210735344793648 ], [ -633514.976604253984988, 1293570.274157381150872 ], [ -632322.606948568951339, 1292991.898862291825935 ], [ -631333.199979903874919, 1292634.958003984298557 ], [ -629247.103022056166083, 1291970.838815398979932 ], [ -628048.913224757183343, 1291552.991586088202894 ], [ -625863.266415230697021, 1290725.167453528847545 ], [ -624251.342626420082524, 1290078.704730616183951 ], [ -623845.293806974543259, 1289636.211676039500162 ], [ -623029.30184179614298, 1288858.115491745295003 ], [ -622314.81947218044661, 1288190.69057886605151 ], [ -621908.703127905726433, 1287748.280843278858811 ], [ -621429.325620861025527, 1287134.338424128480256 ], [ -620748.742614998947829, 1286262.801764257717878 ], [ -619801.29620087123476, 1284731.590999833773822 ], [ -619754.341657840413973, 1284569.509780959691852 ], [ -619679.183961084112525, 1280783.108797384658828 ], [ -617329.81152127450332, 1281228.157331203576177 ], [ -615232.174010773189366, 1281633.862421152880415 ], [ -602546.378961237845942, 1282414.188538479385898 ], [ -602479.745566566940397, 1282406.79964140849188 ], [ -603206.417482739081606, 1275216.788575668120757 ], [ -603268.42368230316788, 1274951.724822721676901 ], [ -603735.450229284120724, 1270638.68862255429849 ], [ -603114.408103107009083, 1270296.374418237712234 ], [ -601347.296093570999801, 1269540.096524819731712 ], [ -599888.872981187654659, 1269008.470057285390794 ], [ -598543.218239830806851, 1268267.087415175978094 ], [ -598510.864662047242746, 1267678.113744819071144 ], [ -598382.354090939508751, 1266818.623690594220534 ], [ -598217.308105008909479, 1262430.850497850449756 ], [ -598165.224437033291906, 1260879.308841478778049 ], [ -598291.334550984669477, 1258746.057633325457573 ], [ -598627.673885215306655, 1258169.780781750334427 ], [ -599644.095365446759388, 1256227.376899110851809 ], [ -600604.175856582354754, 1254389.847877261694521 ], [ -602178.900080209365115, 1251557.871523009380326 ], [ -603537.35973702929914, 1248878.674837294965982 ], [ -605172.303742192918435, 1245834.65469919051975 ], [ -605241.459122353000566, 1245355.983703216770664 ], [ -605154.251926348544657, 1244818.521063867257908 ], [ -605212.452230149880052, 1244660.155437449226156 ], [ -607674.014847419690341, 1237642.294428383931518 ], [ -608195.175717463251203, 1236156.299806914757937 ], [ -609457.345041198190302, 1233205.816929493565112 ], [ -609894.607171898009256, 1231826.109426431823522 ], [ -610462.962574133649468, 1230032.652763666585088 ], [ -610941.170147793833166, 1228391.753365189535543 ], [ -611501.394097900949419, 1227448.509216449456289 ], [ -611865.008734720759094, 1226070.946500318357721 ], [ -611478.96784523059614, 1224988.748932357411832 ], [ -610916.521339959464967, 1224435.19126162561588 ], [ -610299.486103826202452, 1223933.271925888024271 ], [ -609476.758635993581265, 1223264.081154942279682 ], [ -608346.358763596275821, 1222317.34174913354218 ], [ -607791.011696762870997, 1221550.357681150315329 ], [ -607495.895705078030005, 1220899.037203950574622 ], [ -607198.967750378884375, 1220301.117689838865772 ], [ -606974.471343393437564, 1219117.703770768130198 ], [ -606835.822830676566809, 1218525.126862500561401 ], [ -606804.493650757940486, 1217882.68565927259624 ], [ -606454.705557795474306, 1217283.058216818142682 ], [ -606352.727326537948102, 1217172.742256726371124 ], [ -605463.342741458909586, 1215325.842992230784148 ], [ -604964.037251342553645, 1214454.063151905778795 ], [ -604357.346826638327911, 1213632.186326901428401 ], [ -603602.940122220665216, 1212484.776264275424182 ], [ -602698.946290185442194, 1211065.257312790723518 ], [ -601807.201110179070383, 1209272.16990298521705 ], [ -601191.455089855473489, 1208717.404868733603507 ], [ -600619.674346743384376, 1208431.320151071297005 ], [ -600061.961428333772346, 1207718.229241046123207 ], [ -599775.186438223347068, 1206800.325726729817688 ], [ -599433.820671488298103, 1205934.093053482240066 ], [ -599294.761733670718968, 1205341.720454804599285 ], [ -598752.734764237189665, 1204148.310648757265881 ], [ -598460.542765880702063, 1203390.621117477305233 ], [ -598224.609159301035106, 1202527.911442891461775 ], [ -597670.174946092767641, 1201708.23336126934737 ], [ -597265.267489733640105, 1201544.916715648258105 ], [ -596831.325770410010591, 1201627.081018356839195 ], [ -596803.747274903813377, 1201619.921339417807758 ], [ -596774.518933825427666, 1201625.49168712971732 ], [ -596093.535187158035114, 1201442.934152917936444 ], [ -595525.083632592111826, 1201050.342978803440928 ], [ -595264.633103663101792, 1200934.981333690462634 ], [ -594646.882760629756376, 1200433.943826796486974 ], [ -594286.080386128276587, 1200155.043542094063014 ], [ -594169.6436511578504, 1200087.745251912157983 ], [ -593679.209177040262148, 1199804.2980275163427 ], [ -593404.359899954637513, 1199645.455564006930217 ], [ -593043.545262760482728, 1199366.585401779273525 ], [ -592473.327898408519104, 1199027.477226104354486 ], [ -591957.621929031098261, 1198636.7367371940054 ], [ -591239.420527103124186, 1197972.317391259362921 ], [ -590776.459895944222808, 1197583.334043146343902 ], [ -590366.287552270339802, 1197196.077262348029763 ], [ -589545.916233426425606, 1196421.604107226710767 ], [ -588817.278706135461107, 1196077.525864619994536 ], [ -588400.176516116363928, 1195903.778251131763682 ], [ -587720.871737787732854, 1195668.171156940283254 ], [ -586993.936779843876138, 1195270.788442553253844 ], [ -586321.53664974286221, 1194821.793090801453218 ], [ -582297.208600324578583, 1188496.75236829277128 ], [ -581837.433509291382506, 1188001.379993945127353 ], [ -580689.718515584012493, 1187537.527210264932364 ], [ -579809.332648955984041, 1186975.435789023060352 ], [ -578574.675691897049546, 1185921.487464968580753 ], [ -578576.369360814103857, 1185868.138553638244048 ], [ -578121.591980955563486, 1185212.866217574803159 ], [ -577516.898872520774603, 1184285.833783239824697 ], [ -576840.793487419839948, 1183944.026608501560986 ], [ -575902.447619961109012, 1183540.528709265869111 ], [ -575125.819193387171254, 1183035.400858708191663 ], [ -574047.592428318690509, 1182040.226323722628877 ], [ -573834.123369620880112, 1181791.203355854842812 ], [ -573436.00439053052105, 1181326.798660712083802 ], [ -572316.608292264631018, 1179956.700001759920269 ], [ -571554.928777958732098, 1178971.704803617903963 ], [ -570540.935808108653873, 1177605.122920068213716 ], [ -569927.51453875657171, 1176945.233313731616363 ], [ -569312.361379287904128, 1176338.711168246809393 ], [ -568690.54639347968623, 1175945.576789019396529 ], [ -568121.523639652645215, 1175554.111821808386594 ], [ -567397.441658065654337, 1175051.069045116426423 ], [ -566666.711224868893623, 1174761.406368423253298 ], [ -564278.267399243777618, 1173406.005101011833176 ], [ -564177.643391750520095, 1173242.743693151976913 ], [ -563585.490998358232901, 1171889.84374348516576 ], [ -563440.314580427017063, 1171458.301497119478881 ], [ -563191.218641265993938, 1170970.172827210044488 ], [ -562989.943158329697326, 1170643.666292635025457 ], [ -562334.953576164552942, 1169609.233724650926888 ], [ -561986.794872205937281, 1168904.564485072158277 ], [ -560877.912139988737181, 1167162.325054003624246 ], [ -558169.196644285228103, 1162435.692878482397646 ], [ -556012.599799370393157, 1158634.024927336256951 ], [ -553597.699156524147838, 1154611.671010446036234 ], [ -553548.119782180059701, 1154503.431761466432363 ], [ -551525.343172328080982, 1150999.958090947242454 ], [ -543194.127634574426338, 1136586.670957181137055 ], [ -535485.706366008729674, 1123559.386640436016023 ], [ -535386.216836288454942, 1123343.155244593508542 ], [ -535028.75315411016345, 1122906.140757532091811 ], [ -534089.532897424069233, 1120638.9365689617116 ], [ -532134.732456841389649, 1116902.784060869598761 ], [ -530725.492391074309126, 1114409.285972978454083 ], [ -528608.040385650936514, 1110775.996670242631808 ], [ -526939.890381649020128, 1108062.483352007111534 ], [ -526951.920331627829, 1107636.205307727912441 ], [ -526805.156223851954564, 1105339.074124023318291 ], [ -526557.030187772004865, 1102879.152179267723113 ], [ -526240.312175231054425, 1099084.239379531471059 ], [ -525865.843609396019019, 1095447.77820571209304 ], [ -525627.312956081237644, 1092615.022730790777132 ], [ -525630.274488052353263, 1092508.449308804702014 ], [ -525335.67749144975096, 1089780.828119298210368 ], [ -524659.115551062859595, 1083630.177218768047169 ], [ -524835.310178379993886, 1082995.170648561790586 ], [ -525449.124935463536531, 1081838.986916028894484 ], [ -526062.937327810563147, 1080682.77767938375473 ], [ -527007.207983608706854, 1079055.699815571308136 ], [ -527607.878922692965716, 1078379.013042071601376 ], [ -528218.814391479711048, 1077329.276754678459838 ], [ -528891.433192718075588, 1075961.27960276324302 ], [ -529390.781047829776071, 1075121.745809493819252 ], [ -530157.500979530974291, 1074182.893612231593579 ], [ -530877.2078636221122, 1073029.409261033171788 ], [ -531489.694448935333639, 1071926.285569309256971 ], [ -532150.69249339227099, 1070984.452103761490434 ], [ -532848.570568762719631, 1070630.26010732841678 ], [ -533702.206625592312776, 1070387.013744920492172 ], [ -534084.185240029124543, 1069970.828330358956009 ], [ -534736.521793161868118, 1069348.7115261873696 ], [ -535447.6263341443846, 1068514.864912728546187 ], [ -535898.598335778573528, 1067513.855232289759442 ], [ -536289.395339008653536, 1066777.863836183212698 ], [ -536154.019037716672756, 1065920.787171384319663 ], [ -535685.151105637545697, 1065641.27720211725682 ], [ -534688.664183582412079, 1065294.044634885620326 ], [ -534601.773947576060891, 1064598.333718023030087 ], [ -535274.489064231049269, 1063230.005134217673913 ], [ -535403.558499449980445, 1062380.178602713393047 ], [ -535407.916377768386155, 1062220.300063690403476 ], [ -535272.417076132376678, 1061363.249630805104971 ], [ -535069.46580854523927, 1061037.732505213702098 ], [ -534709.227154881460592, 1060654.59641150617972 ], [ -534246.056145956506953, 1060161.998295906931162 ], [ -533829.994936298113316, 1059884.045030287699774 ], [ -533419.714649440720677, 1059392.913089555688202 ], [ -532956.510755885858089, 1058900.375616860343143 ], [ -532386.015738619607873, 1058458.278334921225905 ], [ -532025.725387244718149, 1058075.217290181899443 ], [ -531929.995645307470113, 1057699.321675230516121 ], [ -531133.052167157758959, 1057167.089724513934925 ], [ -530518.121827030205168, 1057355.265594186494127 ], [ -529980.372021001530811, 1057660.668508090078831 ], [ -529361.09902603959199, 1057807.037881704280153 ], [ -528967.897909325896762, 1057899.984582434408367 ], [ -528274.691211299039423, 1057822.790585818933323 ], [ -528913.510592072503641, 1057882.736924393102527 ], [ -528278.643263444188051, 1057814.0208887134213 ], [ -527293.482158189988695, 1057040.956844252068549 ], [ -527104.956346226041205, 1056242.825612977612764 ], [ -527546.667598216095939, 1055501.443635658593848 ], [ -528100.131832507206127, 1054609.782150285784155 ], [ -529018.308047386235557, 1053941.249739497900009 ], [ -529620.386972099542618, 1053210.929495706222951 ], [ -529997.937237427686341, 1052954.38497448223643 ], [ -530856.106668549356982, 1052550.85349960019812 ], [ -531406.800452146446332, 1051765.727911625057459 ], [ -531584.160678770509548, 1051077.238061459269375 ], [ -531542.732918189954944, 1050649.514336056774482 ], [ -531618.501165235880762, 1049798.270574968541041 ], [ -531538.410903110052459, 1048836.22122993809171 ], [ -531805.773529165191576, 1046763.55729863862507 ], [ -531827.15628795849625, 1045964.190721488790587 ], [ -532280.022037423681468, 1045875.538859109394252 ], [ -532306.368395604891703, 1045870.381458539632149 ], [ -532885.770447103655897, 1045992.512195350253023 ], [ -533775.584025171934627, 1046389.686403415282257 ], [ -534671.116950770607218, 1046573.674590023583733 ], [ -535258.670762615394779, 1046788.604921505437233 ], [ -535730.282575264573097, 1046388.796604649745859 ], [ -536269.639267410966568, 1046029.939839565544389 ], [ -536613.011954900342971, 1045079.125525676994585 ], [ -536524.285775459138677, 1044436.735871469951235 ], [ -536276.751146952505223, 1043790.080110092763789 ], [ -535929.017585213412531, 1042927.424494419246912 ], [ -535575.552633146638982, 1042277.960744372569025 ], [ -535230.608306650421582, 1041308.754969067987986 ], [ -534577.922906059655361, 1039958.02712576452177 ], [ -534335.939323427970521, 1039098.278324212296866 ], [ -534256.988889129832387, 1038082.877092531532981 ], [ -534507.019793981686234, 1036649.586422295193188 ], [ -534699.813752494286746, 1035374.737582970177755 ], [ -535157.330391537863761, 1034106.910943707684055 ], [ -535805.462515564518981, 1033644.106799728469923 ], [ -536778.405402083764784, 1032923.251509956899099 ], [ -537708.3228895108914, 1031827.863857509335503 ], [ -537871.427444627508521, 1031672.187855100841261 ], [ -538412.320405030855909, 1031259.830478510819376 ], [ -538948.971471815719269, 1031007.390423557139002 ], [ -539857.788596638129093, 1030711.491318875341676 ], [ -540551.938623895635828, 1030516.544746958650649 ], [ -541045.585962175275199, 1029889.584266337216832 ], [ -541861.299785379320383, 1029111.133599567692727 ], [ -542513.875579496263526, 1028488.34178 ], [ -543163.654407765367068, 1027972.189380730385892 ], [ -543325.387990245479159, 1027869.787938797846437 ], [ -543703.270007125334814, 1027613.115844493848272 ], [ -544344.576373731018975, 1027416.768814754439518 ], [ -544719.629178832401522, 1027266.706098789698444 ], [ -544754.339291580021381, 1027277.692114138510078 ], [ -544402.795249897171743, 1027418.324028320377693 ], [ -543761.501918583875522, 1027614.656759941368364 ], [ -543383.604669194552116, 1027871.342303919722326 ], [ -543221.828581272158772, 1027973.756549590150826 ], [ -542572.07658304553479, 1028489.881482017459348 ], [ -541919.456776982871816, 1029112.686144970008172 ], [ -541103.79733852436766, 1029891.096223608008586 ], [ -540610.091566053917632, 1030518.097420864040032 ], [ -539915.996603519655764, 1030713.01671879843343 ], [ -539007.150606949580833, 1031008.886162343551405 ], [ -538470.539724890142679, 1031261.340894364286214 ], [ -537929.588960873894393, 1031673.724594939383678 ], [ -537766.498211748665199, 1031829.386952713481151 ], [ -536836.591240745503455, 1032924.789200257044286 ], [ -535863.659368316759355, 1033645.658462743158452 ], [ -535215.499258280731738, 1034108.405584203777835 ], [ -534757.992087033344433, 1035376.303770640864968 ], [ -534565.20982943486888, 1036651.154572350205854 ], [ -534315.134672890533693, 1038084.445873098331504 ], [ -534395.345729683060199, 1039104.283505910309032 ], [ -534318.051440852344967, 1038098.537298617884517 ], [ -534460.925960102467798, 1037279.609358689165674 ], [ -534493.047596456133761, 1037095.502823858638294 ], [ -534565.423379972111434, 1036680.506087222835049 ], [ -534586.568606347078457, 1036543.208534072386101 ], [ -534674.774642355390824, 1035959.92901322664693 ], [ -534760.882136169006117, 1035390.394430584972724 ], [ -535076.519651915994473, 1034515.73986174503807 ], [ -535218.399837351753376, 1034122.51902080164291 ], [ -535666.044992461218499, 1033802.923552238964476 ], [ -535766.408998769242316, 1033731.273180827498436 ], [ -535937.207297681830823, 1033607.427119333762676 ], [ -536839.491901242407039, 1032938.903241598047316 ], [ -537769.399107519886456, 1031843.501307735685259 ], [ -537932.506870039040223, 1031687.845062247361057 ], [ -538278.553654814953916, 1031424.023087488254532 ], [ -538473.401286502601579, 1031275.488086269702762 ], [ -539010.051528250449337, 1031023.000987716019154 ], [ -539073.652387386886403, 1031002.341244782670401 ], [ -539918.872291212668642, 1030727.150861158035696 ], [ -540613.023537224507891, 1030532.205324765178375 ], [ -541106.698183167143725, 1029905.211866483092308 ], [ -542574.97765503777191, 1028503.997648151125759 ], [ -543224.747443178668618, 1027987.851008663652465 ], [ -543304.302771805785596, 1027937.498216414474882 ], [ -543386.505796855199151, 1027885.458772034500726 ], [ -543764.364396928460337, 1027628.777949032257311 ], [ -544052.470717246993445, 1027540.580055165453814 ], [ -544405.696301289834082, 1027432.440902158850804 ], [ -544778.162311062449589, 1027283.395321449730545 ], [ -545093.986689589102753, 1027381.521195046720095 ], [ -545148.698894099448808, 1027398.838770539965481 ], [ -545682.677258005714975, 1027253.006990851718001 ], [ -546007.611410806537606, 1026994.864566860022023 ], [ -546187.408261068630964, 1026738.627241799724288 ], [ -546249.970822310307994, 1026651.496574640041217 ], [ -546495.321741029736586, 1026324.555240419344045 ], [ -546666.008747748215683, 1026158.868877093773335 ], [ -546736.963981534354389, 1026125.50588076072745 ], [ -547121.900550441350788, 1026637.088103348389268 ], [ -547104.8663334363373, 1027276.821283116820268 ], [ -547356.962965765502304, 1027763.673227450344712 ], [ -547829.472988974419422, 1027936.327470481395721 ], [ -547863.667872768710367, 1027939.39469755126629 ], [ -547901.480355398030952, 1027952.976545650162734 ], [ -548062.054712961427867, 1027967.380722075351514 ], [ -548736.774919253308326, 1028027.921117477933876 ], [ -549650.190055486280471, 1027572.142209141980857 ], [ -550247.218186388490722, 1027054.561870546313003 ], [ -550529.241194770205766, 1026751.967615133034997 ], [ -551557.235875080805272, 1025649.00459388946183 ], [ -551838.929011649219319, 1024869.00560532475356 ], [ -551856.67357684369199, 1024806.647941746283323 ], [ -552138.318614439107478, 1023743.743855100008659 ], [ -552067.19080372620374, 1022475.029943129746243 ], [ -552067.692934666760266, 1022413.502333856653422 ], [ -552110.352692528162152, 1020748.705037793144584 ], [ -552017.62764873332344, 1020383.717373316758312 ], [ -551946.605138524435461, 1020064.54593268618919 ], [ -551925.843707798747346, 1019971.248201708425768 ], [ -551779.180559018626809, 1019305.613743702066131 ], [ -552547.943007244030014, 1018312.381258421228267 ], [ -552672.29237772594206, 1017622.030822144937702 ], [ -553745.671287938486785, 1015142.751583332428709 ], [ -553704.437951646745205, 1014660.654338993015699 ], [ -553440.641582865966484, 1014442.746579997474328 ], [ -553238.282083152560517, 1014275.592801439575851 ], [ -553162.34555714041926, 1014184.167145516141318 ], [ -552865.397235201438889, 1013827.070088129490614 ], [ -552463.729534319136292, 1013448.531021886272356 ], [ -552422.624873847933486, 1013026.922623811522499 ], [ -552599.90143455308862, 1012337.937277937424369 ], [ -553189.995531174819916, 1012086.721380520728417 ], [ -553278.43314893450588, 1012054.782977250870317 ], [ -554153.907306282548234, 1011738.654363593319431 ], [ -554744.025972234783694, 1011487.44150006910786 ], [ -555192.64329503593035, 1010480.071089700679295 ], [ -554833.520825648214668, 1009981.705872828490101 ], [ -553359.166650402825326, 1009569.390064422041178 ], [ -552300.353046784410253, 1009488.167431697947904 ], [ -551457.835177669068798, 1009252.617128263344057 ], [ -550834.388426924590021, 1008756.075994414743036 ], [ -550272.331322545418516, 1007941.04287330491934 ], [ -548919.326487003825605, 1006945.323212163406424 ], [ -547981.897813822608441, 1006280.668370534665883 ], [ -546613.541969735757448, 1005871.575634941575117 ], [ -546567.571364919305779, 1005873.675406285794452 ], [ -545126.693852288764901, 1005939.51466310559772 ], [ -543990.081022886442952, 1006816.760513354907744 ], [ -543386.276607337058522, 1007601.197900247061625 ], [ -543046.136041192803532, 1008445.837906036991626 ], [ -542757.555740660754964, 1009345.107083541573957 ], [ -542847.995122397202067, 1010044.420246975379996 ], [ -543560.89730722096283, 1011075.761489450116642 ], [ -543549.828242741525173, 1011499.435461815912277 ], [ -543687.877959749428555, 1012303.197421272867359 ], [ -543028.315887869219296, 1013192.744235590682365 ], [ -542524.922717949841172, 1014193.065617593470961 ], [ -541668.749521372374147, 1014490.719480332219973 ], [ -541640.871518080704845, 1014478.644358955207281 ], [ -540884.448333008447662, 1014151.020723272929899 ], [ -540747.058486314839683, 1013239.826202300726436 ], [ -540822.315100678941235, 1012388.345248354016803 ], [ -540582.318385225953534, 1011538.16499307716731 ], [ -539913.097745229490101, 1010767.705374179990031 ], [ -539721.832651069853455, 1009852.79767307813745 ], [ -539656.398112987633795, 1009744.309565382543951 ], [ -539268.794789011939429, 1009101.706356359645724 ], [ -539166.617329534608871, 1008771.682259225519374 ], [ -538967.99740953638684, 1008288.581327852210961 ], [ -538707.684773644898087, 1008066.423051970894448 ], [ -538183.303381992154755, 1007839.501497842022218 ], [ -537552.921324266120791, 1007609.793016281095333 ], [ -537034.10950710484758, 1007169.718176875729114 ], [ -536570.987864818307571, 1006624.411487492267042 ], [ -536528.748995650559664, 1006547.041298643220216 ], [ -536222.585253794444725, 1005983.192367206909694 ], [ -536289.324242391507141, 1005451.599649543408304 ], [ -536776.608548330259509, 1005120.243652711389586 ], [ -537044.948599681374617, 1004937.773100472870283 ], [ -537375.249376406660303, 1004466.292598642176017 ], [ -537709.740180157357827, 1003834.916377427056432 ], [ -537886.582090873620473, 1003146.130547764361836 ], [ -538113.816098260111175, 1002717.154346706462093 ], [ -538250.211776650277898, 1002459.667633591452613 ], [ -538276.781557392328978, 1002409.484022233518772 ], [ -538305.294657917809673, 1002355.682056706747971 ], [ -538389.224058851134032, 1002197.224229530896991 ], [ -538628.390369378845207, 1001737.858891138690524 ], [ -538834.229709607199766, 1001357.159580457955599 ], [ -538839.716702121892013, 1001143.933584790444002 ], [ -539552.038327800226398, 1000255.586543656303547 ], [ -539620.139230128959753, 999670.647086245357059 ], [ -539656.342552653630264, 999582.789732350269333 ], [ -539902.966369700734504, 998984.54417573986575 ], [ -539942.008375917444937, 998690.188073808676563 ], [ -540057.910964593291283, 997816.085817487095483 ], [ -540100.326840674853884, 997496.184722783858888 ], [ -540345.067065571551211, 997050.065902798669413 ], [ -540780.412155006779358, 996256.504410242312588 ], [ -540879.372259509866126, 996076.065787506639026 ], [ -541181.986373916501179, 995597.304824714083225 ], [ -541376.969053562032059, 995288.803446726524271 ], [ -541923.502320385654457, 994662.729653852642514 ], [ -542359.132885298575275, 993949.100773696205579 ], [ -542532.626028803060763, 993664.892401493270881 ], [ -542666.106415036832914, 993527.589221034781076 ], [ -543949.354232028126717, 992207.658503443817608 ], [ -544527.15428048488684, 991765.597861424088478 ], [ -544815.338446844019927, 991536.418084528413601 ], [ -544986.380906270351261, 991463.506716731353663 ], [ -545405.424021318089217, 991284.832995656877756 ], [ -545650.503931182669476, 991221.184460954740644 ], [ -546153.215053694089875, 991090.631589552038349 ], [ -546249.302659541019239, 991093.105477761826478 ], [ -546948.559392548166215, 991111.046890983590856 ], [ -547058.733712119748816, 990953.865680640446953 ], [ -546854.654739717138, 990574.067529775202274 ], [ -546528.879058469668962, 990325.564573709969409 ], [ -546485.82684379152488, 990291.273666738066822 ], [ -546429.896963177365251, 990212.138735359534621 ], [ -546401.844627887592651, 990179.993320271372795 ], [ -546059.119548517628573, 989687.546196071663871 ], [ -546031.039244239684194, 989647.200006205006503 ], [ -546099.094463715096936, 989062.144587476155721 ], [ -546441.799393737222999, 988110.714297425583936 ], [ -546720.579298166790977, 987584.38456294068601 ], [ -546691.056101468624547, 987071.036625429871492 ], [ -546571.125884665874764, 986607.81350846553687 ], [ -546498.231448923004791, 986326.280408660997637 ], [ -546348.103124688030221, 985547.735055291210301 ], [ -546766.860406415653415, 983991.814490831107832 ], [ -546875.681807524641044, 983587.437244425411336 ], [ -546938.742807908332907, 983278.348417930887081 ], [ -547178.866825339850038, 982101.477105219382793 ], [ -547171.577081026043743, 981964.377193933352828 ], [ -547152.769866465008818, 981646.157016825629398 ], [ -546475.059068006346934, 980481.178852758603171 ], [ -545891.656774746719748, 980300.601367663359269 ], [ -544896.130915349000134, 979795.335382962715812 ], [ -544837.880212695105001, 979793.841680387617089 ], [ -543565.016347653465346, 979761.601333974162117 ], [ -541968.636603489518166, 979934.605474508134648 ], [ -540891.884752267622389, 980547.448679826804437 ], [ -539812.478929081116803, 981266.898760613868944 ], [ -538837.122613797080703, 981447.722858162829652 ], [ -538438.433704739669338, 981285.857354409061372 ], [ -538029.647313836147077, 980635.304029443766922 ], [ -538047.09618405927904, 979942.370249495725147 ], [ -537904.66738432913553, 979417.233393204631284 ], [ -537543.068310596747324, 978882.931128323660232 ], [ -537495.911284959642217, 978813.742120463051833 ], [ -537181.847927938448265, 978480.653722839313559 ], [ -536821.336654471466318, 978044.911966449813917 ], [ -536304.425399215891957, 977498.687546615954489 ], [ -536302.957528445287608, 977557.243390258518048 ], [ -536246.159668031148612, 977497.218628448084928 ], [ -536224.775740406592377, 978349.964240592089482 ], [ -536204.7114700373495, 979149.414463728200644 ], [ -535866.488648326136172, 979940.871092058718204 ], [ -535582.624063707422465, 980680.355734084034339 ], [ -535351.77555036265403, 981421.165075816912577 ], [ -534973.933808962930925, 981678.313559061847627 ], [ -534615.443936960073188, 981872.426176839275286 ], [ -534234.241055370075628, 981766.353271772270091 ], [ -533867.100014015100896, 981597.167175928712822 ], [ -533778.303185259224847, 981455.688536341069266 ], [ -533381.378171958378516, 980816.379586069495417 ], [ -533204.25176240678411, 980444.936405543470755 ], [ -533127.193088784231804, 980283.345542656956241 ], [ -533107.032414220040664, 980248.5994862918742 ], [ -532850.871872779447585, 979811.89979481860064 ], [ -532799.348242200678214, 979717.777351924451068 ], [ -532753.880872872192413, 979632.544717489858158 ], [ -532519.076493297237903, 979192.397412546444684 ], [ -532498.934689133544452, 979169.007388279540464 ], [ -532349.417107097804546, 979008.588112898054533 ], [ -531978.893328657606617, 978616.946289557381533 ], [ -531310.88728639006149, 977747.055037835147232 ], [ -530437.465584574616514, 976605.471967185614631 ], [ -529708.390679971314967, 976054.156786151346751 ], [ -528980.682113978429697, 975449.576750839012675 ], [ -528149.650624907226302, 974735.751024708850309 ], [ -527578.248593795113266, 974241.723367836209945 ], [ -526900.939976648194715, 973745.097104740445502 ], [ -526006.229162577190436, 973456.437814145698212 ], [ -525948.101235632784665, 973455.001048133592121 ], [ -524786.774112743325531, 973426.313386445050128 ], [ -524200.946931047481485, 973518.393432822194882 ], [ -522969.83760908653494, 973967.890459455898963 ], [ -522107.160047438112088, 974533.064028142485768 ], [ -521191.551603432744741, 975096.869512674049474 ], [ -520012.249573503504507, 975600.90808865125291 ], [ -518730.904559687245637, 975942.482354015111923 ], [ -517929.210762836155482, 976189.346441579749808 ], [ -516971.285388523130678, 976325.687264427426271 ], [ -515960.320417721988633, 976460.740151037462056 ], [ -514949.387543602497317, 976595.810529904556461 ], [ -514206.093556660576724, 976630.891717833117582 ], [ -513513.214498399873264, 976773.785929890233092 ], [ -512397.646295004058629, 976853.081568022840656 ], [ -511544.483381393714808, 977045.437091657659039 ], [ -510796.054648485034704, 977293.613664481090382 ], [ -510746.98129266302567, 977289.113577312207781 ], [ -510002.510913055040874, 977220.852719687041827 ], [ -509791.794709296431392, 977162.45442176994402 ], [ -509543.88821236579679, 976965.886784688918851 ], [ -509375.678523494978435, 976832.514502499368973 ], [ -509114.615470493445173, 976666.22739088581875 ], [ -508641.591732815722935, 976494.831159448716789 ], [ -508116.919846693053842, 976268.881931238691323 ], [ -507590.895257650874555, 976096.215266144950874 ], [ -506957.573984409333207, 975974.195282187778503 ], [ -506324.314479993423447, 975852.190011573024094 ], [ -505746.592787991394289, 975625.002104312065057 ], [ -505223.165253518382087, 975345.846712165861391 ], [ -504184.101166167645715, 974468.087752373423427 ], [ -503557.294499126379378, 974079.936486763413996 ], [ -502978.275459308060817, 973906.093044783687219 ], [ -502347.549029524088837, 973677.661093689734116 ], [ -501454.515050901565701, 973336.380457902094349 ], [ -500243.555557636893354, 972987.527821632567793 ], [ -499351.757367628975771, 972593.062324461759999 ], [ -499310.155790591146797, 972599.005042972858064 ], [ -498394.273940788814798, 972729.847553255036473 ], [ -497436.707904369104654, 972866.64542005059775 ], [ -496953.486993750440888, 973121.425430998322554 ], [ -496096.891419717925601, 973473.814467965159565 ], [ -495353.91490429721307, 973509.269140307209454 ], [ -494662.609702253481373, 973599.259762355242856 ], [ -493541.209067128249444, 973945.262179703568108 ], [ -492901.71284310950432, 974089.738215313060209 ], [ -492201.540951736038551, 974552.460946591920219 ], [ -491766.309463284560479, 975021.410428303293884 ], [ -491067.504790135659277, 975430.874484289786778 ], [ -491028.006899226689711, 975418.49987937475089 ], [ -490699.23749485774897, 975315.499310525949113 ], [ -489753.43800082069356, 974973.2606634600088 ], [ -489126.738978277775459, 974585.397372116683982 ], [ -488679.518934781546704, 974166.323978931293823 ], [ -488660.186734915827401, 974148.209073523757979 ], [ -488459.688495861482807, 973663.987244842457585 ], [ -488367.21900252753403, 973192.44133374246303 ], [ -488375.824152750894427, 972699.869002714403905 ], [ -488286.723609965760261, 972245.156917682266794 ], [ -488282.100809013238177, 972221.609498870908283 ], [ -487920.141845608362928, 971840.174980836454779 ], [ -487394.281923154485412, 971667.904427527450025 ], [ -486603.461409740149975, 971489.355064677307382 ], [ -485705.538467836682685, 971361.505344139644876 ], [ -485389.031765088788234, 971300.728791799279861 ], [ -484863.131135987932794, 971128.449982918216847 ], [ -484812.687269964604639, 971129.650049023330212 ], [ -483848.988119176938199, 971210.990397161687724 ], [ -482810.964336669887416, 971445.845086882589385 ], [ -482783.399754396290518, 971452.081937931361608 ], [ -482334.602338823955506, 971340.649168222793378 ], [ -482309.228623962728307, 971334.349230703315698 ], [ -481086.067705608555116, 971518.49271838599816 ], [ -479646.059263846720569, 971910.553515917737968 ], [ -478315.824802050366998, 972145.470785224344581 ], [ -476874.717041832511313, 972590.79736235702876 ], [ -476128.341371458023787, 972786.243041074951179 ], [ -475062.725219029351138, 972812.160412945202552 ], [ -474335.707073657424189, 972637.654243177035823 ], [ -473701.504255226696841, 972569.458828635979444 ], [ -473068.60971533623524, 972448.160299762268551 ], [ -472172.214673271635547, 972267.392616198631003 ], [ -472121.878119109198451, 972267.653291919850744 ], [ -471318.508172451751307, 972300.702618261799216 ], [ -470519.310829047928564, 972494.97403164266143 ], [ -470142.46130542375613, 972752.376081430353224 ], [ -469335.838761093793437, 973265.925259133335203 ], [ -469003.245857416419312, 973897.036751065170392 ], [ -468563.53056580957491, 974578.873521484085359 ], [ -467871.553562429267913, 974722.408280787291005 ], [ -466975.796212690882385, 974859.78405925235711 ], [ -466175.005020396085456, 974789.263462389237247 ], [ -465598.861436409293674, 974509.657599901081994 ], [ -464868.877286081085913, 974013.526386683457531 ], [ -464561.15001826826483, 973580.491988450987265 ], [ -464573.524011599132791, 973048.444430565927178 ], [ -464575.997940198634751, 972942.037692271405831 ], [ -464640.079962887568399, 972464.409816103172489 ], [ -465026.736194584867917, 971781.358286910108291 ], [ -465361.678058822173625, 971043.849903051042929 ], [ -465968.771494458429515, 969993.233881422784179 ], [ -466197.816387692466378, 969253.2460847212933 ], [ -466425.665084017906338, 968566.458371502347291 ], [ -466648.563808896578848, 968092.502144149388187 ], [ -466924.396425906918012, 967619.768856805283576 ], [ -467508.081419397261925, 967580.064115607179701 ], [ -468040.047743019997142, 967485.915945139247924 ], [ -468629.939732909668237, 967180.168009727494791 ], [ -469115.137164657120593, 966818.765812246710993 ], [ -469174.883020563051105, 966600.349189522559755 ], [ -469224.784810122800991, 966417.939839332713746 ], [ -468744.679649217170663, 966564.217595651745796 ], [ -468367.517894734744914, 966688.187377554480918 ], [ -468056.429575669462793, 966790.493179499171674 ], [ -467969.431093677645549, 966819.096382951131091 ], [ -467892.262964658788405, 966835.308572427835315 ], [ -467689.428771715261973, 966877.928176497342065 ], [ -467287.228078402695246, 966962.441283690044656 ], [ -467041.591304880101234, 967073.385305134113878 ], [ -466923.392294400604442, 967109.047715470194817 ], [ -466648.7807494107401, 967528.591934348572977 ], [ -462626.433352674124762, 971469.917795118060894 ], [ -461553.857884639175609, 972520.952970103360713 ], [ -455162.924815480131656, 978653.597964644315653 ], [ -451965.716433961410075, 981825.977720425114967 ], [ -451047.740218436112627, 982602.997323393123224 ], [ -449765.618280618800782, 983105.476460012723692 ], [ -447100.663204161799513, 983895.290887945448048 ], [ -446294.843961274367757, 984408.796425855252892 ], [ -440375.506208051927388, 986347.524958709138446 ], [ -439150.460300799808465, 986691.795731519232504 ], [ -438989.339765778626315, 986794.495745388092473 ], [ -436589.868898843182251, 987590.639987853588536 ], [ -435735.179232707479969, 987943.439527500420809 ], [ -434983.844254189170897, 988405.000342111219652 ], [ -434327.329763127840124, 989347.509136295760982 ], [ -428965.322157533606514, 997097.107377701788209 ], [ -428885.583883664919995, 998265.459241732605733 ], [ -429099.701876087463461, 1000451.199282920686528 ], [ -429436.600875984411687, 1001895.12795246054884 ], [ -429935.697693047346547, 1003183.253253347589634 ], [ -430438.411122811492532, 1004311.928546370007098 ], [ -430637.517728504375555, 1004848.464782713330351 ], [ -430459.211381054949015, 1005695.407923340215348 ], [ -431108.023273166734725, 1007359.475244514993392 ], [ -431147.266862461459823, 1007945.509630554704927 ], [ -431745.566788286203519, 1009502.075337922316976 ], [ -431889.224932240438648, 1010143.766305565601215 ], [ -432195.153526606387459, 1010629.660943687777035 ], [ -432385.429181020706892, 1011538.421611938625574 ], [ -432622.283138383179903, 1012714.279340303619392 ], [ -432340.618454125127755, 1013452.404009430902079 ], [ -432384.739571951446123, 1013825.806236637406982 ], [ -432078.101987031637691, 1015627.255393727682531 ], [ -431957.437162242946215, 1016262.767193670966662 ], [ -431943.695461451192386, 1016847.582227984676138 ], [ -431890.855971749289893, 1016846.340312502696179 ], [ -432033.1221694778651, 1017541.224110415787436 ], [ -431805.508267584023997, 1018227.407334605581127 ], [ -431190.488596034585498, 1019649.185902372235432 ], [ -430791.828775284695439, 1020863.253298 ], [ -430322.768741424544714, 1022820.350092399748974 ], [ -430023.456244646571577, 1024302.692029970465228 ], [ -429838.582588485907763, 1025415.374657866545022 ], [ -429818.45500892016571, 1026265.9815530636115 ], [ -428980.762551699997857, 1028161.069206548505463 ], [ -428262.582391533069313, 1029473.829060703748837 ], [ -427762.00174374866765, 1030525.778366038110107 ], [ -427748.127063874155283, 1031110.53822314273566 ], [ -427241.232815826078877, 1032428.268336595618166 ], [ -427072.679457974270917, 1032849.782391947228462 ], [ -426901.613447417272255, 1033377.609749549417756 ], [ -426305.512345660710707, 1034001.719651495455764 ], [ -425637.679670059704222, 1035421.938405701890588 ], [ -425191.180481229210272, 1036421.879675399744883 ], [ -424522.098166635725647, 1037895.201073985197581 ], [ -424081.952127669472247, 1038629.334238333860412 ], [ -423360.076695753145032, 1040101.346700619673356 ], [ -422750.143558400101028, 1041310.065650981850922 ], [ -422680.86641217302531, 1041999.820056209457107 ], [ -423702.497511463123374, 1043460.240810901392251 ], [ -424530.677692716242746, 1044171.483400915167294 ], [ -425246.866740237455815, 1045146.043589229695499 ], [ -425494.251414662925526, 1045843.435743217356503 ], [ -425889.763223861693405, 1046969.911557728308253 ], [ -425786.738528214860708, 1046861.044983854400925 ], [ -425874.412328226841055, 1047607.802952543832362 ], [ -425332.426740494323894, 1048179.840353847597726 ], [ -424257.441781483590603, 1048951.785974735859782 ], [ -423076.943930309498683, 1049721.184808521065861 ], [ -422168.086679245578125, 1050177.996715654153377 ], [ -421202.667153324466199, 1050793.010304090799764 ], [ -420188.327862355858088, 1051247.290103706298396 ], [ -419116.166672726743855, 1051912.917606176575646 ], [ -418412.202662057825364, 1052640.553384919883683 ], [ -418081.514670780743472, 1053217.589896822348237 ], [ -417548.671423704130575, 1053417.52700957772322 ], [ -416954.130320234340616, 1053988.222566105658188 ], [ -415874.475647780462168, 1054972.707450274843723 ], [ -414801.265394632704556, 1055691.444115359336138 ], [ -413834.896370789618231, 1056359.56246228935197 ], [ -413030.69081042194739, 1056872.030568209476769 ], [ -411368.33859095047228, 1057948.852422775235027 ], [ -410564.225227242335677, 1058461.315303869312629 ], [ -409758.870437566773035, 1059026.9282097639516 ], [ -408938.293383779702708, 1060230.191813774174079 ], [ -408436.793816709774546, 1061334.733990078559145 ], [ -408413.885211772168986, 1062291.211204565130174 ], [ -407971.509644793812186, 1063131.312428730074316 ], [ -408051.515558211947791, 1064196.58217670628801 ], [ -408087.692846595542505, 1064888.640071561792865 ], [ -408068.545970222214237, 1065685.702936949906871 ], [ -407826.899855516268872, 1066955.924526545451954 ], [ -407816.672409110702574, 1067381.035348228178918 ], [ -408116.501283837365918, 1068079.429937990615144 ], [ -408157.719103789306246, 1068558.950039464514703 ], [ -407922.409735525608994, 1069563.468583097914234 ], [ -407905.745370149845257, 1070254.257517337566242 ], [ -408308.422793609090149, 1071061.508421834791079 ], [ -408406.191004806663841, 1071382.887005677213892 ], [ -408590.144460787530988, 1072503.889433573931456 ], [ -408942.573749335831963, 1073203.629695308161899 ], [ -409401.751975815393962, 1073852.791622617281973 ], [ -409866.055890740011819, 1074289.421495373593643 ], [ -410107.793989884783514, 1075199.211313396692276 ], [ -409880.059051242191344, 1075884.889705940382555 ], [ -409815.69755156210158, 1076361.874428069451824 ], [ -409756.504197023343295, 1076626.279813745291904 ], [ -409751.33271949540358, 1076838.844041123287752 ], [ -409091.401134849409573, 1077939.367930383654311 ], [ -408713.242945045582019, 1078302.354502874426544 ], [ -409008.911244362127036, 1079160.271054228767753 ], [ -409156.727670010528527, 1079589.234414977952838 ], [ -409103.560193593380973, 1081767.928502161288634 ], [ -408969.546454555355012, 1082934.401373666943982 ], [ -409084.789794132811949, 1084691.839226636569947 ], [ -409224.726383710163645, 1085439.658989242045209 ], [ -409620.400505215511657, 1086512.790858552558348 ], [ -410300.520800571423024, 1086742.175619762623683 ], [ -410670.85901472333353, 1086698.107511430978775 ], [ -410872.579895777394995, 1087075.277723393635824 ], [ -410916.14492662914563, 1087448.560602993937209 ], [ -411220.682386103086174, 1087934.626487685600296 ], [ -411157.495722536114044, 1088358.455598066095263 ], [ -410507.877137257019058, 1089033.690595918335021 ], [ -409769.878699047258124, 1089015.519274498103186 ], [ -408697.299103768658824, 1089733.522456724429503 ], [ -408892.446468476904556, 1090376.376337136374786 ], [ -409196.938795342110097, 1090862.410464756656438 ], [ -409033.573763184482232, 1091071.075358795700595 ], [ -407610.398940791026689, 1091036.035907518351451 ], [ -406882.921812306856737, 1090592.801823216490448 ], [ -406413.765921414946206, 1090368.600068360799924 ], [ -405806.572043600026518, 1091470.203287267824635 ], [ -405591.839593321667053, 1091624.423823283752427 ], [ -404961.975024731247686, 1091502.631290145218372 ], [ -404267.684287744574249, 1091857.755488231545314 ], [ -403941.046787750325166, 1092275.06074928259477 ], [ -403665.797828208305873, 1092746.785980791784823 ], [ -403602.667173227760941, 1093170.564637002069503 ], [ -403278.635028076241724, 1093481.585841531166807 ], [ -402854.426444529090077, 1093577.514782466227189 ], [ -402211.60427246033214, 1093987.051047454355285 ], [ -402098.392727209720761, 1094303.25288536422886 ], [ -401978.663341838982888, 1094885.096519914222881 ], [ -401455.59546601655893, 1094712.78512725001201 ], [ -401035.327192435972393, 1094649.322916820179671 ], [ -399734.207142240484245, 1096105.921372391982004 ], [ -399455.116728754015639, 1096737.002324929228052 ], [ -399846.664673038525507, 1097969.281592359067872 ], [ -399941.602971681510098, 1098396.893003900069743 ], [ -398956.680200433591381, 1099861.169285034295171 ], [ -398423.301129501778632, 1100113.864496682072058 ], [ -397351.349769883905537, 1100831.753095486667007 ], [ -396590.325944747659378, 1101769.886005629785359 ], [ -396525.907361655845307, 1102246.708085991209373 ], [ -395987.363165662856773, 1102711.897647279780358 ], [ -394600.806783135049045, 1103368.882404231699184 ], [ -393057.606437826761976, 1103968.874006587313488 ], [ -392420.319888650090434, 1104165.875411388464272 ], [ -391826.628039030358195, 1104735.991334811551496 ], [ -391175.070722069824114, 1105517.291434776736423 ], [ -390053.436959123937413, 1106127.631498244823888 ], [ -389150.320243827532977, 1106424.430382560007274 ], [ -388777.767901943996549, 1106574.757891966030002 ], [ -388456.584898137487471, 1106779.501066338969395 ], [ -388283.017420456046239, 1107413.010299381799996 ], [ -388064.567528613959439, 1107726.55050274124369 ], [ -386787.720651852549054, 1108226.807535431347787 ], [ -386306.003427420393564, 1108533.897136677289382 ], [ -385617.548156764940359, 1108676.527694638352841 ], [ -385185.918629214866087, 1109091.138203458860517 ], [ -385012.383019946166314, 1109724.623319150181487 ], [ -384737.44428130320739, 1110196.191915553994477 ], [ -384513.850176896899939, 1110722.151425267104059 ], [ -384346.814316104282625, 1111090.068117427639663 ], [ -383916.500009195297025, 1111451.551482541952282 ], [ -383540.169154276023619, 1111761.211949662305415 ], [ -383216.480223884689622, 1112072.156541186617687 ], [ -382981.227003166684881, 1113076.077193425036967 ], [ -382707.599506248021498, 1113494.513874147320166 ], [ -381849.683065702440217, 1114111.236745686270297 ], [ -381624.837114848545752, 1114690.282820166321471 ], [ -381397.382138889399357, 1115375.521169166313484 ], [ -380969.749432999873534, 1115630.767511194571853 ], [ -380231.461259737960063, 1115665.868729420704767 ], [ -379805.145869367755949, 1115868.01608658535406 ], [ -379159.201321333297528, 1116436.746534189442173 ], [ -379094.897181698936038, 1116913.414679713314399 ], [ -378870.088955174898729, 1117492.416442506015301 ], [ -379005.935775205725804, 1118399.046451015630737 ], [ -378783.715302434517071, 1118871.850004226434976 ], [ -378564.080135377240367, 1119238.431872589513659 ], [ -378499.759228765266016, 1119715.077783766901121 ], [ -378541.996685068472289, 1120141.196382441557944 ], [ -378373.706716169370338, 1120562.16242037480697 ], [ -378052.713251537643373, 1120766.854583981214091 ], [ -377531.585294791846536, 1120541.560147499199957 ], [ -376909.102702524047345, 1120154.40595496376045 ], [ -376391.856865740381181, 1119769.841171306557953 ], [ -375758.999729876057245, 1119807.53293461445719 ], [ -375484.189328686450608, 1120279.032796207815409 ], [ -375508.306895766640082, 1121448.53170440508984 ], [ -375655.822202441398986, 1121877.192857704823837 ], [ -375952.102231886819936, 1122681.425475893542171 ], [ -375883.890122015844099, 1123317.342805630294606 ], [ -375918.315760527970269, 1124062.047731244703755 ], [ -375753.947477414389141, 1124323.691611189395189 ], [ -375106.863864581449889, 1124945.441275798948482 ], [ -374021.960956444381736, 1126247.159867420326918 ], [ -373324.92306466086302, 1126761.396631107199937 ], [ -372755.84982370538637, 1128500.751831681234762 ], [ -372573.291815838310868, 1129505.742644988698885 ], [ -372914.220817859983072, 1130629.829336534487084 ], [ -373519.463095228769816, 1131707.293728525051847 ], [ -374022.036898204591125, 1132676.024898892501369 ], [ -374318.06899654911831, 1133480.28948996658437 ], [ -374569.316186003386974, 1133964.668296782067046 ], [ -374661.438663165550679, 1134498.256670197006315 ], [ -374865.305289907264523, 1134768.955605599097908 ], [ -375495.289305511512794, 1134837.65028445632197 ], [ -375855.667689887224697, 1135165.362469826359302 ], [ -375796.494855339755304, 1135429.570854160003364 ], [ -375524.261216439073905, 1135794.770673124585301 ], [ -375202.055094825802371, 1136052.456311945337802 ], [ -375137.629047242575325, 1136529.068435729248449 ], [ -375179.718964826082811, 1136955.171216964256018 ], [ -375127.116531478823163, 1136953.869187952950597 ], [ -374348.608278286759742, 1138634.824535007355735 ], [ -374339.400949142989703, 1139006.520828991662711 ], [ -374172.397301877499558, 1139374.306796096730977 ], [ -373635.87438434374053, 1139786.064716208958998 ], [ -372996.819367110030726, 1140089.024584942497313 ], [ -372565.53004164469894, 1140503.386200764682144 ], [ -372447.180490157450549, 1141031.749557893490419 ], [ -372495.841680553043261, 1141192.352786662057042 ], [ -372328.841836867970414, 1141560.125060129910707 ], [ -372164.487930324277841, 1141821.705752818612382 ], [ -372101.370438239420764, 1142245.176760375034064 ], [ -371940.952281421050429, 1142347.456145945005119 ], [ -371622.764514830079861, 1142445.826384795829654 ], [ -371305.909370168112218, 1142491.104345823638141 ], [ -371248.04529828147497, 1142702.191742890281603 ], [ -371450.522780611878261, 1143025.9830618489068 ], [ -371652.981282839551568, 1143349.778054647380486 ], [ -371436.044422233011574, 1143610.034060833277181 ], [ -371220.412527894484811, 1143817.208578257355839 ], [ -371004.797349731554277, 1144024.368907338008285 ], [ -370944.311223103781231, 1144341.641503620194271 ], [ -370782.588154530967586, 1144497.023972172290087 ], [ -370666.88244516402483, 1144919.177542841993272 ], [ -370602.44305214472115, 1145395.727470843121409 ], [ -370593.219797690049745, 1145767.394844111753628 ], [ -369625.605752139235847, 1146593.419117217883468 ], [ -369412.037384965573438, 1146769.184271605685353 ], [ -368873.641419080202468, 1147212.287406972143799 ], [ -368441.141553968191147, 1147679.689190927427262 ], [ -368414.793767953757197, 1148741.550299532013014 ], [ -368247.837064353167079, 1149109.284455937799066 ], [ -367714.15740175161045, 1149414.789780096849427 ], [ -367384.200060776085593, 1149990.963666516589001 ], [ -367686.472602128400467, 1150529.711153629468754 ], [ -367732.450077046407387, 1150796.482251774519682 ], [ -367462.975324166240171, 1151055.414123633410782 ], [ -366833.399742939276621, 1150986.653977444162592 ], [ -366416.764975155703723, 1150816.93353564478457 ], [ -365095.871166611672379, 1151049.79621166898869 ], [ -364466.323677101638168, 1150981.081776057835668 ], [ -363936.678549347328953, 1151127.326491181505844 ], [ -363980.047442700597458, 1151500.244282656349242 ], [ -364543.839584911824204, 1152098.548522453289479 ], [ -364689.708120907074772, 1152580.254345663823187 ], [ -364317.777240480063483, 1152730.388500405242667 ], [ -363849.929543173173442, 1152506.316608825232834 ], [ -363215.167308258707635, 1152649.947739155031741 ], [ -362367.534059818717651, 1152894.566187857883051 ], [ -361735.429563638055697, 1152932.046965882414952 ], [ -360998.210227067116648, 1152966.940560399787501 ], [ -359648.583489590557292, 1152243.115701819071546 ], [ -358867.975655786576681, 1151905.203645311528817 ], [ -358352.783026888384484, 1151467.596728128613904 ], [ -357983.532969366409816, 1151511.640950658358634 ], [ -357923.139800490112975, 1151828.825633345171809 ], [ -357753.707537305308506, 1152302.689712228951976 ], [ -357534.314945898368023, 1152669.085625340230763 ], [ -355997.03414175612852, 1153162.40729051316157 ], [ -355666.033866603625938, 1153791.613525578286499 ], [ -355344.169871632824652, 1154049.249357792083174 ], [ -354821.220600183238275, 1153930.1878665254917 ], [ -354839.460018973913975, 1153187.093539174180478 ], [ -354311.293572480091825, 1153280.352803001180291 ], [ -353831.785885298391804, 1153534.145368237281218 ], [ -353248.470180065953173, 1153732.288786428282037 ], [ -352667.767505724565126, 1153824.275403602514416 ], [ -352246.041471739648841, 1153867.055253923870623 ], [ -351710.128194343182258, 1154278.791661127470434 ], [ -350965.319013592321426, 1154632.312724106479436 ], [ -350387.272250116686337, 1154618.179231669520959 ], [ -350031.090163717395626, 1154131.5371955614537 ], [ -349829.951929458999075, 1153754.894794875755906 ], [ -348100.971846101223491, 1153500.322169326711446 ], [ -346368.17457781964913, 1153405.068326288834214 ], [ -345688.924586932873353, 1153229.275072227232158 ], [ -345062.235854642349295, 1153054.760835390537977 ], [ -344425.243817342445254, 1153304.810022939229384 ], [ -343681.897480222280137, 1153605.382134830579162 ], [ -343264.116803418379277, 1153489.072106833802536 ], [ -342692.549838893697597, 1153209.750930662499741 ], [ -342165.837240108172409, 1153250.10568046476692 ], [ -341853.142014995682985, 1153136.359831535024568 ], [ -341440.49130510003306, 1152807.818696259520948 ], [ -341022.711801083176397, 1152691.547597476514056 ], [ -340493.45281607133802, 1152838.053221380570903 ], [ -340119.262064120732248, 1153094.499102489091456 ], [ -339900.13441253756173, 1153460.866326045477763 ], [ -339631.031534022069536, 1153719.830667664762586 ], [ -339214.554219359648414, 1153550.51796 ], [ -339000.568657390773296, 1153704.631377042038366 ], [ -338830.155940804979764, 1154231.451823120238259 ], [ -338452.161033669370227, 1154647.072025700937957 ], [ -336541.718818045803346, 1155397.414699570508674 ], [ -335705.014798295567743, 1155218.030043401056901 ], [ -334546.752541655441746, 1155296.377842706162483 ], [ -333646.090432820958085, 1155593.286668808432296 ], [ -333169.507117724861018, 1155741.108943513128906 ], [ -332599.304276828770526, 1155408.930444648955017 ], [ -332231.598722898284905, 1155400.124624663498253 ], [ -331747.414391153492033, 1155866.287305092904717 ], [ -331586.013091779896058, 1156021.683390493504703 ], [ -331322.503426819923334, 1155903.286263079382479 ], [ -330962.040747651248239, 1155741.33308163867332 ], [ -330655.752018241328187, 1155362.430555717321113 ], [ -330334.248462551273406, 1155620.165051660267636 ], [ -330015.285252882633358, 1155771.785611066035926 ], [ -329379.918545282562263, 1155968.945528826443478 ], [ -328802.138227346236818, 1155955.1566815469414 ], [ -328331.952099909540266, 1155837.78634527255781 ], [ -328011.747819212265313, 1156042.465192379197106 ], [ -327633.970268784323707, 1156458.095882759662345 ], [ -327315.041360541828908, 1156609.741164261708036 ], [ -326793.619067311286926, 1156438.077033526962623 ], [ -326479.75000438047573, 1156377.52914057020098 ], [ -325950.75787991960533, 1156524.184023777488619 ], [ -325480.58604038960766, 1156406.838927103905007 ], [ -324696.566971039283089, 1156228.987827183911577 ], [ -323651.224392461474054, 1155991.875368092674762 ], [ -323233.589372793911025, 1155875.830336139304563 ], [ -322974.761326406383887, 1155710.481295137433335 ], [ -322499.586947828182019, 1155805.373048445908353 ], [ -321984.438095144112594, 1155368.598315965617076 ], [ -321628.09453751007095, 1154882.522339516319335 ], [ -321465.531878144829534, 1155090.963335270760581 ], [ -321247.934374684467912, 1155404.257787122856826 ], [ -320979.091959851793945, 1155663.269909194670618 ], [ -320618.991354801692069, 1155336.331845724955201 ], [ -320463.937175466329791, 1155226.53240712848492 ], [ -320198.860160234500654, 1155326.414708763826638 ], [ -319885.011725118733011, 1155265.940929870354012 ], [ -319627.430227724020369, 1155047.578074714634567 ], [ -319367.345753085566685, 1154935.310767734888941 ], [ -318414.579493455938064, 1155231.286816535051912 ], [ -317991.969247352215461, 1155327.471962019568309 ], [ -317778.163271863595583, 1155481.639822059776634 ], [ -317513.109762785607018, 1155581.549562256084755 ], [ -317501.876661079237238, 1156058.894679039716721 ], [ -317179.312445964664221, 1156369.712818461703137 ], [ -316919.24670757772401, 1156257.448237545788288 ], [ -316720.419125118176453, 1155775.169686516281217 ], [ -316461.608313143369742, 1155609.891219637123868 ], [ -316139.05914456199389, 1155920.715252821566537 ], [ -315821.499420683830976, 1156019.384103693766519 ], [ -315348.908803502796218, 1156008.28685632860288 ], [ -314816.348419847898185, 1156314.182449991581962 ], [ -314500.047938838950358, 1156359.824457599082962 ], [ -314337.538061360595748, 1156568.263541528023779 ], [ -314018.755722508765757, 1156719.988176903687418 ], [ -313807.489479571580887, 1156768.096408080775291 ], [ -313491.200562908896245, 1156813.743721239035949 ], [ -312852.419526895391755, 1157170.219194445293397 ], [ -312528.701849047560245, 1157534.076095859520137 ], [ -312367.452782988897525, 1157689.480879332404584 ], [ -311947.419891541474499, 1157679.644278618274257 ], [ -311584.855808719876222, 1157458.918612779816613 ], [ -311267.349479246069677, 1157557.609983265399933 ], [ -310946.126126989955083, 1157815.407115444308147 ], [ -310674.941953648580238, 1158180.491475987248123 ], [ -310249.97067966486793, 1158382.788805591873825 ], [ -309932.482941927621141, 1158481.497767768567428 ], [ -309511.241377586731687, 1158524.712791956495494 ], [ -309297.519089232897386, 1158678.892735695466399 ], [ -308775.004665886983275, 1158560.578564343275502 ], [ -308408.746685789548792, 1158498.975646065548062 ], [ -308040.017148213344626, 1158543.431662479648367 ], [ -307775.047830611933023, 1158643.36520232539624 ], [ -307456.349167492589913, 1158795.116611843695864 ], [ -307348.886125579709187, 1158898.722498607821763 ], [ -307137.668975865351968, 1158946.855405219132081 ], [ -306873.944593850756064, 1158993.765964329242706 ], [ -306503.998632557340898, 1159091.258713869610801 ], [ -306213.889158304897137, 1159159.423787674633786 ], [ -305799.391775914700702, 1158937.82774141873233 ], [ -305373.795796742197126, 1159192.86060420027934 ], [ -304949.452925675432198, 1159394.954302859725431 ], [ -304638.57831266708672, 1159228.766746251611039 ], [ -304224.071706686983816, 1159007.195374912116677 ], [ -303909.506219755625352, 1158999.892798404907808 ], [ -303704.716666240128689, 1158783.186065088491887 ], [ -303546.205667005269788, 1158832.504305970622227 ], [ -302913.399254148011096, 1158976.787329407408834 ], [ -302391.595800328534096, 1158858.720974256983027 ], [ -302025.845203835749999, 1158797.270931176841259 ], [ -301758.809461097582243, 1159003.021254593972117 ], [ -301535.629676898242906, 1159580.669067297130823 ], [ -301210.053012718679383, 1160049.984174106037244 ], [ -300838.194724767352454, 1160253.317981889238581 ], [ -300567.50013523362577, 1160617.928664330625907 ], [ -300355.368362617795356, 1160718.975029941415414 ], [ -299776.285025436780415, 1160811.546537483576685 ], [ -299519.089831336517818, 1160593.676322710700333 ], [ -299205.791894176509231, 1160533.444435383426026 ], [ -298782.758150990237482, 1160682.614937473088503 ], [ -298412.159296997124329, 1160832.998639504890889 ], [ -297786.800589247373864, 1160659.624753749230877 ], [ -297585.678399502416141, 1160284.132448740769178 ], [ -297172.424005316337571, 1160009.720227293437347 ], [ -296811.59347070788499, 1159736.510435301810503 ], [ -296501.954297316842712, 1159517.473915148759261 ], [ -296243.522771346266381, 1159352.594031354645267 ], [ -295820.516515519586392, 1159501.801411362364888 ], [ -295134.222343603149056, 1159697.934264113660902 ], [ -294711.233411572640762, 1159847.14898831024766 ], [ -294185.859145018621348, 1159888.059388509951532 ], [ -293552.012965500121936, 1160085.428892374504358 ], [ -293282.66265623527579, 1160397.088543410412967 ], [ -292651.267396439681761, 1160488.566869630943984 ], [ -292078.354275188408792, 1160316.519925307715312 ], [ -291717.525743534788489, 1160043.401640566065907 ], [ -291403.047012979746796, 1160036.206902007805184 ], [ -291081.306081871734932, 1160346.671344704926014 ], [ -290913.171772044617683, 1160819.57939661340788 ], [ -290852.286163335083984, 1161189.003546055871993 ], [ -290685.363362691365182, 1161608.954126854194328 ], [ -290157.639490262954496, 1161755.796717485645786 ], [ -289954.060860262368806, 1161486.27833322645165 ], [ -289528.734311940264888, 1161741.41771189821884 ], [ -289205.816782396635972, 1162104.830169633263722 ], [ -288935.321229620021768, 1162469.438897446263582 ], [ -288767.212578161037527, 1162942.331155676860362 ], [ -288502.759804929606616, 1163042.23253897135146 ], [ -288196.79185998882167, 1162664.458325666142628 ], [ -288098.032984707853757, 1162397.350363818462938 ], [ -287792.052441413048655, 1162019.586627617478371 ], [ -287530.017175741028041, 1162013.610547539312392 ], [ -287316.777289134217426, 1162167.655225514434278 ], [ -287204.719466687995009, 1162482.912773109506816 ], [ -287043.88371371361427, 1162638.151308321394026 ], [ -286833.063773654750548, 1162686.308700794586912 ], [ -286466.23972938337829, 1162677.948508457047865 ], [ -286213.861146468087099, 1162248.466878922889009 ], [ -286219.887698557693511, 1161983.761206911643967 ], [ -286056.648446040344425, 1162244.887575311819091 ], [ -285582.604337821016088, 1162340.023926230845973 ], [ -285269.3880037763156, 1162279.936642572749406 ], [ -285052.556761010899208, 1162592.804497969569638 ], [ -284523.7247935422929, 1162792.640166851691902 ], [ -284260.509097684524022, 1162839.618734715972096 ], [ -283850.925635737366974, 1162406.60116971610114 ], [ -283593.718939421931282, 1162188.90738185425289 ], [ -283169.712782418704592, 1162391.141016332432628 ], [ -282852.90695944649633, 1162489.8746285547968 ], [ -282386.102705002878793, 1162267.441812762292102 ], [ -282289.691666897735558, 1161894.517441642237827 ], [ -282036.085856310208328, 1161518.036407483741641 ], [ -281565.674827178590931, 1161454.419789707055315 ], [ -281096.462595700635575, 1161337.89408071548678 ], [ -280624.859959098976105, 1161327.236881402786821 ], [ -280105.646355185541324, 1161103.657384502934292 ], [ -279964.193919626297429, 1160924.087634555995464 ], [ -279850.808124061790295, 1160780.154941610759124 ], [ -279437.58455642266199, 1160506.029236688045785 ], [ -278919.537841302109882, 1160229.552102252608165 ], [ -278503.922503016190603, 1160061.316592376679182 ], [ -278194.286786883021705, 1159842.517950891517103 ], [ -277832.252833968610503, 1159622.546937460778281 ], [ -277732.206492745899595, 1159408.468698577722535 ], [ -277416.618135915021412, 1159454.332443529972807 ], [ -277003.372320429421961, 1159180.259012212278321 ], [ -276646.064216105034575, 1158748.591276705730706 ], [ -276450.705739091150463, 1158108.724721127422526 ], [ -276162.371349687338807, 1156937.219657524023205 ], [ -275814.495424603694119, 1156082.139460478676483 ], [ -275511.898981111240573, 1155545.822075808420777 ], [ -275520.658438946818933, 1155290.190744627965614 ], [ -275169.718919469509274, 1155093.029660771600902 ], [ -274181.65244268917013, 1152313.882778814062476 ], [ -274209.571188498521224, 1149595.502305402187631 ], [ -274271.609001435455866, 1146794.580195602262393 ], [ -274318.695573504315689, 1143477.813828816171736 ], [ -274361.793777480372228, 1140927.626432006713003 ], [ -274340.52002314873971, 1138917.977152480976656 ], [ -274399.426189079182222, 1136830.78217177814804 ], [ -274443.426973345922306, 1134822.569902861490846 ], [ -274411.020413751713932, 1133909.801651086192578 ], [ -274409.199037637212314, 1133394.2506873102393 ], [ -274416.503125498769805, 1131861.096578875323758 ], [ -274480.136688014143147, 1129203.321461567422375 ], [ -270074.196453167241998, 1128895.564029790693894 ], [ -269713.722101732739247, 1126130.956901795463637 ], [ -266156.93783681851346, 1125418.208680560812354 ], [ -265362.277028184151277, 1123280.719638733426109 ], [ -263266.517113171168603, 1123023.871974285226315 ], [ -261828.547306671272963, 1121353.581779894419014 ], [ -261010.350748316268437, 1120431.478974124183878 ], [ -259861.470240983529948, 1119120.842562997946516 ], [ -259858.369315239251591, 1119117.305506034754217 ], [ -259412.144522201502696, 1118620.597220306983218 ], [ -258548.262611841782928, 1117623.093775236979127 ], [ -258114.908717962447554, 1116752.317619438981637 ], [ -257815.824909717775881, 1116184.428107896354049 ], [ -257731.07573923736345, 1116010.864406465319917 ], [ -257313.440024970914237, 1115163.006945679197088 ], [ -257067.874733582371846, 1114695.368881959468126 ], [ -256600.52717548108194, 1113717.667184386635199 ], [ -256010.126608271151781, 1112516.089755391702056 ], [ -255522.196899834088981, 1111623.302151495823637 ], [ -251586.559525824617594, 1107944.805100301746279 ], [ -249556.699647204834037, 1106026.728728805435821 ], [ -247629.206922591663897, 1104216.707127477042377 ], [ -245545.492529428680427, 1102350.881041021551937 ], [ -243771.467501950100996, 1097281.512966113630682 ], [ -243771.060397810651921, 1097280.453275442821905 ], [ -243266.919656321289949, 1095884.319488416193053 ], [ -241950.385746748419479, 1092317.498403321020305 ], [ -240125.879023491637781, 1084869.170002777827904 ], [ -239321.148241093498655, 1083106.876840685959905 ], [ -237583.218484273878857, 1078098.412974295206368 ], [ -236530.452941347029991, 1074985.269819108769298 ], [ -235631.332381724962033, 1072722.253237235825509 ], [ -235379.671408408903517, 1072189.006333955563605 ], [ -235155.238077917136252, 1071603.470155491260812 ], [ -234052.922431940911338, 1068939.283134198049083 ], [ -231621.54790885897819, 1067308.214930078713223 ], [ -229862.673629164230078, 1066085.51269794581458 ], [ -228516.875339344260283, 1065187.885892205871642 ], [ -226446.2975298067322, 1063647.161606171866879 ], [ -224129.950544931925833, 1062937.824461123440415 ], [ -222360.189569008536637, 1062270.151822850806639 ], [ -220900.83608689554967, 1061819.779087168164551 ], [ -219154.753127377363853, 1061284.815561399795115 ], [ -217384.468753421329893, 1060643.881868734024465 ], [ -215506.873018318670802, 1060133.071011891122907 ], [ -213914.523476690868847, 1059786.183593736728653 ], [ -210967.160296341287903, 1059017.904354326892644 ], [ -208280.841196489753202, 1058307.604770889040083 ], [ -206533.312142977491021, 1057852.620644297916442 ], [ -204445.692758412449621, 1057365.035969041055068 ], [ -202803.469783672131598, 1056885.833634690847248 ], [ -201293.701243046438321, 1056329.976394324097782 ], [ -199312.35994660644792, 1055765.537111471174285 ], [ -197011.940217077033594, 1055047.497022149618715 ], [ -196232.674702948774211, 1055075.54999108472839 ], [ -195079.055391657631844, 1055107.26106845238246 ], [ -192402.106614208780229, 1055132.064506143564358 ], [ -189524.712021577637643, 1055059.039517880650237 ], [ -187794.980573568143882, 1055080.532690597232431 ], [ -186098.070478720008396, 1055047.518487763823941 ], [ -182522.478930239100009, 1056885.698009514482692 ], [ -179536.463510093628429, 1058494.533589714905247 ], [ -175843.106452208361588, 1059644.198393097147346 ], [ -173990.484248184831813, 1060562.550086273578927 ], [ -173090.450250818044879, 1061022.20509429438971 ], [ -168906.754376973491162, 1062500.762150067137554 ], [ -164797.769940158934332, 1063852.875638089608401 ], [ -162002.694528446067125, 1064964.492228477261961 ], [ -159949.062078346032649, 1065614.359037679387257 ], [ -159108.738465187023394, 1065757.924174642190337 ], [ -157948.829855954856612, 1066212.466853926889598 ], [ -156684.281361558940262, 1066665.200990284560248 ], [ -154144.575701560126618, 1067664.203087683301419 ], [ -150710.648965934640728, 1068608.690441058715805 ], [ -144916.126502425759099, 1069046.281898773740977 ], [ -143525.042718442156911, 1069329.839321494335309 ], [ -139225.907389489118941, 1069362.022674860199913 ], [ -133355.05925889313221, 1069368.112111686263233 ], [ -122929.888483753777109, 1068608.74123838590458 ], [ -116383.852542396867648, 1068821.359221669146791 ], [ -113008.186825935496017, 1069270.276202478446066 ], [ -108343.274993818369694, 1068699.482646500458941 ], [ -107034.910963505739346, 1068731.018752311356366 ], [ -102302.701366795226932, 1068012.255730328848585 ], [ -99267.437738564098254, 1067805.34277895046398 ], [ -95194.027126634144224, 1067466.601531053893268 ], [ -95168.919196611386724, 1067464.514991998672485 ], [ -93774.136233823024668, 1067348.633920415770262 ], [ -86344.381126206251793, 1066809.769086796790361 ], [ -80275.840405295719393, 1066346.199351733550429 ], [ -75882.386779455118813, 1065962.056086332071573 ], [ -74386.84652831859421, 1065971.261499506887048 ], [ -74342.050763834617101, 1065971.53773927455768 ], [ -73421.819097140571102, 1065977.232723189052194 ], [ -73320.166693525970913, 1065971.951607327675447 ], [ -73281.956064216210507, 1065969.966504235751927 ], [ -73189.066769843338989, 1065965.081180858891457 ], [ -72754.013762558810413, 1065946.721002201084048 ], [ -72202.131669918191619, 1065923.437960417708382 ], [ -71557.429581087315455, 1065978.723363304976374 ], [ -70950.650530044455081, 1066027.667784773046151 ], [ -70487.658913850667886, 1065998.408255714457482 ], [ -70095.069487590459175, 1066028.377610241062939 ], [ -69702.483011372969486, 1066058.350710783619434 ], [ -68882.764728609356098, 1066045.946807912783697 ], [ -67955.595633994904347, 1066067.857476151315495 ], [ -67135.356414757552557, 1066091.401853039627895 ], [ -66743.871542221750133, 1066049.583911049179733 ], [ -66244.932034257682972, 1066042.070964984595776 ], [ -65691.10678118863143, 1066087.283749491674826 ], [ -63430.104050454101525, 1066222.439553460804746 ], [ -61676.16348289558664, 1066327.375595855293795 ], [ -61241.474375418853015, 1066404.973141331691295 ], [ -60578.811394268530421, 1066523.276229401817545 ], [ -60534.444429369759746, 1066531.197402816498652 ], [ -60464.476365486392751, 1066561.608845978742465 ], [ -60439.287482125801034, 1066516.167981914011762 ], [ -60358.984206869383343, 1066456.53437143820338 ], [ -60240.829803729546256, 1066368.793064584489912 ], [ -60239.995879613095894, 1066424.770742622902617 ], [ -59851.20680838287808, 1065910.569234285037965 ], [ -58466.828932625241578, 1064079.840128416195512 ], [ -57964.103512475849129, 1063037.309473703149706 ], [ -51920.811852923594415, 1050513.112213970627636 ], [ -46218.233825032250024, 1038494.3771463209996 ], [ -45424.548492692876607, 1036639.373989138519391 ], [ -45298.3323226418579, 1036655.354457006906159 ], [ -45065.023958831210621, 1036684.895155885722488 ], [ -20074.503225180436857, 1036602.522686260868795 ], [ -9955.358288944989908, 1036573.416529745096341 ], [ -9837.391960894630756, 1036595.558025361970067 ], [ -9692.562532931740861, 1036622.741954050725326 ], [ 9752.947362097562291, 1036371.466999751748517 ], [ 11766.816134023596533, 1036354.820284632616676 ], [ 12139.308655669330619, 1036351.758951899362728 ], [ 33858.385766368126497, 1036179.093093777773902 ], [ 33962.537433244870044, 1036125.077073974069208 ], [ 34958.633200163196307, 1036165.853711255709641 ], [ 33931.682763809920289, 1042245.585812693578191 ], [ 34075.14317400380969, 1042351.231223678681999 ], [ 34143.14204971678555, 1042401.302958782296628 ], [ 34886.733390129753388, 1043236.449249079800211 ], [ 36002.701550976606086, 1044541.932418370386586 ], [ 37222.714915779186413, 1045793.388221345143393 ], [ 37547.808224439795595, 1046686.34243752178736 ], [ 37496.594120074878447, 1046903.840121588087641 ], [ 37448.146754177345429, 1047109.613665573531762 ], [ 37662.110910475486889, 1047476.333209901116788 ], [ 37948.705762830155436, 1047898.143158775637858 ], [ 38302.073739372543059, 1048418.239589494187385 ], [ 38570.945581565902103, 1048995.320861511398107 ], [ 38528.771366297325585, 1049839.949488481041044 ], [ 38953.477122736570891, 1050309.632016456918791 ], [ 39014.771813748637214, 1051047.490155040053651 ], [ 39141.517862004868221, 1051355.73867159197107 ], [ 39230.625270025746431, 1051572.450751609168947 ], [ 39915.237639380968176, 1051880.719815782736987 ], [ 40287.54134769103257, 1052351.033002671785653 ], [ 40502.100706505239941, 1052770.491369966883212 ], [ 40679.726538704941049, 1052827.75817693118006 ], [ 40975.305754207773134, 1052923.052556819282472 ], [ 41503.411202736548148, 1053285.976894249441102 ], [ 41789.414209171314724, 1053488.822423102101311 ], [ 42454.225307706801686, 1053960.347427878528833 ], [ 42573.299900082114618, 1054061.063526470214128 ], [ 42769.998856167192571, 1054227.444014478707686 ], [ 43704.92929496470606, 1055185.163674432551488 ], [ 45314.977237368002534, 1056834.575464783469215 ], [ 46262.87684906530194, 1057700.247437397018075 ], [ 46797.382814683543984, 1058188.400945645291358 ], [ 48969.071976237755734, 1060272.524441920220852 ], [ 51402.88074638863327, 1062406.302349674282596 ], [ 53518.59399379347451, 1064227.400488178711385 ], [ 56057.167130400484893, 1066412.76624245243147 ], [ 56568.726976603735238, 1066856.194813854061067 ], [ 58278.313174568349496, 1068338.185294257709756 ], [ 59390.348284377541859, 1069432.75569238467142 ], [ 60660.053272392367944, 1071215.634754584636539 ], [ 60816.950371831248049, 1071435.954042809316888 ], [ 60819.002083217084873, 1071606.538888649549335 ], [ 61817.307102318911348, 1072592.750154936686158 ], [ 63153.786961596750189, 1073913.129949163645506 ], [ 63445.436619748943485, 1074201.280073254834861 ], [ 65011.727180551970378, 1075748.860461012925953 ], [ 65597.703682297549676, 1076638.642371659399942 ], [ 65969.471762421424501, 1077108.976116023492068 ], [ 66290.147115765255876, 1077685.385374014033005 ], [ 66556.040376238001045, 1078051.474390943534672 ], [ 67290.306165879359469, 1078201.146957756951451 ], [ 67814.680987779225688, 1078300.520433674799278 ], [ 68604.91510691260919, 1078765.993909309385344 ], [ 69191.391820675984491, 1079708.511422038311139 ], [ 69564.30989875033265, 1080284.313126685563475 ], [ 70036.941400759969838, 1080437.055745476391166 ], [ 70401.283185547916219, 1080274.60548831964843 ], [ 70821.598607958236244, 1080427.963003290817142 ], [ 71346.524656809342559, 1080580.100021603051573 ], [ 71766.219457285478711, 1080680.721886688610539 ], [ 72235.796637709310744, 1080569.826178038027138 ], [ 72755.237043331377208, 1080247.404613262740895 ], [ 73172.496856746380217, 1080137.126970928395167 ], [ 73799.606824114453048, 1080077.17803869722411 ], [ 86144.382709418248851, 1079990.077981402166188 ], [ 86197.271757348265965, 1080042.216217716690153 ], [ 120084.2921028630808, 1079732.257822087733075 ], [ 120375.263263075379655, 1107772.424548343056813 ], [ 120386.345975174917839, 1108826.560546314576641 ], [ 120441.359845094149932, 1109089.551934154238552 ], [ 120566.305053670541383, 1116175.850669951410964 ], [ 120571.469943645526655, 1116468.027984279673547 ], [ 120747.078268764889799, 1116555.350621826946735 ], [ 124442.098228276066948, 1118392.981806065188721 ], [ 133854.663588535448071, 1123076.332925143186003 ], [ 147499.741179935692344, 1129947.840384004171938 ], [ 155211.980214301438536, 1133876.855640040244907 ], [ 155222.240316937677562, 1133897.005667760502547 ], [ 164679.037076744367369, 1138705.707281491486356 ], [ 165035.208821329462808, 1138821.820694550871849 ], [ 165094.389613038569223, 1138821.256147202337161 ], [ 167261.369166241260245, 1138844.411959403427318 ], [ 169384.575206584006082, 1138867.229238291969523 ], [ 171012.584217029740103, 1138884.811353615252301 ], [ 177875.600558306905441, 1134662.364113677060232 ], [ 178074.607951084093656, 1134539.965369278565049 ], [ 178308.912381942907814, 1134395.860191742656752 ], [ 182958.463398514082655, 1131346.348912387387827 ], [ 188193.264420894789509, 1127914.542728023603559 ], [ 193358.691936645540409, 1124645.613098263507709 ], [ 194305.334875410306267, 1124046.698676489992067 ], [ 198435.916041884396691, 1121433.997041028691456 ], [ 201143.913077171251643, 1119678.838097306666896 ], [ 201202.609498787322082, 1119618.615714057348669 ], [ 222172.076619884814136, 1106548.335295485099778 ], [ 223289.564116109919269, 1105584.142178409965709 ], [ 227120.052957775886171, 1103225.794367145746946 ], [ 229124.496786943695042, 1102076.013739461777732 ], [ 229594.131000125722494, 1101534.991242963587865 ], [ 236009.275660651095677, 1096232.368014124687761 ], [ 242367.407211558020208, 1090991.456628096522763 ], [ 246431.511575093347346, 1087798.156884944997728 ], [ 249905.661403327685548, 1084848.340192294213921 ], [ 249964.476222019846318, 1084788.231687478721142 ], [ 256742.651087203645147, 1079309.891516727162525 ], [ 257868.854453167732572, 1078399.977524124085903 ], [ 258745.953435577423079, 1077691.371227787109092 ], [ 261512.564771672390634, 1075456.634471437660977 ], [ 261628.744633481022902, 1075097.63199299108237 ], [ 262580.316878642654046, 1075688.652102710446343 ], [ 263884.627018819388468, 1075859.476597417844459 ], [ 265368.483916043885984, 1076327.757063211174682 ], [ 267091.845127493783366, 1077212.53616522368975 ], [ 268102.864224047516473, 1077862.996558466693386 ], [ 268816.585674897709396, 1078336.206807684386149 ], [ 294164.973010076442733, 1078246.637903223978356 ], [ 294342.963743362226523, 1078305.345020136097446 ], [ 300442.565771131543443, 1078272.035813370253891 ], [ 302693.811228443635628, 1078439.083973880624399 ], [ 304708.150572493032087, 1078607.511424186872318 ], [ 306900.097970051516313, 1078775.133303836919367 ], [ 309032.7783128535375, 1078943.172328373650089 ], [ 310751.230467827408575, 1079173.131913271266967 ], [ 312292.599702759820502, 1079523.455137020442635 ], [ 314072.882628889637999, 1080290.496968761784956 ], [ 315140.77818259166088, 1080703.007982822833583 ], [ 316210.128061350085773, 1081413.991003220900893 ], [ 317934.526427211938426, 1082897.769961516372859 ], [ 319242.904395840479992, 1084085.194294562796131 ], [ 321148.434754627291113, 1086344.189204052789137 ], [ 323293.099606856005266, 1089139.311205277452245 ], [ 325139.806762143271044, 1091577.788411307614297 ], [ 327164.952135063242167, 1094254.246073168702424 ], [ 329410.876183825312182, 1094410.20694449567236 ], [ 329426.195704261597712, 1094412.807840094203129 ], [ 329623.134816722245887, 1094667.544056478654966 ], [ 330773.018763728206977, 1096154.974000935209915 ], [ 333234.65706233662786, 1098946.457031046273187 ], [ 336295.57902559149079, 1103001.124612668529153 ], [ 336342.535990888951346, 1103062.557902826927602 ], [ 336435.781716107507236, 1103185.56221664743498 ], [ 336450.272869385196827, 1103203.138030369533226 ], [ 336491.726349268632475, 1103252.465329376747832 ], [ 336625.957915679842699, 1103412.68239078251645 ], [ 337775.898111878253985, 1104786.892472849693149 ], [ 339155.466273474157788, 1105936.729405612917617 ], [ 339823.125963683356531, 1106180.400357674108818 ], [ 342089.843751260836143, 1108876.650837669149041 ], [ 349882.686958924750797, 1118869.908802412915975 ], [ 353714.841669330198783, 1123657.011206200346351 ], [ 358535.609197471931111, 1129387.5501803252846 ], [ 360275.019716757582501, 1130971.218021478271112 ], [ 361308.743528397229966, 1132005.219801972620189 ], [ 362208.884422017203178, 1133767.78604314965196 ], [ 363541.019628764770459, 1135340.878211875911802 ], [ 365735.818360464298166, 1137361.640810912242159 ], [ 367208.461729849805124, 1138470.46608973806724 ], [ 368748.566475177416578, 1139919.481894680531695 ], [ 369481.994808906165417, 1141634.530088557396084 ], [ 370963.244258514605463, 1144444.186581953894347 ], [ 371081.874188006389886, 1144563.11568850884214 ], [ 374945.167717307165731, 1150755.920080984011292 ], [ 377371.22560923936544, 1153854.638295923359692 ], [ 383287.989074281940702, 1159840.387031195219606 ], [ 385898.289237108197995, 1161673.572625655680895 ], [ 392668.738644905039109, 1161651.76768523035571 ], [ 397347.272296859533526, 1158743.103543838951737 ], [ 407499.234892393811606, 1157135.653857180150226 ], [ 411671.394980315351859, 1159229.648602570639923 ], [ 415583.923021666123532, 1161850.975564539898187 ], [ 415859.810011866618879, 1168165.038494195556268 ], [ 415338.137464904459193, 1170835.912971236044541 ], [ 415183.007613262045197, 1171630.688554136781022 ], [ 415177.182827929151244, 1171660.163408272899687 ], [ 415176.857183823536616, 1171661.716620476683602 ], [ 415176.77427715761587, 1171662.383058027829975 ], [ 415176.415152935660444, 1171664.066503641195595 ], [ 415175.664777216734365, 1171668.15101416525431 ], [ 415111.124461114115547, 1172004.20457172463648 ], [ 415071.596316876588389, 1172201.090080378577113 ], [ 415018.201839550514705, 1172475.63187088817358 ], [ 414977.623420570394956, 1172684.546033558901399 ], [ 414930.613463769084774, 1172916.435011489549652 ], [ 414897.549829980242066, 1173102.372202942613512 ], [ 414864.437289274239447, 1173268.630808507092297 ], [ 414833.471847913053352, 1173428.324625493492931 ], [ 414802.520332823565695, 1173593.484674619277939 ], [ 414784.328650089562871, 1173671.151911814697087 ], [ 414769.248644545383286, 1173749.699644470587373 ], [ 414761.705621557950508, 1173787.777733380906284 ], [ 414759.019893126620445, 1173801.732113029807806 ], [ 414758.33155575231649, 1173805.207978636259213 ], [ 414758.15728484117426, 1173806.077448120107874 ], [ 414758.109446746413596, 1173806.325926247052848 ], [ 414758.104044220643118, 1173806.35269967559725 ], [ 414758.103072435013019, 1173806.357788698282093 ], [ 414727.708833007782232, 1173951.169131620321423 ], [ 414446.131125547282863, 1175404.237085736822337 ], [ 411736.855743472639006, 1184488.768563576508313 ], [ 415412.754510262398981, 1188445.210695744026452 ], [ 424565.066014188108966, 1197099.46035432908684 ], [ 429555.878439104533754, 1202126.22242092480883 ], [ 432834.562578065262642, 1205093.577523864340037 ], [ 435376.037513641291298, 1207711.766290631145239 ], [ 436264.017477139423136, 1208445.228177707176656 ], [ 437315.298501810291782, 1209387.243623521877453 ], [ 440992.002374661795329, 1213421.5841051612515 ], [ 440067.814469367265701, 1218408.422807102324441 ], [ 439683.064659326570109, 1220613.103980955434963 ], [ 438723.760458180739079, 1223098.210847840411589 ], [ 437333.739522884367034, 1225471.544814963825047 ], [ 436946.940200726385228, 1226469.336129499599338 ], [ 436430.391089376702439, 1227362.435369920218363 ], [ 435992.255311279150192, 1227953.980991705320776 ], [ 435475.953830104786903, 1229568.317936291918159 ], [ 434233.354809501906857, 1231649.261802609544247 ], [ 434060.582692242925987, 1234032.329363870434463 ], [ 434023.072928623412736, 1234644.28158179204911 ], [ 433302.271537659340538, 1235849.133515284862369 ], [ 433394.03674387303181, 1237811.348184339702129 ], [ 433412.854796451865695, 1239283.098989566555247 ], [ 433446.684688576497138, 1240333.644093129085377 ], [ 433513.537996418250259, 1242409.709832603344694 ], [ 432819.772686383803375, 1243809.603649623692036 ], [ 432790.652603133465163, 1246576.243162117432803 ], [ 432793.797644457197748, 1248071.832745437510312 ], [ 432670.845391373848543, 1251168.24323934991844 ], [ 432676.28507608990185, 1253739.616244068834931 ], [ 432660.416051697568037, 1258462.611789398128167 ], [ 432535.793562339968048, 1262429.427198618184775 ], [ 432470.763914143200964, 1266623.279530602972955 ], [ 432444.832788492902182, 1268975.705732492962852 ], [ 432434.908160875667818, 1269743.304244951345026 ], [ 433483.485188243095763, 1270822.715774130309001 ], [ 433704.107116467901506, 1279549.399913130328059 ], [ 433616.749873038614169, 1279243.244800387648866 ], [ 433441.30968090519309, 1279125.69732059398666 ], [ 433819.402405329572503, 1283967.607667097821832 ], [ 433592.776412132778205, 1288026.18339529260993 ], [ 433591.754135793773457, 1288184.569105488713831 ], [ 433590.058367291407194, 1288447.319142225664109 ], [ 433576.80217372206971, 1288641.424290566006675 ], [ 433531.21338151715463, 1289247.514727800386027 ], [ 433334.401114838605281, 1291864.453053407138214 ], [ 432922.099780556978658, 1293075.723267681198195 ], [ 431992.356217097199988, 1294814.402508846716955 ], [ 431318.979096548748203, 1295184.276903633028269 ], [ 430335.627281102177221, 1296081.117646834114566 ], [ 408455.728030702623073, 1315524.409573428099975 ], [ 402719.750943455437664, 1320628.64666329533793 ], [ 405045.190451368223876, 1320630.960724893258885 ], [ 415373.112507209181786, 1320643.405559128848836 ], [ 416950.692804829915985, 1320646.743052383186296 ], [ 418045.392839053121861, 1320649.107478775782511 ], [ 418365.335845575667918, 1320649.806084785377607 ], [ 418643.023103401646949, 1320650.415102474857122 ], [ 418756.10163583123358, 1320650.663888728246093 ], [ 418811.958690291212406, 1320650.786850398173556 ], [ 418868.210575840959791, 1320650.910843229852617 ], [ 418944.598858915909659, 1320651.079422865761444 ], [ 419005.227699755341746, 1320651.213354060193524 ], [ 419076.957832375192083, 1320651.372006709687412 ], [ 419157.502655135700479, 1320651.55020294059068 ], [ 419240.835282974992879, 1320651.734967397293076 ], [ 419326.148398348479532, 1320651.924281856510788 ], [ 419416.755324475816451, 1320652.125560223357752 ], [ 419517.399986780132167, 1320652.349515465321019 ], [ 419622.837119181640446, 1320652.584580122726038 ], [ 426682.467760887695476, 1320660.23240848002024 ], [ 442828.378624124627095, 1320736.387291221413761 ], [ 471845.599634015699849, 1320695.308233281597495 ], [ 472260.366773920541164, 1320958.03186906222254 ], [ 472831.433807676949073, 1322167.85112279956229 ], [ 472987.670947517617606, 1323062.320676443865523 ], [ 473144.557741563359741, 1324693.508965155342594 ], [ 473457.414295279071666, 1326956.050386912189424 ], [ 473769.029080987675115, 1327850.3748309223447 ], [ 473614.366076406033244, 1328692.501782364910468 ], [ 473407.993531215237454, 1329639.906062556197867 ], [ 473201.506817998131737, 1330429.446872950764373 ], [ 472839.678479851456359, 1331271.752471164101735 ], [ 472996.873396397626493, 1333271.315755319548771 ], [ 473567.406883746327367, 1334165.421201425138861 ], [ 473567.546810573840048, 1334323.287264383863658 ], [ 473154.714098805794492, 1336007.63265641219914 ], [ 472794.367639349540696, 1338376.041207738686353 ], [ 471916.3496294838842, 1340850.189112380612642 ], [ 471607.930200681148563, 1343218.573679117718711 ], [ 471661.583240419509821, 1345165.636776091530919 ], [ 472180.69842891022563, 1346638.615711280377582 ], [ 472389.644595396239311, 1348638.160079992609099 ], [ 471769.958614937320817, 1350217.481514452956617 ], [ 471305.363664047967177, 1351533.539837120100856 ], [ 471098.618943354638759, 1351849.492504308465868 ], [ 471099.084271061525214, 1352323.110785973723978 ], [ 471074.284666264371481, 1352449.843079252634197 ], [ 471202.101904383162037, 1352563.35707273776643 ], [ 471272.931096027197782, 1352628.040654146112502 ], [ 471345.770972368714865, 1352694.560853244271129 ], [ 471403.276195766637102, 1352757.640369839733467 ], [ 471461.716749937215354, 1352638.50710558379069 ], [ 472700.321371424011886, 1352596.103466901229694 ], [ 488852.850988745864015, 1352047.911889346316457 ], [ 501272.432512992992997, 1351686.842442183755338 ], [ 502273.597595234459732, 1351658.334462420316413 ], [ 502505.354506153904367, 1351649.408256398513913 ], [ 527748.767541014938615, 1350274.140679052565247 ], [ 527793.881974220974371, 1350271.702330780448392 ], [ 527830.485114763840102, 1350269.723987003322691 ], [ 528140.973204261972569, 1350375.264324985677376 ], [ 532178.518872340093367, 1350432.021397905424237 ], [ 532386.044858139124699, 1350011.252238670829684 ], [ 531766.221280714147724, 1348747.588928108336404 ], [ 531197.45709743804764, 1348115.481291945790872 ], [ 530680.258269581128843, 1347641.320885246619582 ], [ 529852.647490661474876, 1346956.350253127282485 ], [ 529180.203204630175605, 1346376.815813490888104 ], [ 528714.827730392338708, 1345797.484102776739746 ], [ 528249.433900491800159, 1345218.174144231481478 ], [ 527939.090359187568538, 1344902.130541314603761 ], [ 527888.359964708797634, 1343796.96948578231968 ], [ 527218.65485678659752, 1340112.643067356897518 ], [ 525877.955445649800822, 1333638.68682269542478 ], [ 525155.948964666575193, 1329954.409534188220277 ], [ 525137.310611106571741, 1329871.279790279688314 ], [ 524208.235164230572991, 1325765.87767419568263 ], [ 522119.841835053521208, 1314062.280535257188603 ], [ 519034.535507832362782, 1297873.410921751987189 ], [ 518960.186291500402149, 1297483.521407379768789 ], [ 518896.688274237618316, 1297344.108204096322879 ], [ 515317.675615666317753, 1285433.089056342607364 ], [ 516578.715055759937968, 1277646.044240387156606 ], [ 518292.348054527945351, 1268892.673572571482509 ], [ 519007.423958270286676, 1258676.044056269340217 ], [ 521516.08045265765395, 1243462.740975247230381 ], [ 522020.689238816557918, 1239803.121983457822353 ], [ 526056.790439612814225, 1216309.540246520889923 ], [ 525696.780111523228697, 1215678.999166694004089 ], [ 526848.769717311835848, 1209664.844296799739823 ], [ 527309.935887783998623, 1206945.175797543255612 ], [ 529045.088704448891804, 1197105.857926270226017 ], [ 526338.287248256267048, 1192006.329700271133333 ], [ 523947.892160377057735, 1186686.139190861256793 ], [ 538943.733601224957965, 1182277.336915892083198 ], [ 549621.652626516995952, 1179117.935465437360108 ], [ 552794.781312192324549, 1178193.930346169741824 ], [ 554471.293279172154143, 1176250.514131315983832 ], [ 558636.019093944923952, 1171414.373523205053061 ], [ 573090.830023290123791, 1154292.185123497853056 ], [ 573561.917707717977464, 1154083.092578459065408 ], [ 579615.43302913242951, 1148987.910818616161123 ], [ 579769.400627263938077, 1148678.653304890729487 ], [ 584046.905299713369459, 1145316.159658738179132 ], [ 586921.507518687285483, 1142846.290399932535365 ], [ 587493.734874237095937, 1141697.721564740408212 ], [ 588758.914975414401852, 1139334.564716692082584 ], [ 594719.023404683102854, 1130028.435004774015397 ], [ 596864.675210228888318, 1126462.57334771566093 ], [ 597811.414281385019422, 1124773.323871619533747 ], [ 598075.492359222844243, 1124353.85448208427988 ], [ 598536.923291014274582, 1123879.643802265636623 ], [ 598757.317431938834488, 1123415.825995106482878 ], [ 599326.997213562717661, 1123417.412098764441907 ], [ 600214.384567748522386, 1123419.900939895538613 ], [ 601199.932291580480523, 1123577.501735939178616 ], [ 602141.938082629814744, 1123635.484142240369692 ], [ 603237.80027434322983, 1123528.068566808709875 ], [ 604169.177466484019533, 1123475.494044798193499 ], [ 605112.43000572710298, 1123113.354179380694404 ], [ 605848.037199420039542, 1122584.748901677317917 ], [ 606266.239685587119311, 1121955.686048669274896 ], [ 606422.134001116268337, 1121115.73981963749975 ], [ 606216.302930741105229, 1120330.005319879855961 ], [ 606009.377377105178311, 1119909.18478497536853 ], [ 605900.762333532562479, 1119588.179687371943146 ], [ 606067.773836109787226, 1118692.975706806406379 ], [ 606167.931165186339058, 1118173.546202717348933 ], [ 606333.407318656216376, 1117798.0652961069718 ], [ 606381.280628544394858, 1116438.071291540050879 ], [ 606383.021691935020499, 1115852.001742497552186 ], [ 606911.344062242773362, 1115068.454943774500862 ], [ 607647.898534843581729, 1114285.538304792717099 ], [ 608483.313573237857781, 1113436.58421849925071 ], [ 608846.5264885595534, 1112917.954350547632203 ], [ 609110.983787367818877, 1112443.259544572792947 ], [ 609058.570720630232245, 1111657.977464218623936 ], [ 608907.384207444032654, 1110916.629180851159617 ], [ 608745.063258166192099, 1110230.539074464933947 ], [ 608858.302314988453873, 1109025.553939068224281 ], [ 609015.085868305526674, 1107920.223115438595414 ], [ 609335.483280331362039, 1107080.780731181846932 ], [ 609545.815227662096731, 1106395.818957294104621 ], [ 609548.362216020002961, 1105555.41504136309959 ], [ 609341.872375144157559, 1104968.714094479801133 ], [ 608927.406380400061607, 1104281.866603498579934 ], [ 608613.302642310736701, 1103020.310318185947835 ], [ 608352.563894073478878, 1102234.41256834520027 ], [ 608409.125604338245466, 1101648.508196686627343 ], [ 608311.718910157564096, 1101228.014024020638317 ], [ 608521.888232328230515, 1100598.336470934096724 ], [ 608567.621852472308092, 1099968.168086942052469 ], [ 608470.672212458914146, 1099392.863855022238567 ], [ 608471.925294787040912, 1098972.664598076604307 ], [ 608682.436596661573276, 1098232.408433438977227 ], [ 608892.161670386907645, 1097757.542019351851195 ], [ 608949.491906551993452, 1096917.307212805142626 ], [ 608843.451694242539816, 1095711.671950536314398 ], [ 608376.065863192081451, 1094339.095628322567791 ], [ 607863.671973071643151, 1093342.366360167972744 ], [ 607448.894723320845515, 1092699.786889001959935 ], [ 607131.979451728868298, 1092333.947264956310391 ], [ 607078.544746719184332, 1091858.301718917442486 ], [ 607190.202618233161047, 1091173.039280236465856 ], [ 607083.13249060860835, 1090288.095824781572446 ], [ 606833.079668112681247, 1089546.489452504785731 ], [ 606517.315051804180257, 1088771.521898996084929 ], [ 606213.811860918183811, 1087543.22284626448527 ], [ 606160.958273021504283, 1086857.484660398447886 ], [ 605954.692683481727727, 1086127.07391858799383 ], [ 605999.642319147125818, 1085751.23744453326799 ], [ 606221.404628727003001, 1084911.481830904725939 ], [ 605960.446922024828382, 1084125.626300871837884 ], [ 605851.850903530837968, 1083749.349233123240992 ], [ 605282.862201483803801, 1083283.294600907480344 ], [ 604922.279416081029922, 1082806.783951875753701 ], [ 604715.677171226474456, 1082175.905277846381068 ], [ 604497.223639532225206, 1081854.612156845629215 ], [ 604191.301059048157185, 1081433.554549647495151 ], [ 603983.930864693364128, 1081068.065762033220381 ], [ 603568.465852871304378, 1080591.418503461871296 ], [ 602987.723172202706337, 1080379.701733489288017 ], [ 602527.934734667651355, 1080057.752643754705787 ], [ 601848.461431201314554, 1079845.782009640475735 ], [ 601377.08346558525227, 1079744.969961352879182 ], [ 601169.404169470071793, 1079479.018780132289976 ], [ 600961.721815914032049, 1079213.069076800253242 ], [ 600700.033080825814977, 1078637.360683772247285 ], [ 600646.628639325266704, 1078106.450010102475062 ], [ 600604.460914363269694, 1077476.05165569903329 ], [ 600398.047552510397509, 1076734.63335641217418 ], [ 600193.025030156248249, 1075473.514305878430605 ], [ 599932.569476621109061, 1074422.343652042327449 ], [ 599824.972141557256691, 1073636.967552279820666 ], [ 599618.367155194748193, 1072950.845864883158356 ], [ 599466.60739753767848, 1072264.872488105436787 ], [ 598790.310654860455543, 1070792.424456652719527 ], [ 598583.520558052812703, 1070161.599883343325928 ], [ 598432.976864843629301, 1069000.165185693884268 ], [ 598380.76237704907544, 1067993.795688573736697 ], [ 598023.08081845252309, 1066312.121159973554313 ], [ 597861.376103612361476, 1065205.952393880113959 ], [ 597611.041037243325263, 1064420.22171035874635 ], [ 597403.785246071987785, 1063944.21390999481082 ], [ 597350.407585398876108, 1063369.088808066444471 ], [ 597505.266349794110283, 1062894.01987225539051 ], [ 597409.908124801469967, 1061577.938424754422158 ], [ 597301.653586666681804, 1061002.672692536842078 ], [ 597415.618228250183165, 1059366.468584849266335 ], [ 597473.057911440497264, 1058371.449416211573407 ], [ 597369.141823081066832, 1056104.414026061305776 ], [ 597425.92350504710339, 1055363.714488040655851 ], [ 597643.815373225952499, 1054452.814251047559083 ], [ 598269.201776016503572, 1051838.578163558617234 ], [ 598613.60429262672551, 1050855.565939608728513 ], [ 598733.665302449488081, 1050512.892129062209278 ], [ 598734.725547451293096, 1050103.771062763407826 ], [ 598986.210217408835888, 1050111.421837197151035 ], [ 599959.253264590981416, 1050137.328884842107072 ], [ 600166.775723275961354, 1050147.359786014305428 ], [ 600551.98253091587685, 1050159.093862707726657 ], [ 600761.976810666033998, 1050163.102932407287881 ], [ 601347.445304606575519, 1050165.791555461939424 ], [ 603386.38741384644527, 1050171.39520565001294 ], [ 604444.090004523517564, 1050174.279694361146539 ], [ 607501.025123786879703, 1050163.501505224267021 ], [ 607747.513548548449762, 1050162.839811915066093 ], [ 610861.447551601333544, 1050143.261088864179328 ], [ 611791.87821810063906, 1050139.839628340909258 ], [ 613922.028371369000524, 1050146.148404970532283 ], [ 616554.448305864119902, 1050154.109255580231547 ], [ 618523.003729493240826, 1050160.181334141176194 ], [ 619723.736010476481169, 1050163.934974481351674 ], [ 621589.971896550385281, 1050169.84417553152889 ], [ 621680.09949049865827, 1050170.131867121672258 ], [ 622138.866736802621745, 1050171.599578730296344 ], [ 621895.251546996645629, 1054251.269454166758806 ], [ 621675.685967432917096, 1057678.589687493164092 ], [ 622403.394194400287233, 1060047.389126406284049 ], [ 623488.142025954090059, 1063943.423782375873998 ], [ 623770.260513984947465, 1064917.478743940126151 ], [ 624833.830574453342706, 1068481.775819549337029 ], [ 627567.086766595835797, 1077802.205530388280749 ], [ 628032.421219199080952, 1079650.577883885940537 ], [ 628499.004666658584028, 1081122.977699894225225 ], [ 629369.719286045758054, 1083072.320784696144983 ], [ 630751.50936763943173, 1086239.957728193607181 ], [ 633306.383497410221025, 1092453.084123207256198 ], [ 634296.724999886122532, 1094513.645188892493024 ], [ 634338.511740615474992, 1095077.799260285217315 ], [ 633857.107700766762719, 1097774.384380816714838 ], [ 633908.837996709626168, 1098615.046112810960039 ], [ 634274.632447530166246, 1100507.458683734061196 ], [ 634886.431989267934114, 1104037.513608643552288 ], [ 636206.428358897566795, 1111562.562865063780919 ], [ 636785.510310618905351, 1112040.299049898516387 ], [ 638764.591552335768938, 1113264.386674096342176 ], [ 640425.331975516630337, 1114586.886206539813429 ], [ 643125.168503129738383, 1116389.166306733386591 ], [ 643540.590417613624595, 1116645.193827198585495 ], [ 643857.332583886920474, 1116911.889521267265081 ], [ 646458.848158734501339, 1118559.240646294783801 ], [ 646401.92582425987348, 1119078.801900056423619 ], [ 646133.312601582729258, 1120449.073985164286569 ], [ 646129.006660650717095, 1121499.705029366072267 ], [ 646497.651713894447312, 1122452.333896631374955 ], [ 646955.893809737521224, 1122929.780867628054693 ], [ 647379.511237959959544, 1123827.354120483156294 ], [ 647683.271564067108557, 1124558.544183965306729 ], [ 647158.682125842780806, 1126878.86988805886358 ], [ 647308.802311419742182, 1127664.721036301460117 ], [ 647568.882730096345767, 1128351.495988967362791 ], [ 647815.82497576228343, 1129558.019947824534029 ], [ 647559.888741400209256, 1130508.075081988004968 ], [ 647292.823993238038383, 1131502.322631894610822 ], [ 647080.495476973243058, 1132507.858453618828207 ], [ 646488.569752626819536, 1135237.106285278685391 ], [ 646178.56934908288531, 1136032.105364517308772 ], [ 644956.795714734354988, 1140130.130507532507181 ], [ 643433.724202901707031, 1145653.60729118087329 ], [ 643267.975715873064473, 1146017.889404256362468 ], [ 642366.430467096855864, 1149586.406513560097665 ], [ 642514.4924199875677, 1150858.855614805361256 ], [ 643594.517017606063746, 1154435.543606054503471 ], [ 643548.525445642997511, 1154966.212013598531485 ], [ 643333.330725823063403, 1156701.671357521554455 ], [ 642910.174852505675517, 1158436.268426957540214 ], [ 642267.733570506097749, 1160269.496096295770258 ], [ 641218.170403507654555, 1162642.970414758194238 ], [ 640739.395277484785765, 1164631.717639862326905 ], [ 641260.322782592731528, 1165695.575800138991326 ], [ 642163.628685721079819, 1166904.807342552114278 ], [ 642555.370074507198296, 1167437.29812663141638 ], [ 642659.584905971307307, 1168687.469427580246702 ], [ 642230.383763325749896, 1169271.839279358973727 ], [ 642491.247266565565951, 1169693.192277698777616 ], [ 643068.962269515264779, 1170226.471547286724672 ], [ 643689.541865565581247, 1170970.077450131531805 ], [ 644822.613860259298235, 1172125.082481376128271 ], [ 647884.375053729396313, 1175091.221269448753446 ], [ 648036.196047928184271, 1175401.559182127239183 ], [ 652392.351761130033992, 1179900.157612116076052 ], [ 652860.396132950554602, 1180422.094586123013869 ], [ 653217.53117401804775, 1181275.341624316293746 ], [ 654258.578385568689555, 1183270.912915099877864 ], [ 656937.0592852398986, 1188282.539149578893557 ], [ 660187.135839878232218, 1194779.346607433399186 ], [ 660490.814042319077998, 1195300.650505091063678 ], [ 663552.799803825560957, 1197494.467717811465263 ], [ 665151.598620877601206, 1198636.328459879849106 ], [ 666047.900468759937212, 1199276.539457690669224 ], [ 673858.653980088303797, 1204813.865730978082865 ], [ 675165.602981341769919, 1205749.903079940471798 ], [ 677890.039082446019165, 1203286.667436107993126 ], [ 680965.550038704299368, 1200681.706786653026938 ], [ 682065.056471704505384, 1199570.484907812904567 ], [ 683481.925797678064555, 1198427.850493450881913 ], [ 684087.371394531801343, 1197701.11707509146072 ], [ 684318.536036639474332, 1197425.851248967926949 ], [ 684647.876290422631428, 1197195.377060486935079 ], [ 685888.428203847026452, 1196328.386994235916063 ], [ 687086.606009557610378, 1195228.89640656998381 ], [ 688429.779637222411111, 1193643.528725657146424 ], [ 688815.119678412680514, 1193192.162113551283255 ], [ 690334.580224230303429, 1191408.723977698013186 ], [ 691855.399095574161038, 1189415.158206234220415 ], [ 692175.897334970999509, 1188841.762288053287193 ], [ 693009.372613944811746, 1188470.429466012166813 ], [ 693686.921887312433682, 1188584.95119418669492 ], [ 695961.041138617438264, 1188786.20123353251256 ], [ 695987.452975204214454, 1188779.687553497031331 ], [ 696163.529935429454781, 1188795.067515978589654 ], [ 696285.198366955039091, 1188805.651341316755861 ], [ 696267.772939182119444, 1188710.556182407075539 ], [ 696085.562064275029115, 1188067.877581331878901 ], [ 695759.782902101636864, 1187656.673293649218976 ], [ 695668.719809123547748, 1187543.281346775591373 ], [ 695605.710287057678215, 1187304.169946423498914 ], [ 695512.24050287657883, 1186958.309255890548229 ], [ 695472.404346687952057, 1186283.279315796447918 ], [ 695377.288881776272319, 1185707.489513735519722 ], [ 695313.833073804620653, 1185331.00478173722513 ], [ 694541.336287913843989, 1184596.428592360112816 ], [ 694282.477921267040074, 1183953.328565852949396 ], [ 694437.742658943054266, 1183589.171071913093328 ], [ 695072.591932373819873, 1183537.525164163904265 ], [ 695793.426187222241424, 1183751.884170956443995 ], [ 696413.343708906904794, 1184386.039788723224774 ], [ 697346.798448236659169, 1185652.600824901135638 ], [ 698020.371293557691388, 1186453.048413509270176 ], [ 699000.601156827644445, 1187188.953848728211597 ], [ 699623.809289231430739, 1187247.95998649043031 ], [ 701132.171831405023113, 1187467.137201186968014 ], [ 702124.452553770854138, 1188004.09520775033161 ], [ 703421.791501807048917, 1188742.063360114581883 ], [ 703986.450869190972298, 1189431.379825578769669 ], [ 704184.320441474439576, 1191069.875392527552322 ], [ 704263.93406556150876, 1192364.708246012218297 ], [ 704373.842909283819608, 1194069.052946509793401 ], [ 704624.113623891142197, 1194280.777784255798906 ], [ 706082.335297104204074, 1195484.532865012763068 ], [ 706865.748844911227934, 1196142.092979544075206 ], [ 710586.221220619161613, 1199318.378608013968915 ], [ 716036.255809611175209, 1203800.864044501679018 ], [ 716075.696225999854505, 1203831.906701893778518 ], [ 716150.465164809254929, 1204019.100277150282636 ], [ 716195.922092107823119, 1204132.908659173408523 ], [ 716304.593962837243453, 1204404.989949971670285 ], [ 716434.141763059422374, 1204729.346292800502852 ], [ 716444.76740494533442, 1204876.698901460738853 ], [ 716484.672123337280937, 1205463.331655084621161 ], [ 716425.154303876683116, 1206204.205320828594267 ], [ 715753.493334710365161, 1206918.952113295439631 ], [ 715211.837084423401393, 1207822.634428636170924 ], [ 715165.365660313051194, 1208242.747124875895679 ], [ 715051.206176078878343, 1208983.262107691727579 ], [ 714835.555792753584683, 1210198.848662948003039 ], [ 713643.91175568732433, 1210191.106860152212903 ], [ 713380.172149488702416, 1210399.605138048296794 ], [ 713635.73675787053071, 1211452.291499668499455 ], [ 713732.115231690695509, 1211762.694659862900153 ], [ 714534.424682301934808, 1216138.019193556858227 ], [ 715589.296593846636824, 1221942.293210637522861 ], [ 719337.827781173516996, 1237287.566417494555935 ], [ 717794.626217769808136, 1239086.17726899147965 ], [ 717765.850451829843223, 1239119.717859899858013 ], [ 717765.494165698997676, 1239172.379800479859114 ], [ 717031.821823385427706, 1239908.455302737653255 ], [ 716161.05516837281175, 1240893.268114260397851 ], [ 715594.049520132597536, 1241536.402927986346185 ], [ 715438.367364566074684, 1241712.99341353517957 ], [ 715224.932100307196379, 1241955.097034057136625 ], [ 715094.664449560455978, 1242102.864207482663915 ], [ 714996.18136620358564, 1242129.669265343341976 ], [ 714678.930774993263185, 1242204.992904373211786 ], [ 714208.556427133851685, 1242312.488579368917271 ], [ 713530.748596912249923, 1242407.546356609323993 ], [ 712906.454327250365168, 1242668.927624935982749 ], [ 712283.269790664198808, 1242764.372157850069925 ], [ 711715.354887568275444, 1242760.620380192063749 ], [ 711396.103036881424487, 1243341.927110702265054 ], [ 711427.315226740785874, 1243378.281871816143394 ], [ 711439.89915576018393, 1243395.6812135851942 ], [ 711708.710362308658659, 1243767.364032231736928 ], [ 712384.426138498820364, 1243982.041906133759767 ], [ 713364.524344062432647, 1244408.970740151358768 ], [ 713569.589272739016451, 1244775.439456665888429 ], [ 713455.440713830990717, 1245515.947811269667 ], [ 713824.302465270040557, 1245883.512578119523823 ], [ 714178.680148116778582, 1246782.047244210029021 ], [ 714438.984667285345495, 1247049.322328252485022 ], [ 714699.656270841602236, 1247261.283761650091037 ], [ 715108.587626077001914, 1248160.203191850101575 ], [ 717049.974979487480596, 1253329.147030602442101 ], [ 717402.709389685885981, 1254437.957717248937115 ], [ 720797.956215664511546, 1259196.862952768336982 ], [ 723746.724371427786537, 1263654.4180743615143 ], [ 723984.33959634648636, 1264010.168435881612822 ], [ 724319.044479944859631, 1266059.48663382907398 ], [ 724781.42341913364362, 1268865.361639217473567 ], [ 724855.257883442332968, 1268917.975414178799838 ], [ 724936.455419397214428, 1268971.806351299164817 ], [ 725293.251840336364694, 1270237.80486666969955 ], [ 726367.034982695360668, 1272668.705127004301175 ], [ 727180.683468432631344, 1274832.229656795272604 ], [ 727535.359414748032577, 1275576.151741844369099 ], [ 727572.2487014393555, 1277999.618692015530542 ], [ 727743.349047525902279, 1282946.864931314252317 ], [ 727912.289199497667141, 1288159.680939226644114 ], [ 727678.76934656733647, 1288766.532108967658132 ], [ 727063.459036807296798, 1289381.640828576171771 ], [ 726283.449589668773115, 1290150.458390224026516 ], [ 726096.105997886741534, 1290414.642339727142826 ], [ 725402.177284115809016, 1291350.076439228607342 ], [ 724988.991801394964568, 1292674.834004623815417 ], [ 725388.669012250960805, 1293197.800307504367083 ], [ 725418.792198730632663, 1293552.094806653214619 ], [ 725427.672015914111398, 1293828.780266794841737 ], [ 724613.737996680545621, 1295710.779954088386148 ], [ 724507.018431777134538, 1295957.554399471729994 ], [ 723675.224854083033279, 1297876.753908192738891 ], [ 723487.233238768181764, 1298562.484667384531349 ], [ 724088.477312821429223, 1299517.354179864283651 ], [ 728295.153633996727876, 1307072.646700032055378 ], [ 736186.737196147558279, 1312765.207700380822644 ], [ 746077.754430691595189, 1320158.703718759119511 ], [ 746957.283090185606852, 1320542.151878885924816 ], [ 747832.607715505524538, 1321434.656292893225327 ], [ 750113.919037781306542, 1327518.071766819106415 ], [ 750557.799339407589287, 1327853.780250614276156 ], [ 751177.12438254384324, 1329352.984709233278409 ], [ 752419.289022547425702, 1331908.82445960235782 ], [ 754230.07121329405345, 1335454.574477965245023 ], [ 755376.569062799098901, 1337666.747667689574882 ], [ 761100.618292603641748, 1348120.033949675504118 ], [ 764539.374616441782564, 1354392.999401466455311 ], [ 767152.113951147068292, 1359164.915622095577419 ], [ 767300.23857978428714, 1359631.135204854188487 ], [ 778306.97244676318951, 1378706.37159836711362 ], [ 783085.609503282699734, 1387232.265456807333976 ], [ 784726.919147476670332, 1389506.77780515467748 ], [ 784907.799937131348997, 1389907.094874129630625 ], [ 787718.653856164310127, 1394783.957675397861749 ], [ 788637.357456077355891, 1396398.43399537098594 ], [ 789249.47552475030534, 1397146.357890106737614 ], [ 789758.986966858385131, 1398358.212767024058849 ], [ 791965.829648381914012, 1400484.199178983224556 ], [ 792568.606147408718243, 1401066.078448595479131 ], [ 793257.512481935322285, 1401726.361393230268732 ], [ 793601.033469499088824, 1401876.309549756115302 ], [ 793761.71424799063243, 1401960.242961141047999 ], [ 793909.757884902646765, 1402037.570213832193986 ], [ 794270.750376305310056, 1402146.680693262256682 ], [ 794529.933921576710418, 1402096.688531461404637 ], [ 794687.297986452351324, 1401887.576631101313978 ], [ 794893.664468373637646, 1401942.405115549452603 ], [ 795358.107401495450176, 1402052.61974310874939 ], [ 795769.724072163458914, 1402267.645407832693309 ], [ 796184.087380850920454, 1402219.287258496275172 ], [ 796546.728177847107872, 1402170.39403761527501 ], [ 797016.684499167138711, 1401753.825435552746058 ], [ 797227.467450128868222, 1401387.229449554812163 ], [ 797076.685428075725213, 1400964.162425340153277 ], [ 797284.71361368522048, 1400860.972186012659222 ], [ 797696.893904779339209, 1401023.346236103447154 ], [ 798008.934615899575874, 1400868.567663679365069 ], [ 798474.503137754043564, 1400873.460215930361301 ], [ 799042.989003041526303, 1400932.129701814847067 ], [ 799402.323634976055473, 1401199.34437915449962 ], [ 799969.120409796247259, 1401416.086529056308791 ], [ 800125.432678458630107, 1401312.36878350819461 ], [ 800385.747494084062055, 1401157.053086080122739 ], [ 800594.349806106183678, 1401001.205290597863495 ], [ 800643.287971654441208, 1401265.166045302757993 ], [ 800325.094321077805944, 1401999.408097990788519 ], [ 800631.001844205660746, 1402424.16314962040633 ], [ 800991.98199101886712, 1402533.365423009730875 ], [ 801304.594007179373875, 1402325.928810213226825 ], [ 801364.15869598381687, 1401588.929737699916586 ], [ 801468.734901966527104, 1401484.668865398969501 ], [ 801726.270329121383838, 1401592.779215299291536 ], [ 803738.68049340415746, 1402088.467569448519498 ], [ 805183.163164331577718, 1402472.804474352858961 ], [ 810598.172536375117488, 1404059.682324904249981 ], [ 814513.387035077204928, 1405170.759972810745239 ], [ 822166.956342526478693, 1407344.644209154415876 ], [ 822149.383390166098252, 1407403.256913725053892 ], [ 824830.780149322468787, 1408171.740171890938655 ], [ 825760.655126804485917, 1408287.847871428821236 ], [ 826331.480313367210329, 1408136.349851520964876 ], [ 827003.340477028395981, 1408196.820724987657741 ], [ 827829.157822061097249, 1408364.491067264229059 ], [ 828762.733032198157161, 1408164.556241136975586 ], [ 829645.202116395812482, 1407911.339895859127864 ], [ 830578.818963190424256, 1407711.444617028580979 ], [ 831303.051988823339343, 1407719.931066145654768 ], [ 832492.247670792858116, 1407786.619910582667217 ], [ 833265.110475645400584, 1408059.230201337253675 ], [ 834145.786552014527842, 1407964.237499007489532 ], [ 834871.908796810777858, 1407814.736707244534045 ], [ 835599.921478822128847, 1407507.157631847076118 ], [ 836422.425079857814126, 1407253.342363874427974 ], [ 836586.62872185872402, 1407202.674128711223602 ], [ 837524.135034563718364, 1406686.823992721736431 ], [ 838052.211062815622427, 1405797.155293479794636 ], [ 838060.397143111564219, 1405112.096673591295257 ], [ 837757.508947300491855, 1404476.041525057516992 ], [ 838481.867718625348061, 1404484.692642082693055 ], [ 840189.92508262465708, 1404452.462394399102777 ], [ 840398.161924215732142, 1404349.544956650584936 ], [ 840706.074373360956088, 1404564.075897880131379 ], [ 841711.185994319384918, 1404808.027495727641508 ], [ 842305.585231052595191, 1404952.314428979996592 ], [ 844217.444777465658262, 1405186.323020484531298 ], [ 844256.997802428086288, 1406188.243008485296741 ], [ 844672.465164636261761, 1410304.478961236542091 ], [ 844918.251213890966028, 1415578.251806555548683 ], [ 845212.143165888614021, 1421116.196532458765432 ], [ 845438.132815122837201, 1423754.40214392519556 ], [ 845411.888504963833839, 1424099.098755009705201 ], [ 845415.909879030659795, 1427946.862353313015774 ], [ 844843.302357979118824, 1428256.013264550128952 ], [ 844160.130399008281529, 1429143.585194736719131 ], [ 843217.217699062894098, 1430133.379289448261261 ], [ 842426.85651825950481, 1431335.891625706339255 ], [ 841890.460456134518608, 1432910.489452357636765 ], [ 842247.080217538401484, 1433336.544829139485955 ], [ 842807.837849632836878, 1433975.968345096334815 ], [ 842851.696866828482598, 1434609.006463397061452 ], [ 842642.990096235880628, 1434764.540463395649567 ], [ 842430.388989333063364, 1435236.274067092454061 ], [ 843090.523110950365663, 1436193.193473760969937 ], [ 843237.07926459540613, 1436880.216080787358806 ], [ 843951.452453492209315, 1437627.008451414993033 ], [ 844036.431888841092587, 1439103.886342008830979 ], [ 844444.597021936671808, 1439530.642362498911098 ], [ 844593.701499862363562, 1440006.891728815156966 ], [ 845041.000029664020985, 1441435.611322606215253 ], [ 845239.766893369145691, 1442070.613159084925428 ], [ 845830.718303153989837, 1444397.235358182573691 ], [ 845946.744155525579117, 1444754.536671909736469 ], [ 846775.85510388831608, 1447308.18637143750675 ], [ 847316.121091512497514, 1449528.85207580216229 ], [ 847958.907755376771092, 1451803.552703439956531 ], [ 848445.905399468028918, 1454129.034222368849441 ], [ 848493.520504935993813, 1454445.910607290687039 ], [ 848838.915265689603984, 1455715.401099484181032 ], [ 849511.598233714466915, 1458397.822105904808268 ], [ 850509.476110883289948, 1462378.551606466528028 ], [ 851944.006211854051799, 1467246.72532055247575 ], [ 852386.685432880884036, 1468939.314297316828743 ], [ 852722.598692176979966, 1470894.104933741036803 ], [ 853319.286909071495757, 1472641.482722738059238 ], [ 854028.62500322679989, 1475178.532257354585454 ], [ 854206.825484503875487, 1475816.008067284477875 ], [ 854887.642043659929186, 1478987.888703420991078 ], [ 855781.617671180283651, 1481635.513101230608299 ], [ 855983.117821582825854, 1482007.201755340443924 ], [ 857190.627879456849769, 1484342.806507975794375 ], [ 859692.449596811551601, 1488844.298938167979941 ], [ 860112.94461424369365, 1489601.107623760588467 ], [ 864688.944991584634408, 1498309.551452683284879 ], [ 864941.736432009725831, 1498682.082075526705012 ], [ 865709.520201994106174, 1499114.447268920950592 ], [ 866160.547251673415303, 1500069.681956146843731 ], [ 866347.117468381533399, 1501495.760614517377689 ], [ 866539.488484360510483, 1502500.138853152981028 ], [ 868581.317360529210418, 1511386.075059889350086 ], [ 868579.096195742720738, 1511544.22263648477383 ], [ 868968.508740042103454, 1513184.127582639921457 ], [ 871052.012917307438329, 1518960.561291169375181 ], [ 872977.889963043387979, 1524633.673565102973953 ], [ 873006.100294520496391, 1524716.786556469276547 ], [ 873025.322133061592467, 1524773.45681578386575 ], [ 873228.265977234579623, 1525371.476504288613796 ], [ 873529.844129357486963, 1525903.069969055242836 ], [ 873939.762465240433812, 1526067.140419685980305 ], [ 874552.725753967184573, 1526445.060554135823622 ], [ 874960.761686573270708, 1527223.09484141250141 ], [ 875054.267747948179021, 1527401.39997605746612 ], [ 875504.233963889535517, 1528356.998711887281388 ], [ 875851.88991947309114, 1529258.418978459900245 ], [ 876356.357607809826732, 1530003.934520987095311 ], [ 877013.815302904928103, 1530857.148061121348292 ], [ 877572.161241735913791, 1531396.401796181919053 ], [ 877623.55874740483705, 1531446.043899946613237 ], [ 877974.928467754740268, 1532083.927638075314462 ], [ 878277.079536594217643, 1532562.904413697775453 ], [ 877785.715611226973124, 1534453.978028031298891 ], [ 876738.983183290692978, 1537975.722798435715958 ], [ 875835.308489665854722, 1541016.58431116072461 ], [ 875676.207935777725652, 1541330.633694939315319 ], [ 873723.348882506601512, 1548104.052054797299206 ], [ 874975.585875277873129, 1550495.145941216731444 ], [ 877878.982247406616807, 1559554.798601614078507 ], [ 881165.587947324267589, 1570308.598876353586093 ], [ 881268.461482653045096, 1570310.153680460294709 ], [ 881717.839239521650597, 1571213.407912347931415 ], [ 882598.859507356770337, 1574179.851673483848572 ], [ 882834.998817897867411, 1574901.175836268346757 ], [ 882890.57038108096458, 1575070.936810906976461 ], [ 883799.259499395499006, 1577847.307180396281183 ], [ 884049.100957642192952, 1578610.805060206679627 ], [ 884073.305412629852071, 1578684.779694149270654 ], [ 884085.230232849833556, 1578706.970600348897278 ], [ 884273.335637194802985, 1579056.959726311499253 ], [ 883908.085095414193347, 1579526.418571050744504 ], [ 882573.661455592140555, 1580945.61655384907499 ], [ 880372.834801759338006, 1587189.747952771373093 ], [ 880234.62116070324555, 1587590.864562768256292 ], [ 880141.716402726015076, 1588017.736653205938637 ], [ 879950.489053621888161, 1588702.836710288887843 ], [ 879902.925122998887673, 1589115.067398221464828 ], [ 879886.844364388030954, 1590169.459620257373899 ], [ 877835.92051478754729, 1608633.0407244337257 ], [ 877347.167354054283351, 1613467.963715276913717 ], [ 875987.98857719427906, 1626155.659089556429535 ], [ 873537.130900110234506, 1647717.151301914826035 ], [ 872060.488361462950706, 1660705.841854548314586 ], [ 872042.511979964794591, 1660873.137220658129081 ], [ 871449.054279310046695, 1664527.035436584381387 ], [ 871324.345640844199806, 1665919.348712240811437 ], [ 869584.571380381239578, 1676008.331638346426189 ], [ 868957.530310199712403, 1679645.301179912174121 ], [ 875280.360297805862501, 1684913.414173442637548 ], [ 876545.790510885883123, 1685830.234886805061251 ], [ 879754.957745142397471, 1686711.217892522225156 ], [ 879803.395855097798631, 1686726.629082373576239 ], [ 881114.42734838987235, 1690194.201460062293336 ], [ 881281.52447568741627, 1690653.331001156475395 ], [ 881382.943821842665784, 1690654.982930486323312 ], [ 886277.359042394673452, 1703920.878371519036591 ], [ 887550.037796736927703, 1707370.427924943622202 ], [ 889218.904410566319712, 1711565.250099604018033 ], [ 889866.785123376408592, 1712578.348531879950315 ], [ 890552.331317783100531, 1714383.278179297223687 ], [ 890464.711442971369252, 1715378.565796420210972 ], [ 890480.982582229538821, 1715422.198496537748724 ], [ 890455.203986324369907, 1715486.559303291840479 ], [ 890362.231576947728172, 1716542.599940690211952 ], [ 890303.937667238060385, 1716963.568223042413592 ], [ 889725.399313165340573, 1717903.14566012006253 ], [ 890650.144484613323584, 1720661.625384698156267 ], [ 890647.44883578189183, 1720819.809819294838235 ], [ 891181.869569915579632, 1722464.036740198731422 ], [ 893024.643517063232139, 1728297.748380740405992 ], [ 895082.485547874355689, 1735522.763111211359501 ], [ 895289.266172582283616, 1736249.150221938733011 ], [ 897285.814197921194136, 1743390.484311418840662 ], [ 897715.853784493869171, 1744797.747205333551392 ], [ 898488.539266326930374, 1746116.715123983100057 ], [ 899728.82615843648091, 1748195.957476391689852 ], [ 901468.153536930214614, 1750917.258608512813225 ], [ 901611.918152934289537, 1751260.404861675109714 ], [ 902400.076228253310546, 1752543.090290919644758 ], [ 902479.102542729699053, 1752662.870344040449709 ], [ 902492.528796740458347, 1752683.216455564135686 ], [ 902506.973767697578296, 1752705.10503303562291 ], [ 903403.669856981607154, 1754064.355152009287849 ], [ 903754.407062787213363, 1754439.936847776407376 ], [ 905587.55496165342629, 1760381.603495431598276 ], [ 908926.653827435337007, 1770413.621084220940247 ], [ 909683.020057144807652, 1773373.51871431665495 ], [ 910434.522891977336258, 1776315.620985951740295 ], [ 911934.210601816885173, 1780767.762218184769154 ], [ 912339.277205024613068, 1781981.174406708218157 ], [ 912337.245582837378606, 1782136.641451251925901 ], [ 912740.991474672220647, 1783435.376060428330675 ], [ 913090.548804925987497, 1784562.428681313293055 ], [ 916620.127440839190967, 1797151.720993585186079 ], [ 916831.71716599422507, 1797997.392448594095185 ], [ 916975.461891976650804, 1798202.738198240753263 ], [ 917972.442044319352135, 1799417.162471298594028 ], [ 919571.747745828935876, 1801321.240840780548751 ], [ 919905.04815066466108, 1801891.94608064671047 ], [ 920163.891820214223117, 1802335.190026036929339 ], [ 920445.510662113898434, 1802591.628242402337492 ], [ 920815.068161569070071, 1802928.159039503661916 ], [ 921809.069339617155492, 1803501.91517944727093 ], [ 922978.303884235909209, 1804394.717537455726415 ], [ 923570.082595468382351, 1804765.211265077581629 ], [ 923779.206285728141665, 1804885.18504623346962 ], [ 923612.022970927064307, 1805620.701270274352282 ], [ 923486.625503867398947, 1805654.419270409736782 ], [ 923445.482132190605626, 1805660.373599888058379 ], [ 922997.61491916840896, 1805767.06836179131642 ], [ 922385.727698134025559, 1805712.892231437144801 ], [ 922208.91381364245899, 1805724.972770147491246 ], [ 922184.231148816412315, 1806821.563217842485756 ], [ 922257.81907195027452, 1807124.698546824045479 ], [ 921983.700393239036202, 1808121.968429212458432 ], [ 921381.749158217688091, 1808621.416783562162891 ], [ 921354.400176449446008, 1810032.994117254856974 ], [ 921165.243369218311273, 1810183.628529638517648 ], [ 921022.908362481743097, 1810372.365019852295518 ], [ 920549.211751113180071, 1811154.703298792243004 ], [ 920475.292745585087687, 1811392.560599883785471 ], [ 920454.07259139418602, 1812488.483073275070637 ], [ 922225.189635367365554, 1813494.385122334817424 ], [ 922292.157436556881294, 1813947.019174132263288 ], [ 922378.204376981128007, 1814039.693622369319201 ], [ 922369.788844965514727, 1814471.774901458295062 ], [ 922526.56065025809221, 1815531.634454720187932 ], [ 923234.930455448105931, 1818548.403076791670173 ], [ 923295.624323047697544, 1819062.769270857796073 ], [ 923444.239281649584882, 1819442.957569215446711 ], [ 923767.522233764291741, 1821137.918962011579424 ], [ 923302.116329948417842, 1821498.180600010789931 ], [ 922482.44972626818344, 1821745.979101930977777 ], [ 921509.0562245255569, 1822043.568584646563977 ], [ 920837.009233119199052, 1822558.133556948741898 ], [ 920267.836473404895514, 1823021.949517065426335 ], [ 919588.668734333012253, 1823905.787035958608612 ], [ 919057.122815389186144, 1825056.329452633392066 ], [ 918684.447491631610319, 1825893.35573921748437 ], [ 917812.078342568129301, 1826245.78288618917577 ], [ 917198.308608097955585, 1826392.176543678855523 ], [ 916931.585679986514151, 1827020.208360690390691 ], [ 916551.86606318037957, 1828226.470467567676678 ], [ 915957.399358662543818, 1830009.003104745876044 ], [ 915361.989489156054333, 1831844.263269879855216 ], [ 915117.641223865328357, 1833950.157955561997369 ], [ 915168.449747173581272, 1835029.093410684261471 ], [ 915184.930645589018241, 1835124.432750601088628 ], [ 915975.051508695818484, 1837860.022588024847209 ], [ 916047.420799043262377, 1838295.866700608516112 ], [ 916146.628491127397865, 1838613.52772290748544 ], [ 916559.155930483248085, 1840943.290620824322104 ], [ 916610.011409650556743, 1840944.282772796694189 ], [ 916795.926058312878013, 1841844.942442525178194 ], [ 916868.303719343501143, 1843241.896727710962296 ], [ 916897.14272605930455, 1843415.734945623204112 ], [ 915835.033979392843321, 1845046.595404986292124 ], [ 915824.978835330111906, 1845561.641810981091112 ], [ 915800.895327989012003, 1846794.684259918518364 ], [ 916901.399494621204212, 1847982.067573960637674 ], [ 920175.783867423888296, 1848143.665943422587588 ], [ 922315.324179867864586, 1848866.170960944611579 ], [ 922704.202349646715447, 1849529.441655292874202 ], [ 922747.920140372705646, 1849560.985269754193723 ], [ 922820.503941549453884, 1849727.817537869559601 ], [ 923583.246743471361697, 1851028.96298772841692 ], [ 925418.270736746839248, 1852911.774313637521118 ], [ 925525.241945089306682, 1853372.181384139228612 ], [ 925962.558622015989386, 1854110.886699566384777 ], [ 925897.946093038422987, 1854795.640519390115514 ], [ 925477.540239998139441, 1855473.242832449031994 ], [ 925414.728870325023308, 1855531.042469279142097 ], [ 924975.708534215460531, 1856303.643754313001409 ], [ 925507.880489739356562, 1857771.808534648036584 ], [ 926607.236749032628722, 1858959.950092705432326 ], [ 928281.634796114754863, 1859479.654073141282424 ], [ 928259.284322848427109, 1860582.021183650474995 ], [ 928371.647366411867552, 1860703.504191420972347 ], [ 928630.08847110287752, 1860859.631922173779458 ], [ 928844.525924786692485, 1860983.220057517988607 ], [ 929177.200261193560436, 1861089.290534042753279 ], [ 929380.359123061411083, 1861292.057957989862189 ], [ 929830.775114490883425, 1861551.683276992524043 ], [ 929735.55776241235435, 1861646.588576212525368 ], [ 929824.917277976754121, 1861735.783263059798628 ], [ 929562.249210118781775, 1862152.638974333414808 ], [ 928842.284569149138406, 1862560.193234696052969 ], [ 928446.747152092051692, 1862931.283829018706456 ], [ 927865.480448734713718, 1863510.759694035863504 ], [ 927439.350724694086239, 1864062.176636070711538 ], [ 927278.802310698898509, 1864251.224103950196877 ], [ 926845.884317970718257, 1865669.289254517294466 ], [ 927274.080146782449447, 1867006.67681753449142 ], [ 927453.702437169384211, 1867573.481488940306008 ], [ 927813.57803083001636, 1868701.155070323264226 ], [ 927810.804593886015937, 1868837.414227929897606 ], [ 927847.685040460783057, 1868978.532377295661718 ], [ 927800.667743680765852, 1869335.356397334486246 ], [ 927779.956368504324928, 1870352.340146339731291 ], [ 926087.514859554590657, 1875370.629294437356293 ], [ 926496.104990810970776, 1876082.537803155370057 ], [ 926783.03623368521221, 1876345.329162951093167 ], [ 926826.785810897825286, 1876658.751925766468048 ], [ 926878.606679311487824, 1876749.054465622408316 ], [ 926847.030153504572809, 1876803.789791360963136 ], [ 926871.686418937286362, 1876980.440985332941636 ], [ 926759.362279368331656, 1877505.893025674857199 ], [ 926295.942517527961172, 1877813.092359020374715 ], [ 926137.450533631257713, 1878033.85753705445677 ], [ 924832.45411546190735, 1879841.499946807511151 ], [ 924306.545380694558844, 1880727.94198738434352 ], [ 924344.106424749363214, 1881625.85847795708105 ], [ 924917.114018102176487, 1883167.962036396376789 ], [ 926460.43612565647345, 1884677.179839704185724 ], [ 927663.454398336121812, 1885440.707693636184558 ], [ 927908.708937326446176, 1886935.394861303735524 ], [ 927930.006659252685495, 1887293.347537277033553 ], [ 927895.026555759832263, 1887600.49048354360275 ], [ 927868.896393903996795, 1888870.036980300443247 ], [ 927669.154176511452533, 1889200.216648422414437 ], [ 927646.666214778204449, 1889282.608565225964412 ], [ 927457.100772875710391, 1889993.170658313436434 ], [ 927419.395505018765107, 1890134.507124307565391 ], [ 926806.257048869272694, 1891071.213188748573884 ], [ 926483.29282560152933, 1891622.555208277422935 ], [ 926240.499597219401039, 1892037.052336424123496 ], [ 929544.899929357226938, 1895519.118422426050529 ], [ 929781.689043334452435, 1895505.471090841805562 ], [ 930252.416952896863222, 1895406.943536006379873 ], [ 930384.379124449449591, 1895321.688798320479691 ], [ 930508.991737901233137, 1895276.896022256696597 ], [ 930652.074840942281298, 1895153.24068184546195 ], [ 930707.853384347399697, 1895105.036228330573067 ], [ 930773.6791514394572, 1895069.956847452092916 ], [ 930793.42728877463378, 1895059.43281684233807 ], [ 930813.370115336962044, 1895039.540564272319898 ], [ 931267.50266714731697, 1894586.570279876701534 ], [ 931300.308279833872803, 1894566.351954410085455 ], [ 931793.063122212770395, 1894239.749981867847964 ], [ 932476.636233908007853, 1894343.135531643172726 ], [ 932558.599582598544657, 1894355.533528985222802 ], [ 933020.260194986592978, 1894359.83378846780397 ], [ 933271.060916754184291, 1893948.973314916482195 ], [ 933379.729011174291372, 1893921.585429946891963 ], [ 933919.16607377352193, 1893785.638882380444556 ], [ 934043.114717268035747, 1893754.404041294008493 ], [ 934249.159557723905891, 1893743.649258656660095 ], [ 934401.901644958532415, 1893720.019106092164293 ], [ 934615.986247933469713, 1893724.50728634162806 ], [ 934801.27160118916072, 1893714.841063379310071 ], [ 934910.321356171742082, 1893789.774622636148706 ], [ 935600.39768631127663, 1894263.989921741420403 ], [ 936112.163644905667752, 1894274.755312671884894 ], [ 937989.556282494100742, 1893270.072877756785601 ], [ 938373.072347299195826, 1893203.326353944605216 ], [ 938384.296496213995852, 1893201.37302564480342 ], [ 938344.25901870126836, 1893082.815346272429451 ], [ 938663.984425331582315, 1892144.148038713028654 ], [ 938686.663033049786463, 1892077.547040089964867 ], [ 938777.922909112414345, 1891919.515032295836136 ], [ 938869.450271841371432, 1891761.021929339040071 ], [ 938908.136539499275386, 1891694.031576253706589 ], [ 939247.856082139536738, 1891268.652962869033217 ], [ 939478.367002547718585, 1890962.970861760899425 ], [ 940247.347092934185639, 1890923.807076246477664 ], [ 941203.578826139448211, 1891110.483928609406576 ], [ 941586.069646324729547, 1891185.168060201918706 ], [ 942414.79609172209166, 1891347.009933687280864 ], [ 943668.896001046057791, 1891573.437638872535899 ], [ 944445.002585608395748, 1891700.966350513976067 ], [ 946878.597856578649953, 1891653.40006728679873 ], [ 947333.82272641803138, 1891818.503661709371954 ], [ 947750.827884261845611, 1892271.20182524016127 ], [ 948018.039126481744461, 1892742.861979856388643 ], [ 948735.035687862429768, 1893135.516529428074136 ], [ 949580.455494583584368, 1893508.801637446507812 ], [ 950188.292978565441445, 1893521.992591243470088 ], [ 950639.790810274425894, 1893365.407202581176534 ], [ 950994.355887703015469, 1893251.093461624579504 ], [ 951616.980132685275748, 1893076.062597112962976 ], [ 952481.997698727645911, 1893039.453975547105074 ], [ 953040.185078418347985, 1893373.347971045179293 ], [ 954194.579738992964849, 1893764.690528009552509 ], [ 954575.573582198470831, 1893906.164812776492909 ], [ 955203.057098049786873, 1893997.591591258300468 ], [ 955661.618808168685064, 1894007.668104786425829 ], [ 956420.004454115056433, 1893968.886323022190481 ], [ 957033.893374144448899, 1894193.197822859277949 ], [ 957635.884272570023313, 1894472.737875267863274 ], [ 958127.052033828804269, 1894938.447305650450289 ], [ 958629.107322445139289, 1895393.321166372625157 ], [ 959384.524888895219192, 1895487.723356487695128 ], [ 960041.923830549232662, 1895191.675914261722937 ], [ 960463.2502594870748, 1894956.962047107517719 ], [ 961200.77008154138457, 1894418.645568104460835 ], [ 961633.287736756727099, 1894162.008075274992734 ], [ 962475.049742878880352, 1893736.989666588138789 ], [ 962737.698020389652811, 1893443.29500443697907 ], [ 963043.758566786185838, 1893117.287045895820484 ], [ 963408.855537532828748, 1892537.421042063040659 ], [ 963804.977352125337347, 1892002.629077905789018 ], [ 964406.261087875114754, 1891838.559556263498962 ], [ 964955.219259166624397, 1891628.952771474840119 ], [ 965646.342449533054605, 1891267.215690380893648 ], [ 965937.832948934054002, 1891118.425061048706993 ], [ 966562.251688833115622, 1890877.259595363168046 ], [ 966943.029029202880338, 1891030.056891101645306 ], [ 967210.706468279240653, 1890991.697708891704679 ], [ 967668.221056585316546, 1890580.376105580013245 ], [ 968028.666532190516591, 1890688.354438187088817 ], [ 968158.592327322345227, 1891079.621467494405806 ], [ 968473.606248813448474, 1891308.635735993273556 ], [ 968823.158386203693226, 1892370.598376039415598 ], [ 968760.80341331649106, 1892768.626991145079955 ], [ 969029.73565909685567, 1893617.967027400387451 ], [ 969190.603838765877299, 1894054.33401689119637 ], [ 969661.270585726713762, 1894475.532091852044687 ], [ 969752.338062066817656, 1895165.526988329133019 ], [ 969688.196997670689598, 1895641.185710300225765 ], [ 970081.89063806203194, 1896160.521571086486802 ], [ 970417.371779895620421, 1896423.344400651287287 ], [ 971194.138513359706849, 1896518.682517770910636 ], [ 971709.590863370685838, 1896375.07936115632765 ], [ 972265.436970957089216, 1896332.272746487520635 ], [ 972511.778800630010664, 1896759.544657092541456 ], [ 972639.277127315523103, 1897250.683965843869373 ], [ 972987.676035369280726, 1897880.029700539540499 ], [ 973238.799787264084443, 1898096.601475396659225 ], [ 973623.980741064995527, 1898515.980227111373097 ], [ 973880.923999080201611, 1898943.526560760103166 ], [ 974178.983152202796191, 1899438.600466483971104 ], [ 974305.136963954777457, 1899985.217296224553138 ], [ 974492.966026166104712, 1900633.121477740351111 ], [ 974851.177997386083007, 1900829.994453074177727 ], [ 975219.47727287048474, 1901515.354227072559297 ], [ 975658.902178482501768, 1903278.736830353969708 ], [ 975970.534952371381223, 1905028.102760888170451 ], [ 976769.615947766928002, 1905989.80706480355002 ], [ 977772.602334664319642, 1906434.739060106920078 ], [ 978325.405838821548969, 1906514.158551109256223 ], [ 978676.17365011095535, 1906566.700493108015507 ], [ 979440.638949858490378, 1906717.65802663937211 ], [ 979787.009910105378367, 1906958.771086328430101 ], [ 980120.173242198070511, 1907765.546146034263074 ], [ 979821.223852593335323, 1908235.753171807853505 ], [ 979392.560897935763933, 1908780.616697839694098 ], [ 978977.421044767368585, 1909203.729801090434194 ], [ 978601.248709641164169, 1909328.132550730369985 ], [ 978204.796744623221457, 1909407.680842164903879 ], [ 977841.958640964934602, 1909876.41242751176469 ], [ 977886.817169256042689, 1910698.634760906687006 ], [ 978160.645823773927987, 1911304.249810722423717 ], [ 978519.142700481112115, 1911479.059331361902878 ], [ 978966.780380786047317, 1911489.498760676477104 ], [ 979085.098834780277684, 1911902.85628089425154 ], [ 978916.948130030999891, 1912254.041725282091647 ], [ 978641.709733959869482, 1912624.922744072508067 ], [ 978741.337707684608176, 1913381.855128140188754 ], [ 978918.881226400844753, 1913541.361626279074699 ], [ 979226.897609433741309, 1913592.94708737754263 ], [ 979683.593017774401233, 1913670.209968521725386 ], [ 980146.268993886886165, 1913947.376837025396526 ], [ 980413.207656781654805, 1914841.425120610743761 ], [ 979774.351133979624137, 1915714.244616880314425 ], [ 979367.358500351663679, 1916248.482179060345516 ], [ 978991.064983603544533, 1917293.914893675595522 ], [ 978897.266211263369769, 1918112.916438172804192 ], [ 978709.388087926665321, 1918397.046383356442675 ], [ 978505.677794495830312, 1919357.73654601117596 ], [ 978520.233598949271254, 1919646.605224550236017 ], [ 978651.457927842391655, 1919960.401403022464365 ], [ 978925.5923276853282, 1920088.895492022624239 ], [ 979393.031122655258514, 1920610.337100083939731 ], [ 979594.869301532628015, 1921547.257273299852386 ], [ 979783.977994765155017, 1922117.670337434392422 ], [ 980546.007543189683929, 1922346.453341098502278 ], [ 980797.227287588757463, 1922541.030217163497582 ], [ 981236.523979156161658, 1922895.414395638508722 ], [ 981538.112394156865776, 1923213.267221124842763 ], [ 987424.704014156130143, 1925761.492906849365681 ], [ 988215.872833384084515, 1926102.304595373570919 ], [ 990325.381678569829091, 1927018.712783230701461 ], [ 991740.689267140929587, 1927108.352464271942154 ], [ 993709.361615054076537, 1927233.707822079304606 ], [ 994894.724107828107662, 1927307.660502342740074 ], [ 998370.59186324197799, 1927524.919014418963343 ], [ 999641.096000826219097, 1927633.935815745964646 ], [ 1004529.064669505576603, 1928054.11463919095695 ], [ 1004940.853637942112982, 1928641.595396075630561 ], [ 1005451.996919397963211, 1928232.441596182296053 ], [ 1005867.455020904075354, 1928242.768437475897372 ], [ 1006127.538721151766367, 1928071.614775573369116 ], [ 1006566.674438988557085, 1928415.588696569437161 ], [ 1006664.082048827782273, 1928784.364556421758607 ], [ 1006751.937815175624564, 1929108.497847123537213 ], [ 1006767.024403618415818, 1930640.886881305137649 ], [ 1006885.985593813937157, 1930999.104964844649658 ], [ 1007303.851018659304827, 1931764.448846809566021 ], [ 1007290.54328851972241, 1932296.995704219909385 ], [ 1007238.455137625569478, 1933527.977947603911161 ], [ 1007498.603282678173855, 1933778.722591687692329 ], [ 1008589.039736825507134, 1934916.226090541807935 ], [ 1008431.594707782845944, 1935245.332172339549288 ], [ 1008292.739204029785469, 1936107.793728585122153 ], [ 1008237.892620022175834, 1936594.899213595315814 ], [ 1008115.534215160645545, 1937224.633889623219147 ], [ 1008060.965366465155967, 1937700.643620637478307 ], [ 1007898.524623538600281, 1938229.454027168219909 ], [ 1007519.519212022423744, 1938897.1516086619813 ], [ 1007208.03439426026307, 1939422.221000611549243 ], [ 1007563.288245360832661, 1939275.710945399943739 ], [ 1007869.54998383205384, 1939383.317527525359765 ], [ 1008204.404425279935822, 1939624.871069126296788 ], [ 1008853.107845229213126, 1940518.246877926634625 ], [ 1009543.733101191231981, 1940169.280550629831851 ], [ 1009916.387605741154402, 1940600.561654451536015 ], [ 1010648.778802843531594, 1940707.875780875561759 ], [ 1011070.164173084544018, 1940896.167695760726929 ], [ 1011955.223023107508197, 1941284.958591398550197 ], [ 1012323.919714462244883, 1941449.742648731218651 ], [ 1012759.027297629276291, 1941516.297536883270368 ], [ 1013236.721619422431104, 1941583.944721615640447 ], [ 1014203.039379660505801, 1941708.450748249655589 ], [ 1014458.656596309738234, 1941293.051407369785011 ], [ 1014707.21515528880991, 1941155.04561490402557 ], [ 1014965.859278466319665, 1941039.504911113530397 ], [ 1015328.9997002518503, 1941004.352881611324847 ], [ 1015999.905822316301055, 1940599.559346932685003 ], [ 1016370.272372197476216, 1939865.108333597192541 ], [ 1016506.270401820074767, 1939546.590528251836076 ], [ 1016558.337821876863018, 1938759.595087500521913 ], [ 1016625.014629679266363, 1937817.52799355587922 ], [ 1016999.275315833976492, 1937349.646735671674833 ], [ 1017040.291862053796649, 1936995.391115914331749 ], [ 1017272.439280062913895, 1936668.222958574770018 ], [ 1018220.140389044070616, 1936281.626721802167594 ], [ 1019102.976655980106443, 1936348.646916259778664 ], [ 1019963.092862785793841, 1936470.641881132964045 ], [ 1020460.239814357599244, 1936616.656073419610038 ], [ 1020819.499096679966897, 1936736.93000194337219 ], [ 1021368.747674334095791, 1936928.725658481707796 ], [ 1022381.965916079701856, 1936899.319936240790412 ], [ 1023287.972383316839114, 1937300.177732387790456 ], [ 1023288.003158341511153, 1937300.191075593465939 ], [ 1023288.034676010371186, 1937300.204549054149538 ], [ 1023288.066386630991474, 1937300.218804802745581 ], [ 1023288.086084864335135, 1937300.227753152837977 ], [ 1023288.099677572026849, 1937300.2337676291354 ], [ 1023288.120852538151667, 1937300.243309374898672 ], [ 1023288.160061820293777, 1937300.260201851371676 ], [ 1024027.965362847782671, 1937952.342648502904922 ], [ 1025530.485078914673068, 1938779.728735725162551 ], [ 1026186.741139182937331, 1938952.253998017404228 ], [ 1026567.538914545672014, 1939062.106366540538147 ], [ 1027019.991995290503837, 1939284.882300417870283 ], [ 1027830.984813765157014, 1940061.169795336201787 ], [ 1028945.90519074362237, 1940623.358867409871891 ], [ 1028942.31962859001942, 1941167.417284382041544 ], [ 1028545.885039390646853, 1941656.771135927643627 ], [ 1028397.771726895240135, 1942430.251176957972348 ], [ 1028853.86428437649738, 1943730.392677190480754 ], [ 1029469.426165060722269, 1944634.960640746168792 ], [ 1030023.378603057703003, 1945449.100826685549691 ], [ 1031108.483894454082474, 1947532.195388569729403 ], [ 1031564.990224163862877, 1948399.379535461775959 ], [ 1032024.22216475312598, 1948355.986658696085215 ], [ 1032244.686299490276724, 1947673.25814678426832 ], [ 1032609.807575103826821, 1947160.940733073977754 ], [ 1033051.601609137374908, 1946972.724429008550942 ], [ 1033816.691683236975223, 1947048.519374322844669 ], [ 1034389.259328842745163, 1947152.553319325903431 ], [ 1035080.73858719796408, 1947592.951189022278413 ], [ 1035836.070374947157688, 1948035.08130359929055 ], [ 1036559.731305913068354, 1948465.298411149298772 ], [ 1037655.655011146795005, 1949316.441795385675505 ], [ 1038302.48219279688783, 1948634.015408943174407 ], [ 1038353.084819586132653, 1948335.486465810099617 ], [ 1038401.352301829610951, 1947725.905409749597311 ], [ 1038447.242771481047384, 1947205.114643337205052 ], [ 1038644.045184659655206, 1945822.029458491597325 ], [ 1038759.779917049920186, 1944681.124073469545692 ], [ 1038849.782965915743262, 1943306.287743184017017 ], [ 1038967.608303248067386, 1940088.471058259485289 ], [ 1040313.811266959179193, 1939968.907664562342688 ], [ 1040783.659933859365992, 1939937.041244728025049 ], [ 1041819.235906581860036, 1939875.908445757813752 ], [ 1042440.605477960081771, 1939759.281050133053213 ], [ 1043067.05456699419301, 1939453.980917603243142 ], [ 1042622.654388400027528, 1940919.329225703142583 ], [ 1042369.855229065287858, 1941601.196312069660053 ], [ 1042257.229507529060356, 1942620.045209136791527 ], [ 1042119.03627095092088, 1944193.571431352291256 ], [ 1042318.892470024409704, 1944687.66712479130365 ], [ 1042937.703288808581419, 1945848.386877377517521 ], [ 1042878.063523402437568, 1946479.906044312752783 ], [ 1042778.222387748654, 1947021.481576621998101 ], [ 1042851.782479466171935, 1948245.287614814471453 ], [ 1042908.346746825380251, 1948913.263848606962711 ], [ 1043158.181494885473512, 1949131.05041308212094 ], [ 1045057.920606503728777, 1950193.248543880647048 ], [ 1045515.726698535261676, 1950205.664361485280097 ], [ 1046622.989138013450429, 1950235.736835254821926 ], [ 1048531.518451676354744, 1950187.738647445105016 ], [ 1048951.949267136165872, 1950399.166181120090187 ], [ 1049408.589961500372738, 1950844.875478954287246 ], [ 1049679.034593907417729, 1951085.551405581180006 ], [ 1050043.774267934262753, 1951384.357428707182407 ], [ 1050254.876364511437714, 1951067.98319032532163 ], [ 1050662.801531130447984, 1950568.150350661017001 ], [ 1051147.71210759296082, 1949981.558729581069201 ], [ 1051330.245887128636241, 1949542.205750850960612 ], [ 1051685.898085079854354, 1948618.804333527572453 ], [ 1051868.75348504120484, 1947779.535377376945689 ], [ 1052168.449591367039829, 1947343.39140169438906 ], [ 1052425.238527726382017, 1947694.814615832176059 ], [ 1052809.782555059995502, 1948438.571494998177513 ], [ 1053953.333175128092989, 1949480.962750013684854 ], [ 1054333.365374431945384, 1949224.806050274986774 ], [ 1054926.381936119170859, 1948974.526330152992159 ], [ 1055429.630053613334894, 1948888.4253973828163 ], [ 1056552.46410822076723, 1948363.961431825067848 ], [ 1056921.502975150709972, 1948507.486675976775587 ], [ 1057193.773396369768307, 1948681.670477547682822 ], [ 1057767.60061210533604, 1948742.005864883540198 ], [ 1058274.453772981185466, 1948911.600945416139439 ], [ 1058622.796800835989416, 1949032.369403490796685 ], [ 1058895.359422117006034, 1949195.480620440794155 ], [ 1059429.824484997894615, 1949521.421665688278154 ], [ 1059532.260454082628712, 1951201.924876637291163 ], [ 1060046.598069276660681, 1951482.900322841247544 ], [ 1060494.900166882900521, 1952984.204292241949588 ], [ 1060519.713520742021501, 1953240.438474923139438 ], [ 1060651.298535511363298, 1954632.929592593340203 ], [ 1060905.383051025681198, 1956595.498335999436677 ], [ 1062282.605539626441896, 1958011.841754992026836 ], [ 1062633.890317302197218, 1958021.70913481595926 ], [ 1063521.202343179378659, 1958291.104558133054525 ], [ 1064219.708076326176524, 1958455.222876826534048 ], [ 1064696.229970217682421, 1958557.548989271046594 ], [ 1067665.181518345605582, 1959430.458667415659875 ], [ 1068807.969126889947802, 1961952.005153597565368 ], [ 1068444.719418017193675, 1962363.923615035135299 ], [ 1068359.473512154538184, 1962739.305293830344453 ], [ 1068510.485806523822248, 1963421.435415636980906 ], [ 1068863.1741151381284, 1963753.731015220517293 ], [ 1069450.179683123948053, 1964459.422533719567582 ], [ 1069835.25460677081719, 1965148.262799423187971 ], [ 1070210.771259169559926, 1966170.216178392758593 ], [ 1071624.881892139557749, 1968110.966509823221713 ], [ 1071995.743802608922124, 1969288.446810219204053 ], [ 1071887.955696129705757, 1971185.620261786272749 ], [ 1072228.279449797235429, 1971939.967623013071716 ], [ 1072550.570505392737687, 1972949.405290690483525 ], [ 1072956.315198953030631, 1974016.832532112719491 ], [ 1073317.474275476997718, 1974782.943278259597719 ], [ 1073742.780427005840465, 1975906.544324955670163 ], [ 1076196.915093994699419, 1982301.317466112785041 ], [ 1076267.292973799398169, 1982488.675305469427258 ], [ 1076347.019066855777055, 1982708.186690414557233 ], [ 1077270.792841957416385, 1985160.771937167970464 ], [ 1078201.105780767276883, 1987639.003711651312187 ], [ 1083003.044102444546297, 1992549.835238187806681 ], [ 1083066.051669921260327, 1992622.142998678376898 ], [ 1083680.983986881095916, 1993247.110524316551164 ], [ 1085701.638702614698559, 1995408.90266877412796 ], [ 1088024.780407369369641, 1997900.5959600021597 ], [ 1088698.549890467198566, 1998487.73862215410918 ], [ 1089466.67169437231496, 1999155.466448815539479 ], [ 1089517.729464757721871, 1999152.161439289338887 ], [ 1090051.739195897476748, 1999117.601973170647398 ], [ 1090111.201815232634544, 1999120.58997465390712 ], [ 1090050.696479556383565, 1999118.767461294075474 ], [ 1089521.737971394788474, 1999155.660069961799309 ], [ 1090109.558186988346279, 1999120.573923739837483 ], [ 1090453.89082836266607, 1999913.580450292676687 ], [ 1090704.666672446765006, 2000253.255040188785642 ], [ 1091027.755494903074577, 2000452.784767836797982 ], [ 1091408.289936709683388, 2000474.911689934553578 ], [ 1091672.125221435446292, 2000911.118112755008042 ], [ 1091606.478406327078119, 2001205.666284405393526 ], [ 1091345.09937752969563, 2001968.748085756786168 ], [ 1090709.730379786808044, 2002340.968255139654502 ], [ 1090491.574657689547166, 2002049.713346696924418 ], [ 1090407.160288151120767, 2001778.629991438472643 ], [ 1090128.754422982688993, 2001618.408150343922898 ], [ 1089763.44143111561425, 2001690.893394397804514 ], [ 1089333.443500173278153, 2002278.703266060678288 ], [ 1088988.288559287320822, 2002229.743359020678326 ], [ 1088761.470511485822499, 2002602.458977392874658 ], [ 1089029.624118004925549, 2002741.004331230185926 ], [ 1088760.317228833213449, 2003017.552089268574491 ], [ 1089036.586745095904917, 2003263.091462991200387 ], [ 1089333.118292180122808, 2003212.725254079094157 ], [ 1089624.290823503397405, 2003340.115732265869156 ], [ 1089770.981431659078225, 2003538.51968473335728 ], [ 1089481.81723293592222, 2003548.856636823154986 ], [ 1088903.675045910989866, 2003531.88574308087118 ], [ 1088728.635274577885866, 2003692.663307420909405 ], [ 1088929.827006651088595, 2003793.612271163845435 ], [ 1089161.809265087824315, 2004002.240241708466783 ], [ 1089405.927178449928761, 2003730.572335788514465 ], [ 1089349.768956591375172, 2004541.650544360745698 ], [ 1089308.485380892874673, 2005085.822478462243453 ], [ 1089048.945314980577677, 2005425.47881352994591 ], [ 1088650.176369494292885, 2005789.893836183939129 ], [ 1088471.927731809671968, 2006189.917520726565272 ], [ 1088266.884604091988876, 2006560.175947200739756 ], [ 1087810.193852686323225, 2007009.720264792675152 ], [ 1087829.146035306854174, 2007299.859033956658095 ], [ 1087484.901314470451325, 2007694.879674507770687 ], [ 1087335.224171071080491, 2008066.806169069139287 ], [ 1087241.759088175836951, 2008411.469070172635838 ], [ 1086955.490802963031456, 2008721.36747987754643 ], [ 1086230.904915107879788, 2008873.295322673628107 ], [ 1085968.848142800619826, 2009299.753527022665367 ], [ 1085629.020879859104753, 2009550.138568762456998 ], [ 1085288.333728180732578, 2009829.456575028598309 ], [ 1084836.995969026349485, 2010105.454295925796032 ], [ 1084444.475193112157285, 2010267.402549588121474 ], [ 1084020.2273641647771, 2010342.697657548589632 ], [ 1083872.478060440393165, 2010542.110547296935692 ], [ 1084000.730085598537698, 2010814.775411967420951 ], [ 1083640.033690012525767, 2011202.263930837158114 ], [ 1083577.990623989608139, 2011551.809652380645275 ], [ 1083356.707469758111984, 2011786.765618239529431 ], [ 1083038.748541185399517, 2011647.553938965545967 ], [ 1083044.159755780594423, 2011371.609199803322554 ], [ 1083046.355419005965814, 2010921.11362921865657 ], [ 1082880.540137416217476, 2010712.755217966856435 ], [ 1083435.963998944498599, 2010651.646968025481328 ], [ 1083343.957641594111919, 2010031.719935819506645 ], [ 1083813.391431100666523, 2010074.741731755435467 ], [ 1084446.515523951966316, 2009628.082080450607464 ], [ 1084538.731294528581202, 2008884.211204800987616 ], [ 1084611.556695025647059, 2008390.319500528275967 ], [ 1084507.906881932867691, 2007229.001094933599234 ], [ 1085262.53276418056339, 2006897.112483390141279 ], [ 1085581.918746691662818, 2006508.368220413569361 ], [ 1085315.62610259372741, 2006152.91152770537883 ], [ 1084637.657191328704357, 2006595.873775205109268 ], [ 1084370.486917096655816, 2006269.363559998804703 ], [ 1083894.055635770317167, 2005531.2300957494881 ], [ 1082838.196123502915725, 2004717.910315607208759 ], [ 1082283.894757744856179, 2004730.330360675230622 ], [ 1081637.10657303314656, 2005058.502944007050246 ], [ 1081013.710351756773889, 2005532.154002646682784 ], [ 1081467.730203559389338, 2006095.793875678209588 ], [ 1081449.627390560694039, 2006703.28412366216071 ], [ 1080962.901751485653222, 2006923.192194326780736 ], [ 1080568.367882200749591, 2006840.290080227889121 ], [ 1080553.24707356793806, 2007729.288920609280467 ], [ 1080211.775441266829148, 2007912.579088640632108 ], [ 1079912.96763457916677, 2007829.568890060298145 ], [ 1079316.448385283118114, 2007626.537374350242317 ], [ 1078616.555538098327816, 2007920.760210094274953 ], [ 1078320.076504781842232, 2008356.672692686319351 ], [ 1078322.949011820368469, 2008857.056183075997978 ], [ 1078325.81693008961156, 2009357.439932144014165 ], [ 1078152.187474891077727, 2009834.054425931535661 ], [ 1077698.598438122542575, 2010191.183326716534793 ], [ 1077797.130123232956976, 2010453.519112312467769 ], [ 1078167.807174436049536, 2010501.582312690326944 ], [ 1078386.850722738076001, 2010285.732773989671841 ], [ 1078696.620480210520327, 2009998.461252386448905 ], [ 1079004.74834366235882, 2009766.73244427354075 ], [ 1079406.420613821130246, 2009769.525326485978439 ], [ 1079439.571349246893078, 2009446.12504193210043 ], [ 1079081.89093149965629, 2009436.658736034063622 ], [ 1079092.07710344158113, 2009213.434237469453365 ], [ 1079754.879395058844239, 2008973.726258784066886 ], [ 1080101.823397316969931, 2009224.943389580352232 ], [ 1080705.506155417999253, 2009780.30573515384458 ], [ 1080194.324940855614841, 2010283.916024264181033 ], [ 1080373.619999056216329, 2010808.105261545395479 ], [ 1080096.977583731524646, 2010577.497776435222477 ], [ 1079720.782524668611586, 2010714.532489087199792 ], [ 1079323.034085424151272, 2010980.640702516539022 ], [ 1078960.153247841168195, 2011266.320764722768217 ], [ 1078821.362212515436113, 2011762.496595880715176 ], [ 1078786.583980745170265, 2012335.885580975329503 ], [ 1078460.787945313379169, 2012567.079705064883456 ], [ 1078208.469066484365612, 2012114.865276399068534 ], [ 1077980.541096988832578, 2012033.973477585008368 ], [ 1077800.871971349231899, 2012714.228106351569295 ], [ 1077650.79619235964492, 2011801.825763593427837 ], [ 1077445.774435565806925, 2011331.686275917338207 ], [ 1077511.676379661541432, 2010519.167405739892274 ], [ 1077076.772538884542882, 2010246.862245088210329 ], [ 1076763.04324615211226, 2010070.804513099836186 ], [ 1076271.72394563164562, 2009908.026891685789451 ], [ 1075785.514344352297485, 2010171.578892322722822 ], [ 1075540.595263556111604, 2010664.616065547335893 ], [ 1075053.869455006439239, 2010946.690999891841784 ], [ 1074432.646621354855597, 2010983.93282281095162 ], [ 1074132.120044374838471, 2011124.456784017151222 ], [ 1074073.456437871325761, 2010547.18247501226142 ], [ 1073971.296939385822043, 2011007.379220114089549 ], [ 1073767.295455507934093, 2011316.345451455796137 ], [ 1073276.00908742332831, 2011153.641088226577267 ], [ 1072927.684299014043063, 2011551.001309108221903 ], [ 1072775.718424261081964, 2011898.559894753387198 ], [ 1072507.479413390858099, 2011983.303897151956335 ], [ 1072351.70926662068814, 2012460.446152487769723 ], [ 1072314.393517407122999, 2013126.353555613663048 ], [ 1072420.301858246792108, 2013740.894751632586122 ], [ 1072092.99633233086206, 2014027.703549359925091 ], [ 1071688.369634028058499, 2014534.573245218256488 ], [ 1071573.464265326038003, 2014827.636333387577906 ], [ 1071705.785102871945128, 2015146.503281205194071 ], [ 1071681.002671465044841, 2015386.635289440862834 ], [ 1071583.795450222212821, 2015680.218249117955565 ], [ 1071153.615852704271674, 2015852.834927807096392 ], [ 1071535.026147834025323, 2016734.866672171279788 ], [ 1071784.956704405602068, 2016668.118447302142158 ], [ 1072110.041957603301853, 2016455.364736302522942 ], [ 1072351.24417489906773, 2016684.81331901717931 ], [ 1072447.592367761768401, 2017021.160794277209789 ], [ 1072489.208471390185878, 2017411.47865298576653 ], [ 1072442.342600258765742, 2017799.185414814390242 ], [ 1072250.089905202388763, 2018312.296744344988838 ], [ 1072002.82939083641395, 2018876.918907517800108 ], [ 1071455.54289827379398, 2019381.45898713869974 ], [ 1070721.198977980995551, 2019712.385330320335925 ], [ 1070430.140354787930846, 2020374.609032705659047 ], [ 1069783.634745388291776, 2020851.874245057580993 ], [ 1068877.125649844761938, 2021211.226048565935344 ], [ 1068084.051211504731327, 2021298.216134474845603 ], [ 1067504.84740785183385, 2021281.22588910209015 ], [ 1067034.180565788876265, 2021157.15322896046564 ], [ 1066621.007944916840643, 2020869.352056147065014 ], [ 1066314.743553777690977, 2020529.544003120623529 ], [ 1066115.38811143906787, 2020137.723213841672987 ], [ 1066022.957300835754722, 2019693.899404507363215 ], [ 1066083.655981012154371, 2019419.959277581889182 ], [ 1066300.737707193940878, 2019205.747986959293485 ], [ 1066827.342601696494967, 2019221.145068713929504 ], [ 1067195.956146076088771, 2019231.931282229255885 ], [ 1067309.350641471333802, 2018959.532033073948696 ], [ 1067531.279547272715718, 2018580.044571224134415 ], [ 1068013.314852077979594, 2018318.456088066566736 ], [ 1068121.866851719561964, 2018211.342523813946173 ], [ 1067649.505716413725168, 2018142.373932944145054 ], [ 1067335.149264244362712, 2018078.026442517759278 ], [ 1067073.433759195264429, 2018015.224072727840394 ], [ 1066656.959851028164849, 2017837.624612607760355 ], [ 1065975.543882293161005, 2017707.447695651091635 ], [ 1065557.452845723833889, 2017584.974315715255216 ], [ 1064757.873772362014279, 2017892.511651721317321 ], [ 1063848.203820578521118, 2018362.288625943707302 ], [ 1062940.186992350965738, 2018777.000080454396084 ], [ 1062563.577406449709088, 2019041.749536413699389 ], [ 1062089.660566855687648, 2019027.997371556703001 ], [ 1061724.249669749289751, 2018907.132113395491615 ], [ 1061454.583521086489782, 2019119.856110665015876 ], [ 1061242.37062183720991, 2019168.849872889462858 ], [ 1060977.485787363257259, 2019216.320602940861136 ], [ 1060821.112711885012686, 2019156.652948293602094 ], [ 1060656.768384788418189, 2019372.446802117861807 ], [ 1060329.683645437471569, 2019748.927416046382859 ], [ 1060063.232412586919963, 2019851.502634271746501 ], [ 1059900.494423780124635, 2020012.2049057665281 ], [ 1059689.865032794419676, 2020006.117075135931373 ], [ 1059579.801926795160398, 2020168.343113058013842 ], [ 1059259.102465115254745, 2020324.484862380893901 ], [ 1058828.355099099455401, 2020642.858495570719242 ], [ 1058349.748664380749688, 2020794.46759564941749 ], [ 1057762.672390008578077, 2021053.196087992750108 ], [ 1057590.443034691270441, 2021544.438775745918974 ], [ 1057684.619228762574494, 2021933.080987163819373 ], [ 1057829.849702150095254, 2022378.349823006428778 ], [ 1057876.143906891811639, 2022600.212373773334548 ], [ 1057812.372562284814194, 2022984.302830036962405 ], [ 1058072.405343050137162, 2023102.083668254083022 ], [ 1058222.382397221634164, 2023382.094739831984043 ], [ 1058413.859762061620131, 2024049.241028031567112 ], [ 1058665.912145306589082, 2024442.460987055907026 ], [ 1059083.840564729180187, 2024564.828943197382614 ], [ 1059069.492630964145064, 2025060.618092633783817 ], [ 1058951.465125487186015, 2025498.29398187296465 ], [ 1058405.970519273076206, 2026144.131616109982133 ], [ 1057868.484957637730986, 2026514.524118354078382 ], [ 1057496.862281536217779, 2026614.064166369847953 ], [ 1057332.599459719844162, 2026829.846930403029546 ], [ 1057480.94784387294203, 2027164.937008880311623 ], [ 1057951.448162461631, 2027288.815525686135516 ], [ 1058688.291034599533305, 2027310.138727658661082 ], [ 1059426.751326200552285, 2027276.396591806318611 ], [ 1059954.67131880717352, 2027236.57013542111963 ], [ 1059905.243975706864148, 2027124.867871886584908 ], [ 1059702.694719842867926, 2026843.315788939362392 ], [ 1059659.641025608871132, 2026511.251186605310068 ], [ 1059926.022098750807345, 2026408.695250371471047 ], [ 1060662.918742468580604, 2026430.085100752068684 ], [ 1061187.670069378335029, 2026500.476129850139841 ], [ 1062296.247801659163088, 2026422.467325441772118 ], [ 1062864.022152701159939, 2026824.976682658307254 ], [ 1062795.31259101908654, 2027374.36422732193023 ], [ 1062522.503473445773125, 2027697.252926092129201 ], [ 1061989.741372391814366, 2027902.267123480327427 ], [ 1061565.475207900628448, 2028000.180682036094368 ], [ 1061082.168087337166071, 2028316.938271440798417 ], [ 1061238.4585980263073, 2028376.614633772755042 ], [ 1061445.766052584396675, 2028492.934100375743583 ], [ 1061810.977638859068975, 2028613.843126787105575 ], [ 1062121.944803047692403, 2028788.321546392748132 ], [ 1062362.590749998111278, 2029567.273616429651156 ], [ 1062030.749329619109631, 2030108.97968933894299 ], [ 1061604.921063249465078, 2030261.975357504328713 ], [ 1061029.247665720526129, 2030134.930870221694931 ], [ 1060724.714455404086038, 2029740.100102150579914 ], [ 1060849.202398016583174, 2029082.076644322136417 ], [ 1060967.293563584331423, 2028644.419554677791893 ], [ 1060863.627119810320437, 2028586.261792501434684 ], [ 1060538.235439942684025, 2028907.620411163195968 ], [ 1060097.996455024927855, 2029556.463026340352371 ], [ 1059873.077150079188868, 2030046.154793768189847 ], [ 1059758.225852559320629, 2030373.635545554105192 ], [ 1059640.175178458448499, 2030811.290948057314381 ], [ 1059467.899442293681204, 2031302.51080008991994 ], [ 1058825.245641479035839, 2031669.800851393025368 ], [ 1058144.374825032427907, 2031539.752891291398555 ], [ 1057889.260053656063974, 2031256.701903762994334 ], [ 1057640.518973170081154, 2030753.284161616815254 ], [ 1057817.529466883745044, 2030096.793778241612017 ], [ 1058201.848349063890055, 2029556.584911873564124 ], [ 1058897.172801270149648, 2029190.785421811509877 ], [ 1059115.662983599118888, 2028921.434442070312798 ], [ 1059074.226251455722377, 2028534.292293120874092 ], [ 1058233.755368892103434, 2028454.800487481057644 ], [ 1057747.361847789026797, 2028881.796340562170371 ], [ 1057004.207959835184738, 2029080.849252167157829 ], [ 1056533.755131818819791, 2028956.997447764966637 ], [ 1056071.244279151549563, 2028557.712919477140531 ], [ 1055662.947339285165071, 2028104.883749889675528 ], [ 1055203.556453704833984, 2027595.461324544390664 ], [ 1055120.478816102491692, 2026821.223775079008192 ], [ 1055292.635975342709571, 2026329.98596220696345 ], [ 1055775.844819559250027, 2026013.096677418798208 ], [ 1056464.852483985479921, 2025867.544286258984357 ], [ 1056525.42996604880318, 2025593.628467975882813 ], [ 1056391.327063942793757, 2024762.767027928959578 ], [ 1056089.77179006813094, 2024257.888936149422079 ], [ 1055317.606080448953435, 2023629.234598012408242 ], [ 1054022.13757350621745, 2022875.340267624007538 ], [ 1053548.357283449266106, 2022861.772335395915434 ], [ 1053334.664325226098299, 2022965.92657986166887 ], [ 1052918.260157061740756, 2022788.625106859020889 ], [ 1052340.79550648550503, 2022717.002696844283491 ], [ 1051919.67974706669338, 2022704.979815153637901 ], [ 1051433.368610529229045, 2023132.133097667945549 ], [ 1051005.960870245937258, 2023340.466575908707455 ], [ 1050532.237998439930379, 2023326.970490934792906 ], [ 1050115.834688091883436, 2023149.733723210170865 ], [ 1050157.503725046990439, 2023536.804790646769106 ], [ 1049939.117787790950388, 2023806.238076359732077 ], [ 1050034.991128836991265, 2024139.732811878900975 ], [ 1049816.611769818235189, 2024409.151513456599787 ], [ 1049655.577135731931776, 2024514.806136278668419 ], [ 1049232.949573109857738, 2024557.932732508983463 ], [ 1049434.072680066572502, 2024894.415352688170969 ], [ 1049529.942595484433696, 2025227.907049900386482 ], [ 1049196.92244645068422, 2025824.828482881421223 ], [ 1048618.005256781820208, 2025808.369361659511924 ], [ 1048203.22084090532735, 2025576.077274660812691 ], [ 1048115.162721650442109, 2024967.193108119536191 ], [ 1048333.509145109914243, 2024697.76298194215633 ], [ 1048657.12233836739324, 2024431.322620512219146 ], [ 1048822.843939360696822, 2024160.38620834518224 ], [ 1049312.190950049553066, 2023623.028414455940947 ], [ 1049262.694928199052811, 2023511.358430315973237 ], [ 1049109.481610327959061, 2023341.624704569112509 ], [ 1048792.101554116699845, 2023387.743734586751089 ], [ 1048471.598859963472933, 2023544.027100680861622 ], [ 1048044.276001746882685, 2023752.415827832417563 ], [ 1047567.448046287405305, 2023849.14784953254275 ], [ 1047092.187105503748171, 2023890.818411655258387 ], [ 1046513.2150183187332, 2023874.437292707152665 ], [ 1046205.215035679168068, 2023590.097844253061339 ], [ 1046048.870742462808266, 2023530.565271282801405 ], [ 1045506.986969391233288, 2024066.495868891011924 ], [ 1045554.95771817676723, 2024233.222350205527619 ], [ 1045706.628502003848553, 2024458.00678195618093 ], [ 1045542.51527967187576, 2024673.859139483887702 ], [ 1045853.62671213876456, 2024848.006774664856493 ], [ 1046262.197262333123945, 2025300.577871136600152 ], [ 1046407.614439687225968, 2025745.686224880861118 ], [ 1045921.505934552289546, 2026172.926502890884876 ], [ 1045441.645808154251426, 2026379.862145280232653 ], [ 1045132.117560613434762, 2026150.616988423280418 ], [ 1045037.75606514676474, 2025762.095074098790064 ], [ 1044944.930048930458724, 2025318.476060173939914 ], [ 1044845.894397537573241, 2025095.19656697800383 ], [ 1044471.281336436746642, 2025305.115901485783979 ], [ 1044095.138405080186203, 2025570.138522108318284 ], [ 1043553.363204740453511, 2026106.095756693044677 ], [ 1042756.252914755837992, 2026359.285243815276772 ], [ 1041901.918657700764015, 2026776.244265251094475 ], [ 1041635.709923246060498, 2026879.007418593391776 ], [ 1041412.868553364300169, 2027313.72969229426235 ], [ 1040713.368498524301685, 2027845.304239645367488 ], [ 1040544.70707162830513, 2028226.422506295144558 ], [ 1040266.192978429957293, 2028769.807812391314656 ], [ 1039935.072678577853367, 2029311.732811986934394 ], [ 1039557.535130947362632, 2029631.875380342360586 ], [ 1039542.10870165633969, 2030182.643972098361701 ], [ 1039591.624639242538251, 2030294.265802252106369 ], [ 1039699.927624045987613, 2030187.065536230569705 ], [ 1039764.889314893633127, 2029747.918401380768046 ], [ 1039983.060066936886869, 2029478.43723320774734 ], [ 1040352.887119957478717, 2029433.680329227354378 ], [ 1040660.83944083051756, 2029717.930499078705907 ], [ 1040908.433164473506622, 2030276.078345123212785 ], [ 1040411.745712733478285, 2031088.940945856506005 ], [ 1040309.623895294032991, 2030975.838581333868206 ], [ 1040144.070434373803437, 2031246.789460903033614 ], [ 1040188.954795590369031, 2031523.645482070744038 ], [ 1040444.254611924639903, 2031806.423952962271869 ], [ 1039679.428173525142483, 2031993.981124803889543 ], [ 1038992.814217612612993, 2031839.09881204389967 ], [ 1038410.363911001826636, 2032591.400924752932042 ], [ 1038084.306874341797084, 2033441.305603393819183 ], [ 1038583.245890730642714, 2034237.343685733387247 ], [ 1038645.930483272764832, 2034292.169217553222552 ], [ 1037998.162540843593888, 2034976.103796428302303 ], [ 1037720.333765608607791, 2035646.504250899888575 ], [ 1037344.857116471976042, 2036721.076044224901125 ], [ 1037314.49595599505119, 2037805.308139215689152 ], [ 1037473.846704320167191, 2038506.022980096051469 ], [ 1037583.523533745435998, 2038988.35755303199403 ], [ 1037851.228388136136346, 2040216.596953048370779 ], [ 1039018.221939077368006, 2041696.213424323592335 ], [ 1040146.66490656347014, 2041886.748774376465008 ], [ 1041301.69629515032284, 2042468.962733385618776 ], [ 1041474.970931482501328, 2043348.062446262454614 ], [ 1040678.265590860624798, 2044048.956370308296755 ], [ 1039586.141529230982997, 2044515.456711776787415 ], [ 1037918.254182773292996, 2045508.341101745376363 ], [ 1036527.028247840586118, 2045876.128307502018288 ], [ 1035464.342201840947382, 2046840.953612845158204 ], [ 1034458.792525174212642, 2047310.093383410014212 ], [ 1033582.638141863397323, 2047782.88956662802957 ], [ 1032658.379117081058212, 2048435.208002842962742 ], [ 1031962.327438289299607, 2048641.829263824503869 ], [ 1031333.631453196750954, 2049528.475803040666506 ], [ 1030273.946631553582847, 2050403.129445626400411 ], [ 1029210.597113490453921, 2051413.335531579097733 ], [ 1028158.638743986142799, 2052017.026727466378361 ], [ 1027510.177944194758311, 2053626.474264892516658 ], [ 1026612.005201034480706, 2054912.556150268297642 ], [ 1025357.990136966342106, 2056595.650735805276781 ], [ 1024741.043911756016314, 2057075.847603563452139 ], [ 1023989.890741855138913, 2057733.168298107804731 ], [ 1022387.89826545433607, 2059542.347886078758165 ], [ 1020804.81583126320038, 2060674.066490564960986 ], [ 1019015.240900186821818, 2061483.798146545886993 ], [ 1017747.629726873943582, 2062127.118786236038432 ], [ 1016750.856703338795342, 2062325.892985306447372 ], [ 1015882.092070748098195, 2062573.400226477300748 ], [ 1014950.512743449653499, 2062976.523703564889729 ], [ 1014329.994854486896656, 2063480.338291293242946 ], [ 1013366.12143777043093, 2063425.239080904284492 ], [ 1012835.403501536115073, 2063671.186679265461862 ], [ 1011866.082156140357256, 2063818.495817725779489 ], [ 1010894.447024754714221, 2064052.564289750298485 ], [ 1010030.746307499124669, 2064376.361665240954608 ], [ 1009030.070933307753876, 2064667.577994904713705 ], [ 1008168.779725612141192, 2064904.735209215898067 ], [ 1007110.744833694188856, 2065281.26795360725373 ], [ 1006463.004309963667765, 2065784.53340555424802 ], [ 1006168.866316050523892, 2066470.824125858722255 ], [ 1005824.281031316728331, 2066982.221256472403184 ], [ 1005095.518926741555333, 2067425.493085122900084 ], [ 1004750.977519395295531, 2067936.899233274860308 ], [ 1003994.730422285967506, 2068379.462300289887935 ], [ 1003543.118144425563514, 2068772.327665269607678 ], [ 1003121.953385575441644, 2070091.5369890446309 ], [ 1003384.31841415958479, 2070590.226868163328618 ], [ 1001696.908132264856249, 2072075.94683908065781 ], [ 1000829.893333118408918, 2072315.347564939875156 ], [ 1000832.522178130922839, 2072989.525034653022885 ], [ 1001401.232896735658869, 2073632.044221210293472 ], [ 1000910.701501139439642, 2074457.720785114448518 ], [ 1000172.348778214072809, 2075276.806990749435499 ], [ 998954.477804313064553, 2075475.825591322500259 ], [ 997888.670258103986271, 2075115.050691329641268 ], [ 997476.289010489708744, 2074828.69278240040876 ], [ 996928.073636045446619, 2074988.358703110832721 ], [ 996428.559428404201753, 2075119.769145246362314 ], [ 995707.226068394491449, 2075303.182443048106506 ], [ 995065.482317339861766, 2075604.393801654223353 ], [ 993924.00836432154756, 2076167.347760294564068 ], [ 994222.801560989115387, 2076781.161497653927654 ], [ 994056.762421088991687, 2077107.320641410537064 ], [ 993637.165229553822428, 2077096.291059777140617 ], [ 993374.766820681514218, 2078075.915274752071127 ], [ 992531.851091298391111, 2077648.923786590341479 ], [ 991914.975853509735316, 2076720.603908169083297 ], [ 991238.892831796430983, 2076482.570773395244032 ], [ 989781.767864157212898, 2076003.868730678455904 ], [ 989628.717269407119602, 2075834.628845487022772 ], [ 989477.096707097254694, 2075610.353322343435138 ], [ 989421.788085513864644, 2075719.07694979547523 ], [ 989311.145200308295898, 2075936.551334329880774 ], [ 989098.474667439586483, 2076041.165900415275246 ], [ 988626.437771287513897, 2076028.889405876165256 ], [ 988422.355123759829439, 2075803.247477647149935 ], [ 988172.970954510848969, 2075301.021828170865774 ], [ 987365.033075408544391, 2075878.610648688627407 ], [ 986787.817017942434177, 2075697.095517399953678 ], [ 986014.83811364765279, 2075584.564826245419681 ], [ 985070.886174607323483, 2075264.088824975769967 ], [ 984521.475715655600652, 2075242.984477548627183 ], [ 983730.185125773074105, 2075285.069146022899076 ], [ 982595.687309246510267, 2074830.291045702528208 ], [ 982067.027829067199491, 2074816.73342781001702 ], [ 981724.632407358381897, 2075104.045310534769669 ], [ 981416.069663192145526, 2075447.742884252453223 ], [ 981050.756323867011815, 2075253.341096447780728 ], [ 980582.203836610773578, 2075648.470621389802545 ], [ 980076.395206874003634, 2075431.993109967559576 ], [ 979295.419445420848206, 2075634.12465519993566 ], [ 978309.821571640321054, 2076256.679755277000368 ], [ 977744.331352562643588, 2077000.975010600406677 ], [ 977364.46438375255093, 2077379.908468005713075 ], [ 977245.594544884283096, 2077895.007361334981397 ], [ 976981.32437137234956, 2077888.292476798174903 ], [ 976625.209961302345619, 2078027.282826265553012 ], [ 975992.647517327684909, 2078640.371269665425643 ], [ 975542.850501853507012, 2078999.04777015093714 ], [ 975013.416351509978995, 2079022.646804648451507 ], [ 974772.704403034294955, 2079479.148121726932004 ], [ 974694.285745328757912, 2079791.726680871099234 ], [ 974337.29568912438117, 2079967.732489047804847 ], [ 973943.681182738160715, 2080198.32845008932054 ], [ 973730.759325822582468, 2080951.591954481089488 ], [ 973171.176298016449437, 2081474.057700283126906 ], [ 972791.022985170129687, 2081871.536429159343243 ], [ 972854.818274992285296, 2082835.318990389117971 ], [ 972333.796787985600531, 2083229.242490664357319 ], [ 971685.324557551648468, 2083786.491179615724832 ], [ 971494.770726123591885, 2084355.284761781105772 ], [ 971127.656756134470925, 2084938.133769519859925 ], [ 970704.941399282775819, 2085630.60270908032544 ], [ 970158.86372722662054, 2086296.645031477324665 ], [ 969138.227978178183548, 2087262.267410243861377 ], [ 968914.195836925180629, 2087056.193197943968698 ], [ 968674.282364864833653, 2087145.822927632834762 ], [ 968924.45491433236748, 2087422.111488344147801 ], [ 968867.914515496231616, 2087585.902517442358658 ], [ 968347.149449707008898, 2088289.887922415742651 ], [ 967793.616469366359524, 2088605.2789380797185 ], [ 966879.396559506189078, 2089518.560898874187842 ], [ 966999.678837042767555, 2089678.215073755942285 ], [ 966748.333031508373097, 2090249.445723659358919 ], [ 966662.650630247662775, 2090857.869622612372041 ], [ 966256.247518434422091, 2091375.311444067163393 ], [ 966037.041716865613125, 2091755.299912960035726 ], [ 965706.190694233169779, 2092407.834862083895132 ], [ 965185.050187673885375, 2092284.701855637365952 ], [ 964810.081785365240648, 2092605.751027174759656 ], [ 965182.100959873059765, 2093739.009923767065629 ], [ 965123.684943795436993, 2094741.792470806045458 ], [ 965108.070171547238715, 2095366.571676018415019 ], [ 965457.935275432420895, 2096713.966031982097775 ], [ 965087.139328418881632, 2097516.149001979269087 ], [ 964661.8644593229983, 2098412.097756993956864 ], [ 964708.698685809620656, 2098792.18538264464587 ], [ 964691.827139906119555, 2099333.46799523755908 ], [ 963395.424225678667426, 2100393.426437660586089 ], [ 963258.268799017183483, 2100922.844752734526992 ], [ 963265.717011363361962, 2101526.919339526444674 ], [ 963031.105029009981081, 2102349.926160443108529 ], [ 963169.510072271572426, 2103123.045602493919432 ], [ 963196.216843776288442, 2104307.811187281738967 ], [ 963670.788001703098416, 2104269.748198050539941 ], [ 963805.868140124017373, 2102757.609254342969507 ], [ 964139.20090229716152, 2104437.987495577894151 ], [ 964286.12894646753557, 2104867.951892755925655 ], [ 964133.238134771818295, 2105574.587640854530036 ], [ 964053.827211137861013, 2106046.242307736072689 ], [ 963902.374978704610839, 2105854.330446453299373 ], [ 963781.112731528352015, 2106512.103992646094412 ], [ 962964.893058915040456, 2106350.51541258348152 ], [ 962772.732573831453919, 2107037.529000271577388 ], [ 962866.260066578164697, 2107591.350661193020642 ], [ 962546.823754219454713, 2107692.681410627439618 ], [ 962783.026457674335688, 2108216.839452696498483 ], [ 962687.948512801434845, 2108415.755881555378437 ], [ 962542.224661525338888, 2108838.382975805550814 ], [ 962643.810217597521842, 2109279.042134023737162 ], [ 962211.094865941209719, 2109759.861814915668219 ], [ 962106.559724032995291, 2110047.096147680655122 ], [ 961767.466997606097721, 2110547.771495050750673 ], [ 961307.264973470708355, 2110938.854628552217036 ], [ 961476.076829939847812, 2111393.025817018933594 ], [ 961450.538535386091098, 2111740.193399139679968 ], [ 961126.915877175983042, 2112117.557476097717881 ], [ 961086.40072395070456, 2112567.364626483991742 ], [ 961017.54592346563004, 2113015.258257817011327 ], [ 960839.04776987619698, 2113513.775045344140381 ], [ 960660.726041138870642, 2113138.429854539223015 ], [ 960129.097463709069416, 2113028.924275254830718 ], [ 959920.067787641193718, 2113284.203279397916049 ], [ 960099.856411423999816, 2114200.420414192136377 ], [ 960068.785688602831215, 2114543.024189121555537 ], [ 960386.138459017151035, 2114521.948583348654211 ], [ 960482.516062899492681, 2114854.753077644389123 ], [ 960221.451973371906206, 2114974.44820188684389 ], [ 959777.468418736709282, 2114938.333973131608218 ], [ 959611.985261833528057, 2115253.900953352451324 ], [ 959446.211464875610545, 2115581.301588124129921 ], [ 959678.924506390700117, 2115729.196719621308148 ], [ 959674.811366486595944, 2116344.807281578425318 ], [ 959744.621803515823558, 2117149.064377681817859 ], [ 959048.032146746176295, 2117792.469446619041264 ], [ 958713.572750761406496, 2118610.101232601329684 ], [ 958589.721731669502333, 2119377.917178343050182 ], [ 958321.915225500706583, 2119796.697265842463821 ], [ 958560.486332323634997, 2119952.049316000659019 ], [ 958604.302771713817492, 2120244.646485196892172 ], [ 958261.556810163427144, 2120205.082191986497492 ], [ 958208.460738877998665, 2119974.11625348823145 ], [ 957849.185466496390291, 2119693.693770588375628 ], [ 957055.025486374041066, 2119393.56641879864037 ], [ 957261.976448654197156, 2119155.381887260824442 ], [ 956884.179898939793929, 2119022.270320386625826 ], [ 956882.930201308103278, 2118619.670379954390228 ], [ 957067.607271143002436, 2118434.815712050069124 ], [ 956479.966640077880584, 2118076.852730201091617 ], [ 956174.885077708400786, 2118578.409504457376897 ], [ 955686.525329356547445, 2118755.741145410109311 ], [ 955982.645182640524581, 2119241.260367445647717 ], [ 956119.119932780740783, 2119465.037448261864483 ], [ 955935.99642054643482, 2119641.486869438085705 ], [ 956009.597700452432036, 2119902.832597629632801 ], [ 956044.673781252466142, 2120197.27951650461182 ], [ 956232.155306095257401, 2120400.371904595755041 ], [ 956258.4475239997264, 2120652.51469173328951 ], [ 956385.614577072556131, 2120063.66345426440239 ], [ 956601.076439951080829, 2119997.97543876664713 ], [ 957032.006240097456612, 2119866.605905425734818 ], [ 957299.588752357056364, 2119967.986140278168023 ], [ 957709.186520258779638, 2120084.41392367426306 ], [ 957934.498753750231117, 2120232.448358666617423 ], [ 958270.767032876145095, 2120738.134290556889027 ], [ 958647.120109196286649, 2121417.882241864223033 ], [ 958434.194948017946444, 2121855.222690782044083 ], [ 957945.878122419235297, 2122032.481514141429216 ], [ 957287.507747979601845, 2122075.112036775331944 ], [ 956622.07188128028065, 2121869.257696981541812 ], [ 956620.398224141681567, 2122797.904199256561697 ], [ 956701.697611936135218, 2123736.010933695361018 ], [ 956620.616235096356831, 2124639.849709442816675 ], [ 956252.797488337266259, 2125045.852788711898029 ], [ 956103.041222656145692, 2125482.852581858169287 ], [ 956007.638439116068184, 2125761.252259186469018 ], [ 955916.841299848863855, 2126546.52333051385358 ], [ 955545.56372701912187, 2127707.889390267431736 ], [ 955849.046381533844396, 2128134.51257649064064 ], [ 955973.873413914814591, 2128471.829980662092566 ], [ 955821.240912892622873, 2128728.512014698702842 ], [ 956042.832443205872551, 2128864.278371364343911 ], [ 956103.817343280417845, 2129576.217407221440226 ], [ 955803.76062480721157, 2130376.361746130511165 ], [ 955647.813528042286634, 2132074.983683223836124 ], [ 955572.994363232282922, 2132369.123782904818654 ], [ 955369.820888301357627, 2132849.5055862958543 ], [ 955047.392964942497201, 2133441.063624904956669 ], [ 954827.348053775494918, 2133876.080717591568828 ], [ 954979.61904826911632, 2134043.923880973830819 ], [ 954918.864309757598676, 2134247.244755293708295 ], [ 954810.638194310013205, 2134528.710576985962689 ], [ 954721.605424677487463, 2134848.916860750410706 ], [ 954491.87371346144937, 2135136.452312987763435 ], [ 954726.980488833738491, 2135177.834919900633395 ], [ 955049.168891338165849, 2135106.297288621310145 ], [ 954889.641473857336678, 2135418.696911469101906 ], [ 954818.690493225585669, 2136008.937328733038157 ], [ 954830.827886675018817, 2136423.648017906583846 ], [ 955026.296320657478645, 2136700.854183180257678 ], [ 954965.389299313072115, 2137338.706874152645469 ], [ 955001.760586527874693, 2138132.913789234124124 ], [ 954972.782535865437239, 2138392.675651934929192 ], [ 954975.4404069960583, 2138736.110235581174493 ], [ 955109.073254121467471, 2139236.744272486772388 ], [ 954991.849918683059514, 2139499.765023074112833 ], [ 954935.514742139028385, 2139433.688805300276726 ], [ 954703.422165630152449, 2139273.963453834410757 ], [ 954533.712205536779948, 2139317.08397758891806 ], [ 954653.74832907516975, 2138562.307865472510457 ], [ 954533.090858146548271, 2137541.03643733728677 ], [ 954365.75814715703018, 2138389.353670072276145 ], [ 954280.32676383247599, 2139109.472394594457 ], [ 954134.871518337866291, 2139532.087633513845503 ], [ 953983.206555100390688, 2139753.265146501827985 ], [ 953965.474688800168224, 2140013.3059461414814 ], [ 954036.731762913172133, 2140311.088777885306627 ], [ 953986.771863930975087, 2140511.124207132030278 ], [ 953802.297624909318984, 2140695.961608654353768 ], [ 953729.281714010750875, 2140919.10182829387486 ], [ 953814.723158925538883, 2141098.83658241154626 ], [ 953807.632960195653141, 2141382.823209225665778 ], [ 953579.709605479147285, 2141507.375091945752501 ], [ 953583.234239820740186, 2141829.214833841193467 ], [ 953216.165249441983178, 2141875.123459656722844 ], [ 953053.952763302135281, 2142091.32023186609149 ], [ 953099.335536140017211, 2142367.775436794850975 ], [ 953042.973980234470218, 2142531.558243016246706 ], [ 952986.474559084628709, 2142643.303114699199796 ], [ 952933.011248026043177, 2142749.043958099093288 ], [ 952927.521428629523143, 2142969.176652035675943 ], [ 953242.324200473725796, 2142921.962918548844755 ], [ 953504.886317594209686, 2142873.463548715692014 ], [ 953661.602692023152485, 2142877.377496463712305 ], [ 953702.847112065064721, 2143318.909785980824381 ], [ 953904.910381782799959, 2143599.272682045120746 ], [ 954119.36784212407656, 2143384.3903787904419 ], [ 954126.249202735256404, 2143109.235085509251803 ], [ 954226.592209181864746, 2143276.935776664875448 ], [ 954058.868309518322349, 2143713.258987482171506 ], [ 954152.336078783962876, 2144156.101946583483368 ], [ 954311.797165861586109, 2144049.969679235480726 ], [ 954632.104019450489432, 2143782.660239309538156 ], [ 954509.707009811652824, 2144495.431478051934391 ], [ 954699.342381125083193, 2145271.075476012192667 ], [ 954352.855651260353625, 2146583.929193856194615 ], [ 953917.115995800122619, 2147288.84657423896715 ], [ 953672.373485654359683, 2148714.368233250919729 ], [ 953295.794547011610121, 2149145.440777525771409 ], [ 953330.10297215776518, 2149862.130309863016009 ], [ 952998.883142561418936, 2150569.651036056224257 ], [ 952523.431868146290071, 2150778.009159195236862 ], [ 952774.875506822252646, 2151169.734470547176898 ], [ 952557.751341560622677, 2151494.678931396454573 ], [ 952483.496836545411497, 2152373.835256392136216 ], [ 952517.798547901213169, 2153090.520195829216391 ], [ 952138.561872272985056, 2153631.6608427898027 ], [ 951711.278738736524247, 2154006.400654392316937 ], [ 951697.513881259597838, 2154556.674580181483179 ], [ 951671.350778968655504, 2155602.217578379902989 ], [ 951186.407150492304936, 2156195.769283124245703 ], [ 950958.34531896864064, 2156960.949768788181245 ], [ 950789.374367556069046, 2157452.272212298121303 ], [ 950307.248696541646495, 2157935.782025291584432 ], [ 950050.69332057912834, 2158531.599395161494613 ], [ 949621.688347600866109, 2159527.976519113406539 ], [ 950660.222781377611682, 2158440.164690653327852 ], [ 951175.506375549826771, 2158722.70687702903524 ], [ 951263.645544018479995, 2159253.586486791726202 ], [ 951242.651780194835737, 2159860.241233313456178 ], [ 950437.762281501432881, 2160878.049234262201935 ], [ 949681.481672967551276, 2161523.972699024248868 ], [ 949675.364881075918674, 2162324.943959836382419 ], [ 949346.944854706060141, 2162845.280760640278459 ], [ 948784.18959603458643, 2162467.867995236534625 ], [ 948977.783464519190602, 2163078.385843692813069 ], [ 948763.587472167331725, 2163293.274069834966213 ], [ 948708.65912905568257, 2163402.020953139290214 ], [ 948553.502522600581869, 2163343.096479072235525 ], [ 948388.736353046144359, 2163669.352545520756394 ], [ 948022.132055292604491, 2163715.261729570571333 ], [ 947650.060725823277608, 2163981.316720907110721 ], [ 948067.451163846999407, 2163991.719350448809564 ], [ 948270.663029071642086, 2164217.008791519328952 ], [ 948204.756051384611055, 2164765.980035368353128 ], [ 947879.372919109184295, 2165253.412100835703313 ], [ 947397.497952571953647, 2165736.959916258696467 ], [ 947022.720052311895415, 2166113.038045501336455 ], [ 946700.128339780378155, 2166490.419450981076807 ], [ 946270.48629031307064, 2166975.270157851744443 ], [ 945674.806413109996356, 2167841.421938430052251 ], [ 945766.815285749267787, 2168339.245629058685154 ], [ 945709.192232875619084, 2168558.04255501460284 ], [ 945916.454170333687216, 2168618.260811092332006 ], [ 946005.721998716238886, 2169226.135602931492031 ], [ 945673.614072139840573, 2169988.70555945392698 ], [ 945153.421816219342873, 2169920.722589844837785 ], [ 945345.632125586387701, 2170586.213869510218501 ], [ 945065.708211374701932, 2171350.082683014683425 ], [ 944899.681678852299228, 2171731.376110622659326 ], [ 944665.111656531691551, 2172771.663590725045651 ], [ 944866.849121156614274, 2173051.971228673122823 ], [ 944902.561008558957838, 2173713.572980771306902 ], [ 944982.205238819820806, 2174706.62708741100505 ], [ 944901.300262639299035, 2175860.864681315142661 ], [ 944895.980698289698921, 2177674.336333535145968 ], [ 944835.479842488886788, 2178502.090754207223654 ], [ 944436.98949113022536, 2178988.906500249169767 ], [ 944011.927600716473535, 2178942.801755380816758 ], [ 944252.338591047446243, 2179197.41403596336022 ], [ 944605.00801809085533, 2179377.290806625038385 ], [ 944303.137392093194649, 2179915.699575354810804 ], [ 944593.32404375472106, 2179916.274513724725693 ], [ 944761.147171092685312, 2180382.197788369376212 ], [ 944596.556931807659566, 2180685.915696085430682 ], [ 944546.630898290779442, 2181038.839201074559242 ], [ 944603.620140618411824, 2181301.740905322600156 ], [ 944693.560152219026349, 2181742.044531380292028 ], [ 944829.199053035350516, 2182037.336682113818824 ], [ 944853.100520096719265, 2182089.372727951966226 ], [ 945222.051753061125055, 2182134.111603174358606 ], [ 945508.448708161944523, 2181892.643679345492274 ], [ 945684.29868749435991, 2181139.310722099151462 ], [ 945436.381018952000886, 2180850.442184804007411 ], [ 945222.296799039351754, 2179723.053061352111399 ], [ 945491.176072141970508, 2179399.407591395545751 ], [ 945827.691951135406271, 2179726.611020035576075 ], [ 946045.692641369183548, 2180310.702213990967721 ], [ 946501.875568313058466, 2180988.105896391905844 ], [ 946802.73027452128008, 2181569.134497984312475 ], [ 946945.493174314964563, 2182164.704062736127526 ], [ 946798.905897203832865, 2182420.020072088576853 ], [ 946708.842587847728282, 2182843.663004730828106 ], [ 946793.632347916718572, 2183111.508388423826545 ], [ 946568.940493209287524, 2182506.748759702313691 ], [ 946519.889783481601626, 2183763.488655847031623 ], [ 946976.171149234753102, 2184137.992507535498589 ], [ 947053.260276603861712, 2184849.864618255756795 ], [ 946680.331677626003511, 2188128.85632655583322 ], [ 946867.969770838157274, 2188959.506359918043017 ], [ 946690.888606178108603, 2189780.976145009510219 ], [ 946831.935423511546105, 2190390.205335794948041 ], [ 947018.116134926094674, 2191275.896337211597711 ], [ 946745.168991093174554, 2191764.560228985268623 ], [ 946729.909539052518085, 2192369.853628956712782 ], [ 946770.902963345171884, 2192811.379640539642423 ], [ 946707.70681061130017, 2193250.278164971154183 ], [ 946343.086879025446251, 2193241.085094700567424 ], [ 945833.298752489150502, 2192787.757050528656691 ], [ 946034.717278584372252, 2193068.145003518089652 ], [ 946285.460463117109612, 2193459.898752750828862 ], [ 946516.743894745479338, 2194622.026706352364272 ], [ 947115.362088516587391, 2195560.630059812217951 ], [ 947201.194388263160363, 2196154.800511352252215 ], [ 947146.825466613052413, 2196532.306399489287287 ], [ 947113.057606979738921, 2196981.373130201362073 ], [ 947240.068746058968827, 2197718.668896730989218 ], [ 947181.802117639686912, 2198249.996421108487993 ], [ 946777.035640878370032, 2198758.269389637745917 ], [ 947029.033496237359941, 2199095.022206354886293 ], [ 947320.691184503491968, 2199402.000415087211877 ], [ 947342.28798402310349, 2199876.151465024333447 ], [ 947037.142455474706367, 2200072.151821374893188 ], [ 946957.455389124341309, 2199864.098222016822547 ], [ 946821.0390194572974, 2199223.588955451734364 ], [ 946610.820672290748917, 2199561.630453594494611 ], [ 946362.577030853834003, 2199188.314207959920168 ], [ 946307.657308126566932, 2198701.488722637295723 ], [ 945972.050125533016399, 2198681.171748403459787 ], [ 945813.647411335841753, 2199186.28693863702938 ], [ 946040.703993989620358, 2199511.698182745836675 ], [ 946231.340871763997711, 2199504.675392281729728 ], [ 946324.271767320809886, 2200178.451820213347673 ], [ 946067.8482652179664, 2200210.938760623335838 ], [ 946006.905469276593067, 2200407.14425660809502 ], [ 945681.212430381914601, 2200437.968631698749959 ], [ 945715.833423387841322, 2200841.398642716929317 ], [ 945931.069463652907871, 2201190.194594931323081 ], [ 946141.80620418000035, 2201716.48065794352442 ], [ 945989.68883169721812, 2201973.111793484538794 ], [ 945714.135696690296754, 2202238.462540839333087 ], [ 945467.793509038630873, 2202635.236107087228447 ], [ 945667.989072858472355, 2202734.571630895603448 ], [ 945604.838803602848202, 2203017.132523432374001 ], [ 945301.403989937389269, 2203056.822990695480257 ], [ 944693.039115681312978, 2204083.362452769186348 ], [ 944046.083889190573245, 2205310.210130621679127 ], [ 943882.374400847358629, 2205140.326245426665992 ], [ 943607.775517529109493, 2205147.846150220371783 ], [ 943556.762135385768488, 2205617.545069381128997 ], [ 943014.261318722856231, 2205750.812302503269166 ], [ 942874.517391084227711, 2206026.589961199555546 ], [ 943184.996732841944322, 2206067.955801853444427 ], [ 943380.681941553717479, 2206231.326281174551696 ], [ 942989.663556054234505, 2206773.012675193604082 ], [ 942905.347463697893545, 2206990.63190839625895 ], [ 942761.447247606003657, 2207297.678795119281858 ], [ 942466.653305416810326, 2207335.723654459696263 ], [ 942356.047797774430364, 2207644.075863311532885 ], [ 942284.645259951474145, 2208104.75425640353933 ], [ 942248.894637779798359, 2208300.13670095289126 ], [ 942265.99797021842096, 2208474.844258478377014 ], [ 942166.99035555741284, 2208707.248699225950986 ], [ 941957.323474210337736, 2209205.444072958547622 ], [ 941813.117631278699264, 2209491.575669765938073 ], [ 941703.674929117085412, 2209817.794017496518791 ], [ 941752.588235468138009, 2210303.935069731902331 ], [ 941401.163767656194977, 2210514.430515782907605 ], [ 941228.740380741306581, 2210684.047134848311543 ], [ 941083.813897901680321, 2210748.600428207777441 ], [ 941143.260549017926678, 2210378.811604936141521 ], [ 941142.566900425124913, 2210121.169835558161139 ], [ 941031.034139680908993, 2209997.133952338714153 ], [ 940819.754527988261543, 2210135.796070617157966 ], [ 940760.638824682799168, 2210269.046454913914204 ], [ 940648.973594570416026, 2210373.978832331486046 ], [ 940476.107257490511984, 2210695.458534870762378 ], [ 940297.280749342753552, 2210683.396171440370381 ], [ 940559.56509150727652, 2210796.055286297574639 ], [ 940735.349314657738432, 2210929.278713349718601 ], [ 940826.155187773285434, 2211022.484534590039402 ], [ 941088.432291618199088, 2211135.153064277488738 ], [ 940889.965135307633318, 2211622.478201956488192 ], [ 940854.59563290188089, 2211886.99640460498631 ], [ 940750.670630280859768, 2212316.28441448090598 ], [ 940749.459495183546096, 2212649.649596824776381 ], [ 940623.982361746486276, 2212766.245352078229189 ], [ 940652.12606226792559, 2213101.834308256860822 ], [ 940514.48704556922894, 2213264.031480833422393 ], [ 940163.304395448882133, 2213453.260892865713686 ], [ 939962.895860228687525, 2213544.843499826733023 ], [ 939806.039610946900211, 2213863.308473111595958 ], [ 939733.289231963921338, 2214011.016691341530532 ], [ 939529.41203086799942, 2214424.968584971968085 ], [ 939529.297049943823367, 2214845.745954370591789 ], [ 939288.245032083010301, 2215128.236269549932331 ], [ 939181.773486234247684, 2215760.485720759723336 ], [ 939222.172408032813109, 2216827.024141955655068 ], [ 939098.751728154486045, 2217285.655246226582676 ], [ 938958.903342203004286, 2217507.090958083979785 ], [ 938807.964263619622216, 2217278.361964106094092 ], [ 938610.52976520289667, 2217282.167331594508141 ], [ 938318.525602682959288, 2217287.799341599922627 ], [ 937902.414210925577208, 2216793.960125225130469 ], [ 937683.699706929503009, 2217037.108374999836087 ], [ 937755.434142732061446, 2217233.250054628588259 ], [ 937595.056673128623515, 2217449.255223800893873 ], [ 937667.129285923670977, 2217699.675864995922893 ], [ 937879.027796139474958, 2217728.655424749478698 ], [ 938085.074399770470336, 2217544.38856260292232 ], [ 938503.495290589286014, 2217514.716743115335703 ], [ 938797.510042411275208, 2217733.296249488834292 ], [ 938828.06274042034056, 2217964.87649357272312 ], [ 938881.383036366547458, 2218369.057045741006732 ], [ 938570.193139131646603, 2218836.486478238366544 ], [ 938509.729668851476163, 2219257.4024304933846 ], [ 938411.302390801720321, 2219202.13190540112555 ], [ 938210.478705984656699, 2219249.899754108395427 ], [ 937946.54825711925514, 2219824.136159829795361 ], [ 937787.732179886079393, 2219877.925536498427391 ], [ 937746.541605408769101, 2219891.87670422391966 ], [ 937716.176384371239692, 2220210.769502941984683 ], [ 937700.347847131080925, 2220487.82816204149276 ], [ 937676.326398939010687, 2220908.273283428978175 ], [ 938040.273168534738943, 2221239.923613690305501 ], [ 938150.931518816854805, 2221624.587546405382454 ], [ 938300.536433640634641, 2221628.341573857702315 ], [ 938593.132925389800221, 2221899.713922088965774 ], [ 938936.914134096470661, 2222119.577112602535635 ], [ 939222.86744161369279, 2222654.811903730500489 ], [ 939377.60380165791139, 2222885.23683659452945 ], [ 939651.367150197038427, 2222899.514059047214687 ], [ 939766.07836787076667, 2222819.766116025391966 ], [ 939473.212127491831779, 2222421.454971953760833 ], [ 939462.464771667029709, 2221959.451828886754811 ], [ 939386.778106627985835, 2221642.804471811279655 ], [ 939400.844693006132729, 2221517.082087917253375 ], [ 939322.882719548884779, 2221361.095366307534277 ], [ 939248.763237432809547, 2221004.073988962452859 ], [ 939134.99270892504137, 2220972.117629870772362 ], [ 939098.766106322058477, 2220772.383922443725169 ], [ 939273.108298620558344, 2220888.320547168143094 ], [ 939418.10365217202343, 2221013.182043219450861 ], [ 939462.809043150860816, 2221313.756906719878316 ], [ 939510.031383974361233, 2221548.925696599762887 ], [ 939556.751356445718557, 2221695.582731011789292 ], [ 939659.657993877772242, 2221825.869474340695888 ], [ 939761.446388937882148, 2221938.356251859571785 ], [ 939968.333738795830868, 2222093.899421472568065 ], [ 940084.477173285908066, 2222213.212311936542392 ], [ 940224.195662791258655, 2222521.625667998101562 ], [ 940415.687513437122107, 2222843.27842522598803 ], [ 940467.380544685642235, 2223315.962376545183361 ], [ 940842.706266599940136, 2223653.255078073590994 ], [ 940851.766239457414486, 2223986.470588709227741 ], [ 940719.674756103428081, 2224371.616878634784371 ], [ 941026.159214152721688, 2224693.852563981898129 ], [ 941104.614090287708677, 2225047.324371731840074 ], [ 941199.595751778921112, 2225438.214459714479744 ], [ 941120.489651168696582, 2225787.917177302762866 ], [ 941330.043533365591429, 2227016.28026059595868 ], [ 941142.152186807943508, 2227965.396727045532316 ], [ 941094.367077865172178, 2228773.535891669336706 ], [ 941180.811609658412635, 2229671.794950338080525 ], [ 940947.14283543813508, 2230272.88299378240481 ], [ 940906.673285759519786, 2230792.153602415695786 ], [ 941108.822702266857959, 2231433.201240050140768 ], [ 940789.654069194686599, 2232176.643883779644966 ], [ 940683.623207189375535, 2233127.831537046004087 ], [ 940654.295713491272181, 2234283.303393401671201 ], [ 940353.650276157422923, 2235374.076087036635727 ], [ 940134.69968894822523, 2236180.216803392861038 ], [ 939992.611941528855823, 2236694.557066729292274 ], [ 940625.712595055345446, 2236885.87597314408049 ], [ 940313.635923717636615, 2237419.922860678751022 ], [ 940116.803858061088249, 2238453.709879365749657 ], [ 939618.272522789658979, 2239615.32560014910996 ], [ 939564.378460351610556, 2241736.688721537124366 ], [ 939175.208736834931187, 2241952.623446621466428 ], [ 938977.083563352935016, 2241360.457613425794989 ], [ 938347.159897901350632, 2240983.171840813942254 ], [ 938279.392117915442213, 2241975.059356847312301 ], [ 938429.201652809395455, 2242791.808645860757679 ], [ 938949.638931305380538, 2243584.752274959348142 ], [ 939368.727155358996242, 2242725.33570248959586 ], [ 939593.336637826636434, 2243950.492630588822067 ], [ 939630.268064323579893, 2245848.353722835890949 ], [ 939524.386066352482885, 2246658.623816422186792 ], [ 939540.523549956968054, 2247697.827173280995339 ], [ 939074.387751110596582, 2249266.716783524490893 ], [ 938474.418551574577577, 2250270.349094721022993 ], [ 938047.988695120904595, 2250953.220920893363655 ], [ 938390.492118818452582, 2251424.422931810375303 ], [ 938109.928646835265681, 2252804.729636776261032 ], [ 938101.114418949116953, 2254220.86289374390617 ], [ 937801.402327836258337, 2254213.227043524384499 ], [ 937677.671546995290555, 2253718.689073961228132 ], [ 937426.567088198731653, 2253943.53918385040015 ], [ 937643.837647524429485, 2255047.463895499706268 ], [ 937524.55863899749238, 2255449.098020157311112 ], [ 937701.284632605616935, 2256002.798518801108003 ], [ 937984.756082228734158, 2256645.942311815451831 ], [ 937740.294780421070755, 2257680.297827111091465 ], [ 937456.102349290624261, 2258135.534336672630161 ], [ 938303.433040404575877, 2259111.041848610155284 ], [ 938673.121564583154395, 2259672.304040469694883 ], [ 938975.40040549042169, 2260544.614130620844662 ], [ 939371.361148551572114, 2261046.162923393305391 ], [ 939298.369009250309318, 2261766.941016024909914 ], [ 938727.026231649215333, 2262792.906066691502929 ], [ 938350.80068097403273, 2263650.440056605730206 ], [ 938335.999235162627883, 2264228.17577756755054 ], [ 937721.400809487095103, 2264819.455695038195699 ], [ 937489.522259278455749, 2265362.72675671055913 ], [ 937349.563702240586281, 2266573.176128978375345 ], [ 937246.607165980152786, 2266952.178214248735458 ], [ 937168.498363384860568, 2267218.337330149952322 ], [ 937262.632758114254102, 2267627.736150720622391 ], [ 937493.780932584544644, 2268133.144359419588 ], [ 937853.512062152614817, 2268382.860941706690937 ], [ 938163.811198819428682, 2268520.319902360439301 ], [ 938592.107766033150256, 2268657.817471287678927 ], [ 938946.803912721225061, 2268030.52972896816209 ], [ 939293.295466998941265, 2268328.502564446534961 ], [ 940196.231939868885092, 2268452.953522610012442 ], [ 940553.827125360490754, 2268043.008100718725473 ], [ 941993.380602526129223, 2268465.371026763692498 ], [ 942167.156732386210933, 2268865.204223759938031 ], [ 941918.688167447922751, 2270043.966493442188948 ], [ 941498.388343543512747, 2270495.598232899792492 ], [ 941600.079545163782313, 2271827.961724354419857 ], [ 941946.687657322385348, 2273166.684031390119344 ], [ 942294.907929622102529, 2275488.327236154582351 ], [ 942411.600361440330744, 2277283.637552259955555 ], [ 942128.219755633268505, 2277709.88001832133159 ], [ 942219.771593317622319, 2278377.138389743864536 ], [ 941934.299574657576159, 2279930.723124899435788 ], [ 941435.567265290301293, 2280264.639359968248755 ], [ 941338.175773981958628, 2280869.16408819751814 ], [ 940648.492264765081927, 2282267.698983011767268 ], [ 940321.507403353229165, 2283328.772705296985805 ], [ 939184.06251157890074, 2285207.117247846443206 ], [ 938753.143711407901719, 2285483.876298898365349 ], [ 939227.218316869693808, 2285641.839865562040359 ], [ 938680.537476082216017, 2286783.93765643145889 ], [ 938717.699901510146447, 2287449.757225277833641 ], [ 938800.243704915395938, 2288463.637697185389698 ], [ 938589.665822391398251, 2289238.658570435363799 ], [ 937775.69481979124248, 2290200.381484613753855 ], [ 937007.682554980972782, 2290440.656246353406459 ], [ 936731.613329399842769, 2291647.579106067307293 ], [ 936386.709430167800747, 2292361.314945525955409 ], [ 936368.034898662008345, 2293083.486451921984553 ], [ 935605.39765862270724, 2293121.591681202873588 ], [ 935489.125997254042886, 2293683.587570868432522 ], [ 935663.07735322159715, 2293894.615562913473696 ], [ 935821.524264075793326, 2294230.226646071765572 ], [ 935778.643637992208824, 2294596.155760619323701 ], [ 935512.793630485772155, 2294968.162638428155333 ], [ 935436.620355249615386, 2295502.328738135285676 ], [ 935607.612042763736099, 2295609.967160067521036 ], [ 935560.450378741486929, 2296141.54369859257713 ], [ 935767.79427065141499, 2296738.902422941289842 ], [ 935921.911390942055732, 2297240.169412159360945 ], [ 935858.655667508486658, 2297767.655578123871237 ], [ 935791.126495360629633, 2297891.098043479025364 ], [ 935873.630691825412214, 2297894.134367241058499 ], [ 935817.538048149552196, 2297946.028166632167995 ], [ 935809.50722644594498, 2298256.198074884247035 ], [ 935769.519618746591732, 2298390.953058129642159 ], [ 935786.668334812275134, 2298609.631462530232966 ], [ 935716.147528683533892, 2298690.249506220221519 ], [ 935652.194067252683453, 2298693.443341214675456 ], [ 935634.752473901491612, 2298838.48123317444697 ], [ 935544.491488106548786, 2298976.784240958746523 ], [ 935484.847463773097843, 2298989.789247643202543 ], [ 935446.368190477369353, 2299066.38756355503574 ], [ 935338.249931888189167, 2299189.680086300242692 ], [ 935351.59461027465295, 2299379.161131880246103 ], [ 935299.439666518359445, 2299455.405468093696982 ], [ 935173.083722768351436, 2299583.365226584486663 ], [ 935207.679134605452418, 2299651.865907608997077 ], [ 935133.608978370670229, 2299693.596111008431762 ], [ 935158.830424985266291, 2299776.692319251596928 ], [ 935198.9985059609171, 2299852.50354588823393 ], [ 935153.438301410991699, 2299985.086706928443164 ], [ 935204.086217215284705, 2300078.376287206541747 ], [ 935197.255651768064126, 2300139.058419530279934 ], [ 935274.178461723262444, 2300344.194954914506525 ], [ 935162.68418722297065, 2300484.642447618301958 ], [ 935051.47888604644686, 2300074.7679646871984 ], [ 934668.895141873275861, 2300064.874583789147437 ], [ 934645.29271271568723, 2300304.761278520338237 ], [ 934836.628142918460071, 2300611.749917494598776 ], [ 935374.569798384327441, 2300742.466811243444681 ], [ 935484.117508835741319, 2301242.583111518528312 ], [ 935452.968627166235819, 2301585.135357829276472 ], [ 935391.80630165617913, 2301796.670048679690808 ], [ 935262.34143332624808, 2302065.634884204249829 ], [ 935093.672095223562792, 2302558.54326151125133 ], [ 935038.432651285547763, 2302971.510227497667074 ], [ 935128.464828669675626, 2303364.561413552612066 ], [ 935078.12885775975883, 2303588.216167276725173 ], [ 934991.345711477682926, 2303929.325825616717339 ], [ 934779.316850244998932, 2303947.512320687063038 ], [ 934654.982100487221032, 2303589.095366491004825 ], [ 934406.706801985157654, 2303286.672840605955571 ], [ 934172.111302541568875, 2303316.124481968116015 ], [ 934385.476892238715664, 2303676.838703298475593 ], [ 934447.569374176790006, 2303953.355782743077725 ], [ 934599.970568827120587, 2304111.997243531048298 ], [ 934942.813388163223863, 2304271.426622511353344 ], [ 934508.320174400461838, 2304926.165799575857818 ], [ 934418.19189321110025, 2305719.324388794135302 ], [ 934267.800614197039977, 2304808.939786048140377 ], [ 934071.243986936053261, 2305135.692684578709304 ], [ 934218.220356808742508, 2307856.656024670228362 ], [ 934179.082351610530168, 2308318.137812411878258 ], [ 934063.910412648925558, 2309615.922851600218564 ], [ 934307.7381414512638, 2310691.773696699179709 ], [ 933961.648805715842173, 2311463.257060693111271 ], [ 934352.444046461721882, 2312109.337726555299014 ], [ 933958.06382567784749, 2312648.313408735208213 ], [ 934024.650731269619428, 2314268.787174187600613 ], [ 933844.818982578231953, 2315083.893673796672374 ], [ 933800.463042204035446, 2315452.739976816345006 ], [ 933633.531425062334165, 2315855.401145529467613 ], [ 933231.541521774372086, 2315937.461308588739485 ], [ 932765.451759950257838, 2316480.361383496318012 ], [ 932758.396887946641073, 2316871.040372538845986 ], [ 933079.216867175884545, 2317117.495717603247613 ], [ 933159.356117959367111, 2317378.574376434553415 ], [ 933045.044075963902287, 2317764.102394235786051 ], [ 933150.794871616875753, 2318377.34436712320894 ], [ 932823.239047230919823, 2318942.330841288901865 ], [ 932792.42508675949648, 2319459.525311054196209 ], [ 932682.446227323496714, 2319678.666614221874624 ], [ 932514.776212284341455, 2319387.81681714579463 ], [ 932254.447727944469079, 2319427.06088829645887 ], [ 932243.416224165586755, 2319869.299711191095412 ], [ 932570.069462981424294, 2319990.244768333155662 ], [ 932368.932746957754716, 2320373.517574688885361 ], [ 932185.07377919042483, 2320091.250089047010988 ], [ 931607.591994416550733, 2320242.77327919844538 ], [ 931929.183705220115371, 2320534.451378651894629 ], [ 932344.845081773586571, 2320631.888604179024696 ], [ 932122.991797805647366, 2321144.122062250506133 ], [ 932028.477075842907652, 2321437.664286190643907 ], [ 931589.499404383823276, 2321611.273568298202008 ], [ 931404.806675497675315, 2322031.975747702643275 ], [ 931120.234998144209385, 2322283.594576539471745 ], [ 930999.274819059297442, 2322927.943305117078125 ], [ 930846.462106032646261, 2323460.469497706275433 ], [ 930990.769137545838021, 2323926.696542920544744 ], [ 930629.1113226483576, 2324472.309471123386174 ], [ 930319.564858529483899, 2325019.275198733434081 ], [ 929860.467088218545541, 2325303.382603228557855 ], [ 929834.495354047161527, 2325635.698125705122948 ], [ 930030.882564323488623, 2326103.264179840218276 ], [ 929397.243332190206274, 2326419.857708370313048 ], [ 929519.399963312316686, 2327070.490770564880222 ], [ 928858.415594636229798, 2327774.870097128208727 ], [ 928408.411677645752206, 2328302.680492619983852 ], [ 928152.530523266410455, 2328774.859662477858365 ], [ 927697.279932393226773, 2328770.693488704040647 ], [ 927480.922996413195506, 2328918.080147743690759 ], [ 927292.501598365022801, 2329327.599148585926741 ], [ 927136.805045288405381, 2329761.640128776431084 ], [ 927304.486286400118843, 2330156.656194733921438 ], [ 927420.581417588982731, 2330396.434615932404995 ], [ 927492.238772444310598, 2330635.068502332083881 ], [ 927169.309179689502344, 2331088.473705145530403 ], [ 926694.543551134876907, 2331395.900209032464772 ], [ 926216.907262496650219, 2331383.606393345631659 ], [ 925945.45376592176035, 2331566.051196296699345 ], [ 925740.043426932068542, 2331773.874541455414146 ], [ 925706.881680465536192, 2332199.228774031158537 ], [ 925651.201198459137231, 2332635.843215169850737 ], [ 925632.49082033475861, 2332931.339033499360085 ], [ 925599.935852775466628, 2333333.030528998933733 ], [ 925344.649512905394658, 2333752.674403530545533 ], [ 925300.384677844704129, 2334177.742374520748854 ], [ 925541.365691462415271, 2334314.167959022335708 ], [ 925522.867218963918276, 2334856.376927106641233 ], [ 925409.894706340273842, 2335178.373219846282154 ], [ 925428.783317654742859, 2335352.675637303385884 ], [ 925470.612577344640158, 2335768.555803744588047 ], [ 925635.356702773366123, 2335843.8305709133856 ], [ 925992.972427099943161, 2336196.376705561298877 ], [ 926348.012921903282404, 2336217.368843639735132 ], [ 926498.476839989656582, 2335984.465078291948885 ], [ 926888.365293578361161, 2335947.17041145125404 ], [ 927161.91115847392939, 2335681.930931887123734 ], [ 927260.227631645742804, 2335317.451234831940383 ], [ 927598.423653880134225, 2335299.642533569596708 ], [ 928030.555888929637149, 2335609.678076285868883 ], [ 928359.608945445390418, 2335642.617808361537755 ], [ 928403.042593206046149, 2335976.729449316393584 ], [ 928836.831105268327519, 2335987.97536884713918 ], [ 929001.711568960687146, 2336325.241765001788735 ], [ 928750.715853791916743, 2336504.879463162273169 ], [ 928849.416015267837793, 2336883.208321894984692 ], [ 929424.502046159934253, 2337427.690030958037823 ], [ 928938.218468786682934, 2337433.557524616830051 ], [ 928853.283754661446437, 2337779.372474894393235 ], [ 928673.387000296730548, 2338439.524103789124638 ], [ 928738.209063208429143, 2339077.123490821570158 ], [ 928238.299219833221287, 2339526.630991098470986 ], [ 927915.851540941977873, 2339964.546131697017699 ], [ 928326.841797722736374, 2340365.732701119966805 ], [ 928693.934522849391215, 2340781.388459401205182 ], [ 928647.265124272089452, 2341291.084294567350298 ], [ 929044.832429850357585, 2341888.92067811684683 ], [ 928615.943038029712625, 2342046.492180583067238 ], [ 928016.824601732427254, 2342900.67944875266403 ], [ 928224.505431623663753, 2343467.914373192004859 ], [ 928473.559131046524271, 2344041.967889275867492 ], [ 929064.099202544544823, 2344438.672047165222466 ], [ 929492.144313344731927, 2344520.468757613096386 ], [ 929590.601076535647735, 2344880.427815247792751 ], [ 929155.537431864417158, 2344926.893361083697528 ], [ 927389.732994081801735, 2345054.391184574924409 ], [ 926214.727565207984298, 2345341.812314935028553 ], [ 926198.410042257746682, 2346035.170695296023041 ], [ 925669.897201921208762, 2346955.506729833316058 ], [ 925836.143159451428801, 2347747.554884823039174 ], [ 925577.40183029952459, 2348575.415329296607524 ], [ 926081.716510224621743, 2349198.95043775299564 ], [ 926748.028870648471639, 2350010.83796131471172 ], [ 926740.622667247545905, 2350547.994661840610206 ], [ 927477.40276312828064, 2350900.148158626630902 ], [ 928241.59207579062786, 2351530.549949117004871 ], [ 929019.192182794213295, 2352309.348293868359178 ], [ 929625.41351116495207, 2352343.710696878843009 ], [ 930607.174631611676887, 2352609.949715200345963 ], [ 931174.021789391175844, 2352162.330823613330722 ], [ 932186.269999074051157, 2351929.953763180412352 ], [ 932533.181522907107137, 2351273.072772626299411 ], [ 933076.672999238246121, 2350399.369332588277757 ], [ 933382.625277988030575, 2349981.923446480184793 ], [ 933527.892890500370413, 2349079.220123155042529 ], [ 933224.082871828461066, 2348756.696628497447819 ], [ 933167.881654329365119, 2348255.697890632320195 ], [ 932576.73331048944965, 2346982.098872045055032 ], [ 932124.810473985387944, 2346273.766968056093901 ], [ 932485.963200555415824, 2345814.184779218398035 ], [ 932580.593120062490925, 2344854.649487577844411 ], [ 932599.533360847039148, 2344133.631158633157611 ], [ 933610.825691184494644, 2343956.716874057427049 ], [ 934389.56639726983849, 2343385.209391183685511 ], [ 934442.368736345437355, 2344015.628958041314036 ], [ 934197.884881150675938, 2344730.712599446065724 ], [ 934419.714182358467951, 2345532.099565696436912 ], [ 934879.86128788581118, 2345880.44491411652416 ], [ 935424.119592680828646, 2345614.142058400902897 ], [ 935746.777779875090346, 2345881.697131826542318 ], [ 936327.411611587740481, 2345582.558888853527606 ], [ 936325.749399888794869, 2344990.47394729917869 ], [ 936459.405045088380575, 2344531.484112037811428 ], [ 936642.648275961400941, 2344166.315192522481084 ], [ 936422.559630363946781, 2343956.968194257933646 ], [ 936037.063987005734816, 2344094.768790491390973 ], [ 935741.720952302683145, 2344105.454126839991659 ], [ 935858.5052828961052, 2343627.514489809051156 ], [ 936107.694958759937435, 2343393.593515513464808 ], [ 935714.135513843270019, 2343179.669546846766025 ], [ 935848.170358865754679, 2342931.058060553390533 ], [ 936309.405554094933905, 2342961.268839110154659 ], [ 936440.500059448531829, 2342843.490323252044618 ], [ 936470.787905089673586, 2342627.494589688256383 ], [ 936661.6699679272715, 2342546.223624696489424 ], [ 937302.397622582037002, 2342782.977079088799655 ], [ 937304.679971856530756, 2342964.91414771322161 ], [ 936842.074412402696908, 2343191.03138878615573 ], [ 936871.663234096486121, 2343691.968943648971617 ], [ 937518.220470477594063, 2343875.024109582416713 ], [ 938179.786837126361206, 2343800.099978663492948 ], [ 938087.514893315266818, 2343353.606551957782358 ], [ 938420.52400467870757, 2343232.951841832138598 ], [ 938581.284974149428308, 2342726.67942733084783 ], [ 939065.766129802330397, 2343120.618884801398963 ], [ 940104.553912065224722, 2343222.337144664488733 ], [ 940384.011816853890195, 2342508.219525549095124 ], [ 940367.096265967818908, 2341841.691135181114078 ], [ 940673.368627305142581, 2341424.323155131191015 ], [ 940486.984288820298389, 2341252.824878279585391 ], [ 939985.367170851211995, 2341183.930196293164045 ], [ 940016.523839566041715, 2340666.705004142597318 ], [ 939970.297193237347528, 2339795.878998042084277 ], [ 940627.041426465264522, 2339258.335277493111789 ], [ 940728.104814330115914, 2338724.471270296256989 ], [ 941099.590580151416361, 2338003.50042623328045 ], [ 941497.857671871315688, 2337209.3443718040362 ], [ 942539.486133496742696, 2335956.435753782279789 ], [ 942900.430697003263049, 2336062.71186942094937 ], [ 943896.583347243256867, 2335182.789953556843102 ], [ 944534.320019056554884, 2334071.239922389388084 ], [ 945209.286799451685511, 2333515.789652846287936 ], [ 944216.455865975935012, 2333618.637831485364586 ], [ 945014.418510446907021, 2333010.969718866981566 ], [ 944744.506505739642307, 2332995.622842776123434 ], [ 944251.671612178324722, 2333155.856504635419697 ], [ 942659.353027034318075, 2333835.959646251983941 ], [ 940850.417994311777875, 2335522.246290592476726 ], [ 940052.522683880291879, 2335934.634387761354446 ], [ 939293.776260150130838, 2337938.086985359434038 ], [ 938388.627134977956302, 2339330.568425435107201 ], [ 937996.551751667284407, 2338770.898000709712505 ], [ 937503.216282959328964, 2338960.178630051203072 ], [ 936292.083296739147045, 2339621.923001876566559 ], [ 937668.619191934820265, 2337837.132678986061364 ], [ 937752.199022271903232, 2337017.191119002643973 ], [ 937661.793913953355514, 2336496.758488561492413 ], [ 938205.609275107970461, 2336289.148018138948828 ], [ 938360.608742776094005, 2335682.707597485277802 ], [ 938701.608730477979407, 2335266.214450490195304 ], [ 938893.790069654816762, 2334568.252136718481779 ], [ 939193.731940890895203, 2334391.19484096346423 ], [ 939314.059172280831262, 2333783.833798160310835 ], [ 939803.064418814494275, 2333331.721433075610548 ], [ 940064.47028155089356, 2332342.124581371899694 ], [ 940448.641186266439036, 2331612.261044858954847 ], [ 940793.994895781972446, 2331233.263827791437507 ], [ 940924.06257986347191, 2330718.309720711316913 ], [ 941402.120218391763046, 2330379.494247932452708 ], [ 941415.902537325862795, 2329861.803635138552636 ], [ 941826.395505594322458, 2328799.61234415974468 ], [ 942064.903146643424407, 2328324.909552176017314 ], [ 942538.008811527630314, 2327523.420267563778907 ], [ 942849.653637708397582, 2328216.317268552724272 ], [ 942660.739468062063679, 2328784.848435465246439 ], [ 942576.493904909468256, 2329337.669738864991814 ], [ 942509.610138383344747, 2329890.954145124182105 ], [ 942852.8707933309488, 2330048.137032244354486 ], [ 943351.380344045348465, 2330246.484134428668767 ], [ 943377.20010908995755, 2330580.219859877135605 ], [ 944308.183883300866, 2330198.086826432496309 ], [ 946015.499337897868827, 2330021.890046662651002 ], [ 946683.616305713541806, 2330372.93380929203704 ], [ 946967.283940159482881, 2330806.156285361852497 ], [ 946991.532779382541776, 2331195.381056677550077 ], [ 946575.391529365675524, 2331165.65885876910761 ], [ 946411.182470973581076, 2331457.286748157348484 ], [ 946042.649081676965579, 2331595.387882457580417 ], [ 945576.626564173493534, 2332141.627233364153653 ], [ 945724.277500391704962, 2332958.724853134248406 ], [ 947165.401027611107565, 2331416.47489034710452 ], [ 947959.902131879935041, 2333139.28208331624046 ], [ 948560.100325910374522, 2334465.629545485600829 ], [ 949387.382299231830984, 2335497.229110139422119 ], [ 945801.087087146006525, 2337975.090633080340922 ], [ 944736.095469597028568, 2340721.731731923297048 ], [ 943813.064933488029055, 2343026.115592249669135 ], [ 942117.099259634502232, 2344533.328876363579184 ], [ 940937.488246599910781, 2346548.547708640806377 ], [ 939790.194413957186043, 2347364.800191516987979 ], [ 939306.396856257459149, 2348128.246275548823178 ], [ 938079.990979950875044, 2349436.516103791072965 ], [ 937796.621535033453256, 2350134.748152147512883 ], [ 936778.715719850501046, 2351095.24539105547592 ], [ 935502.513619630248286, 2351802.166326199192554 ], [ 934620.838342178030871, 2352591.140243862289935 ], [ 933740.659748643869534, 2353344.174600258469582 ], [ 932596.079850313719362, 2354090.261522978078574 ], [ 931245.837604222120717, 2355113.287641636095941 ], [ 930447.517987481784075, 2356085.960921240504831 ], [ 929797.452720222063363, 2356656.050411997362971 ], [ 929227.314486882183701, 2357408.916249683592469 ], [ 928312.877520212903619, 2358378.603775832802057 ], [ 927614.773203369346447, 2359173.316245205234736 ], [ 926991.901479017105885, 2360331.329748598393053 ], [ 925641.853339782333933, 2361786.539315336383879 ], [ 925027.417654922232032, 2362628.655813220422715 ], [ 924635.053399422205985, 2363070.085386488121003 ], [ 924706.716870507108979, 2363568.752033579163253 ], [ 923887.984012865810655, 2364134.592693587299436 ], [ 923232.598486171569675, 2364930.51649799849838 ], [ 922370.536287824390456, 2365540.448624478653073 ], [ 921926.681271926267073, 2366341.882927921134979 ], [ 921448.755720227374695, 2366826.304165068548173 ], [ 921040.757466247188859, 2367104.722978503908962 ], [ 920740.121607526671141, 2367052.206168754957616 ], [ 920583.233131132787094, 2366805.695025156252086 ], [ 920581.551790541852824, 2366320.730117877013981 ], [ 920529.296958684921265, 2366145.113447978626937 ], [ 920271.02535144565627, 2366437.660532550886273 ], [ 920024.946902174968272, 2366435.184190130326897 ], [ 919838.887206291081384, 2366218.2393360408023 ], [ 919750.571842094534077, 2366064.428634994663298 ], [ 919252.080496632261202, 2366127.368548430502415 ], [ 919123.7044250437757, 2366427.137871221639216 ], [ 919035.080847703618929, 2366561.240799598395824 ], [ 918906.818924434250221, 2366580.673879815731198 ], [ 918983.006467267870903, 2366378.059982200618833 ], [ 918892.982791291084141, 2366298.220057964324951 ], [ 918682.851382832508534, 2366217.394293720833957 ], [ 918419.430494468077086, 2366212.048738485667855 ], [ 918332.766670309822075, 2366264.26743316790089 ], [ 918169.609988862765022, 2366266.251497957855463 ], [ 918034.266274070367217, 2366491.293122139759362 ], [ 917966.634813014068641, 2366708.068519249092788 ], [ 917798.730141951353289, 2366612.843346236739308 ], [ 917751.918597884010524, 2366433.927868205588311 ], [ 917847.006422284757718, 2366114.022149397060275 ], [ 917782.965331660816446, 2366045.911124971695244 ], [ 917806.1535629844293, 2365620.64914116775617 ], [ 917920.529633385478519, 2365446.809961394872516 ], [ 917862.034349280642346, 2365250.66994334384799 ], [ 917594.218370040878654, 2365175.620315503329039 ], [ 917649.383056489750743, 2364684.552849810570478 ], [ 917476.103796384530142, 2364521.008603212889284 ], [ 917323.715846119448543, 2364373.154509773477912 ], [ 917143.847592236706987, 2364467.049773144070059 ], [ 917157.097407220164314, 2364562.508116162382066 ], [ 917117.366621751571074, 2364763.531211204826832 ], [ 916957.014200803940184, 2364833.524521154351532 ], [ 916776.185902025317773, 2364965.280640311539173 ], [ 916885.690094131743535, 2365122.939255910925567 ], [ 917009.62977945082821, 2365274.310090387240052 ], [ 917091.65502189937979, 2365397.632961276452988 ], [ 917256.707062053610571, 2365463.434770262800157 ], [ 917335.086125108296983, 2365487.676584214437753 ], [ 917368.186073332442902, 2365645.339539858978242 ], [ 917417.29720496525988, 2365797.015257286373526 ], [ 917312.653159069945104, 2365845.327382850926369 ], [ 917285.910126778064296, 2365857.67427941551432 ], [ 917170.825821876176633, 2365998.632512787822634 ], [ 917149.266327364835888, 2366159.455956628080457 ], [ 917064.416364047909155, 2366176.94456131150946 ], [ 917013.739596341969445, 2366247.270526794716716 ], [ 917034.082532025408, 2366366.389870081562549 ], [ 916845.407535637612455, 2366313.915873294696212 ], [ 916816.54078926879447, 2366163.406640493776649 ], [ 916709.367928722174838, 2366190.972758816555142 ], [ 916692.926916711730883, 2366001.13883655378595 ], [ 916524.428760908544064, 2365928.643970591016114 ], [ 916372.629935085773468, 2365758.083003902807832 ], [ 916160.794892885605805, 2365714.792099483776838 ], [ 915869.765139796771109, 2365649.864228095393628 ], [ 915639.755802527070045, 2365710.513964454177767 ], [ 915490.277589280391112, 2365806.461295561864972 ], [ 915351.544693995267153, 2365907.743602784816176 ], [ 915345.814962327713147, 2366073.132459362503141 ], [ 915253.530512417433783, 2366222.008379725273699 ], [ 915401.906922796508297, 2366248.518346139695495 ], [ 915598.969527698936872, 2366314.153171288780868 ], [ 915690.934534798376262, 2366604.403711653314531 ], [ 915887.025933047523722, 2366707.900809882208705 ], [ 916105.940498974872753, 2366751.371352721471339 ], [ 916297.055915624601766, 2366596.582500792574137 ], [ 916500.840913850348443, 2366679.177528251428157 ], [ 916541.058315887232311, 2366944.324371754657477 ], [ 916821.868611912825145, 2367065.153573901858181 ], [ 916585.481763531686738, 2367150.026701971422881 ], [ 916367.042283637216315, 2367299.672454815357924 ], [ 916345.54190359544009, 2367504.153864399064332 ], [ 916275.135590435238555, 2367907.323307296261191 ], [ 916337.796124348999001, 2368056.726496641058475 ], [ 916560.53232259338256, 2368154.909064025618136 ], [ 916914.883488974184729, 2367849.518924407660961 ], [ 917168.191828950075433, 2367430.560640351846814 ], [ 917644.259600827703252, 2367109.800443842541426 ], [ 918106.591315448051319, 2367325.132919240277261 ], [ 918715.520295616704971, 2367229.784014489967376 ], [ 919345.10770963865798, 2367005.501720286440104 ], [ 919524.465014105779119, 2366769.643659216351807 ], [ 919622.950174917350523, 2366309.727405696175992 ], [ 919801.066362061188556, 2366795.264771446585655 ], [ 920229.233760271803476, 2366991.282310480251908 ], [ 920569.852815978811122, 2367222.049672566819936 ], [ 920883.763420938747004, 2367318.815430091228336 ], [ 921113.486645851982757, 2367643.056792556773871 ], [ 920742.674479288980365, 2367910.950441724620759 ], [ 920329.131692667491734, 2368492.21799831232056 ], [ 919954.206056199269369, 2369592.43697745166719 ], [ 919256.083679408533499, 2370462.346070859581232 ], [ 918523.406582121388055, 2371331.382237058132887 ], [ 918096.733950330177322, 2371947.436897251754999 ], [ 917890.926323956809938, 2372258.959672683849931 ], [ 917536.890263363718987, 2372566.674902388360351 ], [ 916991.994659562013112, 2372605.498820674140006 ], [ 916847.80815248133149, 2372443.373887705616653 ], [ 916271.069218494696543, 2371794.976134950295091 ], [ 915931.911074566771276, 2371522.301875173579901 ], [ 915838.467427738476545, 2371308.703041209839284 ], [ 915547.358830981887877, 2371090.081274557858706 ], [ 915342.960232536308467, 2371348.838212891016155 ], [ 915429.655230769887567, 2371826.267019861377776 ], [ 915767.462426599464379, 2372151.708664735779166 ], [ 916244.043105081655085, 2372850.307050643954426 ], [ 916676.57062254101038, 2373336.614063143730164 ], [ 916355.757525071036071, 2374278.803442503325641 ], [ 915774.304150291485712, 2375240.855791641864926 ], [ 915749.53195580211468, 2375281.845576209947467 ], [ 915632.978930380893871, 2375474.704239148180932 ], [ 915720.969491082243621, 2375899.363468409981579 ], [ 915457.752109405118972, 2376526.236348337959498 ], [ 914852.797977057518438, 2376985.955410021357238 ], [ 914295.926305491942912, 2377499.731089744716883 ], [ 914083.52183910110034, 2378075.098696061875671 ], [ 913911.072277575498447, 2379021.101355113554746 ], [ 913700.037973394617438, 2379543.70574917877093 ], [ 913379.452101297210902, 2380485.910847625695169 ], [ 912973.588351690210402, 2380897.963590603787452 ], [ 912677.271296856808476, 2380890.407683891709894 ], [ 912342.321481686783955, 2380459.467520584352314 ], [ 911907.238031715387478, 2380078.801696487702429 ], [ 911564.204813929274678, 2379964.487450791057199 ], [ 910866.080763963982463, 2380210.757949794176966 ], [ 910368.206537891179323, 2380356.522190787363797 ], [ 909775.569021813455038, 2380341.51458732271567 ], [ 909085.486597572686151, 2380271.271524533629417 ], [ 909226.997387185925618, 2380538.837345147971064 ], [ 909711.497662560315803, 2380920.672920730896294 ], [ 910149.269081813166849, 2381195.723650876898319 ], [ 910286.726442103856243, 2381621.616974511183798 ], [ 910530.952414310071617, 2381733.402719866018742 ], [ 910877.967570567969233, 2381689.413073732051998 ], [ 911373.141798874596134, 2381649.195804098155349 ], [ 911770.888470924808644, 2381553.703158264514059 ], [ 912267.405161449685693, 2381460.748741906136274 ], [ 912609.057245812378824, 2381627.847227857448161 ], [ 912595.603302159579471, 2382155.506859024520963 ], [ 912341.96638405113481, 2382413.041760661173612 ], [ 912184.418208818882704, 2382778.608024312183261 ], [ 912172.315754300216213, 2383253.503150222823024 ], [ 911914.667759905802086, 2383669.329880546312779 ], [ 911312.75869066035375, 2384023.598665760830045 ], [ 910445.229479038855061, 2385110.314553005155176 ], [ 910478.511421346804127, 2385744.745010850485414 ], [ 909711.194511686684564, 2386781.212753625120968 ], [ 909342.883983063045889, 2387669.428090867586434 ], [ 909128.046034206170589, 2388350.353434107266366 ], [ 909325.483606586116366, 2388355.361395361367613 ], [ 909677.71155092632398, 2388100.320852695032954 ], [ 909764.384391292696819, 2388577.701435642316937 ], [ 909745.618212518864311, 2389316.39989452669397 ], [ 909201.331031317124143, 2389355.375718101859093 ], [ 908857.14913214778062, 2389293.85008849343285 ], [ 908404.924961026292294, 2389599.177831205073744 ], [ 908187.464752546045929, 2390385.62949516903609 ], [ 908172.765103755053133, 2390966.02052149688825 ], [ 907769.921192115289159, 2391272.606483285780996 ], [ 907119.017175130313262, 2391625.723660587798804 ], [ 906666.877728817984462, 2391931.084531870204955 ], [ 906762.907140091294423, 2392039.098641843069345 ], [ 907105.681354851927608, 2392153.348855627700686 ], [ 907647.186584027367644, 2392219.841243740171194 ], [ 907839.241523568052799, 2392435.898845180869102 ], [ 907616.461176322307438, 2393433.40898137493059 ], [ 907665.804197393590584, 2393434.658637462183833 ], [ 907792.453252983046696, 2394282.620945232454687 ], [ 907536.382009273045696, 2394645.713687709998339 ], [ 907092.316649202839471, 2394634.470097695942968 ], [ 906600.234660078538582, 2394569.230367192532867 ], [ 906308.185788643313572, 2394403.454136704094708 ], [ 905872.104983760043979, 2394075.667658112477511 ], [ 905432.019228753866628, 2393906.191194097977132 ], [ 904753.170814729994163, 2393413.946693740319461 ], [ 904111.705128435743973, 2393397.828745191916823 ], [ 904102.431337270885706, 2393767.175536404363811 ], [ 904677.29091315693222, 2394467.95038982713595 ], [ 904474.618419939302839, 2394674.02730316715315 ], [ 903969.304127966752276, 2395136.467898724135011 ], [ 903170.645464889705181, 2395486.003581371158361 ], [ 902613.407518127118237, 2396052.785831252578646 ], [ 902954.780923343962058, 2396219.716826393269002 ], [ 903398.784069862449542, 2396230.853051173035055 ], [ 903697.44133815576788, 2396132.764570756349713 ], [ 904000.08093898545485, 2395876.387438166886568 ], [ 904302.730348177952692, 2395620.014512161258608 ], [ 904748.084111193427816, 2395578.425125434529036 ], [ 905037.461631563259289, 2395849.694896085187793 ], [ 905384.145576768089086, 2395805.638409951236099 ], [ 905981.51745996484533, 2395609.519798486027867 ], [ 906474.886621656245552, 2395621.984107738360763 ], [ 907109.598665810539387, 2395902.031027410179377 ], [ 907238.889955777209252, 2396644.46643929509446 ], [ 906933.52722269971855, 2397006.311450928449631 ], [ 906625.507189909927547, 2397473.668605479877442 ], [ 906460.159980599069968, 2398155.859452563337982 ], [ 906208.169668222079054, 2398360.66317137889564 ], [ 905893.533542298479006, 2399091.859762570355088 ], [ 905912.177546165534295, 2400306.664082975592464 ], [ 905506.91501897899434, 2400718.786430306732655 ], [ 905297.624789303634316, 2401188.674578297883272 ], [ 905582.871196310268715, 2401618.242192126810551 ], [ 905516.205054344725795, 2402302.913595664314926 ], [ 905113.661083116661757, 2402609.515689071733505 ], [ 904900.409891071263701, 2403237.672416763845831 ], [ 905036.339172463165596, 2403716.285302906297147 ], [ 904884.408375895116478, 2403870.827710837125778 ], [ 904776.455586714087985, 2404237.673416229430586 ], [ 904865.734982950263657, 2404609.504560755100101 ], [ 904567.212795559782535, 2404707.548173440620303 ], [ 904174.077686327276751, 2404644.826181626413018 ], [ 903537.053510083118454, 2404470.379310937598348 ], [ 903195.877049478585832, 2404303.391755111981183 ], [ 902858.675472824601457, 2403978.133350175339729 ], [ 902660.116070376243442, 2404025.947502680122852 ], [ 902021.736853818059899, 2403904.312859595287591 ], [ 901729.845409553265199, 2403738.612353271339089 ], [ 901436.626527662621811, 2403625.677246447652578 ], [ 901091.453767299419269, 2403617.031516573857516 ], [ 900887.61839304654859, 2403875.889018746092916 ], [ 900737.05553907668218, 2403977.719130091369152 ], [ 900341.254452358232811, 2404020.59929209202528 ], [ 899888.258678978774697, 2404378.850389830768108 ], [ 899776.475107908830978, 2404903.986459732986987 ], [ 900115.022415327723138, 2405176.415020780172199 ], [ 900504.181528487475589, 2405397.3135100081563 ], [ 900950.562572717666626, 2405302.904316229745746 ], [ 901399.597090547787957, 2405102.974541716277599 ], [ 901696.758457164745778, 2405057.635527432896197 ], [ 902089.881574839353561, 2405120.296948179136962 ], [ 902524.360101968748495, 2405500.780302101746202 ], [ 902869.497112075798213, 2405509.463411814067513 ], [ 903167.97628284431994, 2405411.391855905298144 ], [ 903505.13662331236992, 2405736.663039807695895 ], [ 903895.580654239747673, 2405904.893145859707147 ], [ 904192.743243374163285, 2405859.601551498286426 ], [ 904431.271064250497147, 2406182.406768564600497 ], [ 904110.121573287877254, 2407177.422286117449403 ], [ 904299.327929075807333, 2407498.969325203448534 ], [ 904195.384184208000079, 2407707.532492185011506 ], [ 903896.934915425954387, 2407805.579357782844454 ], [ 903685.079361204523593, 2408380.990244317799807 ], [ 903723.712929987697862, 2408804.331658264156431 ], [ 903566.491930234478787, 2409169.932239931076765 ], [ 903168.158599576214328, 2409318.258416736964136 ], [ 902925.677531624212861, 2409153.761392096988857 ], [ 902729.825259817996994, 2409096.030809488147497 ], [ 902484.692482687300071, 2409037.06162513513118 ], [ 902290.166559989098459, 2408926.563351983670145 ], [ 901803.859786224667914, 2408650.365054045338184 ], [ 901805.186438375152647, 2408597.591714039910585 ], [ 901269.555857990635559, 2408320.173365377821028 ], [ 901126.969369229162112, 2408105.411422406323254 ], [ 900985.688535404624417, 2407837.905844769440591 ], [ 900945.653527076123282, 2407467.342372741550207 ], [ 900753.756158213596791, 2407251.350057687610388 ], [ 900512.542828442179598, 2407034.126099746208638 ], [ 900219.384462468791753, 2406921.204658805858344 ], [ 899967.617980686132796, 2407126.087637643329799 ], [ 900059.613595553673804, 2407392.346783767454326 ], [ 900346.158406649250537, 2407769.074410989414901 ], [ 900484.793164358125068, 2408142.103844342753291 ], [ 900378.275625051232055, 2408456.215211528819054 ], [ 899979.957082463894039, 2408604.618340319953859 ], [ 899685.508850666228682, 2408544.447200051974505 ], [ 899345.720516088884324, 2408324.78892390942201 ], [ 899151.169969962676987, 2408214.347487378399819 ], [ 898758.126867979532108, 2408151.747705240733922 ], [ 898358.508965051732957, 2408352.947842548601329 ], [ 898058.799726315657608, 2408503.853396464139223 ], [ 898193.542976796277799, 2409035.14387385500595 ], [ 898434.732976294355467, 2409252.318999432958663 ], [ 898678.549052621005103, 2409363.996398148592561 ], [ 898869.147632914595306, 2409632.709058698266745 ], [ 899158.302580529823899, 2409903.887569040060043 ], [ 899543.382341675343923, 2410283.083350135479122 ], [ 899440.836489571956918, 2410438.892904862295836 ], [ 899187.808759781997651, 2410696.550863278098404 ], [ 899126.653232318116352, 2411170.14452669210732 ], [ 899424.998708760831505, 2411072.023015120066702 ], [ 899576.826814045663923, 2410917.447248281445354 ], [ 899781.893550914828666, 2410605.816134823486209 ], [ 900027.003475900040939, 2410664.746275649406016 ], [ 900228.141179800033569, 2410511.410228905268013 ], [ 900332.005160492379218, 2410302.831479808781296 ], [ 900731.613696849090047, 2410101.670061185024679 ], [ 901023.382337819319218, 2410267.384079144336283 ], [ 901309.84220356005244, 2410644.141780805774033 ], [ 901451.070340933627449, 2410911.669307296164334 ], [ 901648.227983269374818, 2410916.627642448525876 ], [ 901939.961023529060185, 2411082.348170766141266 ], [ 902234.360162317752838, 2411142.555772174615413 ], [ 902530.088290665764362, 2411150.009235735982656 ], [ 902780.524159532622434, 2410997.944678689818829 ], [ 902980.333943105768412, 2410897.385244885459542 ], [ 903170.832918889820576, 2411166.177245454862714 ], [ 902916.399494718178175, 2411476.516156641766429 ], [ 902649.993325015995651, 2412261.753067814279348 ], [ 902743.244622766738757, 2412475.281038504093885 ], [ 902490.167273397673853, 2412732.862597066909075 ], [ 902483.511228284216486, 2412996.676252820994705 ], [ 902420.918866632506251, 2413523.046278539579362 ], [ 902458.212216222658753, 2413999.157429627608508 ], [ 902301.06169527687598, 2414364.746199912857264 ], [ 901952.126826841849834, 2414514.338260028976947 ], [ 901704.408396680373698, 2414560.886998733971268 ], [ 901364.785020669689402, 2414341.14609564980492 ], [ 901118.394911200040951, 2414334.944661482237279 ], [ 900817.423392049735412, 2414538.559094420168549 ], [ 900372.614648607559502, 2414580.173015470616519 ], [ 900172.868664542678744, 2414680.741680387873203 ], [ 900316.714621406979859, 2414842.744736482389271 ], [ 900561.768927985802293, 2414901.694200405385345 ], [ 900804.155722545925528, 2415066.152151621878147 ], [ 901292.912876858143136, 2415236.858678228221834 ], [ 901687.120815708301961, 2415246.790786596480757 ], [ 901934.829295126488432, 2415200.229576803743839 ], [ 902235.794920850777999, 2414996.649299755692482 ], [ 902479.512962146429345, 2415108.375886010937393 ], [ 902323.698958957800642, 2415421.230942722409964 ], [ 902054.685476510552689, 2416311.971910916734487 ], [ 902044.02979287551716, 2416734.065137665253133 ], [ 902222.455178490141407, 2417477.724135314580053 ], [ 901858.929432798642665, 2418207.666422802954912 ], [ 901801.659380524186417, 2418522.981498382985592 ], [ 901940.142919481033459, 2418896.048473129980266 ], [ 901976.057932296535, 2419424.920580418314785 ], [ 901822.945570360170677, 2419632.239979911595583 ], [ 901378.255444576148875, 2419673.789961385540664 ], [ 901082.702002164907753, 2419666.333224429748952 ], [ 900892.303310191375203, 2419397.5671118022874 ], [ 900551.472944515291601, 2419230.5876120980829 ], [ 900259.870491723297164, 2419064.869163664057851 ], [ 900222.555664160754532, 2418588.782956104259938 ], [ 900231.845121639198624, 2418219.454680022783577 ], [ 900137.299321790924296, 2418058.68570275278762 ], [ 899796.419232442276552, 2417891.741844858042896 ], [ 899454.208927799714729, 2417777.565256626345217 ], [ 899360.976250325096771, 2417564.043813741765916 ], [ 899171.843079839833081, 2417242.534796535037458 ], [ 898976.103659439599141, 2417184.836512881331146 ], [ 898588.558383363997564, 2416911.158033660613 ], [ 898051.894008049508557, 2416686.568402262404561 ], [ 897854.81478627002798, 2416681.643359058536589 ], [ 898041.34268009592779, 2417108.647771583870053 ], [ 897988.121161028044298, 2417265.676861679181457 ], [ 897689.882945246528834, 2417363.84756042342633 ], [ 897635.347520125447772, 2417573.635228884406388 ], [ 897776.545860186452046, 2417841.132188973482698 ], [ 897972.291342561831698, 2417898.81670499779284 ], [ 898170.662636623368599, 2417850.986953638028353 ], [ 898462.278701338567771, 2418016.659465788863599 ], [ 898654.068594431271777, 2418232.642833116929978 ], [ 898848.472445438848808, 2418343.097660093102604 ], [ 898843.182261894806288, 2418554.145926930941641 ], [ 898984.363533156691119, 2418821.644842969253659 ], [ 899174.785778282908723, 2419090.395414838101715 ], [ 899363.88927975599654, 2419411.908534578979015 ], [ 899208.153585720108822, 2419724.764987888280302 ], [ 898812.756132607813925, 2419767.63586574466899 ], [ 898369.427151780575514, 2419756.523711648769677 ], [ 898025.934472642140463, 2419695.131143460515887 ], [ 897935.340789649635553, 2419376.102363353129476 ], [ 897892.681748948409222, 2419111.065054569393396 ], [ 897899.280230606789701, 2418847.260137769393623 ], [ 897755.444935835199431, 2418685.289904116652906 ], [ 897360.033119217259809, 2418728.186316842213273 ], [ 896963.308065240271389, 2418823.877717862837017 ], [ 896759.677851523971185, 2419082.764492365065962 ], [ 896562.643775147735141, 2419077.851160744205117 ], [ 896260.508254916872829, 2419334.2868691990152 ], [ 896403.021121476078406, 2419548.999540707562119 ], [ 896299.235034470679238, 2419757.588064742274582 ], [ 895955.755444518406875, 2419696.241659898776561 ], [ 895565.630123909795657, 2419528.149163466412574 ], [ 895119.68668211332988, 2419622.656620965339243 ], [ 895159.765040421276353, 2419993.193825725466013 ], [ 896025.366507869912311, 2420859.400934735778719 ], [ 896617.729714067885652, 2420821.381186184007674 ], [ 896918.531632058788091, 2420617.713197303004563 ], [ 897114.255127048352733, 2420675.39250713866204 ], [ 897304.663272433797829, 2420944.119474244769663 ], [ 897692.09973952290602, 2421217.779466649051756 ], [ 898083.489126129075885, 2421333.161990760359913 ], [ 898530.755090216407552, 2421185.997609029058367 ], [ 898734.385433612391353, 2420927.13226727116853 ], [ 899033.895430167205632, 2420776.259083333425224 ], [ 899278.854978208895773, 2420835.216642144601792 ], [ 899671.576630823779851, 2420897.879358516074717 ], [ 899873.903629124630243, 2420691.784338992089033 ], [ 900271.943329424946569, 2420543.424260032363236 ], [ 900616.746875140815973, 2420552.110036264639348 ], [ 900859.048000612761825, 2420716.597579995170236 ], [ 901193.195224655093625, 2421147.388430004008114 ], [ 901234.456383476732299, 2421465.20436277333647 ], [ 900828.43779177730903, 2421930.109844756312668 ], [ 900612.787922181538306, 2422663.801437569782138 ], [ 900756.551273971912451, 2422974.175630990881473 ], [ 900743.882209658971988, 2423001.729386550374329 ], [ 900588.137371016782708, 2423314.572274134960026 ], [ 900477.663614568300545, 2423786.937081696465611 ], [ 900376.51016449148301, 2423889.985324442386627 ], [ 900123.620107245864347, 2424147.572921641170979 ], [ 899916.005563751910813, 2424564.682575230486691 ], [ 899667.11933875340037, 2424664.011007687076926 ], [ 899222.595966505585238, 2424705.612627643626183 ], [ 898871.255058234091848, 2424960.75130611890927 ], [ 899062.911437729373574, 2425176.754458958283067 ], [ 899298.502613534685224, 2425605.037021089345217 ], [ 899680.464566660812125, 2426089.807087379042059 ], [ 900013.164972721831873, 2426573.347773317247629 ], [ 900152.884343163343146, 2426893.646581646986306 ], [ 900440.315045148367062, 2427217.679282852448523 ], [ 900975.253226598491892, 2427495.172933589667082 ], [ 901112.271045961882919, 2427921.01865795115009 ], [ 901194.702406652737409, 2428556.646247778553516 ], [ 901383.617432052385993, 2428878.210589065682143 ], [ 901520.605667779571377, 2429304.050186335574836 ], [ 901311.652417045086622, 2429773.913050035014749 ], [ 901154.59669109294191, 2430139.504044794011861 ], [ 901342.149235427263193, 2430513.817612166516483 ], [ 901525.67353203962557, 2431046.457411877345294 ], [ 901417.84144723508507, 2431413.294599782675505 ], [ 901014.685299978358671, 2431772.640987540129572 ], [ 900917.580749111133628, 2431717.37132906448096 ], [ 900330.90685398131609, 2431544.130057125352323 ], [ 900083.464816797059029, 2431590.66278829658404 ], [ 899684.335874596843496, 2431791.758799889590591 ], [ 899379.764418706530705, 2432063.295946083031595 ], [ 899329.902955125784501, 2432107.750659716315567 ], [ 899281.234811115311459, 2432151.141756497323513 ], [ 899037.802331021754071, 2432039.397287393920124 ], [ 898597.462790563120507, 2431922.692979908082634 ], [ 898246.269495557295159, 2432177.834824353456497 ], [ 898235.638235167134553, 2432599.920129586942494 ], [ 898427.201204721583053, 2432815.930691951885819 ], [ 898818.285915504209697, 2432931.378046972677112 ], [ 899216.04192487639375, 2432783.025546733755618 ], [ 899458.12790312897414, 2432947.534297802951187 ], [ 899250.586034272564575, 2433364.649334443733096 ], [ 898945.957472533802502, 2433726.520884338300675 ], [ 898505.679678350803442, 2433609.825916331727058 ], [ 897877.825171136297286, 2433118.847078057937324 ], [ 897575.896598402876407, 2433375.223739197012037 ], [ 897461.529130338458344, 2434005.879108507651836 ], [ 897258.046116636134684, 2434264.721142709255219 ], [ 897194.240175542770885, 2434843.855724382679909 ], [ 896889.687122151139192, 2435205.755674588959664 ], [ 896977.492200190201402, 2435630.297748856712133 ], [ 897316.644336789730005, 2435850.011506455950439 ], [ 897706.323186100460589, 2436018.214891825336963 ], [ 898106.640333064948209, 2435764.329285374376923 ], [ 898509.634519275161438, 2435404.933525240514427 ], [ 899052.289903092663735, 2435365.845791240222752 ], [ 899638.818828350165859, 2435539.074173894710839 ], [ 899730.557183619821444, 2435805.36419792752713 ], [ 899993.72333033173345, 2437079.135510536376387 ], [ 900566.770380125963129, 2437780.011888321489096 ], [ 900956.377487153746188, 2437948.308430911973119 ], [ 901385.791287544881925, 2438487.192311741877347 ], [ 901816.493140241713263, 2438973.33130963658914 ], [ 902096.907612738199532, 2439561.256619795691222 ], [ 902374.589792665326968, 2440254.712329699657857 ], [ 902450.063233695924282, 2441154.192229752894491 ], [ 902376.599552435800433, 2442102.663259531371295 ], [ 902468.246294570621103, 2442368.998338385019451 ], [ 902695.288431529188529, 2443113.975038046948612 ], [ 902676.380913801724091, 2443852.661474146880209 ], [ 902516.662209160509519, 2444323.749996581114829 ], [ 902209.407056696130894, 2444791.063873102422804 ], [ 901375.999367201933637, 2444664.176167958416045 ], [ 901127.38930814480409, 2444763.422033375129104 ], [ 900576.980023382697254, 2445118.966572297271341 ], [ 900271.130123995942995, 2445533.560430675279349 ], [ 899619.732603915734217, 2445992.14681906439364 ], [ 899268.784620958380401, 2446247.196066582109779 ], [ 898875.384529680130072, 2446237.20422702934593 ], [ 898287.93564159469679, 2446116.71530340751633 ], [ 897988.863484785892069, 2446267.531079945154488 ], [ 897138.191232517245226, 2446826.740821846295148 ], [ 896848.502375860931352, 2446608.248970911372453 ], [ 896548.112806054996327, 2446811.833222330547869 ], [ 896286.264680974418297, 2447438.760451526846737 ], [ 895825.101409022929147, 2448166.246384019497782 ], [ 895216.468697332311422, 2448890.024325540289283 ], [ 894807.207266458310187, 2449513.235547839198261 ], [ 894199.993786215083674, 2450184.280809544026852 ], [ 893408.111622329801321, 2450375.574751388281584 ], [ 892317.332804371137172, 2450717.794795845635235 ], [ 891855.132709325640462, 2451498.114233545493335 ], [ 891598.785986786242574, 2451914.040353088639677 ], [ 891625.52118899486959, 2452812.16460868017748 ], [ 891675.991094799246639, 2452760.636465051211417 ], [ 891607.052969772834331, 2453550.790044303517789 ], [ 890998.814000424346887, 2454274.674427219200879 ], [ 889899.169990391936153, 2454986.322342977393419 ], [ 889842.140650222310796, 2455301.649796727579087 ], [ 889083.9774853233248, 2456127.425227862317115 ], [ 888787.831319294404238, 2456172.849848527926952 ], [ 888399.947890765615739, 2455952.046162171289325 ], [ 888306.894241728587076, 2455738.583144764881581 ], [ 888601.74782019702252, 2455745.904576582834125 ], [ 888706.582193074282259, 2455484.553063438273966 ], [ 888463.496836647856981, 2455372.939229862298816 ], [ 888023.816808314993978, 2455256.453404397238046 ], [ 887586.758786020916887, 2455034.456638700794429 ], [ 886942.671143455198035, 2455229.680724596139044 ], [ 886599.97500135586597, 2455168.422922373749316 ], [ 886015.476559698348865, 2454942.832109208218753 ], [ 885472.296706094173715, 2455035.016251388937235 ], [ 884476.492427605669945, 2455538.40553024597466 ], [ 884132.494866978377104, 2455529.955638882238418 ], [ 883787.229953201720491, 2455574.267773913685232 ], [ 883879.034315142780542, 2455840.448135954793543 ], [ 884270.85283964080736, 2455902.868013225961477 ], [ 884019.970956183737144, 2456107.863618615549058 ], [ 883528.5901646646671, 2456095.806965231895447 ], [ 883229.879673959454522, 2456246.841058534570038 ], [ 882426.906931199249811, 2456913.402906085830182 ], [ 882024.801957811228931, 2457273.079148497898132 ], [ 881667.98156850435771, 2457792.235663103871047 ], [ 881706.80351731472183, 2458215.473704915959388 ], [ 881449.553372179856524, 2458684.26521639386192 ], [ 880800.582468332722783, 2459090.719477383419871 ], [ 880209.774801324587315, 2459129.110878015402704 ], [ 879775.327663014410064, 2458801.826943053398281 ], [ 879463.894781775656156, 2459480.469500125851482 ], [ 879216.980352953774855, 2459527.255049163475633 ], [ 879019.204250293551013, 2459575.250646030530334 ], [ 879208.012529623694718, 2459896.533499524462968 ], [ 878812.458339081145823, 2459992.511740971822292 ], [ 878304.604621622012928, 2460666.387558408081532 ], [ 876558.621745666139759, 2461732.626804197207093 ], [ 876151.690213927300647, 2462303.435415795072913 ], [ 876034.36817881942261, 2463092.357979204505682 ], [ 875675.32165356609039, 2463717.107520861551166 ], [ 874929.791861329227686, 2464068.623916382435709 ], [ 874624.987448156112805, 2464483.568830730393529 ], [ 873485.382041928591207, 2464878.467075251508504 ], [ 873132.793399151531048, 2465239.492637970019132 ], [ 872622.816923309583217, 2466019.009889225941151 ], [ 872227.479118147399276, 2466115.113284744787961 ], [ 872073.87579954857938, 2466375.353704870212823 ], [ 870777.149334706831723, 2467188.906257856637239 ], [ 870568.190309652825817, 2467711.73134427331388 ], [ 870413.371978444280103, 2468024.731242280453444 ], [ 869865.797441612696275, 2468328.387324460316449 ], [ 869363.591327886213548, 2468791.471368368715048 ], [ 868867.671980324201286, 2468990.826007548253983 ], [ 868259.832237951806746, 2469768.111508450936526 ], [ 867417.854738810565323, 2470064.86393539654091 ], [ 866469.026503635104746, 2470728.573712352197617 ], [ 866114.246154706343077, 2471195.226786167360842 ], [ 865476.166948673781008, 2471180.201065839733928 ], [ 865025.749007500708103, 2471539.056319392751902 ], [ 863932.366005899850279, 2472093.941348381806165 ], [ 862991.241328180301934, 2472441.350271908100694 ], [ 861900.458227725117467, 2472890.868076839018613 ], [ 861048.997631717240438, 2473609.902166801970452 ], [ 860656.415097789606079, 2473600.772255949676037 ], [ 860211.075990451616235, 2473748.761970234569162 ], [ 859760.880288500804454, 2474107.74371680105105 ], [ 858564.88328986952547, 2474871.671745757106692 ], [ 858270.473530861549079, 2474864.867203829810023 ], [ 857584.740076096961275, 2474796.281571812927723 ], [ 856988.65116721438244, 2475099.16575162531808 ], [ 856341.086332144448534, 2475506.456756947096437 ], [ 855553.631545598618686, 2475593.932961232960224 ], [ 854608.133014697348699, 2476152.767338802106678 ], [ 853958.275206046062522, 2476665.643116150051355 ], [ 853594.386406953446567, 2477554.455908150412142 ], [ 853581.139617114560679, 2478134.640068075619638 ], [ 853021.089826712966897, 2479018.993251150473952 ], [ 852609.443121926859021, 2479853.955231332220137 ], [ 852597.421869340585545, 2480381.393939855508506 ], [ 852334.154420432867482, 2481166.969756063073874 ], [ 852231.261227792361751, 2481375.718595715239644 ], [ 852222.849814556539059, 2481744.929315362591296 ], [ 852446.421510883839801, 2482699.911535854451358 ], [ 852716.56929451180622, 2483761.520291878841817 ], [ 852508.388004601467401, 2484284.496449348516762 ], [ 850623.492945255362429, 2485191.455641765147448 ], [ 850236.027286399621516, 2484971.569324969314039 ], [ 849799.507289416971616, 2484750.596789052709937 ], [ 849604.577389563433826, 2484693.412751935888082 ], [ 849352.24724301090464, 2485004.325692334678024 ], [ 848457.775257676141337, 2485511.802797893527895 ], [ 847065.96214237366803, 2486324.745745940599591 ], [ 846025.755821021972224, 2486776.295067705679685 ], [ 845131.501651444355957, 2487283.951167784165591 ], [ 842739.732538834214211, 2488971.914514301344752 ], [ 841338.058303611003794, 2490259.971510723233223 ], [ 840481.537273253314197, 2491296.337133163120598 ], [ 839879.459963985253125, 2491916.212968815118074 ], [ 838915.810166265582666, 2493372.39472756581381 ], [ 838849.37634644145146, 2494162.412742983549833 ], [ 838674.492493027588353, 2495424.926911416929215 ], [ 838464.565730610396713, 2496053.49134369334206 ], [ 838504.256835290812887, 2496476.488788039423525 ], [ 838638.442164490697905, 2497059.875753573141992 ], [ 838234.911883053602651, 2497578.629894807003438 ], [ 838121.822677984950133, 2498262.092001260723919 ], [ 838250.180250464123674, 2499109.167070473078638 ], [ 837995.967139793559909, 2499525.685806921217591 ], [ 837386.143584962235764, 2500514.80238260095939 ], [ 836983.890531966695562, 2500980.836679181549698 ], [ 836925.640348127111793, 2501401.67508178576827 ], [ 836673.823946286691353, 2501712.746298172976822 ], [ 836034.856501063797623, 2501804.23039401974529 ], [ 835628.053970592329279, 2502481.254072476178408 ], [ 835274.869361744727939, 2502948.394159424118698 ], [ 835306.510333656333387, 2503740.551780288107693 ], [ 835296.111964738112874, 2504215.214331764727831 ], [ 834997.703811734099872, 2504419.729002553038299 ], [ 834610.606260422267951, 2504200.211076866369694 ], [ 834266.702747012255713, 2504245.45785149326548 ], [ 833372.703774798195809, 2504806.348413118626922 ], [ 832515.13242252683267, 2505948.474630709271878 ], [ 832352.214000286301598, 2506683.61718967044726 ], [ 831953.698984949267469, 2506991.538375604432076 ], [ 831611.017434048233554, 2506984.100025507621467 ], [ 831266.037922487827018, 2507082.14092403370887 ], [ 830421.284847639035434, 2507644.246302505023777 ], [ 830078.622238306328654, 2507636.840515396557748 ], [ 829838.426238252781332, 2507420.600036457180977 ], [ 829589.111107417265885, 2507626.27431605104357 ], [ 829342.076452913461253, 2507726.467494356911629 ], [ 829039.282095885137096, 2508142.021044374443591 ], [ 828542.985560169909149, 2508447.92390231275931 ], [ 828151.399651633109897, 2508439.50644371425733 ], [ 828539.582681378116831, 2508606.128949303179979 ], [ 828486.112251291284338, 2508816.03035088814795 ], [ 828184.480411064112559, 2509178.874434927012771 ], [ 828071.85988522041589, 2509862.352331722620875 ], [ 827717.917498062597588, 2510382.368600356392562 ], [ 827422.014342727372423, 2510481.521627363748848 ], [ 827077.175868779188022, 2510579.658625697717071 ], [ 826685.6364693462383, 2510571.271764051169157 ], [ 826445.440129362395965, 2510355.097674321848899 ], [ 826359.950961048249155, 2509772.898866585455835 ], [ 826217.647047746228054, 2509558.796234766487032 ], [ 825830.598529194830917, 2509339.498507368378341 ], [ 825099.788579975720495, 2509165.647429444827139 ], [ 824558.040644266875461, 2509312.395466491114348 ], [ 823813.814551656832919, 2509771.436005439143628 ], [ 823121.924264682340436, 2510073.330091913230717 ], [ 822830.506510026985779, 2509961.636464009061456 ], [ 822289.93195210956037, 2510055.739864996634424 ], [ 821505.74654729233589, 2510091.9579913970083 ], [ 821113.128379936679266, 2510136.448762810323387 ], [ 820579.224859821493737, 2509914.189264366868883 ], [ 819748.332386519294232, 2509844.006510138045996 ], [ 818866.309798236354254, 2509878.311200244817883 ], [ 818124.530117397196591, 2510232.128430333919823 ], [ 817973.298771908390336, 2510440.00806472171098 ], [ 817232.65433688252233, 2510741.131628078408539 ], [ 816104.931765284040011, 2510823.234324421733618 ], [ 815314.331407258636318, 2511176.161077064927667 ], [ 814877.189299824996851, 2511008.859542199410498 ], [ 814191.014578047441319, 2511047.479546791408211 ], [ 813889.810045016463846, 2511410.560256125871092 ], [ 813296.108826567186043, 2511714.867685722652823 ], [ 812418.580758785130456, 2511538.597855959553272 ], [ 812178.232061551650986, 2511322.670263514854014 ], [ 812423.980729324393906, 2511274.949778861366212 ], [ 812722.986663881223649, 2511017.317261477001011 ], [ 812677.296581471106037, 2510858.111444763373584 ], [ 812431.540068313479424, 2510905.828714665025473 ], [ 812136.853297133464366, 2510952.548573687672615 ], [ 811937.889466840191744, 2511106.747564055025578 ], [ 811881.410862594260834, 2511474.866978983860463 ], [ 811386.697996295755729, 2511728.51589216478169 ], [ 810746.291733764810488, 2511926.471956761088222 ], [ 809517.689908698899671, 2512165.25241764029488 ], [ 809078.399574645329267, 2512103.591621872968972 ], [ 808539.105775906471536, 2512145.420077083166689 ], [ 808297.655864638043568, 2511982.273094818927348 ], [ 808301.919717628043145, 2511771.360025828238577 ], [ 807369.071968418778852, 2511910.778867549728602 ], [ 806681.942678427090868, 2512002.443037840537727 ], [ 806237.352040399331599, 2512204.531379753723741 ], [ 805934.260420267819427, 2512673.185816179960966 ], [ 805383.388977818423882, 2513295.15074227983132 ], [ 805037.754491471219808, 2513446.474098512437195 ], [ 804844.177434236509725, 2513337.103989295661449 ], [ 804458.056299026007764, 2513065.630956389475614 ], [ 804366.515120966127142, 2512747.314386666752398 ], [ 804074.025501188472845, 2512688.715497627388686 ], [ 803436.942750759189948, 2512728.782621009275317 ], [ 803197.556713643716648, 2512460.268171133007854 ], [ 802955.018768245703541, 2512349.951972098089755 ], [ 802755.133018151856959, 2512556.970568395685405 ], [ 802636.345215187873691, 2513609.612648257985711 ], [ 802830.978722330415621, 2513666.212957269977778 ], [ 803267.075315834837966, 2513885.890363629441708 ], [ 803064.054620370268822, 2514251.09726439928636 ], [ 802327.116154206451029, 2514394.695894517470151 ], [ 802175.120198290096596, 2514655.429550629109144 ], [ 801780.639877493027598, 2514805.849306053947657 ], [ 801545.4543324240949, 2514326.455340560525656 ], [ 801600.648052046075463, 2514011.053017486818135 ], [ 801702.64896710938774, 2513802.071188097354025 ], [ 801525.749531166860834, 2512849.099930267315358 ], [ 801186.393497974378988, 2512684.151150999125093 ], [ 800653.431293233530596, 2512409.885084720794111 ], [ 800518.464278105646372, 2512569.582459077239037 ], [ 800401.5843433116097, 2512707.881890390999615 ], [ 800302.645646369317546, 2512824.954672998283058 ], [ 800492.096275314455852, 2513145.179642903152853 ], [ 800876.190163272200152, 2513521.996416094712913 ], [ 801013.58763349824585, 2513999.442770640365779 ], [ 801150.961537616327405, 2514476.891331538092345 ], [ 800897.002010968513787, 2514946.591608935035765 ], [ 800204.886523482156917, 2515302.18404131475836 ], [ 799370.190279346541502, 2515444.001701523084193 ], [ 799072.58147448534146, 2515649.13606307702139 ], [ 799015.370449329260737, 2516069.992440760601312 ], [ 798806.267999986419454, 2516751.608351294416934 ], [ 798416.019583650049753, 2516691.204548002686352 ], [ 797776.05311722215265, 2516889.662841556128114 ], [ 797328.64327379828319, 2517250.156867958139628 ], [ 796928.128022561548278, 2517717.038965244777501 ], [ 795439.420743389287964, 2518795.721995437052101 ], [ 794993.147786897374317, 2519103.534860416315496 ], [ 794644.704112201114185, 2519413.240949051454663 ], [ 794100.684248208417557, 2519719.180816892534494 ], [ 793855.164448203984648, 2519767.174889147281647 ], [ 793554.637688461691141, 2520130.585429108701646 ], [ 793060.580168917076662, 2520384.77863794984296 ], [ 792608.324324497603811, 2521009.007472113706172 ], [ 792266.061988979345188, 2521002.417222161777318 ], [ 791627.394712021341547, 2521148.368792841210961 ], [ 790834.999746489222161, 2521660.611871322616935 ], [ 788948.012052578851581, 2523154.148886745795608 ], [ 788447.110869459575042, 2523777.544732094276696 ], [ 788480.949574347236194, 2524569.34040952892974 ], [ 788565.676223361166194, 2525256.622591616120189 ], [ 788455.866546280682087, 2525887.460932891815901 ], [ 788297.201784538337961, 2526517.355941330082715 ], [ 788176.381662787520327, 2527728.157941069453955 ], [ 787972.867854698677547, 2528146.247231239918619 ], [ 787672.6326553018298, 2528509.744142971467227 ], [ 787459.138414228800684, 2529455.063170524779707 ], [ 787201.794523913878947, 2530135.842846946325153 ], [ 786615.431981617817655, 2530124.721010495908558 ], [ 786422.981889240443707, 2529962.838440919294953 ], [ 786339.227603012695909, 2529222.850341327022761 ], [ 786345.213014708715491, 2528906.51745014032349 ], [ 786734.149834016803652, 2529019.363563619554043 ], [ 787028.339629047783092, 2528972.199040580540895 ], [ 787328.550237239338458, 2528608.691822084598243 ], [ 787291.690485600731336, 2527975.067818450275809 ], [ 787252.823524542618543, 2527446.90321251237765 ], [ 786773.093798899441026, 2526963.127762255258858 ], [ 786135.746726584387943, 2527056.556415000930429 ], [ 785789.657762277522124, 2527260.971191521733999 ], [ 785341.865205502836034, 2527674.479594761040062 ], [ 784990.839285340160131, 2528142.559942571911961 ], [ 784547.045835037366487, 2528345.173035390675068 ], [ 784593.942400847445242, 2528451.548899449873716 ], [ 784389.549765202333219, 2528922.382705032359809 ], [ 783791.286288649076596, 2529544.045380912721157 ], [ 783487.24497609003447, 2530118.511439303867519 ], [ 783773.482365992502309, 2530493.072449713945389 ], [ 784311.950665967538953, 2530450.445367619395256 ], [ 784896.304705637507141, 2530566.922756088431925 ], [ 785336.051801570691168, 2530575.213229783810675 ], [ 785928.359279982978478, 2530269.940662604756653 ], [ 785985.206981100491248, 2529849.074080197140574 ], [ 786141.776955736917444, 2529324.611152068711817 ], [ 786123.827522914856672, 2530273.63704910967499 ], [ 786407.006654716213234, 2530806.435804314911366 ], [ 786151.722534364787862, 2531381.768588385079056 ], [ 785306.200189013616182, 2532156.927274507004768 ], [ 784999.139330171165057, 2532889.530655255541205 ], [ 784842.64218011603225, 2533413.999575715977699 ], [ 784496.706565053202212, 2533618.455716790631413 ], [ 783967.256302902824245, 2533186.555570225231349 ], [ 783765.924161191447638, 2533499.227162460796535 ], [ 783505.826644718414173, 2534338.212326891720295 ], [ 783533.874992666533217, 2535446.324709352571517 ], [ 783184.045393229695037, 2535861.690602616406977 ], [ 782924.003191891359165, 2536700.680285612586886 ], [ 782417.828896190156229, 2537640.539033750537783 ], [ 781383.389333698200062, 2538095.879621044266969 ], [ 780599.081367045175284, 2538239.476107405032963 ], [ 780151.731511177727953, 2538653.080067353323102 ], [ 780008.162983417510986, 2538492.194914356805384 ], [ 779719.073008797364309, 2538275.843529880046844 ], [ 779327.422383951954544, 2538321.346260851249099 ], [ 778889.870739449281245, 2538207.752540846355259 ], [ 778701.351548228762113, 2537835.083277498371899 ], [ 778856.641810858505778, 2537363.295939398463815 ], [ 778962.115019042976201, 2536943.326078149490058 ], [ 778926.927798010059632, 2536204.310927111655474 ], [ 778681.746069514425471, 2536252.517760967835784 ], [ 778517.712232647230849, 2537260.552547443658113 ], [ 778501.146437781513669, 2538095.088252745103091 ], [ 778197.43201915640384, 2538669.612987723201513 ], [ 777802.885208533378318, 2538873.300090677570552 ], [ 777547.066980203380808, 2539501.468464424833655 ], [ 777247.294028146425262, 2539865.126726420130581 ], [ 776601.88446413888596, 2540433.387025579810143 ], [ 776350.975200533401221, 2540797.956335743889213 ], [ 776187.091646719374694, 2541744.265176973771304 ], [ 775885.458380869124085, 2542213.382815925404429 ], [ 775642.318965929560363, 2542156.189096928108484 ], [ 775444.149064296623692, 2542310.771611517295241 ], [ 775627.828900635242462, 2542947.011331885121763 ], [ 775475.586622438626364, 2543260.659874414559454 ], [ 773887.516262513468973, 2544655.586011112201959 ], [ 773630.026234488352202, 2545389.236766358837485 ], [ 773090.244310746202245, 2545537.63905232725665 ], [ 773087.369312458671629, 2545695.796207706443965 ], [ 772923.70550972269848, 2546642.119403156917542 ], [ 773155.252017999184318, 2547331.919177078641951 ], [ 773097.817738299723715, 2547805.531381443142891 ], [ 772691.122283819597214, 2548694.684547347947955 ], [ 772480.613241819082759, 2549534.670765382237732 ], [ 772214.616588987410069, 2550742.8054907056503 ], [ 772041.433662056224421, 2552216.336864954791963 ], [ 771908.425274449400604, 2554165.255227303132415 ], [ 771405.343124357401393, 2554999.93372265715152 ], [ 770854.469214791432023, 2555781.021515732631087 ], [ 770306.521631753537804, 2556403.968294424004853 ], [ 769904.923340341541916, 2557029.572018415667117 ], [ 769695.566593418130651, 2557816.858879365492612 ], [ 769677.484410223085433, 2558818.54257172299549 ], [ 769370.632470810320228, 2559604.084717200137675 ], [ 769115.429693077225238, 2560232.326151038054377 ], [ 769057.16793887456879, 2560758.661620842758566 ], [ 769198.119220391381532, 2561111.066599237266928 ], [ 769237.733301368542016, 2561215.892766834702343 ], [ 769269.116000785725191, 2561304.993633604608476 ], [ 769116.28999785380438, 2561663.882923555094749 ], [ 769106.359344607684761, 2561687.20423784153536 ], [ 768791.438253841362894, 2561681.526555349119008 ], [ 768707.077028590021655, 2561680.006744866725057 ], [ 768679.212852699449286, 2561679.504862441215664 ], [ 768506.825728447176516, 2561717.647044049575925 ] ] ] } }
]
}
