{
"type": "FeatureCollection",
"name": "ethiopia_level_0_pcs",
"crs": { "type": "name", "properties": { "name": "urn:ogc:def:crs:EPSG::32637" } },
"features": [
{ "type": "Feature", "properties": { "Shape_Leng": 47.615407401100001, "Shape_Area": 92.921908465100003, "ADM0_EN": "Ethiopia", "ADM0_PCODE": "ET", "ADM0_REF": null, "ADM0ALT1EN": null, "ADM0ALT2EN": null, "date": "2021-12-09T00:00:00", "validOn": "2021-12-14T00:00:00", "validTo": null }, "geometry": { "type": "MultiPolygon", "coordinates": [ [ [ [ 386351.601629832934123, 1641054.216921902727336 ], [ 386523.352762830036227, 1640364.134242662461475 ], [ 386803.392935131909326, 1640460.149071301799268 ], [ 386946.484481849824078, 1640592.641347067197785 ], [ 387136.648512043291703, 1640768.719057953450829 ], [ 387383.504534545063507, 1640632.948281019926071 ], [ 387420.532909344590735, 1640312.035477507859468 ], [ 387420.532917522476055, 1640124.316402452066541 ], [ 387420.532905523432419, 1640061.320625734981149 ], [ 388012.990843131789006, 1640112.196153467986733 ], [ 389288.085208724718541, 1639827.522593756904826 ], [ 389498.339045391127001, 1639173.885828321566805 ], [ 389691.525181148725096, 1638449.096299956319854 ], [ 389653.782859820406884, 1637547.212375639704987 ], [ 389651.444804874714464, 1637491.342724055284634 ], [ 389641.267729409039021, 1636637.59891470731236 ], [ 390076.618990713788662, 1636854.828864747891203 ], [ 390385.623522053647321, 1637009.02180709852837 ], [ 391092.622193966992199, 1637330.116337282350287 ], [ 391313.926620787475258, 1636403.274615783710033 ], [ 391553.990197014121804, 1635564.379773335065693 ], [ 391602.534096399322152, 1635002.754836563719437 ], [ 391516.745523909514304, 1634146.799914957024157 ], [ 391750.041062163887545, 1633512.11224238271825 ], [ 392337.217803418752737, 1633724.349358813837171 ], [ 392767.086403795692604, 1633302.655410833656788 ], [ 392875.770684643066488, 1632764.897888055769727 ], [ 392886.046235910616815, 1632714.057150443084538 ], [ 393003.639923022477888, 1632708.860025941161439 ], [ 393463.869358235155232, 1632688.525266649900004 ], [ 394074.6638500210247, 1632589.577837069984525 ], [ 394579.883771663822699, 1632097.34808337292634 ], [ 394649.865600956894923, 1631636.513272566488013 ], [ 394677.410567362909205, 1631455.134250892326236 ], [ 394566.119803722132929, 1630821.589423067634925 ], [ 394234.654682957218029, 1630091.532391998916864 ], [ 394304.764871043909807, 1629567.501047222642228 ], [ 394323.487023394496646, 1629427.569644215516746 ], [ 394658.748140043288004, 1629190.292614728445187 ], [ 395044.825978077598847, 1628917.062596196774393 ], [ 395589.621594480820931, 1628452.016184456180781 ], [ 396117.797171904996503, 1627805.228661522967741 ], [ 396450.076814754633233, 1627456.702370462939143 ], [ 396693.672188302036375, 1627201.206184312002733 ], [ 397376.188067222421523, 1626841.540965290740132 ], [ 398103.534206583106425, 1626556.406904136529192 ], [ 398674.0172005322529, 1626548.103082593530416 ], [ 399303.216922675084788, 1626607.047328921966255 ], [ 399959.755538336001337, 1626408.179659601533785 ], [ 400726.082377012236975, 1626168.619189829099923 ], [ 401616.064899602322839, 1626214.14489284530282 ], [ 401852.809261119225994, 1626157.6541790117044 ], [ 402036.132930536754429, 1626113.912178861442953 ], [ 402198.798205564264208, 1626075.100716541288421 ], [ 402608.343213573272806, 1625499.752733533969149 ], [ 402989.865265914355405, 1625401.509591644862667 ], [ 403208.185515758290421, 1625345.294506439939141 ], [ 403704.01564732263796, 1625060.007066258229315 ], [ 403802.297007754212245, 1624849.719270241679624 ], [ 404088.070694901514798, 1624238.288094062590972 ], [ 404704.022876577801071, 1623996.036882550921291 ], [ 405268.625334015872795, 1623540.029407187597826 ], [ 406016.146039657236543, 1623340.686830820282921 ], [ 406066.700161083426792, 1623327.206441334914416 ], [ 406551.300444835564122, 1622949.191031590104103 ], [ 406656.419070564967114, 1622672.775864100782201 ], [ 406802.994633279042318, 1622287.359818257624283 ], [ 407320.102675399975851, 1621704.077960633439943 ], [ 408058.58703640307067, 1621849.569915589410812 ], [ 408230.688949101604521, 1622106.234932304825634 ], [ 408324.423016016313341, 1622246.028345821658149 ], [ 408432.744495531718712, 1622407.579437020467594 ], [ 408431.209782434860244, 1622420.539161964086816 ], [ 408441.728819021489471, 1622420.978898641420528 ], [ 408511.882594846305437, 1622525.60795737314038 ], [ 408730.280612634145655, 1622588.868873485829681 ], [ 409148.805554822087288, 1622710.104679079027846 ], [ 409771.762391346099321, 1622641.793041552882642 ], [ 410516.060140302171931, 1622823.615941124269739 ], [ 411047.55573700327659, 1623075.131045447429642 ], [ 411710.058976983244065, 1622714.299243568675593 ], [ 411954.936466876300983, 1622903.925435558194295 ], [ 412094.743326650932431, 1623012.190262281568721 ], [ 412122.360955489217304, 1623119.527727971086279 ], [ 412245.248237181862351, 1623597.145811109803617 ], [ 412289.53416226641275, 1623680.959398151142523 ], [ 412458.330555069784168, 1624000.421112272888422 ], [ 412512.505111226753797, 1624102.953063191380352 ], [ 413317.100554363802075, 1623922.782774508232251 ], [ 414156.698873384273611, 1623738.049403335200623 ], [ 414947.345175597176421, 1623837.948101643007249 ], [ 415484.654113001073711, 1623384.546696147881448 ], [ 416212.787337450834457, 1623472.279755392344669 ], [ 416907.935213710879907, 1623713.590861358447 ], [ 417855.792650623887312, 1623418.856026922352612 ], [ 418500.747928447904997, 1622840.601066055474803 ], [ 419420.899391248938628, 1622518.216684767510742 ], [ 419913.395503472944256, 1621933.395710044540465 ], [ 420437.432041366584599, 1621641.08550702012144 ], [ 420503.630307787621859, 1620904.964287401176989 ], [ 420717.324169487459585, 1620021.360508361365646 ], [ 420779.905709215323441, 1619141.413215262815356 ], [ 420795.807124024722725, 1618501.413646132685244 ], [ 421284.966086559405085, 1618013.845580058870837 ], [ 420982.591448639694136, 1617288.738196932245046 ], [ 420854.965745592489839, 1616551.582537741633132 ], [ 420786.965296729758848, 1615776.126272473484278 ], [ 421499.628748724004254, 1615376.116801314754412 ], [ 422282.188432093942538, 1615278.56465289182961 ], [ 423108.420709075464401, 1615036.015840213745832 ], [ 423739.950396570900921, 1614468.255090585909784 ], [ 423863.986570184817538, 1613628.879769983235747 ], [ 424363.39942041010363, 1613245.842717086197808 ], [ 424881.041993008868303, 1612888.40877829072997 ], [ 425453.362665686174296, 1612552.204069731058553 ], [ 425716.467726205301005, 1611845.268250736407936 ], [ 426246.170161557965912, 1611261.810261825798079 ], [ 426041.226238022965845, 1610671.730303695658222 ], [ 426090.580299001478124, 1609673.358940283535048 ], [ 426230.418280923215207, 1608740.08074502972886 ], [ 426757.687972126121167, 1608046.036929932888597 ], [ 427291.620523067831527, 1607294.29340266995132 ], [ 427782.883380713115912, 1606617.887757441028953 ], [ 428503.150360491825268, 1606320.359640036709607 ], [ 428990.229303498752415, 1605561.933159223524854 ], [ 428865.347866027615964, 1604648.410191496601328 ], [ 429229.655664752819575, 1603978.647612729575485 ], [ 429888.01630599872442, 1604179.640955064911395 ], [ 430599.107655970496126, 1603867.971487229224294 ], [ 430620.681124445865862, 1603040.597510539693758 ], [ 431056.959107278904412, 1602272.608038603328168 ], [ 431122.181959661713336, 1602087.002236541127786 ], [ 431273.2885705527151, 1601657.007663453463465 ], [ 431992.820304419787135, 1601393.047312956070527 ], [ 432479.319954110076651, 1600930.846389507874846 ], [ 433231.107878291863017, 1600991.412148791598156 ], [ 434090.251707978080958, 1600860.624463088344783 ], [ 434782.098620452103205, 1601061.985326980939135 ], [ 435140.433847459848039, 1600511.843214398948476 ], [ 435218.896595901809633, 1599807.228803561301902 ], [ 435500.4493344881339, 1599233.41238303668797 ], [ 436221.071282011049334, 1599096.576199888251722 ], [ 436835.267613310890738, 1599111.755850509507582 ], [ 437576.313225723803043, 1599094.302240876480937 ], [ 437723.501636285509448, 1598332.905935823218897 ], [ 438030.848313734808471, 1597611.798588154138997 ], [ 438358.330985261127353, 1596604.733530306257308 ], [ 438467.577446590643376, 1595875.962387759238482 ], [ 438794.328339415369555, 1595137.251293636625633 ], [ 438847.495333247818053, 1595126.907399194780737 ], [ 439172.592780139995739, 1595063.660427674651146 ], [ 439500.628031497180928, 1594999.846757113467902 ], [ 439923.146956171607599, 1594494.891596191097051 ], [ 439929.990149072604254, 1593822.876617929665372 ], [ 440432.136988220619969, 1593188.624729182105511 ], [ 441377.596640665025916, 1593078.885601484682411 ], [ 442309.127284022979438, 1593338.87776888278313 ], [ 443114.883632583427243, 1593474.101622372167185 ], [ 443402.641719733714126, 1593669.364231985062361 ], [ 443574.896236038010102, 1593786.253066025441512 ], [ 443687.433755611942615, 1593862.62036109296605 ], [ 444345.832901946327183, 1594039.94798765424639 ], [ 445185.243660794920288, 1593639.376185563160107 ], [ 445946.601878863933962, 1593344.338718035025522 ], [ 446752.619256127043627, 1593487.908692945726216 ], [ 447204.081445293966681, 1593115.88572279154323 ], [ 447809.517952954513021, 1592581.644383360631764 ], [ 447943.371169658435974, 1592736.793600246310234 ], [ 448076.23534828517586, 1592890.799061297439039 ], [ 448314.892988338659052, 1593167.438061424996704 ], [ 448360.52599363954505, 1593220.334264995064586 ], [ 448476.033878650632687, 1593298.388061895268038 ], [ 448998.308546499931253, 1593651.324545128736645 ], [ 449533.967977320367936, 1593926.742265455890447 ], [ 450129.914032495697029, 1594242.633528363890946 ], [ 450808.084231383632869, 1594505.028096158057451 ], [ 451397.378660704649519, 1594475.112590647535399 ], [ 451715.7278959180112, 1594676.041067509446293 ], [ 451881.36843437718926, 1594780.589179160539061 ], [ 451996.163769145146944, 1594853.046183354454115 ], [ 452686.666627594851889, 1594889.872926946496591 ], [ 453230.380971883132588, 1595144.625367243774235 ], [ 453325.749651334132068, 1595189.311249861959368 ], [ 453384.316626776068006, 1595238.656451999675483 ], [ 453492.421338163490873, 1595329.740170784061775 ], [ 453612.160627923207358, 1595430.627903695916757 ], [ 453876.233741056988947, 1595653.130767781287432 ], [ 454619.610749514598865, 1595726.626593041233718 ], [ 455426.461351637903135, 1595989.805013523669913 ], [ 456280.276091554784216, 1596270.128229284891859 ], [ 457026.04630992107559, 1596348.694068750133738 ], [ 457783.249165544984862, 1596274.576664717402309 ], [ 458491.696596942143515, 1595774.429711754433811 ], [ 458585.865616467490327, 1595707.951672941446304 ], [ 458957.614403645915445, 1595858.436176717514172 ], [ 459131.53070684208069, 1595928.84037688234821 ], [ 459462.237461134325713, 1596062.720243653748184 ], [ 460257.882395784603432, 1596480.561292986385524 ], [ 461103.692655061546247, 1596362.948148259660229 ], [ 461927.946781243314035, 1596548.530486490577459 ], [ 462731.485362018225715, 1596969.300153228687122 ], [ 463531.83482114947401, 1597021.358527674805373 ], [ 463639.220799675385933, 1597187.573904206044972 ], [ 463699.717458678700496, 1597281.213670817902312 ], [ 463884.666644059063401, 1597567.492606031475589 ], [ 464070.352951020991895, 1597652.894234054954723 ], [ 464155.889892151928507, 1597692.235410311026499 ], [ 464426.256186400656588, 1597816.588295927038416 ], [ 464983.258305802941322, 1597850.576952328672633 ], [ 465539.15966558305081, 1598266.430278526619077 ], [ 466290.804764892207459, 1598645.307244009338319 ], [ 467174.306085755291861, 1598877.897267468972132 ], [ 467986.034313137759455, 1599206.58636326296255 ], [ 468742.53755418304354, 1599031.829901753226295 ], [ 469367.528163444949314, 1598729.680656722048298 ], [ 470172.269791778235231, 1598692.599991663359106 ], [ 470960.209526611259207, 1598495.977375211659819 ], [ 471584.555842710542493, 1598656.872800787445158 ], [ 472323.254675053118262, 1598847.375032757641748 ], [ 473076.841833167884033, 1599177.620221169432625 ], [ 474019.14540917146951, 1599126.373682351550087 ], [ 474998.794560222071595, 1599284.896286010742188 ], [ 475735.691650340042543, 1599374.649821204133332 ], [ 476395.543292903574184, 1599233.968599141342565 ], [ 477005.863968253135681, 1599049.950558811658993 ], [ 477803.487188351864461, 1598966.986764781875536 ], [ 478311.949340135033708, 1599313.953707410721108 ], [ 478456.225744404422585, 1599412.409431839594617 ], [ 478628.497749551781453, 1599529.971809770679101 ], [ 479414.955655128869694, 1599928.923266661353409 ], [ 480080.841488242556807, 1600194.569401439046487 ], [ 480085.512948172108736, 1600217.310193449957296 ], [ 480122.419221988762729, 1600396.971194281242788 ], [ 480234.859495504235383, 1600944.351118798134848 ], [ 480248.804870763269719, 1601012.241647861432284 ], [ 480249.55588340992108, 1601015.897927472600713 ], [ 480252.503567690670025, 1601030.248139535309747 ], [ 480256.750734999019187, 1601030.287434546742588 ], [ 481083.796149741276167, 1601037.950424638809636 ], [ 481704.042415185598657, 1601228.023012054618448 ], [ 482239.640289492323063, 1601403.323146387469023 ], [ 482300.891132185002789, 1601462.913446050370112 ], [ 482334.093811618688051, 1601340.874988946598023 ], [ 482344.781271411513444, 1601400.750040645245463 ], [ 482352.906351339479443, 1601455.499958168948069 ], [ 482363.920744292670861, 1601524.234732385026291 ], [ 482462.876402938971296, 1601620.509309927467257 ], [ 482674.286910059279762, 1601826.19575279392302 ], [ 482893.955990955117159, 1602039.922763970680535 ], [ 482894.904052878904622, 1602040.555291731609032 ], [ 482932.029790850996505, 1602065.323669787030667 ], [ 483663.652878775785211, 1602553.446225305320695 ], [ 484550.470912980381399, 1602423.112185954814777 ], [ 485370.0974355560611, 1602370.897264801431447 ], [ 486018.694617740809917, 1602481.054667162708938 ], [ 486779.053651189082302, 1602653.436654127668589 ], [ 487440.577214924443979, 1602761.64335767691955 ], [ 488167.703855531406589, 1602941.12400353490375 ], [ 488876.986538950295653, 1602989.027782111428678 ], [ 489750.270522067323327, 1603159.026462016161531 ], [ 490726.385044233058579, 1603692.102199955144897 ], [ 491389.949885342852212, 1604204.316238501109183 ], [ 491484.57456850016024, 1604277.361444284906611 ], [ 491602.616241942392662, 1604409.290139829972759 ], [ 491872.170312520582229, 1604710.563416566001251 ], [ 492208.841319399129134, 1605086.865929938154295 ], [ 492251.610477748559788, 1605134.670866548549384 ], [ 492436.06594958162168, 1605376.307332313153893 ], [ 492733.450045788427815, 1605765.893150214105844 ], [ 492827.056946158932988, 1605888.525600838242099 ], [ 492837.165806224569678, 1605901.769105898682028 ], [ 493075.599948921822943, 1606298.799417458008975 ], [ 493241.301121872616932, 1606574.72682482842356 ], [ 493919.73950637888629, 1606475.109096223954111 ], [ 494157.68243018630892, 1606473.086632556980476 ], [ 494574.031929380318616, 1606469.553284813649952 ], [ 494725.497746788023505, 1606637.118834699271247 ], [ 494888.078284395043738, 1606816.984285608166829 ], [ 494959.341876483114902, 1606895.825405532028526 ], [ 494989.284804871538654, 1606892.082554708234966 ], [ 494996.120664510352071, 1606936.51516733202152 ], [ 495059.446521123987623, 1607006.575560274301097 ], [ 495730.679984319489449, 1607247.347711445996538 ], [ 496477.7525364778121, 1607279.815996889723465 ], [ 496957.973976312729064, 1607487.410122098168358 ], [ 497119.475068068946712, 1607557.228080851724371 ], [ 497277.931635816697963, 1607625.731298701371998 ], [ 497303.896337580343243, 1607673.421840489143506 ], [ 497355.680187214282341, 1607768.536259341519326 ], [ 497630.620192471134942, 1608273.54840533528477 ], [ 497945.922903145721648, 1608853.375877730781212 ], [ 497976.623741549381521, 1608886.808976443018764 ], [ 498110.987192785949446, 1609033.131816251669079 ], [ 498308.087063479470089, 1609247.77958175051026 ], [ 498671.605293377011549, 1609643.676012458046898 ], [ 498842.471452458878048, 1609806.404105145251378 ], [ 499121.169543290045112, 1610071.835695115616545 ], [ 499338.834160372149199, 1610279.145315925823525 ], [ 499340.316451779857744, 1610284.806462009903044 ], [ 499519.19542476919014, 1610967.974890488898382 ], [ 499894.648461533244699, 1611564.218185386853293 ], [ 500125.973703078227118, 1612512.08719605859369 ], [ 500200.124977691855747, 1612551.025138742290437 ], [ 500419.569802187616006, 1612666.2610042844899 ], [ 501073.189300750324037, 1613009.510542515432462 ], [ 501093.806826019892469, 1613103.610044152243063 ], [ 501143.614977408549748, 1613330.94087531324476 ], [ 501231.735460283583961, 1613733.144969982560724 ], [ 501365.031797836883925, 1614466.483183473814279 ], [ 501143.358580104599241, 1615100.724288824480027 ], [ 500912.04202810942661, 1615881.027916138060391 ], [ 501145.156443919346202, 1616195.051348023349419 ], [ 501404.198280270036776, 1616544.013154457090423 ], [ 501420.494212741556112, 1616565.966257341904566 ], [ 501422.246827430615667, 1616576.968928935471922 ], [ 501435.599871716753114, 1616586.315921436063945 ], [ 501538.56527239328716, 1616725.027459501754493 ], [ 501889.02052480855491, 1617018.062218490522355 ], [ 502090.888254306802992, 1617186.860230997204781 ], [ 502159.579195646045264, 1617244.299252207856625 ], [ 502362.207606251758989, 1617472.87740454566665 ], [ 502488.809228999074548, 1617615.695326868910342 ], [ 502532.737933647702448, 1617665.251266140723601 ], [ 502650.404418065503705, 1617714.47994561586529 ], [ 502895.101045913004782, 1617816.857385476818308 ], [ 503087.252771007711999, 1617897.253186321118847 ], [ 503692.75623679056298, 1617769.501457606675103 ], [ 504457.741198379429989, 1617583.984426330542192 ], [ 505214.0340277524665, 1618010.774827024666592 ], [ 505943.562479596759658, 1618088.056599792093039 ], [ 506619.54766076913802, 1618098.150521931471303 ], [ 507268.737583742302377, 1617815.850640762364492 ], [ 508112.048721749626566, 1617782.213770500617102 ], [ 508694.315848964615725, 1618125.016668118769303 ], [ 509351.855617554683704, 1617774.023187572369352 ], [ 509878.963627908029594, 1617714.980836699949577 ], [ 510510.006011121440679, 1617778.357962017180398 ], [ 511240.944454865239095, 1617409.149386603152379 ], [ 511803.133751317393035, 1616584.049064518883824 ], [ 512151.084398616687395, 1616178.516345240175724 ], [ 512272.288324835768435, 1616037.258782474556938 ], [ 513426.13943620538339, 1615574.14230055664666 ], [ 514203.127264436508995, 1615766.113294542999938 ], [ 514369.918582839542069, 1615807.326232524355873 ], [ 516956.617495450307615, 1616333.65343696763739 ], [ 518251.140703519107774, 1616276.261714561842382 ], [ 519135.136043896316551, 1616141.998292272211984 ], [ 520145.747705453250092, 1615859.713678295258433 ], [ 520912.095633859222289, 1615577.411709822714329 ], [ 521574.681509586109314, 1615315.278025929117575 ], [ 521941.262894748477265, 1614939.700241088867188 ], [ 522407.933328176906798, 1614461.60182955279015 ], [ 522869.729148549144156, 1613823.075988773722202 ], [ 523251.201631457312033, 1613152.665541392518207 ], [ 523551.563075771322474, 1612436.866103412117809 ], [ 523803.341978588723578, 1611836.879825869575143 ], [ 523808.70047767291544, 1611766.909174738684669 ], [ 523863.566002785402816, 1611050.505811253329739 ], [ 524395.136720918118954, 1610582.09015101310797 ], [ 524835.417886430514045, 1610578.754471097607166 ], [ 525118.487009554635733, 1610576.614031550474465 ], [ 525705.760468242340721, 1610325.013549361145124 ], [ 525655.562433650484309, 1609749.827048368519172 ], [ 525868.062983714626171, 1609195.293945657787845 ], [ 525807.367553560528904, 1608878.263577023986727 ], [ 525698.207657034159638, 1608308.110848737182096 ], [ 525452.356590243871324, 1608010.335400645853952 ], [ 525171.538082064944319, 1607670.219549987930804 ], [ 525118.823648284305818, 1607606.37541295750998 ], [ 525028.099061395972967, 1607496.496941811870784 ], [ 524997.957074027508497, 1606463.125293734716251 ], [ 524937.704341401113197, 1605157.4415427246131 ], [ 524556.200860786018893, 1604325.636597236385569 ], [ 524034.135334417340346, 1603579.582821201067418 ], [ 523692.793508863658644, 1603075.526665215147659 ], [ 523448.217593740206212, 1602735.960057929391041 ], [ 523351.437671118823346, 1602601.59500147588551 ], [ 522829.428521428664681, 1602404.249914117157459 ], [ 522465.79232982150279, 1602266.786015720572323 ], [ 522796.133127308858093, 1601654.846110438462347 ], [ 523112.72834450029768, 1601138.867208306677639 ], [ 523614.481068446068093, 1600623.606240438995883 ], [ 523589.547312665032223, 1599802.210656665731221 ], [ 523638.168344822013751, 1599558.586869823513553 ], [ 523804.211082787835039, 1598726.637770155677572 ], [ 523818.712135921814479, 1597926.786685313098133 ], [ 524046.577882056124508, 1597374.816022979328409 ], [ 524162.643145794339944, 1596768.554239607183263 ], [ 524508.921340666827746, 1596062.530931841349229 ], [ 524984.142869198461995, 1595379.817632809281349 ], [ 525271.643525175750256, 1594555.104507605312392 ], [ 525387.565661519649439, 1594250.478815080597997 ], [ 525844.650259893969633, 1593261.283150580246001 ], [ 526588.610154497437179, 1592580.537888946477324 ], [ 526600.921854946063831, 1592569.272772796684876 ], [ 526616.159557458711788, 1592501.314132185187191 ], [ 526747.999278096016496, 1591915.173644079361111 ], [ 526924.174554432509467, 1591123.612509839236736 ], [ 527536.79843894590158, 1591133.874692159239203 ], [ 528107.472299432964064, 1591217.873247086536139 ], [ 528880.838878471869975, 1591687.943743948359042 ], [ 528913.68018254917115, 1591707.905417321249843 ], [ 528940.504787049023435, 1591724.642994289752096 ], [ 529736.313126353081316, 1592221.197709578089416 ], [ 529749.936350667965598, 1592224.516101510263979 ], [ 530533.169830825878307, 1592415.315755823627114 ], [ 531288.248298666323535, 1592508.427653804654256 ], [ 531573.038468602462672, 1593155.677322751842439 ], [ 532428.641039234003983, 1593245.86176808946766 ], [ 532432.725027003092691, 1593378.586112610530108 ], [ 532451.907070937450044, 1594001.969451294280589 ], [ 532109.116321398993023, 1594662.647222085855901 ], [ 532050.891986232833005, 1595315.415311207063496 ], [ 532088.933998665073887, 1595987.589864131063223 ], [ 533144.220539355534129, 1595988.793446323601529 ], [ 533931.735533434897661, 1596142.077595561509952 ], [ 534481.239478645846248, 1596627.434458945179358 ], [ 534511.255242606508546, 1596701.629837593296543 ], [ 534843.66242433921434, 1597523.333946773316711 ], [ 534398.01077577250544, 1597757.53239322011359 ], [ 534254.475316470256075, 1597832.965716755250469 ], [ 534313.285397618310526, 1597915.783569535473362 ], [ 534369.299644827377051, 1597994.664389992831275 ], [ 534697.583799524931237, 1598456.97985191247426 ], [ 534741.711178345023654, 1598519.123378762742504 ], [ 534143.017067956854589, 1598599.643672579433769 ], [ 534089.421652905642986, 1598606.852585995802656 ], [ 533877.045298426761292, 1599261.259627296123654 ], [ 533874.738006652449258, 1600095.64704629406333 ], [ 533874.725173925166018, 1600100.290283481357619 ], [ 533849.914958107867278, 1600385.488871297799051 ], [ 533821.477650786167942, 1600712.388040764722973 ], [ 533864.526147778145969, 1600715.981184562901035 ], [ 533892.608543028705753, 1600718.325190890347585 ], [ 534030.983710888074711, 1600729.875446276506409 ], [ 534698.189733986160718, 1600785.578834201907739 ], [ 535499.707158470409922, 1600879.724601304391399 ], [ 535554.130438112537377, 1600886.118129139766097 ], [ 535559.938606316107325, 1600886.800386772025377 ], [ 535558.924044460756704, 1600888.643092168495059 ], [ 535189.632772812619805, 1601559.397438031155616 ], [ 534861.449339884449728, 1602209.504922745982185 ], [ 534867.457750724977814, 1602279.187851360999048 ], [ 534875.999349031480961, 1602378.255402247887105 ], [ 534917.394272194826044, 1602858.351818569935858 ], [ 535584.832282760646194, 1603410.232394880615175 ], [ 536186.290971613256261, 1603843.959219479234889 ], [ 536635.726199811790138, 1604303.035675095161423 ], [ 536638.430228476412594, 1604301.841879399958998 ], [ 537387.948456516722217, 1603970.965964668663219 ], [ 538078.239466307102703, 1603608.766564646270126 ], [ 538579.481857000733726, 1603112.626773125259206 ], [ 539300.174818225554191, 1602642.87404061993584 ], [ 539993.707314080675133, 1602461.811419140081853 ], [ 539801.875759078306146, 1603034.421332322061062 ], [ 539291.211257115588523, 1603700.136409560684115 ], [ 539304.762912637321278, 1604365.717828192748129 ], [ 539712.283202847116627, 1605124.060047260252759 ], [ 539611.259586691856384, 1606004.084298267029226 ], [ 539281.209916321793571, 1606815.470439093653113 ], [ 539721.858755948371254, 1607294.568896365119144 ], [ 540372.413429659907706, 1607125.137571320403367 ], [ 540826.240492212236859, 1607074.793881006538868 ], [ 541331.411752958782017, 1607018.764553213026375 ], [ 541446.366061167907901, 1607037.689205281203613 ], [ 541545.690667234244756, 1607054.04092606739141 ], [ 542149.783170790411532, 1607153.502381261903793 ], [ 542255.845682149752975, 1607171.747353084618226 ], [ 542928.63104388769716, 1607287.491585593903437 ], [ 543555.634063659817912, 1606994.643084818730131 ], [ 543683.065594431129284, 1606935.127661235863343 ], [ 544408.465980480192229, 1606494.171918037580326 ], [ 545250.044794129440561, 1606459.852118842303753 ], [ 545822.892729522427544, 1606460.152304538991302 ], [ 546136.040018126135692, 1606460.322103118291125 ], [ 546191.335384053294547, 1606058.327035537688062 ], [ 546232.107838175259531, 1605761.920357441762462 ], [ 546268.13967067131307, 1605732.553723030025139 ], [ 546647.111121786874719, 1605423.691488906508312 ], [ 546920.385417834157124, 1605200.980942187597975 ], [ 547120.660669882199727, 1605305.688422999111935 ], [ 547204.259020303376019, 1605349.395099254325032 ], [ 548003.352336098789237, 1605767.202926174039021 ], [ 548031.570810568868183, 1605776.628835875540972 ], [ 548835.141619874979369, 1606045.065579425543547 ], [ 548737.286623769672588, 1605264.090366448275745 ], [ 548712.543293227208778, 1604282.944825800834224 ], [ 549250.961425718502142, 1603875.255008792271838 ], [ 549765.003409817349166, 1604518.120463796425611 ], [ 550567.719851100351661, 1604803.256993106333539 ], [ 550402.227463695337065, 1604005.472081546206027 ], [ 550753.55995217373129, 1603565.357341526309028 ], [ 550929.60534767631907, 1602884.137574260355905 ], [ 551601.292606187518686, 1602962.939904311206192 ], [ 552270.922151857172139, 1603237.99230545735918 ], [ 552566.746089140768163, 1603521.086016666842625 ], [ 552599.937497349572368, 1603537.750034806318581 ], [ 552608.702709348639473, 1603561.23785863420926 ], [ 552660.812446471070871, 1603700.874993504025042 ], [ 552883.999961711466312, 1603863.874971858225763 ], [ 553026.062459764885716, 1604067.625041389837861 ], [ 553147.9276800211519, 1604128.811735408147797 ], [ 553331.147486940841191, 1604949.691506390692666 ], [ 553518.869780078763142, 1606060.217200657585636 ], [ 553779.296430015936494, 1607157.168926389655098 ], [ 553908.246677590534091, 1607928.331820209044963 ], [ 553732.004408212029375, 1608699.019863289548084 ], [ 553498.635293458355591, 1609351.084179238183424 ], [ 553258.492077481583692, 1610201.293654551263899 ], [ 553123.282483800896443, 1611276.709616792621091 ], [ 552960.963394848164171, 1612203.896512046921998 ], [ 552331.938394682831131, 1612937.466523137176409 ], [ 551895.699950887705199, 1613477.409346684347838 ], [ 551459.417324888519943, 1613874.852110964013264 ], [ 551432.364534623455256, 1614540.434017227264121 ], [ 551921.071250360226259, 1615260.466517423046753 ], [ 552316.762611199636012, 1616106.052207035245374 ], [ 552778.390949433087371, 1616910.949890855234116 ], [ 552511.230529860360548, 1617763.409948569955304 ], [ 552397.924063576268964, 1618591.638808522839099 ], [ 552408.914749333518557, 1618623.615302589489147 ], [ 552589.451369105488993, 1619148.884617132833228 ], [ 552798.185907657025382, 1619341.033933288417757 ], [ 553001.93249051773455, 1619528.596390270162374 ], [ 553060.17002344399225, 1619597.817047060700133 ], [ 553259.374987592920661, 1619834.594381448812783 ], [ 553469.626510115340352, 1620084.508665931876749 ], [ 553528.607813700800762, 1620154.617809565505013 ], [ 553810.002176718204282, 1621237.298896454507485 ], [ 553888.764216877520084, 1621965.670831634197384 ], [ 554122.183525613159873, 1622662.539792288094759 ], [ 554151.423464652849361, 1622641.158821436809376 ], [ 554910.720207311678678, 1622085.967168490868062 ], [ 555098.405895978561603, 1622262.306679791770875 ], [ 555139.612432254594751, 1622301.022806237218902 ], [ 555413.65780879103113, 1622558.510234547313303 ], [ 555533.897573824157007, 1622671.487768175080419 ], [ 555614.218539190595038, 1622636.343045376474038 ], [ 556293.824910273193382, 1622338.993294026004151 ], [ 557098.24018332362175, 1622009.060663537820801 ], [ 557867.688824246753938, 1621842.4875181352254 ], [ 558586.259964720346034, 1621936.434820172376931 ], [ 559141.643034854438156, 1621859.55235127103515 ], [ 559813.564113400061615, 1621765.584361709654331 ], [ 560670.767512444639578, 1621886.008214146830142 ], [ 561333.388405400095508, 1621893.686813418520615 ], [ 561931.148544879280962, 1621893.678279659245163 ], [ 562455.116236991714686, 1621663.045945006422698 ], [ 563050.346176421851851, 1621329.913168979575858 ], [ 563660.789455225109123, 1621041.623554292600602 ], [ 564131.372538640047424, 1620527.107570591382682 ], [ 564697.306273076683283, 1619920.642779181478545 ], [ 565237.837984094163403, 1619382.510885549942032 ], [ 565797.419999066740274, 1619004.535152777563781 ], [ 566560.486763697816059, 1618408.744590818416327 ], [ 567056.522787020774558, 1618152.488091361010447 ], [ 567250.458235484082252, 1617326.081032015150413 ], [ 567396.681072328006849, 1616358.831532646901906 ], [ 567724.160523850820027, 1615148.079275247873738 ], [ 568251.988825827953406, 1614501.042889937292784 ], [ 568683.707355700200424, 1614008.100155545165762 ], [ 569256.681253486895002, 1613719.467641084222123 ], [ 570019.782414735294878, 1613418.362969621317461 ], [ 570812.530508080031723, 1613061.737421318888664 ], [ 571406.208292967872694, 1613219.316088359104469 ], [ 571793.951794799184427, 1613322.243015609448776 ], [ 571818.165687984554097, 1613308.828995499992743 ], [ 572580.360272796358913, 1612886.607531553367153 ], [ 572903.254337187390774, 1612916.351851355517283 ], [ 573023.441299860365689, 1612927.424278539605439 ], [ 573275.64312495465856, 1612950.660828611114994 ], [ 573763.131138206110336, 1612339.967654673149809 ], [ 574280.359624543460086, 1611682.33691867464222 ], [ 575056.140017694793642, 1610772.640501481480896 ], [ 575305.395003240788355, 1609998.763964157784358 ], [ 575933.664236085489392, 1609312.006537559209391 ], [ 576416.946108824806288, 1608825.125617852434516 ], [ 577048.624414592050016, 1608859.282632709480822 ], [ 577803.215334548964165, 1608568.855988641036674 ], [ 578515.411307808943093, 1608325.408792989328504 ], [ 579132.281450663809665, 1608351.024432466132566 ], [ 579933.511652349960059, 1608261.325210150098428 ], [ 580830.13453306350857, 1608158.812877423828468 ], [ 581669.529920169268735, 1607970.882827199529856 ], [ 582610.65644212719053, 1607671.975428280187771 ], [ 582797.187515665660612, 1606834.953143742168322 ], [ 583450.022793242824264, 1606168.696437392849475 ], [ 583704.394575412617996, 1605660.464971545385197 ], [ 584038.260754891321994, 1605260.070425437996164 ], [ 584632.796404189430177, 1604396.287894306238741 ], [ 585291.318318238132633, 1603873.758673691190779 ], [ 585408.604300518636592, 1603194.133917527273297 ], [ 585973.068193473154679, 1603129.448760771658272 ], [ 586148.450714056496508, 1603109.353387788403779 ], [ 586314.13620478042867, 1603090.370230119209737 ], [ 586931.571339255315252, 1602445.176443991716951 ], [ 587298.646114578819834, 1601794.360537007218227 ], [ 587632.361739739542827, 1601230.794760170159861 ], [ 588366.545263163396157, 1600855.013244463596493 ], [ 588980.599537943024188, 1600989.150306718656793 ], [ 589585.721837213262916, 1601512.534163476899266 ], [ 590675.875171778607182, 1600913.146248545730487 ], [ 591263.189372739871033, 1600371.868366529699415 ], [ 592317.733121640514582, 1600103.540337588405237 ], [ 592891.732841550372541, 1599419.159761395305395 ], [ 593412.300580452079885, 1599164.152537469286472 ], [ 594039.682637695106678, 1598989.706421399023384 ], [ 594827.240825409069657, 1597909.509897831594571 ], [ 595973.117265424574725, 1596977.297999160829931 ], [ 595981.90189818223007, 1596970.15186142642051 ], [ 596495.836444979417138, 1596117.991173939080909 ], [ 597043.088426463771611, 1595675.171681186649948 ], [ 598244.468155212583952, 1594695.594345178687945 ], [ 599579.320706036523916, 1593823.327043390134349 ], [ 600473.67403785767965, 1593501.314915065886453 ], [ 601167.805079723591916, 1593138.930818209890276 ], [ 601835.254950783215463, 1593219.482636725064367 ], [ 602395.890664675971493, 1593353.661997561343014 ], [ 602889.779306856566109, 1593729.341030240990222 ], [ 603090.869378176052123, 1593957.632994971470907 ], [ 603268.000416567432694, 1594158.730000788113102 ], [ 603346.641913883970119, 1594205.375260463450104 ], [ 603984.373399799573235, 1594583.654062783112749 ], [ 604560.730110225034878, 1594994.937498152488843 ], [ 604705.235727195278741, 1595098.059959601145238 ], [ 604718.588583734817803, 1595679.578663745196536 ], [ 604813.515589979942888, 1595776.168329344363883 ], [ 605051.349907383322716, 1596018.173222674289718 ], [ 605422.957064106827602, 1596396.311681671999395 ], [ 605722.3069468770409, 1596700.935949758160859 ], [ 606093.487095941556618, 1595769.037216590950266 ], [ 606247.127332927193493, 1595814.022076349472627 ], [ 608888.606696016853675, 1596587.590301777003333 ], [ 610817.734730627969839, 1598625.958770438563079 ], [ 612427.73551830498036, 1600376.551464039366692 ], [ 613719.816351648420095, 1601838.194289460778236 ], [ 615877.078220215626061, 1602628.083184500457719 ], [ 617359.83505209221039, 1602225.794582603033632 ], [ 622838.135565691743977, 1603115.284454233711585 ], [ 626406.627843446331099, 1602273.764955235179514 ], [ 631759.355852472712286, 1601012.968882258981466 ], [ 636723.352497303741984, 1598233.342717958847061 ], [ 643474.249034010688774, 1595035.650175079004839 ], [ 649288.96750609728042, 1591279.739829363301396 ], [ 651665.467610579682514, 1590225.888379601296037 ], [ 655760.068746704026125, 1588410.86864598793909 ], [ 666707.569914442952722, 1581616.601685685338452 ], [ 675640.839258582447655, 1575421.019349730340764 ], [ 678085.701666244887747, 1573726.439494000514969 ], [ 680339.629746640799567, 1571950.425354194361717 ], [ 679983.619618953205645, 1571745.905678748385981 ], [ 680345.4487531890627, 1571945.840781619539484 ], [ 698308.893173962598667, 1557806.419203702593222 ], [ 712898.684860806562938, 1545297.989092189120129 ], [ 717768.70370162348263, 1541181.270655880915001 ], [ 724490.575297907460481, 1535270.803729332517833 ], [ 726879.357784326304682, 1532926.591088098706678 ], [ 734454.964574161218479, 1525496.196249512024224 ], [ 736951.404669831972569, 1523129.382520761573687 ], [ 739606.015360373537987, 1520906.962841145694256 ], [ 743374.205651291646063, 1517088.053193296305835 ], [ 745442.840140398358926, 1514498.155799077358097 ], [ 747801.56181146716699, 1511545.796830002916977 ], [ 750313.644908518879674, 1508030.019718397175893 ], [ 754322.361077043460682, 1504428.047151298960671 ], [ 757388.678722550161183, 1501417.230101168388501 ], [ 761777.898099120473489, 1497870.675245565362275 ], [ 764075.107599698822014, 1495901.031491855857894 ], [ 766237.699204307049513, 1493896.144985880702734 ], [ 774085.464565147762187, 1486442.639124246779829 ], [ 779218.487866637762636, 1481247.432476872112602 ], [ 782903.295042118639685, 1477054.9413858843036 ], [ 787205.429562286008149, 1473132.795399473281577 ], [ 792076.428881876170635, 1468567.357540120370686 ], [ 796664.63011290715076, 1464324.880801876075566 ], [ 802057.367297500837594, 1458199.621014813892543 ], [ 812174.566679621813819, 1448822.114214884350076 ], [ 812778.989797682734206, 1448120.023663212312385 ], [ 816954.335643754224293, 1443271.123604936990887 ], [ 817873.634961672127247, 1442203.790308069903404 ], [ 822500.334290929837152, 1437154.84362735808827 ], [ 823991.05127373081632, 1434491.326168774161488 ], [ 825302.668864448554814, 1431837.909176517045125 ], [ 826671.04518008173909, 1430288.126825858606026 ], [ 827821.070884555112571, 1428012.672821576939896 ], [ 829294.150713873561472, 1424982.462129572639242 ], [ 830282.514729462680407, 1423083.847699623089284 ], [ 831119.79758160491474, 1421748.237095822114497 ], [ 831803.810059226234443, 1420972.283030524849892 ], [ 833344.84639394597616, 1419228.654980736784637 ], [ 834714.218579311156645, 1417677.930540740024298 ], [ 836093.489492956083268, 1416311.196144059998915 ], [ 836124.200618038885295, 1416033.851131672272459 ], [ 836216.571804250590503, 1415199.664028090192005 ], [ 838100.907032361021265, 1413067.10720852878876 ], [ 838916.750206375028938, 1412404.522570185596123 ], [ 840535.916807212866843, 1411089.66159578342922 ], [ 842753.935104633448645, 1408387.601647529751062 ], [ 847190.09327065339312, 1402982.590856477152556 ], [ 848713.572414405411109, 1400871.411317100282758 ], [ 849731.852723780320957, 1399524.922412052750587 ], [ 850619.234920385177247, 1398745.03063278994523 ], [ 851404.6293742924463, 1397683.670108422404155 ], [ 852312.952113923383877, 1396802.163684813771397 ], [ 853151.891543878009543, 1395466.794896526262164 ], [ 856514.794455162715167, 1390304.903318587224931 ], [ 860231.082827208912931, 1388106.536176087334752 ], [ 864237.115546745830216, 1386098.317364300834015 ], [ 869635.331601977697574, 1380865.189966652076691 ], [ 866032.607529233791865, 1376450.276444282615557 ], [ 863175.800598284462467, 1372721.155618316261098 ], [ 861715.764636961044744, 1368519.166071847779676 ], [ 859910.381946986191906, 1362865.400162327336147 ], [ 858175.616694195778109, 1361244.63694464834407 ], [ 854224.193462210707366, 1357811.6756970603019 ], [ 844948.441449265461415, 1343734.378503886284307 ], [ 840467.896895655663684, 1338484.195213457336649 ], [ 833132.734527194406837, 1325727.299998747883365 ], [ 829537.56735653791111, 1320209.694912555161864 ], [ 821329.114084915141575, 1307975.786132480250672 ], [ 817958.207513978006318, 1305344.477195873158053 ], [ 815645.433535361196846, 1303539.684844579547644 ], [ 815137.763527999864891, 1303143.579532021190971 ], [ 808371.171244281460531, 1299460.95578650617972 ], [ 805326.224687218433246, 1288835.414607629645616 ], [ 805105.373002206906676, 1288065.171852847095579 ], [ 804198.129291790304706, 1284802.564205389935523 ], [ 802047.483938192715868, 1277072.659085829043761 ], [ 801077.660585491685197, 1273588.814510856056586 ], [ 804913.545832989504561, 1259571.787111055338755 ], [ 806629.237644519540481, 1248553.671647828770801 ], [ 807031.62155431183055, 1245969.75736309424974 ], [ 806549.22167640097905, 1236047.011892448877916 ], [ 806211.920492912176996, 1228365.329653250519186 ], [ 806158.448812986025587, 1226220.100225736852735 ], [ 806024.428359878715128, 1220851.188542505027726 ], [ 804863.902682414627634, 1218287.543645808938891 ], [ 806922.726663515670225, 1215786.029518337920308 ], [ 807293.291774771176279, 1215631.347239780472592 ], [ 807309.709983714972623, 1215624.494063122663647 ], [ 807501.557460858253762, 1215544.414701775182039 ], [ 810095.295655383495614, 1214461.89402629295364 ], [ 814999.766909166239202, 1213155.637178176781163 ], [ 818957.550578422960825, 1212394.399914644425735 ], [ 821393.28758672636468, 1212018.394725159043446 ], [ 827053.394244159571826, 1211212.688177183037624 ], [ 830089.911891049239784, 1211519.766550231259316 ], [ 836685.222549823927693, 1215208.501575816888362 ], [ 841605.916677031898871, 1217696.597737249685451 ], [ 846649.284037165809423, 1217842.554748201975599 ], [ 860737.15479149366729, 1219225.037925285520032 ], [ 867110.60221855272539, 1220156.485367506276816 ], [ 882614.581696509383619, 1225258.207798589020967 ], [ 894298.848601560923271, 1228496.343353780917823 ], [ 896092.863706443575211, 1228829.40214153402485 ], [ 897753.518177621997893, 1229137.801826959243044 ], [ 897811.236476709018461, 1229148.522448674542829 ], [ 909497.462437297683209, 1227194.655716434819624 ], [ 909631.255788858514279, 1227172.310617956100032 ], [ 910926.996837621787563, 1225103.184823789168149 ], [ 912017.993366567883641, 1221137.697134376736358 ], [ 914562.402384351706132, 1218354.047101090429351 ], [ 914616.424089579028077, 1218327.345193059416488 ], [ 916628.255653490428813, 1217333.015002708649263 ], [ 920402.514407095732167, 1217082.969881576485932 ], [ 920654.061548393918201, 1217066.319981904467568 ], [ 921828.4462353506824, 1216988.612874160520732 ], [ 922289.864988916437142, 1216958.092836946714669 ], [ 925395.543998718028888, 1216752.837276621256024 ], [ 931181.952733195037581, 1219084.915621195919812 ], [ 930457.848243979737163, 1217743.917400178266689 ], [ 928338.948255628114566, 1213820.841404274106026 ], [ 921584.71075489372015, 1206745.178951986599714 ], [ 919815.506500299903564, 1204691.371115833055228 ], [ 911790.079735291888937, 1194233.361418742919341 ], [ 901099.608533898601308, 1177759.923617194406688 ], [ 902953.85787824599538, 1172227.598250256385654 ], [ 906120.497493901057169, 1167094.081781709101051 ], [ 907545.491002299357206, 1165095.510850595775992 ], [ 910254.411283085006289, 1162664.587227810639888 ], [ 914633.532609412446618, 1158269.186451518442482 ], [ 915880.221934409346431, 1154652.894769246457145 ], [ 916344.879782347474247, 1151726.645609063096344 ], [ 916621.868080038810149, 1149982.222903856309131 ], [ 916967.331631572218612, 1146601.057441845536232 ], [ 917064.201191131258383, 1146288.590388191631064 ], [ 918203.308412095298991, 1142614.390017590951174 ], [ 918666.609317781520076, 1141353.212955564493313 ], [ 922031.90693807345815, 1132193.654401257866994 ], [ 923535.37696916423738, 1130118.280211182311177 ], [ 925294.162471358198673, 1128277.655015192460269 ], [ 926516.115522132022306, 1126998.963686727453023 ], [ 930040.729975761380047, 1124348.407592247473076 ], [ 933407.742463572300039, 1122695.767340851714835 ], [ 935576.84341264795512, 1121537.911942166276276 ], [ 936424.308915558503941, 1121085.585995137225837 ], [ 936733.703804637538269, 1120743.158966798335314 ], [ 938556.348047762410715, 1118726.058260324643925 ], [ 940042.876916771871038, 1117081.103786427993327 ], [ 941410.835220716078766, 1113634.424247727263719 ], [ 942499.330929674208164, 1110892.101574867032468 ], [ 943427.066921257646754, 1107363.238491595257074 ], [ 944437.533441571285948, 1104619.000488471705467 ], [ 945715.381922997534275, 1102479.891679352149367 ], [ 948082.860163167933933, 1099860.902799647301435 ], [ 950959.618053464218974, 1098126.149565625470132 ], [ 955095.762523462763056, 1097500.209191482281312 ], [ 956643.705289060832001, 1097519.548365664435551 ], [ 958675.293995628133416, 1097545.029796559829265 ], [ 960250.841681975056417, 1096864.791191516211256 ], [ 961292.57064410392195, 1096415.070876099402085 ], [ 962616.970251106191427, 1094593.05711355060339 ], [ 963122.85190113983117, 1093897.140596049837768 ], [ 963616.340973630081862, 1093218.292769191320986 ], [ 963638.378148451680318, 1093115.111874069320038 ], [ 965125.079437201027758, 1086154.090640036156401 ], [ 966139.463604937307537, 1080793.107556646224111 ], [ 967789.830890762852505, 1073484.278012371854857 ], [ 968551.645419650012627, 1071245.37532536033541 ], [ 969464.457139477599412, 1069163.561939508188516 ], [ 970365.058256853604689, 1067972.992217703023925 ], [ 972787.582526603713632, 1067294.941308961249888 ], [ 975352.191165379947051, 1066357.128248908091336 ], [ 975846.969784185057506, 1065833.877133550355211 ], [ 975865.173045067116618, 1065842.823118192143738 ], [ 975945.786993459565565, 1065882.441260205348954 ], [ 975949.395161350024864, 1065884.214446794940159 ], [ 976531.964408366242424, 1065114.608679495053366 ], [ 977564.142466930439696, 1064076.623198890127242 ], [ 977677.572048221016303, 1063898.057682506507263 ], [ 981422.1759954537265, 1059938.843675721203908 ], [ 981843.1639713072218, 1059493.779673453420401 ], [ 983412.647061650408432, 1056817.504814070416614 ], [ 986422.597015414386988, 1051685.627465936122462 ], [ 986469.099352424498647, 1051606.349132106639445 ], [ 986401.802658717962913, 1050889.731203922536224 ], [ 986364.354726245161146, 1050491.0037074345164 ], [ 986214.128103820607066, 1048891.76671116030775 ], [ 986327.064548058551736, 1045982.268275532638654 ], [ 986472.200267376611009, 1045829.778985802433454 ], [ 988093.740160580840893, 1044126.162849650951102 ], [ 993803.863733221893199, 1040724.753127503907308 ], [ 999545.987828901503235, 1037305.5325739615364 ], [ 1000702.772291815141216, 1036616.710533829289488 ], [ 1003781.415390362031758, 1035285.753723257337697 ], [ 1008203.721320053795353, 1037202.217733010998927 ], [ 1008618.911120899370871, 1037382.187660428346135 ], [ 1011697.930341181927361, 1034630.34987551800441 ], [ 1011905.026596866780892, 1034445.27583547285758 ], [ 1012628.219170330557972, 1033799.001896422589198 ], [ 1019832.081918610259891, 1027362.663352140109055 ], [ 1022225.773531902697869, 1025242.695850935066119 ], [ 1034663.276028529973701, 1014231.585844650981016 ], [ 1047578.504677752847783, 1002804.726647754199803 ], [ 1051391.827079847920686, 999432.226496128598228 ], [ 1057368.743595000123605, 997531.220423489110544 ], [ 1062981.435082179028541, 995746.873362048179843 ], [ 1070814.980903389630839, 993257.800205660867505 ], [ 1071000.552874447312206, 993198.854008733178489 ], [ 1122379.941664774436504, 976910.787183237378486 ], [ 1123600.133327946066856, 976524.73844929668121 ], [ 1126238.068507915362716, 975690.259562238818035 ], [ 1127561.340655466075987, 975271.720631403964944 ], [ 1217344.847854046151042, 946475.809222304145806 ], [ 1265401.919181627687067, 931455.757260522106662 ], [ 1283128.422195792663842, 925827.7375394575065 ], [ 1283785.133849610108882, 925619.236981591093354 ], [ 1308169.990583721082658, 917877.244456464773975 ], [ 1318000.546000927686691, 914750.053214331273921 ], [ 1317993.000785891199484, 914737.391972693149 ], [ 1320855.374053946230561, 913822.199564742506482 ], [ 1323028.731805088464171, 913127.307433533482254 ], [ 1334324.758864114526659, 909515.605719867395237 ], [ 1356131.071453726384789, 902544.648743915837258 ], [ 1360951.581928789615631, 901004.895674890954979 ], [ 1366528.808442666893825, 899195.486887059640139 ], [ 1371987.877706242259592, 897425.600287873647176 ], [ 1383777.670251491013914, 893603.227965720347129 ], [ 1385704.261955029331148, 893082.718374102143571 ], [ 1389829.032226877752692, 893209.755407524644397 ], [ 1394045.779901915229857, 893339.625233133905567 ], [ 1442140.593967898748815, 894445.796369464369491 ], [ 1452002.897313017165288, 894679.021133627393283 ], [ 1467477.939320314209908, 895039.204969356069341 ], [ 1479090.846177273895591, 895226.853926057810895 ], [ 1484881.651366805890575, 895352.787636458990164 ], [ 1490155.228788767941296, 895533.576563626527786 ], [ 1494441.072950255358592, 895680.968349075759761 ], [ 1494334.711038652341813, 895342.821308273705654 ], [ 1493994.21878571738489, 894996.166524893604219 ], [ 1491677.656800690107048, 892642.450092514976859 ], [ 1491377.437045983038843, 892337.330423798062839 ], [ 1489131.088144734501839, 890054.655332066118717 ], [ 1488054.475614831782877, 888960.842897361144423 ], [ 1485256.093354881275445, 886118.389336921158247 ], [ 1484681.421547042904422, 885551.856470276834443 ], [ 1482761.424849530681968, 883659.318377457209863 ], [ 1479141.005837293807417, 880091.788749197614379 ], [ 1479022.815515789203346, 879975.349434899515472 ], [ 1475380.864403882296756, 876388.111306078615598 ], [ 1472265.371065694605932, 873320.579892893205397 ], [ 1469714.834420502418652, 870810.099816949223168 ], [ 1468716.487063446547836, 869827.657069752691314 ], [ 1464952.098457938991487, 866124.215308680431917 ], [ 1464371.925755066797137, 865553.572877574479207 ], [ 1461375.605696482118219, 862607.052700128988363 ], [ 1458365.928993111010641, 859648.374628530000336 ], [ 1447153.334271903149784, 848613.332111715804785 ], [ 1446556.03335970081389, 848022.329233604832552 ], [ 1445861.885202531469986, 847335.548449790338054 ], [ 1410309.577946797246113, 812274.403700371040031 ], [ 1385356.655047494452447, 787666.210622682818212 ], [ 1382755.295808672206476, 784924.186764887184836 ], [ 1382474.547413702122867, 784628.302178403944708 ], [ 1361463.420666546095163, 762508.94391330156941 ], [ 1338209.220002010464668, 738083.504929674090818 ], [ 1310004.29201495856978, 708414.252373229013756 ], [ 1293462.940737233031541, 691014.118374667945318 ], [ 1289061.006268531316891, 686394.466835105326027 ], [ 1276139.115729403682053, 672843.77696658927016 ], [ 1275455.081730620469898, 672126.903504922520369 ], [ 1275340.446800110861659, 672002.776297400938347 ], [ 1271667.733247213065624, 668026.645269142929465 ], [ 1265095.223556546727195, 660691.208004966028966 ], [ 1245361.495071467244998, 638693.727627759217285 ], [ 1236232.99125089077279, 628479.402804912882857 ], [ 1220341.352795277955011, 610717.348549899761565 ], [ 1208203.16104998299852, 597168.06857647083234 ], [ 1207678.987815128173679, 596583.278179524000734 ], [ 1207384.412649437319487, 596255.884844412561506 ], [ 1176985.176452262094244, 562513.310757545055822 ], [ 1174713.208622388541698, 559957.550249827792868 ], [ 1167246.465953512582928, 551561.449362837360241 ], [ 1166380.905662034638226, 550635.464127811021172 ], [ 1165283.603631158126518, 549461.514616245753132 ], [ 1160951.855203797807917, 544828.157969003776088 ], [ 1140494.046813820954412, 545941.377809546655044 ], [ 1140723.69947401736863, 546596.133471384411678 ], [ 1140653.92390066338703, 546595.54193178168498 ], [ 1140432.704755523242056, 545944.723715426633134 ], [ 1112116.163017134880647, 547494.336853657150641 ], [ 1107004.529055812163278, 547813.013948496431112 ], [ 1091303.151539481710643, 548627.990034021320753 ], [ 1087327.051240644650534, 548834.869809522293508 ], [ 1079686.31705984659493, 549236.05656587460544 ], [ 1061574.629046812653542, 550236.319913331535645 ], [ 1052991.979330585338175, 550663.809818289708346 ], [ 1050544.71663339366205, 549351.640182661707513 ], [ 1046370.372147161979228, 547439.884743219474331 ], [ 1042484.333136071800254, 546117.588750057737343 ], [ 1038999.992284870357253, 545105.855516868992709 ], [ 1036468.321230596164241, 544686.998775514657609 ], [ 1035805.24829038803, 544595.418839972815476 ], [ 1035398.405102777644061, 544539.240507085574791 ], [ 1032671.596591733628884, 540104.594826164189726 ], [ 1003928.404981535393745, 531092.414965500123799 ], [ 1000903.491444060695358, 534558.384180843248032 ], [ 1000431.925431610434316, 535453.019386222702451 ], [ 1000129.033453013747931, 535332.293567823828198 ], [ 998435.556580866221339, 534657.351749679422937 ], [ 990241.527165405917913, 531061.159608264220878 ], [ 987250.204769015777856, 529748.740391495870426 ], [ 985661.088837316259742, 529051.617140160407871 ], [ 983833.50092256302014, 528249.955746066523716 ], [ 983757.480490184621885, 528215.447227841592394 ], [ 979704.751037204754539, 526375.969809878966771 ], [ 965505.105325877899304, 519546.277855776890647 ], [ 961581.622249977197498, 517152.187471892859321 ], [ 953019.411420882446691, 510206.784141866432037 ], [ 952462.829758655629121, 509742.421499908552505 ], [ 942488.997636760468595, 501421.135082890512422 ], [ 940632.557486355770379, 499071.868763451988343 ], [ 939349.918962124735117, 496494.265059226599988 ], [ 938180.90062200895045, 492609.910419301479124 ], [ 936778.920317823532969, 486246.969986002601217 ], [ 936383.031303271884099, 485522.157559741986915 ], [ 935278.553281822241843, 483500.175315773696639 ], [ 930485.771711962879635, 478412.145160711253993 ], [ 928161.273413201328367, 476892.481187684345059 ], [ 925495.209477451397106, 475833.219799043959938 ], [ 924479.805663647013716, 475555.883539371658117 ], [ 922427.633147149579599, 474995.427660375193227 ], [ 919042.990621621487662, 474071.22165045683505 ], [ 918491.683706918964162, 473920.700360343791544 ], [ 915405.417180081829429, 473290.795432564627845 ], [ 913816.072672884678468, 473106.940358629159164 ], [ 905988.941541146137752, 472352.69310733518796 ], [ 902230.664364520693198, 471858.653622436686419 ], [ 895733.06232410192024, 470331.745807576866355 ], [ 896030.852080255164765, 470115.382710240839515 ], [ 898117.588396057020873, 466778.509455963911023 ], [ 896879.503942295908928, 466472.199469969724305 ], [ 895966.113353561144322, 466227.461851854401175 ], [ 894724.294191672001034, 465824.34233595058322 ], [ 893401.585129086393863, 465674.526129173929803 ], [ 891703.48838103772141, 465451.209736792952754 ], [ 890524.944406849797815, 465431.911685960716568 ], [ 888009.036825929535553, 465390.769205202988815 ], [ 887086.953653311356902, 465465.388402945187408 ], [ 885941.257401201408356, 465395.065951034601312 ], [ 885561.018435964826494, 465350.807843976537697 ], [ 883867.787678811699152, 465153.745997899735812 ], [ 882610.617303614504635, 465007.457773118570913 ], [ 879664.983383425045758, 464539.100072875968181 ], [ 874325.129634133423679, 463873.671306958596688 ], [ 869437.307614151854068, 463500.515475154446904 ], [ 862675.005201275460422, 463074.734973353915848 ], [ 854594.714218084118329, 462630.664475473575294 ], [ 848494.363493068609387, 462662.079201449465472 ], [ 846117.817489823559299, 462674.432536761567462 ], [ 843957.192714765900746, 462671.848002452403307 ], [ 842838.059213759028353, 462627.377027655544225 ], [ 842491.645374055951834, 462452.50334151298739 ], [ 842476.189147673430853, 462433.214087921543978 ], [ 842005.000337319914252, 462180.400275994616095 ], [ 840770.476240406744182, 461395.743654250283726 ], [ 839891.532469103927724, 460642.586631045793183 ], [ 838790.106098561082035, 459529.138467906916048 ], [ 837907.30781404604204, 458446.386324250430334 ], [ 837043.052386176772416, 457386.532018184429035 ], [ 834095.284741717623547, 453976.233911418297794 ], [ 833130.713133238372393, 453070.755139302345924 ], [ 830801.468720156699419, 453263.425017247442156 ], [ 830270.714593556011096, 451642.402553353982512 ], [ 830099.910736234858632, 451510.720900735643227 ], [ 829458.562658810289577, 451587.310835408861749 ], [ 827168.797159742563963, 448875.568463671486825 ], [ 827147.813349365256727, 447649.782925926032476 ], [ 827159.064046971267089, 447587.282210926699918 ], [ 827252.022720341337845, 447076.183940388669726 ], [ 827483.961331434198655, 445800.930329018563498 ], [ 826877.45845757285133, 444557.304546974773984 ], [ 825548.07951805437915, 443459.048830462619662 ], [ 824986.893511913483962, 442995.449295809608884 ], [ 824437.339214897016063, 442053.620418851263821 ], [ 823580.083356447634287, 441705.657556441263296 ], [ 823512.209205946302973, 441678.107104638474993 ], [ 823441.239131124690175, 441531.310149898694362 ], [ 822829.029792902991176, 440264.994324078841601 ], [ 821960.79273969004862, 439983.681694178609177 ], [ 821960.009315411327407, 439984.163270369055681 ], [ 821376.093418739037588, 440343.113879120501224 ], [ 820960.695354378083721, 440306.140184452931862 ], [ 820112.657997588859871, 439546.130005458078813 ], [ 820002.266965607181191, 439447.199857779603917 ], [ 819637.690514211426489, 439120.477627746236976 ], [ 818779.767940925317816, 438877.36659767938545 ], [ 818051.345461942604743, 438670.960896831529681 ], [ 817673.684198509668931, 438388.768419185769744 ], [ 817633.535692994482815, 438316.241331015422475 ], [ 817326.753331352258101, 437762.057123405160382 ], [ 817256.515721027739346, 437635.176959269214422 ], [ 816745.507975229527801, 437164.715113952988759 ], [ 816009.91717993398197, 437147.258733594266232 ], [ 815961.884219971019775, 437195.474161390506197 ], [ 815464.046009478974156, 437695.202874035050627 ], [ 815193.696030435385182, 437399.675428640621249 ], [ 815042.845722186379135, 437083.985717376170214 ], [ 814911.208552699536085, 436808.504256590444129 ], [ 814681.833245012909174, 436681.095257252804004 ], [ 814222.717324177036062, 436782.807748840888962 ], [ 813662.206688525155187, 436528.019885068002623 ], [ 813254.563863551826216, 436706.034866556816269 ], [ 813178.315242127981037, 436935.201141774654388 ], [ 813458.621029060799628, 437546.378951257502194 ], [ 813437.937934923451394, 437569.6161728297011 ], [ 813418.845556013402529, 437591.066269955597818 ], [ 813254.749435308855027, 437775.42771322815679 ], [ 812721.066079092910513, 437786.541148959368002 ], [ 812057.314649032545276, 437800.363142262620386 ], [ 811597.619504608912393, 437952.978248944040388 ], [ 811190.519344627391547, 437723.737508154474199 ], [ 810757.115451565012336, 437876.312921798671596 ], [ 810375.091844574548304, 438258.060150170524139 ], [ 810170.861606359714642, 439225.498720426054206 ], [ 810171.855642070295289, 439231.101420230523217 ], [ 810297.340158536448143, 439938.380870865250472 ], [ 810119.07917969301343, 440371.155277210054919 ], [ 809533.166062158765271, 440116.298816886497661 ], [ 809331.957112673902884, 440131.69697721360717 ], [ 809201.960607706336305, 440141.645347426703665 ], [ 808972.669704205356538, 440370.606288325157948 ], [ 808513.875041543506086, 439759.516022670315579 ], [ 807902.26567200710997, 439580.94713496248005 ], [ 805838.49625018145889, 440063.951512433588505 ], [ 805809.46983113931492, 440250.101915002276655 ], [ 805786.940928171155974, 440394.903196189319715 ], [ 805990.687510969117284, 440955.091103772865608 ], [ 805557.576498317299411, 441031.21350144216558 ], [ 805047.903053560294211, 440801.869472547026817 ], [ 804742.149363902863115, 441081.842006026825402 ], [ 804360.255831391550601, 440928.967493827454746 ], [ 803799.375425091013312, 441183.265334089577664 ], [ 803620.898452649591491, 441692.383778160845395 ], [ 803187.70756677351892, 441157.56894818431465 ], [ 802449.030798642197624, 441208.233181958959904 ], [ 802116.845063368789852, 441793.643154891266022 ], [ 801353.724921957822517, 440775.04092511930503 ], [ 799009.574322197819129, 440188.614838453184348 ], [ 798449.14741412200965, 439271.855487023422029 ], [ 798066.425808804342523, 439373.531941019697115 ], [ 797684.531182464212179, 439220.697728501516394 ], [ 796996.889627332799137, 438176.622342376795132 ], [ 795824.355236515169963, 438812.672929566295352 ], [ 794856.181082566967234, 438786.873926164931618 ], [ 792231.257058723596856, 440644.100890294706915 ], [ 791797.695151323336177, 440745.843662733910605 ], [ 790703.083908967673779, 439701.693221538094804 ], [ 789632.609201167244464, 439599.483570258540567 ], [ 788970.248469966696575, 439802.771980738034472 ], [ 787976.598951929714531, 439267.860993095790036 ], [ 787391.002559475600719, 439191.210667502251454 ], [ 786727.806890650419518, 439394.61691283545224 ], [ 786091.268107690149918, 439343.510607755277306 ], [ 785366.119638328673318, 439025.032089832646307 ], [ 785046.935316911200061, 438884.832437895354815 ], [ 784307.936450560344383, 439342.851589040190447 ], [ 783950.981262340210378, 439902.720427112537436 ], [ 783659.812702369177714, 440162.480826092825737 ], [ 783534.862087486544624, 440273.780652282235678 ], [ 783237.304685105569661, 440538.830110308073927 ], [ 782625.907356259645894, 440589.384152298560366 ], [ 781113.716841898160055, 439800.454293298244011 ], [ 780282.199304690817371, 439366.6405589239439 ], [ 779645.586603235453367, 438093.743274001404643 ], [ 778702.867129943333566, 437533.361631627310999 ], [ 778194.12872971734032, 437558.70533714274643 ], [ 778371.470869813929312, 438347.790843583934475 ], [ 778243.806645542499609, 438653.217241707956418 ], [ 777582.093921858584508, 438525.653700264403597 ], [ 776436.149557787692174, 437888.875567236333154 ], [ 775874.708769553806633, 437965.088583860022482 ], [ 775620.7652007995639, 437837.658424069348257 ], [ 775435.137199068907648, 437410.934728629072197 ], [ 775366.069596695713699, 437252.163641782244667 ], [ 775081.863976245280355, 437289.86960546154296 ], [ 774983.58173661888577, 437302.909165343618952 ], [ 774880.598228528862819, 437378.296061991597526 ], [ 774601.260523697128519, 437582.779446795233525 ], [ 774206.689774111262523, 437405.09673247608589 ], [ 774092.023337797960266, 437353.460678352625109 ], [ 773888.34416745393537, 437440.60223410918843 ], [ 773200.338348395540379, 437734.960147304052953 ], [ 773056.308292727451771, 437706.203203373705037 ], [ 771697.190746201435104, 437434.120175910298713 ], [ 771543.997793641407043, 437403.453930496762041 ], [ 771330.382229545852169, 437433.04014227015432 ], [ 770627.230909102130681, 437530.43169720377773 ], [ 770459.783716011559591, 436764.899286152387504 ], [ 770449.053112361114472, 436715.841550241224468 ], [ 769863.243012947263196, 436435.660310434177518 ], [ 769582.339429612387903, 436473.008161566453055 ], [ 769481.192931156139821, 436486.456491726567037 ], [ 769388.158652679761872, 436558.191337635740638 ], [ 769193.621988838422112, 436708.191709136706777 ], [ 768920.435116126202047, 436918.836472602735739 ], [ 768640.284264022484422, 436766.113723525719251 ], [ 768028.784699295647442, 436867.656660075823311 ], [ 767111.855698793544434, 437350.917858883389272 ], [ 765914.155203878879547, 438343.025321026332676 ], [ 765531.700820991769433, 438393.83037447440438 ], [ 764131.016708357259631, 437171.623979281925131 ], [ 763773.714392229914665, 437155.30564002727624 ], [ 763570.343325190013275, 437146.018050898856018 ], [ 763164.53536973753944, 437288.98805880517466 ], [ 762704.411334423813969, 437451.096366086276248 ], [ 762016.345439921482466, 437959.807968599256128 ], [ 761991.111311974469572, 438188.839774648891762 ], [ 761456.026143612456508, 438112.331143086834345 ], [ 761414.666431054007262, 438050.361719525419176 ], [ 760768.555405471124686, 437068.583002807805315 ], [ 759724.315347052761354, 436584.623006808862556 ], [ 759327.381672481540591, 436267.124993888079189 ], [ 759076.269864165224135, 436066.26666349027073 ], [ 759058.234324206481688, 436055.87490362272365 ], [ 759060.678151234518737, 436053.795422002498526 ], [ 758705.577751963399351, 435769.764979831757955 ], [ 758518.315098350634798, 435744.788851272198372 ], [ 758323.419752319226973, 435718.795222106156871 ], [ 757915.970802216907032, 435922.200960864312947 ], [ 757701.661468041245826, 436194.550604796619155 ], [ 757635.672175180865452, 436278.411516244057566 ], [ 757057.860895301215351, 436325.14922730816761 ], [ 756489.679006951279007, 436720.940278072026558 ], [ 753903.36011488258373, 436775.985924734908622 ], [ 753368.470060282037593, 436787.334868906706106 ], [ 752960.382533002179116, 436924.392897690238897 ], [ 752871.640505792223848, 437139.076722176047042 ], [ 752703.967768509872258, 437545.498610397684388 ], [ 750083.790410476969555, 437459.467857814626768 ], [ 748206.380095878266729, 437917.12425944727147 ], [ 747918.199677883414552, 437758.711785583174787 ], [ 747630.442567250458524, 437600.301806280913297 ], [ 747295.347298625856638, 436919.777547158242669 ], [ 745902.535132884513587, 437315.931860251061153 ], [ 745273.174053493188694, 437006.847614966158289 ], [ 744644.234419419895858, 436697.771162435121369 ], [ 744609.435095230815932, 435976.790329316048883 ], [ 744601.842354437801987, 435819.481240601395257 ], [ 744596.021297117345966, 435698.887173880531918 ], [ 744399.617151811718941, 435608.435574735864066 ], [ 743722.274321741657332, 435754.218405594874639 ], [ 743723.445137529284693, 435764.774901839031372 ], [ 743684.49632780207321, 435762.349392777832691 ], [ 742720.008020831388421, 435969.942536222632043 ], [ 742242.945802793372422, 435758.948381131282076 ], [ 740874.922094685141928, 436094.082593763479963 ], [ 740738.546093392069452, 436278.706991680024657 ], [ 740160.870333125116304, 437060.758737791911699 ], [ 738607.277306498959661, 437721.865481004817411 ], [ 737159.689996687229723, 438535.874929142359179 ], [ 736798.116918020532466, 438739.142288262082729 ], [ 737128.970027651987039, 439273.582335123210214 ], [ 736874.771301457891241, 439578.895073911233339 ], [ 735932.328334505320527, 439578.444592909305356 ], [ 735677.412310876185074, 440494.42411982169142 ], [ 735167.599458700278774, 441003.276255793462042 ], [ 734480.146791962906718, 441053.806285210594069 ], [ 733766.781632163096219, 440799.128761721018236 ], [ 733613.551224616006948, 441231.574226105818525 ], [ 733180.559252383653075, 441699.77633304730989 ], [ 733002.094060156145133, 441892.993173623806797 ], [ 732257.13287723553367, 443896.243509551160969 ], [ 730119.802605296368711, 444917.114517845096998 ], [ 729307.049800621345639, 446444.992983937845565 ], [ 728786.577311112661846, 447174.990983813768253 ], [ 728417.486791843548417, 447693.244608685083222 ], [ 727912.938153725350276, 448118.977249159943312 ], [ 726967.458225185982883, 448916.763208511110861 ], [ 726560.311882860492915, 449578.955504931218456 ], [ 725949.928709482541308, 450190.47709969826974 ], [ 725568.71375261968933, 450318.2568577164202 ], [ 724932.106894557364285, 450242.818596509285271 ], [ 724602.155425666831434, 450879.360579000320286 ], [ 723127.220795065513812, 452281.036445185076445 ], [ 722186.37984500231687, 453758.199916668061633 ], [ 721296.145614083390683, 454319.185606903047301 ], [ 720048.571274087880738, 454626.243625164963305 ], [ 719489.046837526955642, 455263.106699919968378 ], [ 718929.918659743852913, 456256.275196260015946 ], [ 718142.241799038369209, 456995.254837335261982 ], [ 716233.09165377181489, 457964.789513663155958 ], [ 714221.69985783053562, 458323.762978824961465 ], [ 712440.231460403650999, 459089.406458608980756 ], [ 711822.181027112761512, 459206.077508988033514 ], [ 711625.680414909496903, 459243.172337438387331 ], [ 711370.962760836817324, 459472.491744614904746 ], [ 711303.42817313154228, 459662.390477309527341 ], [ 710737.194685907219537, 461254.57760048500495 ], [ 709034.045179141568951, 463674.091321805142798 ], [ 708832.043866858584806, 464359.388565872621257 ], [ 709094.394795948173851, 465173.478486816165969 ], [ 709119.616520054871216, 465253.382161586312577 ], [ 708961.339845434995368, 465819.404462070786394 ], [ 708937.176162895048037, 465905.817913382546976 ], [ 707917.625608252594247, 466793.758098292630166 ], [ 707579.480335808009841, 466905.137358463485725 ], [ 705978.303277745377272, 467432.537826845829841 ], [ 705201.046432355418801, 468723.076273743819911 ], [ 704677.934358102851547, 469591.638931069523096 ], [ 703885.352036429103464, 469717.553552065161057 ], [ 703188.200196900754236, 469828.307506359415129 ], [ 701316.124673106474802, 470567.185745901719201 ], [ 700056.032086815452203, 471330.564947657694574 ], [ 698069.458794090664014, 472534.330148724780884 ], [ 697373.276481118169613, 473416.316763562674168 ], [ 696988.073312848457135, 473517.305434997659177 ], [ 696923.812973920721561, 473470.718542546790559 ], [ 696817.268778536352329, 473575.999187010282185 ], [ 696564.464298270875588, 473441.222231192863546 ], [ 686746.134187854011543, 468207.873035819793586 ], [ 685599.295980780036189, 467596.722705718013458 ], [ 668025.948603528086096, 460796.487886378949042 ], [ 655276.627248576376587, 455866.212035560805816 ], [ 654685.446571759646758, 454475.199256782478187 ], [ 654139.969071011175402, 453191.784445388009772 ], [ 631269.952252945397049, 444709.472114669973962 ], [ 611020.857766807894222, 434299.338641738519073 ], [ 609108.645532128051855, 433452.182115419243928 ], [ 607801.729127610684372, 432873.265446699224412 ], [ 606697.578270588652231, 432384.16676335799275 ], [ 603636.29172776977066, 431028.127691134344786 ], [ 598394.665994988172315, 428706.734564023208804 ], [ 596222.848862543469295, 427745.017829660791904 ], [ 591536.798766041290946, 417087.582347269286402 ], [ 590282.709326712414622, 414235.984186844958458 ], [ 589434.196853026747704, 412306.736094861698803 ], [ 586928.275284421048127, 406609.68644177832175 ], [ 579563.600680950214155, 399669.377802958711982 ], [ 566085.953012095065787, 386972.686646977206692 ], [ 565479.966995170572773, 385334.018346741213463 ], [ 562235.583490132121369, 376561.926671605440788 ], [ 561120.206207728595473, 376632.315225947590079 ], [ 557653.187768923351541, 376851.18366801564116 ], [ 557515.774065889650956, 376958.663705517770723 ], [ 557515.647154805599712, 376958.763011423114222 ], [ 555770.659669807297178, 378323.66106902732281 ], [ 555510.681418962893076, 381153.097023579699453 ], [ 555491.365783403627574, 381363.317572145198938 ], [ 555462.545562559971586, 381370.572998505202122 ], [ 550945.286436759517528, 382507.883800097217318 ], [ 550075.643204798223451, 382726.858206797449384 ], [ 547777.233892629039474, 382524.014138281112537 ], [ 546927.860596929676831, 382449.066517568426207 ], [ 536807.381402828497812, 383458.663006707734894 ], [ 536501.863426115596667, 386827.693086836894508 ], [ 532891.766435707453638, 384267.591488688893151 ], [ 532766.296003845869564, 384132.698806522705127 ], [ 527644.835315459757112, 383701.243471288878936 ], [ 521874.42679977993248, 384497.945217503875028 ], [ 514438.790090139897075, 388058.07821524789324 ], [ 511466.378445872338489, 389600.058289317646995 ], [ 510209.602822371001821, 390252.067335943283979 ], [ 510120.031094437057618, 390298.537575420341454 ], [ 510061.059903748217039, 390329.132158315333072 ], [ 509409.406694994366262, 390667.21731414552778 ], [ 505121.225307385961059, 390053.45016077166656 ], [ 505082.381839200679678, 390049.019356161530595 ], [ 504304.141827383486088, 389960.250206326600164 ], [ 503703.450278484728187, 389891.737043116067071 ], [ 502418.102875925425906, 389745.146059414139017 ], [ 501077.314798160572536, 389592.249687982490286 ], [ 495636.167012479214463, 388971.952693310391624 ], [ 495155.274408637080342, 388917.144525641982909 ], [ 490404.904484155820683, 388395.753176599857397 ], [ 489717.922085878963117, 388590.08860518806614 ], [ 478897.865272383962292, 391651.600579740712419 ], [ 475021.358886852685828, 392796.646833347680513 ], [ 473530.812293696159031, 393236.972608685900923 ], [ 472934.411498959001619, 393413.163974385592155 ], [ 471984.997248037601821, 393693.652625320537481 ], [ 469951.276872945367359, 394294.51726780825993 ], [ 458013.618391339899972, 398106.714421410753857 ], [ 454839.686487440252677, 398868.430293797515333 ], [ 453381.63589064613916, 399218.387871544458903 ], [ 446353.824234841158614, 400905.524347331665922 ], [ 438701.185638948052656, 397870.057559759065043 ], [ 437426.918059305055067, 397967.363150019431487 ], [ 425847.207853188971058, 398852.366144150320906 ], [ 424911.22905816702405, 398923.959600093890913 ], [ 424741.268399171589408, 398926.405280192324426 ], [ 422041.189829411450773, 398965.296705704822671 ], [ 422056.777177614276297, 399283.393026634876151 ], [ 422040.591072158538736, 399698.266156313940883 ], [ 422029.935789446695708, 399699.011821538850199 ], [ 422050.107476130418945, 399283.839129464875441 ], [ 422035.253295923117548, 398965.382312559406273 ], [ 420140.658136689569801, 398992.714983257930726 ], [ 402390.663802791852504, 399250.519366403284948 ], [ 395175.793891699635424, 403709.581719618174247 ], [ 393398.984812775277533, 407344.564366771432105 ], [ 392682.323158883606084, 408810.815589160774834 ], [ 391840.558637748879846, 409532.26013659738237 ], [ 388736.81334121664986, 412192.54211430286523 ], [ 387775.120841224677861, 412815.62671736557968 ], [ 382697.523174012312666, 416105.754355708661024 ], [ 349927.262195072602481, 437353.664950406295247 ], [ 339134.135511244181544, 444357.250141808530316 ], [ 338677.59804995637387, 444653.555512195045594 ], [ 338330.124697646824643, 444879.078600506123621 ], [ 336060.285442849737592, 446352.360060858307406 ], [ 334503.717353726387955, 447362.751746223133523 ], [ 309148.78122524288483, 463829.459276669193059 ], [ 292487.261310825881083, 474036.884960953204427 ], [ 291600.977735371270683, 475328.625617549347226 ], [ 289045.741928987088613, 479053.209784042963292 ], [ 288600.426889409776777, 479382.425217111653183 ], [ 287417.346639050345402, 480257.090459027735051 ], [ 283291.951675118296407, 483307.384644308127463 ], [ 282459.20673798082862, 483923.176219914748799 ], [ 282151.481456470210105, 484043.4824424276012 ], [ 272673.366237515991088, 487749.828660632716492 ], [ 272346.109458058141172, 487877.829326565668453 ], [ 265607.864747792365961, 490513.811671065108385 ], [ 265467.166446490795352, 490513.510655396967195 ], [ 246342.880009815853555, 490474.827906232851092 ], [ 238935.388878830563044, 491916.243436455086339 ], [ 223863.188296300591901, 491614.596080076240469 ], [ 216748.311963250802364, 491473.154070808610413 ], [ 215182.254694817762356, 491442.103087477968074 ], [ 211079.628898183000274, 491393.348934828711208 ], [ 207463.396913607080933, 491350.543602527177427 ], [ 197194.91577861784026, 491229.857149860879872 ], [ 196305.732370050973259, 491362.618314966908656 ], [ 190479.894822078174911, 492232.104881401988678 ], [ 174652.308565094077494, 492205.958713208674453 ], [ 172054.508518176735379, 492201.958584657055326 ], [ 170476.157511835568585, 493448.193341043253895 ], [ 163182.585906609543599, 499208.289693391183391 ], [ 161624.707103631226346, 500439.082447121327277 ], [ 161548.464717996306717, 503220.29024091915926 ], [ 161350.595254508720245, 510450.390563749533612 ], [ 161296.852824310131837, 512419.89083989628125 ], [ 158749.677774683164898, 513643.03504857304506 ], [ 158388.130620808398817, 514025.40890477411449 ], [ 144210.71052500436781, 529048.843771215062588 ], [ 142137.932739552401472, 531246.357392807607539 ], [ 142632.061179609852843, 551494.982003901852295 ], [ 142664.152641959313769, 552805.22894822282251 ], [ 142682.376056602806784, 553549.000929724657908 ], [ 142906.689112063671928, 562688.880328331375495 ], [ 145447.992194219434168, 565182.784625442232937 ], [ 147778.582601583504584, 568646.427564117475413 ], [ 148581.928107376152184, 572155.251118278130889 ], [ 145766.356668348773383, 576421.812320759869181 ], [ 144795.630155272432603, 579563.247437904938124 ], [ 145090.32525883737253, 582928.532624155050144 ], [ 147669.746875546989031, 589896.770928361802362 ], [ 144928.069738059653901, 590187.749160529579967 ], [ 142495.832209991291165, 590876.914875520276837 ], [ 141242.192063301685266, 591457.268386768409982 ], [ 140508.831025585939642, 591796.785633977502584 ], [ 140144.496334610739723, 591965.463409148505889 ], [ 139106.765453390195034, 592631.821319008711725 ], [ 137996.663081071805209, 593344.692891202867031 ], [ 137102.011369612475391, 593919.240477099898271 ], [ 130200.884651311323978, 596125.77476399356965 ], [ 129771.33920500142267, 596263.148588423384354 ], [ 128820.921615507279057, 596567.117567584151402 ], [ 125176.297377536480781, 597732.942032562452368 ], [ 124898.857137313054409, 597821.699777063098736 ], [ 122513.285844092199113, 598584.950365919037722 ], [ 120635.391850121726748, 599185.856978469993919 ], [ 120118.857906418270431, 599351.155601817416027 ], [ 119793.765088373853359, 599455.193087831838056 ], [ 115131.655698069429491, 600947.426417905255221 ], [ 112558.687928101106081, 601469.463153502088971 ], [ 105784.695689217827749, 600858.840599406743422 ], [ 103034.33016896166373, 597871.313094692188315 ], [ 95648.830352556658909, 592630.574170152540319 ], [ 92701.119182867463678, 593355.972516332403757 ], [ 90139.049488202610519, 595617.831592826754786 ], [ 89316.756215849076398, 597172.989824458141811 ], [ 86556.880826180626173, 602393.633398268721066 ], [ 87310.809406063170172, 604573.469899060204625 ], [ 89064.953829333651811, 607840.42310166254174 ], [ 88778.008412814931944, 610073.188348627416417 ], [ 68209.98495985585032, 624023.159418987110257 ], [ 68421.342276997398585, 630207.620477706659585 ], [ 59963.352518667292316, 644209.460449766484089 ], [ 55358.671689442708157, 651320.886959616094828 ], [ 54257.719789777009282, 660933.303415279719047 ], [ 55627.869864469510503, 666377.640165668795817 ], [ 54952.074399086413905, 671609.82750205299817 ], [ 53679.674744366609957, 674436.281598897650838 ], [ 51752.627739116549492, 676328.014125186135061 ], [ 48472.507362719858065, 679546.762197228730656 ], [ 42808.56223667867016, 691250.854489859426394 ], [ 41586.85843355639372, 694554.449616061057895 ], [ 41284.013292939926032, 697204.690492970519699 ], [ 41108.217287219769787, 699502.948138132458553 ], [ 40936.794490224099718, 701744.988904747297056 ], [ 40643.480567196500488, 705583.440272446256131 ], [ 30850.686907426454127, 732265.213461739011109 ], [ 30559.761740554182325, 733058.694710023817606 ], [ 28617.533630430058111, 735479.029981650295667 ], [ 28506.031906597258057, 735617.992296673473902 ], [ 25080.964759602386039, 739887.269100043224171 ], [ 24827.78473456914071, 740202.905701105366461 ], [ 22277.104651672707405, 742460.316835455130786 ], [ 22016.602742576389574, 742690.891316132969223 ], [ 20673.080361898697447, 743624.992511017713696 ], [ 19324.314191459910944, 744562.827641872572713 ], [ 16827.378906735044438, 745955.422536355326883 ], [ 15878.059611469332594, 746148.611209492199123 ], [ 13584.61481334635755, 746615.416072001797147 ], [ 8136.936645362060517, 746772.375233360100538 ], [ 7035.003571553213987, 747297.345146040082909 ], [ 6269.452184733469039, 747662.084426191751845 ], [ 5531.787283503101207, 748013.556347306352109 ], [ 5400.93783675035229, 748075.90349701163359 ], [ 897.414698609092738, 762563.323735399055295 ], [ -744.850461503665429, 766662.005294722388498 ], [ -932.971973260806408, 766761.52533176029101 ], [ -941.405205356830265, 766765.98679081350565 ], [ -3375.289998290478252, 768053.682841855683364 ], [ -5248.984840259014163, 769045.152820107992738 ], [ -12978.151770999131259, 771740.05320882005617 ], [ -16549.010034809762146, 771744.226723872357979 ], [ -19776.658097833569627, 772394.115089569124393 ], [ -19821.615734164603055, 772421.959169208770618 ], [ -21871.760655642370693, 773691.791540098958649 ], [ -22736.308047629951034, 774555.511980205657892 ], [ -23035.781944337126333, 774854.714006269001402 ], [ -25355.941732966690324, 777173.022276510135271 ], [ -26794.038876293459907, 778610.198912538937293 ], [ -28106.914284889004193, 781150.675071835867129 ], [ -31345.956925974809565, 786453.584193997900002 ], [ -31624.996992754400708, 787224.418255190248601 ], [ -33171.218336582533084, 791496.680832110112533 ], [ -34637.215968637145124, 795548.703971507609822 ], [ -41713.879784361924976, 798736.26714879181236 ], [ -49641.887034818530083, 804192.943858531420119 ], [ -49448.495508775813505, 806237.156312664272264 ], [ -49307.109960125992075, 807731.360188677208498 ], [ -48941.550124237430282, 810434.936884698690847 ], [ -49080.02585798909422, 812861.211845144396648 ], [ -49144.598639302421361, 813993.189185587572865 ], [ -49203.512363982386887, 815026.282161187147722 ], [ -49248.821116939769126, 815821.011735958047211 ], [ -49280.781953343539499, 816381.724050937453285 ], [ -49411.641426183399744, 818678.430490862810984 ], [ -51853.128002146142535, 821260.280937204952352 ], [ -56626.837898229132406, 826310.109164244495332 ], [ -57386.303857738268562, 827113.708694885717705 ], [ -60041.365761485998519, 829923.503559980075806 ], [ -60241.444409048533998, 830135.270452609052882 ], [ -60515.390065669897012, 830425.226001246133819 ], [ -63731.868243420030922, 833830.233993489295244 ], [ -64970.67009355861228, 835141.919034914346412 ], [ -68846.626754850381985, 838201.443480869522318 ], [ -76500.887435526587069, 844246.274854356888682 ], [ -83959.277344825211912, 850140.109014892484993 ], [ -86560.64787891774904, 851237.698580066673458 ], [ -86967.671749260858633, 851409.454901025630534 ], [ -87379.411599398357794, 851583.207413144526072 ], [ -91151.229227139847353, 853175.18046586366836 ], [ -96955.311943227890879, 855135.404420476523228 ], [ -105866.927479300764389, 858147.205874319653958 ], [ -106117.309233507257886, 858231.862089470494539 ], [ -109682.187018975731917, 859437.39203088846989 ], [ -111311.962525632581674, 859988.665327901486307 ], [ -111367.552376256207936, 859990.295595257193781 ], [ -111404.796543420176022, 859991.387846613884903 ], [ -112474.58228660270106, 860022.775158675387502 ], [ -112424.003154822974466, 860107.849620401742868 ], [ -112393.618858736590482, 860173.686670590774156 ], [ -112481.593964056926779, 860022.98098058719188 ], [ -112990.721942064352334, 860037.927560925367288 ], [ -114111.637148111243732, 860070.854210789082572 ], [ -115864.327359297778457, 860279.607941652648151 ], [ -134137.126698758802377, 862460.318742418079637 ], [ -134208.709582102834247, 862468.877197380294092 ], [ -150740.942386272014119, 864503.226551813771948 ], [ -151321.99245401925873, 864574.845638162107207 ], [ -152005.218078732374124, 864659.069143712054938 ], [ -156691.923862018971704, 865741.266318341251463 ], [ -156896.835759788285941, 865788.595851936377585 ], [ -156915.540327287977561, 865792.916204545181245 ], [ -156922.909220484667458, 865804.241590706282295 ], [ -157535.291468554292805, 866745.455586137017235 ], [ -160956.444130928721279, 872005.113507771980949 ], [ -161197.757084714947268, 872576.270019405987114 ], [ -162361.929671151563525, 875332.147011625347659 ], [ -162901.005519582540728, 876608.512060543289408 ], [ -163395.952104330528527, 880931.106391061213799 ], [ -162368.897604624624364, 882701.52703012060374 ], [ -161952.630782044725493, 883419.092634686734527 ], [ -158833.435137567576021, 888796.209884061827324 ], [ -158146.028916045441292, 889571.736142838024534 ], [ -157074.422059238888323, 890780.748678231495433 ], [ -153441.35942602250725, 894879.968233586288989 ], [ -152959.295771791483276, 895423.921700549079105 ], [ -152564.779847535304725, 895869.093962344108149 ], [ -151180.024050931097008, 897431.70015604107175 ], [ -149062.75552343390882, 899821.037357707624324 ], [ -148760.02287436730694, 900162.684762667980976 ], [ -145127.018394162761979, 901340.031064946437255 ], [ -144154.393945227027871, 901655.276902834651992 ], [ -143950.077041550073773, 901872.868652872741222 ], [ -142727.925711460295133, 903174.456986643257551 ], [ -141550.755222384352237, 904428.192980768508278 ], [ -141551.127187409671023, 904432.792584314709529 ], [ -141705.234563240548596, 906339.069639859604649 ], [ -141739.047910281922668, 906757.454728133161552 ], [ -141833.143894557026215, 907921.97233205975499 ], [ -142144.350863499101251, 911775.849287618184462 ], [ -142289.515498527907766, 913574.794367535971105 ], [ -143551.198366709868424, 919797.722447609179653 ], [ -143976.035136152640916, 928494.616600639652461 ], [ -142751.524305352126248, 933283.99629513558466 ], [ -137747.658118873485364, 936538.723935030866414 ], [ -137153.197403013356961, 936925.433575778035447 ], [ -132440.303104033460841, 939991.629766676342115 ], [ -131806.546553616411984, 939903.027344816364348 ], [ -130977.980296164518222, 939787.205573379294947 ], [ -127982.70020266273059, 939368.658385468064807 ], [ -126135.506205559591763, 939110.657260245759971 ], [ -125464.277689008158632, 939016.927730337600224 ], [ -123651.074606792069972, 938457.596590292174369 ], [ -120677.512560317409225, 937540.55475215788465 ], [ -119506.617579293088056, 937179.531973744276911 ], [ -116984.16784921369981, 937702.180047821486369 ], [ -114047.395000356715173, 938310.851211976376362 ], [ -111283.774086010758765, 938883.808534937095828 ], [ -109564.949748966144398, 939240.242060535703786 ], [ -109448.88574410486035, 939111.312400334398262 ], [ -109255.842784361564554, 939023.27935823739972 ], [ -108994.341212505940348, 939058.496182749280706 ], [ -108876.457553095300682, 939143.415970577043481 ], [ -108611.843823108705692, 939334.037204930791631 ], [ -108395.478131349082105, 939482.793304241029546 ], [ -107954.124162298277952, 939574.339032260002568 ], [ -105332.492391289561056, 940118.206981209455989 ], [ -99147.344869627500884, 940078.594148740638047 ], [ -99128.460793340578675, 940078.471510223927908 ], [ -93609.838387213181704, 940042.988156402949244 ], [ -92561.07881810865365, 940036.325251915026456 ], [ -91428.53472464333754, 940029.158905974938534 ], [ -90710.725093335378915, 939403.281467440887354 ], [ -87537.113584444392473, 936636.626610796549357 ], [ -86908.755253910087049, 935309.829028937849216 ], [ -86778.126008542487398, 935034.02143852552399 ], [ -86430.866893492173404, 934300.859933885745704 ], [ -85550.868542319978587, 932443.153902746620588 ], [ -85335.025639841798693, 931987.550016623572446 ], [ -85228.622810925822705, 931897.120211903122254 ], [ -82625.16939268365968, 929684.76803941547405 ], [ -80398.971858044853434, 929362.376264072721824 ], [ -77045.528608066146262, 928876.98358017753344 ], [ -76438.882276007556356, 928789.206065748003311 ], [ -76169.674216485582292, 929028.055740891606547 ], [ -75615.15249340434093, 929520.052919138222933 ], [ -74381.441908985609189, 930614.698523574043065 ], [ -74175.274280437384732, 930802.872925596660934 ], [ -74021.378348930971697, 930943.338873331318609 ], [ -71134.004251290811226, 933578.905720338691026 ], [ -70545.830643629888073, 933820.017439618939534 ], [ -67383.08362870849669, 935116.675835762056522 ], [ -64167.728058194858022, 935629.348915070295334 ], [ -60437.581925861537457, 935549.44357454450801 ], [ -54297.273346782894805, 936248.885195132112131 ], [ -50789.014084510039538, 938724.050206039450131 ], [ -45631.118980109109543, 943363.779790779575706 ], [ -45462.432346734334715, 943515.537776764947921 ], [ -43120.504239085828885, 945622.555390438647009 ], [ -40166.907980490592308, 948492.374454168253578 ], [ -39237.265233595506288, 949395.725545715657063 ], [ -37427.475366503349505, 951791.612373502925038 ], [ -37294.431067791068926, 952352.481200452661142 ], [ -37135.941064967773855, 957844.047212596051395 ], [ -37040.018588061095215, 959764.630183535045944 ], [ -37021.803050687187351, 960129.248912679147907 ], [ -36907.788147685467266, 962410.785349532263353 ], [ -36183.32205293350853, 976880.107494087540545 ], [ -35414.791811986360699, 993452.862354817683809 ], [ -35468.408854175475426, 994261.443101757438853 ], [ -35564.878218291443773, 995716.692512222798541 ], [ -35881.863313738256693, 1000502.33454974880442 ], [ -38562.137453153263777, 1041209.984450753079727 ], [ -38814.892902781604789, 1045035.261906019411981 ], [ -39067.815909307682887, 1048830.618404165608808 ], [ -39157.948503459221683, 1048923.993450603680685 ], [ -39920.682498100097291, 1059846.506031350931153 ], [ -35777.882616571849212, 1074770.471417649416253 ], [ -35402.393398076761514, 1076123.145733145531267 ], [ -34928.104751955368556, 1077831.743480882141739 ], [ -34711.088996520964429, 1078613.532205348135903 ], [ -33630.980004472890869, 1082504.594017724273726 ], [ -26000.308214260498062, 1098699.90568791073747 ], [ -24515.566481994348578, 1106290.898364138090983 ], [ -24202.358601956220809, 1107755.809548136545345 ], [ -23237.796774356334936, 1112267.046588460216299 ], [ -15590.059416374366265, 1119526.875399610027671 ], [ -12926.249433530960232, 1122056.326914763776585 ], [ -10939.942525172256865, 1131018.647500256076455 ], [ -9954.627354361815378, 1135464.283149518538266 ], [ -10588.426733498985413, 1140172.617122661322355 ], [ -10867.55789911391912, 1141691.4314450181555 ], [ -11139.256481467513368, 1143170.099747003987432 ], [ -12001.87449788954109, 1147866.677630097372457 ], [ -13821.774771784024779, 1157545.11013093101792 ], [ -15351.158455024473369, 1165688.227252484764904 ], [ -16269.077847363543697, 1170579.916038419818506 ], [ -13075.348534173914231, 1174107.436499590519816 ], [ -8823.684567591873929, 1179066.80282825534232 ], [ -7590.063607114192564, 1181183.30720591917634 ], [ 965.526199538144283, 1195866.888680508360267 ], [ 1530.840711555327289, 1196236.618730368791148 ], [ 7909.253334189415909, 1200409.240056680282578 ], [ 9913.508777331910096, 1201720.75376704079099 ], [ 18094.446451196097769, 1207075.930750241270289 ], [ 26715.801560048421379, 1201067.901547805871814 ], [ 30714.573420347995125, 1197407.621878882171586 ], [ 35619.833678292576224, 1192845.715829266700894 ], [ 36275.075957621156704, 1192236.524345294572413 ], [ 37103.312661157047842, 1191466.559113325783983 ], [ 39152.139924642629921, 1189654.240294403163716 ], [ 40427.736989834578708, 1188526.093783810734749 ], [ 41146.659606167173479, 1188621.135143020423129 ], [ 47025.347595866129268, 1189398.862415351904929 ], [ 59784.671968986862339, 1203908.395851806038991 ], [ 60084.758095684053842, 1207741.82840115414001 ], [ 60152.037609573744703, 1207938.032449864549562 ], [ 60192.527437763405032, 1208373.119899339275435 ], [ 60196.863309543638024, 1208505.770488384412602 ], [ 60167.794307982665487, 1208725.10304159973748 ], [ 60163.992730484053027, 1208753.787745416397229 ], [ 60225.390242190507706, 1209537.875093043781817 ], [ 58601.101294888358098, 1211080.604816258419305 ], [ 55327.741902509878855, 1214190.445987461134791 ], [ 60729.138623860955704, 1230157.769419174175709 ], [ 61061.800629796751309, 1231141.392204881412908 ], [ 63560.228430721501354, 1238219.331071524880826 ], [ 63809.459845525561832, 1240863.986142734531313 ], [ 61733.040736888709944, 1242794.243938044644892 ], [ 60716.603037353954278, 1243739.297204087488353 ], [ 60274.289027015271131, 1244167.190579135203734 ], [ 59877.448253533162642, 1244551.111523369560018 ], [ 59146.484654800209682, 1246701.638193096965551 ], [ 59503.239384651591536, 1249405.868254575878382 ], [ 60485.49401819286868, 1251565.850047101732343 ], [ 61680.722880163928494, 1254194.408305149525404 ], [ 62472.584730228409171, 1255510.195817827945575 ], [ 63702.491021210735198, 1257554.022852435475215 ], [ 63941.839326032844838, 1258051.401851760689169 ], [ 64703.432957206910942, 1259634.104037754703313 ], [ 69427.845003070251551, 1270091.229924395447597 ], [ 73065.504352390067652, 1278145.919046947732568 ], [ 73969.597428857639898, 1282636.729666288942099 ], [ 73838.998928916989826, 1283559.006268472410738 ], [ 73713.227198042324744, 1284447.315636728191748 ], [ 73616.923700947547331, 1285127.573309510480613 ], [ 72182.866784314857796, 1287871.658278643386438 ], [ 70974.000127980893012, 1290444.300955863203853 ], [ 70178.319314329070039, 1299738.150782730197534 ], [ 70754.538403862854466, 1302977.672053704736754 ], [ 73055.438713087525684, 1308040.650675809010863 ], [ 73089.229045414656866, 1308091.902659087907523 ], [ 75147.065582643088419, 1311213.43550550728105 ], [ 76688.561089660739526, 1313008.486185698071495 ], [ 78694.065879436268006, 1314428.039140726439655 ], [ 79499.143618884147145, 1314763.124963380862027 ], [ 82414.872914681967814, 1315976.910592020722106 ], [ 86064.400136393669527, 1316820.043607365107164 ], [ 89325.299770167039242, 1318083.282637158874422 ], [ 91779.851575498352759, 1320189.895941222319379 ], [ 92610.599680739454925, 1321307.572007295675576 ], [ 93288.939667645609006, 1322469.821359087945893 ], [ 94654.630659182497766, 1326057.415352432290092 ], [ 95180.551720007963013, 1327438.858380592428148 ], [ 102227.455507190781645, 1340110.438811448635533 ], [ 103948.524893200141378, 1343206.52656403882429 ], [ 106324.011762772221118, 1347480.715815621661022 ], [ 111681.175336985674221, 1356018.972068038769066 ], [ 135660.301925622916315, 1394291.003297388320789 ], [ 139904.759503065724857, 1395421.236264056526124 ], [ 141448.518020433722995, 1397925.065283213742077 ], [ 141599.247239608375821, 1402222.005350266350433 ], [ 141603.842037699010689, 1402352.934101095888764 ], [ 141608.225288673362229, 1402477.829331687884405 ], [ 143033.335745197080541, 1402731.410258279414847 ], [ 144448.392155220499262, 1402983.274198541184887 ], [ 170339.073837742034812, 1407604.250526785152033 ], [ 172158.271324708068278, 1407775.865442166570574 ], [ 174358.05123352521332, 1407983.538597325328737 ], [ 175553.238178246538155, 1408096.443384686252102 ], [ 178219.036397289077286, 1407451.368391068885103 ], [ 182042.290790460130665, 1408415.709869811311364 ], [ 184314.780438331770711, 1406429.224427156150341 ], [ 186056.201497811067384, 1405218.200563166523352 ], [ 186314.785425736918114, 1405038.395517985802144 ], [ 189666.212721383373719, 1407306.677261111792177 ], [ 191675.244136651337612, 1425724.209420498693362 ], [ 189142.501081836409867, 1430626.440457798307762 ], [ 189908.312242281041108, 1433648.402044177055359 ], [ 190912.167712223134004, 1435728.755538758821785 ], [ 192865.162089962046593, 1437736.543180401436985 ], [ 192129.344083425006829, 1440671.662134379846975 ], [ 191666.690058834385127, 1442517.640344036975875 ], [ 201530.15157875965815, 1477889.364111238857731 ], [ 201977.239991136128083, 1479494.037908165249974 ], [ 203495.285178643302061, 1481529.219115949235857 ], [ 213006.797330268193036, 1494288.488005315652117 ], [ 214471.668370955216233, 1496117.096903409110382 ], [ 215819.013235215621535, 1497961.605053589213639 ], [ 218349.907533142424654, 1501427.129034619079903 ], [ 219600.347244506934658, 1504442.717579237883911 ], [ 219909.140992021653801, 1506698.926053741015494 ], [ 219497.204657193331514, 1508887.536185261094943 ], [ 219703.172594856470823, 1511345.218973989598453 ], [ 221038.917461389442906, 1514582.382725093280897 ], [ 224630.907120820309501, 1522938.499587700003758 ], [ 224643.666720533859916, 1522968.190370225580409 ], [ 225017.697916386066936, 1523838.564326151274145 ], [ 226594.315072748286184, 1527507.902067283401266 ], [ 228347.671680810395628, 1531394.997925868723541 ], [ 224101.131797291280236, 1544447.725184172391891 ], [ 224736.072627529909369, 1546394.759990794584155 ], [ 225053.382385449076537, 1547367.866098413011059 ], [ 227987.197901283681858, 1556367.695758967660367 ], [ 229067.13084413879551, 1557701.260753924027085 ], [ 227987.449406344152521, 1556368.46743924706243 ], [ 227984.587129836087115, 1556364.934391743969172 ], [ 229286.132880583987571, 1560359.911477033514529 ], [ 230855.650458023068495, 1565177.403613852802664 ], [ 231923.867835641547572, 1568456.200552608817816 ], [ 233119.376986275776289, 1572125.707986123859882 ], [ 233120.332075187587179, 1572125.564246624242514 ], [ 234495.212830252712592, 1576348.711628059623763 ], [ 234878.769429419131484, 1578109.212539829779416 ], [ 235969.049768406839576, 1579963.122703169239685 ], [ 236432.640169726451859, 1580083.115936952875927 ], [ 236568.362012121302541, 1580118.247152340365574 ], [ 237168.723950995889027, 1580383.834553659660742 ], [ 237191.275746804429218, 1580390.827998220920563 ], [ 237859.251856850518379, 1580597.982382203452289 ], [ 237870.969437163206749, 1580601.150521466974169 ], [ 238711.417219257418765, 1580828.400118950987235 ], [ 239372.743467080028495, 1580396.324492222163826 ], [ 240005.43973540191655, 1580617.991849776823074 ], [ 240007.713225992803928, 1580661.943943653488532 ], [ 240034.594798687874572, 1580718.69344499357976 ], [ 240037.515527905139606, 1580715.697898135054857 ], [ 240100.354722857213346, 1580651.247307663783431 ], [ 240211.486387873213971, 1580690.185078964103013 ], [ 241043.896831967227627, 1581117.513342745602131 ], [ 241532.693813967431197, 1581239.464495396008715 ], [ 241571.585114785266342, 1581291.967766348971054 ], [ 241605.840254644223023, 1581338.212207148550078 ], [ 241722.257166288996814, 1581470.504130503162742 ], [ 241833.382392656814773, 1581549.879307927563787 ], [ 242018.59114689702983, 1581560.462750412290916 ], [ 242272.591640048165573, 1581555.171021585585549 ], [ 242431.34192251888453, 1581523.420876387506723 ], [ 242627.134046147111803, 1581391.128962254850194 ], [ 243097.078942120191641, 1581576.258148682070896 ], [ 243313.495220271957805, 1582210.939900222467259 ], [ 243405.05838876197231, 1582906.701211845735088 ], [ 243522.534166880504927, 1582928.011185634182766 ], [ 244212.727373994159279, 1583053.222305697854608 ], [ 244503.156899039284326, 1583045.889628336997703 ], [ 245032.797316913522081, 1583032.526168108917773 ], [ 245741.449104956642259, 1582877.486163174500689 ], [ 246630.769083654740825, 1582684.141984579153359 ], [ 246925.821522791491589, 1582606.2933824674692 ], [ 247398.356687936960952, 1582481.625116797396913 ], [ 247519.192792416812154, 1582449.746800493681803 ], [ 248480.382096824236214, 1582125.537038624752313 ], [ 249558.626325755845755, 1581868.379247553879395 ], [ 249998.032118029892445, 1581773.535778796765953 ], [ 250348.50977333218907, 1581697.891952776350081 ], [ 250904.968883683934109, 1581741.09407291887328 ], [ 251340.41382025834173, 1581996.844412711914629 ], [ 251678.65395628666738, 1582195.511592821218073 ], [ 252430.269425271020737, 1582587.972095054807141 ], [ 253171.942684456094867, 1582860.119650941109285 ], [ 253301.377763458498521, 1582870.594528257614002 ], [ 253986.321582851844141, 1582926.036656939657405 ], [ 254964.28148211966618, 1583191.380578606156632 ], [ 254974.86858924588887, 1583201.040446860250086 ], [ 255607.565510379412444, 1583778.341808474157006 ], [ 256257.776963774958858, 1583931.532184318406507 ], [ 256262.046232053486165, 1583932.267421677475795 ], [ 256923.695607895671856, 1584046.223879843717441 ], [ 257588.476866937882733, 1584060.256254711421207 ], [ 258231.994996022462146, 1583989.442564614117146 ], [ 258957.606480415415717, 1583795.383495833724737 ], [ 259110.300810372194974, 1583791.068329710979015 ], [ 259604.700117722415598, 1583777.101714449236169 ], [ 259845.121062114863889, 1583816.01984456111677 ], [ 260347.554668238852173, 1583897.359041859395802 ], [ 260672.958503312140238, 1583838.678785142255947 ], [ 261266.710161027731374, 1583731.619206084869802 ], [ 261779.686625705886399, 1583657.756714663701132 ], [ 261959.976590259291697, 1583631.799269462237135 ], [ 262752.938800274278037, 1583610.089883843204007 ], [ 263578.243498857482336, 1583470.676130806328729 ], [ 264492.430030444345903, 1583419.711387457558885 ], [ 265380.624766087858006, 1583522.859475407749414 ], [ 265604.416795533848926, 1582993.257352172164246 ], [ 265888.938857939618174, 1582873.573932046769187 ], [ 266163.21647824649699, 1582758.203272336162627 ], [ 266416.626300383999478, 1582813.450542496051639 ], [ 266691.782050864887424, 1582873.44172951602377 ], [ 266858.156793553789612, 1582909.717479394748807 ], [ 266924.353209185181186, 1582924.150990741327405 ], [ 266945.082128889742307, 1582928.670777216786519 ], [ 267077.465615294291638, 1582957.536487208213657 ], [ 267424.547267608577386, 1583292.645309267565608 ], [ 267630.319056721404195, 1583491.324286200106144 ], [ 267938.546672359341756, 1583788.935055089881644 ], [ 268309.659637337783352, 1583822.770075107458979 ], [ 268859.915467379847541, 1583872.94795678765513 ], [ 269331.081918314623181, 1583919.816890084650367 ], [ 269525.605952074867673, 1583939.16958612925373 ], [ 269611.405170433572493, 1583906.097290027886629 ], [ 270046.17271993344184, 1583738.517396456096321 ], [ 270260.089416671078652, 1583597.382241337094456 ], [ 270510.712133294320665, 1583432.033303072908893 ], [ 271126.148017499537673, 1583163.042169776279479 ], [ 272016.70164340705378, 1583211.553646594518796 ], [ 272019.611361004121136, 1583211.712147927377373 ], [ 272899.379145379527472, 1583135.343251070473343 ], [ 273506.055962296901271, 1582456.142856524558738 ], [ 274387.665290057368111, 1582069.654217473929748 ], [ 275069.638087290106341, 1581860.596416769083589 ], [ 275693.998798921704292, 1581733.264166547451168 ], [ 275882.28429813956609, 1581691.525440093129873 ], [ 276325.829064122051932, 1581593.206298121716827 ], [ 276984.144297047983855, 1581419.374430808005854 ], [ 277526.163117556774523, 1580915.500013588229194 ], [ 278179.633422431419604, 1580682.23517147032544 ], [ 278303.214472893392667, 1580700.511002149200067 ], [ 278895.070305324450601, 1580788.044984830310568 ], [ 278905.592048165039159, 1580788.517890255432576 ], [ 279460.56237684347434, 1580813.46964557073079 ], [ 279527.260424836189486, 1580816.46924262936227 ], [ 280215.634730709251016, 1580751.273657423211262 ], [ 280930.4253267130116, 1580435.577991369646043 ], [ 281484.997769799898379, 1579667.033119171159342 ], [ 282234.942429146845825, 1579030.116649564821273 ], [ 282333.714234192622826, 1578754.913192170206457 ], [ 282487.88567787699867, 1578325.364000187721103 ], [ 282761.643908754049335, 1577765.900989360641688 ], [ 283181.00046679971274, 1577391.177187937777489 ], [ 283909.62132321234094, 1577175.86367909074761 ], [ 284435.119542926724534, 1576639.746264552464709 ], [ 285088.682899767300114, 1576238.128734912956133 ], [ 286071.276598930242471, 1576348.07184901018627 ], [ 286106.344582801044453, 1576351.996393368579447 ], [ 286859.758577191620134, 1576755.562169107841328 ], [ 287758.222018426575232, 1577190.991506140911952 ], [ 287809.770037641283125, 1577249.635894970968366 ], [ 288332.464476563211065, 1577844.304004840552807 ], [ 288361.513896742835641, 1577855.709728022338822 ], [ 288931.655584515770897, 1578079.572768121026456 ], [ 289303.947423966485076, 1578057.484028519596905 ], [ 289602.047459830355365, 1578039.801227009156719 ], [ 290381.978615356027149, 1577627.316140169044957 ], [ 291257.005744661903009, 1577562.820842978544533 ], [ 291471.450233708659653, 1577721.55183425382711 ], [ 291633.499438380007632, 1577841.502788762794808 ], [ 291838.478022648952901, 1577993.232899078866467 ], [ 291951.261244866065681, 1578076.719221257138997 ], [ 292508.561109060188755, 1578181.160615036729723 ], [ 292764.420371185173281, 1578157.536086824489757 ], [ 293079.634776038932614, 1578128.434648293070495 ], [ 293869.286681953119114, 1578213.347246195422485 ], [ 294165.937954171211459, 1578459.993998238584027 ], [ 294186.280226841510739, 1578476.907548708841205 ], [ 294353.711800832184963, 1578616.120031915605068 ], [ 294530.333937634539325, 1579188.292840844485909 ], [ 294610.451043557666708, 1579807.077240070560947 ], [ 294761.518735829275101, 1579919.75358993280679 ], [ 295118.854871421935968, 1580186.285269661806524 ], [ 295172.84021286549978, 1580285.25079960655421 ], [ 295285.411772717954591, 1580491.618569537298754 ], [ 295410.143121228204109, 1580720.281784448539838 ], [ 295395.20133683050517, 1580927.754884096095338 ], [ 295341.447383419086691, 1581674.207246354082599 ], [ 295349.746101296739653, 1582074.782735584303737 ], [ 295357.953030284552369, 1582470.906822579912841 ], [ 295474.761677341884933, 1583225.134237426100299 ], [ 295574.990290332818404, 1584044.497330750105903 ], [ 295125.794179048680235, 1584681.721188300056383 ], [ 295035.40891696815379, 1585426.347133651841432 ], [ 295365.380633946741, 1586544.770690764300525 ], [ 296010.274211717303842, 1587950.105407231952995 ], [ 296214.610469832085073, 1588157.619470893638209 ], [ 296503.450717250001617, 1588450.95822506188415 ], [ 296561.831635080976412, 1588510.249523211969063 ], [ 296597.484834405768197, 1589017.463299852097407 ], [ 296608.188690782990307, 1589169.739511369261891 ], [ 296934.357885207631625, 1589697.98524970933795 ], [ 297290.762641940964386, 1590210.347632440039888 ], [ 297509.697350884089246, 1590525.09678397490643 ], [ 297613.067395029589534, 1590965.332994781434536 ], [ 297712.397699005319737, 1591388.375458291033283 ], [ 297936.228797260497231, 1592051.622492796974257 ], [ 298254.397505813627504, 1592677.38924466772005 ], [ 298565.481345989741385, 1593078.629062915453687 ], [ 298682.056923148687929, 1593228.992945675039664 ], [ 298799.022001610952429, 1593379.861084187403321 ], [ 299241.378192963951733, 1593426.203492481261492 ], [ 299623.659686893981416, 1593466.258722812635824 ], [ 299958.103031907347031, 1593691.743435120908543 ], [ 300013.593848650809377, 1593725.124964288668707 ], [ 300069.593828563811257, 1593763.25001832190901 ], [ 300085.777157431934029, 1593777.824638865655288 ], [ 300315.461277144495398, 1593932.686511509353295 ], [ 300779.728720643674023, 1594283.378963924245909 ], [ 301299.1267150027561, 1594502.955536613473669 ], [ 301495.955601772177033, 1594543.349902874790132 ], [ 302080.079296287149191, 1594663.236999458400533 ], [ 302826.860582661582157, 1594229.599591419333592 ], [ 303752.493189863394946, 1594346.566685247933492 ], [ 304291.269132851681206, 1594569.03760677925311 ], [ 304644.280427189485636, 1594714.810934819048271 ], [ 305245.187245118780993, 1594987.482819176046178 ], [ 305322.405364773585461, 1595040.47565523465164 ], [ 305942.921291865874082, 1595466.336104494519532 ], [ 306078.639806983759627, 1595631.463916894746944 ], [ 306276.410239239456132, 1595872.094250200781971 ], [ 306314.065273419604637, 1595917.9104178622365 ], [ 306637.482911548460834, 1596311.431928163627163 ], [ 306794.707615284714848, 1596435.83823219826445 ], [ 307044.405358982039616, 1596633.418786372058094 ], [ 307255.48377390159294, 1596800.445045280037448 ], [ 307316.851995675009675, 1596817.926082324236631 ], [ 308013.468834198603872, 1597016.373552758945152 ], [ 308435.709468488697894, 1597092.870110972318798 ], [ 308866.173664349829778, 1597170.862837820313871 ], [ 309357.365555185300764, 1596774.29398875287734 ], [ 310090.560116224107333, 1596253.909762442111969 ], [ 311114.810779229737818, 1595946.96116234222427 ], [ 311697.723900894226972, 1596019.078631470445544 ], [ 311914.178470761398785, 1596226.521670668851584 ], [ 311946.710470845340751, 1596257.699706284562126 ], [ 312221.026646980782971, 1596520.603381414432079 ], [ 312258.594182434375398, 1596525.518628492718562 ], [ 312317.457625991024543, 1596533.220286305760965 ], [ 313090.621628732536919, 1596634.394424302736297 ], [ 314011.468939299811609, 1596777.799020413774997 ], [ 314913.456359082716517, 1596939.789158046012744 ], [ 315231.491454100876581, 1597121.223467372357845 ], [ 315659.861455860664137, 1597365.612221344606951 ], [ 316671.918284860323183, 1597581.225097206654027 ], [ 316686.12020765338093, 1597577.707856505643576 ], [ 317601.659097447991371, 1597350.984198478981853 ], [ 318094.040344589797314, 1596468.313279712572694 ], [ 318274.676224615599494, 1595801.311300144298002 ], [ 318919.361676712520421, 1595485.052978083956987 ], [ 319698.459359770058654, 1595118.137139275902882 ], [ 320274.35341283143498, 1594446.412743396125734 ], [ 320680.197078131779563, 1593842.136809998424724 ], [ 321469.537312575033866, 1593607.522535458439961 ], [ 321527.436925901914947, 1593906.201712924987078 ], [ 321613.730853302637115, 1594351.358289672760293 ], [ 321759.139466830762103, 1594366.128812090493739 ], [ 321832.959745769214351, 1594234.029839113820344 ], [ 322066.781470455229282, 1594058.662735576974228 ], [ 322154.841788315563463, 1593992.618219749769196 ], [ 322262.891386435949244, 1594075.906508277403191 ], [ 322694.889353476813994, 1594409.162154448917136 ], [ 323015.802227215724997, 1594359.790919627295807 ], [ 323312.029380182502791, 1594137.620466189691797 ], [ 323706.999049018719234, 1594717.732087134150788 ], [ 324027.911753093125299, 1594791.788854732876644 ], [ 324250.082191262161359, 1594717.732113904552534 ], [ 324533.966561629669741, 1595236.129732022760436 ], [ 324711.660726510453969, 1595524.66891146171838 ], [ 325051.829559605801478, 1595737.959322104696184 ], [ 327350.341960418445524, 1599330.700630508130416 ], [ 327857.140550525858998, 1600345.012361790286377 ], [ 327912.877334611315746, 1600456.569499534321949 ], [ 328892.982569658197463, 1600733.438849054044113 ], [ 329030.873346122447401, 1600783.707543488126248 ], [ 330529.548727449262515, 1601330.11719158384949 ], [ 330766.325436400948092, 1601416.455065929563716 ], [ 331885.003183626220562, 1601113.56823638221249 ], [ 332069.040697511634789, 1600664.637989627430215 ], [ 332181.599826499936171, 1600390.077950078761205 ], [ 332201.484265735023655, 1600341.575521378777921 ], [ 332617.392662709055003, 1600338.502273108810186 ], [ 333472.401079177972861, 1600332.206410865066573 ], [ 333694.13487719593104, 1600330.578446745174006 ], [ 335218.825496363453567, 1600114.69562832149677 ], [ 336245.214662332087755, 1600358.820855839177966 ], [ 336462.839000535896048, 1600410.588481734273955 ], [ 336807.458947798819281, 1600500.208556591300294 ], [ 337143.409367314947303, 1600587.579099043272436 ], [ 339123.156175230978988, 1599279.967351088067517 ], [ 339134.334147191140801, 1599272.585269370349124 ], [ 340718.934361244435422, 1599135.601366606540978 ], [ 340995.398820218862966, 1599111.71250555338338 ], [ 343574.992521933862008, 1597561.837435417808592 ], [ 343751.676740758004598, 1597666.99021078273654 ], [ 344365.587487456039526, 1598032.372005209559575 ], [ 344703.831786250229925, 1598233.695976154645905 ], [ 345771.433114165323786, 1598482.559821642236784 ], [ 346140.876115593127906, 1598568.690754092298448 ], [ 346595.381599529762752, 1599952.568942913087085 ], [ 348617.375762356445193, 1601009.57114456826821 ], [ 349540.962598275160417, 1601254.601335032377392 ], [ 350015.184582205838524, 1601380.428823030553758 ], [ 353376.223285960382782, 1602369.306065785000101 ], [ 353673.369952326291241, 1602446.750658155418932 ], [ 353822.34492203395348, 1602485.579107146942988 ], [ 355088.077839818550274, 1602815.516895967070013 ], [ 355290.634449029283132, 1602868.323945527663454 ], [ 356759.710779442451894, 1603902.199257686035708 ], [ 356939.046894158935174, 1605839.056321521988139 ], [ 356939.243756357522216, 1605841.182587417773902 ], [ 357207.310042575583793, 1606078.958468318684027 ], [ 357649.337247689021751, 1606471.054088412318379 ], [ 358700.439352659392171, 1608492.924430947285146 ], [ 359735.322716791997664, 1610345.676458016503602 ], [ 360027.782488390046638, 1612145.551971894688904 ], [ 361029.892866323934868, 1613223.419129957212135 ], [ 361659.653976491070352, 1614750.415636499179527 ], [ 362538.372647426789626, 1617099.172802085988224 ], [ 364473.839860555832274, 1619154.898036794038489 ], [ 365710.255340117146261, 1619179.899762484710664 ], [ 367915.333974194829352, 1617803.154370429227129 ], [ 368918.769163512974046, 1620379.772242183564231 ], [ 368123.468874185811728, 1623119.662544084945694 ], [ 367958.037693582649808, 1625305.399000834207982 ], [ 368872.228065187518951, 1629358.130630770465359 ], [ 371357.608900547376834, 1633110.758629195857793 ], [ 374377.657650221372023, 1637102.498243662528694 ], [ 376193.272713975864463, 1637907.367658834904432 ], [ 379006.618999567115679, 1636494.012296251021326 ], [ 381860.691154016996734, 1637604.500314677599818 ], [ 384093.783175780787133, 1639373.248755124863237 ], [ 385986.850798706291243, 1641505.331191074568778 ], [ 386272.251059681002516, 1641152.353643098147586 ], [ 386351.601629832934123, 1641054.216921902727336 ] ] ] ] } }
]
}
