{
"type": "FeatureCollection",
"name": "somalia_level_0_pcs",
"crs": { "type": "name", "properties": { "name": "urn:ogc:def:crs:EPSG::32638" } },
"features": [
{ "type": "Feature", "properties": { "iso2": "SO", "iso3": "SOM", "adm0_name": "Somalia", "adm0_name1": null, "adm0_name2": null, "adm0_name3": null, "adm0_pcode": "SO", "valid_on": "2025-01-08T00:00:00", "valid_to": null, "area_sqkm": 633051.42669859994, "version": "v03", "lang": "en", "lang1": null, "lang2": null, "lang3": null, "center_lat": 5.15880609, "center_lon": 46.80555055 }, "geometry": { "type": "MultiPolygon", "coordinates": [ [ [ [ 1132280.75426178611815, 1331395.736236673546955 ], [ 1131485.799248734721914, 1331561.726881352253258 ], [ 1129545.913754238281399, 1331428.076158159645274 ], [ 1129191.785060879774392, 1331223.69364774459973 ], [ 1129128.926418309798464, 1331187.416199552826583 ], [ 1129105.971096546621993, 1331168.692148363916203 ], [ 1128408.283441747073084, 1330041.54740717029199 ], [ 1128691.19523186981678, 1329871.823995616752654 ], [ 1128764.954976862529293, 1329959.35753103159368 ], [ 1129354.185087209567428, 1330658.653728747740388 ], [ 1129426.38178948732093, 1330689.742610109737143 ], [ 1129697.846358526265249, 1330806.641195463947952 ], [ 1130224.112232168205082, 1331036.141551747452468 ], [ 1131561.165809164755046, 1330976.075461140833795 ], [ 1131719.428244038019329, 1330755.536108808591962 ], [ 1131515.541759192943573, 1330585.871342276455835 ], [ 1131194.957732404116541, 1330309.868617465253919 ], [ 1131098.951573182363063, 1330227.215479009086266 ], [ 1129832.918013961054385, 1330079.798924313858151 ], [ 1129823.859918918926269, 1330078.744464360876009 ], [ 1129567.102172364015132, 1329881.292508671758696 ], [ 1129513.197075563017279, 1329839.788587048649788 ], [ 1128847.739525729091838, 1329327.445230482844636 ], [ 1128813.439610676374286, 1329301.038365559652448 ], [ 1128752.161841029999778, 1329248.276101518189535 ], [ 1128742.225119630340487, 1329246.212197566404939 ], [ 1128738.900482654571533, 1329243.652646603062749 ], [ 1127338.471952683757991, 1328940.165318253682926 ], [ 1125511.019077028380707, 1328195.321304574143142 ], [ 1124441.685488893184811, 1327948.181034438312054 ], [ 1122337.372216247487813, 1326943.590620496310294 ], [ 1119858.290311713702977, 1325968.163379837060347 ], [ 1118697.830159574048594, 1325505.760156296659261 ], [ 1118687.89261952531524, 1325507.762068090727553 ], [ 1118681.974685971159488, 1325505.434328762581572 ], [ 1116488.514446320245042, 1325950.901093774009496 ], [ 1114897.973195577505976, 1326273.880615928443149 ], [ 1114836.701682502869517, 1326286.324265358503908 ], [ 1114224.171508880099282, 1326276.461534604663029 ], [ 1114207.465705855749547, 1326276.192727812100202 ], [ 1113958.744376315735281, 1326053.482509165070951 ], [ 1113958.268254594877362, 1326053.040109079796821 ], [ 1113668.892812006175518, 1325179.065452709794044 ], [ 1113573.431908157654107, 1325090.056689278455451 ], [ 1113283.227514151250944, 1324806.956850096350536 ], [ 1113250.970994551898912, 1324775.490657821996137 ], [ 1113217.251458467449993, 1324729.040946272201836 ], [ 1112950.849736429285258, 1324687.603147401008755 ], [ 1111112.899804367218167, 1324395.063412994146347 ], [ 1111061.278165108291432, 1324386.848776268772781 ], [ 1110871.847931644879282, 1324254.978688840288669 ], [ 1110461.057854732964188, 1323969.02113726339303 ], [ 1109611.870792675297707, 1323367.391237895470113 ], [ 1108744.632000741083175, 1322990.459449456771836 ], [ 1108691.523474643705413, 1322973.102566970512271 ], [ 1108683.280908279586583, 1322969.51318214694038 ], [ 1106242.872761420439929, 1320683.043462247122079 ], [ 1106242.087965620215982, 1320682.063237519469112 ], [ 1105567.045199059415609, 1319829.562056075781584 ], [ 1105530.291384458774701, 1319757.146373557159677 ], [ 1105383.302702217828482, 1319437.34882431011647 ], [ 1104202.567545049823821, 1317142.879174215719104 ], [ 1104181.030599155696109, 1317100.482775125885382 ], [ 1104159.525350735522807, 1317019.015228228876367 ], [ 1102411.279946416383609, 1310352.860326937399805 ], [ 1102485.962768654804677, 1309954.274454989936203 ], [ 1102665.219613158609718, 1309991.034080675803125 ], [ 1102839.753136465325952, 1310031.302144818007946 ], [ 1102850.932959908153862, 1310078.237784158438444 ], [ 1102850.559883302077651, 1310097.098605762701482 ], [ 1103075.755371615523472, 1311022.159307000227273 ], [ 1103688.457334374543279, 1313595.230710573960096 ], [ 1103938.355694385245442, 1314644.071237376658246 ], [ 1103985.337482090340927, 1314852.629585954360664 ], [ 1104050.544142788741738, 1315008.004255471751094 ], [ 1104429.271148658823222, 1315955.422765219118446 ], [ 1105210.071682708337903, 1317508.648051329888403 ], [ 1105830.675716988975182, 1318774.971807417226955 ], [ 1106628.986352841835469, 1319731.200331481406465 ], [ 1106660.20576898753643, 1319769.56364195025526 ], [ 1106660.059487279038876, 1319768.422452348517254 ], [ 1106665.523929082788527, 1319774.968165605794638 ], [ 1106666.88341314624995, 1319707.18327050213702 ], [ 1106585.602116937283427, 1319187.662090573925525 ], [ 1106575.016176126897335, 1319105.097783714067191 ], [ 1105663.31387706939131, 1317441.69933463120833 ], [ 1105034.994401353644207, 1315809.308252671035007 ], [ 1104459.801048697670922, 1314170.413684849394485 ], [ 1104283.34274630388245, 1313243.652017820626497 ], [ 1104260.600212096236646, 1313123.671234380686656 ], [ 1104257.616622185800225, 1313107.924027692060918 ], [ 1104001.216643073130399, 1311699.8271631130483 ], [ 1103558.012613310711458, 1310259.738954978762195 ], [ 1103430.237805443350226, 1309836.384291656548157 ], [ 1103322.384140802547336, 1309649.916458661668003 ], [ 1103068.859572375193238, 1309192.793208871269599 ], [ 1102378.246839162893593, 1308643.469735142542049 ], [ 1102050.321784963831306, 1307905.45803994173184 ], [ 1101546.969982884358615, 1306766.565926947863773 ], [ 1099821.065754967276007, 1303547.405518098035827 ], [ 1099381.547581443563104, 1302724.840726709226146 ], [ 1098406.275598143460229, 1301407.263891579350457 ], [ 1097594.052288796054199, 1300436.903089554281905 ], [ 1097144.427918996661901, 1299895.932605692883953 ], [ 1097129.583556240890175, 1299882.053921374026686 ], [ 1097128.437017391668633, 1299880.684285287978128 ], [ 1095019.088093009777367, 1297893.829358825227246 ], [ 1093192.246698799543083, 1296172.917260325280949 ], [ 1092885.332788049476221, 1295881.249581559561193 ], [ 1092865.425503890495747, 1295865.087831255514175 ], [ 1092800.779271339531988, 1295804.199742446886376 ], [ 1091279.616925227688625, 1295090.994227342540398 ], [ 1088399.245339387794957, 1294254.804972262820229 ], [ 1088033.759029668522999, 1294147.747377171181142 ], [ 1087015.25730203744024, 1293592.813875556224957 ], [ 1084681.672048488864675, 1291908.068268590606749 ], [ 1084673.39564411342144, 1291904.206104325130582 ], [ 1084665.563757105264813, 1291898.548683559056371 ], [ 1084574.246086487546563, 1291851.387788012856618 ], [ 1084565.851609213743359, 1291847.052525494247675 ], [ 1084135.298285691067576, 1291624.674907973501831 ], [ 1083014.308237299788743, 1291029.252876692684367 ], [ 1080585.287961354013532, 1289783.802502257749438 ], [ 1080548.317220460157841, 1289773.187324063619599 ], [ 1076928.133124252315611, 1287972.587647979846224 ], [ 1076444.535545243183151, 1287510.396112461807206 ], [ 1075982.180053353309631, 1286498.684845501556993 ], [ 1075377.010786501225084, 1285979.1282841169741 ], [ 1075291.421184592414647, 1285909.76497187372297 ], [ 1075289.727232146076858, 1285909.070310234325007 ], [ 1075287.296936799073592, 1285906.935054067755118 ], [ 1074273.116942157503217, 1285482.776428037555888 ], [ 1071966.312016201205552, 1284904.641859026392922 ], [ 1071456.511399618349969, 1284774.917509956751019 ], [ 1071289.235866451868787, 1284658.263995194109157 ], [ 1071069.823709829011932, 1284498.729316803161055 ], [ 1069405.490515313576907, 1283288.763859149534255 ], [ 1068770.796343797352165, 1283074.797596116783097 ], [ 1068241.527630876284093, 1283089.240118539426476 ], [ 1066976.25015781307593, 1283113.851281572598964 ], [ 1066379.543971241218969, 1282817.506132114445791 ], [ 1065944.868108714232221, 1282597.089607491856441 ], [ 1064110.653024394065142, 1282339.011836282676086 ], [ 1063610.02405510423705, 1282163.477176493266597 ], [ 1062968.290069943293929, 1281929.749134611804038 ], [ 1062501.952256124466658, 1281672.562804814893752 ], [ 1062005.901654996676371, 1281389.677016050787643 ], [ 1061960.786214381922036, 1281363.949497359804809 ], [ 1061951.664004694204777, 1281357.223442305577919 ], [ 1060997.785288943676278, 1280490.311708478024229 ], [ 1060899.277607871918008, 1280400.790772478329018 ], [ 1059914.855999234132469, 1280415.327044736826792 ], [ 1059273.469561877660453, 1280419.877117227297276 ], [ 1059208.751558257266879, 1280418.716724826022983 ], [ 1058607.295042996760458, 1279628.339082441758364 ], [ 1058162.462950851768255, 1279024.437101224903017 ], [ 1058116.691017350181937, 1278983.195259664207697 ], [ 1058113.981248483993113, 1278979.632086622994393 ], [ 1056903.108245498966426, 1278376.392031353665516 ], [ 1056898.747775517404079, 1278374.219860644079745 ], [ 1055777.318421640433371, 1277497.990112831816077 ], [ 1055671.997941062785685, 1277408.032585006440058 ], [ 1055065.245747512672096, 1277166.226639870787039 ], [ 1054495.955676937010139, 1276933.394002549350262 ], [ 1052919.394017495214939, 1276551.779500965727493 ], [ 1049198.778724279021844, 1276188.13842363236472 ], [ 1046823.388214211096056, 1276304.587805916322395 ], [ 1045916.132219614228234, 1276268.315337848849595 ], [ 1045662.769741256139241, 1276258.145878303330392 ], [ 1045535.641600125003606, 1276247.177100338274613 ], [ 1045024.292667525820434, 1276232.54507438885048 ], [ 1043711.887355861021206, 1276179.973824382992461 ], [ 1042560.69027035345789, 1276366.298516145208851 ], [ 1040969.138595759286545, 1276953.938789790729061 ], [ 1039284.687238216982223, 1276953.424136802088469 ], [ 1038471.674625924439169, 1276736.718834907049313 ], [ 1038048.706521097454242, 1276465.910604564938694 ], [ 1037955.888071532361209, 1276406.484616566682234 ], [ 1037717.074287153198384, 1275875.887827809434384 ], [ 1037620.956529370276257, 1275652.204238589387387 ], [ 1037683.487511168583296, 1275531.982156416401267 ], [ 1037732.192249321145937, 1275448.24641527957283 ], [ 1038025.483151257154532, 1275305.839903867105022 ], [ 1039369.398383106687106, 1274659.947654085466638 ], [ 1039371.829112798674032, 1274658.779500404605642 ], [ 1039507.526095769950189, 1274150.613547588931397 ], [ 1039478.711465337546542, 1274086.261018118821084 ], [ 1039402.452231730218045, 1273898.5822051782161 ], [ 1039337.869342781836167, 1273768.760867339558899 ], [ 1039336.915475224144757, 1273769.590303864795715 ], [ 1039335.005333971465006, 1273765.324443047167733 ], [ 1038481.475065486389212, 1274491.892289192648605 ], [ 1038412.045025338069536, 1274526.525367453694344 ], [ 1037786.928042540093884, 1274838.354916017968208 ], [ 1036854.450208031805232, 1275716.844674599356949 ], [ 1036275.3297665247228, 1275733.006786555284634 ], [ 1036267.079175684717484, 1275733.237120450939983 ], [ 1035299.065602482878603, 1274926.332381723448634 ], [ 1035052.218153626890853, 1274718.176733119878918 ], [ 1034966.546454046503641, 1274648.975518952123821 ], [ 1034965.736119522480294, 1274648.500328759895638 ], [ 1034957.485597319086082, 1274641.623603576328605 ], [ 1034536.448217306751758, 1274396.793700280832127 ], [ 1030825.430895836092532, 1272221.384789778152481 ], [ 1029518.082302069757134, 1271753.204002168029547 ], [ 1029009.628334439359605, 1271565.36871917033568 ], [ 1027229.489081952138804, 1271096.241243986412883 ], [ 1026748.07715102029033, 1270969.320324635598809 ], [ 1024709.286729486077093, 1270810.331995814340189 ], [ 1024059.582620507455431, 1270905.785179197788239 ], [ 1023617.662968964315951, 1270969.272379647940397 ], [ 1023002.89099845988676, 1270932.801330736605451 ], [ 1019965.140318750636652, 1270737.292046356480569 ], [ 1018662.64902252855245, 1270826.867942743934691 ], [ 1017840.629989765351638, 1270873.525840843329206 ], [ 1016685.182646451052278, 1271172.252422547899187 ], [ 1015821.887329382938333, 1271387.479030393529683 ], [ 1013522.586863441276364, 1272394.249879934825003 ], [ 1012277.148953185416758, 1272939.545003154780716 ], [ 1010731.659272003686056, 1272252.523810362210497 ], [ 1009415.673147871391848, 1271594.721511204261333 ], [ 1008330.428575966856442, 1270838.418524199398234 ], [ 1007310.556096713291481, 1270746.503030842170119 ], [ 1006623.845786389196292, 1270684.63309749471955 ], [ 1006440.013662225101143, 1270613.854870475828648 ], [ 1005643.535175951430574, 1270307.216666652355343 ], [ 1005380.489065466448665, 1270203.434212032938376 ], [ 1002607.613787080277689, 1270158.974893992999569 ], [ 1002459.813682100968435, 1270141.442040103720501 ], [ 1001929.427385703194886, 1270027.250130179338157 ], [ 1001559.623644392122515, 1269943.449871495133266 ], [ 1000134.55621909792535, 1269865.892435948131606 ], [ 999597.319912207662128, 1269836.671224013203755 ], [ 997322.936525324708782, 1269212.983381022932008 ], [ 997308.939918460790068, 1269209.145791710587218 ], [ 997139.762228291481733, 1269162.797296609496698 ], [ 996886.628461906220764, 1268915.603289107792079 ], [ 996455.848758495179936, 1268487.854109775740653 ], [ 994649.155917174881324, 1264681.133215125650167 ], [ 994505.436838948866352, 1264377.397328161401674 ], [ 994316.801846215501428, 1264152.868246630765498 ], [ 992500.740968348341994, 1261982.195426839636639 ], [ 992488.555613144068047, 1261967.632450905628502 ], [ 992466.294519969029352, 1261928.658936743857339 ], [ 992155.670756744104438, 1261777.283070184290409 ], [ 991338.959280171897262, 1261371.978439197875559 ], [ 990555.2546897737775, 1261271.942653859732673 ], [ 990104.682252700906247, 1261214.438967709429562 ], [ 988698.369027652195655, 1261035.00436962605454 ], [ 988649.483225957024843, 1261028.768119386397302 ], [ 988626.120507835643366, 1261022.922587056877092 ], [ 988201.118486916646361, 1259994.161183706019074 ], [ 987986.495583614334464, 1259807.169517937116325 ], [ 987689.263868768932298, 1259538.830361261498183 ], [ 987620.559349511400796, 1259476.805626540211961 ], [ 987601.519488030462526, 1259456.907355551142246 ], [ 987597.064305374864489, 1259455.594960691174492 ], [ 987594.889971257885918, 1259453.632099203765392 ], [ 985610.515113238245249, 1258864.306437688414007 ], [ 985523.426497588399798, 1258838.446200367761776 ], [ 985323.568236191989854, 1258156.091914279619232 ], [ 985323.261864425498061, 1258155.779347224161029 ], [ 985319.994273788644932, 1258144.085095593705773 ], [ 984850.755609086947516, 1257673.668170793913305 ], [ 984481.644176953472197, 1257297.072769876103848 ], [ 984415.787842635298148, 1257235.14512344636023 ], [ 984128.419418377801776, 1257096.312757254345343 ], [ 983301.076827070210129, 1256688.926561279222369 ], [ 982973.635957018123008, 1256527.703757039504126 ], [ 979057.587270427378826, 1255830.471766482573003 ], [ 973395.984360831673257, 1255896.799320428166538 ], [ 971911.435554294497706, 1256041.395822029560804 ], [ 971877.608284988091327, 1256044.700852219481021 ], [ 971829.158670954173431, 1256043.981692041736096 ], [ 970662.31961195950862, 1256358.320436219219118 ], [ 970264.611972251324914, 1256376.989358021179214 ], [ 969563.850392072694376, 1256398.858953843824565 ], [ 969257.97402172209695, 1256271.093547649448738 ], [ 969190.731465422082692, 1256243.006804913980886 ], [ 968619.293735830113292, 1255400.923992877127603 ], [ 968616.025227449368685, 1255398.140619159908965 ], [ 968610.685124279814772, 1255390.222216670401394 ], [ 967691.486311429878697, 1254607.965106952236965 ], [ 967604.293509150622413, 1254533.766441276529804 ], [ 966694.790529674617574, 1253984.601055142702535 ], [ 963570.31555844435934, 1252572.898348370101303 ], [ 963080.115233204327524, 1252348.875229220837355 ], [ 962524.301009216695093, 1252288.202470025513321 ], [ 962502.103738437639549, 1252283.45348162855953 ], [ 960504.520209034904838, 1252054.83792009181343 ], [ 959006.74005959648639, 1251593.146203868556768 ], [ 958065.884024056605995, 1251295.219063794007525 ], [ 957502.344247032655403, 1251321.097341978223994 ], [ 956946.529451895738021, 1251337.852219503605738 ], [ 955857.96436402190011, 1250862.768719250103459 ], [ 953751.257398857269436, 1250269.635292276740074 ], [ 952633.885508293053135, 1249997.704736020881683 ], [ 951709.895393284969032, 1249882.829390555853024 ], [ 948894.030859249760397, 1249532.922891086200252 ], [ 945720.504703611484729, 1248719.914414286147803 ], [ 942516.825239330530167, 1248212.379719515098259 ], [ 940416.171866605058312, 1247262.941436885390431 ], [ 939934.248463138821535, 1247128.190734280273318 ], [ 938557.586473160656169, 1247132.664789331378415 ], [ 935186.027839037822559, 1245985.611471938667819 ], [ 932062.582202957593836, 1245249.930468648904935 ], [ 928700.573799813515507, 1245122.35568428481929 ], [ 928103.111936469562352, 1245230.64174281200394 ], [ 927765.292935252655298, 1245296.403660818235949 ], [ 926734.458364983554929, 1245488.265284592052922 ], [ 923768.085271393880248, 1246040.373645675834268 ], [ 923181.579660546500236, 1246300.597291114274412 ], [ 921380.872428430709988, 1247089.684034263947979 ], [ 920400.516138858278282, 1247384.676902687642723 ], [ 919052.441946410108358, 1247776.848198735620826 ], [ 917943.682173661887646, 1248416.027446145890281 ], [ 917072.510881982976571, 1248918.279521543998271 ], [ 915166.255827493267134, 1249730.259015738265589 ], [ 914301.975045283441432, 1250098.449010512093082 ], [ 913833.336624965537339, 1250245.008248890284449 ], [ 913681.135029862402007, 1250289.928185182856396 ], [ 912996.281352338264696, 1250506.458732701372355 ], [ 912125.620974120800383, 1250778.346242603613064 ], [ 910588.248146540718153, 1251157.443220633082092 ], [ 905807.518937452463433, 1252336.803000050364062 ], [ 904250.516979607753456, 1252541.991788998246193 ], [ 900207.452598684700206, 1254030.748395308386534 ], [ 899868.425214481190778, 1254155.507013755617663 ], [ 898112.687875000061467, 1254026.559354902943596 ], [ 897295.504124332219362, 1253682.14700709679164 ], [ 896219.396078769350424, 1253228.655948696890846 ], [ 895233.015015642391518, 1252808.513938690070063 ], [ 894918.020193437580019, 1252725.82706530415453 ], [ 894606.974249037215486, 1252640.578202177537605 ], [ 893553.063214753288776, 1252351.759298952762038 ], [ 890371.048741971841082, 1252200.835832022596151 ], [ 887763.800351937068626, 1252543.046246523736045 ], [ 886899.366624023998156, 1252656.552889827173203 ], [ 886569.720152997644618, 1252634.061879227869213 ], [ 885449.093318005790934, 1252557.620992979733273 ], [ 884080.688472324516624, 1252103.701584295835346 ], [ 880800.285839457064867, 1250117.790541445603594 ], [ 879383.840108590200543, 1249484.800704610068351 ], [ 878671.509891043882817, 1249336.407312408555299 ], [ 878064.93703939509578, 1249206.001906276447698 ], [ 875800.923742500832304, 1249202.096561956452206 ], [ 873359.472119706566446, 1249193.975133423460647 ], [ 871721.67603147844784, 1249188.503109442768618 ], [ 870552.960928593762219, 1248995.818727309349924 ], [ 870532.868687020265497, 1248992.506583060137928 ], [ 870526.576904528657906, 1248989.22721878811717 ], [ 869980.76549199433066, 1248446.157134366454557 ], [ 869867.389962459681556, 1248333.100809355266392 ], [ 869787.735622529056855, 1248250.51328786322847 ], [ 869784.162228206638247, 1248250.108528831740841 ], [ 869775.742195216938853, 1248241.712359532015398 ], [ 866928.359955827705562, 1247917.570438991533592 ], [ 866396.165044873487204, 1247641.396554891718552 ], [ 866391.359352227649651, 1247638.902826045872644 ], [ 866384.877733711386099, 1247629.934495321474969 ], [ 865453.433252005837858, 1246801.269768836675212 ], [ 864486.444720183964819, 1245573.382668184814975 ], [ 864477.270719483727589, 1245573.27830439992249 ], [ 864470.986578959506005, 1245565.296576650813222 ], [ 864469.046960794134066, 1245562.833000791957602 ], [ 863407.397351215709932, 1244705.978547693463042 ], [ 863203.535958560416475, 1244538.015878770500422 ], [ 863097.767341863363981, 1244448.934914690675214 ], [ 862542.67261579236947, 1243780.934910306707025 ], [ 862316.888249726966023, 1243504.345933403354138 ], [ 862301.361002939171158, 1243466.46022769366391 ], [ 861719.097365197027102, 1243078.81112131359987 ], [ 861677.468352296389639, 1243050.328929224051535 ], [ 860497.353241710108705, 1242242.853791093686596 ], [ 859132.393574575777166, 1241585.368267911020666 ], [ 856894.951929388800636, 1241124.461608282290399 ], [ 854063.769186126999557, 1240541.500737012829632 ], [ 853845.034835078753531, 1240423.291997879976407 ], [ 853372.723489403957501, 1240161.904497170588002 ], [ 853298.528864538064227, 1240120.844716398278251 ], [ 852141.770147243514657, 1238603.361853508511558 ], [ 852100.65733081032522, 1238549.432508357567713 ], [ 852099.209274049848318, 1238548.647650508442894 ], [ 852098.182552636950277, 1238546.870663135079667 ], [ 850827.052990718279034, 1237859.199976062402129 ], [ 850464.89956311066635, 1237662.946578498696908 ], [ 850408.740206558490172, 1237632.514153727563098 ], [ 849665.103678563726135, 1236813.633863585768268 ], [ 848556.586659942171536, 1235592.887519170064479 ], [ 847982.747726058121771, 1234752.891654749633744 ], [ 847969.881188054103404, 1234734.058158874278888 ], [ 847961.563606253126636, 1234716.745091133518144 ], [ 846808.217352133011445, 1233967.59887352748774 ], [ 844512.156341164489277, 1232084.324053706601262 ], [ 842568.231694963062182, 1231597.343861800152808 ], [ 841745.40372374036815, 1231778.438150324393064 ], [ 841102.252061834558845, 1231914.753772727679461 ], [ 840051.26492581248749, 1231613.774806899484247 ], [ 839512.617370598483831, 1231457.049041334539652 ], [ 839509.299383942619897, 1231458.584732476156205 ], [ 839505.520636030472815, 1231457.502688859822229 ], [ 838633.685311641544104, 1231851.369169695070013 ], [ 837867.817161465995014, 1231966.930350420298055 ], [ 837842.635062873130664, 1231960.369651631917804 ], [ 837818.807760483352467, 1231946.248920395271853 ], [ 836969.216802518814802, 1231733.117462055757642 ], [ 835788.467817551922053, 1231425.961397528881207 ], [ 834409.541675491025671, 1231446.450227221939713 ], [ 834106.258416490862146, 1231448.177383422153071 ], [ 833492.591117222094908, 1231256.017383300000802 ], [ 832334.507963850628585, 1230889.190452584298328 ], [ 830432.932938778423704, 1230376.407224914757535 ], [ 828576.00325804296881, 1230271.590596138965338 ], [ 826306.610756788519211, 1230491.233056589495391 ], [ 824658.92249015904963, 1230033.21897906367667 ], [ 821239.926732948748395, 1230515.097208665451035 ], [ 819600.641933456063271, 1231151.538875112775713 ], [ 818790.189038687152788, 1231060.958774644182995 ], [ 818646.546175817260519, 1231042.472328561358154 ], [ 818593.992706315591931, 1231039.051419866504148 ], [ 818279.456034236820415, 1231004.022828954504803 ], [ 817915.544258688110858, 1230877.346293673850596 ], [ 817908.987367453286424, 1230875.063827778212726 ], [ 814760.202286400366575, 1229779.212097879964858 ], [ 812903.438265254022554, 1229674.256964446976781 ], [ 810758.651405001059175, 1230073.857778194826096 ], [ 807877.640359530691057, 1230360.272490955656394 ], [ 806956.562738523352891, 1230651.50001168763265 ], [ 806956.531266681384295, 1230651.509898663731292 ], [ 806112.746542688226327, 1230918.324445656733587 ], [ 805034.96944118803367, 1230618.04526337236166 ], [ 803490.223733436781913, 1230187.499679068103433 ], [ 801955.538632450159639, 1229754.356859763618559 ], [ 799588.175149795832112, 1228785.488633840810508 ], [ 797201.867986877216026, 1227803.691637611482292 ], [ 795084.81113308458589, 1227269.696530120680109 ], [ 794958.59174067992717, 1227237.476918457308784 ], [ 794956.679927919292822, 1227237.382644421886653 ], [ 794945.272326173260808, 1227234.505827407119796 ], [ 794288.826566087198444, 1227204.487624313216656 ], [ 793277.716862140456215, 1227154.712006812216714 ], [ 793017.530426874989644, 1227182.855811497429386 ], [ 792170.641593466862105, 1227268.046217374270782 ], [ 791666.587786771124229, 1227481.194450386334211 ], [ 791299.439294226816855, 1227636.248593307333067 ], [ 788599.206491365330294, 1229401.119602612452582 ], [ 787200.531371334334835, 1230115.146848910022527 ], [ 786911.021884573623538, 1230259.667279350105673 ], [ 786734.555315914098173, 1230397.769504912430421 ], [ 785127.887817274080589, 1231637.325888224877417 ], [ 783720.422935803304426, 1232360.033240244025365 ], [ 783589.409847377683036, 1232426.06466564303264 ], [ 782946.113308398518711, 1232854.224163515493274 ], [ 781453.881067279726267, 1233844.899590426823124 ], [ 781021.905657371273264, 1234263.349211167311296 ], [ 780063.022380867041647, 1235185.414425955154002 ], [ 779801.056955820065923, 1235446.152397132245824 ], [ 779308.68328566593118, 1235923.363350284751505 ], [ 778357.797296535572968, 1236493.799802772700787 ], [ 776902.045768083771691, 1236827.383686386980116 ], [ 773715.466354674659669, 1237159.588248102460057 ], [ 772041.125601364066824, 1237108.153270265553147 ], [ 771912.98343524185475, 1237082.288341959007084 ], [ 770184.884773590601981, 1236723.030744571471587 ], [ 769153.972104533924721, 1236853.926667141029611 ], [ 768748.963986210525036, 1236899.649246750632301 ], [ 768644.580188975669444, 1236881.134177130181342 ], [ 768224.174699605209753, 1236794.166778339073062 ], [ 767088.625203509116545, 1236191.469434211496264 ], [ 766804.077157557941973, 1236220.88499435223639 ], [ 764513.970988903893158, 1236456.817084686364979 ], [ 763494.339938239078037, 1236137.397408484714106 ], [ 762468.32029082858935, 1235807.698768430622295 ], [ 761344.099957082886249, 1235653.74160969001241 ], [ 761269.515133860288188, 1235643.038774411892518 ], [ 760698.719492910080589, 1235236.80971793201752 ], [ 759743.85585247061681, 1234549.568534445250407 ], [ 757234.2660100517096, 1233928.344435062026605 ], [ 754926.939622541656718, 1233025.244343247730285 ], [ 754179.306359260110185, 1232617.498927083564922 ], [ 753937.142852267017588, 1232484.717110666213557 ], [ 752249.955004916293547, 1231559.694630019599572 ], [ 752003.238472167402506, 1231495.825273657450452 ], [ 751525.169100044062361, 1231372.046372988494113 ], [ 751256.790271971723996, 1231302.562977381516248 ], [ 750581.550218210904859, 1231127.754776326008141 ], [ 750333.059064608532935, 1230990.158344628755003 ], [ 748610.241179661359638, 1230027.714550102828071 ], [ 746479.415458275936544, 1229567.149411353981122 ], [ 746454.692096168757416, 1229561.806523116538301 ], [ 745441.48485901625827, 1228530.318032834213227 ], [ 744622.511300358921289, 1227696.648785480996594 ], [ 744551.57187500060536, 1227624.43979021301493 ], [ 743079.472613922553137, 1226842.900589604396373 ], [ 742297.096907607512549, 1226424.264020374044776 ], [ 741359.671284674899653, 1226083.12821001233533 ], [ 739677.936329726362601, 1225470.107699044281617 ], [ 738590.70868650090415, 1225073.699109861627221 ], [ 734932.086840729811229, 1223736.378100993577391 ], [ 734560.425311250379309, 1223423.51482356688939 ], [ 734454.307308952789754, 1223331.322630389360711 ], [ 734310.447730116429739, 1222050.290639451006427 ], [ 734310.326726504717954, 1222049.971434492385015 ], [ 734310.052069439319894, 1222047.333255701232702 ], [ 734282.280305271386169, 1221976.001409932971001 ], [ 734048.543674278538674, 1221359.559794584056363 ], [ 732469.989121915190481, 1220084.308753721183166 ], [ 731583.409082379657775, 1219366.507681804476306 ], [ 731528.1797218718566, 1219321.794440235476941 ], [ 731488.035329786827788, 1219288.299608417320997 ], [ 731265.332352665252984, 1218976.284743209602311 ], [ 730832.015192133374512, 1218356.246024265885353 ], [ 730783.573309727944434, 1218144.015607578679919 ], [ 730433.072146700927988, 1216559.277242903830484 ], [ 730292.911464130156673, 1215993.804843778489158 ], [ 730285.070381000870839, 1215959.411805084440857 ], [ 730284.111649410915561, 1215958.303710162173957 ], [ 730283.834921066998504, 1215957.187234032666311 ], [ 729502.854774664854631, 1215046.7814931711182 ], [ 729437.005023072008044, 1214979.197788471356034 ], [ 729435.363226468209177, 1214977.300263553159311 ], [ 729302.954850968671963, 1214912.239459497155622 ], [ 727634.558004715945572, 1214081.582728588022292 ], [ 726946.08364595065359, 1213981.048876579618081 ], [ 725409.868325041607022, 1213744.9526357203722 ], [ 724161.536751139210537, 1212790.065446340246126 ], [ 724054.0538785608951, 1212706.377199114533141 ], [ 723967.402329712058417, 1212693.088914126390591 ], [ 721920.623439769959077, 1212368.307417816715315 ], [ 720445.274714464787394, 1212370.737365635111928 ], [ 719927.95784565329086, 1212057.280040590791032 ], [ 719881.385619041277096, 1212036.710470902966335 ], [ 719450.912949481396936, 1211547.634046726860106 ], [ 718863.511414864566177, 1210571.320727631449699 ], [ 718650.883814954780973, 1210216.788718299008906 ], [ 718399.864914906676859, 1209795.895209671463817 ], [ 717852.48078061058186, 1209207.483593305572867 ], [ 717799.782152831205167, 1209150.836995956720784 ], [ 717022.104152433341369, 1208644.97930199210532 ], [ 716934.709701506886631, 1208586.773351371986791 ], [ 716931.028563595609739, 1208585.739608321804553 ], [ 716918.503649972961284, 1208577.592908676248044 ], [ 715980.306609132094309, 1208318.772270414279774 ], [ 715555.851232370128855, 1208199.593920155894011 ], [ 714600.492415354354307, 1207335.788184989942238 ], [ 714501.774467973969877, 1207247.236876050475985 ], [ 714497.236619740491733, 1207243.113378900568932 ], [ 714497.148877284023911, 1207243.087695410707965 ], [ 714494.333474277402274, 1207240.562325213104486 ], [ 714391.284899230347946, 1207212.102684818673879 ], [ 713762.867373610497452, 1207028.181894555222243 ], [ 711776.708219466265291, 1207150.029790557455271 ], [ 711521.225156583590433, 1207024.890946192201227 ], [ 711432.87469968397636, 1206977.750034152995795 ], [ 711346.381689401576295, 1206936.681985393632203 ], [ 710588.114704394363798, 1205493.564887774875388 ], [ 710568.394866189337336, 1205446.172099758172408 ], [ 710116.83954533666838, 1205162.686875618761405 ], [ 710003.396312499418855, 1205087.973882288439199 ], [ 708784.438341776840389, 1204992.837954750750214 ], [ 708777.406032303115353, 1204990.892976663308218 ], [ 707796.61814683501143, 1204704.825806542765349 ], [ 707770.961925954907201, 1204697.343117559328675 ], [ 707445.629126542247832, 1204361.695305483415723 ], [ 707253.238334180787206, 1204085.161370260873809 ], [ 706472.992515892372467, 1202942.274779467377812 ], [ 706434.599156990880147, 1202908.559894401580095 ], [ 706426.141834255540743, 1202896.405125704826787 ], [ 705616.67847693816293, 1202370.212374777533114 ], [ 705587.149534912779927, 1202351.017800213303417 ], [ 705555.805932020419277, 1202322.121542071225122 ], [ 704535.917746988823637, 1201032.894628590205684 ], [ 704509.279459643294103, 1201005.612034825142473 ], [ 704472.548850145656615, 1200958.863091484643519 ], [ 704032.357570069376379, 1200730.230411164928228 ], [ 703654.416253062197939, 1200533.937752760481089 ], [ 703578.10344379581511, 1200493.588804899947718 ], [ 703575.401989529258572, 1200492.900640176143497 ], [ 703564.376529216417111, 1200487.174501499393955 ], [ 701778.947798486682586, 1200030.322037434205413 ], [ 701765.475851633702405, 1200026.875256151892245 ], [ 701088.996344261569902, 1199380.694141361163929 ], [ 700881.411179513321258, 1198998.889904846437275 ], [ 700573.769319733954035, 1198415.938290716381744 ], [ 700557.765960807679221, 1198403.644262021174654 ], [ 700545.197249013930559, 1198380.52876786282286 ], [ 699815.032096621696837, 1197911.513687157770619 ], [ 699137.156581411021762, 1197717.704785598441958 ], [ 698543.181413575308397, 1197539.512874636333436 ], [ 698513.228552325745113, 1197539.334470950998366 ], [ 698498.152421311475337, 1197535.024669106118381 ], [ 698292.027915128390305, 1197298.023292916594073 ], [ 697838.579216005047783, 1196776.66758214472793 ], [ 697694.306743043358438, 1196609.444441697560251 ], [ 697683.601349379052408, 1196598.486467085778713 ], [ 697623.855786792817526, 1196529.79668706539087 ], [ 697201.139055935665965, 1196349.395176819525659 ], [ 696822.412648680736311, 1196178.915167928440496 ], [ 696281.805579293752089, 1195957.011946462793276 ], [ 695464.932873147539794, 1195608.34496150771156 ], [ 694747.325699677225202, 1195302.071563041070476 ], [ 694745.763995688292198, 1195301.405024074018002 ], [ 694731.661482710856944, 1195282.152176566189155 ], [ 694133.768849108717404, 1194686.526677158195525 ], [ 693729.611783289816231, 1194269.498201122274622 ], [ 693700.798133402247913, 1194254.442120614694431 ], [ 693643.222015117644332, 1194195.527975195785984 ], [ 693521.712338514160365, 1194160.864616556558758 ], [ 693462.569238912081346, 1194129.96104050707072 ], [ 692277.617041741032153, 1193803.093423025216907 ], [ 692176.743838094291277, 1193751.349815322784707 ], [ 690458.337942242389545, 1192858.847876209067181 ], [ 688360.576055717421696, 1192038.041180293541402 ], [ 687752.22022084321361, 1191832.931863436708227 ], [ 687728.00057512964122, 1191824.766396688530222 ], [ 686638.125542116933502, 1190700.492213155142963 ], [ 686551.907513660611585, 1190611.55822574859485 ], [ 684780.471131704747677, 1190050.127160219242796 ], [ 682264.906834206427447, 1188282.042114017996937 ], [ 679433.195615482749417, 1187221.076708441833034 ], [ 678087.866172108217143, 1187073.096639492316172 ], [ 677776.487799709662795, 1186932.721569929271936 ], [ 677168.759487764677033, 1186650.717372510582209 ], [ 676625.780434255488217, 1186466.791229761671275 ], [ 676091.218123078579083, 1186279.332192424917594 ], [ 673700.166831436683424, 1186292.96129536209628 ], [ 672711.392522009089589, 1186099.683866770006716 ], [ 666101.251402840716764, 1184369.710829787887633 ], [ 664461.525045514339581, 1183473.080907232826576 ], [ 663798.145131948520429, 1183110.372131895041093 ], [ 663277.489603313500993, 1182825.789492989890277 ], [ 659878.516370992991142, 1181547.969828448724002 ], [ 659240.742264542961493, 1181308.254244449082762 ], [ 658555.418889534310438, 1181049.248970034066588 ], [ 658551.351474130293354, 1181049.156009037047625 ], [ 658550.413315765559673, 1181048.803428039653227 ], [ 657638.75853497593198, 1181028.321154035627842 ], [ 654836.781264223624021, 1180964.505326492479071 ], [ 654595.840845679282211, 1181012.838997918879613 ], [ 653972.609991441713646, 1181134.069767927518114 ], [ 653505.45645114092622, 1181124.982298861723393 ], [ 652906.51612860977184, 1181110.982711459044367 ], [ 651963.833103353274055, 1181461.21510743512772 ], [ 651197.931014430476353, 1181744.672131383791566 ], [ 650957.947246220894158, 1181749.28534005349502 ], [ 650343.961744260392152, 1181753.970173258101568 ], [ 648456.410273548681289, 1181768.438831124454737 ], [ 647916.131208805600181, 1181770.570938679156825 ], [ 647746.34672930103261, 1181814.383384570013732 ], [ 647066.851190125918947, 1181988.255772777833045 ], [ 644411.075251694768667, 1184285.418919760966673 ], [ 641916.997975781676359, 1187602.20080229989253 ], [ 641270.310243049403653, 1188303.617291245842353 ], [ 640653.709253731765784, 1188700.77343885297887 ], [ 638011.119320051278919, 1190159.143219648394734 ], [ 636157.225720843416639, 1191604.438327735289931 ], [ 635159.61786670552101, 1191970.180731672327965 ], [ 632468.163125286460854, 1191989.90823668288067 ], [ 631866.271027368493378, 1191991.22190303588286 ], [ 630398.146125325001776, 1191772.190182818565518 ], [ 627769.527596682542935, 1191371.002974599599838 ], [ 627661.161009879666381, 1191348.019481713650748 ], [ 625433.473737309221178, 1190876.825082183582708 ], [ 621548.691450791433454, 1190048.71798629919067 ], [ 620968.996813023812138, 1190007.851143600186333 ], [ 619935.637541703530587, 1189925.94917295826599 ], [ 614586.316865571774542, 1190528.012140620965511 ], [ 613886.502231693943031, 1190738.243271945044398 ], [ 612775.252734136302024, 1191071.984221620950848 ], [ 611852.671519072260708, 1191349.094974671956152 ], [ 611728.817344638635404, 1191354.294840788235888 ], [ 608773.984708434552886, 1191478.484670699341223 ], [ 606958.925871364073828, 1191865.453500154893845 ], [ 606559.333131477003917, 1191948.371329239336774 ], [ 606549.59307701967191, 1191954.7895401136484 ], [ 604447.05918337055482, 1193316.512063127011061 ], [ 599693.64609084406402, 1196393.15296733379364 ], [ 596032.589251609751955, 1197961.984504648251459 ], [ 594700.357857835479081, 1197940.899684838252142 ], [ 594608.981909390189685, 1197939.455489300191402 ], [ 594565.697403381462209, 1197703.759615934919566 ], [ 594544.564831450232305, 1197568.267285751178861 ], [ 594939.722423560800962, 1197042.938184031518176 ], [ 596510.601278232526965, 1196048.535502419574186 ], [ 596798.987241922412068, 1195543.164775136392564 ], [ 596692.811939690262079, 1195340.374628687975928 ], [ 596626.398064154083841, 1195232.191714193904772 ], [ 596617.193037369521335, 1195237.709343867143616 ], [ 596610.568535991595127, 1195225.923882221570238 ], [ 595526.117610686807893, 1195891.736538202036172 ], [ 595483.404053364880383, 1195917.34165735123679 ], [ 595295.012440546415746, 1195916.803129003383219 ], [ 594641.858449310529977, 1195906.402170483954251 ], [ 594322.392986578750424, 1196153.780501827597618 ], [ 594261.535065316944383, 1196197.341601654654369 ], [ 594258.485835994360968, 1196203.267910021357238 ], [ 594255.673823822988197, 1196205.445392695255578 ], [ 594122.433421369642019, 1196451.051558335777372 ], [ 593941.268530730507337, 1196785.004616094753146 ], [ 593771.463463890482672, 1197849.872780352365226 ], [ 593407.255686330492608, 1198352.521259539062157 ], [ 591870.861534504569136, 1199014.428799651795998 ], [ 589609.740956767345779, 1200478.243920507840812 ], [ 588552.768227047286928, 1201426.558383374940604 ], [ 588255.766809874796309, 1201445.360500354319811 ], [ 587782.404860918526538, 1201068.531501550693065 ], [ 587644.130197280668654, 1200955.47175769531168 ], [ 587285.823018797207624, 1200915.027492798864841 ], [ 586489.493519410374574, 1200819.780625377548859 ], [ 585282.603118442930281, 1200688.457515252986923 ], [ 584627.29976072255522, 1200347.625621931860223 ], [ 584587.79312257305719, 1200327.078353744931519 ], [ 584276.306009572464973, 1199962.349086082540452 ], [ 583929.624381860019639, 1199549.211849137675017 ], [ 583682.352084315149114, 1199078.25971912080422 ], [ 582908.333737220033072, 1197584.528608846943825 ], [ 582602.074565852177329, 1197320.54912278894335 ], [ 582593.833150304155424, 1197317.777052568970248 ], [ 582592.493069270276465, 1197316.623379189288244 ], [ 581753.962982867145911, 1197035.295625303406268 ], [ 578215.32406534999609, 1195845.40287127927877 ], [ 577651.59471963730175, 1195419.946614006534219 ], [ 577087.588628797791898, 1194992.389813804998994 ], [ 576521.658768933033571, 1194583.235174034722149 ], [ 574504.942349488730542, 1193117.033275204710662 ], [ 573928.859390898491256, 1192805.310154291102663 ], [ 573365.260858933557756, 1192493.178877190221101 ], [ 571974.10171278915368, 1192038.921480298507959 ], [ 571936.588423121022061, 1192021.05411458062008 ], [ 569047.538603781489655, 1190645.205619487678632 ], [ 567611.870370882330462, 1190124.446804169099778 ], [ 567598.00668334250804, 1190119.310720643261448 ], [ 567597.689842956839129, 1190119.303558045066893 ], [ 567581.33533842547331, 1190113.371737305540591 ], [ 565304.173865566262975, 1190051.954670692794025 ], [ 565294.179160449304618, 1190051.68542154552415 ], [ 565061.426561723113991, 1189822.774867728818208 ], [ 564782.991006086813286, 1189540.094100460177287 ], [ 564689.90203793044202, 1189364.441992622567341 ], [ 563845.497245377744548, 1187722.834926294162869 ], [ 563568.259681965573691, 1187434.255309253698215 ], [ 563057.471807694295421, 1186889.859433259116486 ], [ 562776.905850811395794, 1186276.770895925583318 ], [ 562554.384446224779822, 1185790.539002252509817 ], [ 562554.410125433001667, 1185776.721163723152131 ], [ 562544.635776281822473, 1185769.237704191822559 ], [ 562541.920949224731885, 1185763.305559242144227 ], [ 561763.394934189273044, 1185166.383645336842164 ], [ 561485.784409759216942, 1184997.877883205423132 ], [ 560741.296375254984014, 1184531.606181910960004 ], [ 558971.020326724508777, 1184001.415992321912199 ], [ 558299.888325234176591, 1183796.12967185000889 ], [ 558287.191321111982688, 1183792.246062303893268 ], [ 556767.313804054632783, 1182203.07766902493313 ], [ 556683.570184187032282, 1182118.119988961145282 ], [ 556677.357893182314001, 1182111.606441698037088 ], [ 556567.171707024681382, 1182057.569735202938318 ], [ 556240.525613619829528, 1181891.750171663472429 ], [ 555673.27822303539142, 1181823.322101171826944 ], [ 554724.907423494267277, 1181697.504952511750162 ], [ 553661.244197135907598, 1181555.175251591950655 ], [ 552547.1077221094165, 1181074.269432715373114 ], [ 552499.762564214644954, 1181053.834553668973967 ], [ 551110.687403539544903, 1179271.865624966332689 ], [ 551070.200055105728097, 1179219.930317529011518 ], [ 551064.927082191105001, 1179211.014810805907473 ], [ 551062.079101574956439, 1179209.513151746010408 ], [ 551055.346621285192668, 1179200.877071576425806 ], [ 550858.962401616270654, 1179102.420504182111472 ], [ 550384.579813550459221, 1178852.311147175030783 ], [ 548445.885798699571751, 1178696.889192834030837 ], [ 548140.664007283048704, 1178671.154126574052498 ], [ 546131.314246831345372, 1178715.493239619536325 ], [ 544406.905447702039964, 1178458.951688138069585 ], [ 543234.753002656623721, 1178618.349520450690761 ], [ 542840.914784660446458, 1178612.049412755994126 ], [ 539970.038299318985082, 1178566.083940260577947 ], [ 539404.013853151001967, 1178554.308955809101462 ], [ 537087.460881018545479, 1178747.404184271581471 ], [ 536793.684647351503372, 1178689.180444752564654 ], [ 535511.289552744710818, 1178423.61118939332664 ], [ 535498.237027660710737, 1178420.908450650982559 ], [ 535492.416144057177007, 1178415.011301806429401 ], [ 532451.764422026230022, 1174963.416212639771402 ], [ 531051.081005411804654, 1173565.146147034829482 ], [ 529523.539379725349136, 1172038.604499700013548 ], [ 528063.084525014273822, 1169958.808388434583321 ], [ 526575.341700014192611, 1168391.95086442749016 ], [ 526539.973592158174142, 1168356.149525298736989 ], [ 526522.383219000184909, 1168337.393972981721163 ], [ 525518.452337835566141, 1167558.964269219199196 ], [ 523072.411679610260762, 1166350.608794749248773 ], [ 521191.677537949755788, 1165610.800077377585694 ], [ 521191.661328145070001, 1165610.828041011467576 ], [ 521110.392228855809662, 1165579.800839165458456 ], [ 520253.850314666226041, 1165242.805342932464555 ], [ 518092.083086382248439, 1164412.35252227098681 ], [ 517843.633025307790376, 1164309.749065034324303 ], [ 516271.567240356467664, 1163291.904159989440814 ], [ 515834.149648093385622, 1163006.723221680847928 ], [ 515640.317405575246084, 1162939.760445431573316 ], [ 514163.1541549366666, 1162420.877809717087075 ], [ 511729.171879946719855, 1161999.851225537247956 ], [ 510840.64089664776111, 1161846.200134212616831 ], [ 509637.104460093076341, 1161634.482486622408032 ], [ 509423.372406396199949, 1161501.495376803912222 ], [ 509273.605020975053776, 1161401.876276226248592 ], [ 509065.157953749177977, 1161377.616667850874364 ], [ 509029.427871436695568, 1161371.126819254597649 ], [ 508537.701690247107763, 1160943.272245148662478 ], [ 508216.147503380605485, 1160657.329210198484361 ], [ 508163.928569815529045, 1160610.894116231938824 ], [ 508128.008484038815368, 1160574.581710388185456 ], [ 507126.478706483496353, 1159224.66565971635282 ], [ 507079.739660968247335, 1159157.171298441942781 ], [ 506608.49684710992733, 1158845.380380283109844 ], [ 505238.191272966621909, 1157931.574296191800386 ], [ 503398.071527879568748, 1157326.001500505255535 ], [ 502558.212739895563573, 1157049.648690444650128 ], [ 500566.931430514901876, 1156026.42977087222971 ], [ 500364.380978951987345, 1155953.643134796526283 ], [ 500013.359255850082263, 1155815.957807824481279 ], [ 499317.617810941126663, 1155577.588696888647974 ], [ 498477.115349013358355, 1155275.696194676682353 ], [ 498418.985891671967693, 1155254.818195395870134 ], [ 498209.396845392300747, 1154913.323667218443006 ], [ 498082.879334814613685, 1154689.020106457173824 ], [ 498149.663934726675507, 1154425.827093246392906 ], [ 498306.048426346562337, 1154437.972002109279856 ], [ 498401.831981595081743, 1154454.284410418011248 ], [ 498451.682837573462166, 1154462.828161966754124 ], [ 498476.981720861105714, 1154473.050241284072399 ], [ 499198.424257438338827, 1155026.398618148174137 ], [ 500013.359519306919537, 1155134.364433973329142 ], [ 500225.523168273852207, 1155068.413095333380625 ], [ 500456.313904551789165, 1155008.044922762550414 ], [ 500514.852570392424241, 1154863.408547987695783 ], [ 500601.187644900288433, 1154688.972198447445408 ], [ 500306.775192832516041, 1154129.377455863635987 ], [ 500207.080276693159249, 1153934.928943269187585 ], [ 500207.080368142283987, 1153919.644894830649719 ], [ 500013.360058782505803, 1153737.436348528135568 ], [ 499532.391361039073672, 1153339.281471927417442 ], [ 495744.539016950409859, 1151530.958135306602344 ], [ 495741.379411916597746, 1151529.83207296510227 ], [ 495734.935321843484417, 1151526.741429163143039 ], [ 493814.593003716436215, 1150834.999670641263947 ], [ 491691.889432051335461, 1150571.26841415069066 ], [ 491234.960730957449414, 1150512.790325479349121 ], [ 490890.32867287384579, 1150499.534351084148511 ], [ 488430.91207581438357, 1150397.39924204070121 ], [ 487213.548894629813731, 1150346.909154366469011 ], [ 487163.087868588336278, 1150309.586371607845649 ], [ 487052.748280089523178, 1150223.915084530133754 ], [ 487050.643147473281715, 1150226.41876333556138 ], [ 487037.713994841731619, 1150216.855936602689326 ], [ 486933.792243501462508, 1150342.268347170436755 ], [ 484920.937609125568997, 1150640.015992161119357 ], [ 483499.72071932250401, 1150739.607614977285266 ], [ 482870.876717442821246, 1150779.099542367272079 ], [ 482846.791682989278343, 1150790.443088280502707 ], [ 481117.651328411884606, 1151594.780580913648009 ], [ 480430.029184634797275, 1151685.31713247182779 ], [ 479035.358159725845326, 1151484.732502547558397 ], [ 478681.592705471266527, 1151648.368130935821682 ], [ 478295.283259813557379, 1151820.924356492701918 ], [ 478033.302916702697985, 1151806.912317773792893 ], [ 477916.358694509894121, 1151797.207275837892666 ], [ 477809.998810464399867, 1151715.153709684032947 ], [ 477459.974269592785276, 1151433.736175579484552 ], [ 477416.756386347289663, 1151431.194265801925212 ], [ 477416.752227382210549, 1151431.19471077946946 ], [ 476266.615160894929431, 1151363.567648788215593 ], [ 476265.274264394771308, 1151363.926803737180308 ], [ 476257.429296520655043, 1151363.363083324860781 ], [ 476032.818177680426743, 1151426.195848937612027 ], [ 475551.513275061559398, 1151555.130785799119622 ], [ 473950.67327654681867, 1151529.196810520719737 ], [ 473692.808081739465706, 1151753.673284112708643 ], [ 472875.868877467233688, 1151969.094890180043876 ], [ 471477.055778667738196, 1151786.488097949419171 ], [ 469997.927837865310721, 1151584.164520113961771 ], [ 469184.637889665958937, 1151046.375563156791031 ], [ 468953.470528515812475, 1150888.721293854294345 ], [ 466922.413590419047978, 1150754.045484243193641 ], [ 462641.983033670985606, 1149820.23504507378675 ], [ 461959.820539044332691, 1149554.93474654154852 ], [ 460403.878440167813096, 1148360.596368788741529 ], [ 458680.979088772903197, 1148027.4919281124603 ], [ 458400.797493709716946, 1147900.684002049500123 ], [ 457934.762097757717129, 1147682.52176551357843 ], [ 457581.171219298499636, 1147705.55703145172447 ], [ 457258.381788884405978, 1147725.05757067236118 ], [ 456874.593364413478412, 1147748.247166135814041 ], [ 455608.571898121328559, 1147824.917114758398384 ], [ 452843.991763594560325, 1147479.07246679533273 ], [ 452336.227197813335806, 1147415.576462608529255 ], [ 451240.272730556491297, 1147575.47609420446679 ], [ 449780.496897596749477, 1148237.758290598168969 ], [ 447770.049700447532814, 1148382.65146554610692 ], [ 446338.110422017809469, 1148892.879679495235905 ], [ 443250.824098877783399, 1149579.190290880622342 ], [ 441524.937328061787412, 1149680.661367681110278 ], [ 439544.401926705089863, 1149788.220357139827684 ], [ 437304.189291865273844, 1149246.215638302266598 ], [ 435459.947697342955507, 1148790.527191241271794 ], [ 434046.609905244607944, 1149104.153713393490762 ], [ 430663.160260231292341, 1149855.217365615768358 ], [ 425599.338776488555595, 1151677.776380455354229 ], [ 422091.07381006446667, 1153195.665748755680397 ], [ 418820.142524502123706, 1155734.058443719753996 ], [ 416464.70427423651563, 1157816.719719118438661 ], [ 416217.919732709880918, 1158034.950071908067912 ], [ 414428.015444689255673, 1159834.920381989097223 ], [ 413239.985470958868973, 1161029.745582612231374 ], [ 412644.611689442361239, 1161655.230607245350257 ], [ 410742.940355230821297, 1162869.16486525372602 ], [ 406849.876747005269863, 1166083.491835152730346 ], [ 405952.329905445571057, 1166652.163861084263772 ], [ 405923.896060133760329, 1166662.501930862199515 ], [ 404901.950686884694733, 1167017.187416322762147 ], [ 404453.587527734169271, 1167088.187336697475985 ], [ 403449.239029483520426, 1167247.252072993665934 ], [ 402653.287135946680792, 1167691.587899786187336 ], [ 401109.613826384302229, 1168784.454139678739011 ], [ 399660.147663089737762, 1170139.291339266579598 ], [ 399562.4833153168438, 1170230.064431707374752 ], [ 399561.377621472929604, 1170231.619702015072107 ], [ 399559.987589177209884, 1170232.9191490621306 ], [ 398526.755210987408645, 1171666.580464315600693 ], [ 397659.323486147332005, 1172870.312024312559515 ], [ 396938.976015759224538, 1173408.854459039401263 ], [ 395838.164853806607425, 1174116.138002231484279 ], [ 395741.525149538996629, 1174176.456820585997775 ], [ 395731.404129105503671, 1174184.736584560712799 ], [ 395730.285348593839444, 1174185.455488368635997 ], [ 391865.260707660578191, 1177340.489793790737167 ], [ 390084.719729212694801, 1178794.317888489691541 ], [ 388184.412086139782332, 1179906.632932513952255 ], [ 386892.163264843751676, 1180490.270803902763873 ], [ 385902.148139647615608, 1180930.710555628640577 ], [ 385668.697735517867841, 1181156.260512119159102 ], [ 385503.298674766090699, 1181310.568570773582906 ], [ 384087.397823242819868, 1182631.850990543141961 ], [ 383624.401490753225517, 1183063.94508138881065 ], [ 382933.486095345928334, 1183708.780572746880352 ], [ 375038.234799370344263, 1190492.096317371819168 ], [ 374930.299467460426968, 1190593.800231692381203 ], [ 373049.448299177456647, 1192366.231599990278482 ], [ 372994.039527430839371, 1192417.933215501485392 ], [ 372420.79639449424576, 1193020.996621155878529 ], [ 371990.628820766578428, 1193472.939127876888961 ], [ 371990.73085931292735, 1193473.059282821370289 ], [ 371981.245592775056139, 1193483.436076168669388 ], [ 370605.63402877561748, 1194930.809275441104546 ], [ 370130.871321594808251, 1195427.057891414500773 ], [ 367638.402093486511149, 1198046.555465515237302 ], [ 365385.622810174943879, 1200663.897571643581614 ], [ 364826.759185379138216, 1201313.125016141450033 ], [ 361231.357687507173978, 1205490.782856394071132 ], [ 357698.596190346637741, 1209119.665262535214424 ], [ 357090.848360821255483, 1209744.07778342650272 ], [ 356103.634773914003745, 1211096.14092893502675 ], [ 355164.572403772210237, 1212381.687896875897422 ], [ 354040.087751417013351, 1214406.660753030795604 ], [ 352186.17822000279557, 1217086.684504927136004 ], [ 350630.492997619672678, 1219921.260458019794896 ], [ 349872.41109786630841, 1221291.464038903592154 ], [ 349423.706301289785188, 1221933.10836629406549 ], [ 348717.567892413469963, 1222928.139598888112232 ], [ 346933.500312892254442, 1225440.779711142880842 ], [ 345377.268156510661356, 1228745.796629723859951 ], [ 344358.239437856362201, 1230356.206257818033919 ], [ 343302.933339790499303, 1232627.158749917056412 ], [ 342545.84465005050879, 1235358.833958095870912 ], [ 342328.044348002818879, 1236145.324384204344824 ], [ 342095.133961165091023, 1236395.72057975246571 ], [ 339283.333368567517027, 1237213.822427280247211 ], [ 339058.431590631953441, 1237096.711871752748266 ], [ 339031.598661892930977, 1237082.739590011537075 ], [ 339100.806870165048167, 1236871.609633413609117 ], [ 339245.42997961002402, 1236714.014668883057311 ], [ 340489.055792045139242, 1236134.00607116217725 ], [ 340595.473279247467872, 1236086.223312851740047 ], [ 340471.622344595438335, 1236059.911385497776791 ], [ 339788.812328465632163, 1235900.030857695965096 ], [ 339379.873629766865633, 1236020.311754601309076 ], [ 338555.869813087629154, 1236616.932505284436047 ], [ 338186.510675260797143, 1237399.16191282030195 ], [ 338009.567648680065759, 1238360.997569123283029 ], [ 337987.754772513173521, 1238468.830647158669308 ], [ 337884.781574715976603, 1238677.269750703824684 ], [ 336497.475025664607529, 1241474.274428485427052 ], [ 336226.998222431750037, 1242019.855709503171965 ], [ 335823.431851763394661, 1243335.750515548978001 ], [ 335576.675539896648843, 1245899.60251871519722 ], [ 335564.494003081170376, 1247664.253739345818758 ], [ 335558.778369187435601, 1248492.983338904101402 ], [ 334990.437785451184027, 1249602.275074354372919 ], [ 334822.41086281707976, 1249930.250842418055981 ], [ 334736.093303198576905, 1250653.422341474797577 ], [ 334704.656900830101222, 1250916.810387637000531 ], [ 334145.128160261898302, 1251984.025004613678902 ], [ 334079.078362845699303, 1252639.525522041600198 ], [ 334062.303309255396016, 1252791.122210289817303 ], [ 334063.456225055502728, 1252794.571056219749153 ], [ 334062.773095854558051, 1252801.352041780482978 ], [ 334353.130773390585091, 1253662.140506921568885 ], [ 334533.2902189384331, 1255036.508524107513949 ], [ 335132.047423991491087, 1255789.437239535851404 ], [ 335459.537083043367602, 1256203.451733489520848 ], [ 335519.701716676936485, 1256243.647035252768546 ], [ 336814.647087443503551, 1257032.673941292334348 ], [ 336806.732635779189877, 1257053.71230415487662 ], [ 336681.819407804519869, 1257385.765332230599597 ], [ 336153.00972214032663, 1257452.455275499261916 ], [ 335652.434448888641782, 1257186.113427692791447 ], [ 334885.828759809373878, 1256771.424171666381881 ], [ 333932.741459096549079, 1255967.516227722167969 ], [ 333197.491831659863237, 1255715.11749866604805 ], [ 331917.143243961385451, 1255270.083422036608681 ], [ 331437.698836513562128, 1255313.132398745277897 ], [ 331435.793887591396924, 1255315.143065785756335 ], [ 331425.63911325414665, 1255316.044599035289139 ], [ 330571.034858264727518, 1256217.465833429945633 ], [ 329597.011134271742776, 1256659.093937793979421 ], [ 329119.697569413110614, 1256938.09632716444321 ], [ 328877.711889267840888, 1257079.548198430100456 ], [ 328790.271480312629137, 1257933.630565960891545 ], [ 328787.121676236856729, 1257960.356453568441793 ], [ 328629.168747151095886, 1258131.342844943515956 ], [ 328424.470848486758769, 1258343.456379923969507 ], [ 326508.264420723775402, 1258846.011602868093178 ], [ 324521.144015874015167, 1258473.05727059696801 ], [ 324428.942312408413272, 1258455.755499701946974 ], [ 324087.400299784494564, 1258767.526931789703667 ], [ 323969.097032710968051, 1258871.207167683867738 ], [ 322422.848963323456701, 1260348.558377117151394 ], [ 320448.330081016640179, 1262230.201753450324759 ], [ 319525.650740034296177, 1264173.201505824923515 ], [ 319293.256103015039116, 1264372.758825514931232 ], [ 319021.613161870569456, 1264148.015926759690046 ], [ 318492.99042335676495, 1263710.676268617389724 ], [ 318289.797181799891405, 1263542.575803684769198 ], [ 317931.914958487730473, 1263638.319959981599823 ], [ 316748.542164624261204, 1265958.508598790271208 ], [ 316206.437400845927186, 1267933.20260750153102 ], [ 316049.638401853502728, 1268239.218495221110061 ], [ 315391.604178165143821, 1269521.922217074315995 ], [ 314821.056654101004824, 1270173.885513371787965 ], [ 313539.268495483789593, 1270763.091770598432049 ], [ 313431.780885090585798, 1270743.369158652145416 ], [ 313147.124517491378356, 1270681.553947004955262 ], [ 313096.520197731209919, 1270681.855457571800798 ], [ 313082.597438803815749, 1270679.300931866746396 ], [ 312884.382708951481618, 1270370.966766801662743 ], [ 314274.993434646516107, 1269965.904910645214841 ], [ 314579.767423881567083, 1269700.778884187806398 ], [ 315244.937583689403255, 1268434.257256565149873 ], [ 315290.211349862278439, 1268123.614986856468022 ], [ 315315.197797987784725, 1267994.867601154139265 ], [ 315219.468733857967891, 1267712.004062463063747 ], [ 315213.572952243790496, 1267694.583029943751171 ], [ 315200.295747990603559, 1267637.799530088668689 ], [ 314740.251319691655226, 1267552.732375662075356 ], [ 314738.966681237448938, 1267553.364631228847429 ], [ 314737.339490975718945, 1267553.066023170016706 ], [ 314275.771309454692528, 1267774.381535947322845 ], [ 313869.429620762821287, 1268319.332616468891501 ], [ 313806.211036044172943, 1268402.238216291414574 ], [ 313752.270812303991988, 1268419.828955688048154 ], [ 313193.815393686876632, 1268595.770933548687026 ], [ 312336.083764489274472, 1268481.457220487995073 ], [ 311084.146689789951779, 1267463.384683941490948 ], [ 310223.931112628662959, 1267480.504940178012475 ], [ 309932.320376224524807, 1267019.135742875048891 ], [ 309399.671596374944784, 1266176.392455041641369 ], [ 308867.024974708328955, 1265333.645025975303724 ], [ 308334.380208805087022, 1264490.893217647681013 ], [ 307801.737544529081788, 1263648.137231242610142 ], [ 307269.097007502510678, 1262805.376937365857884 ], [ 306736.458405713259708, 1261962.612318611238152 ], [ 306203.821766094421037, 1261119.843466803664342 ], [ 305859.971911560336594, 1260575.773752229753882 ], [ 305671.187333232839592, 1260277.070361894089729 ], [ 305138.554805253981613, 1259434.292876492487267 ], [ 304605.924427399178967, 1258591.511101151118055 ], [ 304073.296116096200421, 1257748.724907141644508 ], [ 303540.669789135863539, 1256905.934387036599219 ], [ 303008.045581921644043, 1256063.13952136808075 ], [ 302475.423411573516205, 1255220.34029211406596 ], [ 301942.803413486166392, 1254377.536679822718725 ], [ 301410.18550473486539, 1253534.72866641334258 ], [ 300877.569601719849743, 1252691.916123236296698 ], [ 300344.955841215210967, 1251849.099252069601789 ], [ 299812.34424949483946, 1251006.278034209739417 ], [ 299279.734742199594621, 1250163.452230327297002 ], [ 298747.12734696699772, 1249320.622042916482314 ], [ 298214.521980163583066, 1248477.787343344418332 ], [ 297681.91888709331397, 1247634.948222067672759 ], [ 297149.317874866363127, 1246792.104551139986143 ], [ 296616.718969744979404, 1245949.256311791716143 ], [ 296084.122198621160351, 1245106.403595951385796 ], [ 295551.52769694570452, 1244263.546384147834033 ], [ 295018.935272540897131, 1243420.684659050777555 ], [ 294486.344950877304655, 1242577.818291314179078 ], [ 294269.097523963660933, 1242233.998379820492119 ], [ 293953.756868800322991, 1241734.947482760064304 ], [ 293421.171051115496084, 1240892.071993387304246 ], [ 292888.587306334346067, 1240049.191916493698955 ], [ 292356.00577055348549, 1239206.307343288324773 ], [ 291823.426359332748689, 1238363.418034472968429 ], [ 291290.849209537962452, 1237520.524191894801334 ], [ 290758.274345936137252, 1236677.625575536396354 ], [ 290225.701577694271691, 1235834.722389375325292 ], [ 289693.131040231441148, 1234991.814613953931257 ], [ 289160.562759047374129, 1234148.902119931299239 ], [ 288627.996651063207537, 1233305.984889314277098 ], [ 288095.432852432481013, 1232463.063013258157298 ], [ 287562.871279384824447, 1231620.136363151250407 ], [ 287030.311849552788772, 1230777.205031594261527 ], [ 286497.754807649238501, 1229934.26899849018082 ], [ 285965.19996132561937, 1229091.328246480086818 ], [ 285432.64733603404602, 1228248.382646274985746 ], [ 284900.09706865431508, 1227405.43239967781119 ], [ 284367.54896536830347, 1226562.477268130518496 ], [ 283835.003162338631228, 1225719.517342866165563 ], [ 283302.459686500485986, 1224876.552715806988999 ], [ 282769.918453227437567, 1224033.583147665252909 ], [ 282438.78460807853844, 1223509.414601730415598 ], [ 282237.379599444684573, 1223190.608840277185664 ], [ 281704.84304130251985, 1222347.629665065323934 ], [ 281172.308695647050627, 1221504.645603988319635 ], [ 280639.776698701898567, 1220661.656748270615935 ], [ 280107.247075837221928, 1219818.662968601798639 ], [ 279574.719744652102236, 1218975.664357565809041 ], [ 279042.194621288974304, 1218132.660786636173725 ], [ 278509.671951186552178, 1217289.652346237096936 ], [ 277977.15165121742757, 1216446.639018399408087 ], [ 277251.262744839303195, 1214992.9235695078969 ], [ 276696.901554929849226, 1214327.563628771807998 ], [ 276142.541042579279747, 1213662.199553835438564 ], [ 275588.181332961539738, 1212996.831438703695312 ], [ 275033.8223318021046, 1212331.459268214646727 ], [ 274479.464053457719274, 1211666.082915791776031 ], [ 273925.106623039930128, 1211000.702475439058617 ], [ 273454.552023336058483, 1210246.486209882888943 ], [ 272983.999222427199129, 1209492.265895943623036 ], [ 272513.448567653074861, 1208738.041628970531747 ], [ 272042.899749527219683, 1207983.813398151891306 ], [ 271572.352895143558271, 1207229.581079017836601 ], [ 271031.61414605868049, 1206555.532960598822683 ], [ 270490.876236073672771, 1205881.480589337646961 ], [ 269950.139291474304628, 1205207.424170429352671 ], [ 269409.40332764654886, 1204533.363688566954806 ], [ 268868.668249141483102, 1203859.29890784015879 ], [ 268356.758721581485588, 1203220.576793318614364 ], [ 267844.850084520992823, 1202581.85096064931713 ], [ 267522.648582752794027, 1202019.258833536878228 ], [ 267200.448205315740779, 1201456.664536578347906 ], [ 266857.605019416718278, 1201072.360557433916256 ], [ 266514.76197420374956, 1200688.055083209183067 ], [ 266200.327161977533251, 1200095.356106535065919 ], [ 265885.893769930582494, 1199502.655084868893027 ], [ 265571.461913855222519, 1198909.951791500672698 ], [ 265028.609492460265756, 1198349.484260201686993 ], [ 264485.75710196577711, 1197789.013235265621915 ], [ 263942.904861115501262, 1197228.53870305698365 ], [ 263396.638765094859991, 1196457.708655492635444 ], [ 262850.374363065115176, 1195686.873711376916617 ], [ 262304.111675747437403, 1194916.033742123516276 ], [ 261757.850834809592925, 1194145.188839692622423 ], [ 261211.591642968705855, 1193374.338987718801945 ], [ 260665.334231151849963, 1192603.484167463611811 ], [ 260622.241614101629239, 1192544.041186118265614 ], [ 260130.131862357986392, 1191964.811547617893666 ], [ 259638.022661357506877, 1191385.578632079530507 ], [ 259145.914019517455017, 1190806.342207299079746 ], [ 258651.901942513970425, 1190044.744210303993896 ], [ 258157.891931943478994, 1189283.141640923451632 ], [ 257549.261047067237087, 1188493.343341640895233 ], [ 256940.631655321078142, 1187703.539384844945744 ], [ 256332.003779374615988, 1186913.729526476701722 ], [ 255723.377445043093758, 1186123.913965059444308 ], [ 255209.212027053028578, 1185299.981448265491053 ], [ 254695.04923566733487, 1184476.043774593388662 ], [ 254180.888876200566301, 1183652.100928624393418 ], [ 253666.731082932616118, 1182828.153003195533529 ], [ 253152.575769761955598, 1182004.199871442979202 ], [ 252193.470204204466427, 1180467.569900444708765 ], [ 250858.623489082674496, 1178329.53185194125399 ], [ 250146.681684227107326, 1177774.128284114645794 ], [ 249434.738587565487251, 1177218.719940242124721 ], [ 248722.794314896978904, 1176663.306576421950012 ], [ 248157.921521206619218, 1176069.392783614574 ], [ 247593.048920781700872, 1175475.47473807237111 ], [ 247153.434836160187842, 1174801.517045557731763 ], [ 246713.82238615793176, 1174127.555703901452944 ], [ 246488.326855079387315, 1173395.568053310038522 ], [ 246494.478043148934375, 1171868.433022221084684 ], [ 247268.306032702530501, 1169624.076216702582315 ], [ 247537.906524011283182, 1168843.606918713310733 ], [ 247807.510414979042253, 1168063.140155406203121 ], [ 247965.748918363038683, 1167396.924114597728476 ], [ 248123.990016809810186, 1166730.709311190294102 ], [ 248736.72526086246944, 1165923.94689516024664 ], [ 250133.502954968978884, 1164965.414273268776014 ], [ 250941.065605599374976, 1164738.239145072177052 ], [ 251748.624475371732842, 1164511.066345246974379 ], [ 252173.017130484251538, 1164218.086904470343143 ], [ 252597.40918002705439, 1163925.109020876232535 ], [ 252989.701332445663866, 1163429.878162467153743 ], [ 253381.993996600067476, 1162934.649728215299547 ], [ 253583.007126288604923, 1162101.985724806785583 ], [ 253784.024379365320783, 1161269.323628003709018 ], [ 253985.045527317939559, 1160436.663657868513837 ], [ 254186.070559117768425, 1159604.005811577429995 ], [ 254387.099681120860623, 1158771.34986348147504 ], [ 254471.148028803814668, 1158424.410321367671713 ], [ 255135.183283217047574, 1156776.514351754914969 ], [ 255579.482047413679538, 1155941.76382964826189 ], [ 256023.783786602609325, 1155107.017735187895596 ], [ 256468.088588669343153, 1154272.276165359420702 ], [ 256912.396431245171698, 1153437.539107298478484 ], [ 257356.707291211787378, 1152602.806437528459355 ], [ 257801.02103740174789, 1151768.078254549298435 ], [ 258245.337866519927047, 1150933.354543985798955 ], [ 258447.592116153507959, 1150085.67224526242353 ], [ 258649.850358509342186, 1149237.991984888911247 ], [ 258852.112691623915453, 1148390.313759201904759 ], [ 259054.379103984072572, 1147542.637565329903737 ], [ 259256.649584832484834, 1146694.963511004112661 ], [ 259458.924011573835742, 1145847.291372794657946 ], [ 259627.163146523089381, 1145142.412492971867323 ], [ 259959.372486175387166, 1144230.742479186272249 ], [ 260291.586186387896305, 1143319.076040218584239 ], [ 260623.804117231746204, 1142407.41327947517857 ], [ 260956.026365609432105, 1141495.753966887714341 ], [ 260969.989944967674091, 1141457.435482496861368 ], [ 261000.474823271390051, 1141373.780052498681471 ], [ 261288.252911868010415, 1140584.098315752809867 ], [ 261620.483625361928716, 1139672.446318770758808 ], [ 261952.718593708734261, 1138760.797856569522992 ], [ 262284.957795830036048, 1137849.152921141823754 ], [ 262617.201320135674905, 1136937.511503687826917 ], [ 264862.571370866964571, 1133012.282930729910731 ], [ 265400.982926904223859, 1132071.553085450548679 ], [ 266156.524427343567368, 1130980.033437349600717 ], [ 267882.190452270267997, 1129072.269483071286231 ], [ 268618.909124887490179, 1128396.536539155757055 ], [ 269355.627292458433658, 1127720.80921401293017 ], [ 270092.34505003032973, 1127045.087700014235452 ], [ 270829.062270571710542, 1126369.371748403646052 ], [ 271565.779048462864012, 1125693.66144092916511 ], [ 274646.691943481331691, 1122868.327683239942417 ], [ 275289.453818425303325, 1122230.351553160464391 ], [ 275932.215639252623077, 1121592.379988937871531 ], [ 276574.977501920016948, 1120954.412969646509737 ], [ 277217.739283223578241, 1120316.450475701596588 ], [ 277860.501079083362129, 1119678.492486138828099 ], [ 278503.262766332540195, 1119040.538981379708275 ], [ 280093.77817314863205, 1117771.715089168632403 ], [ 280835.090449744195212, 1117272.639844143996015 ], [ 281415.548652272322215, 1116728.658719584345818 ], [ 281996.006702082930133, 1116184.680946119129658 ], [ 282362.425760719343089, 1115593.34469614434056 ], [ 282728.846074637025595, 1115002.010803455952555 ], [ 283048.296306526637636, 1114160.396222640527412 ], [ 283367.749729529488832, 1113318.784527478273958 ], [ 283687.206326467450708, 1112477.175711136776954 ], [ 284360.39482584054349, 1110703.801191177684814 ], [ 284714.127330916235223, 1109772.036205340409651 ], [ 285067.863790711504407, 1108840.274688083678484 ], [ 285421.604181964416057, 1107908.516630142461509 ], [ 285775.348482036439236, 1106976.762132891220972 ], [ 286477.90218108787667, 1105126.680262912297621 ], [ 286509.759039864758961, 1105042.801826245617121 ], [ 287524.34127161395736, 1102371.708162670722231 ], [ 287889.598277101875283, 1101818.649395894957706 ], [ 288192.056767581845634, 1101023.142111643450335 ], [ 288494.518127138202544, 1100227.637297 ], [ 288796.982341942144558, 1099432.135056801140308 ], [ 289442.306050908053294, 1097735.268251402536407 ], [ 290128.030166630749591, 1095932.543848479865119 ], [ 290516.88411874853773, 1095456.835535420803353 ], [ 291651.43580698990263, 1094560.92579094460234 ], [ 293345.667318243009504, 1093699.507324915612116 ], [ 294824.933887513587251, 1093419.047371282009408 ], [ 295842.831025684252381, 1093411.13955591712147 ], [ 296543.258560521702748, 1094109.68135050078854 ], [ 296632.642532508354634, 1094797.247558694798499 ], [ 297140.821233075694181, 1094856.369799630483612 ], [ 297810.527390072355047, 1094372.016994908917695 ], [ 298480.232381783775054, 1093887.667533667990938 ], [ 299172.96011538937455, 1093596.244856676086783 ], [ 299902.366191870940384, 1093289.710454464424402 ], [ 300631.770117449923418, 1092983.17831439524889 ], [ 301452.766425320296548, 1092535.992982427123934 ], [ 302273.760343384812586, 1092088.811288750730455 ], [ 303094.751983019057661, 1091641.633209735155106 ], [ 303915.741236253408715, 1091194.458722966490313 ], [ 304736.728214496106375, 1090747.287804782390594 ], [ 305557.71302854741225, 1090300.12032099510543 ], [ 306378.695461909286678, 1089852.956470974255353 ], [ 307199.675625384727027, 1089405.79612047271803 ], [ 308020.653520694118924, 1088958.639246483333409 ], [ 308841.629150126187596, 1088511.485936557641253 ], [ 309005.517325282329693, 1087749.058753745863214 ], [ 309169.408157813828439, 1086986.632610227214172 ], [ 309333.301532267243601, 1086224.207836711779237 ], [ 309497.197549087228253, 1085461.784099028911442 ], [ 309659.725524753797799, 1084694.118761828402057 ], [ 309822.256051016622223, 1083926.454669054364786 ], [ 309984.789339142036624, 1083158.791707237716764 ], [ 310147.325162721564993, 1082391.129986349027604 ], [ 310176.3118425977882, 1081697.069852722343057 ], [ 310205.300686236121692, 1081003.009971402585506 ], [ 310234.291911331412848, 1080308.950230438495055 ], [ 310397.419598746404517, 1079350.705765183083713 ], [ 310560.551368911750615, 1078392.462907855166122 ], [ 310723.687427675351501, 1077434.221323203295469 ], [ 310886.827655117143877, 1076475.981341273756698 ], [ 311049.97192902455572, 1075517.742849693866447 ], [ 311213.120566124736797, 1074559.505733866011724 ], [ 311376.273225907818414, 1073601.27010375331156 ], [ 311539.430115354014561, 1072643.035845288541168 ], [ 311702.591113966307603, 1071684.803177956724539 ], [ 311858.490531129413284, 1070768.157050379086286 ], [ 312014.393819780903868, 1069851.512276908149943 ], [ 312170.300859769864473, 1068934.868856054032221 ], [ 312326.211750430986285, 1068018.226785267703235 ], [ 312333.187375204171985, 1067983.40726327826269 ], [ 313356.523981848265976, 1062876.342477201484144 ], [ 314200.206789263873361, 1062560.250269325217232 ], [ 315180.968850304197986, 1062437.085385827580467 ], [ 316161.72659687709529, 1062313.921509051462635 ], [ 317029.538451418397017, 1061986.730626250384375 ], [ 317897.347346808644943, 1061659.542287684744224 ], [ 317998.531429267779458, 1061472.126808699220419 ], [ 318695.96018305385951, 1061012.340373848564923 ], [ 319393.387831774365623, 1060552.556734196143225 ], [ 320090.814153802173678, 1060092.775984352454543 ], [ 320672.713516556890681, 1059530.897998887114227 ], [ 321254.612730544293299, 1058969.022830553585663 ], [ 321674.677529662498273, 1058188.375454782042652 ], [ 322305.45946204214124, 1057735.259342681849375 ], [ 322936.240450348646846, 1057282.145703883143142 ], [ 323567.020711100543849, 1056829.034634229494259 ], [ 324197.800020666676573, 1056375.926010332070291 ], [ 324560.497832695255056, 1055988.791669419733807 ], [ 324923.195669749518856, 1055601.658589705359191 ], [ 325215.211332163773477, 1054881.942453613970429 ], [ 325507.228846645797603, 1054162.228046722244471 ], [ 325630.079882024147082, 1053418.779122174484655 ], [ 325752.933232252253219, 1052675.330916610080749 ], [ 325875.788892470533028, 1051931.883539617760107 ], [ 326264.765184339950792, 1051034.222545136231929 ], [ 327888.27621014835313, 1047290.718293025158346 ], [ 329334.832575465145055, 1044418.55944704497233 ], [ 331824.054323667020071, 1041589.476507384562865 ], [ 334349.111305018304847, 1039599.905533026438206 ], [ 337477.946424394089263, 1038000.614374552620575 ], [ 339117.070246543153189, 1037316.894195097615011 ], [ 339960.179648657795042, 1037083.377473184955306 ], [ 340803.286511412239634, 1036849.862208098173141 ], [ 341443.618812173546758, 1036672.508045118302107 ], [ 341447.049951399560086, 1036671.557771006366238 ], [ 341646.390738039277494, 1036616.348608892876655 ], [ 342489.492449523997493, 1036382.836441279971041 ], [ 343264.12269838526845, 1036046.544281745795161 ], [ 344038.750924778985791, 1035710.254185339203104 ], [ 344813.377463106706273, 1035373.966024776920676 ], [ 345588.001989640644751, 1035037.679896591231227 ], [ 346429.69349537655944, 1034848.533115601865575 ], [ 347059.006057947175577, 1034836.086564533412457 ], [ 347924.889469622517936, 1034819.661692370194942 ], [ 348790.769984129234217, 1034803.237061545602046 ], [ 349656.647727407165803, 1034786.812449566554278 ], [ 350522.522716377337929, 1034770.387855553883128 ], [ 351388.394858986546751, 1034753.963500227429904 ], [ 351942.401454016624484, 1034293.446968833683059 ], [ 352496.407680709380656, 1033832.932208432699554 ], [ 352847.772955303662457, 1033368.778775967890397 ], [ 353664.160578919865657, 1032429.545370827778243 ], [ 354290.541625338373706, 1031780.745431586517952 ], [ 354916.92285093315877, 1031131.948317290400155 ], [ 355543.304132064513396, 1030483.154119371552952 ], [ 356169.685454972437583, 1029834.362928934278898 ], [ 356796.066914871917106, 1029185.574615463498048 ], [ 357422.448497530596796, 1028536.789159458479844 ], [ 357731.580628451076336, 1028216.597426972002722 ], [ 358048.830188793479465, 1027888.006541406386532 ], [ 358684.114321496104822, 1027229.741702095023356 ], [ 359319.398705139872618, 1026571.479929317603819 ], [ 359954.682994521397632, 1025913.220982756116427 ], [ 360589.967504386091605, 1025254.96484085416887 ], [ 361225.252110832836479, 1024596.711704850196838 ], [ 361860.536798631888814, 1023938.461443740641698 ], [ 362495.821662840840872, 1023280.214036864577793 ], [ 363131.106468904181384, 1022621.969464570051059 ], [ 363766.391531568602659, 1021963.727705379249528 ], [ 364401.676616303273477, 1021305.488739689695649 ], [ 364864.380026648985222, 1021034.065360361360945 ], [ 365459.105363555427175, 1020418.076217371039093 ], [ 366053.830670508148614, 1019802.089601298444904 ], [ 369184.834430975839496, 1016559.620407659211196 ], [ 369870.321865496807732, 1015847.135709140799008 ], [ 370555.809368344082031, 1015134.654023846262135 ], [ 371241.297031323309056, 1014422.175546975573525 ], [ 371926.784835696802475, 1013709.700252854498103 ], [ 372612.272762265230995, 1012997.228005300275981 ], [ 373297.760792301851325, 1012284.758778620394878 ], [ 373983.248907374741975, 1011572.292657795362175 ], [ 374668.737198603455909, 1010859.82961682183668 ], [ 375354.225537326768972, 1010147.369630402652547 ], [ 376039.714014287514146, 1009434.912561986478977 ], [ 376492.616171774803661, 1008884.662902032956481 ], [ 376945.518668477423489, 1008334.414813052862883 ], [ 377398.421385858906433, 1007784.168176135513932 ], [ 377545.140709642088041, 1007606.789447940769605 ], [ 378825.407990764360875, 1006141.01811738172546 ], [ 379516.891368822485674, 1005451.439452155842446 ], [ 380208.374826092214789, 1004761.863664915319532 ], [ 380899.858235666935798, 1004072.290730792214163 ], [ 381591.34158015192952, 1003382.720513952779584 ], [ 382282.824953068862669, 1002693.15321000199765 ], [ 382974.308336760790553, 1002003.588572555338033 ], [ 383665.79171479283832, 1001314.026797553757206 ], [ 384357.275069851602893, 1000624.467749149654992 ], [ 385048.758384891494643, 999934.911402165656909 ], [ 385740.241752795060165, 999245.357731010415591 ], [ 386431.725156856700778, 998555.806821082253009 ], [ 387123.208470129698981, 997866.258647445472889 ], [ 387814.691784873197321, 997176.712963416124694 ], [ 388506.17508499941323, 996487.170075502828695 ], [ 390723.826523713010829, 994620.119426276069134 ], [ 393791.123242336558178, 993450.896670725429431 ], [ 394300.07575897173956, 993435.18471528426744 ], [ 395213.686287128250115, 993122.716687824227847 ], [ 396127.295000048354268, 992810.250128863728605 ], [ 397040.901691050617956, 992497.785129707655869 ], [ 397954.506592645426281, 992185.321559451404028 ], [ 398868.109607810270973, 991872.859398514148779 ], [ 399781.710859403712675, 991560.398626851267181 ], [ 400695.310140730172861, 991247.939335734350607 ], [ 401608.907684300327674, 990935.481394250877202 ], [ 402520.211613978026435, 990623.758966095163487 ], [ 403431.513772927748505, 990312.037958789966069 ], [ 404342.814283627958503, 990000.318241874687374 ], [ 405254.112939261773136, 989688.599906754330732 ], [ 406165.409862593456637, 989376.882933535962366 ], [ 407076.705176337156445, 989065.167302242713049 ], [ 407987.998783146147616, 988753.452882928773761 ], [ 408899.290696311276406, 988441.739877053885721 ], [ 409810.580928130191751, 988130.028043815633282 ], [ 413198.433117231645156, 987143.07617118244525 ], [ 415836.223358422459569, 986375.644033195567317 ], [ 416509.323417597566731, 986124.016973986406811 ], [ 417182.422723610128742, 985872.390647127642296 ], [ 417855.521170868189074, 985620.76493364397902 ], [ 418510.136223457637243, 985462.454004426137544 ], [ 419164.750352856935933, 985304.143442141474225 ], [ 419819.363784967805259, 985145.833241259446368 ], [ 420735.189931300003082, 984817.921233160421252 ], [ 421651.014603428484406, 984490.010315598803572 ], [ 422566.837924016115721, 984162.100688559818082 ], [ 423482.65979501750553, 983834.192110233358108 ], [ 424346.082030054822098, 983525.045158935477957 ], [ 424398.480339127185289, 983506.284780665417202 ], [ 425314.299458283639979, 983178.378457985119894 ], [ 426260.864485240599606, 982894.000668886350468 ], [ 427207.427965052891523, 982609.623794217943214 ], [ 428153.990023935970385, 982325.247925004456192 ], [ 429046.102573250769638, 982056.980634739389643 ], [ 429938.213866925274488, 981788.714289624243975 ], [ 430830.323918003530707, 981520.448652313090861 ], [ 431722.432740366784856, 981252.18392772320658 ], [ 432620.028356747934595, 980930.406043901341036 ], [ 433517.622814040165395, 980608.629242892726324 ], [ 434415.216123404446989, 980286.853283921838738 ], [ 435312.808296622242779, 979965.078257818007842 ], [ 436210.399345424666535, 979643.304255446302705 ], [ 437107.98928100586636, 979321.531035985914059 ], [ 438005.578115312207956, 978999.75880086037796 ], [ 438903.165859704255126, 978677.98741981422063 ], [ 440554.772189701907337, 978139.718620491446927 ], [ 442161.863904054218438, 977616.098910488421097 ], [ 445287.015685931488406, 976598.159178443136625 ], [ 446256.089413982699625, 976372.452294289716519 ], [ 447225.16200711147394, 976146.745919574867003 ], [ 447841.549136878165882, 975724.724319736938924 ], [ 451265.654567076533567, 974510.996739637223072 ], [ 452091.794735376955941, 974238.074761895928532 ], [ 452917.934225788514595, 973965.153268679277971 ], [ 453744.072938305034768, 973692.232356533757411 ], [ 454570.210992634296417, 973419.311900636996143 ], [ 455459.326135316048749, 973125.219462306471542 ], [ 456348.440629148622975, 972831.127618559054099 ], [ 457237.554266475257464, 972537.036351982387714 ], [ 458126.667169391585048, 972242.945534241618589 ], [ 459015.779350408236496, 971948.855368766468018 ], [ 459904.890821657842025, 971654.765727339894511 ], [ 460794.001485431974288, 971360.67659242649097 ], [ 461683.111573957488872, 971066.587946104235016 ], [ 462572.220989519380964, 970772.499770857393742 ], [ 463461.329744473914616, 970478.412159538012929 ], [ 464350.437851005059201, 970184.324983941740356 ], [ 465239.545431301288772, 969890.238226320943795 ], [ 465967.044100933533628, 969649.604646379710175 ], [ 466017.274017633288167, 969632.99085023382213 ], [ 466128.652277804270852, 969596.151979733258486 ], [ 466970.896363963722251, 969299.737827526056208 ], [ 467813.139898520021234, 969003.32404909748584 ], [ 468712.999564233701676, 968686.026865599560551 ], [ 469612.858712204149924, 968368.730190659407526 ], [ 470512.717354235355742, 968051.43389420711901 ], [ 471412.575392242288217, 967734.138067334890366 ], [ 472312.432948092522565, 967416.842690479708835 ], [ 473212.29003354976885, 967099.54763350286521 ], [ 474112.146660496131517, 966782.252876920858398 ], [ 475012.002840907895006, 966464.958622279693373 ], [ 475911.858586521062534, 966147.664628954487853 ], [ 476564.499616867105942, 965853.21576060669031 ], [ 477217.140465998731088, 965558.767036492004991 ], [ 477879.241248679347336, 965442.329979866859503 ], [ 478541.341762928001117, 965325.892965040053241 ], [ 479252.567173055780586, 964966.518372180173174 ], [ 479963.792371830902994, 964607.144129992462695 ], [ 480675.017361378239002, 964247.770003520534374 ], [ 481386.242143973358907, 963888.396200026734732 ], [ 482181.453768320207018, 963684.876220457721502 ], [ 482976.665204458986409, 963481.356468584272079 ], [ 483771.876352807448711, 963277.83682413585484 ], [ 484567.087223805719987, 963074.317277333582751 ], [ 485362.297938015020918, 962870.797928925021552 ], [ 486254.799539236410055, 962579.707593931583688 ], [ 487147.300828448380344, 962288.617378175957128 ], [ 488039.801928317989223, 961997.527485115686432 ], [ 488932.302851278102025, 961706.437565472326241 ], [ 489824.803609964204952, 961415.347933276440017 ], [ 490717.304106861061882, 961124.258349829236977 ], [ 491609.804464545450173, 960833.168908040272072 ], [ 492502.304695594182704, 960542.079590268898755 ], [ 493394.804702483350411, 960250.990268362802453 ], [ 495234.023127026157454, 959651.154710875824094 ], [ 496180.741575927007943, 959342.408297141315416 ], [ 497127.459749504167121, 959033.66199410147965 ], [ 498074.177992747747339, 958724.915780725306831 ], [ 499020.896210613369476, 958416.169525403762236 ], [ 499510.44814559770748, 958175.153317492455244 ], [ 500000.000000012572855, 957934.137121442588978 ], [ 500172.720645821827929, 957850.115490433527157 ], [ 501089.732244701881427, 957560.545024425256997 ], [ 502006.743793396628462, 957270.974555714870803 ], [ 502923.75541589781642, 956981.404065794427879 ], [ 503840.767016190744471, 956691.833425587625243 ], [ 504757.778718287183437, 956402.262837713235058 ], [ 505674.790646201290656, 956112.692173119867221 ], [ 506591.802483850042336, 955823.121523815207183 ], [ 507508.814575307187624, 955533.550650216289796 ], [ 508412.148987173917703, 955247.966063104919158 ], [ 509315.483535235456657, 954962.381397483986802 ], [ 510218.818232848949265, 954676.796635624952614 ], [ 511122.153093385160901, 954391.211759824189357 ], [ 511931.286859361687675, 954074.155875668628141 ], [ 512740.420908639847767, 953757.099881613394246 ], [ 513549.555028539907653, 953440.04376181086991 ], [ 514445.443988226295915, 953139.836765586398542 ], [ 515341.333244212903082, 952839.629577419022098 ], [ 516237.222698851139285, 952539.422178964246996 ], [ 517133.112474448862486, 952239.214662485173903 ], [ 518029.002583438821603, 951939.006788526196033 ], [ 518924.893038036883809, 951638.798759955563582 ], [ 519820.78374065994285, 951338.590447774040513 ], [ 520716.674813629011624, 951038.381833741790615 ], [ 521645.536008967726957, 950727.133267809054814 ], [ 522574.39759546041023, 950415.884444221970625 ], [ 523503.259586836909875, 950104.635342589230277 ], [ 524432.122106936876662, 949793.385831994819455 ], [ 525360.985059398342855, 949482.136002517538145 ], [ 526289.84845797449816, 949170.885833719745278 ], [ 526978.058048382401466, 949003.654855049331672 ], [ 527666.267898250138387, 948836.423670119256712 ], [ 528354.478124488610774, 948669.192383544635959 ], [ 529296.290939447237179, 948357.014113184530288 ], [ 530238.104401532677002, 948044.835434673121199 ], [ 531179.918415173073299, 947732.656326836673543 ], [ 532021.078613737947308, 947453.839051093440503 ], [ 532038.905458912136964, 947447.930277308332734 ], [ 532121.732994857942685, 947420.476768655702472 ], [ 533063.54826510453131, 947108.296739146229811 ], [ 534005.364130332949571, 946796.116217163507827 ], [ 534951.540288313757628, 946482.412438529194333 ], [ 535897.717099186847918, 946168.708093985565938 ], [ 536843.89468756900169, 945855.003272795118392 ], [ 537790.072958107921295, 945541.297953515429981 ], [ 538736.251925528398715, 945227.592004264937714 ], [ 539682.431714492966421, 944913.885514324414544 ], [ 540628.612229596357793, 944600.178462199284695 ], [ 541574.793595681432635, 944286.470716156763956 ], [ 542520.9758271825267, 943972.762475893134251 ], [ 543467.158828941173851, 943659.053498849738389 ], [ 544413.34272545715794, 943345.343984891311266 ], [ 545359.527531495201401, 943031.633802120690234 ], [ 546305.713151679374278, 942717.922929062740877 ], [ 547251.89971072145272, 942404.211344458395615 ], [ 548074.677707879571244, 942131.313947608345188 ], [ 548897.456332916161045, 941858.416029300307855 ], [ 549720.235705445287749, 941585.517686164937913 ], [ 550543.015835345955566, 941312.618683022563346 ], [ 551365.796732096699998, 941039.719116393825971 ], [ 552188.578405375243165, 940766.818972254404798 ], [ 553011.360864789574407, 940493.918236506404355 ], [ 553698.865397374145687, 940364.878309578867629 ], [ 554386.370542867109179, 940235.838181076804176 ], [ 555093.34406963782385, 939958.887119493912905 ], [ 555800.31813562719617, 939681.935547703295015 ], [ 556507.292745903017931, 939404.983344625681639 ], [ 557373.219707155134529, 939214.880666896468028 ], [ 558239.147735734004527, 939024.777627183357254 ], [ 559011.44124555401504, 938773.408821086050011 ], [ 559783.735635302611627, 938522.039501200430095 ], [ 560556.030693137319759, 938270.669545253389515 ], [ 561402.073140232474543, 937995.122322544571944 ], [ 562248.116614993312396, 937719.574463886907324 ], [ 563094.161018172279, 937444.025843515293673 ], [ 563940.206360259791836, 937168.476557047106326 ], [ 564786.252872215467505, 936892.926479201763868 ], [ 565632.300234328722581, 936617.375705057289451 ], [ 566478.34878760157153, 936341.824109555920586 ], [ 567324.398322397843003, 936066.271787899662741 ], [ 568141.495309627265669, 935761.350222173961811 ], [ 568958.593381541431881, 935456.427724156179465 ], [ 569775.692325829062611, 935151.504499181988649 ], [ 570592.792261128430255, 934846.580310803838074 ], [ 571409.893305330653675, 934541.655364831676707 ], [ 572226.995246820617467, 934236.729424278601073 ], [ 572723.582247559214011, 934167.917299881577492 ], [ 573220.169754068367183, 934099.10504850698635 ], [ 577290.823240063153207, 932695.38450055278372 ], [ 578166.674462655792013, 932393.408835666836239 ], [ 579042.526911292923614, 932091.432205024641007 ], [ 579918.380707153235562, 931789.454591217450798 ], [ 580794.235861608874984, 931487.475866050343029 ], [ 581670.092385580181144, 931185.496122482698411 ], [ 582545.950180126354098, 930883.515342663275078 ], [ 583421.809476774069481, 930581.533398828003556 ], [ 584297.670066257705912, 930279.550383495516144 ], [ 584603.481335354736075, 930183.884016637457535 ], [ 585200.283637104439549, 929997.1948188127717 ], [ 586102.898867268464528, 929714.838181899045594 ], [ 587005.515549930511042, 929432.480454813456163 ], [ 587856.914374116342515, 929165.788898303871974 ], [ 588708.314635306829587, 928899.096356457332149 ], [ 589559.716344698797911, 928632.402814566157758 ], [ 590411.119513534475118, 928365.70825792697724 ], [ 591262.524153044447303, 928099.01267183246091 ], [ 592169.016968627693132, 927763.502276616054587 ], [ 593075.511452055885457, 927427.990509604802355 ], [ 593982.007614663103595, 927092.47734979481902 ], [ 594888.505357617512345, 926756.962775978143327 ], [ 595795.004692465765402, 926421.446656604413874 ], [ 596701.505850229179487, 926085.929192319512367 ], [ 597608.008621937944554, 925750.410361653310247 ], [ 598514.513129558763467, 925414.889922760659829 ], [ 600225.505359707167372, 924996.445649526547641 ], [ 600374.240750005468726, 924960.302471606177278 ], [ 601218.019969154964201, 924591.870216971379705 ], [ 602061.800713442265987, 924223.43648349842988 ], [ 603012.05208106234204, 923923.392208666191436 ], [ 603962.305533651495352, 923623.346505415509455 ], [ 604912.561086650472134, 923323.299353176378645 ], [ 605862.818645731080323, 923023.250620466656983 ], [ 606813.078446061699651, 922723.20050836133305 ], [ 607763.340393549646251, 922423.148774809436873 ], [ 608713.604503131005913, 922123.095620365464129 ], [ 609663.870790528249927, 921823.040913809672929 ], [ 610614.139271279331297, 921522.984634561697021 ], [ 611564.409960834076628, 921222.926761953160167 ], [ 612514.682874387362972, 920922.867385931778699 ], [ 613464.958137844805606, 920622.806375656393357 ], [ 615811.546814469620585, 919882.620774482726119 ], [ 616307.901915621710941, 919801.015929890796542 ], [ 616804.257611949695274, 919719.410749769420363 ], [ 617264.688142483355477, 919484.576756147202104 ], [ 617725.11903875367716, 919249.742140918038785 ], [ 619868.101848499500193, 918520.265169526217505 ], [ 620453.036714926827699, 918477.649482145090587 ], [ 621037.972679175087251, 918435.033738280180842 ], [ 621843.656087329145521, 918028.158290020306595 ], [ 622649.341041660518385, 917621.280937228119001 ], [ 623450.142578700208105, 917359.955385857378133 ], [ 624250.945930151618086, 917098.628629481419921 ], [ 625051.750995142036118, 916837.3005444543669 ], [ 625852.557782645104453, 916575.971118030021898 ], [ 626653.366411481401883, 916314.640448333579116 ], [ 627521.039072556071915, 916031.466347885550931 ], [ 628388.713933215476573, 915748.290641878498718 ], [ 629256.390894464915618, 915465.113424353650771 ], [ 630124.069967684103176, 915181.934679068392143 ], [ 630991.751274834154174, 914898.754279545508325 ], [ 631428.981009352137335, 914550.639124975306913 ], [ 632107.934278713772073, 914407.83330890967045 ], [ 632786.888953329995275, 914265.026856852113269 ], [ 633465.845040149288252, 914122.219763800268993 ], [ 634224.694965234375559, 913885.705576615058817 ], [ 634983.546716121491045, 913649.190156458644196 ], [ 635742.400080101797357, 913412.673602893017232 ], [ 636501.255285785533488, 913176.155795627622865 ], [ 637344.321085195755586, 912882.732173586846329 ], [ 637732.723346790764481, 912747.54842780972831 ], [ 637778.526157180778682, 912731.607018973329104 ], [ 638187.389118756516837, 912589.306901734322309 ], [ 639030.459175966912881, 912295.879963536281139 ], [ 639873.531486921827309, 912002.451343781896867 ], [ 640756.900107303867117, 911694.924736249959096 ], [ 641640.271114973118529, 911387.396167545812204 ], [ 642523.644520874251612, 911079.865729967597872 ], [ 643314.059847230324522, 910847.584848637343384 ], [ 644104.477135868743062, 910615.302800863515586 ], [ 644894.896507088677026, 910383.019354854943231 ], [ 645685.317970256786793, 910150.734499518410303 ], [ 646475.74142392212525, 909918.448444596258923 ], [ 647383.185882648802362, 909525.04186715441756 ], [ 648290.632761243381537, 909131.632788486545905 ], [ 651498.650696513126604, 908110.465293649933301 ], [ 655621.294041698798537, 906798.466060544364154 ], [ 656460.839299354935065, 906531.327175356331281 ], [ 657300.387107992777601, 906264.186547740944661 ], [ 658139.937257867655717, 905997.044162578880787 ], [ 658979.489979894598946, 905729.900006314972416 ], [ 659819.045174493920058, 905462.754064195556566 ], [ 660408.774814709904604, 905089.990386086283252 ], [ 661309.075274344999343, 904865.831660174066201 ], [ 662209.37873907876201, 904641.671451157075353 ], [ 663109.685335182817653, 904417.509524412103929 ], [ 663495.343513143714517, 904118.125031700939871 ], [ 666263.656459652818739, 903138.621950999833643 ], [ 667909.929526522057131, 902556.466143333003856 ], [ 668776.733871528063901, 902303.699720178497955 ], [ 669643.541139269946143, 902050.931539304438047 ], [ 670510.35123238270171, 901798.161475238506682 ], [ 671377.164273150032386, 901545.389624546631239 ], [ 672243.980164211709052, 901292.615861721569672 ], [ 673110.799027817323804, 901039.840283339377493 ], [ 673977.620876856497489, 900787.062764286180027 ], [ 674450.805715677095577, 900540.077868000022136 ], [ 674923.99124103190843, 900293.091905232635327 ], [ 676229.296740153105929, 899813.668772074626759 ], [ 677986.646910474635661, 899168.287023237906396 ], [ 678738.489196260808967, 898975.542330168304034 ], [ 679490.333791391924024, 898782.79639677493833 ], [ 680431.761305412393995, 898454.453411129652523 ], [ 681373.192277408903465, 898126.107586092548445 ], [ 682314.626720058615319, 897797.759120685281232 ], [ 683256.064758013701066, 897469.407772009726614 ], [ 684197.506294220220298, 897141.053628048510291 ], [ 685138.951342224143445, 896812.69666662812233 ], [ 686080.400025851209648, 896484.33686604606919 ], [ 687021.852247965056449, 896155.974314275779761 ], [ 687963.308133302023634, 895827.608768416452222 ], [ 688904.76758425985463, 895499.240427028387785 ], [ 689846.230614883243106, 895170.869157353881747 ], [ 690787.69745872169733, 894842.495048727840185 ], [ 691729.167799615068361, 894514.11785641987808 ], [ 692670.641980376793072, 894185.737891440745443 ], [ 693573.926775078289211, 893938.559244952630252 ], [ 694287.335745164426044, 893758.032128096325323 ], [ 695178.748891045921482, 893445.418563284561969 ], [ 696070.165374080417678, 893132.802281055599451 ], [ 696961.585205658804625, 892820.183262503473088 ], [ 697853.008507467457093, 892507.561489177169278 ], [ 698744.435180248459801, 892194.937052272609435 ], [ 699635.865235915407538, 891882.309822286129929 ], [ 700527.298795638605952, 891569.679891360341571 ], [ 701418.735760644893162, 891257.047240100451745 ], [ 702310.176253085257486, 890944.411739455419593 ], [ 703201.620283903786913, 890631.773481094860472 ], [ 704093.067754793097265, 890319.132335021626204 ], [ 704984.518786458880641, 890006.488503987086006 ], [ 705875.973281072219834, 889693.841747381491587 ], [ 706656.680272808182053, 889419.790874882950447 ], [ 707437.389992119045928, 889145.737808644073084 ], [ 708218.102446678793058, 888871.682535959058441 ], [ 709027.281736030243337, 888647.857707318267785 ], [ 709836.46413396706339, 888424.031099198386073 ], [ 710645.649652004474774, 888200.20247919857502 ], [ 711454.838299571536481, 887976.372057385160588 ], [ 712303.55208132811822, 887672.414347927435301 ], [ 713152.269119456876069, 887368.454017981304787 ], [ 714000.989424071041867, 887064.49094026547391 ], [ 714849.713115046615712, 886760.525098639307544 ], [ 715698.440091758500785, 886456.556475859950297 ], [ 719301.039058875758201, 885166.43780227273237 ], [ 719305.983833826030605, 884827.968552310252562 ], [ 720297.700801090686582, 884833.901027757092379 ], [ 721289.423081623972394, 884839.833663385594264 ], [ 721825.20790316676721, 884843.036097498377785 ], [ 721851.046936677535996, 884843.190681440406479 ], [ 722281.150701603270136, 884845.766238236567006 ], [ 723272.883795333444141, 884851.698974463972263 ], [ 724264.62227821664419, 884857.631761209806427 ], [ 725256.366285667056218, 884863.564599311444908 ], [ 726248.11573254247196, 884869.497488597640768 ], [ 727239.870643940754235, 884875.430429362691939 ], [ 728231.631154741626233, 884881.363533095223829 ], [ 729223.397291181492619, 884887.296578919631429 ], [ 730215.168856728356332, 884893.229787220829166 ], [ 731206.946098191547208, 884899.162938261521049 ], [ 732198.72892927355133, 884905.096252975519747 ], [ 733190.517486001364887, 884911.029621696216054 ], [ 734182.311683179112151, 884916.96304410835728 ], [ 735174.111545392661355, 884922.896631210343912 ], [ 736165.917209208011627, 884928.830162612139247 ], [ 737157.728588328463957, 884934.763859335100278 ], [ 738149.545709028141573, 884940.697500406648032 ], [ 739141.368705590371974, 884946.631308029289357 ], [ 740133.197383178165182, 884952.565170676796697 ], [ 741125.032097751507536, 884958.499090433237143 ], [ 742116.872543618083, 884964.433065859717317 ], [ 743108.718855601269752, 884970.36720850225538 ], [ 744100.571170329349115, 884976.301297976402566 ], [ 745092.429401436937042, 884982.235555283958092 ], [ 746084.293685595388524, 884988.169760087854229 ], [ 747076.163826131261885, 884994.104132734704763 ], [ 748068.040069389273413, 885000.038564141606912 ], [ 749059.922330223955214, 885005.973053976311348 ], [ 750051.810633781715296, 885011.907602586550638 ], [ 751043.705004616640508, 885017.842320872936398 ], [ 752035.605579356430098, 885023.776988543919288 ], [ 753027.512161351041868, 885029.711825917940587 ], [ 754019.424996935762465, 885035.646723921876401 ], [ 754268.530690242536366, 885037.13512776105199 ], [ 755011.34400162496604, 885041.581571581191383 ], [ 756003.269199302885681, 885047.516590483370237 ], [ 756995.20061573467683, 885053.451670330367051 ], [ 757987.138385749189183, 885059.386922663426958 ], [ 758979.082315189996734, 885065.322125270729885 ], [ 759971.032648498890921, 885071.257500981679186 ], [ 760962.989191546919756, 885077.192827577004209 ], [ 761954.952188776805997, 885083.128327911254019 ], [ 762946.921555692330003, 885089.063891001511365 ], [ 763938.897317455848679, 885094.999517133110203 ], [ 764930.879499251372181, 885100.93520664749667 ], [ 765922.868126188521273, 885106.870959833962843 ], [ 766914.863223457243294, 885112.806776988552883 ], [ 767906.864815553417429, 885118.742769073229283 ], [ 768898.872928292490542, 885124.67882571183145 ], [ 769890.887587502715178, 885130.614836607710458 ], [ 770882.908817037940025, 885136.551023319130763 ], [ 771874.936752978246659, 885142.487276166211814 ], [ 772866.971199933672324, 885148.423594128922559 ], [ 773859.01229269662872, 885154.360088809509762 ], [ 774851.060057736700401, 885160.296539242961444 ], [ 775843.114519581664354, 885166.233056327560917 ], [ 776835.175702710170299, 885172.169751046923921 ], [ 777827.243632976198569, 885178.106513032689691 ], [ 778819.318335554446094, 885184.043342588585801 ], [ 779811.399835566058755, 885189.980240023345686 ], [ 780803.488158265361562, 885195.917205595993437 ], [ 781795.58332875429187, 885201.854239620035514 ], [ 782787.685261250124313, 885207.791452373960055 ], [ 783779.794202888035215, 885213.728624210692942 ], [ 784771.909956875955686, 885219.665975343552418 ], [ 785764.032770345336758, 885225.603286144556478 ], [ 786756.162446528906003, 885231.540776825160719 ], [ 787748.299121575895697, 885237.478337744367309 ], [ 788740.442819959949702, 885243.416079824091867 ], [ 789732.593568242155015, 885249.353782027261332 ], [ 790724.751280646189116, 885255.291554630966857 ], [ 791716.916202206397429, 885261.229509977973066 ], [ 792709.088138934690505, 885267.167425650637597 ], [ 793701.267224912298843, 885273.105523920734413 ], [ 794693.453485996928066, 885279.043694456922822 ], [ 795685.64694739296101, 885284.981937511241995 ], [ 796677.847523957723752, 885290.920252694282681 ], [ 797670.055460807168856, 885296.858752367086709 ], [ 798662.270563947735354, 885302.797214067657478 ], [ 799654.492967408732511, 885308.735860129003413 ], [ 800646.722587521886453, 885314.674468748620711 ], [ 801638.959558329544961, 885320.613262313534506 ], [ 802631.204016100615263, 885326.552131156204268 ], [ 803623.455655040103011, 885332.491073354496621 ], [ 804615.714831296820194, 885338.430091383052059 ], [ 805607.981348701170646, 885344.369294778327458 ], [ 806600.255344226723537, 885350.308463157736696 ], [ 807592.536841613473371, 885356.247818195028231 ], [ 808584.825757201062515, 885362.187138042994775 ], [ 809577.122225026134402, 885368.126645119627938 ], [ 810569.426271025557071, 885374.066228971350938 ], [ 811561.737810090184212, 885380.005889193387702 ], [ 812554.05697696574498, 885385.945737431757152 ], [ 813546.383688047295436, 885391.885551913175732 ], [ 814538.718187669059262, 885397.825555735616945 ], [ 815531.060281937476248, 885403.765526348957792 ], [ 816523.409994461690076, 885409.705685355584137 ], [ 817515.767461595358327, 885415.645923122647218 ], [ 818508.132708526449278, 885421.586239956319332 ], [ 819500.505650121485814, 885427.526635305956006 ], [ 820492.88642192305997, 885433.467110254336149 ], [ 821485.274938036804087, 885439.407775010797195 ], [ 821907.781102627632208, 885442.171989497030154 ], [ 821915.058461339445785, 885442.21966595610138 ], [ 825386.312995877466165, 885465.079711947124451 ], [ 829218.876444941852242, 885492.662040665978566 ], [ 828524.290718766627833, 884774.094473089906387 ], [ 827829.704712414066307, 884055.534940689452924 ], [ 827135.118444128893316, 883336.983527810662054 ], [ 826440.531932177371345, 882618.440318753710017 ], [ 825745.945086839376017, 881899.905064974562265 ], [ 825051.358036726946011, 881181.377851573284715 ], [ 824358.371130706509575, 880464.51423321175389 ], [ 824356.770690486533567, 880462.858651403221302 ], [ 823662.18306718673557, 879744.347438109340146 ], [ 822967.595074725104496, 879025.844295196351595 ], [ 822273.006953589967452, 878307.349087198264897 ], [ 821578.418501395033672, 877588.861896866583265 ], [ 820883.829737892141566, 876870.382587168016471 ], [ 820189.240791696123779, 876151.911243181908503 ], [ 819494.651572289760225, 875433.447727076243609 ], [ 818800.061987519962713, 874714.99212244071532 ], [ 818105.47227715048939, 873996.544404403539374 ], [ 817410.88212910934817, 873278.104544359724969 ], [ 816716.291893513407558, 872559.672518181265332 ], [ 816021.701257540960796, 871841.248407954815775 ], [ 815327.110462442273274, 871122.831967464764602 ], [ 814632.51930497889407, 870404.423390191979706 ], [ 813937.927915310487151, 869686.022539865458384 ], [ 813243.336311665130779, 868967.62950082111638 ], [ 812548.744403461460024, 868249.244135250337422 ], [ 811854.152209689491428, 867530.866416821023449 ], [ 811159.559858235996217, 866812.496541251894087 ], [ 810464.967148853000253, 866094.134259390761144 ], [ 809770.374210163485259, 865375.779656302882358 ], [ 809075.781061196234077, 864657.432705611689016 ], [ 808381.18760982202366, 863939.093490915140137 ], [ 807686.593876488739625, 863220.761764525785111 ], [ 806991.999879498034716, 862502.437610750901513 ], [ 806297.405637065181509, 861784.121113964240067 ], [ 805602.8111689502839, 861065.812137104920112 ], [ 804908.216493400512263, 860347.51076453528367 ], [ 804213.621519772335887, 859629.216858468716964 ], [ 803519.026266297441907, 858910.930503278505057 ], [ 802824.430751965031959, 858192.651672609732486 ], [ 802129.835106897400692, 857474.380230175331235 ], [ 801435.239018169231713, 856756.116258139256388 ], [ 800740.642835903447121, 856037.859732327517122 ], [ 800046.046357647748664, 855319.61073563946411 ], [ 799351.449603749322705, 854601.369020380778238 ], [ 798656.852591807022691, 853883.134781612898223 ], [ 797962.255451863165945, 853164.907882966799662 ], [ 797267.657871701638214, 852446.688296042499132 ], [ 796573.060200799256563, 851728.476107269059867 ], [ 795878.462238040752709, 851010.271178246359341 ], [ 795183.8640016769059, 850292.073593304608949 ], [ 794489.265510680852458, 849573.883326126844622 ], [ 793794.666894406778738, 848855.700351074454375 ], [ 793100.067951708682813, 848137.52452975534834 ], [ 792405.468700862955302, 847419.355946522671729 ], [ 791710.869270536350086, 846701.194686407339759 ], [ 791016.269681069999933, 845983.040501752402633 ], [ 790321.669729250250384, 845264.893586178310215 ], [ 789627.069545089034364, 844546.753803395782597 ], [ 788932.469146882533096, 843828.621237722807564 ], [ 788237.8685542489402, 843110.495752211194485 ], [ 787543.267675739247352, 842392.377319819759578 ], [ 786848.66663934965618, 841674.266136269783601 ], [ 786154.065244551748037, 840956.161952555412427 ], [ 785459.463731126859784, 840238.064743703464046 ], [ 784764.861895836773328, 839519.974703370244242 ], [ 784070.259868705645204, 838801.891695244936273 ], [ 783375.657558936625719, 838083.815581687144004 ], [ 782681.055094521958381, 837365.746558396727778 ], [ 782236.849525237921625, 836906.533910307916813 ], [ 782076.593304139445536, 836740.867560470825993 ], [ 781986.45238469238393, 836647.684487691847607 ], [ 781291.849337947554886, 835929.629342638188973 ], [ 780597.246193374157883, 835211.581208870513365 ], [ 779902.642749741207808, 834493.539948130492121 ], [ 779208.039025312871672, 833775.505644749850035 ], [ 778513.435149479075335, 833057.478273076820187 ], [ 777818.831031351350248, 832339.457695502438582 ], [ 777124.22668920783326, 831621.443996375892311 ], [ 776429.622141972067766, 830903.437149363220669 ], [ 775735.01729880576022, 830185.437016895157285 ], [ 775040.412287755869329, 829467.443794595892541 ], [ 774345.807017956394702, 828749.457344887312502 ], [ 773651.201618116581813, 828031.477752705104649 ], [ 772956.595887542818673, 827313.504769246093929 ], [ 772261.989954349119216, 826595.538590108742937 ], [ 771567.383837421773933, 825877.579188988427632 ], [ 770872.777445883955806, 825159.626428319257684 ], [ 770178.170798633247614, 824441.680281779030338 ], [ 769483.564023756422102, 823723.740945021621883 ], [ 768788.957030985620804, 823005.808169804979116 ], [ 768094.349728132598102, 822287.882039882591926 ], [ 767399.742244571214542, 821569.962529559503309 ], [ 766705.134599191951565, 820852.04961256752722 ], [ 766010.526699866866693, 820134.143372594495304 ], [ 765315.918566663982347, 819416.243562099523842 ], [ 764621.310217290883884, 818698.350376073387451 ], [ 763926.701671239221469, 817980.463677575462498 ], [ 763232.092836352298036, 817262.583550372743048 ], [ 762537.483842596411705, 816544.709858090034686 ], [ 761842.874708224087954, 815826.842685110401362 ], [ 761148.265231249155477, 815108.982003962271847 ], [ 760532.71603656001389, 814472.831885533872992 ], [ 760453.655652040848508, 814391.12767886579968 ], [ 759759.045767989708111, 813673.279793028952554 ], [ 759064.4357078676112, 812955.438431385206059 ], [ 758369.825491691823117, 812237.603346376097761 ], [ 757675.215026729973033, 811519.774732381803915 ], [ 756980.604333042283542, 810801.952341870288365 ], [ 756285.993428336223587, 810084.136369818937965 ], [ 755591.382331472588703, 809366.326789967599325 ], [ 754896.771061935462058, 808648.52346537343692 ], [ 754202.159528079675511, 807930.726369180949405 ], [ 753507.547858732286841, 807212.935586347826757 ], [ 752812.935851806774735, 806495.151089417166077 ], [ 752118.323747098096646, 805777.372853284003213 ], [ 751423.711453566676937, 805059.600740437745117 ], [ 750729.098878478980623, 804341.834945314796641 ], [ 750034.486152323544957, 803624.075220969971269 ], [ 749339.873182339943014, 802906.321761791245081 ], [ 748645.260098421596922, 802188.574431417160667 ], [ 747950.646698521450162, 801470.833202519686893 ], [ 747256.033111368189566, 800753.098159985966049 ], [ 746561.419466852094047, 800035.369167429977097 ], [ 745866.805451869033277, 799317.646307617193088 ], [ 745172.1913067845162, 798599.929444709094241 ], [ 744477.576939380727708, 797882.218662522849627 ], [ 743782.962479033623822, 797164.513935342431068 ], [ 743088.347723600454628, 796446.815235828398727 ], [ 742393.732802964979783, 795729.122427610680461 ], [ 741699.117624413920566, 795011.435705123003572 ], [ 741004.502317799138837, 794293.754932060022838 ], [ 740309.886791492346674, 793576.08008157776203 ], [ 739615.271063821041025, 792858.411238030064851 ], [ 738920.655154615291394, 792140.748153949854895 ], [ 738226.039081227267161, 791423.091134930262342 ], [ 737531.422753497492522, 790705.439822290907614 ], [ 737105.174071686109528, 790265.055343546671793 ], [ 736836.806299213669263, 789987.794522186275572 ], [ 736142.189517273916863, 789270.154986088513397 ], [ 735447.572757477406412, 788552.521299854153767 ], [ 734752.955596658168361, 787834.893435228383169 ], [ 734058.338385147042572, 787117.271367445355281 ], [ 733363.720920767867938, 786399.655069261672907 ], [ 732669.103332844795659, 785682.044514907989651 ], [ 731974.48552970867604, 784964.439677636139095 ], [ 731279.867530182236806, 784246.840531173744239 ], [ 730585.249352593906224, 783529.247159890714101 ], [ 729890.631015755119734, 782811.659537544008344 ], [ 729196.012428472749889, 782094.077526756329462 ], [ 728501.393720075953752, 781376.501101776841097 ], [ 727806.774797906749882, 780658.93045709352009 ], [ 727112.155681737000123, 779941.365345224854536 ], [ 726417.53638991410844, 779223.805850518052466 ], [ 725722.916941702598706, 778506.251836147508584 ], [ 725028.297244434710592, 777788.703496590838768 ], [ 724333.677427484886721, 777071.160806082538329 ], [ 723639.05740005383268, 776353.623516642372124 ], [ 722944.437180488021113, 775636.091712696710601 ], [ 722249.816787111572921, 774918.565478556323797 ], [ 721555.196238736039959, 774201.044788006576709 ], [ 720860.575554638751782, 773483.529504184029065 ], [ 720165.954643080360256, 772766.019600388943218 ], [ 719471.333632460562512, 772048.515272043528967 ], [ 718776.712321493076161, 771331.016270758933388 ], [ 718082.090949503472075, 770613.522681854083203 ], [ 717387.469314263085835, 769896.03447814960964 ], [ 716692.847545081516728, 769178.551633849972859 ], [ 715998.225550238392316, 768461.07412229583133 ], [ 715303.603459049132653, 767743.601917687687092 ], [ 714608.9811793230474, 767026.135103926877491 ], [ 713914.358620207523927, 766308.673433137242682 ], [ 713219.736020194832236, 765591.21721179492306 ], [ 712525.113177928957157, 764873.766191531321965 ], [ 711830.490222720312886, 764156.320346593623981 ], [ 711135.867061916855164, 763438.879871524637565 ], [ 710441.243715201737359, 762721.444518839474767 ], [ 709746.620311859296635, 762004.014262741082348 ], [ 709395.415374369244091, 761641.276617302908562 ], [ 709051.996648755855858, 761286.589297395199537 ], [ 708357.3728556195274, 760569.169486337690614 ], [ 707662.748840688960627, 759851.754802953451872 ], [ 706968.124622723087668, 759134.345220959861763 ], [ 706273.50033065257594, 758416.940825219498947 ], [ 705578.875873091747053, 757699.541478438070044 ], [ 704884.251268828287721, 756982.14715440152213 ], [ 704189.626425641123205, 756264.757937053684145 ], [ 703495.001473309239373, 755547.373689988511615 ], [ 702800.376319573493674, 754829.994497183826752 ], [ 702105.750983255682513, 754112.620332397869788 ], [ 701411.12559362326283, 753395.251169813447632 ], [ 700716.499948772601783, 752677.886871791793965 ], [ 700021.874177178717218, 751960.527633733581752 ], [ 699327.248187486431561, 751243.173318373970687 ], [ 698632.622108978335746, 750525.823899949318729 ], [ 697937.995849852915853, 749808.4793518044753 ], [ 697243.369428486796096, 749091.139758305391297 ], [ 696548.742864011670463, 748373.804982656380162 ], [ 695854.116175208939239, 747656.474998658988625 ], [ 695159.489269844139926, 746939.149890252272598 ], [ 694464.862277232343331, 746221.829631628119387 ], [ 693770.23510556621477, 745504.514196189818904 ], [ 693075.607773995492607, 744787.203447122592479 ], [ 692380.980189885478467, 744069.897579002194107 ], [ 691686.352593938820064, 743352.596345215686597 ], [ 690991.724782937671989, 742635.29993995744735 ], [ 690297.096887013874948, 741918.008116233628243 ], [ 689602.468702983809635, 741200.721068211598322 ], [ 688907.840471076313406, 740483.438659864244983 ], [ 688213.212099122349173, 739766.160975229809992 ], [ 687518.583495642291382, 739048.887877101777121 ], [ 686823.954789576819167, 738331.619450227590278 ], [ 686129.325999650056474, 737614.355668416013941 ], [ 685434.697034402983263, 736897.096394490916282 ], [ 684740.0678016373422, 736179.84171246457845 ], [ 684045.438541194307618, 735462.591596881626174 ], [ 683350.809161237324588, 734745.346021154895425 ], [ 682656.179569953703322, 734028.104958717012778 ], [ 681961.549786012037657, 733310.868383367778733 ], [ 681266.919938399456441, 732593.636379866977222 ], [ 680572.289935966604389, 731876.408700450439937 ], [ 679877.659796344698407, 731159.185650712461211 ], [ 679183.029428759589791, 730441.966872279765084 ], [ 678488.399072027532384, 729724.752671478083357 ], [ 677793.768413811456412, 729007.542799851857126 ], [ 677099.137694005272351, 728290.337231907644309 ], [ 676404.506930642994121, 727573.136162622366101 ], [ 675709.87592193717137, 726855.939343920676038 ], [ 675015.244796502403915, 726138.746971131069586 ], [ 674320.613463142421097, 725421.558796533150598 ], [ 673625.982050487305969, 724704.375015456811525 ], [ 672931.350466990377754, 723987.195490788551979 ], [ 672236.718841966474429, 723270.020196654484607 ], [ 671542.086972572375089, 722552.849216771544889 ], [ 670847.454988444224, 721835.682414695271291 ], [ 670152.822908310801722, 721118.519764278433286 ], [ 670091.35418428236153, 721055.056361427763477 ], [ 669869.186622438719496, 720825.681588570121676 ], [ 669458.19075017736759, 720401.361460454878397 ], [ 668763.558312254608609, 719684.207255186629482 ], [ 668394.808622709009796, 719303.500145004247315 ], [ 668068.925834093242884, 718967.05723356292583 ], [ 667532.811464785365388, 718413.564411513274536 ], [ 667374.293224086752161, 718249.911258479114622 ], [ 666679.660500336322002, 717532.769524914911017 ], [ 665985.027571216924116, 716815.631895736092702 ], [ 665290.394566053291783, 716098.498345135245472 ], [ 664595.76139291038271, 715381.36884655628819 ], [ 663901.128181124920957, 714664.243374168872833 ], [ 663206.494727833778597, 713947.1220117098419 ], [ 662511.861162320710719, 713230.00473332463298 ], [ 661817.22750393662136, 712512.891291653504595 ], [ 661122.593770406558178, 711795.781992265954614 ], [ 660427.959759852848947, 711078.676587187801488 ], [ 659733.3257118324982, 710361.575161451939493 ], [ 659038.691645054379478, 709644.477688880055211 ], [ 658344.057246345095336, 708927.384142322815023 ], [ 657649.422866245848127, 708210.294496588641778 ], [ 656954.788302206085064, 707493.208724836702459 ], [ 656260.153683523880318, 706776.126801220932975 ], [ 655565.518917963374406, 706059.048809802625328 ], [ 654870.883913859492168, 705341.974613561294973 ], [ 654176.248911142349243, 704624.904186923755333 ], [ 653481.613817587029189, 703907.837613955372944 ], [ 652786.978541202843189, 703190.774868227890693 ], [ 652092.343101019738242, 702473.715812958194874 ], [ 651397.707625977694988, 701756.660532853100449 ], [ 650703.071913526742719, 701039.609001180157065 ], [ 650008.436203593737446, 700322.56119230540935 ], [ 649313.800293583422899, 699605.517079522134736 ], [ 648619.164312786189839, 698888.476636903476901 ], [ 647924.528279882855713, 698171.439838303136639 ], [ 647229.891992265242152, 697454.406656989594921 ], [ 646535.25568958860822, 696737.377177920774557 ], [ 645840.619280140148476, 696020.351264079101384 ], [ 645145.982671695062891, 695303.32899958989583 ], [ 644956.523327983915806, 695107.761997133144177 ], [ 644451.345993823953904, 694586.310247976216488 ], [ 643756.709264623466879, 693869.29520424164366 ], [ 643062.072282303706743, 693152.28350993571803 ], [ 642367.435285985819064, 692435.275471164961345 ], [ 641672.798183942097239, 691718.270950926467776 ], [ 640978.160884466138668, 691001.269812206621282 ], [ 640283.523626960348338, 690284.272250529378653 ], [ 639588.886098426650278, 689567.278128336300142 ], [ 638894.248538761516102, 688850.287420024164021 ], [ 638199.610855756793171, 688133.300209728186019 ], [ 637504.973068300983869, 687416.316360707511194 ], [ 636810.335195051506162, 686699.335846839356236 ], [ 636115.697254366707057, 685982.358752486878075 ], [ 635421.059154280927032, 685265.385051233693957 ], [ 634726.420913433190435, 684548.414716973435134 ], [ 634031.782550681382418, 683831.447612919728272 ], [ 633337.144195120432414, 683114.483823792543262 ], [ 632642.505644056946039, 682397.523322898428887 ], [ 631947.867026539286599, 681680.566194892278872 ], [ 631253.228251044405624, 680963.612192266155034 ], [ 630558.589446389116347, 680246.661510210251436 ], [ 629863.950520765502006, 679529.714011804200709 ], [ 629169.311492599081248, 678812.769781402428634 ], [ 628474.672380766482092, 678095.82868235767819 ], [ 627780.033093204954639, 677378.890688203275204 ], [ 627085.393759008147754, 676661.955883653950877 ], [ 626390.754396794363856, 675945.024242518353276 ], [ 625696.11480384808965, 675228.095738182077184 ], [ 625001.475220165448263, 674511.17034500266891 ], [ 624306.83544323197566, 673794.247925745905377 ], [ 623612.195601912215352, 673077.328675646334887 ], [ 622917.555715047288686, 672360.412458004546352 ], [ 622222.915690595866181, 671643.499246420105919 ], [ 621528.275547179975547, 670926.589014773024246 ], [ 620833.635413880459964, 670209.681847664527595 ], [ 620138.99508818727918, 669492.777607997297309 ], [ 619444.354699167888612, 668775.876380366738886 ], [ 618749.714154985034838, 668058.97802786086686 ], [ 618055.073584506637417, 667342.082745694438927 ], [ 617360.432896327925846, 666625.19017578207422 ], [ 616665.792108404799365, 665908.300623699557036 ], [ 615971.151350258500315, 665191.413952950853854 ], [ 615276.510308443452232, 664474.530136763467453 ], [ 614581.869333654409274, 663757.649149607284926 ], [ 613887.228223091457039, 663040.770964925992303 ], [ 613192.586995190358721, 662323.895667146309279 ], [ 612497.945668977918103, 661607.023009038995951 ], [ 611803.304262418532744, 660890.15329609636683 ], [ 611108.662794548319653, 660173.286281088599935 ], [ 610414.021283974871039, 659456.421937864739448 ], [ 609719.379638392594643, 658739.560350689571351 ], [ 609024.737876437953673, 658022.701493358821608 ], [ 608330.09601668396499, 657305.845339781837538 ], [ 607635.454188456758857, 656588.991863999515772 ], [ 606940.812189140589908, 655872.140928955515847 ], [ 606246.17014767206274, 655155.292729791952297 ], [ 605551.527972108800896, 654438.447129665175453 ], [ 604856.885680904146284, 653721.604212962207384 ], [ 604162.243403701926582, 653004.76373264065478 ], [ 603467.601048029726371, 652287.925883496645838 ], [ 602772.958521770779043, 651571.090639207628556 ], [ 602078.315954425022937, 650854.257863281061873 ], [ 601383.673364405985922, 650137.427640146226622 ], [ 600689.030659601558, 649420.599943478940986 ], [ 599994.387858771020547, 648703.774636584334075 ], [ 599299.744980141171254, 647986.951914474600926 ], [ 598605.102042683865875, 647270.131529888836667 ], [ 597910.458953912020661, 646553.313677651691251 ], [ 597215.815954174497165, 645836.498110870830715 ], [ 596521.172729586949572, 645119.685024000355043 ], [ 595826.529520183801651, 644402.874391253571957 ], [ 595131.88612343010027, 643686.065965078189038 ], [ 594437.242779000429437, 642969.259940793621354 ], [ 593742.599284073919989, 642252.456291926908307 ], [ 593047.955767933279276, 641535.654992528259754 ], [ 592353.312138605164364, 640818.855905757518485 ], [ 591658.668414523359388, 640102.059116033604369 ], [ 590964.024724972667173, 639385.264597395551391 ], [ 590269.380867233034223, 638668.472212880849838 ], [ 589574.736970311496407, 637951.682157613569871 ], [ 588880.093052932992578, 637234.894294927362353 ], [ 588185.448912073043175, 636518.108708917279728 ], [ 587490.804898800794035, 635801.325152859790251 ], [ 586796.160699175903574, 635084.543821243336424 ], [ 586101.516442519030534, 634367.764688124065287 ], [ 585406.872147554182447, 633650.987616843660362 ], [ 584712.22772197087761, 632934.21269169007428 ], [ 584017.583295206539333, 632217.439776100218296 ], [ 583322.938885684707202, 631500.668954555876553 ], [ 582628.294290537247434, 630783.900200614356436 ], [ 581933.649639016250148, 630067.133488344494253 ], [ 581239.004949742695317, 629350.368791613611393 ], [ 580544.36013035743963, 628633.606194709194824 ], [ 579849.715310452971607, 627916.845450568245724 ], [ 579155.070508337579668, 627200.086754166404717 ], [ 578460.425521229626611, 626483.329968594014645 ], [ 577765.780589128611609, 625766.575067974976264 ], [ 577071.135509043931961, 625049.822136508417316 ], [ 576376.490299480967224, 624333.071148079819977 ], [ 575681.845200638752431, 623616.321966269169934 ], [ 574987.199898572638631, 622899.574785707285628 ], [ 574292.554633605061099, 622182.829359412426129 ], [ 573597.909313522162847, 621466.085661185323261 ], [ 572903.26384589006193, 620749.343885849695653 ], [ 572208.618360145948827, 620032.603896925691515 ], [ 571513.972874715807848, 619315.865778803592548 ], [ 570819.327297657495365, 618599.129284179303795 ], [ 570124.681647247984074, 617882.394608041155152 ], [ 569430.035942169371992, 617165.66161375050433 ], [ 568735.39020086824894, 616448.9303857361665 ], [ 568040.744441882357933, 615732.200897892354988 ], [ 567346.098573118448257, 615015.473013448179699 ], [ 566651.452723886352032, 614298.746706428239122 ], [ 565956.8066909997724, 613582.022171607241035 ], [ 565262.160714608151466, 612865.299272517673671 ], [ 564567.514702611137182, 612148.577872438472696 ], [ 563872.868562596268021, 611431.85816623060964 ], [ 563178.222423961036839, 610715.140017389319837 ], [ 562483.576194481109269, 609998.423399675753899 ], [ 561788.930003464804031, 609281.708287107525393 ], [ 561094.283647819887847, 608564.994763909606263 ], [ 560399.637367713963613, 607848.282693651271984 ], [ 559704.990960063762031, 607131.572160586481914 ], [ 559276.611490301904269, 606689.584053473779932 ], [ 559010.34455427271314, 606414.863028143998235 ], [ 558315.698057992500253, 605698.155380720971152 ], [ 557621.051489754463546, 604981.449192166561261 ], [ 556926.404978888109326, 604264.744436533772387 ], [ 556231.758322390727699, 603548.041087500634603 ], [ 555537.111649521626532, 602831.339119067066349 ], [ 554842.464978883275762, 602114.638505155686289 ], [ 554147.818218171945773, 601397.939219581196085 ], [ 553453.171385842026211, 600681.241346761933528 ], [ 553308.889051221078262, 600532.377198650501668 ], [ 552758.524611319880933, 599964.54475018766243 ], [ 552063.87769153912086, 599247.849403577856719 ], [ 551369.230866514728405, 598531.155391536187381 ], [ 550674.583933221758343, 597814.462687836959958 ], [ 549979.936910256743431, 597097.771155810565688 ], [ 549285.289926850004122, 596381.080880009685643 ], [ 548590.642779983114451, 595664.391834200592712 ], [ 547895.995709713897668, 594947.703992409980856 ], [ 547201.348623785423115, 594231.017328492016532 ], [ 546506.70142995507922, 593514.331816299934871 ], [ 545812.054146718117408, 592797.647429703152739 ], [ 545117.406903332448564, 592080.964253267622553 ], [ 544422.759718450601213, 591364.282039795303717 ], [ 543728.112388810375705, 590647.601094702491537 ], [ 543033.465043919859454, 589930.921060333261266 ], [ 542338.81759128451813, 589214.242242155014537 ], [ 541644.170271163457073, 588497.564393143402413 ], [ 540949.522769627859816, 587780.887597543536685 ], [ 540254.875326826353557, 587064.211718882899731 ], [ 539560.227850369876251, 586347.536952079390176 ], [ 538865.580248085316271, 585630.863049886072986 ], [ 538170.932649156311527, 584914.190207395819016 ], [ 537476.285072184749879, 584197.518287965212949 ], [ 536781.637424852931872, 583480.847265469608828 ], [ 536086.989836484310217, 582764.177113854675554 ], [ 535392.34210390294902, 582047.507917486946099 ], [ 534697.694467325694859, 581330.83953986025881 ], [ 534003.046723555424251, 580614.172065314371139 ], [ 533308.398891124525107, 579897.505467771086842 ], [ 532613.751099393004552, 579180.839610652299598 ], [ 531919.10336682270281, 578464.174578453181311 ], [ 531224.455490261316299, 577747.510344942682423 ], [ 530529.807599071064033, 577030.846884138183668 ], [ 529835.159711744287051, 576314.184169923188165 ], [ 529140.5118467672728, 575597.522176262922585 ], [ 528445.863911843160167, 574880.860877002240159 ], [ 527751.215925397467799, 574164.200356604764238 ], [ 527056.568016859702766, 573447.540478504146449 ], [ 526361.919983030413277, 572730.881216539302841 ], [ 525667.271953196148388, 572014.222655228688382 ], [ 524972.623945883475244, 571297.564768471173011 ], [ 524277.97586878639413, 570580.907419633236714 ], [ 523583.327851196168922, 569864.250693216919899 ], [ 522888.679689956421498, 569147.594563080812804 ], [ 522194.031625213217922, 568430.939003199804574 ], [ 521499.383453791728243, 567714.283987435861491 ], [ 520804.735305067733862, 566997.629489770508371 ], [ 520548.503802887978964, 566733.278169313911349 ], [ 520110.087197466171347, 566280.97548411146272 ], [ 519415.439038681797683, 565564.322054918855429 ], [ 518720.790847186697647, 564847.669065551832318 ], [ 518026.142641511047259, 564131.016489953035489 ], [ 517331.494440084556118, 563414.364412602386437 ], [ 516636.846150615776423, 562697.712696853326634 ], [ 515942.197902372863609, 561981.061537744477391 ], [ 515247.549713921674993, 561264.410577572882175 ], [ 514552.901381986564957, 560547.760121873929165 ], [ 513858.253146753937472, 559831.110034049954265 ], [ 513163.604805086215492, 559114.460177476750687 ], [ 512468.956597071315628, 558397.810747178154998 ], [ 511774.308208708767779, 557681.161606509704143 ], [ 511079.659880184626672, 556964.512729462236166 ], [ 510385.011629959684797, 556247.86408992332872 ], [ 509690.363254801370203, 555531.21577235776931 ], [ 508995.714884066197556, 554814.567640185821801 ], [ 508301.066536226018798, 554097.919777854229324 ], [ 507606.418229786329903, 553381.272159322397783 ], [ 506220.592888164275791, 551957.47741414187476 ], [ 505529.415917499980424, 551250.330384189030156 ], [ 504838.238978180044796, 550543.183422121568583 ], [ 504147.061977048171684, 549836.036612986819819 ], [ 503455.884931887849234, 549128.88993136654608 ], [ 502764.707971333526075, 548421.743351783952676 ], [ 502073.531002287927549, 547714.596738239284605 ], [ 501382.353931632416788, 547007.450286336126737 ], [ 500691.17699885595357, 546300.303749599261209 ], [ 500000.00000001268927, 545593.157323605497368 ], [ 497975.547771532728802, 543522.803878356702626 ], [ 496977.05523362493841, 543568.030657251481898 ], [ 495978.562619418371469, 543613.257522863568738 ], [ 494980.069904060452245, 543658.484368066652678 ], [ 493981.577062706463039, 543703.711196208139881 ], [ 493698.897107782657258, 543716.513807798386551 ], [ 492983.084070461569354, 543748.938010660815053 ], [ 491984.590902531635948, 543794.164925327524543 ], [ 490986.09753396891756, 543839.391833049245179 ], [ 489987.60393996653147, 543884.618737216456793 ], [ 488989.110095642681699, 543929.845641162479296 ], [ 487990.615976126748137, 543975.072548296302557 ], [ 486992.121556574478745, 544020.299572500400245 ], [ 485993.626922991534229, 544065.526606599683873 ], [ 484995.131828748853877, 544110.753654010477476 ], [ 483996.636359881726094, 544155.980718058184721 ], [ 482998.140602379280608, 544201.207802093005739 ], [ 481999.644309644878376, 544246.434909564792179 ], [ 481001.147678568086121, 544291.662154296063818 ], [ 480002.65046251018066, 544336.889318629400805 ], [ 479004.15285839169519, 544382.116626974893734 ], [ 478005.654619578854181, 544427.343972211354412 ], [ 477007.155942947720177, 544472.57135766139254 ], [ 476008.656692778866272, 544517.798786685802042 ], [ 475010.156844188284595, 544563.026262676459737 ], [ 474011.656261445081327, 544608.253789045615122 ], [ 473013.155141422583256, 544653.481369057786651 ], [ 472014.653348382678814, 544698.709006129414774 ], [ 471016.150968351634219, 544743.936703601386398 ], [ 470017.64775470609311, 544789.164464905974455 ], [ 469019.143793492345139, 544834.39240389841143 ], [ 468020.639059753972106, 544879.620302860625088 ], [ 467022.133639553911053, 544924.848275677650236 ], [ 466023.627286268630996, 544970.076325798174366 ], [ 465025.120196789735928, 545015.304456479963847 ], [ 464026.612235364853404, 545060.532671136083081 ], [ 463028.103266267571598, 545105.760973185417242 ], [ 462029.593486357305665, 545150.989365881541744 ], [ 461031.082759925688151, 545196.217852641595528 ], [ 460032.571062007453293, 545241.446326301316731 ], [ 459034.05847874621395, 545286.675011214683764 ], [ 458035.544763468904421, 545331.903800344560295 ], [ 457037.030002129264176, 545377.132586453692056 ], [ 456038.51428078126628, 545422.361483370303176 ], [ 455039.997352785314433, 545467.590494592092 ], [ 454825.538693007547408, 545477.303524290444329 ], [ 454773.945125072030351, 545479.640329811838455 ], [ 454041.479415063455235, 545512.819623333867639 ], [ 453042.96033184841508, 545558.048873034887947 ], [ 452044.440078212879598, 545603.278136515407823 ], [ 451045.918629409512505, 545648.507638202398084 ], [ 450047.395960450812709, 545693.737160388496704 ], [ 449048.872157369274646, 545738.966816870961338 ], [ 448050.346973607549444, 545784.196611204766668 ], [ 447051.820605929009616, 545829.426436034380458 ], [ 446053.292918740480673, 545874.656515864073299 ], [ 445054.763887030538172, 545919.886632963782176 ], [ 444056.233485993987415, 545965.116901270113885 ], [ 443057.701690695190337, 546010.347213561530225 ], [ 442059.168476406077389, 546055.577794278156944 ], [ 441060.633928964205552, 546100.80842565651983 ], [ 440062.097801757510751, 546146.039111171266995 ], [ 439063.560291848436464, 546191.270075103384443 ], [ 438065.021263264352456, 546236.501099813496694 ], [ 437066.480691192031372, 546281.73218865704257 ], [ 436067.938550883438438, 546326.96356608113274 ], [ 435069.394928193825763, 546372.195014258380979 ], [ 434070.849576589593198, 546417.426647280342877 ], [ 433072.302692840399686, 546462.658357743173838 ], [ 432073.754141276003793, 546507.890259660896845 ], [ 431075.203897055238485, 546553.122356374980882 ], [ 430076.651935179310385, 546598.354540715110488 ], [ 429078.098341745440848, 546643.58692645910196 ], [ 428079.542870064033195, 546688.819406615803018 ], [ 427080.98571705352515, 546734.052094904938713 ], [ 426082.426746897224803, 546779.284884204156697 ], [ 425083.865934807865415, 546824.51788842305541 ], [ 424085.303255922510289, 546869.751110914046876 ], [ 423086.738796114455909, 546914.984444380621426 ], [ 422088.172419735696167, 546960.218002820503898 ], [ 421089.603990934905596, 547005.451679164427333 ], [ 420091.033817574265413, 547050.685586933628656 ], [ 419092.461542030854616, 547095.919619302498177 ], [ 418093.887250281288289, 547141.153779521468095 ], [ 417095.311028469877783, 547186.388181318179704 ], [ 416096.732740822480991, 547231.62282821466215 ], [ 415113.172759018838406, 547275.554943217081018 ], [ 414129.610672051785514, 547319.487339381594211 ], [ 413146.04656685446389, 547363.419909194344655 ], [ 412162.480419552943204, 547407.352545253816061 ], [ 411178.91220660955878, 547451.285471807699651 ], [ 410195.341793235798832, 547495.218581577064469 ], [ 409211.769266540999524, 547539.151877613156103 ], [ 408228.194491833215579, 547583.085363205522299 ], [ 407244.617667132406496, 547627.019041199353524 ], [ 406261.038546855212189, 547670.952915029483847 ], [ 405277.457107244466897, 547714.886987878126092 ], [ 404293.873546280665323, 547758.821262604091316 ], [ 403310.287618423695676, 547802.755742626148276 ], [ 402326.699410737550352, 547846.690430977265351 ], [ 401343.108788596233353, 547890.625330943264998 ], [ 400359.515949938562699, 547934.560445371665992 ], [ 399375.920649257139303, 547978.495777704636566 ], [ 398587.986960599082522, 548013.690353261539713 ], [ 398392.322862742352299, 548022.431331133353524 ], [ 397408.722788382321596, 548066.36710844526533 ], [ 396425.120180642930791, 548110.303113141097128 ], [ 395441.515126424317714, 548154.239237664500251 ], [ 394457.907602266117465, 548198.175706235226244 ], [ 393474.297473376092967, 548242.112411636044271 ], [ 391651.408571243984625, 548329.297689378960058 ], [ 390812.130503917578608, 548372.546408089459874 ], [ 389973.656072430487256, 548212.387191403307952 ], [ 389039.354170440637972, 547978.343517829664052 ], [ 388105.050136905163527, 547744.298581293318421 ], [ 387170.743733571551275, 547510.252477334579453 ], [ 386236.435165467381012, 547276.205079728853889 ], [ 385302.12419451092137, 547042.156594607280567 ], [ 384367.810914609755855, 546808.106785345822573 ], [ 383433.495309182791971, 546574.055636636214331 ], [ 382499.177251039014664, 546340.003354394691996 ], [ 382243.595919800456613, 546275.97725176718086 ], [ 381564.856944987957831, 546105.949701843317598 ], [ 380630.534152991138399, 545871.894885133602656 ], [ 379696.208968948456459, 545637.838667603558861 ], [ 378761.8813766221283, 545403.781255069188774 ], [ 377827.551248101633973, 545169.722411221126094 ], [ 376893.21867805760121, 544935.662341704592109 ], [ 375958.883649465977214, 544701.600810045609251 ], [ 375024.546146112377755, 544467.538022002205253 ], [ 374090.206040468474384, 544233.473962458083406 ], [ 373155.863426430441905, 543999.4083947656909 ], [ 372221.518176854820922, 543765.341524888528511 ], [ 371287.170385852048639, 543531.273226727615111 ], [ 370352.819926079188008, 543297.20359572826419 ], [ 369418.466891620890237, 543063.132505774265155 ], [ 368484.111266029358376, 542829.06005209160503 ], [ 367529.91502220579423, 542573.250887448783033 ], [ 366575.716046148154419, 542317.440004002884962 ], [ 365621.514321155147627, 542061.627605348476209 ], [ 364667.309719047509134, 541805.813563673640601 ], [ 363713.102222704212181, 541549.997861491166987 ], [ 362758.892036806908436, 541294.180480898357928 ], [ 361804.678811805089936, 541038.361515591503121 ], [ 360850.462752154038753, 540782.54083712818101 ], [ 359896.24384097463917, 540526.718538559507579 ], [ 358942.021950068534352, 540270.894492082297802 ], [ 357987.797173207974993, 540015.068679969175719 ], [ 357033.569271746557206, 539759.241195726906881 ], [ 356079.338561250362545, 539503.4120212206617 ], [ 355125.104691938962787, 539247.581139634246938 ], [ 354170.867868307861499, 538991.748422473901883 ], [ 353216.627962532162201, 538735.913963038241491 ], [ 352262.384957550966647, 538480.077743802219629 ], [ 351308.138947151601315, 538224.239747097832151 ], [ 350391.504801376373507, 537936.21150526299607 ], [ 349474.867749489611015, 537648.181363234878518 ], [ 348558.227999769151211, 537360.149302420089953 ], [ 347641.585316585376859, 537072.115194549085572 ], [ 346724.939797462429851, 536784.079131787177175 ], [ 345808.291428578901105, 536496.040985410683788 ], [ 344891.640196823689621, 536208.000958357471973 ], [ 343974.985977223550435, 535919.958811569376849 ], [ 343058.328867335105315, 535631.914637230569497 ], [ 342141.668853569542989, 535343.868417171761394 ], [ 341225.005922334094066, 535055.82013319642283 ], [ 340308.339949124085251, 534767.769767368678004 ], [ 339391.670920373057015, 534479.717301545431837 ], [ 338474.998933378490619, 534191.662717313040048 ], [ 337559.247436869656667, 533892.297456265543588 ], [ 336643.492943845340051, 533592.930048546753824 ], [ 335727.735330104769673, 533293.560364947305061 ], [ 334811.974804404308088, 532994.18838614365086 ], [ 333896.211132076743525, 532694.814204369438812 ], [ 332980.444410950061865, 532395.437800497049466 ], [ 332064.674517068080604, 532096.059155960916542 ], [ 331148.901548241032287, 531796.678251655073836 ], [ 330233.125491162063554, 531497.294958123588003 ], [ 329472.449717552459333, 531231.197762588621117 ], [ 328711.771870381315239, 530965.098859947989695 ], [ 327951.091831771889701, 530698.998238876694813 ], [ 327190.409594728960656, 530432.895887816091999 ], [ 326429.725263195578009, 530166.791794982156716 ], [ 325682.944489122077357, 529829.577877082279883 ], [ 324936.161808868695516, 529492.361831746995449 ], [ 324037.022302615921944, 529060.373480413574725 ], [ 323137.880060771829449, 528628.381764717982151 ], [ 322238.735077726305462, 528196.386658393894322 ], [ 321339.587347950553522, 527764.388135268935002 ], [ 320440.436865860712714, 527332.38616907550022 ], [ 319541.283625879732426, 526900.380733626894653 ], [ 318642.127622447675094, 526468.371802653535269 ], [ 317742.968850302859209, 526036.359460555599071 ], [ 316843.807303561887238, 525604.34357051900588 ], [ 315944.642865759669803, 525172.324106550659053 ], [ 315045.475642524485011, 524740.301152779138647 ], [ 314146.305517340893857, 524308.274683199590072 ], [ 313321.209117423801217, 523893.968012863071635 ], [ 312496.110435590904672, 523479.65820498164976 ], [ 311671.009357222588733, 523065.345128023764119 ], [ 310845.90587944292929, 522651.028982010495383 ], [ 310020.799998347763903, 522236.709524572710507 ], [ 309195.691711079271045, 521822.386955713911448 ], [ 308370.581124627962708, 521408.061032792844344 ], [ 307545.468014273268636, 520993.731956343515776 ], [ 306720.35248726682039, 520579.399594355025329 ], [ 305895.234540504694451, 520165.064036225667223 ], [ 305070.11417034722399, 519750.725150153157301 ], [ 304244.991373354801908, 519336.382914966961835 ], [ 303434.942218234587926, 518888.23735185561236 ], [ 302624.890795634652022, 518440.088212246075273 ], [ 301814.837215504725464, 517991.935473788704257 ], [ 301004.781366089591756, 517543.779225237725768 ], [ 300194.72324637521524, 517095.619444548618048 ], [ 299384.662854997324757, 516647.455999041208997 ], [ 298574.600302186096087, 516199.288976893760264 ], [ 297764.535475917160511, 515751.118356328457594 ], [ 296954.468264198047109, 515302.944115558580961 ], [ 296206.156011608138215, 514856.529883958166465 ], [ 295457.841930561640766, 514410.112270887300838 ], [ 294709.526021555066109, 513963.691146999364719 ], [ 293961.208286150358617, 513517.266825295344461 ], [ 293212.888724258984439, 513070.838955208892003 ], [ 292464.56733722408535, 512624.407739142014179 ], [ 292366.478789001354016, 512565.889554561581463 ], [ 292317.090721976128407, 512536.425407753325999 ], [ 291716.244014488358516, 512177.973048038897105 ], [ 290932.271954136434942, 511653.627502194081899 ], [ 290148.298226012964733, 511129.277688179397956 ], [ 289364.322612360585481, 510604.923582366842311 ], [ 288580.345339651801623, 510080.565270523831714 ], [ 287796.366189754044171, 509556.202618421812076 ], [ 287012.385277868015692, 509031.83560154895531 ], [ 286347.549110729771201, 508470.50203212397173 ], [ 285682.712177659850568, 507909.164611946907826 ], [ 285017.87459747842513, 507347.823100836540107 ], [ 284353.036379237775691, 506786.477701351395808 ], [ 283688.197420069598593, 506225.128284499398433 ], [ 283023.357839676144067, 505663.774941941024736 ], [ 282444.192033575847745, 504921.000139511656016 ], [ 281966.506470466963947, 504357.124318279617 ], [ 281717.322845908114687, 503744.513052800612058 ], [ 281468.140896300086752, 503131.90011205454357 ], [ 280992.105049605597742, 502364.508563942275941 ], [ 280744.716920570645016, 501598.703908847295679 ], [ 280522.858992394409142, 500833.934509278566111 ], [ 280451.472234429093078, 500298.808992967475206 ], [ 279450.053885779110715, 495736.921732544025872 ], [ 279152.290907341870479, 494818.610778552945703 ], [ 278878.457107473746873, 494129.183809435518924 ], [ 278452.607291960681323, 493464.500865712354425 ], [ 278126.414110578247346, 492914.576154861075338 ], [ 277800.222076108912006, 492364.64950854604831 ], [ 277387.81458900636062, 491546.741102109779604 ], [ 276975.409879902843386, 490728.828979770478327 ], [ 276473.691506885981653, 489935.493773147522006 ], [ 276190.128656943095848, 489487.108349716698285 ], [ 275971.975129288504831, 489142.154249348968733 ], [ 275528.940241299918853, 488434.377549558179453 ], [ 275085.907134687702637, 487726.59740896418225 ], [ 274642.875712950655725, 487018.813817368645687 ], [ 272732.920105045544915, 484432.497795863018837 ], [ 271348.182345038279891, 482715.222856838139705 ], [ 269787.755083650466986, 480921.000283179339021 ], [ 266713.149856136762537, 477662.04174321598839 ], [ 265297.534166211495176, 476491.887932639743667 ], [ 265290.380746008595452, 476485.974981374922208 ], [ 264440.54064859013306, 475783.512906979536638 ], [ 262747.868513745022938, 474445.383853951585479 ], [ 261256.8443882635911, 473362.216942540486343 ], [ 259509.537720694206655, 472379.332919323234819 ], [ 258596.728454159252578, 471989.221307466970757 ], [ 257734.314701212540967, 471752.729965525562875 ], [ 256802.318181887239916, 471750.434433742659166 ], [ 255870.316325966443401, 471748.138962770870421 ], [ 254938.309334597433917, 471745.843330525734928 ], [ 254006.296966058434919, 471743.547758701024577 ], [ 253074.279421800776618, 471741.252135818358511 ], [ 252142.256459735683165, 471738.956572949246038 ], [ 251210.228281055373373, 471736.660847982740961 ], [ 250278.194643951050239, 471734.365182590554468 ], [ 249578.452869730943348, 471702.675321813730989 ], [ 248878.707959022955038, 471670.985154727241024 ], [ 246945.965825905994279, 471551.678782642120495 ], [ 246374.405511064542225, 471495.295981387956999 ], [ 245802.843056571786292, 471438.912828908243682 ], [ 244963.795007315551629, 471253.346801965148188 ], [ 244075.717536027601454, 471015.939210905344225 ], [ 241538.852305947366403, 470204.912447335023899 ], [ 240798.390108428837266, 469877.265397169801872 ], [ 240057.925067924137693, 469549.615318178664893 ], [ 239317.457179930031998, 469221.962086312531028 ], [ 238576.986440273205517, 468894.305688060296234 ], [ 237836.512845175049733, 468566.646220560185611 ], [ 236974.271686590043828, 468238.064169995952398 ], [ 236112.026327019557357, 467909.478429589769803 ], [ 235249.776868483051658, 467580.888980651274323 ], [ 234387.523302004672587, 467252.295804825378582 ], [ 233525.265507448290009, 466923.698884141806047 ], [ 232879.598161359899677, 466638.046741580648813 ], [ 232233.928531925543211, 466352.392116765200626 ], [ 231459.155510801181663, 466166.718061164196115 ], [ 230684.378699133114424, 465981.042162430996541 ], [ 229770.585287364257965, 465743.80929974745959 ], [ 229148.488176452054176, 465547.161790617159568 ], [ 228526.388772459118627, 465350.512678150029387 ], [ 227865.246941385848913, 465280.674110587278847 ], [ 227204.10221426008502, 465210.83486634545261 ], [ 226314.55359025899088, 465100.791308221174404 ], [ 225424.999598213413265, 464990.746462117589545 ], [ 222193.415323628403712, 464935.75829322298523 ], [ 221543.754621088562999, 464993.165138449403457 ], [ 220894.090971774130594, 465050.572493119747378 ], [ 220321.90101148415124, 465019.777904104848858 ], [ 219749.708805823756848, 464988.983078326156829 ], [ 218916.819745228800457, 464898.748611637216527 ], [ 218083.925911287835333, 464808.513115357316565 ], [ 217251.027290023164824, 464718.276584779145196 ], [ 216418.12386747210985, 464628.039015130198095 ], [ 215610.931820188474376, 464505.936264072137419 ], [ 214803.735197977803182, 464383.831981617899146 ], [ 213996.534211857360788, 464261.726492982299533 ], [ 213189.328626297996379, 464139.619460942863952 ], [ 211540.580198087089229, 463949.980441345542204 ], [ 211533.514695386227686, 463949.167811086750589 ], [ 208130.35207550652558, 463557.830563190917019 ], [ 202126.220164645463228, 463145.50572948140325 ], [ 200090.387811498949304, 463025.234125379589386 ], [ 199233.807007559691556, 462983.390927969769109 ], [ 198377.22076467750594, 462941.547194043349009 ], [ 197520.628956103639212, 462899.70292158430675 ], [ 196664.031788406311534, 462857.858107515552547 ], [ 195807.429134836711455, 462816.0127498509828 ], [ 194950.820868627051823, 462774.166846621898003 ], [ 194067.498492260987405, 462729.545697355701122 ], [ 193184.170368851278909, 462684.923810915963259 ], [ 192300.836260217241943, 462640.301517387037165 ], [ 191417.496148056990933, 462595.678482141927816 ], [ 190534.150127092143521, 462551.054923431656789 ], [ 189650.798179777048063, 462506.430727912462316 ], [ 188767.440288977755699, 462461.805892909469549 ], [ 187890.790258307242766, 462475.557510191691108 ], [ 187014.13428413704969, 462489.309258236840833 ], [ 186137.47223883040715, 462503.061248846701346 ], [ 185260.804327369143721, 462516.813371312280651 ], [ 184384.130533209419809, 462530.565736982331146 ], [ 183507.450616850692313, 462544.318236797989812 ], [ 182630.764672908873763, 462558.070981677388772 ], [ 181658.037670169898774, 462564.294292794947978 ], [ 180685.30327358370414, 462570.517685427388642 ], [ 179712.561348963528872, 462576.741160386533011 ], [ 178739.811873188300524, 462582.964718007890042 ], [ 177767.054934297280852, 462589.188358240993693 ], [ 177207.475805764493998, 462571.337377556366846 ], [ 176647.894145920989104, 462553.48627941502491 ], [ 175811.701218394038733, 462112.761492311139591 ], [ 175191.27799793286249, 461724.919011895428412 ], [ 174570.85293043294223, 461337.072648798872251 ], [ 174128.834533852874301, 460964.061138684628531 ], [ 173686.815696114092134, 460591.047002780076582 ], [ 173131.875430721382145, 460038.596583045553416 ], [ 172576.935053132474422, 459486.141212585323956 ], [ 171989.343841274268925, 458776.271936879202258 ], [ 171738.369271008472424, 458473.064967327285558 ], [ 171401.753795362426899, 458066.395795305201318 ], [ 170814.165155683411285, 457356.51298987591872 ], [ 167840.723573121766094, 453969.550641336187255 ], [ 166869.288067626126576, 453071.076131211535539 ], [ 166093.377521354123019, 453141.140418775379658 ], [ 165317.462098519143183, 453211.205496841866989 ], [ 164541.541677377535962, 453281.271590330405161 ], [ 164270.068393652152736, 452472.592426916293334 ], [ 163998.599954980716575, 451663.909684519283473 ], [ 163826.934455021691974, 451532.83307125873398 ], [ 163187.012072103505488, 451614.941003845247906 ], [ 162609.523175347421784, 450941.072565803769976 ], [ 162032.035283032397274, 450267.19765711639775 ], [ 161454.548410118441097, 449593.316260793537367 ], [ 160877.062571467948146, 448919.428359906945843 ], [ 160861.413515597581863, 448306.796997452620417 ], [ 160845.767648361623287, 447694.16555952897761 ], [ 160856.650101733976044, 447632.136068637715653 ], [ 161012.80171106668422, 446737.144123905047309 ], [ 161168.959875147033017, 445842.154539334820583 ], [ 160552.936010932957288, 444603.582928472082131 ], [ 159918.849518020986579, 444087.541607958555687 ], [ 159284.761796663573477, 443571.494691848987713 ], [ 158650.672965220175683, 443055.442385523114353 ], [ 158372.109150227392092, 442586.582789265026804 ], [ 158093.546579812595155, 442117.720986697240733 ], [ 157166.125721686810721, 441748.15078871732112 ], [ 156832.52446072222665, 440864.439621904573869 ], [ 155440.69552835059585, 438896.471204538014717 ], [ 153386.480313364241738, 435992.166676098946482 ], [ 152823.315199624281377, 435196.005272065114696 ], [ 152260.152741621481255, 434399.836138503975235 ], [ 151696.993072882934939, 433603.659255906764884 ], [ 151289.910932350729126, 433028.131070731964428 ], [ 151281.795827156107407, 433016.65812146110693 ], [ 151133.836104994057678, 432807.474716272612568 ], [ 150570.681971506623086, 432011.282500088855159 ], [ 150007.530471532081719, 431215.082367702154443 ], [ 149444.381739869713783, 430418.874631701910403 ], [ 148881.235686849511694, 429622.659051993105095 ], [ 148318.09244598186342, 428826.435609050851781 ], [ 147754.951929282862693, 428030.204505644855089 ], [ 147191.814269445836544, 427233.965500830614474 ], [ 146628.679266857623588, 426437.718687064072583 ], [ 142066.249992391036358, 419987.914844418468419 ], [ 141488.778118461137637, 419171.709418577724136 ], [ 140911.309127580199856, 418355.495759072888177 ], [ 140333.843042966502253, 417539.273623889137525 ], [ 139756.380000742617995, 416723.043213460594416 ], [ 139178.919912952405866, 415906.804286233964376 ], [ 138601.462804468814284, 415090.557043003791478 ], [ 138024.008587739488576, 414274.301352939859498 ], [ 137446.557509288366418, 413458.037194600736257 ], [ 136869.109259487013333, 412641.764548688137438 ], [ 136291.66408487415174, 411825.483393780596089 ], [ 135714.221899121999741, 411009.19393112504622 ], [ 135136.782613842340652, 410192.895808448316529 ], [ 134559.346476364531554, 409376.589225773815997 ], [ 133981.913288300158456, 408560.274163340160158 ], [ 133404.483073333278298, 407743.950489882845432 ], [ 132827.055967160791624, 406927.618295088293962 ], [ 132249.63177138363244, 406111.277559239999391 ], [ 131672.21073253051145, 405294.92826094845077 ], [ 131094.79265223024413, 404478.570380464545451 ], [ 130517.377554134523962, 403662.203786465572193 ], [ 130072.077802192070521, 403032.615480898646638 ], [ 129939.965574342932086, 402845.828679426806048 ], [ 129362.556625304569025, 402029.444928481825627 ], [ 124790.33598465367686, 395565.956789291754831 ], [ 124224.689575688680634, 394766.46927714854246 ], [ 123659.046011040627491, 393966.973251055751462 ], [ 123093.405536244565155, 393167.468801579845604 ], [ 122527.767951832327526, 392367.956020968558732 ], [ 121962.133390792296268, 391568.434667987050489 ], [ 121396.501765348773915, 390768.90494519600179 ], [ 120830.87320891750278, 389969.366722139297053 ], [ 120265.247522018966265, 389169.820091027533635 ], [ 119699.624948950426187, 388370.264810253982432 ], [ 119134.005291005538311, 387570.701193515909836 ], [ 118568.388680866570212, 386771.128888850915246 ], [ 118002.775142344587948, 385971.548209159052931 ], [ 117437.164585552120116, 385171.95880331954686 ], [ 116871.557034307683352, 384372.36098421108909 ], [ 116305.95251043047756, 383572.754511024570093 ], [ 115740.351036911713891, 382773.139475181757007 ], [ 115174.752636379678734, 381973.515857359685469 ], [ 114609.157220128923655, 381173.883638633822557 ], [ 114043.564810809388291, 380374.242799693602137 ], [ 113471.709308081364725, 379565.627823155315127 ], [ 112899.856849313247949, 378757.004062842635904 ], [ 112328.007568819448352, 377948.371387627965305 ], [ 111756.161489959340543, 377139.729777555970941 ], [ 111184.318525213748217, 376331.079323782294523 ], [ 110612.478586668614298, 375522.420006750209723 ], [ 110040.641920293855947, 374713.751805668987799 ], [ 109468.808438153588213, 373905.074700976489112 ], [ 108896.977940664684866, 373096.388562770618591 ], [ 108325.150785867299419, 372287.693591342656873 ], [ 107753.326662451203447, 371478.989546431985218 ], [ 107181.5058172015124, 370670.276628780295141 ], [ 106609.688050500641111, 369861.5547084651771 ], [ 106037.873608279216569, 369052.823764708067756 ], [ 105466.062180070963223, 368244.083778772677761 ], [ 104894.254123137332499, 367435.334729437308852 ], [ 104322.449127322353888, 366626.576708691893145 ], [ 103750.647327316342853, 365817.809696213051211 ], [ 103178.84885743050836, 365009.033560835989192 ], [ 102607.053518411761615, 364200.248283403459936 ], [ 102035.261334008653648, 363391.453954695141874 ], [ 101463.472438949916977, 362582.650554358318914 ], [ 100891.686745279701427, 361773.838062831375282 ], [ 100319.90438730531605, 360965.016348981531337 ], [ 99748.12516655784566, 360156.185615151247475 ], [ 99176.349105614877772, 359347.345619841304142 ], [ 98604.576450909255072, 358538.496453099651262 ], [ 98032.80700316146249, 357729.638095692149363 ], [ 97461.040786162600853, 356920.770638464367948 ], [ 96889.277822483330965, 356111.893839913245756 ], [ 96317.518024973222055, 355303.007901983859483 ], [ 95745.761639692704193, 354494.112803923373576 ], [ 95174.008466533443425, 353685.20830502937315 ], [ 94602.258641001651995, 352876.294606498966459 ], [ 94030.511963857570663, 352067.371689127699938 ], [ 93458.768680691486225, 351258.439421427086927 ], [ 92887.028703996678814, 350449.497894555563107 ], [ 92315.291945373057388, 349640.546978211321402 ], [ 91608.276545156084467, 348948.057149576372467 ], [ 90901.260963734064717, 348255.557471245992929 ], [ 90404.282843255321495, 347768.776220460771583 ], [ 90401.749889841245022, 347766.295183415990323 ], [ 90194.2452173801139, 347563.047806408081669 ], [ 89487.229211719648447, 346870.528240208048373 ], [ 88780.213074799219612, 346177.99874622799689 ], [ 88073.196711866185069, 345485.459298801375553 ], [ 87366.180028220580425, 344792.90987229970051 ], [ 86659.163263213820755, 344100.35043989866972 ], [ 85952.146210790262558, 343407.780976366950199 ], [ 85245.128999325388577, 342715.2015660260804 ], [ 84538.111533697345294, 342022.61207246145932 ], [ 83831.093941929400899, 341330.012469270732254 ], [ 83124.076018324063625, 340637.402841952047311 ], [ 82417.058001838857308, 339944.783052911807317 ], [ 81710.039798187848646, 339252.153187294839881 ], [ 81003.021312625554856, 338559.513219463697169 ], [ 80296.002561430679634, 337866.863012591260485 ], [ 79588.983673345646821, 337174.202761789783835 ], [ 78881.964552917575929, 336481.532219886372332 ], [ 73191.969399400986731, 330907.948416082886979 ], [ 72476.489763553021476, 330207.222061219625175 ], [ 71761.009753848833498, 329506.485120022844058 ], [ 71045.529610284138471, 328805.737564704788383 ], [ 70330.049238691339269, 328104.97936869453406 ], [ 69750.893720355583355, 327537.732388548960444 ], [ 69614.568656335235573, 327404.210505031980574 ], [ 68899.087880812876392, 326703.431057529407553 ], [ 68183.60681722976733, 326002.640778012166265 ], [ 67468.125594938348513, 325301.839860714913812 ], [ 66752.644008429371752, 324601.028279416204896 ], [ 66037.162297338654753, 323900.205895616265479 ], [ 65321.680367885448504, 323199.372793479298707 ], [ 64606.198236903408542, 322498.528835247387178 ], [ 63890.71592206339119, 321797.674104741832707 ], [ 63175.233217780245468, 321096.808575761562679 ], [ 62459.750475494423881, 320395.93222017143853 ], [ 61744.267378255666699, 319695.045012161484919 ], [ 61028.784054701565765, 318994.146924369444605 ], [ 60313.300633492995985, 318293.237929426133633 ], [ 59597.816909030894749, 317592.318001107138116 ], [ 58882.332898972847033, 316891.387223278172314 ], [ 58166.848731587000657, 316190.445457746041939 ], [ 57451.364313087367918, 315489.492788717732765 ], [ 56735.879660336184315, 314788.529078441497404 ], [ 56020.394902365456801, 314087.554410310287494 ], [ 55304.909833243233152, 313386.568647351814434 ], [ 54589.424470947240479, 312685.571984196547419 ], [ 54586.66615834645927, 311884.245571481529623 ], [ 54583.914918031252455, 311082.919209434534423 ], [ 54581.170749285840429, 310281.592676346248481 ], [ 54578.433652915002313, 309480.266193660267163 ], [ 54575.119693071232177, 308507.270807483640965 ], [ 54571.816159818088636, 307534.27527359186206 ], [ 54568.523053986893501, 306561.279813407920301 ], [ 54565.240374532528222, 305588.284094248025212 ], [ 54561.968122657039203, 304615.288448331179097 ], [ 54558.706297693192028, 303642.292653769545723 ], [ 54555.45490009180503, 302669.296821164956782 ], [ 54552.21392993099289, 301696.300950272066984 ], [ 54548.983386920415796, 300723.304930056387093 ], [ 54545.763271873060148, 299750.308981896145269 ], [ 54542.553584132518154, 298777.312883954495192 ], [ 54539.354323779291008, 297804.316635998722631 ], [ 54536.16549125558231, 296831.320348598994315 ], [ 54532.987086998939048, 295858.324132331414148 ], [ 54529.819110001553781, 294885.327654537395574 ], [ 54526.661561422981322, 293912.331247404334135 ], [ 54523.704162820009515, 292998.082632131117862 ], [ 54523.514440619677771, 292939.334689088515006 ], [ 54520.377748027211055, 291966.338090179080609 ], [ 54517.251483720436227, 290993.341450436855666 ], [ 54514.135647773917299, 290020.344769591756631 ], [ 54511.030239909421653, 289047.347936659236439 ], [ 54507.935260556696448, 288074.351062183908653 ], [ 54504.850709789781831, 287101.35414593963651 ], [ 54501.776587682368699, 286128.357187687419355 ], [ 54498.712893959891517, 285155.360076398996171 ], [ 54495.659629393252544, 284182.363033439905848 ], [ 54492.616793360561132, 283209.365836979413871 ], [ 54489.584386282833293, 282236.368597599735949 ], [ 54486.562407888937742, 281263.371204247116111 ], [ 54483.550858939823229, 280290.373878300189972 ], [ 54480.549738821806386, 279317.376397902611643 ], [ 54477.559090787835885, 278344.392834881844465 ], [ 54474.578871772740968, 277371.409227777214255 ], [ 54471.609081847709604, 276398.425576330861077 ], [ 54468.649721084279008, 275425.441880335565656 ], [ 54465.700789218069986, 274452.458028737397399 ], [ 54462.762286991637666, 273479.474242895084899 ], [ 54459.834213806025218, 272506.490301011246629 ], [ 54456.916570066707209, 271533.506313622114249 ], [ 54454.009355844114907, 270560.522280520992354 ], [ 54451.112571207340807, 269587.538201449904591 ], [ 54448.226215898175724, 268614.553965380357113 ], [ 54445.350290643516928, 267641.569793690519873 ], [ 54442.484794856980443, 266668.585464543139096 ], [ 54439.629728935891762, 265695.601088520663325 ], [ 54436.785092948994134, 264722.616665358596947 ], [ 54433.95088696439052, 263749.63219485594891 ], [ 54431.127111050009262, 262776.647676761203911 ], [ 54428.31376527401153, 261803.663110847934149 ], [ 54425.510849385056645, 260830.678386062907521 ], [ 54422.718364089669194, 259857.693723820382729 ], [ 54419.936308818520047, 258884.708902253274573 ], [ 54417.164683957293164, 257911.724031924386509 ], [ 54414.403489886259194, 256938.739223415468587 ], [ 54412.150707289110869, 256142.171260630799225 ], [ 54412.114159396558534, 256129.227774510305608 ], [ 54411.652726043539587, 255965.754254889907315 ], [ 54408.912392809870653, 254992.769236923195422 ], [ 54406.182490251550917, 254019.784169263730291 ], [ 54403.46301812492311, 253046.798940889391815 ], [ 54400.753977115498856, 252073.81377317145234 ], [ 54398.055366977467202, 251100.828555081621744 ], [ 54395.367187470954377, 250127.84317557857139 ], [ 54385.603029999067076, 248164.241909439268056 ], [ 54378.527379972569179, 247173.625818565458758 ], [ 54371.462489568279125, 246183.009583130304236 ], [ 54364.40847063192632, 245192.393202613369795 ], [ 54362.85489127173787, 244974.011720685841283 ], [ 54357.365323571313638, 244201.776676748995669 ], [ 54350.332937000028323, 243211.15989478683332 ], [ 54343.311311882222071, 242220.543078105925815 ], [ 54336.300559816125315, 241229.926115325652063 ], [ 54329.300569384824485, 240239.308895686175674 ], [ 54322.311452776251826, 239248.691529488947708 ], [ 54308.365619848191272, 237267.456467706011608 ], [ 54301.408904021314811, 236276.838660845009144 ], [ 54294.463063845585566, 235286.220817210880341 ], [ 54287.527987640176434, 234295.602715240995167 ], [ 54280.603787550760899, 233304.984465187648311 ], [ 54273.690352496982086, 232314.366067108290736 ], [ 54266.787682868540287, 231323.747520740027539 ], [ 54259.895890517451335, 230333.128825562191196 ], [ 54253.014864360447973, 229342.50998160961899 ], [ 54239.285335353401024, 227361.271956566080917 ], [ 54232.436833016283344, 226370.65266420217813 ], [ 54225.599098394799512, 225380.033222073630895 ], [ 54218.772131877078209, 224389.413629886112176 ], [ 54211.956045315833762, 223398.793887171224924 ], [ 54205.150839115434792, 222408.173993625707226 ], [ 54198.356402158911806, 221417.55394933820935 ], [ 54191.572734821471386, 220426.933754014375154 ], [ 54184.799837508413475, 219436.31340741016902 ], [ 54178.037822070822585, 218445.69290901964996 ], [ 54171.286688896710984, 217455.07225857701269 ], [ 54164.546327142161317, 216464.451566935749725 ], [ 54157.816736658045556, 215473.830612197343726 ], [ 54161.014363204769325, 214500.734268767293543 ], [ 54164.222373513213824, 213527.637873531872174 ], [ 54167.440879250701983, 212554.541647604841273 ], [ 54170.669768329011276, 211581.445480225782376 ], [ 54173.909151880186982, 210608.349370869080303 ], [ 54177.158918115484994, 209635.253319574054331 ], [ 54183.689820237341337, 207689.061389759619487 ], [ 54190.262472217087634, 205742.869799687759951 ], [ 54196.876871163316537, 203796.678436701360624 ], [ 54203.533014573156834, 201850.487409735244 ], [ 54206.87676740688039, 200877.391980069805868 ], [ 54210.230899557995144, 199904.296606113057351 ], [ 54213.595522385847289, 198931.201398211967899 ], [ 54216.970523603959009, 197958.106134768342599 ], [ 54220.356014853401575, 196985.011036901822081 ], [ 54223.751995546917897, 196011.915993597649503 ], [ 54227.158353858278133, 195038.821004838566296 ], [ 54230.575089429388754, 194065.726070395525312 ], [ 54234.002313665172551, 193092.631300616048975 ], [ 54237.44002575421473, 192119.536473634419963 ], [ 54240.888114325178321, 191146.441811091819545 ], [ 54244.346690324542578, 190173.347201694821706 ], [ 54247.815641878114548, 189200.252645449509146 ], [ 54245.765787410200574, 188215.021470657084137 ], [ 54243.726632043719292, 187229.7903421628871 ], [ 54241.698175598343369, 186244.55914889939595 ], [ 54239.680417899100576, 185259.327779816812836 ], [ 54237.673359450127464, 184274.096456293162191 ], [ 54235.677000298746862, 183288.865178101405036 ], [ 54233.691340046003461, 182303.633723357750569 ], [ 54231.716379188350402, 181318.402313435828546 ], [ 54229.752117551979609, 180333.170837311248761 ], [ 54227.79855518596014, 179347.939294716372387 ], [ 54225.855692139826715, 178362.707685434870655 ], [ 54223.923528679064475, 177377.47611998821958 ], [ 54222.002064418105874, 176392.244376575341448 ], [ 54220.091299837164115, 175407.012676519603701 ], [ 54218.204065600351896, 174428.452677492779912 ], [ 54218.19123498123372, 174421.781019617017591 ], [ 54216.301869470917154, 173436.54918400302995 ], [ 54214.423203778918833, 172451.317391039221548 ], [ 54212.555237739405129, 171466.085529669158859 ], [ 54210.697971399873495, 170480.853599650698015 ], [ 54208.851404807064682, 169495.621600785991177 ], [ 54207.015538213716354, 168510.389643584319856 ], [ 54205.190371458185837, 167525.157617001736071 ], [ 54203.375904586515389, 166539.925520853226772 ], [ 54201.572137847018894, 165554.693465635122266 ], [ 54199.779071080847643, 164569.461340322624892 ], [ 54197.996704333287198, 163584.229144679993624 ], [ 54196.225037649797741, 162598.996878484147601 ], [ 54194.464071272639558, 161613.764652269368526 ], [ 54192.713805046863854, 160628.532354985509301 ], [ 54190.97423901676666, 159643.299986415921012 ], [ 54189.259637932118494, 158666.221629328210838 ], [ 54187.555560743203387, 157689.14319982304005 ], [ 54185.862007492687553, 156712.06469764537178 ], [ 54184.178978223528247, 155734.986122584115947 ], [ 54182.506473166344222, 154757.907585186010692 ], [ 54180.844492360309232, 153780.82908522724756 ], [ 54179.193035469506867, 152803.750400856079068 ], [ 54177.552102910587564, 151826.671753452159464 ], [ 54175.921694536751602, 150849.593031952419551 ], [ 54174.30181057198206, 149872.514346966403536 ], [ 54172.6924508716329, 148895.435587393381866 ], [ 54171.093615476391278, 147918.356753072905121 ], [ 54169.505304606107529, 146941.27795450706617 ], [ 54167.927518118813168, 145964.199080689926632 ], [ 54166.36025623138994, 144987.120242186821997 ], [ 54164.803518628294114, 144010.041217145801056 ], [ 54163.257305876293685, 143032.962337735225447 ], [ 54161.721617487026379, 142055.883271333295852 ], [ 54160.196453847340308, 141078.804239281744231 ], [ 54158.681814992334694, 140101.725241369451396 ], [ 54157.177700616943184, 139124.646055725752376 ], [ 54155.684111100505106, 138147.566903755185194 ], [ 54154.201046477421187, 137170.487785183824599 ], [ 54153.410934532876126, 136647.090728265291546 ], [ 54153.326574859733228, 136591.089528053620597 ], [ 54152.728506614570506, 136193.408589005528484 ], [ 54151.266491715679877, 135216.329425766452914 ], [ 54149.815001485694665, 134239.25007363394252 ], [ 54148.374036453547888, 133262.170864769723266 ], [ 54146.943596164346673, 132285.091466533427592 ], [ 54145.523680978163611, 131308.012100316700526 ], [ 54144.114290928468108, 130330.932765845558606 ], [ 54142.715425889124162, 129353.853352113888832 ], [ 54141.304902520729229, 128361.101385274945642 ], [ 54139.905244750145357, 127368.349450492052711 ], [ 54138.516452610841952, 126375.597547492361628 ], [ 54137.138525829126593, 125382.845454475624138 ], [ 54135.771464749181177, 124390.093392765324097 ], [ 54134.415269403252751, 123397.341362120059785 ], [ 54133.069939674052875, 122404.58925148419803 ], [ 54131.73547574528493, 121411.837171417864738 ], [ 54130.411877501697745, 120419.08501087789773 ], [ 54129.09914497792488, 119426.33276959763316 ], [ 54127.797278353944421, 118433.580558162328089 ], [ 54126.506277516833507, 117440.828265478397952 ], [ 54125.226142643252388, 116448.076002137415344 ], [ 54123.956873763294425, 115455.323767885289271 ], [ 54122.698470767587423, 114462.571451653740951 ], [ 54121.450933689484373, 113469.819053213926964 ], [ 54120.21426269953372, 112477.066683113152976 ], [ 54118.988457690807991, 111484.314230295800371 ], [ 54117.77351883117808, 110491.561805315490346 ], [ 54116.587738210509997, 109513.958441469891113 ], [ 54115.412494697142392, 108536.355104122238117 ], [ 54114.247788318782113, 107558.751793060902855 ], [ 54113.093618971703108, 106581.1483972415881 ], [ 54111.949986685824115, 105603.544916440208908 ], [ 54110.816891746828333, 104625.941572022711625 ], [ 54109.694333797495347, 103648.338031342180329 ], [ 54108.582313121296465, 102670.73451575206127 ], [ 54107.480829744134098, 101693.131025040813256 ], [ 54106.389883691212162, 100715.52755895901646 ], [ 54105.309474744077306, 99737.923895648593316 ], [ 54104.239603296387941, 98760.320367302047089 ], [ 54103.180269130389206, 97782.716752086111228 ], [ 54102.131472392415162, 96805.113160553097259 ], [ 54101.093212989275344, 95827.509481652145041 ], [ 54100.065491064451635, 94849.905825960668153 ], [ 54099.048306526849046, 93872.302082434165641 ], [ 54098.041659516922664, 92894.698361656293855 ], [ 54097.045550058071967, 91917.094663365016459 ], [ 54096.059978061763104, 90939.490876553871203 ], [ 54095.084943664202001, 89961.88711175606295 ], [ 54094.120446779357735, 88984.283257933464483 ], [ 54093.166487540118396, 88006.679425682101282 ], [ 54092.223065968661103, 87029.07561472748057 ], [ 54091.290181981574278, 86051.471714082043036 ], [ 54090.36783570778789, 85073.867834253673209 ], [ 54089.456027065753005, 84096.263864223263226 ], [ 54088.554756282945164, 83118.660025369201321 ], [ 54087.66402307577664, 82141.055985044600675 ], [ 54086.783827769162599, 81163.452075429158867 ], [ 54085.914170183881652, 80185.848074658468249 ], [ 54085.033752607356291, 79183.855697217673878 ], [ 54084.164405229268596, 78181.863339947914938 ], [ 54083.306128071155399, 77179.871002547282842 ], [ 54082.458921060373541, 76177.878573971029255 ], [ 54081.622784312698059, 75175.886164803319843 ], [ 54080.79771784885088, 74173.893774764044792 ], [ 54079.983721599041019, 73171.901292778158677 ], [ 54079.180795674677938, 72169.908829417225206 ], [ 54078.388940008589998, 71167.916273631286458 ], [ 54077.608154794608708, 70165.923846736681298 ], [ 54076.83843987918226, 69163.931326894511585 ], [ 54076.079795284604188, 68161.938713869007188 ], [ 54075.332221114833374, 67159.946118174935691 ], [ 54074.595717387564946, 66157.953539563692175 ], [ 54073.870284121308941, 65155.960977793045458 ], [ 54073.15592133323662, 64153.968432595269405 ], [ 54072.452628963277675, 63151.975792933139019 ], [ 54071.841367755958345, 62268.006474221932876 ], [ 54071.760407108231448, 62149.983169321596506 ], [ 54071.079255710181314, 61147.990450748453441 ], [ 54070.409174862434156, 60145.997747716071899 ], [ 54069.750164653873071, 59144.00517078316625 ], [ 54069.102224883215968, 58142.012387310089252 ], [ 54068.548564463679213, 57271.928340629099694 ], [ 54068.465355783118866, 57140.019729432940949 ], [ 54067.839557228202466, 56138.026975294407748 ], [ 54067.226539360650349, 55138.846843798986811 ], [ 54066.624530009285081, 54139.666615485708462 ], [ 54066.033529322186951, 53140.486511666727893 ], [ 54065.453537182009313, 52141.306310480176762 ], [ 54064.884553669427987, 51142.126122480905906 ], [ 54064.326578736596275, 50142.945836633829458 ], [ 54063.779612520709634, 49143.765674269590818 ], [ 54063.243654913327191, 48144.585413545653864 ], [ 54062.718705989129376, 47145.405165004049195 ], [ 54062.204765703878365, 46146.224817584385164 ], [ 54061.701834184117615, 45147.044592649035621 ], [ 54061.216999693366233, 44162.422484203954809 ], [ 54060.742855422897264, 43177.800275796587812 ], [ 54060.279401438951027, 42193.178077998803928 ], [ 54059.826637752295937, 41208.555890568699397 ], [ 54059.384564373758622, 40223.933713264312246 ], [ 54058.953181265213061, 39239.311435048897692 ], [ 54058.532488534052391, 38254.689277270219463 ], [ 54058.122486095584463, 37270.067018077686953 ], [ 54057.723174006969202, 36285.444768068446137 ], [ 54057.334552277694456, 35300.822526968870079 ], [ 54056.95662091684062, 34316.200294524620404 ], [ 54056.589379933546297, 33331.578070537849271 ], [ 54056.232829296262935, 32346.955743921153044 ], [ 54055.886969055689406, 31362.33342525923581 ], [ 54055.551799256412778, 30377.711225111117528 ], [ 54055.227319831436034, 29393.088921620001202 ], [ 54054.913530826568604, 28408.466625351546099 ], [ 54054.610432215442415, 27423.844225268745504 ], [ 54054.318024073261768, 26439.221942713153112 ], [ 54054.036306372378021, 25454.599666660607909 ], [ 54053.765279089391697, 24469.977286068009562 ], [ 54053.504942291416228, 23485.355022276795353 ], [ 54053.255295926181134, 22500.732653449136706 ], [ 54053.016340029367711, 21516.110290169173823 ], [ 54052.788074606622104, 20531.487932157513569 ], [ 54052.570499663124792, 19546.865579209672433 ], [ 54052.363615203823429, 18562.243231065087457 ], [ 54052.167421233840287, 17577.620887481702084 ], [ 54051.981917757482734, 16592.998548198629578 ], [ 54051.807104760198854, 15608.376102198040826 ], [ 54051.656414328725077, 14706.813776247179703 ], [ 54051.64298228546977, 14623.75377084649881 ], [ 54051.489550316531677, 13639.131443069649322 ], [ 54051.346808841917664, 12654.509007849226691 ], [ 54051.214757882582489, 11669.886575763601286 ], [ 54051.093397454591468, 10685.264257315249779 ], [ 54050.982727533672005, 9700.641830697708428 ], [ 54050.88274814694887, 8716.019517277645718 ], [ 54050.793459274922498, 7731.397095185445323 ], [ 54050.714860930806026, 6746.774674993156623 ], [ 54050.646953116811346, 5762.15225646493036 ], [ 54050.589735834335443, 4777.529839365361113 ], [ 54050.543209089781158, 3792.907534215637497 ], [ 54050.507372873194981, 2808.285119202987971 ], [ 54050.482227191620041, 1823.662704879631974 ], [ 54050.467772045347374, 839.040291012485682 ], [ 54050.46400743490085, -145.582122636851949 ], [ 54050.470792109961621, -1118.813388153588448 ], [ 54050.488021392782684, -2092.04465391997519 ], [ 54050.515695282898378, -3065.275920201237568 ], [ 54050.553813780017663, -4038.507187205760147 ], [ 54050.602376882976387, -5011.738455179819539 ], [ 54050.661384590901434, -5984.969724369696451 ], [ 54050.730836902395822, -6958.200994990086656 ], [ 54050.810733815887943, -7931.432267274643891 ], [ 54050.901075329165906, -8904.663541475953025 ], [ 54051.001861440832727, -9877.894817802398393 ], [ 54051.113092134764884, -10851.125985705321 ], [ 54051.234767434129026, -11824.357267020877771 ], [ 54051.366887323849369, -12797.588551162512886 ], [ 54051.509451784484554, -13770.819727575346406 ], [ 54051.662460844672751, -14744.051018107960772 ], [ 54051.825914466346148, -15717.282201372638156 ], [ 54051.99981268303236, -16690.513499205557309 ], [ 54052.18415545130847, -17663.744690244246158 ], [ 54052.380965347285382, -18646.814914603994112 ], [ 54052.588432030694094, -19629.885032698559371 ], [ 54052.806555542978458, -20612.955266434200894 ], [ 54053.035335830412805, -21596.025394405205589 ], [ 54053.097987958812155, -21857.531185651227133 ], [ 54053.098096760339104, -21857.982594524146407 ], [ 54053.274772911390755, -22579.095527666166163 ], [ 54053.524866780498996, -23562.165666451561265 ], [ 54053.785617431800347, -24545.235811014816136 ], [ 54054.057024859124795, -25528.305961590413062 ], [ 54054.339089056302328, -26511.376118412845244 ], [ 54054.631810016930103, -27494.446281748168985 ], [ 54054.935187733790372, -28477.516451805589895 ], [ 54055.249222164216917, -29460.586518024763791 ], [ 54055.573913334461395, -30443.656591472779837 ], [ 54055.909261275024619, -31426.726783172984142 ], [ 54056.255265903077088, -32409.796871776041371 ], [ 54056.611927247140557, -33392.866968317910505 ], [ 54056.979245299415197, -34375.937073039181996 ], [ 54057.357220007863361, -35359.007075385889038 ], [ 54057.745851449202746, -36342.077197182334203 ], [ 54058.145139526459388, -37325.147217073048523 ], [ 54058.555084273742978, -38308.217246125372185 ], [ 54058.975685681449249, -39291.28728455484088 ], [ 54059.406943739741109, -40274.357332596031483 ], [ 54059.848858438723255, -41257.427390514734725 ], [ 54060.301429716404527, -42240.497347737989912 ], [ 54060.7646576645202, -43223.567426109118969 ], [ 54061.238542167353444, -44206.637404260138283 ], [ 54061.723083266289905, -45189.707393233009498 ], [ 54062.218280892819166, -46172.777282492483209 ], [ 54062.724135147524066, -47155.847293844002706 ], [ 54063.240645904443227, -48138.917205957484839 ], [ 54063.767813208105508, -49121.987129855806415 ], [ 54064.305637046287302, -50105.057065780012636 ], [ 54064.854117406299338, -51088.127013995857851 ], [ 54065.413254212005995, -52071.196863911492983 ], [ 54065.983047576039098, -53054.266837376388139 ], [ 54066.563497356954031, -54037.336713035248977 ], [ 54067.154603537928779, -55020.406491135145188 ], [ 54067.756366237998009, -56003.476393512930372 ], [ 54068.368785307917278, -56986.546198806878238 ], [ 54068.991860800015274, -57969.616018059175985 ], [ 54069.625592700671405, -58952.685851504167658 ], [ 54070.269980994751677, -59935.755699395092961 ], [ 54070.925025592441671, -60918.82545117168047 ], [ 54071.590726551134139, -61901.895217863224389 ], [ 54072.26708385522943, -62884.964999710631673 ], [ 54072.954097410838585, -63868.034686159408011 ], [ 54073.650738814030774, -64849.666172760400514 ], [ 54074.358005274494644, -65831.297564384978614 ], [ 54075.075896854279563, -66812.928972105743014 ], [ 54075.804413453210145, -67794.560285329556791 ], [ 54076.543555219541304, -68776.191725917538861 ], [ 54077.293321968871169, -69757.823072494298685 ], [ 54078.053713680361398, -70739.454325305807288 ], [ 54078.824730508204084, -71721.085706187950564 ], [ 54079.606372260022908, -72702.71699379045458 ], [ 54080.398639004619326, -73684.348299148143269 ], [ 54081.201530632097274, -74665.979511699246359 ], [ 54082.015047305205371, -75647.610853286023485 ], [ 54082.839188727492001, -76629.241991744478582 ], [ 54083.673955157748424, -77610.87325972369581 ], [ 54084.519346387533005, -78592.504435843584361 ], [ 54085.37536249140976, -79574.13563114986755 ], [ 54086.242003350809682, -80555.766735106590204 ], [ 54087.119269141112454, -81537.397969518206082 ], [ 54088.007159543572925, -82519.02900225839403 ], [ 54088.905674836190883, -83500.660165932713426 ], [ 54089.814814795274287, -84482.291239197336836 ], [ 54090.734579500684049, -85463.922333112088381 ], [ 54091.664968825352844, -86445.553337083692895 ], [ 54092.605982851120643, -87427.184362165950006 ], [ 54092.873279502324294, -87704.014817396440776 ], [ 54093.557621555926744, -88408.815408591937739 ], [ 54094.519884808396455, -89390.446365812866134 ], [ 54095.492772693512961, -90372.077344863253529 ], [ 54096.476285076874774, -91353.708235187863465 ], [ 54097.470422044745646, -92335.339147814855096 ], [ 54695.216957078489941, -93138.273357238111203 ], [ 55292.96668482455425, -93941.196847732469905 ], [ 55890.719470639829524, -94744.109973384736804 ], [ 56488.475513771816622, -95547.012423135529389 ], [ 57086.2346794558689, -96349.904440238213283 ], [ 57683.996944004902616, -97152.78582469408866 ], [ 58281.762395736470353, -97955.656819519717828 ], [ 58879.531011048122309, -98758.517335494441795 ], [ 59477.302766360342503, -99561.367283388201031 ], [ 60075.077638379298151, -100364.206795543635963 ], [ 60672.85560359118972, -101167.035893563981517 ], [ 61270.636638567724731, -101969.854598977472051 ], [ 61868.420831404160708, -102772.662933245112072 ], [ 62466.208158478490077, -103575.460807146373554 ], [ 63063.998596335004549, -104378.248242222864064 ], [ 63661.792121708451305, -105181.025370850693434 ], [ 64259.588822467601858, -105983.792103685118491 ], [ 64857.388452285144012, -106786.548573317602859 ], [ 65455.191322014841717, -107589.29457936102699 ], [ 66052.997185418498702, -108392.030365227648872 ], [ 66650.8061304508592, -109194.75584154871467 ], [ 67248.61824515304761, -109997.471029766602442 ], [ 67846.433394581719767, -110800.175951591067133 ], [ 76087.460651578905527, -121864.965850084394333 ], [ 76666.934247031691484, -122642.948205329419579 ], [ 77246.410614633467048, -123420.921173124326742 ], [ 77825.889955913065933, -124198.884662030570325 ], [ 78405.371915004157927, -124976.838692124991212 ], [ 78984.856805228278972, -125754.783393401434296 ], [ 79564.344493609736674, -126532.718674881150946 ], [ 80143.834958763851319, -127310.644556183149689 ], [ 80723.328179378993809, -128088.561056976817781 ], [ 81302.824245724710636, -128866.468307495641056 ], [ 81882.323136233258992, -129644.366105881126714 ], [ 82461.824718293908518, -130422.254693439172115 ], [ 83041.329081937787123, -131200.133978901838418 ], [ 83620.836317188630346, -131978.003871013468597 ], [ 84200.346291344380006, -132755.864500298484927 ], [ 84779.858983075304423, -133533.715886420395691 ], [ 85368.344184998888522, -134318.433568545646267 ], [ 85956.832214305351954, -135103.14185609811102 ], [ 86545.322937277553137, -135887.840548125561327 ], [ 87133.816443658026401, -136672.529886461328715 ], [ 87722.312711335602216, -137457.209780757519184 ], [ 88310.811718507728074, -138241.880362216732465 ], [ 88899.313554311636835, -139026.541429593606154 ], [ 89487.81797401222866, -139811.193114394176519 ], [ 90076.325178537459578, -140595.835436744760955 ], [ 90664.835145812656265, -141380.46830632747151 ], [ 91253.347854104358703, -142165.0919650826836 ], [ 91841.863281179510523, -142949.706211941083893 ], [ 92430.381405162625015, -143734.311178090661997 ], [ 93018.902203948353417, -144518.906773210939718 ], [ 93607.425767220091075, -145303.493128319911193 ], [ 94195.952072787389625, -146088.070153116073925 ], [ 94784.480987397546414, -146872.637978954415303 ], [ 95373.012600361253135, -147657.196515328454552 ], [ 95961.547001195198391, -148441.745782541547669 ], [ 96550.08394499035785, -149226.285801348858513 ], [ 97138.623744150041603, -150010.81659168418264 ], [ 97727.166153964470141, -150795.338285067147808 ], [ 98315.711152126430534, -151579.850680446630577 ], [ 98904.258939894381911, -152364.354019419377437 ], [ 99492.809383530577179, -153148.84810108365491 ], [ 100081.362461238226388, -153933.333056633680826 ], [ 100669.918151025369298, -154717.808906494668918 ], [ 101258.476542395947035, -155502.275670959323179 ], [ 101847.037613218359184, -156286.733259698754409 ], [ 102435.601341509551276, -157071.181693158316193 ], [ 103024.167705652187578, -157855.621213254984468 ], [ 103612.736683165072463, -158640.051508209755411 ], [ 104201.30836387508316, -159424.472819771908689 ], [ 104789.88261418993352, -160208.885057802835945 ], [ 105378.459412351367064, -160993.288353485782864 ], [ 105967.038959083613008, -161777.682616184902145 ], [ 106555.621120825235266, -162562.067755747266347 ], [ 108910.748399036179762, -165700.785779821744654 ], [ 112444.676524603739381, -170410.494869888469111 ], [ 114768.220155547664035, -173507.024957336689113 ], [ 117632.130046856123954, -177323.624825691076694 ], [ 117633.807613721699454, -178320.730932134174509 ], [ 117635.494584823085461, -179317.837095029623015 ], [ 117637.190959742350969, -180314.943093271052931 ], [ 117638.896738812676631, -181312.049148583115311 ], [ 117640.611921802686993, -182309.155150601465721 ], [ 117640.753422434907407, -182391.171919297747081 ], [ 117642.336508860520553, -183306.261210327560548 ], [ 117644.070499558991287, -184303.367106635821983 ], [ 117694.868135047494434, -184306.803553828212898 ], [ 118121.599250373838004, -183845.3808829288173 ], [ 118625.561066475580446, -182788.773017209401587 ], [ 118887.328832433500793, -182226.162044337601401 ], [ 119614.386195431929082, -181540.024166086164769 ], [ 119646.125633393006865, -181509.659699237701716 ], [ 119646.627405111503322, -181509.597940990148345 ], [ 119647.823786000313703, -181508.468784756580135 ], [ 120116.982010769890621, -181440.084440913662547 ], [ 120403.312541538267396, -182165.873422932054382 ], [ 120497.764889483689331, -182390.60280618732213 ], [ 120595.655382778728381, -182443.318183120369213 ], [ 120732.84271305357106, -182511.188540567294694 ], [ 121358.140128023340367, -181921.754610754898749 ], [ 121443.453897929866798, -181713.442608361248858 ], [ 121703.97984324832214, -181077.32215853658272 ], [ 121467.508725753985345, -180494.519819625886157 ], [ 120929.2027145192842, -180454.244887969165575 ], [ 120890.624271645967383, -180452.055329115944915 ], [ 120890.107558661024086, -180451.319863384094788 ], [ 120881.270386422751471, -180450.658718718012096 ], [ 120777.298149074544199, -180299.261514981015353 ], [ 120929.86119587009307, -179984.623189323232509 ], [ 121466.026549899193924, -178856.133410887501668 ], [ 121494.740425220457837, -178835.680271244345931 ], [ 121506.466207889432553, -178820.069351718149846 ], [ 122650.213752372481395, -177297.408398398256395 ], [ 123248.382818360463716, -176063.494248658244032 ], [ 123295.817566602607258, -175965.64713559919619 ], [ 123382.105245438287966, -175872.126804552070098 ], [ 123399.347544058051426, -175852.291793510987191 ], [ 123423.086407536873594, -175827.678428914194228 ], [ 123723.098355609050486, -175502.108412237867014 ], [ 125088.826766691287048, -174721.731151576939737 ], [ 128289.13725992012769, -169947.4958613824856 ], [ 129910.004510140046477, -167313.120174358336953 ], [ 131542.893566718441434, -164655.228842117619934 ], [ 132271.998306029767264, -163474.026445599360159 ], [ 132407.905760909430683, -163253.070521116635064 ], [ 132496.25727827672381, -163073.542953712749295 ], [ 133272.389773268834688, -161476.609094452462159 ], [ 134853.403928378480487, -159014.599723866762361 ], [ 135117.064806736889295, -158533.626240384124685 ], [ 136394.851317595457658, -156179.345569836092182 ], [ 137972.170767058443744, -154022.161960925936 ], [ 138007.65994536265498, -153893.405616638163337 ], [ 138008.539803916006349, -153888.115666133759078 ], [ 138025.931558981188573, -153827.115727332857205 ], [ 138288.950768576120026, -152872.895850616419921 ], [ 138321.049782166199293, -152838.839637298282469 ], [ 138340.29982369276695, -152813.264677584520541 ], [ 138419.976553659944329, -152733.881200695730513 ], [ 138527.905064110760577, -152619.372615756466985 ], [ 141078.76234167534858, -149912.312548511690693 ], [ 142615.496134675748181, -147449.366743228660198 ], [ 143190.131877739971969, -146525.95026382280048 ], [ 143974.855804539460223, -145264.969805717701092 ], [ 144796.287720615393482, -143836.562217395345215 ], [ 147402.266974235069938, -139286.973305995255942 ], [ 147686.692615690000821, -138787.392522870213725 ], [ 147762.156328188197222, -138629.810461081709946 ], [ 148030.794736614567228, -138055.59156002823147 ], [ 148382.810502257256303, -137303.150181349337799 ], [ 148385.647346643905621, -137293.257415512489388 ], [ 148675.717268297448754, -136281.713990460062632 ], [ 148535.133798041322734, -135405.885302837501513 ], [ 148428.528967519814614, -134741.756183813238749 ], [ 148206.877914481447078, -133360.794327453972073 ], [ 147264.234538687684108, -131234.324033346463693 ], [ 147459.875712273758836, -130595.782519100583158 ], [ 147452.587843151355628, -130002.040911349147791 ], [ 147451.983560135646258, -129984.619069643085822 ], [ 147271.450466453155968, -129732.861786786103039 ], [ 145620.735718746320345, -129140.273805906108464 ], [ 144458.585358135343995, -128722.801596853882074 ], [ 143657.086406502989121, -127739.768628600926604 ], [ 141589.015117951727007, -127255.21909092713031 ], [ 140782.004156070237514, -127391.073832988608046 ], [ 140415.398335102538113, -127589.606055300435401 ], [ 138449.312038085714448, -128666.553529153869022 ], [ 137633.884624515718315, -129235.118735846903292 ], [ 137202.282789238903206, -129542.830983276406187 ], [ 133947.830699894868303, -132445.578532965038903 ], [ 133907.078568147204351, -132492.929693650308764 ], [ 133818.74853901239112, -132567.36768130355631 ], [ 133146.927397879539058, -133831.827944616030436 ], [ 132834.749691648699809, -134399.838975158170797 ], [ 132746.528294439311139, -134562.127228707715403 ], [ 132624.798164085834287, -135126.505121273512486 ], [ 132506.849510311207268, -135695.32755790266674 ], [ 132494.103122770320624, -135756.799609224341111 ], [ 132482.839504205505364, -135839.625216774089495 ], [ 131300.938040473789442, -137098.003969996905653 ], [ 131302.562208043993451, -137091.572505010146415 ], [ 131295.837852451833896, -137098.749494236224564 ], [ 131594.695383226149715, -135934.797778977459529 ], [ 131876.247089000127744, -134819.980664793023607 ], [ 132344.183288477594033, -133697.653125555225415 ], [ 132365.670313039096072, -133673.195587329915725 ], [ 132380.733057959936559, -133647.399457115563564 ], [ 132795.284388899162877, -132937.456039994198363 ], [ 132948.277111314411741, -132669.777242950221989 ], [ 134979.202184464898892, -130345.072602888394613 ], [ 135031.799931956280489, -130284.71540888940217 ], [ 135032.226557484420482, -130284.380110929676448 ], [ 135040.290522058669012, -130275.150005591873196 ], [ 135523.691152280429378, -129898.146778102949611 ], [ 136872.873594238713849, -128837.871377427916741 ], [ 137881.79327126784483, -128330.003465561370831 ], [ 138013.290777677611914, -128263.318026681954507 ], [ 139882.111583631660324, -126675.816330948437098 ], [ 139961.833905295177829, -126608.145515901051112 ], [ 140068.953946457419079, -126505.583118735128664 ], [ 142024.23174985148944, -126727.653570690003107 ], [ 143366.650245767901652, -126878.026344429265009 ], [ 143457.25323185994057, -126769.756547572498675 ], [ 143816.176660646975506, -126325.705031411023811 ], [ 144253.516985510301311, -127236.530876193646691 ], [ 144419.039520191727206, -127578.159830449367291 ], [ 144457.554541062156204, -127624.196433325341786 ], [ 145219.640921128564514, -128526.852005458058557 ], [ 146199.359718387830071, -128877.097025306211435 ], [ 147403.196718264021911, -128963.577356306792353 ], [ 148430.917629301722627, -129685.376676648360444 ], [ 148969.146584695787169, -130549.608093421687954 ], [ 148902.18627400661353, -131468.575193878816208 ], [ 149059.396645407192409, -132164.319688053306891 ], [ 149434.809901659958996, -132893.300997097132495 ], [ 149577.910320633032825, -133163.998466573830228 ], [ 150285.429991739219986, -133845.276693299470935 ], [ 150863.773013263416942, -134108.108477520785527 ], [ 151140.811686855216976, -134137.701988342596451 ], [ 151169.82877846818883, -134139.767871081305202 ], [ 151470.652157594857272, -133998.66998747154139 ], [ 151999.017567173519637, -133741.951135245210025 ], [ 152003.941111027786974, -133748.53898575869971 ], [ 152004.97495108860312, -133748.054051663464634 ], [ 152170.984266653191298, -133972.050149271875853 ], [ 152271.45232611062238, -134106.480733619042439 ], [ 152312.308959418383893, -134153.72817466664128 ], [ 152339.557147616520524, -134194.234742197848391 ], [ 152338.185871805122588, -134197.45647489343537 ], [ 152341.691370318294503, -134202.176383508514846 ], [ 152259.358515600848477, -134382.65397171425866 ], [ 152244.610119831981137, -134417.304322845127899 ], [ 152156.463903043302707, -134640.366309093253221 ], [ 152204.205890325829387, -134989.68068764655618 ], [ 152370.567993984092027, -134900.758237632602686 ], [ 153516.102669687417801, -134273.954132322221994 ], [ 154020.083858885976952, -133881.986682819784619 ], [ 154219.295660503266845, -133721.587716777081368 ], [ 154820.180404216051102, -132900.219279783021193 ], [ 155878.74615551601164, -132022.330103062064154 ], [ 155907.407016843790188, -131936.467095451749628 ], [ 155941.009352554217912, -131832.203899838408688 ], [ 155957.210209907905664, -131784.545923537196359 ], [ 156007.458094280620571, -131636.732526473642793 ], [ 156074.867710928490851, -131434.787681237736251 ], [ 156012.234476302983239, -131174.030691377498442 ], [ 155940.790577523119282, -130876.592520114820218 ], [ 155635.209909257304389, -130880.258516311674612 ], [ 155385.993933794437908, -131002.04326739643875 ], [ 155164.982823070313316, -131116.919906956842169 ], [ 153385.449259064975195, -133010.677887273952365 ], [ 153380.792818800604437, -133008.414946604752913 ], [ 153370.583363577607088, -133019.31179806869477 ], [ 153012.093099315825384, -132845.495277896116022 ], [ 152778.493491143046413, -132473.684144538041437 ], [ 152726.38536790717626, -132390.745476230658824 ], [ 152770.347858506487682, -131805.006221415591426 ], [ 152866.136980173119809, -131585.695382126286859 ], [ 153111.155428582511377, -130997.611325276157004 ], [ 153133.553056740143802, -130997.586139576960704 ], [ 154036.83608870144235, -130222.967523532075575 ], [ 154181.771596454374958, -130098.636173768652952 ], [ 154200.985546858748421, -130081.167701060461695 ], [ 154563.321922264993191, -129444.779689245784539 ], [ 154799.25358421303099, -129028.17870231976849 ], [ 154813.91152123286156, -128976.310736441169865 ], [ 154829.324488217011094, -128914.772084208205342 ], [ 154944.606399264361244, -128513.840423233996262 ], [ 155310.294442932470702, -127219.88038751197746 ], [ 155335.26188183069462, -127194.312720806497964 ], [ 155357.836447532637976, -127164.341077569479239 ], [ 156047.715680159453768, -126464.73847845561977 ], [ 156818.723135186184663, -125675.219284474529559 ], [ 157551.43290683417581, -125259.442553387663793 ], [ 157928.40966720727738, -124847.822297581995372 ], [ 158020.165765089448541, -124641.057585846079746 ], [ 159563.010109678842127, -121164.57739947650407 ], [ 159567.486744920082856, -121160.973660514559015 ], [ 159567.68116114550503, -121160.534911541239126 ], [ 159590.483979513053782, -121142.460227579198545 ], [ 160621.698230763315223, -120312.311385093868012 ], [ 161428.525072887190618, -118775.140767067394336 ], [ 161616.449094758369029, -118417.779647302173544 ], [ 161616.92796035396168, -118391.158888224847033 ], [ 161646.671269093290903, -116738.178390574859804 ], [ 161868.853446821914986, -116201.244759047927801 ], [ 161895.939842156192753, -116162.598297622025711 ], [ 161901.956482240813784, -116152.114267707773251 ], [ 163592.877698863332625, -113738.690022287919419 ], [ 163653.912519776145928, -113562.984126974391984 ], [ 163786.025953219039366, -113260.687426285716356 ], [ 163891.383474605972879, -112997.169210975276656 ], [ 163778.245315666194074, -112777.786119023512583 ], [ 163578.433202392421663, -112390.334373207078897 ], [ 162606.487678127305117, -111994.780008794623427 ], [ 162548.968565132759977, -111855.964831746299751 ], [ 162182.656415464356542, -110983.670241429848829 ], [ 162328.282721892988775, -110049.713024693977786 ], [ 162422.632455707527697, -109427.464410637301626 ], [ 162390.025146599975415, -109129.370060781904613 ], [ 162336.486533474875614, -108639.908858967959532 ], [ 161934.372072416474111, -107879.011663684563246 ], [ 161914.125241935544182, -107823.451829990124679 ], [ 161825.996031804010272, -107653.392941395621165 ], [ 161781.383878203458153, -107459.189475225459319 ], [ 161744.074605182104278, -107356.80684557944187 ], [ 161547.456184324342757, -106537.668145886156708 ], [ 161550.374583489552606, -106474.019720425989362 ], [ 161688.897880957694724, -103534.164833662318415 ], [ 161847.563283301191404, -102882.183135307423072 ], [ 162197.985829915618524, -101442.303841152170207 ], [ 162141.941789647389669, -101010.443437954047113 ], [ 161776.650228781567421, -100277.015845041620196 ], [ 160645.289557706739288, -99348.963474214542657 ], [ 159865.045169599703513, -97959.020402036141604 ], [ 159223.268511150556151, -97483.262686200614553 ], [ 158668.8316932633752, -97439.35267978234333 ], [ 157967.244021275197156, -97743.561299343316932 ], [ 157827.265929294691887, -97804.855290246399818 ], [ 157216.458287370507605, -97786.544842977629742 ], [ 156602.928322734369431, -97564.677260167474742 ], [ 156214.84308542747749, -97035.013772342543234 ], [ 156363.316584280866664, -96677.127672236398212 ], [ 156375.473489893833175, -96675.912353213963797 ], [ 156399.942165403452236, -96673.46620350604644 ], [ 156403.262507136620115, -96666.136108288090327 ], [ 156403.245850436505862, -96645.867757081126911 ], [ 157246.490334076399449, -96577.615221502623172 ], [ 157913.208592277020216, -96874.334208928892622 ], [ 159076.156896448053885, -96907.161923166175256 ], [ 160348.300503574602772, -97426.326344349887222 ], [ 162532.980994997487869, -99505.315264751654468 ], [ 162621.515752346196678, -99660.623979065203457 ], [ 163023.275145888503175, -100302.083939510775963 ], [ 163309.76519882096909, -101342.223874828559929 ], [ 162381.399525257700589, -105153.259778372914298 ], [ 162599.790571919176728, -106038.071638705674559 ], [ 163539.358408903528471, -107307.312538090031012 ], [ 163805.233139270567335, -108050.200483908440219 ], [ 163764.839659782941453, -108502.867965600831667 ], [ 163052.3499028198421, -110185.688257124551455 ], [ 163120.94321116595529, -110827.419169237051392 ], [ 163386.600651069893502, -111313.585066054845811 ], [ 163747.184736172726844, -111502.41018406690273 ], [ 164167.588556389207952, -111347.031138982056291 ], [ 164539.284106976236217, -110916.349563562893309 ], [ 164976.426353786780965, -110409.520744037668919 ], [ 165126.440184787847102, -110231.077907100494485 ], [ 165875.589076379546896, -109555.179681507259374 ], [ 166766.032254007644951, -108740.169575160500244 ], [ 166788.216085450490937, -108731.803785085663549 ], [ 166797.892169757571537, -108723.074109856650466 ], [ 167905.906253787921742, -108289.733174141787458 ], [ 168154.026692357787397, -108032.58069156545389 ], [ 168860.417350377247203, -107290.714614785611047 ], [ 168950.118453573959414, -107086.991701238323003 ], [ 169479.684603577130474, -105884.301781792906695 ], [ 170209.174960697884671, -103128.53927816185751 ], [ 170268.421565451484639, -103067.854243366979063 ], [ 170787.097964528191369, -102536.588870215142379 ], [ 171760.761415957647841, -100998.774669347185409 ], [ 171770.369547059177421, -100989.758715581323486 ], [ 171782.412831444293261, -100970.376892169733765 ], [ 172672.518284516176209, -100138.759409408143256 ], [ 172772.036008884606417, -100049.83852316159755 ], [ 172968.515556943544652, -99865.462639878707705 ], [ 172980.854958319978323, -99863.255954409018159 ], [ 173005.470198276860174, -99841.261857587465784 ], [ 174038.59500639064936, -99653.795162556503783 ], [ 174072.500948188535403, -99472.886369312211173 ], [ 174297.456383192096837, -98272.65389590599807 ], [ 174386.325791012030095, -98122.020005298109027 ], [ 174796.150092653464526, -97427.373504179820884 ], [ 174850.844318798801396, -97292.233976258881739 ], [ 175513.014528526633512, -95656.192431945135468 ], [ 175513.028183854068629, -95656.130222393810982 ], [ 175716.230734755925369, -95154.078955678691273 ], [ 176006.33111952530453, -94437.342170832373085 ], [ 175922.554645982920192, -93802.460833204895607 ], [ 175637.047172198246699, -93348.024230933238869 ], [ 175099.675361053436063, -93099.961230106913717 ], [ 174150.788608149741776, -93296.747940684159403 ], [ 173042.551380708639044, -93864.655772756188526 ], [ 173021.194631837657653, -93876.433606004648027 ], [ 173018.461612559447531, -93877.000575979764108 ], [ 172997.40347162244143, -93887.791726405863301 ], [ 172159.875990815868136, -94075.688297352709924 ], [ 171259.981819854176138, -93297.765703092241893 ], [ 170870.191900663252454, -92655.240733413273119 ], [ 170662.531381215492729, -92312.836518162119319 ], [ 170577.865963588061277, -91627.1446139558102 ], [ 171064.416607968974859, -89790.184378775869845 ], [ 170826.745563251199201, -89080.795611081048264 ], [ 170314.854137442074716, -88832.46743159685866 ], [ 168689.802741590363439, -89105.80388329733978 ], [ 167441.035719098406844, -89622.233358697107178 ], [ 166959.233170034189243, -89827.779407142617856 ], [ 166944.8409902190906, -89827.438425001149881 ], [ 166917.589211695129052, -89838.708671626183786 ], [ 166103.233553957368713, -89822.727049686247483 ], [ 165284.80184883181937, -89476.226984242865001 ], [ 164983.627427202998661, -89194.021913326825597 ], [ 164641.287480956525542, -88873.243099209372303 ], [ 164069.765051354363095, -87913.483267475734465 ], [ 163907.217901187599637, -87075.938268284822698 ], [ 164015.76264163875021, -85523.178078841257957 ], [ 164776.926803054171614, -81114.297045298342709 ], [ 165048.930204917967785, -80449.795262591869687 ], [ 165084.950078932219185, -80394.314668237115256 ], [ 165248.492568883229978, -80142.414666143609793 ], [ 165268.955653172044549, -80136.576354667951819 ], [ 165279.506137330259662, -80121.236568618609454 ], [ 165544.678784958727192, -80046.749267228253302 ], [ 165973.287642752518877, -80309.932213935026084 ], [ 166307.416625141515397, -81660.817672983830562 ], [ 165195.452128049277235, -86431.021612481737975 ], [ 165304.842949922138359, -87241.614574966210057 ], [ 165999.080835509754252, -88058.535655970452353 ], [ 166577.276999123103451, -88281.047440331909456 ], [ 168005.275100943516009, -88178.67788746637234 ], [ 168692.353273787361104, -88522.706342166857212 ], [ 169317.950969494704623, -88488.475847369350959 ], [ 170031.597658792568836, -87967.799102064484032 ], [ 170364.830917668936308, -88001.336335654428694 ], [ 171144.662399694265332, -88034.458155144224293 ], [ 171496.821570599800907, -87674.135716140866862 ], [ 172764.132549626170658, -85166.857542861587717 ], [ 174095.111452585202642, -83727.044237874724786 ], [ 174121.613176107406616, -83594.600929274136433 ], [ 174334.859727445465978, -82528.921793911693385 ], [ 174352.536850053060334, -82507.434684445295716 ], [ 174352.694945195515174, -82506.599643794688745 ], [ 174355.606549022544641, -82503.703434405091684 ], [ 174410.693604572326876, -82436.743726584580145 ], [ 174736.163027114176657, -82041.128792206392973 ], [ 174737.077084535500035, -82041.016296058543958 ], [ 174753.574153965746518, -82019.968171596367029 ], [ 175215.938899750588462, -81965.622808136206004 ], [ 175264.124870222061872, -82850.501693535668892 ], [ 175264.160862892458681, -82904.542100603954168 ], [ 173749.333938185940497, -85229.317079749438562 ], [ 173681.403380736883264, -85330.690858095564181 ], [ 173349.032096239854582, -86526.581266357010463 ], [ 173349.046272700536065, -86546.84676214279898 ], [ 173124.948523880040739, -86979.333921095487312 ], [ 172303.363631810119841, -88695.735223212483106 ], [ 172194.698872761451639, -88884.959315848609549 ], [ 171462.222418120421935, -91520.036953024507966 ], [ 171551.102221319684759, -92161.719521538674599 ], [ 172170.778927418985404, -93323.152844180920511 ], [ 172636.814323640486691, -93356.346570890265866 ], [ 173514.415125361818355, -92482.798076810446219 ], [ 173536.063196670671459, -92478.283133964287117 ], [ 173557.320724527584389, -92457.447397236028337 ], [ 174957.877692387730349, -92159.180728521416313 ], [ 176583.008064337889664, -92124.204084734330536 ], [ 177963.547344169346616, -92386.62943438217917 ], [ 178704.681624054035638, -92345.555193791369675 ], [ 178881.037723496556282, -92254.773835832937039 ], [ 179145.142206202785019, -92103.148479456664063 ], [ 180641.763474616978783, -91236.356946547079133 ], [ 180897.318340184458066, -90994.226621338471887 ], [ 181328.050848190498073, -90584.9292701343511 ], [ 181329.214413803769276, -90585.021290435193805 ], [ 181355.231506913376506, -90560.371258109051269 ], [ 181640.83571864530677, -90593.940924515045481 ], [ 182246.36314533429686, -91113.618796223629033 ], [ 182543.97163582209032, -91067.411036158970091 ], [ 183611.457548983104061, -90163.496673148605623 ], [ 184446.496400680800434, -89451.881317043458694 ], [ 186127.32621752016712, -87756.121631397822057 ], [ 186950.860167107486632, -86449.39824804852833 ], [ 188129.173887298384216, -85036.870164779888 ], [ 188306.04684913624078, -84895.059187511826167 ], [ 189170.181724986585323, -84192.302304103504866 ], [ 189525.50213297380833, -83917.400677120007458 ], [ 189867.595933459466323, -83643.172283136344049 ], [ 190719.355713772412855, -82564.991033236627118 ], [ 190818.463581940741278, -82355.872719503197004 ], [ 191264.691150826518424, -81414.342394778868766 ], [ 191266.023402513703331, -81413.172767243551789 ], [ 192145.550375698541757, -80641.038736440284993 ], [ 192196.868201491422951, -80472.880215027311351 ], [ 192488.220722346450202, -79518.191253119293833 ], [ 192501.298157693818212, -79510.510195995477261 ], [ 192505.630077655252535, -79496.031849124497967 ], [ 192553.211549823055975, -79475.740730466815876 ], [ 193042.571096604980994, -79185.018542357065598 ], [ 194301.262706266832538, -79144.143670340316021 ], [ 194488.828291055746377, -78782.556237043201691 ], [ 194487.129166502098087, -78768.504344647546532 ], [ 194397.44952260190621, -78026.832945381582249 ], [ 194375.238057532231323, -77843.133674177865032 ], [ 194470.535571362182964, -77308.044899243555847 ], [ 194554.414194481505547, -77190.765939858436468 ], [ 195020.809691596892662, -76538.657749545716797 ], [ 195038.501081169000827, -76520.834209013046348 ], [ 195046.71389138820814, -76509.232555398979457 ], [ 195511.256379770988133, -76044.54883425841399 ], [ 197353.225638827658258, -74188.870380659631337 ], [ 198100.675997557060327, -73435.871462913535652 ], [ 198191.37371010298375, -73323.437142905808287 ], [ 199116.510742419224698, -71515.844779217150062 ], [ 201006.09256794990506, -69834.267951055066078 ], [ 201013.754735243099276, -69824.770221720493282 ], [ 201150.348647347127553, -69636.592684534058208 ], [ 201168.742375518835615, -69576.446592813372263 ], [ 201453.794782410259359, -68603.770707535688416 ], [ 201548.905937300238293, -68461.895458525672439 ], [ 202167.049381138815079, -67374.247281929972814 ], [ 203614.364237701927777, -65705.399132160629961 ], [ 204171.444268022896722, -64840.677869036844641 ], [ 205344.657331057067495, -63858.680335008888505 ], [ 205437.281311203667428, -63731.092596914037131 ], [ 205734.391212719550822, -63246.120828713574156 ], [ 206067.254739416821394, -62658.417927025941026 ], [ 206977.78329273610143, -61584.212857104263094 ], [ 207020.724596953776199, -61549.978763156330388 ], [ 207037.450038228125777, -61526.940762544647441 ], [ 207609.735306145215873, -61069.020773006726813 ], [ 208399.002117214782629, -60437.487539221066982 ], [ 209629.721978655084968, -59478.830348586736363 ], [ 210593.780255403078627, -57856.644792361083091 ], [ 210773.971251003677025, -57772.322301569081901 ], [ 210985.858173066808376, -57424.712614431860857 ], [ 211197.818892695649993, -57256.130305458988005 ], [ 211592.525297934538685, -56526.976385238303919 ], [ 211592.548674449091777, -56526.940748419510783 ], [ 211592.544887354364619, -56526.940749947643781 ], [ 212109.831389442726504, -55617.41204923937039 ], [ 212543.059083650296088, -55187.267825923641794 ], [ 212543.058796789904591, -55186.537248579094012 ], [ 212678.94429899926763, -54977.137101190943213 ], [ 212971.192528795509133, -54767.676529699943785 ], [ 213215.797218898893334, -54416.420402720068523 ], [ 213256.569094800332095, -54369.133005254967429 ], [ 213344.906005727360025, -54261.049427161939093 ], [ 213528.40938923205249, -54125.917192040193186 ], [ 213637.14404260442825, -54024.579367062498932 ], [ 213834.202806245477404, -53781.393497533703339 ], [ 214146.784883794491179, -53409.856719399802387 ], [ 214391.435015731665771, -53173.40785606377176 ], [ 214547.73527587170247, -53011.276427101372974 ], [ 214792.403251896146685, -52822.100181376255932 ], [ 214948.706137721892446, -52666.722677696932806 ], [ 214996.314205094473436, -52720.72904794014903 ], [ 215193.431744319037534, -52632.866748731947155 ], [ 215370.14925078075612, -52531.506233662992599 ], [ 215438.119356288167182, -52497.716219458976411 ], [ 215465.324940589605831, -52531.471016535120725 ], [ 215485.712182211922482, -52511.204563587889425 ], [ 215526.484285182319582, -52463.91859875946102 ], [ 215730.392143137229141, -52355.795631729910383 ], [ 215839.131883321213536, -52267.966966255487932 ], [ 215907.077083498064894, -52166.647517405290273 ], [ 215995.417126347660087, -52065.320706922575482 ], [ 216083.774479151295964, -52011.264618400622567 ], [ 216199.268183139560279, -51801.880948041078227 ], [ 216267.218535221822094, -51714.067875026426918 ], [ 216287.596129131736234, -51666.789729283482302 ], [ 216287.588780271005817, -51646.530935948532715 ], [ 216355.546544026234187, -51578.976783167643589 ], [ 216396.304158546845429, -51491.173755267904198 ], [ 216416.672070470405743, -51416.884098714785068 ], [ 216464.242592158785556, -51369.596356244808703 ], [ 216484.600735245854594, -51268.294846385215351 ], [ 216532.161591713142116, -51193.995502557845612 ], [ 216532.156741143262479, -51180.489553033861739 ], [ 216572.900074104778469, -51052.169142350016045 ], [ 216668.075251313683111, -51052.13506165571016 ], [ 216756.423076758510433, -50971.068298773199786 ], [ 216797.16898805211531, -50849.501179438957479 ], [ 216844.718001372122671, -50741.437413528044999 ], [ 216953.460519660380669, -50660.363725013536168 ], [ 217068.984584869234823, -50532.017398762625817 ], [ 217089.350490678567439, -50450.97524504539615 ], [ 217157.313485377060715, -50396.928002508459031 ], [ 217313.648148870503064, -50329.343917444617546 ], [ 217442.794767648854759, -50275.275210826308466 ], [ 217599.141188957146369, -50241.455904279777315 ], [ 217755.487460467615165, -50207.63659138631192 ], [ 217959.432448672072496, -50207.565083245877759 ], [ 217995.241842231771443, -50219.40805431859917 ], [ 218370.604912566603161, -49875.245404146902729 ], [ 218650.177355380554218, -49871.940069002637756 ], [ 218783.333674241148401, -50353.267067572342057 ], [ 218618.867244124703575, -51448.095819632027997 ], [ 218700.920671600673813, -51591.636743680188374 ], [ 218714.517315634293482, -51591.631859682776849 ], [ 218734.906760765239596, -51578.118792633875273 ], [ 218891.243999865953811, -51524.040087877052429 ], [ 219135.93938410730334, -51422.660217655895394 ], [ 219163.093234604166355, -51314.605438812010107 ], [ 219163.069163221633062, -51247.077374224594678 ], [ 219163.037917784240562, -51159.290812948704115 ], [ 219115.427225692663342, -51091.77953983326006 ], [ 219006.645507660112344, -51058.054059321555542 ], [ 218959.039583053265233, -51004.048409331262519 ], [ 218979.386119492410216, -50868.984762499014323 ], [ 219047.333729201171082, -50774.421279625668831 ], [ 219203.63781537435716, -50625.804189799455344 ], [ 219359.956044277991168, -50517.704391526065592 ], [ 219563.839687115570996, -50348.81299698586372 ], [ 219584.226927348121535, -50328.547543209533615 ], [ 219760.90881832933519, -50132.655018144563655 ], [ 219828.866072854143567, -50065.103519969576155 ], [ 220005.543471984681673, -49855.706304147308401 ], [ 220136.766400214226451, -49640.464368908855249 ], [ 220102.432037610327825, -49547.899471105505654 ], [ 220093.811394282965921, -49545.048317912624043 ], [ 219937.437253120762762, -49491.079822037776466 ], [ 219896.639515974500682, -49464.082773677386285 ], [ 219828.647087330115028, -49430.34215958724235 ], [ 219515.921094321587589, -49389.932631366304122 ], [ 219311.954844035499264, -49322.474484325452067 ], [ 219271.16155908536166, -49308.982882339776552 ], [ 219114.763405623321887, -49187.485784811913618 ], [ 218910.729806170682423, -48924.195420080664917 ], [ 218801.87259591720067, -48667.624932233200525 ], [ 218801.831473938713316, -48546.073985148010252 ], [ 218801.817789464024827, -48505.557002860936336 ], [ 218801.799561283551157, -48451.5343967277513 ], [ 218869.724050719349179, -48282.690813439789054 ], [ 218890.111714513623156, -48262.425538423682156 ], [ 218890.095848721277434, -48215.155773509301071 ], [ 218937.653366402431857, -48127.353117562859552 ], [ 218978.406047840544488, -48019.294272801838815 ], [ 219005.589492239814717, -47992.273870823126344 ], [ 219025.965927402547095, -47938.244542309177632 ], [ 219046.342271217319649, -47884.215229694244044 ], [ 219093.888757624023128, -47762.648686927132076 ], [ 219114.276480926317163, -47742.383522927164449 ], [ 219114.271998680836987, -47728.877817977823725 ], [ 219134.655135053617414, -47695.10706980375835 ], [ 219161.818612437404227, -47607.311498873168603 ], [ 219202.578364195825998, -47519.511471613164758 ], [ 219222.961545704340097, -47485.740665468249063 ], [ 219270.515026783919893, -47384.432783993419434 ], [ 219311.274905600992497, -47296.632891832159657 ], [ 219311.272686824318953, -47289.88010399111954 ], [ 219338.449700673809275, -47242.601553774351487 ], [ 219379.205237647518516, -47141.296177479431208 ], [ 219406.395553746900987, -47134.534490714628191 ], [ 219535.550956423045136, -47107.480997615995875 ], [ 219651.090119214903098, -47019.656956740211172 ], [ 219780.179461728606839, -46790.020232719594787 ], [ 220052.026973754400387, -46553.585006718414661 ], [ 220072.414782910724171, -46533.320171915962419 ], [ 220181.195076152391266, -46567.048955272890453 ], [ 220208.380938094051089, -46546.781837669383094 ], [ 220208.383115022035781, -46553.534583386695886 ], [ 220385.081147395831067, -46391.411475881308434 ], [ 220541.404488965577912, -46290.070114882568305 ], [ 220619.199825499148574, -46301.933371920895297 ], [ 220673.266872809093911, -46250.25802268589905 ], [ 220738.48160769790411, -46080.672111680054513 ], [ 220806.423646952898707, -45959.101210372165951 ], [ 220806.412927446130197, -45925.337621872233285 ], [ 220826.789932805579156, -45871.309194413312071 ], [ 220874.361387474753428, -45824.024999813256727 ], [ 220894.742810023773927, -45783.502151383334422 ], [ 221227.662947263277601, -45195.910693209792953 ], [ 221404.336573266074993, -44952.758096670171653 ], [ 221499.50924290966941, -44952.728599634290731 ], [ 221560.691537025442813, -44952.709642621834064 ], [ 221628.651032802416012, -44885.161681064470031 ], [ 221676.233074260875583, -44871.641500649500813 ], [ 221710.841884059191216, -44854.43916565006657 ], [ 221719.586529290943872, -44839.859048574813642 ], [ 221744.169554624415468, -44729.814006055079517 ], [ 221744.148767190228682, -44662.287046365076094 ], [ 222069.164497710822616, -44257.00555113543669 ], [ 222097.507587192056235, -44209.749226550738967 ], [ 222245.480347014730796, -43992.92582933515223 ], [ 222477.171261595212854, -43623.717090000129247 ], [ 222478.01882856542943, -43622.152338841944584 ], [ 222586.734413264202885, -43446.550811665481888 ], [ 222761.160046831530053, -43257.424792043799243 ], [ 222836.422934211557731, -43167.657669604544935 ], [ 223008.055742190044839, -42926.472487356346392 ], [ 223055.631678201782051, -42892.695419790921733 ], [ 223055.625723211618606, -42872.437470900906192 ], [ 223076.015758253750391, -42858.926253941070172 ], [ 223103.197807413933333, -42825.155102649892797 ], [ 223252.711710011120886, -42683.306210009279312 ], [ 223402.860854155791458, -42600.389305100776255 ], [ 223409.039447394490708, -42595.476533542336256 ], [ 223447.966993596754037, -42573.979571901050804 ], [ 223565.363060402334668, -42494.141782102124125 ], [ 223592.549054638599046, -42473.876112563062634 ], [ 223612.913483386568259, -42372.581050712811702 ], [ 223652.830589783494361, -42321.004220676477416 ], [ 223653.685594170936383, -42318.548437203193316 ], [ 223659.632001484569628, -42312.216201771843771 ], [ 223748.821832371060736, -42196.974109893017157 ], [ 223753.521465417288709, -42173.598435181178502 ], [ 223769.167145225044806, -42028.153291501461354 ], [ 223789.037313979875762, -42010.121674557871302 ], [ 223789.555136053706519, -42007.889695215788379 ], [ 223925.475430006103124, -41872.798876868226216 ], [ 224013.814012669259682, -41751.227032140639494 ], [ 224034.207906073832419, -41751.221215737845341 ], [ 224054.586290066130459, -41697.194757564771862 ], [ 224149.728759172721766, -41595.879005181326647 ], [ 224238.077051624364685, -41508.070324616681319 ], [ 224550.732196216413286, -41332.415203811884567 ], [ 224904.165000082924962, -41122.986864736973075 ], [ 225060.488542138016783, -41021.654963253924507 ], [ 225169.239809960417915, -40967.604374090842612 ], [ 225274.887433443800546, -40831.100538553160732 ], [ 225305.148876354389358, -40792.000822067740955 ], [ 225393.502735868503805, -40724.451046588910685 ], [ 225549.835466585296672, -40656.882693150619161 ], [ 225658.592160107742529, -40623.090085214018472 ], [ 225930.486617410264444, -40548.737611086617108 ], [ 226243.18433807278052, -40535.14671149996866 ], [ 226419.933901055599563, -40555.355553603236331 ], [ 226440.327374200045597, -40555.349953116361576 ], [ 226487.915953910269309, -40568.841906689951429 ], [ 226841.41797440656228, -40622.764500548939395 ], [ 226968.667013390280772, -40672.185114952044387 ], [ 227154.150960706174374, -40744.222629130388668 ], [ 227310.518963333859574, -40811.703899798274506 ], [ 227466.896236104774289, -40912.947323751424847 ], [ 227520.405879879894201, -40966.070639291581756 ], [ 227534.892721918353345, -40980.452854412811575 ], [ 227596.087804887036327, -41034.45529052249185 ], [ 227732.082709445210639, -41176.218371104332618 ], [ 227800.073640675575007, -41223.46638392953173 ], [ 227868.070070759800728, -41290.971533480631479 ], [ 227876.232286925835069, -41305.826074310440163 ], [ 227908.877370689762756, -41365.236700143977941 ], [ 227908.88113364885794, -41378.74147992181679 ], [ 227908.907508848351426, -41473.275270369711507 ], [ 227908.91128163394751, -41486.780050178669626 ], [ 227908.915055647899862, -41500.284829978081689 ], [ 227908.916943115473259, -41507.037219882062345 ], [ 227936.126941423746757, -41574.553727023601823 ], [ 227956.539103650837205, -41642.072116428433219 ], [ 227881.634655061818194, -41783.536451913139899 ], [ 227820.655979739618488, -41898.701883154186362 ], [ 227745.302758627687581, -41944.792908644725685 ], [ 227664.353034159808885, -42060.803987809202226 ], [ 227643.444116391066927, -42111.127844810333045 ], [ 227564.784091259876732, -42300.449215561733581 ], [ 227535.283692082390189, -42371.45211342265975 ], [ 227378.96957636915613, -42493.040591382268758 ], [ 227351.783951513061766, -42512.424894715091796 ], [ 227351.784204236639198, -42513.30574555304338 ], [ 227195.468114219082054, -42628.14202105847653 ], [ 227066.335310799477156, -42715.960999079812609 ], [ 226930.3851647102274, -42736.257657686837774 ], [ 226889.59248013276374, -42716.012020175992802 ], [ 226810.00351735408185, -42795.115507237082056 ], [ 226665.329201667977031, -42938.908232252237212 ], [ 226440.948283550969791, -42756.656536621128907 ], [ 226354.808425198949408, -42794.120993810051004 ], [ 226352.58630636712769, -42790.444541720949928 ], [ 226332.196783314750064, -42803.955376719721244 ], [ 226488.585933482740074, -42938.959595015527157 ], [ 226508.981421223084908, -42945.706120742026542 ], [ 226597.382540712016635, -43046.967402619149652 ], [ 226617.77593675191747, -43046.961461917017004 ], [ 226644.9770761395921, -43080.715890854633471 ], [ 226753.716454686655197, -42992.902215893140237 ], [ 226910.030768696393352, -42871.31259231891454 ], [ 226924.446325690252706, -42864.14774659210525 ], [ 226934.290909093455411, -42856.518907606354333 ], [ 226950.811722506186925, -42851.043472171208123 ], [ 227045.95745810889639, -42769.986540684294596 ], [ 227351.793894844653551, -42547.067933182086563 ], [ 227354.178614525764715, -42545.764115709047474 ], [ 227355.050488782173488, -42545.097529657483392 ], [ 227378.979261393193156, -42526.802772804549022 ], [ 227402.927037541288882, -42516.13088186247478 ], [ 227432.433043550234288, -42502.982235603936715 ], [ 227487.728229996690061, -42472.75218221583782 ], [ 227508.117758995329496, -42459.24152327261254 ], [ 227508.115825345390476, -42452.489004382274288 ], [ 227576.089671818364877, -42438.964731936925091 ], [ 227596.483057548874058, -42438.958896088843176 ], [ 227691.638343534956221, -42391.664758019411238 ], [ 227752.806656675820705, -42351.132785458139551 ], [ 227800.377649625996128, -42303.85233090523252 ], [ 227909.120676960272249, -42229.544824995311501 ], [ 227911.563338637992274, -42227.961436772893649 ], [ 228065.440414911718108, -42128.214405582904874 ], [ 228117.476335503801238, -42064.560548046516487 ], [ 228153.771080902370159, -41986.389062765570998 ], [ 228184.911005082482006, -41949.249101200381119 ], [ 228221.725665549689438, -41905.341129779772018 ], [ 228228.10693168733269, -41898.092765258086729 ], [ 228310.056494710908737, -41763.515972875029547 ], [ 228310.054977497959044, -41758.113632981971023 ], [ 228315.314148212666623, -41746.089205656440754 ], [ 228330.964530235913116, -41734.422962966455088 ], [ 228445.958407274680212, -41574.411120601544098 ], [ 228337.175684726971667, -41506.917595027705829 ], [ 228357.563222197873984, -41486.654794785361446 ], [ 228445.909450009290595, -41398.84917489891086 ], [ 228466.298981268773787, -41385.338771127178916 ], [ 228425.506878442713059, -41365.092907204219955 ], [ 228398.315855438646395, -41365.100468435193761 ], [ 228309.954531407740433, -41398.887016594031593 ], [ 228289.551936487434432, -41365.130720885892515 ], [ 228269.158623218012508, -41365.136394591499993 ], [ 228203.145660413836595, -41378.269984764738183 ], [ 228201.184910904965363, -41378.660063161558355 ], [ 228201.18679084914038, -41385.41255039650423 ], [ 228180.806634879903868, -41432.684982114609738 ], [ 228153.634521212661639, -41500.21646090305876 ], [ 228024.467665583244525, -41466.490613640358788 ], [ 227976.870142483734526, -41419.236969401354145 ], [ 227936.068483228038531, -41365.229125253143138 ], [ 227908.862331105163321, -41311.217470413837873 ], [ 227908.839808562188409, -41230.188570611615432 ], [ 227888.42220025730785, -41142.41293207614217 ], [ 227908.796763948106673, -41074.883161174613633 ], [ 227920.609364262141753, -41042.587682922341628 ], [ 227928.439412999257911, -40976.320609658832836 ], [ 227908.752021056367084, -40912.825472947966773 ], [ 227908.742721872113179, -40879.063413130366825 ], [ 227908.700044522061944, -40723.758004606184841 ], [ 227976.640835841128137, -40588.691296193181188 ], [ 228044.59450507973088, -40500.891512278583832 ], [ 228153.340423186309636, -40433.337967843290244 ], [ 228309.683329500898253, -40413.038216629473027 ], [ 228377.664598060015123, -40426.524480948100972 ], [ 228466.04086721438216, -40446.757558830351627 ], [ 228513.643461764906533, -40514.268468521862815 ], [ 228486.625505554256961, -40564.14220186714374 ], [ 228466.083167970820796, -40602.062494835619873 ], [ 228493.294485672959127, -40676.331181343193748 ], [ 228511.986519428493921, -40670.136378093033272 ], [ 228554.468609970645048, -40656.05726671674347 ], [ 228581.650294739753008, -40622.28804319507617 ], [ 228602.025169065687805, -40554.758673419935803 ], [ 228669.976906222116668, -40460.20696162868262 ], [ 228690.338925758551341, -40345.411176191220875 ], [ 228737.884739182132762, -40203.598447767326434 ], [ 228737.881094256474171, -40190.093743565463228 ], [ 228737.870166796608828, -40149.579520335639245 ], [ 228737.867408767750021, -40139.347497058028239 ], [ 228737.866526769066695, -40136.074816145875957 ], [ 228737.86339297919767, -40124.444640569585317 ], [ 228737.861068994097877, -40115.817649230695679 ], [ 228737.846528446942102, -40061.798721876846685 ], [ 228798.999031636223663, -39960.496805888629751 ], [ 228758.176424510544166, -39825.460393022156495 ], [ 228737.783143904118333, -39825.465846120234346 ], [ 228710.592135855113156, -39825.473117547044239 ], [ 228601.873535904509481, -39994.311498293820478 ], [ 228554.340243082377128, -40183.390928853397781 ], [ 228533.952412818558514, -40203.653519146129838 ], [ 228515.018359123729169, -40224.353268037775706 ], [ 228477.669217739021406, -40265.185326378756145 ], [ 228470.605941989808343, -40272.90718155670038 ], [ 228465.99507207237184, -40277.948115576306009 ], [ 228406.39838847971987, -40331.256124881940195 ], [ 228398.033973040815908, -40338.737938918166037 ], [ 228336.84690473327646, -40311.745051007790607 ], [ 228289.253466004389338, -40277.995977896971453 ], [ 228180.472779657691717, -40217.253939892150811 ], [ 228175.579337078845128, -40212.395786535329535 ], [ 228132.875651356531307, -40170.000049383626902 ], [ 228064.87797080737073, -40095.741886505064031 ], [ 228047.7650138931931, -40063.073640626367705 ], [ 228044.475491780263837, -40061.985472832093365 ], [ 228009.702746342809405, -39992.950366545803263 ], [ 227982.190406260895543, -39938.329543258980266 ], [ 227976.461460746650118, -39926.955742663980345 ], [ 227954.172848596703261, -39728.184527352750592 ], [ 227944.595845312695019, -39677.795253414311446 ], [ 227947.56001894059591, -39669.207582889590412 ], [ 227935.577203694672789, -39562.336735406548542 ], [ 228019.013494554790668, -39383.703606408278574 ], [ 228023.898070345341694, -39373.245988592068898 ], [ 228044.282401872042101, -39339.478555184927245 ], [ 228064.666851031885017, -39305.711242078206851 ], [ 228153.014707612222992, -39217.906612648475857 ], [ 228200.581290823698509, -39150.37018225214706 ], [ 228220.971879886172246, -39140.23619253958168 ], [ 228220.969213306205347, -39130.107574077963363 ], [ 228288.938056974380743, -39096.327820298654842 ], [ 228309.325977502507158, -39076.065233347610047 ], [ 228336.513530853495467, -39062.553347833752923 ], [ 228533.637878322741017, -39021.987306869312306 ], [ 228551.201665636501275, -39022.564177994077909 ], [ 228653.921473625523504, -39025.938375780802744 ], [ 228737.572210898681078, -39028.686206038684759 ], [ 228778.365769160329364, -39055.68502960587648 ], [ 228887.149178242543712, -39129.932425417602644 ], [ 228798.837250315234996, -39352.783712174634275 ], [ 228758.082952674594708, -39474.337139229683089 ], [ 228758.097279069246724, -39528.356058676981775 ], [ 228826.083582670835312, -39562.099871053913375 ], [ 228834.061903370195068, -39555.932632331066998 ], [ 228887.250742968753912, -39514.817099096173479 ], [ 228955.213715787162073, -39460.780227516319428 ], [ 229002.769273589947261, -39352.729858991515357 ], [ 229070.728822204633616, -39285.188437158642046 ], [ 229091.089987585088238, -39163.640685134079831 ], [ 229111.454901415156201, -39055.597747671199613 ], [ 229158.968512152321637, -38785.491309000761248 ], [ 229158.966756535228342, -38778.738865517305385 ], [ 229138.573509973823093, -38778.744167444594495 ], [ 229111.382658727408852, -38778.751237264856172 ], [ 229111.351104791625403, -38657.208985950514034 ], [ 229158.891555220412556, -38488.387889622928924 ], [ 229199.650106526445597, -38380.339738944792771 ], [ 229288.004942290950567, -38319.54595471288485 ], [ 229315.190573675732594, -38299.281885340671579 ], [ 229335.578609007352497, -38279.019677970893099 ], [ 229355.96307301800698, -38245.252718175652262 ], [ 229383.141903387499042, -38197.979272106582357 ], [ 229403.52983506442979, -38177.717089173442218 ], [ 229423.917878872656729, -38157.454912133362086 ], [ 229539.453284039977007, -38056.140320312370022 ], [ 229559.841219351161271, -38035.878181009793479 ], [ 229668.578823326504789, -37934.565626561685349 ], [ 229668.573682709014975, -37914.308586798870238 ], [ 229688.966873622441199, -37914.30341320772277 ], [ 229824.878293412679341, -37745.46092427149415 ], [ 229772.75603515811963, -37719.590189826485584 ], [ 229756.892769866040908, -37711.716557104453386 ], [ 229709.065283070201986, -37744.990116673645389 ], [ 229708.698902660224121, -37744.262595022162714 ], [ 229688.927556546521373, -37758.999979429099767 ], [ 229627.714123947895132, -37623.968875311991724 ], [ 229627.686959551239852, -37515.931559192700661 ], [ 229627.675099699408747, -37468.665268016979098 ], [ 229668.442680240957998, -37394.379413864902745 ], [ 229736.360923232219648, -37158.031123462220421 ], [ 229756.735675760603044, -37083.750471120831207 ], [ 229804.272871468157973, -36894.673728638343164 ], [ 229824.59790028736461, -36617.823518757344573 ], [ 229835.793908173916861, -36565.70098998555477 ], [ 229820.665825826697983, -36531.663279931184661 ], [ 229737.861462388944346, -36345.355025544726232 ], [ 229826.221080139628612, -36165.305547655843839 ], [ 229912.815480621473398, -35988.853736926132115 ], [ 229939.99305734137306, -35933.477915328847303 ], [ 229939.990374402899761, -35922.306837801639631 ], [ 229980.752358706668019, -35821.012392545380862 ], [ 230028.302433733013459, -35679.202511600145954 ], [ 230272.893551794521045, -35145.712462592826341 ], [ 230517.505238319223281, -34693.251797418903152 ], [ 230585.441678589675575, -34517.676658110744029 ], [ 230694.158151720475871, -34315.083181755377154 ], [ 230830.059490575862583, -34085.474801810058125 ], [ 231027.126568363164552, -33795.082608813769184 ], [ 231095.086543604149483, -33720.792399922138429 ], [ 231115.472042875655461, -33687.026602598285535 ], [ 231231.005140752939042, -33565.460067316154891 ], [ 231387.297377750393935, -33322.344155720624258 ], [ 231536.815946044982411, -33187.266197767974518 ], [ 231720.311048661184032, -32998.163221059803618 ], [ 231808.656808304251172, -32890.108122155914316 ], [ 231876.61109592608409, -32788.809913680852333 ], [ 231964.965732574055437, -32721.268406842114928 ], [ 231985.354308213456534, -32701.007365050856606 ], [ 231994.817912667582277, -32680.748586968817108 ], [ 232073.682677491626237, -32511.926017328580201 ], [ 232250.397814898693468, -32403.852612273818522 ], [ 232474.664475188590586, -32147.220840422458423 ], [ 232610.579510090989061, -31971.634864835414191 ], [ 232807.666092053346802, -31762.275402467235836 ], [ 232828.056017959315795, -31748.766784459578048 ], [ 232923.211099682666827, -31694.729282133605011 ], [ 232943.601129732094705, -31681.220685391857842 ], [ 232943.59971579600824, -31674.468523424071464 ], [ 232984.382487931172363, -31660.95566396857248 ], [ 233120.338606505014468, -31681.183684001207439 ], [ 233208.69456553546479, -31620.395730625736178 ], [ 233188.29187807359267, -31573.134821227296925 ], [ 233229.04931909654988, -31438.083000967679254 ], [ 233188.231613560114056, -31282.791552546212188 ], [ 233229.001834034163039, -31208.509264325388358 ], [ 233256.174167861579917, -31120.725516212107323 ], [ 233276.557175553170964, -31073.456185988201469 ], [ 233432.854762180591933, -30843.850804807341774 ], [ 233453.240699135931209, -30810.085848220456683 ], [ 233456.124194971867837, -30807.220456631475827 ], [ 233500.814150666352361, -30762.811106483241019 ], [ 233589.167603171081282, -30688.519491300223308 ], [ 233697.90418261103332, -30566.958844900302211 ], [ 233813.445238822838292, -30479.157744360229117 ], [ 233854.219804168038536, -30425.132473396570276 ], [ 233922.179163544380572, -30344.093209949864104 ], [ 234010.532627246167976, -30269.802073448074225 ], [ 234098.884743942180648, -30188.759029557422764 ], [ 234234.822495445259847, -30121.210758542056283 ], [ 234255.207069359137677, -30080.693986681922979 ], [ 234214.408415203681216, -30013.180894637724123 ], [ 234211.010484465688933, -30011.494064656009868 ], [ 234187.215500043239444, -29999.681940344311442 ], [ 234166.814901448960882, -29959.173211123088549 ], [ 234214.380482912471052, -29871.386242516644415 ], [ 234255.152543313335627, -29803.857083190414414 ], [ 234343.504811494145542, -29722.814346570852649 ], [ 234431.861030432453845, -29662.027996580694889 ], [ 234499.816786431183573, -29560.733134890411748 ], [ 234527.0042545911856, -29547.223670252460579 ], [ 234547.390380247379653, -29513.459148280380759 ], [ 234588.165150515735149, -29459.434420212110126 ], [ 234656.130003028491046, -29405.404360023319896 ], [ 234724.096262621693313, -29358.126544622424262 ], [ 234792.057205337448977, -29283.840456713685853 ], [ 234860.019567189156078, -29216.306404381648463 ], [ 234989.153138778172433, -29115.000362537099136 ], [ 235057.117967188707553, -29060.970728829350264 ], [ 235125.076484114164487, -28973.180601624670089 ], [ 235213.433910977269989, -28919.147220542687137 ], [ 235301.788759233779274, -28851.609793830186391 ], [ 235478.497148016991559, -28709.782921532649198 ], [ 235594.035666266630869, -28608.480322268344025 ], [ 235682.392991763364989, -28554.447347952933342 ], [ 235770.744002531340811, -28466.654150257647416 ], [ 235947.45355161500629, -28331.580356691218185 ], [ 236192.140319945232477, -28209.998414763329492 ], [ 236392.600412337982561, -28055.068192803166312 ], [ 236371.626378014043439, -28073.260034350230853 ], [ 236388.655429665290285, -28060.286773806587007 ], [ 236400.955062775232363, -28049.776013623883046 ], [ 236416.424500142398756, -28034.404468664724845 ], [ 236436.814365671249107, -28020.896614698904159 ], [ 236640.703705268213525, -27831.80297017920384 ], [ 236837.801603078143671, -27676.471026726303535 ], [ 236864.984127888164949, -27635.954197784783901 ], [ 236839.100943029217888, -27562.53911920072278 ], [ 236839.593356937344652, -27560.336157677054871 ], [ 236837.779739591758698, -27554.935002482980053 ], [ 236848.64921632601181, -27519.823152287139237 ], [ 236860.218573675723746, -27468.065238075883826 ], [ 236863.053524979797658, -27473.292640352516173 ], [ 236864.953835579624865, -27467.154058931784675 ], [ 236885.354581203253474, -27514.414430048389477 ], [ 237021.254173958732281, -27237.558080146391148 ], [ 237129.982101832982153, -27061.986977562555694 ], [ 237264.235187159618363, -26925.16334352571721 ], [ 237480.998895355733112, -26910.172852953535767 ], [ 237728.125744361546822, -26893.082574673091585 ], [ 237952.410741469357163, -26724.244483387337823 ], [ 237972.79587384822662, -26683.729313559542788 ], [ 238176.694485319807427, -26548.654986758261657 ], [ 238389.982798363547772, -26372.639244789756049 ], [ 238490.343031194526702, -26289.818177231667505 ], [ 238509.719039676798275, -26271.768508381552238 ], [ 238577.683572290785378, -26217.741538823291194 ], [ 238842.745650662895059, -26008.387098906812753 ], [ 239202.95381440204801, -25697.739068546696217 ], [ 239624.325625930767274, -25312.811797632046364 ], [ 239780.636834985401947, -25143.989352808475815 ], [ 239936.952447644376662, -25002.174787446063419 ], [ 240222.39320793558727, -24711.798928813885141 ], [ 240602.981537021958502, -24326.883499201681843 ], [ 240868.027647999842884, -24016.257944869863422 ], [ 241180.663140626187669, -23759.640767669669003 ], [ 241269.011247289658058, -23651.598259204529313 ], [ 241316.587000852799974, -23617.832085240439483 ], [ 241364.162749082024675, -23584.065822564632981 ], [ 241425.324960867088521, -23496.283112136625277 ], [ 241608.825638325652108, -23327.460558823237079 ], [ 241805.913901690451894, -23111.373892912448355 ], [ 241982.620372071396559, -22962.808532712497254 ], [ 242070.971623735968024, -22875.022463530098321 ], [ 242539.912949482444674, -22409.082819494266005 ], [ 243029.242500451800879, -21916.13613906683895 ], [ 243566.148793233558536, -21396.179403008783993 ], [ 243878.776808085327502, -21085.558768652761501 ], [ 244408.881897548621055, -20531.850380127463723 ], [ 245034.141285454301396, -19930.872304641816299 ], [ 245394.344468548020814, -19579.741985619981278 ], [ 245591.438903252623277, -19404.175371562167129 ], [ 245836.105479017220205, -19167.838949967070221 ], [ 246012.806179159815656, -18972.020925774500938 ], [ 246148.738084816053743, -18890.985459587209334 ], [ 246257.478525915648788, -18782.94702646454607 ], [ 246325.438830062776105, -18695.168264659791021 ], [ 246373.012861918890849, -18647.901532440901065 ], [ 246385.095947882102337, -18636.168846240085259 ], [ 246971.087504078721395, -18073.948177386151656 ], [ 247460.423443315870827, -17621.539173131197458 ], [ 247997.329599029326346, -17088.109519685014675 ], [ 248377.922898341203108, -16723.487528705300065 ], [ 248642.983517883549212, -16514.163474767516163 ], [ 248751.724676803685725, -16412.879938887515891 ], [ 249023.576776739122579, -16149.544411998966098 ], [ 249512.915841224254109, -15730.904710983839323 ], [ 249798.364228184334934, -15494.57619921690457 ], [ 249866.325168954732362, -15406.800873727293947 ], [ 250070.209920623514336, -15163.729613895746297 ], [ 250627.505411700694822, -14610.061342043711193 ], [ 250824.597851564292796, -14414.252837288575392 ], [ 250960.51711589601473, -14204.947306114527237 ], [ 251089.651982693816535, -14137.421995362650705 ], [ 251157.614946511894232, -14069.902209727149966 ], [ 251225.577801772946259, -14002.382371661633442 ], [ 251245.96267467411235, -13934.866673965416339 ], [ 251293.539034803543473, -13914.608482207298948 ], [ 251313.926707633188926, -13880.849779877937181 ], [ 251381.890843984991079, -13826.832932594024896 ], [ 251490.627505626849597, -13671.541920022707927 ], [ 251803.259902882156894, -13394.709682069405972 ], [ 251986.757796172780218, -13185.402459396183986 ], [ 252163.46315442174091, -13030.107151589249042 ], [ 252251.816092025343096, -12955.835237515681001 ], [ 252448.910775607160758, -12787.036092385887969 ], [ 252788.726179299294017, -12456.19451224525983 ], [ 253514.191042743565049, -11794.787160924317504 ], [ 253710.660874947934644, -11952.147244465448239 ], [ 254647.011457973800134, -11109.644822131991532 ], [ 255652.978468657005578, -10202.164587479475813 ], [ 255696.389662208297523, -10160.060420908059314 ], [ 258511.235879508079961, -7243.920895992478108 ], [ 259999.622308993362822, -5704.621448061319825 ], [ 260843.36976237242925, -5168.199617570378905 ], [ 260850.01816348938155, -5161.751832811588429 ], [ 261467.41159422317287, -4533.575481035272787 ], [ 261516.874407001625514, -4483.247892871367185 ], [ 264607.515352699090727, -1329.917126770528512 ], [ 265837.644312060787342, 0.000000018913473 ], [ 274251.508188247797079, 9477.669205771642737 ], [ 275189.397619653958827, 10361.927522920492265 ], [ 276651.816612758266274, 11730.832103277993156 ], [ 276724.0849814042449, 11809.248684351850898 ], [ 284217.207372655451763, 20131.193954028047301 ], [ 284629.54377897887025, 20628.288244700012001 ], [ 286457.786694544076454, 22794.847537015353737 ], [ 287348.113773716264404, 23786.990147152464488 ], [ 287782.322614132950548, 24090.41983268479089 ], [ 289046.836823730554897, 25494.687750365894317 ], [ 291024.968264730880037, 27944.452631697920879 ], [ 293960.967859502183273, 30974.676508148964786 ], [ 294150.294393105781637, 31166.38278063857797 ], [ 298428.696597888309043, 36020.34796089577867 ], [ 298704.844244222622365, 36346.621936033559905 ], [ 300553.472502601915039, 38519.642042341401975 ], [ 303407.840967569500208, 41239.131533300380397 ], [ 304182.597026442992501, 41988.162494890559174 ], [ 305349.034808288619388, 43318.830546748504275 ], [ 306094.918289462744724, 44183.285434333462035 ], [ 310086.755201478837989, 48090.340738948012586 ], [ 312929.317033805884421, 51435.239677101642883 ], [ 316504.031611401122063, 55640.713866699436039 ], [ 317004.154923440539278, 56229.076264823539532 ], [ 317151.433945437020157, 56402.339945661835372 ], [ 317621.621529449592344, 56955.482738801198138 ], [ 319331.415072953735944, 58972.305661190170213 ], [ 322043.017548077739775, 61819.619183153343329 ], [ 322051.112036052334588, 61825.764422598011151 ], [ 322155.145453560282476, 61916.438938950726879 ], [ 324161.554120562737808, 63660.631429602079152 ], [ 325719.433973042934667, 65024.290605837726616 ], [ 331529.887088228017092, 71197.654474363705958 ], [ 332155.031936334387865, 71636.127013015939156 ], [ 332373.922367478255183, 71789.686747356157866 ], [ 332667.208058509160765, 71996.739713165487046 ], [ 332676.676260376814753, 72006.551834844140103 ], [ 332921.627548381977249, 72260.398267988464795 ], [ 334601.430133481160738, 74004.13206630521745 ], [ 334724.254104072693735, 74108.500403636106057 ], [ 335394.519087951746769, 74695.153552778632729 ], [ 335986.939649176201783, 75206.989071611693362 ], [ 336694.383021304267459, 75839.08193250936165 ], [ 338365.94259662280092, 77073.531264410761651 ], [ 339386.704190022661351, 78144.161049271249794 ], [ 339387.321342136478052, 78144.819164628046565 ], [ 339387.380459473759402, 78144.870338088046992 ], [ 339568.757890288019553, 78335.108528194119572 ], [ 342599.355882035393734, 80878.283219064847799 ], [ 342911.926648178137839, 81141.368146027729381 ], [ 346696.914878901094198, 84946.169295598272583 ], [ 349937.619811549433507, 87931.032099910560646 ], [ 350364.525983096798882, 88325.773603690002346 ], [ 351196.464360371115617, 88987.833233727753395 ], [ 352887.037222732615191, 90335.897401026522857 ], [ 354218.77624750090763, 91401.646359969687182 ], [ 356147.460527064919006, 92554.135490010521607 ], [ 356967.400508352147881, 93047.832406111745513 ], [ 360468.605110460775904, 95728.459734797404963 ], [ 361095.862582226283848, 96395.900859471250442 ], [ 361645.352681325864978, 97374.941156760338345 ], [ 362042.705354046891443, 98082.913133615104016 ], [ 362059.493755853618495, 98099.364486148479045 ], [ 362059.692078054300509, 98099.717757814738434 ], [ 362078.61852308869129, 98118.105118863575626 ], [ 363315.010490742046386, 99329.671342779780389 ], [ 364140.400614449987188, 100138.382661398063647 ], [ 364465.005714390310459, 100460.638264402092318 ], [ 365138.617493416066281, 100978.964458951522829 ], [ 366142.305927798850462, 101760.602983880613465 ], [ 367048.837342158425599, 102173.768740330240689 ], [ 367690.850195787264965, 102469.829633840170573 ], [ 367791.290800019865856, 102569.325055676919874 ], [ 368700.454219729930628, 103475.692791006920743 ], [ 369315.928213642444462, 104089.274728361604502 ], [ 370029.243124751606956, 104487.146435392394778 ], [ 370744.456250644638203, 105205.994364596685045 ], [ 371657.794580344692804, 106139.655515943697537 ], [ 374025.920903690275736, 107441.61066625235253 ], [ 374390.838937584951054, 107643.560383029078366 ], [ 374479.157990382518619, 107711.006304976646788 ], [ 377434.495668559276965, 109756.840603423406719 ], [ 377511.631136646843515, 109810.786204189207638 ], [ 379525.153410184662789, 111534.694597525580321 ], [ 380193.113228711939882, 111908.466264731352567 ], [ 380355.61151946184691, 112000.453613264035084 ], [ 380357.361330680083483, 112000.374984233407304 ], [ 380358.583161048183683, 112001.058772651143954 ], [ 380419.78646767011378, 111997.573277126255562 ], [ 381870.164932195737492, 111932.480034770152997 ], [ 381975.872336334898137, 112035.837484224874061 ], [ 382310.504108418652322, 112377.822490153062972 ], [ 382267.878771272487938, 112421.183638501883252 ], [ 381668.046386162750423, 113031.372512593618012 ], [ 381707.893022221745923, 113348.879872523102676 ], [ 381734.877063217456453, 113592.386925947896088 ], [ 381829.991062319895718, 113680.071585636935197 ], [ 382737.565514751011506, 114484.574404976970982 ], [ 383914.822099685668945, 115537.34814848730457 ], [ 384355.139019304129761, 115931.079210740499548 ], [ 386348.474053508136421, 117171.995906352443853 ], [ 387176.073685702984221, 117806.738581947472994 ], [ 387851.842964956304058, 118325.033702561471728 ], [ 389282.323056487366557, 119426.341082746250322 ], [ 390043.108305247209501, 119844.422413290070836 ], [ 390686.645394119084813, 119765.05296487142914 ], [ 390741.330707214016002, 119759.78890776487242 ], [ 390926.599270875158254, 119827.409717237358564 ], [ 391177.314312576549128, 119931.768159716404625 ], [ 392869.340978924534284, 122893.247498860466294 ], [ 394160.153457796084695, 124289.495476017837063 ], [ 394218.125049872964155, 124351.480182319093728 ], [ 394423.834689783223439, 124575.334451560949674 ], [ 395664.15261708619073, 125530.014402680521016 ], [ 400946.288684979896061, 129610.790377911267569 ], [ 402030.329069417959545, 130188.40692693577148 ], [ 402137.475975908804685, 130246.889698386366945 ], [ 402139.883044304966461, 130246.781600602917024 ], [ 402148.512857890571468, 130251.379812577768462 ], [ 403299.088321636314504, 130194.706746399941039 ], [ 403510.52280000236351, 130185.209002464296645 ], [ 403609.22426415188238, 130377.686263800831512 ], [ 403680.075779427366797, 130515.853524619524251 ], [ 403751.332863911695313, 130675.940352316261851 ], [ 403679.679300194140524, 131018.577588044645381 ], [ 403492.364605456590652, 131836.404191732144682 ], [ 403688.317228223080747, 132400.873850515548838 ], [ 403772.328514368447941, 132659.558239407168003 ], [ 403840.295878041244578, 132841.706305657047778 ], [ 404757.361211779061705, 133745.516450650175102 ], [ 404954.362348085385747, 133947.864510675426573 ], [ 405707.862974638701417, 134687.865787145361537 ], [ 405773.564468114520423, 134753.107329913618742 ], [ 407432.5335863364744, 136400.471820290782489 ], [ 408174.81063728814479, 136914.76725939597236 ], [ 408180.963122032349929, 136929.018090500758262 ], [ 409383.194009237224236, 137765.266271330387099 ], [ 409453.562531937146559, 137802.884445265372051 ], [ 408976.643030111445114, 138138.62290475415648 ], [ 409009.824736802023835, 138163.45167155659874 ], [ 409539.609450420946814, 138500.63383881613845 ], [ 409940.351810803811532, 138783.880818246776471 ], [ 410164.488075941102579, 138918.750015513593098 ], [ 410409.014952137658838, 139114.33532482731971 ], [ 410605.987776850175578, 139249.212955755298026 ], [ 410762.201496772759128, 139336.874749809649074 ], [ 410965.956205049995333, 139444.762636656640097 ], [ 411142.543778416933492, 139539.16523593274178 ], [ 411251.213828920037486, 139599.854025473148795 ], [ 411407.414491584990174, 139647.03447580448119 ], [ 411502.490633115288801, 139667.246133465057937 ], [ 411679.036495753680356, 139626.710708352999063 ], [ 411787.753562354366295, 139842.578384551336057 ], [ 411903.236586913757492, 139977.48111536889337 ], [ 411964.400135261472315, 140132.641063740797108 ], [ 412079.868577622983139, 140220.315472167712869 ], [ 412188.552343543735333, 140328.232701665110653 ], [ 412412.673489777836949, 140422.620865370612592 ], [ 412453.450296568917111, 140530.558782270789379 ], [ 412657.264797745854594, 140840.853649669792503 ], [ 412765.900997788761742, 140793.592361679242458 ], [ 412881.376948936842382, 140908.25425287996768 ], [ 412813.482796125288587, 140948.756237361434614 ], [ 412698.068382197408937, 141036.500948487897404 ], [ 412698.123975605354644, 141218.666918910137611 ], [ 412745.697644489700906, 141346.843283676105784 ], [ 412813.639160227845423, 141461.519666458159918 ], [ 412901.950438158819452, 141569.442941041110316 ], [ 412969.88351700711064, 141657.131710173795 ], [ 413037.810492467251606, 141724.579759499698412 ], [ 413098.932300856045913, 141744.801816901337588 ], [ 413166.892157623544335, 141920.200036688038381 ], [ 413350.306839551078156, 142142.791140737448586 ], [ 413479.35527183720842, 142230.461216702620732 ], [ 413635.613351599429734, 142473.301218367618276 ], [ 413812.230642989685293, 142675.653583300270839 ], [ 413927.69123861414846, 142743.087209514604183 ], [ 414016.007939110859297, 142871.250899326667422 ], [ 414124.692288328136783, 142985.914558447169838 ], [ 414212.976036811829545, 143006.128384585375898 ], [ 414348.814294673211407, 143093.796398511476582 ], [ 414457.484071819344535, 143161.232015642774059 ], [ 414661.260492929723114, 143356.829325951432111 ], [ 414797.100421122333501, 143451.244216321443673 ], [ 414926.159900584956631, 143579.395485829096287 ], [ 414994.079820265702438, 143626.602935921633616 ], [ 415061.991443982115015, 143646.823034629720496 ], [ 415218.2068279995583, 143754.725480512832291 ], [ 415415.187723709153943, 143936.831051959190518 ], [ 415551.051417507638689, 144112.208309923706111 ], [ 415659.7121428293176, 144152.656560937437462 ], [ 415748.023607697454281, 144267.326418240583735 ], [ 415951.798340436886065, 144462.92367737062159 ], [ 416060.46691947063664, 144530.35938216370414 ], [ 416332.154483081714716, 144752.923543708806392 ], [ 416705.731232486665249, 145083.406628051452572 ], [ 416841.573429077863693, 145191.315369727759389 ], [ 416997.795093920547515, 145326.205280980153475 ], [ 417262.696436924510635, 145569.011945053818636 ], [ 417575.130560496181715, 145811.804558619245654 ], [ 417840.03086200117832, 146054.611343920725631 ], [ 418200.023044924309943, 146385.09839054744225 ], [ 418532.840458528953604, 146675.112722115445649 ], [ 418729.794928159913979, 146783.003355103661306 ], [ 418913.19016802898841, 146965.11303762535681 ], [ 419198.459324982017279, 147207.913741971220588 ], [ 419470.153006329899654, 147470.958913587004645 ], [ 419802.967656941094901, 147760.97334426981979 ], [ 420115.402450394292828, 148024.006574907485629 ], [ 420359.913121820776723, 148219.591907465946861 ], [ 420516.131057730992325, 148354.48193818188156 ], [ 420869.32024101621937, 148664.730831716326065 ], [ 421249.675845135818236, 148995.212248252471909 ], [ 421473.801967559033073, 149150.322881714004325 ], [ 421670.772412943828385, 149325.681798749079462 ], [ 421779.437075840134639, 149393.118063033703947 ], [ 421915.243488220614381, 149393.078786889265757 ], [ 421935.583335332165007, 149285.124603996315273 ], [ 422050.999295426358003, 149217.623732090112753 ], [ 422207.188388456415851, 149258.059356383571867 ], [ 422275.085705358244013, 149237.799494212027639 ], [ 422295.462537313229404, 149258.033981816552114 ], [ 422363.410222959239036, 149413.189886922598816 ], [ 422383.7947925022454, 149460.411339472979307 ], [ 422404.177308401907794, 149500.886048211017624 ], [ 422424.556054550106637, 149527.867272182949819 ], [ 422472.099840229901019, 149568.334175441588741 ], [ 422519.645547761931084, 149615.547820216044784 ], [ 422580.75826128112385, 149615.53027884819312 ], [ 422607.919526786368806, 149615.522487110720249 ], [ 422669.043832975439727, 149655.985507219476858 ], [ 422669.076725172868464, 149770.680393820774043 ], [ 422716.62827951554209, 149838.134251642535673 ], [ 422764.171964162320364, 149878.601156388263917 ], [ 422872.861107037926558, 150033.745395784528228 ], [ 422825.348427692311816, 150101.226501861063298 ], [ 422805.008601529581938, 150209.180471428175224 ], [ 423049.553608804184478, 150539.701108339882921 ], [ 423069.963223676255438, 150674.630382251518313 ], [ 423273.735102884820662, 150897.214655122137628 ], [ 423482.527524561155587, 151104.550984504690859 ], [ 423497.877152818138711, 151119.793411827704404 ], [ 423694.85085438558599, 151315.392260771564906 ], [ 423986.92579119943548, 151645.899201627908042 ], [ 424183.90023664891487, 151848.245206431718543 ], [ 424387.657016539480537, 152023.602295125136152 ], [ 424767.991596814244986, 152313.603730161587009 ], [ 424876.659749304642901, 152401.280388673534617 ], [ 424964.957267080026213, 152488.962829690484796 ], [ 425141.538759323535487, 152617.100644851772813 ], [ 425521.877158642339054, 152927.342461914144224 ], [ 427158.930950217705686, 154182.914751875970978 ], [ 427260.535022100957576, 154276.197779769136105 ], [ 427505.035726107074879, 154478.530908557091607 ], [ 427701.984581284166779, 154606.663573216414079 ], [ 428150.21190242114244, 154896.647467881644843 ], [ 428258.883176463074051, 155004.56461747942376 ], [ 428435.4330759740551, 155031.502725388709223 ], [ 428611.992135659791529, 155092.174494601495098 ], [ 428679.918971275561489, 155186.609435930819018 ], [ 428768.219661176961381, 155294.532232963159913 ], [ 428883.638072177767754, 155247.273757199494867 ], [ 428898.959452304639854, 155224.4253067819227 ], [ 428904.00284648447996, 155227.02819472172996 ], [ 429100.939085958700161, 155314.681262654834427 ], [ 429168.871183748822659, 155429.356319039477967 ], [ 429216.436644133995287, 155557.530242746492149 ], [ 429413.403806645190343, 155759.876799764664611 ], [ 429569.646736895665526, 156022.954583032202208 ], [ 429657.922938521718606, 156043.170647821680177 ], [ 429902.414220580423716, 156225.264367407071404 ], [ 429970.325578708725516, 156265.725979868671857 ], [ 430038.255301256198436, 156373.654334838473005 ], [ 430017.916336074005812, 156488.353154017269844 ], [ 430058.661940295423847, 156508.582169289060403 ], [ 430126.556862477154937, 156488.32370507234009 ], [ 430242.01122015225701, 156575.99912409830722 ], [ 430459.345010109944269, 156771.593731131142704 ], [ 430547.640799718908966, 156866.02316820496344 ], [ 430703.827545420732349, 156926.700974331994075 ], [ 431043.393493948329706, 157169.489450033026515 ], [ 432618.982112387544475, 158342.986661619390361 ], [ 432639.357392739271745, 158363.221256952936528 ], [ 432822.727094388043042, 158518.34548260239535 ], [ 432978.919078072474804, 158606.010601356392726 ], [ 433264.155129681807011, 158828.574540790665196 ], [ 433488.258337747189216, 158963.44851600957918 ], [ 433780.265836481470615, 159118.544581690977793 ], [ 434269.236398639040999, 159489.481717528804438 ], [ 434737.83224710484501, 159846.931171069707489 ], [ 435158.873177135363221, 160109.940627774572931 ], [ 435335.43258536211215, 160197.601229760970455 ], [ 435512.009111501509324, 160352.728047277487349 ], [ 435715.744913107191678, 160507.847849211248104 ], [ 436184.336202252598014, 160865.298536875139689 ], [ 436517.110588349110913, 161148.571242290054215 ], [ 436978.897705001058057, 161458.797973027772969 ], [ 437250.563543815747835, 161748.833127325255191 ], [ 437780.256470793043263, 162099.522998152271612 ], [ 438140.176135838148184, 162342.310363332333509 ], [ 438493.312024447601289, 162612.085915725678205 ], [ 438676.672687804908492, 162760.465325450204546 ], [ 439138.474817052367143, 163158.399366634286707 ], [ 439382.955696755088866, 163360.736397072672844 ], [ 439654.609891781525221, 163623.786169040453387 ], [ 440055.28477099200245, 163954.270070773636689 ], [ 440184.333836868521757, 164136.395867726270808 ], [ 440428.801351090311073, 164291.507476757833501 ], [ 440632.513944834354334, 164379.163434315880295 ], [ 441230.118012308841571, 164837.785348674427951 ], [ 442099.355908328667283, 165505.486192904179916 ], [ 442792.024814168049488, 166031.552738514641533 ], [ 443192.713073685299605, 166456.490516968275188 ], [ 443545.866286694828887, 166854.453412367467536 ], [ 443749.604747998237144, 167070.294924170069862 ], [ 443757.456448500335682, 167075.493554182176013 ], [ 443858.265106628416106, 167184.960688211111119 ], [ 443905.792288154189009, 167184.949642189632868 ], [ 443946.539283999823965, 167225.419357433507685 ], [ 444150.274057771312073, 167427.767970303044422 ], [ 444367.565803922479972, 167535.662075356201967 ], [ 444550.904724219581112, 167623.32461120118387 ], [ 444883.660569561761804, 167913.348621516575804 ], [ 445060.214010374387726, 168021.252451977838064 ], [ 445392.953147803375032, 168243.811703610845143 ], [ 445637.401591118657961, 168351.700355168839451 ], [ 445902.228993272758089, 168506.810263068182394 ], [ 445949.766437657177448, 168554.02509829113842 ], [ 446241.775783148827031, 168817.073186876543332 ], [ 446594.905198801483493, 169147.57285557241994 ], [ 447015.934722964651883, 169505.043571468995651 ], [ 447151.748746928700712, 169612.957349478936521 ], [ 447307.907167807861697, 169612.922725119191455 ], [ 447287.519303385866806, 169525.222749964188552 ], [ 447396.170642847835552, 169612.903200148633914 ], [ 447484.453465280064847, 169700.588171638111817 ], [ 447504.851796919363551, 169835.513609120913316 ], [ 447640.656448630150408, 169902.94866804391495 ], [ 447776.480295686691534, 170058.088214377174154 ], [ 447844.37516025948571, 170058.07328686141409 ], [ 447932.662093288032338, 170165.997756043478148 ], [ 447953.04083590337541, 170213.218731776520144 ], [ 448061.706496499187779, 170368.364295583305648 ], [ 448217.911447346501518, 170584.217846630723216 ], [ 448421.639484406681731, 170786.567985599482199 ], [ 448645.729593254509382, 170961.927993758872617 ], [ 448795.116530978528317, 171049.59988064551726 ], [ 449039.546627931587864, 171096.772358441259712 ], [ 449351.91301297955215, 171339.578399696183624 ], [ 449535.260980705614202, 171494.708167091186624 ], [ 449820.464228110562544, 171717.280979861563537 ], [ 450092.053711617016234, 171777.941408979328116 ], [ 450309.347710405709222, 171933.064329416840337 ], [ 450580.980845537327696, 172202.865881695732241 ], [ 450777.924286205903627, 172445.697454745532013 ], [ 451090.276933642337099, 172641.279522871482186 ], [ 451287.19286288972944, 172755.928399069263833 ], [ 451599.554345196927898, 172998.736268605629448 ], [ 451687.838434824370779, 173106.66134694419452 ], [ 451714.995919497625437, 173106.655722075462108 ], [ 451735.368138307821937, 173126.890955359383952 ], [ 451782.899226593319327, 173153.86690673182602 ], [ 451871.178992573113646, 173241.552679656946566 ], [ 451932.291606691142078, 173282.018846537655918 ], [ 452000.189249509305228, 173302.244291106500896 ], [ 452027.356428879953455, 173349.463916321896249 ], [ 452068.096707240387332, 173369.694859493873082 ], [ 452156.37211597681744, 173437.141359988454496 ], [ 452292.182556414802093, 173551.803335961769335 ], [ 452489.109380604350008, 173727.170935033471324 ], [ 452672.447534931066912, 173855.316204214293975 ], [ 452760.722559646354057, 173922.762727935507428 ], [ 452781.095983077422716, 173949.744448124518385 ], [ 452828.629492727573961, 173990.213522562844446 ], [ 452869.375048925750889, 174037.430419756448828 ], [ 452916.908524455851875, 174077.899503553169779 ], [ 452957.648572349804454, 174098.13054787524743 ], [ 452978.022069566010032, 174125.112275377032347 ], [ 453025.55550627032062, 174165.58137177550816 ], [ 453045.923411502619274, 174165.577244603045983 ], [ 453093.458191911224276, 174212.792785919562448 ], [ 453161.359594269131776, 174253.257776905666105 ], [ 453229.262331882724538, 174300.469216828671051 ], [ 453317.52340131305391, 174300.451409095170675 ], [ 453405.784461755596567, 174300.433635000779759 ], [ 453494.053642665268853, 174340.894604440632975 ], [ 453561.956154180399608, 174388.106117290823022 ], [ 453602.696068029734306, 174408.337245855014771 ], [ 453629.85874651191989, 174435.317642857553437 ], [ 453670.602696705493145, 174475.788186016085092 ], [ 453718.137268667516764, 174523.003805795771768 ], [ 453758.881187921040691, 174563.474356642807834 ], [ 453826.779529392952099, 174590.4466239742178 ], [ 453874.31269736570539, 174630.915831152233295 ], [ 453935.4258638418396, 174678.128766885987716 ], [ 454030.488076909154188, 174738.827813993091695 ], [ 454091.605090068886057, 174806.280172804894391 ], [ 454179.879268237797078, 174873.727035999880172 ], [ 454247.781569953483995, 174920.93867415812565 ], [ 454295.3145886012353, 174961.407931896246737 ], [ 454336.055651773524005, 174988.385684877604945 ], [ 454383.58863937552087, 175028.85495337282191 ], [ 454403.960549706127495, 175049.090205617860192 ], [ 454451.490846390719526, 175076.06662932925974 ], [ 454471.866632075747475, 175116.54127411232912 ], [ 454492.238526884815656, 175136.776530281378655 ], [ 454519.404893973900471, 175183.996261380147189 ], [ 454560.157865651650354, 175271.691978234710405 ], [ 454607.692086419032421, 175318.907693810411729 ], [ 454675.59283195482567, 175359.372978128638351 ], [ 454716.333774909784552, 175386.350769460928859 ], [ 454763.870590470556635, 175447.059351678617531 ], [ 454872.551787663775031, 175716.895730433549033 ], [ 454920.09789068455575, 175824.829391402803594 ], [ 454981.218346798967104, 175912.521118766569998 ], [ 455028.747070401150268, 175932.751177855330752 ], [ 455049.124026368197519, 175979.972253404732328 ], [ 455137.397578900505323, 176047.419301795947831 ], [ 455137.401539087062702, 176067.658677487226669 ], [ 455164.558456681319512, 176067.653365066100378 ], [ 455205.307126612227876, 176135.109725321963197 ], [ 455225.678872945485637, 176155.345119051111396 ], [ 455205.315039369801525, 176175.588363451708574 ], [ 455205.324273214209825, 176222.813423034618609 ], [ 455273.229912532202434, 176290.264585673983674 ], [ 455293.614705835701898, 176377.964298437029356 ], [ 455341.15251675870968, 176445.419444953295169 ], [ 455361.53344416001346, 176512.879783357813722 ], [ 455381.908986229856964, 176553.354440203256672 ], [ 455449.81054185522953, 176600.566249524592422 ], [ 455497.343013209290802, 176641.035618442430859 ], [ 455565.24834032607032, 176708.486817129509291 ], [ 455585.616073155659251, 176708.482856139744399 ], [ 455673.885148839151952, 176755.690750286565162 ], [ 455673.889077395084314, 176775.930004712456139 ], [ 455721.409694258065429, 176755.681530971312895 ], [ 455741.781230683962349, 176775.916835792857455 ], [ 455809.677407154231332, 176796.143049035832519 ], [ 455897.937262379971799, 176796.125983896403341 ], [ 456006.564824711123947, 176796.105027475510724 ], [ 456094.824660988815594, 176796.088038449699525 ], [ 456183.084488808293827, 176796.071083543763962 ], [ 456210.241288747347426, 176796.065873527084477 ], [ 456318.868814248417038, 176796.045065699290717 ], [ 456339.236411284073256, 176796.041169997479301 ], [ 456386.760913870995864, 176796.032087071536807 ], [ 456427.496215748193208, 176796.024309577245731 ], [ 456454.65697999537224, 176816.258365928399144 ], [ 456495.397418162261602, 176843.236358825903153 ], [ 456542.916765660338569, 176816.241548203339335 ], [ 456563.276655176479835, 176775.759091635904042 ], [ 456583.635382074629888, 176728.530227322509745 ], [ 456651.519801061949693, 176688.038756089430535 ], [ 456699.040474353532773, 176667.790511900529964 ], [ 456766.932695559458807, 176667.777655629528454 ], [ 456787.304122181783896, 176688.013032555085374 ], [ 456807.675656457198784, 176708.248520974942949 ], [ 456895.939269653870724, 176728.471077501628315 ], [ 456943.468845244846307, 176755.44785989265074 ], [ 457031.736225081025623, 176795.909796928375727 ], [ 457167.533085477771237, 176863.348467479489045 ], [ 457228.639817272429354, 176883.57633979615639 ], [ 457276.169308890472166, 176910.553063903644215 ], [ 457316.899503957130946, 176883.559815012966283 ], [ 457344.056260516110342, 176883.554737344791647 ], [ 457364.423938670603093, 176883.550931193778524 ], [ 457384.791505141241942, 176883.547126881487202 ], [ 457432.320970462576952, 176910.523879062442575 ], [ 457473.056206473498605, 176910.51628319703741 ], [ 457473.059978892793879, 176930.755609311367152 ], [ 457520.58816456340719, 176950.985970246023498 ], [ 457540.959600166708697, 176971.221503147884505 ], [ 457588.489023428352084, 176998.198279250093037 ], [ 457656.393499449128285, 177065.649924406054197 ], [ 457785.399516128527466, 177126.343739820324117 ], [ 457961.934883354057092, 177214.014555943926098 ], [ 458118.094909182633273, 177261.210707555379486 ], [ 458165.635341172048356, 177348.905510637414409 ], [ 458233.543352357461117, 177436.596464937581914 ], [ 458410.086780154553708, 177571.492436849483056 ], [ 458566.250102892285213, 177638.928011827316368 ], [ 458722.424459268921055, 177767.081466411385918 ], [ 458858.224960121675394, 177861.506589960481506 ], [ 458946.491441228659824, 177901.969091027247487 ], [ 459034.762758147262502, 177969.417309554410167 ], [ 459190.937805892899632, 178104.317370544857113 ], [ 459190.941450342419557, 178124.556552404683316 ], [ 459231.680036192410626, 178144.788512137660291 ], [ 459231.683677831140812, 178165.027693256910425 ], [ 459258.848720766196493, 178212.247784138191491 ], [ 459279.223517574253492, 178252.72248214497813 ], [ 459279.232010648876894, 178299.947457362693967 ], [ 459319.979044762265403, 178367.404176785086747 ], [ 459347.142840027750935, 178407.877765777258901 ], [ 459367.510339469357859, 178407.874107153998921 ], [ 459387.882571421330795, 178434.856132125278236 ], [ 459408.253699371474795, 178455.091654642455978 ], [ 459435.410209537192713, 178455.086782958591357 ], [ 459476.153546224290039, 178502.304337721026968 ], [ 459476.157173312851228, 178522.543625027348753 ], [ 459476.160800792684313, 178542.782801831664983 ], [ 459503.32103529421147, 178563.017222725931788 ], [ 459523.696863090910483, 178610.238429412449477 ], [ 459544.067963873851113, 178630.473958137532463 ], [ 459564.443779439316131, 178677.695165476703551 ], [ 459544.083669106301386, 178718.177273846027674 ], [ 459544.095755307935178, 178785.641414344281657 ], [ 459544.104218354506884, 178832.866268716490595 ], [ 459564.478816387883853, 178873.341080877900822 ], [ 459591.640215699269902, 178900.32178338317317 ], [ 459591.647465729678515, 178940.800244256999576 ], [ 459591.651091369742062, 178961.039530020905659 ], [ 459564.499373092432506, 178988.029964471032145 ], [ 459564.503002126410138, 179008.269250844954513 ], [ 459544.13930335000623, 179028.512080293003237 ], [ 459564.515101842698641, 179075.733391713001765 ], [ 459564.518732634489425, 179095.972567744640401 ], [ 459591.678901470382698, 179116.206872878043214 ], [ 459612.046220778138377, 179116.203221853560535 ], [ 459659.575017577968538, 179143.180386000225553 ], [ 459659.578641218773555, 179163.419670750678051 ], [ 459700.316999716626015, 179183.651554301322903 ], [ 459747.856510515091941, 179271.346360004157759 ], [ 459808.962139633134939, 179291.574727311352035 ], [ 459965.132267298933584, 179406.235748546634568 ], [ 460304.63062855071621, 179649.046210463420721 ], [ 460569.440064208349213, 179844.645217602519551 ], [ 460854.620818605821114, 180067.226529103354551 ], [ 461105.85215608420549, 180269.574831500911387 ], [ 461166.96084023534786, 180310.042629964533262 ], [ 461194.121868918824475, 180337.023559420835227 ], [ 461234.856332945986651, 180337.016501072823303 ], [ 461282.383354796387721, 180357.247419959574472 ], [ 461302.75402742868755, 180377.483151938213268 ], [ 461350.277536556008272, 180377.474939145642566 ], [ 461391.015479113906622, 180397.707049862743588 ], [ 461411.390902819985058, 180444.928311443887651 ], [ 461438.550719684921205, 180465.162880581192439 ], [ 461479.288525333977304, 180485.395002431090688 ], [ 461506.449491457955446, 180512.375957598589594 ], [ 461526.820239559281617, 180532.611592352215666 ], [ 461547.190872763458174, 180552.847338770341594 ], [ 461839.15878917457303, 180775.428346429922385 ], [ 462015.692664560338017, 180883.340502862469293 ], [ 462524.943113476561848, 181308.27708094342961 ], [ 462973.06329974392429, 181571.311257100634975 ], [ 463102.066015585849527, 181638.753738618921489 ], [ 463197.126861975237262, 181726.441011108545354 ], [ 463305.754485028795898, 181746.662148627161514 ], [ 463326.129402857914101, 181793.883481092867441 ], [ 463346.496405792830046, 181793.880118056113133 ], [ 463373.652520312345587, 181793.875636894925265 ], [ 463414.382189202820882, 181766.883445825835224 ], [ 463441.534973695001099, 181746.63975695494446 ], [ 463461.898649393348023, 181726.397299633768853 ], [ 463482.265767234552186, 181726.393950275931275 ], [ 463502.63609915971756, 181746.629707800282631 ], [ 463529.795539265149273, 181766.864461957477033 ], [ 463550.162540903082117, 181766.861118099390296 ], [ 463597.685654513305053, 181766.85332301017479 ], [ 463618.052766147186048, 181766.849985360575374 ], [ 463638.41976616519969, 181766.846649597224314 ], [ 463658.783565187826753, 181746.604102973215049 ], [ 463706.306678476394154, 181746.596331994776847 ], [ 463747.044093684875406, 181766.828890353295719 ], [ 463794.567198883858509, 181766.821137398044812 ], [ 463842.090302059368696, 181766.813394613069249 ], [ 463882.821113325189799, 181746.567557387170382 ], [ 463930.344217080273665, 181746.559834348940058 ], [ 463998.220101034385152, 181658.845849026576616 ], [ 464059.324605113652069, 181679.075163063826039 ], [ 464106.852075658971444, 181706.052939256362151 ], [ 464147.589446494239382, 181726.285565213358495 ], [ 464215.482797366799787, 181746.51370967112598 ], [ 464330.906912043690681, 181813.958998927089851 ], [ 464459.912173130491283, 181901.64124807988992 ], [ 464575.336117230181117, 181969.086635085957823 ], [ 464663.603930456796661, 182036.536284198606154 ], [ 464704.344397823675536, 182077.008075158548309 ], [ 464772.252577362291049, 182191.685744995833375 ], [ 464975.928918661782518, 182232.131724090926582 ], [ 465220.361371390288696, 182414.245335000945488 ], [ 465573.42228823446203, 182630.074092998926062 ], [ 466130.173220142605714, 182987.545705463446211 ], [ 466286.339051241870038, 183115.702821005514124 ], [ 466333.872067531861831, 183183.15930519104586 ], [ 466306.743137953744736, 183358.569071786187124 ], [ 466422.169665646564681, 183453.000591048185015 ], [ 466530.809327124035917, 183560.925890161073767 ], [ 466551.179189206217416, 183581.161956746538635 ], [ 466775.247980384738185, 183803.758108201582218 ], [ 466911.042954509553965, 183911.679537278279895 ], [ 467087.578562650189269, 184066.819354670587927 ], [ 467535.696575516543817, 184397.324435523420107 ], [ 467780.127183823904488, 184599.67913329100702 ], [ 468044.923203640559223, 184795.284814759419532 ], [ 468153.568154110456817, 184950.435299036384095 ], [ 468357.26139256026363, 185132.557371918024728 ], [ 468397.990806841698941, 185105.565983266627882 ], [ 468445.519839764281642, 185152.78360848929151 ], [ 468486.256084247899707, 185173.016853592445841 ], [ 468533.778264828957617, 185173.009988581936341 ], [ 468581.303360904217698, 185193.242158931039739 ], [ 468642.407147685007658, 185220.218836064799689 ], [ 468689.929312195687089, 185220.21200335570029 ], [ 468730.662610565545037, 185220.206154993822565 ], [ 468757.818179160356522, 185220.202260310499696 ], [ 468981.844516326964367, 185172.945770685502794 ], [ 469042.947281682980247, 185193.176102853991324 ], [ 469158.371659835625906, 185287.608704533718992 ], [ 469267.00231737823924, 185348.310618528863415 ], [ 469355.261483557638712, 185375.283532904315507 ], [ 469442.741903643182013, 185375.271238897315925 ], [ 469443.516835385002196, 185375.271130149805686 ], [ 469531.77218131639529, 185375.258763167308643 ], [ 469647.185762376815546, 185395.481764360098168 ], [ 469715.08391090069199, 185462.935780947824242 ], [ 469755.819944635266438, 185483.169234720262466 ], [ 469844.075226099288557, 185483.156987195980037 ], [ 469911.973280688456725, 185550.611161893641111 ], [ 469932.35194933321327, 185638.310921909491299 ], [ 469979.87956508807838, 185678.78236447321251 ], [ 470000.255518782651052, 185746.243121243925998 ], [ 470136.048440744460095, 185860.912431107106386 ], [ 470244.679298803559504, 185928.360968539200258 ], [ 470489.086242706980556, 185989.044822281168308 ], [ 470645.247946968942415, 186123.950612966087647 ], [ 470760.670152388280258, 186211.63754952113959 ], [ 470916.831629597058054, 186346.543486804177519 ], [ 471005.100937810144387, 186454.473159714485519 ], [ 471134.10403453069739, 186569.143858012626879 ], [ 471249.522093598439824, 186629.845674221345689 ], [ 471317.416654206404928, 186677.061073056043824 ], [ 471446.409638330573216, 186717.522081532806624 ], [ 471473.56485378468642, 186717.518496526958188 ], [ 471493.934934835357126, 186744.501122270332417 ], [ 471493.937604133796412, 186764.740217057638802 ], [ 471534.670528058835771, 186764.734848411753774 ], [ 471602.561317275860347, 186784.964900478924392 ], [ 471650.08314634807175, 186784.958661001786822 ], [ 471717.965967368334532, 186744.47169291463797 ], [ 471738.328955718199722, 186717.483721383381635 ], [ 471758.698888707673177, 186744.466367069107946 ], [ 471779.067935939820018, 186764.702797769190511 ], [ 471806.223250319482759, 186764.69925364034134 ], [ 471846.956165334384423, 186764.693943851889344 ], [ 471894.480511573085096, 186784.926737414149102 ], [ 471935.21342027024366, 186784.921443686384009 ], [ 471935.216925056884065, 186811.906858338887105 ], [ 471982.743875158310402, 186852.378756639402127 ], [ 472023.479389854823239, 186872.612454607558902 ], [ 472050.638178080203943, 186899.594351873703999 ], [ 472091.376292066241149, 186940.067147112742532 ], [ 472091.379780232964549, 186967.05244871348259 ], [ 472118.534952062473167, 186967.048940043605398 ], [ 472091.385013441031333, 187007.530511757096974 ], [ 472050.654771995730698, 187027.77486974094063 ], [ 472023.502993589849211, 187054.763691174972337 ], [ 472003.139247677463572, 187075.005420717148809 ], [ 472003.144500464492012, 187115.483486634126166 ], [ 471982.786786312819459, 187182.94950163338217 ], [ 471982.795553016127087, 187250.412983385351254 ], [ 472003.168152058380656, 187297.634729904326377 ], [ 472023.539756217913236, 187338.110151288012275 ], [ 472071.067460383928847, 187385.328376980556641 ], [ 472091.439156236767303, 187425.803801963775186 ], [ 472118.603005823504645, 187493.263761657319264 ], [ 472138.969445889117196, 187493.261124990705866 ], [ 472179.708317229757085, 187540.480245378043037 ], [ 472519.187551029725, 187850.768310547427973 ], [ 472607.458038248354569, 187978.937522123742383 ], [ 472716.092973070160951, 188093.611408688651863 ], [ 472892.617223747191019, 188221.769498859124724 ], [ 472940.149651306157466, 188309.465908658399712 ], [ 472960.519406929030083, 188336.448738221748499 ], [ 473028.415466050384566, 188403.903625149192521 ], [ 473116.680356785480399, 188491.594935477391118 ], [ 473293.207394877856132, 188646.73856305659865 ], [ 473469.741708100715186, 188862.599406308087055 ], [ 473653.06034259108128, 189044.727802895620698 ], [ 473761.687546909262892, 189105.431521245074691 ], [ 473829.583218758285511, 189172.886486865347251 ], [ 473917.84003706270596, 189199.86106561194174 ], [ 474006.096006410371047, 189220.089359641890042 ], [ 474073.980787227803376, 189199.842033811175497 ], [ 474141.875502757844515, 189260.550764033192536 ], [ 474209.768435761914589, 189307.76698669148027 ], [ 474270.86948389490135, 189327.998556657839799 ], [ 474318.385678388993256, 189287.514814926922554 ], [ 474359.114801957737654, 189260.524535823409678 ], [ 474386.269642745668534, 189260.521272864454659 ], [ 474454.154540998802986, 189240.27418163488619 ], [ 474474.523094489530195, 189260.510692099895095 ], [ 474515.258688499568962, 189287.491195792128565 ], [ 474651.038114325609058, 189327.953016222658334 ], [ 474718.92529264598852, 189327.944955347309588 ], [ 474786.814972933381796, 189348.17586094813305 ], [ 474875.073932770290412, 189395.389864452125039 ], [ 474963.337606891640462, 189483.081785305490484 ], [ 475051.596465979178902, 189530.295739415450953 ], [ 475099.122200762853026, 189570.768171140924096 ], [ 475187.380988577613607, 189617.982173185911961 ], [ 475228.121123483404517, 189685.440672982600518 ], [ 475275.646788768877741, 189725.913135786511702 ], [ 475316.381397012504749, 189746.147455622121925 ], [ 475384.271536882733926, 189773.124840263539227 ], [ 475431.794923617155291, 189793.358394119568402 ], [ 475499.684252502978779, 189813.589499574154615 ], [ 475560.782552923366893, 189813.582469036744442 ], [ 475628.6727425280842, 189840.560035568429157 ], [ 475676.20060511137126, 189901.271509054902708 ], [ 475852.714497752487659, 189968.714714259287575 ], [ 475920.606885384768248, 190015.931295558199054 ], [ 475961.343655011150986, 190056.40465629089158 ], [ 476029.233592573553324, 190083.382335092726862 ], [ 476097.122862299147528, 190103.613612860412104 ], [ 476144.648253925843164, 190144.08623843503301 ], [ 476205.753998890635557, 190211.542588743235683 ], [ 476361.90366946317954, 190299.227488841337617 ], [ 476429.795826932997443, 190346.444207018852467 ], [ 476545.2056235257769, 190366.6703362208209 ], [ 476633.468167801387608, 190454.362819354806561 ], [ 476762.465667723212391, 190569.036200554633979 ], [ 476898.250944091414567, 190676.96248571263277 ], [ 477074.768092518381309, 190784.884535274177324 ], [ 477230.917657873942517, 190879.316180775960675 ], [ 477387.063466505147517, 190940.01628720399458 ], [ 477475.325409264012706, 191027.709055304934736 ], [ 477590.742546208726708, 191122.145384972915053 ], [ 477699.36321620590752, 191142.372801424353383 ], [ 477787.617841141589452, 191162.602523352979915 ], [ 477903.036870994837955, 191277.277801151882159 ], [ 477964.143936107284389, 191364.973581437312532 ], [ 478276.443843081709929, 191580.823426297487458 ], [ 478500.482630348938983, 191715.726817720511463 ], [ 478636.268958654080052, 191850.639359916414833 ], [ 478968.931292712164577, 192046.249112699588295 ], [ 479478.108098800701555, 192356.529305563424714 ], [ 479654.622371225443203, 192464.453224473982118 ], [ 480014.437633073248435, 192666.80799044307787 ], [ 480123.059600224660244, 192714.021846691699466 ], [ 480211.317173843795899, 192774.730382205190836 ], [ 480367.46295175148407, 192862.417757132556289 ], [ 480503.240999584610108, 192929.868134689080762 ], [ 480543.976916601939593, 192977.088634742336581 ], [ 480700.122498746437486, 193064.776230221003061 ], [ 480944.523646243440453, 193199.680037350946805 ], [ 481412.960603312705643, 193482.982822090008995 ], [ 481901.765939627657644, 193813.509039728814969 ], [ 482234.422335163108073, 194015.869687146419892 ], [ 482349.836806231585797, 194123.800740733568091 ], [ 482370.206383832264692, 194171.023160181095591 ], [ 482438.099243970296811, 194258.71941541635897 ], [ 482526.355895334039815, 194326.175102111883461 ], [ 482614.606840326450765, 194326.167696763353888 ], [ 482770.750335900986101, 194413.856677050353028 ], [ 482838.641271437751129, 194481.314063080324559 ], [ 482974.415147410531063, 194521.780728119105333 ], [ 483191.657292113522999, 194636.450260290177539 ], [ 483395.32001888792729, 194724.135823685472133 ], [ 484176.038273264595773, 195230.047567892703228 ], [ 484372.914920120325405, 195364.958648601721507 ], [ 484773.455611292447429, 195628.034530431992607 ], [ 484882.07775309792487, 195715.728470647562062 ], [ 485038.22415468696272, 195870.882076396228513 ], [ 485126.477760848938487, 195918.099790843873052 ], [ 485282.62178222759394, 196046.268311269872356 ], [ 485506.647464059758931, 196133.954330388427479 ], [ 485886.816908999462612, 196356.555800986272516 ], [ 486171.94856917951256, 196599.403146566182841 ], [ 486572.482979438151233, 196842.243367642397061 ], [ 486864.395918473543134, 196997.389371477795066 ], [ 487040.903767866548151, 197132.304082861315692 ], [ 487264.931610375293531, 197287.454811653296929 ], [ 487597.577963387477212, 197510.062280000478495 ], [ 487957.380721426161472, 197793.385161039041122 ], [ 488357.903220841020811, 197908.048989186121617 ], [ 488663.394811630598269, 198150.898352008254733 ], [ 489355.82818105968181, 198481.429461786203319 ], [ 489423.714146777696442, 198521.903693897358608 ], [ 489511.964471199025866, 198548.884341416240204 ], [ 489579.846811939205509, 198521.895632064028177 ], [ 489647.735121268313378, 198609.59398488237639 ], [ 489776.717669117613696, 198677.05044393290882 ], [ 489892.123308786016423, 198744.50754568411503 ], [ 489912.492839464859571, 198832.208349761000136 ], [ 489980.384123264695518, 198987.369790609489428 ], [ 490068.639449206180871, 199122.291312271758216 ], [ 490360.551408592553344, 199385.382654393906705 ], [ 490733.918679492082447, 199560.768831170571502 ], [ 491093.705853235151153, 199675.439679606526624 ], [ 491310.930647024186328, 199628.206190104479901 ], [ 491670.718164118297864, 199763.116870075376937 ], [ 492091.603645484079607, 199985.727554580545984 ], [ 492512.488925090699922, 200228.57801677371026 ], [ 493069.14061829977436, 200511.902245842851698 ], [ 493361.044548114819918, 200714.28114985965658 ], [ 493646.158753783674911, 200889.675474802032113 ], [ 493897.331604601873551, 201085.310038866795367 ], [ 494338.576532921637408, 201307.924760861613322 ], [ 494691.572935435338877, 201530.542640348692657 ], [ 495207.488513590942603, 201820.619988096615998 ], [ 495316.102059196913615, 201881.334083871479379 ], [ 495716.61509697791189, 202151.17663757133414 ], [ 495988.147737407765817, 202279.350492023018887 ], [ 496538.000185424520168, 202549.191719590133289 ], [ 496918.146200217423029, 202859.514742313534953 ], [ 497339.01878050348023, 203055.151094898785232 ], [ 497895.65594454103848, 203365.473683600866934 ], [ 497983.904209101689048, 203520.637456245982321 ], [ 498167.187251469993498, 203696.039182616310427 ], [ 498323.316084037185647, 203743.261812255892437 ], [ 498852.797214410966262, 204073.826235093816649 ], [ 498968.196701440319885, 204161.527353916550055 ], [ 499280.454213111428544, 204512.332994353811955 ], [ 499925.330271190672647, 204890.123819645785261 ], [ 500298.678466436685994, 205112.751682078291196 ], [ 500475.170011872251052, 205220.692609519319376 ], [ 500610.93279401876498, 205240.931912444037152 ], [ 500726.33157452364685, 205153.230541170487413 ], [ 500678.814940249139909, 205045.289681004302111 ], [ 500726.332147145411, 204998.065833385917358 ], [ 500787.425187952874694, 205065.529013269406278 ], [ 500834.942215835442767, 205065.529209102853201 ], [ 500875.671292871586047, 205025.051641058351379 ], [ 500943.552838929579593, 205025.051954704918899 ], [ 501011.434065889625344, 205065.530036917800317 ], [ 501215.077718796324916, 205200.456971123232506 ], [ 501411.933165063383058, 205308.39886942767771 ], [ 501479.813487229694147, 205443.325155610393267 ], [ 501588.423327882657759, 205490.550024252122967 ], [ 501724.185042848461308, 205598.491867867734982 ], [ 501832.794880450761411, 205618.731670880428283 ], [ 502036.437399527640082, 205753.659472429280868 ], [ 502124.680606727371924, 205976.288090470508905 ], [ 502233.28842629463179, 206151.692850764840841 ], [ 502348.686354174744338, 206151.694201079197228 ], [ 502593.056344322510995, 206306.861912672378821 ], [ 502749.180533532460686, 206462.028786501061404 ], [ 503102.15586119267391, 206833.080038278683787 ], [ 503278.64500620320905, 206900.545889988396084 ], [ 503346.525100909464527, 206947.771075366297737 ], [ 503394.039447291637771, 207075.951447076949989 ], [ 503523.00966949108988, 207258.103599101101281 ], [ 503814.893815575982444, 207413.273869185883086 ], [ 503991.380949896003585, 207541.456972936633974 ], [ 504167.869154848682228, 207608.92354145392892 ], [ 504595.509713811974507, 207919.262760635552695 ], [ 504792.358802295580972, 208094.671147498476785 ], [ 504948.480439603619743, 208229.600930946908193 ], [ 505104.602571407158393, 208337.545629325963091 ], [ 505281.089681821758859, 208405.013351080589928 ], [ 505369.332256819528993, 208472.478659308952047 ], [ 505613.697437861235812, 208607.411581275286153 ], [ 505858.063212573935743, 208715.359490715898573 ], [ 506149.944855505542364, 208823.309334425139241 ], [ 506353.581631218316033, 208938.002875201549614 ], [ 506659.036344607593492, 209113.416855284478515 ], [ 506903.402374704368412, 209180.88845387211768 ], [ 507059.525146168074571, 209221.371889906615252 ], [ 507086.673885051219258, 209309.074739957635757 ], [ 507283.520211956929415, 209464.246842268825276 ], [ 507684.000590984942392, 209754.353230979730142 ], [ 507928.360202149196994, 209950.005845172592672 ], [ 508172.720931156538427, 210105.180882748158183 ], [ 508288.117468974436633, 210084.946981903311098 ], [ 508349.207181049045175, 210132.173709713912103 ], [ 508417.08700255502481, 210132.176672315370524 ], [ 508484.967905795318075, 210105.194420689484105 ], [ 508532.486440722248517, 210044.479877179808682 ], [ 508484.973565667285584, 209977.014733687508851 ], [ 508593.583460096037015, 209929.795474341284717 ], [ 508661.463245382357854, 209929.798520364973228 ], [ 508817.582921258464921, 210017.50750809229794 ], [ 508905.822619153128471, 210105.213470522488933 ], [ 509041.578058530052658, 210192.92170918249758 ], [ 509150.182517842389643, 210260.38990464474773 ], [ 509245.209907561365981, 210348.096360407886095 ], [ 509306.299310492235236, 210395.323407427524216 ], [ 509285.933168456307612, 210442.546514392219251 ], [ 509218.054740724270232, 210415.557996488758363 ], [ 509197.685386648459826, 210530.244165330455871 ], [ 509265.562033801630605, 210590.96420550122275 ], [ 509265.558771832438651, 210658.427150370873278 ], [ 509394.527700913720764, 210705.657527059083804 ], [ 509394.524391733983066, 210773.120585289085284 ], [ 509421.674266218265984, 210813.599732592469081 ], [ 509550.642045383516233, 210881.069073737016879 ], [ 509618.520491545437835, 210901.311436058982508 ], [ 509754.278254014148843, 210928.303445109981112 ], [ 509795.007238326536026, 210901.320387641346315 ], [ 509862.886809639458079, 210901.323873897839803 ], [ 509862.882288825174328, 210989.025794967572438 ], [ 509978.272537627955899, 211083.479988601058722 ], [ 510107.23781101568602, 211191.427546037331922 ], [ 510263.358250075369142, 211231.913689955719747 ], [ 510595.96854677144438, 211211.692986859095981 ], [ 510752.091274206584785, 211211.701707469153916 ], [ 510779.238028061285149, 211299.405181571404682 ], [ 510887.838582787255291, 211414.098546500259545 ], [ 511023.593393329472747, 211481.569317728601163 ], [ 511132.203033605241217, 211434.351500825287076 ], [ 511308.684160794888157, 211522.063833686552243 ], [ 511464.803827131632715, 211569.297276036115363 ], [ 511553.044482245866675, 211609.780438714689808 ], [ 511641.286337091820315, 211630.024779530998785 ], [ 511641.283454218530096, 211677.248908248846419 ], [ 511709.162783201725688, 211677.253064596705372 ], [ 511709.159882871841546, 211724.477194470266113 ], [ 511933.157643268990796, 211785.207796108967159 ], [ 512041.761400363233406, 211832.438762622216018 ], [ 512109.638109197490849, 211872.920911520079244 ], [ 512177.512953388504684, 211940.388355242059333 ], [ 512225.024049507686868, 212007.854407118138624 ], [ 512265.745909137534909, 212095.559015809558332 ], [ 512353.988792923395522, 212095.564724022842711 ], [ 512381.136102725577075, 212163.029611056932481 ], [ 512442.224178437434603, 212210.257739500812022 ], [ 512442.221530187467579, 212250.735592016484588 ], [ 512510.096232032694388, 212318.203171740751714 ], [ 512625.489344993140548, 212338.44967310942593 ], [ 512686.575954531959724, 212405.916871257970342 ], [ 512754.453686555556487, 212426.160288677550852 ], [ 512842.693237968720496, 212473.390382664831122 ], [ 512890.207168757042382, 212493.632585920277052 ], [ 512930.932747245416977, 212520.620520491647767 ], [ 512998.808920132112689, 212561.103015291650081 ], [ 513046.322814145765733, 212581.34526015620213 ], [ 513066.684711874055211, 212608.331828230730025 ], [ 513114.19998575426871, 212608.335104684840189 ], [ 513154.925977306207642, 212628.576909484254429 ], [ 513202.433738034742419, 212736.52110596789862 ], [ 513222.797366250189953, 212736.522524118772708 ], [ 513270.315441435377579, 212696.047976353554986 ], [ 513311.044711562164593, 212669.065658781153616 ], [ 513358.560085268050898, 212669.068997358030174 ], [ 513399.287358368572313, 212669.071868450322654 ], [ 513446.800821348617319, 212696.06040042967652 ], [ 513487.525212538253982, 212736.541159026819514 ], [ 513535.037202753126621, 212783.768704970309045 ], [ 513535.038646862958558, 212763.529825695819454 ], [ 513555.404202575213276, 212736.545996712055057 ], [ 513602.91945202939678, 212736.549397538590711 ], [ 513643.646825192496181, 212736.552322005300084 ], [ 513670.796500106342137, 212763.539560577046359 ], [ 513711.522405475960113, 212783.781380465836264 ], [ 513759.034709162893705, 212824.262693438242422 ], [ 513799.762065650545992, 212824.265652636939194 ], [ 513847.278774776728824, 212804.030234586767619 ], [ 513888.006136826879811, 212804.033212453330634 ], [ 513935.519887628557626, 212824.275579798792023 ], [ 513955.881525494332891, 212851.262364206137136 ], [ 514023.755495148012415, 212918.730425653775455 ], [ 514091.637831368425395, 212871.511287712317426 ], [ 514247.752773558779154, 212959.225009276909987 ], [ 514247.749223038495984, 213006.449184078344842 ], [ 514044.114610438235104, 212979.448803830542602 ], [ 514071.248155241773929, 213222.317974878766108 ], [ 514179.844039338000584, 213357.252420651959255 ], [ 514268.081302661215886, 213424.722118572652107 ], [ 514403.835744317620993, 213465.210294074815465 ], [ 514559.951498901762534, 213532.685433116654167 ], [ 514716.065684103872627, 213620.399598618823802 ], [ 515021.50353693892248, 213822.812998451583553 ], [ 515381.249046755256131, 213957.768269424355822 ], [ 515578.091881802072749, 214018.50133407471003 ], [ 515713.846686063741799, 214045.497904867981561 ], [ 515890.329145823023282, 214065.751594155386556 ], [ 516066.811579795205034, 214086.005451472621644 ], [ 516182.205105254950467, 214086.015320955018979 ], [ 516250.087055735697504, 214045.543354879191611 ], [ 516317.967980330227874, 214018.563902540190611 ], [ 516406.213616393913981, 213978.093641154817306 ], [ 516467.308405939256772, 213930.874745145178167 ], [ 516467.319590639555827, 213802.694690350588644 ], [ 516514.836984544119332, 213775.713525421684608 ], [ 516603.075066847726703, 213822.945486152078956 ], [ 516650.591882896493189, 213802.710766448144568 ], [ 516759.189974647248164, 213890.422524263325613 ], [ 516915.310716304404195, 213890.436454577516997 ], [ 517268.253576017566957, 214173.813839533278951 ], [ 517315.760582760791294, 214261.520481328654569 ], [ 517336.113520736689679, 214376.209743334475206 ], [ 517492.227740434813313, 214443.687449932360323 ], [ 517716.211947602510918, 214598.873753898631549 ], [ 517851.964859863277525, 214639.364535682543647 ], [ 518096.31861123861745, 214727.090099096181802 ], [ 518313.531305499491282, 214706.872215103037888 ], [ 518496.800873026018962, 214727.129082384839421 ], [ 518625.761071460554376, 214814.844045570527669 ], [ 518809.001462435175199, 215125.19339738151757 ], [ 518958.321923320996575, 215239.895910957769956 ], [ 519141.584173661423847, 215327.616783284116536 ], [ 519494.55063702451298, 215327.653161093388917 ], [ 519630.299910009664018, 215395.130668922734912 ], [ 519759.259160949732177, 215482.846505369292572 ], [ 519962.891429599956609, 215503.107037119130837 ], [ 520003.625406047445722, 215435.648140649893321 ], [ 519962.905806936323643, 215368.180445853533456 ], [ 520119.027722815459128, 215347.958200941036921 ], [ 520159.752465839497745, 215368.201518006972037 ], [ 520254.769503110670485, 215482.899433621845674 ], [ 520383.735780981951393, 215503.15236778758117 ], [ 520451.606603334250394, 215570.623135881993221 ], [ 520431.233536326035392, 215658.323224668391049 ], [ 520471.948585022939369, 215766.26893472642405 ], [ 520539.826683120045345, 215766.276375737448689 ], [ 520675.570095317205414, 215880.979029843554599 ], [ 520784.168113782361615, 215941.708027516811853 ], [ 520784.157608669076581, 216036.156785601720912 ], [ 520872.386894206749275, 216144.107909278711304 ], [ 520899.540371202165261, 216123.871996107249288 ], [ 520960.62376232718816, 216184.595805635355646 ], [ 521028.494014388823416, 216252.06683178115054 ], [ 521204.971166711475234, 216299.311135112453485 ], [ 521184.603258885676041, 216339.786839590640739 ], [ 521585.067063644120935, 216474.759462874470046 ], [ 521673.308241411752533, 216474.769699571537785 ], [ 521761.541547932545654, 216542.243288836209103 ], [ 521829.414557419193443, 216582.729258642881177 ], [ 522005.891372180951294, 216629.974372921453323 ], [ 522277.402520553383511, 216630.006639832805376 ], [ 522365.649326462997124, 216582.792844977113418 ], [ 522542.149606579914689, 216434.394673926086398 ], [ 522345.327952724532224, 216231.980768541310681 ], [ 522433.57171423593536, 216211.752386292733718 ], [ 522453.930291228578426, 216252.232879419985693 ], [ 522562.531685668800492, 216279.231268244795501 ], [ 522650.768089589371812, 216319.720007449854165 ], [ 522698.272067743469961, 216407.428207019227557 ], [ 522766.149902545788791, 216407.436480392614612 ], [ 522650.751704331021756, 216454.646803736570291 ], [ 522589.661661202379037, 216454.639392771059647 ], [ 522589.646127753367182, 216582.81986326072365 ], [ 522650.727927556610666, 216650.290733672154602 ], [ 522718.595085843757261, 216738.001428403018508 ], [ 522942.575116391933989, 216872.955715187563328 ], [ 523098.688098859391175, 216920.199414572678506 ], [ 523478.789690616598818, 217028.188553422281984 ], [ 523743.504227616300341, 217095.685553403076483 ], [ 524008.227213145117275, 217095.719550643523689 ], [ 524320.464625692693517, 217095.760134461015696 ], [ 524388.357314837747253, 216981.081075815483928 ], [ 524435.877049859263934, 216940.609327622310957 ], [ 524612.345083762193099, 217048.574114908376941 ], [ 524877.056539457291365, 217136.311886259383755 ], [ 525209.63260154845193, 217318.508159758348484 ], [ 525453.974682653322816, 217446.722190358967055 ], [ 525589.707666104775853, 217561.423481499485206 ], [ 525589.707594940788113, 217562.74555777059868 ], [ 525584.36710458714515, 217567.901482356741326 ], [ 525578.199430910870433, 217573.85577798387385 ], [ 525766.171486474457197, 217736.858523760107346 ], [ 525813.646267399541102, 218020.212067116051912 ], [ 525854.366139115416445, 218067.442222947545815 ], [ 525905.105518503230996, 218129.527673552336637 ], [ 525942.591648393776268, 218175.396197082096478 ], [ 526057.967082096729428, 218290.1005002282036 ], [ 526214.060039981501177, 218465.527830472885398 ], [ 526478.766112124547362, 218573.50725114918896 ], [ 526499.129238165100105, 218573.510172274312936 ], [ 526566.999754151562229, 218620.744422713876702 ], [ 526790.978998861042783, 218728.718596180115128 ], [ 526877.499612344778143, 218741.817436092096614 ], [ 526988.767127694212832, 218758.662893984524999 ], [ 527103.207271199207753, 218775.988708637974923 ], [ 527191.441681414027698, 218816.479867362009827 ], [ 527279.672064947313629, 218883.956561199825956 ], [ 527357.602012194111012, 218883.967996380379191 ], [ 527367.912400744971819, 218883.969636927446118 ], [ 527435.78562163549941, 218910.965104217233602 ], [ 527544.379984547151253, 218971.698628875717986 ], [ 527727.635112811229192, 219059.428833125915844 ], [ 528019.493957401136868, 219148.732804044731893 ], [ 528168.815925190108828, 219194.423064010712551 ], [ 528194.62836328370031, 219220.086131566058611 ], [ 528218.821697707986459, 219234.817957758408738 ], [ 528277.405888060340658, 219282.142471663333708 ], [ 528392.786561617976986, 219349.623844764340902 ], [ 528725.3525229311781, 219552.066566415072884 ], [ 528769.550087874406017, 219570.901254853815772 ], [ 528775.818934033391997, 219574.730419233208522 ], [ 528804.218277350533754, 219592.077861392695922 ], [ 528953.615622444776818, 219644.002768603444565 ], [ 529037.56650102592539, 219680.29666277448996 ], [ 529173.302332059945911, 219795.006516902591102 ], [ 529234.385085527552292, 219835.49446852991241 ], [ 529302.258829304832034, 219855.744353255577153 ], [ 529655.330992009141482, 219968.366996323631611 ], [ 529824.329504591529258, 220106.691125140438089 ], [ 529906.122050762875006, 220165.985297411883948 ], [ 529906.312855159398168, 220166.175002501200652 ], [ 529926.671559192589484, 220193.163867975148605 ], [ 530091.703455540467985, 220283.696993135672528 ], [ 530120.824856951483525, 220301.908381818473572 ], [ 530163.761370031279512, 220326.715543021768099 ], [ 530367.827365547185764, 220456.345147661399096 ], [ 530552.877689894870855, 220591.73313958325889 ], [ 530726.277296205749735, 220729.557530504942406 ], [ 530860.939262327970937, 220821.547946799371857 ], [ 530992.21469239378348, 220921.950110306730494 ], [ 531127.953070727759041, 221009.676151965832105 ], [ 531236.540550604695454, 221097.397665756900096 ], [ 531276.08379527926445, 221131.097468223364558 ], [ 531284.047193765291013, 221137.884106316749239 ], [ 531304.410216564894654, 221137.88759784962167 ], [ 531329.362943646265194, 221137.891879451053683 ], [ 531349.544630743097514, 221142.163345782493707 ], [ 531380.20803463854827, 221170.704744600720005 ], [ 531392.64160254446324, 221185.127427787607303 ], [ 531508.012998178019188, 221293.089406556537142 ], [ 531532.530027185450308, 221308.325279566081008 ], [ 531600.838934593950398, 221361.061565974086989 ], [ 531655.419283345574513, 221399.165049550094409 ], [ 531704.827930193278007, 221448.29042418897734 ], [ 531813.425491569447331, 221475.294933810888324 ], [ 531881.301989713916555, 221475.306796007120283 ], [ 531910.570491278311238, 221458.690328200231306 ], [ 531925.55228442826774, 221455.071013275533915 ], [ 531932.779045768897049, 221446.362957919132896 ], [ 531969.549659852520563, 221428.097447479638504 ], [ 531969.553209519130178, 221407.858339226804674 ], [ 532037.429629937279969, 221407.870255928835832 ], [ 532125.665603988338262, 221428.124896218650974 ], [ 532261.410201966064051, 221475.373691489658086 ], [ 532345.413337370730005, 221475.388582224521087 ], [ 532418.196326491306536, 221517.056370056670858 ], [ 532428.891883487114683, 221519.273020019376418 ], [ 532485.391736344085075, 221536.130944168398855 ], [ 532505.760731912218034, 221495.658441908570239 ], [ 532505.777080014115199, 221495.656234172463883 ], [ 532553.275369138689712, 221495.664713622565614 ], [ 532573.638372424524277, 221495.668352641543606 ], [ 532682.24069152562879, 221495.687799110135529 ], [ 532682.24544771714136, 221469.168533481744817 ], [ 532691.781109066330828, 221455.20684775870177 ], [ 532667.61821507033892, 221407.982101432571653 ], [ 532709.407068713568151, 221407.989595118589932 ], [ 532770.492255636607297, 221428.239688196888892 ], [ 532805.16308262955863, 221443.015659580298234 ], [ 532806.328232003608719, 221444.174143332929816 ], [ 532744.045700600952841, 221475.11214740696596 ], [ 532757.944995453814045, 221498.804382479574997 ], [ 532770.472844092175364, 221536.182000476954272 ], [ 532801.018210559268482, 221579.569441554078367 ], [ 532806.301960986340418, 221590.077538111130707 ], [ 532810.029711668146774, 221592.369777234474896 ], [ 532817.97421381669119, 221603.654515496775275 ], [ 532891.811489262152463, 221643.188537652837113 ], [ 532964.193839844316244, 221726.061505622783443 ], [ 532964.481062983395532, 221726.221609267406166 ], [ 532974.065678036655299, 221738.610545872885268 ], [ 533001.264080113265663, 221746.725826591748046 ], [ 533037.584174710907973, 221766.97198479869985 ], [ 533105.58877302322071, 221758.873548204952385 ], [ 533130.177798433811404, 221758.878022575343493 ], [ 533150.544356925529428, 221738.642602198931854 ], [ 533169.026679999544285, 221757.019302939181216 ], [ 533142.110697121242993, 221820.046787532046437 ], [ 533162.429682016838342, 221853.960329936991911 ], [ 533170.882746095885523, 221873.574168396589812 ], [ 533259.105992630589753, 221961.293399992166087 ], [ 533286.256461630924605, 221961.298368085117545 ], [ 533363.537770577589981, 221937.67948481158237 ], [ 533383.40109586797189, 221996.943595377641032 ], [ 533380.831509086419828, 222001.794082545442507 ], [ 533374.488282285165042, 222001.792917963699438 ], [ 533379.183382562478073, 222004.90517154999543 ], [ 533377.853200470795855, 222007.415793498512357 ], [ 533391.673033458995633, 222013.184282056230586 ], [ 533415.20913177379407, 222028.78590985442861 ], [ 533462.72255263174884, 222028.794650143943727 ], [ 533555.060404647840187, 222052.754656655772123 ], [ 533603.580646128859371, 222069.93591034488054 ], [ 533624.449576308601536, 222110.346862128935754 ], [ 533624.702707487624139, 222110.837012115167454 ], [ 533592.442419951665215, 222163.886865015287185 ], [ 533634.688146195840091, 222236.846436700434424 ], [ 533635.862144932034425, 222237.60413653292926 ], [ 533639.161051018047146, 222244.711906565178651 ], [ 533707.028596331365407, 222291.949259922053898 ], [ 533719.369031296460889, 222299.311720813071588 ], [ 533760.334405082743615, 222340.770746842812514 ], [ 533833.724134031566791, 222382.786944331834093 ], [ 533875.489630534313619, 222387.190189914021175 ], [ 533931.000038278987631, 222399.933407806180185 ], [ 533996.476653468329459, 222399.945661985198967 ], [ 534022.774698312627152, 222402.718226207769476 ], [ 534045.979852354736067, 222399.954942365468014 ], [ 534107.478215270792134, 222399.966490291146329 ], [ 534154.999184186453931, 222359.49702272308059 ], [ 534155.004261851659976, 222332.51138352570706 ], [ 534138.444654969498515, 222332.508268585341284 ], [ 534138.445166507270187, 222329.788161803706316 ], [ 534135.222962430911139, 222323.548630658682669 ], [ 534127.858193618478253, 222309.287161359476158 ], [ 534127.861437913146801, 222292.02787471114425 ], [ 534103.719218199257739, 222280.024538349185605 ], [ 534085.076727241044864, 222267.879650432732888 ], [ 534075.357347570592538, 222260.066127273516031 ], [ 534039.634938402450643, 222224.547385108249728 ], [ 534059.997773846844211, 222224.551202727423515 ], [ 534072.269856259808876, 222224.553504596929997 ], [ 534075.075844130129553, 222225.875232020975091 ], [ 534106.172667069826275, 222234.015082469180925 ], [ 534122.618759712669998, 222242.1920877128141 ], [ 534179.59812444052659, 222298.846661576273618 ], [ 534221.849431072128937, 222340.857167566718999 ], [ 534237.072748807026073, 222344.443850291892886 ], [ 534263.601240798714571, 222359.517491206643172 ], [ 534305.266156135243364, 222359.52536113752285 ], [ 534316.372656858875416, 222361.876287456048885 ], [ 534352.235209675040096, 222369.851065941504203 ], [ 534372.199363322928548, 222379.777174964081496 ], [ 534396.894201222457923, 222379.781853527238127 ], [ 534410.895867960993201, 222382.895460021361941 ], [ 534494.290444986429065, 222444.80979629320791 ], [ 534567.678108183317818, 222496.774298060539877 ], [ 534651.078286646632478, 222528.844798085454386 ], [ 534654.045172743848525, 222529.649603512953036 ], [ 534664.037669829674996, 222534.999986864218954 ], [ 534731.910055692307651, 222555.252240100002382 ], [ 534751.502994886483066, 222564.993846662371652 ], [ 534777.845892123295926, 222580.819606231496437 ], [ 534787.226576461223885, 222595.70424207742326 ], [ 534830.097899312037043, 222663.72944516694406 ], [ 534883.735430012107827, 222710.662049438251415 ], [ 534913.4900894848397, 222736.697327007452259 ], [ 534926.183357421075925, 222729.436643824155908 ], [ 534928.717217962257564, 222730.696546262886841 ], [ 534996.597330784541555, 222710.470370146242203 ], [ 535016.960128351580352, 222710.474303638533456 ], [ 535102.959964894573204, 222710.490941510244738 ], [ 535120.865098588052206, 222734.970972760085715 ], [ 535144.797341741272248, 222767.691313755087322 ], [ 535150.313354943180457, 222772.428064512612764 ], [ 535152.699366594664752, 222777.964688927371753 ], [ 535220.562448637327179, 222845.441869384376332 ], [ 535308.797468661796302, 222865.698328796075657 ], [ 535349.527102032676339, 222845.466994806891307 ], [ 535405.123960478813387, 222884.954322830308229 ], [ 535438.358711296110414, 222913.652243138931226 ], [ 535521.748400363954715, 222997.673778545373352 ], [ 535547.800864948774688, 223008.147599129093578 ], [ 535573.483886949950829, 223020.917456570750801 ], [ 535656.872573180124164, 223040.061521201452706 ], [ 535699.66297187411692, 223091.661977938289056 ], [ 535751.922717504668981, 223132.569572659267578 ], [ 535846.449626150890253, 223132.588281209900742 ], [ 535909.751409907243215, 223132.600837372621754 ], [ 535933.200352958170697, 223155.916723530855961 ], [ 535993.595954361837357, 223169.782300954335369 ], [ 536035.492895950563252, 223185.681781972903991 ], [ 536130.011628904030658, 223226.597930459829513 ], [ 536224.530104100820608, 223268.619467654498294 ], [ 536329.059489852515981, 223299.58975018930505 ], [ 536454.711915540508926, 223362.619000498438254 ], [ 536549.236751145799644, 223372.586088707263116 ], [ 536674.899616685230285, 223383.664878713112557 ], [ 536799.383416501805186, 223456.610323256842094 ], [ 536799.437790754251182, 223456.642167918151245 ], [ 536798.857692037126981, 223456.826750856271246 ], [ 536862.977478179032914, 223479.103551780426642 ], [ 536910.544361501117237, 223506.927312843850814 ], [ 536930.907104127691127, 223506.931476226687664 ], [ 536934.059713565860875, 223503.799275749799563 ], [ 536952.975964723620564, 223510.371255447505973 ], [ 537062.234057380119339, 223548.330227054451825 ], [ 537066.649370147730224, 223554.184203937562415 ], [ 537087.008063748129643, 223574.42758737076656 ], [ 537107.366641544620506, 223594.671084424713627 ], [ 537263.489764222991653, 223554.224725005420623 ], [ 537290.640089502092451, 223554.230330945720198 ], [ 537312.290139713557437, 223539.891003598226234 ], [ 537342.116876038489863, 223535.232220996636897 ], [ 538027.095927697955631, 223832.710066134866793 ], [ 538037.100443576229736, 223852.608191017265199 ], [ 537482.108951753354631, 224160.880032268934883 ], [ 537485.441039247671142, 224180.776731108053355 ], [ 537487.350252219242975, 224180.777128643792821 ], [ 537487.347252886858769, 224195.180951548623852 ], [ 537507.709928605589084, 224195.185192990931682 ], [ 537534.856054553063586, 224215.43017372925533 ], [ 537552.792004170711152, 224197.61040885024704 ], [ 537556.438102535554208, 224195.799306494940538 ], [ 537595.944189928704873, 224215.442922261951026 ], [ 537595.939962565898895, 224235.682134812872391 ], [ 537643.447445478988811, 224262.677794138726313 ], [ 537663.805880609783344, 224282.921379001054447 ], [ 537703.87233108736109, 224265.863967294630129 ], [ 537711.317118249833584, 224291.371658812713576 ], [ 537711.314645463600755, 224303.17054464892135 ], [ 537718.393313365057111, 224310.209247029211838 ], [ 537722.28417335159611, 224320.098269056034042 ], [ 537731.669960555504076, 224338.765678978292271 ], [ 537731.667520477902144, 224350.399759839783655 ], [ 537779.180512143298984, 224350.40973152485094 ], [ 537806.277523039490916, 224363.883255325432401 ], [ 537806.792653972632252, 224364.329365849145688 ], [ 537807.557166113168932, 224364.519533454615157 ], [ 537819.901696007931605, 224370.6576162983838 ], [ 537840.260100403800607, 224390.901116221066331 ], [ 537887.773086197092198, 224390.911118391697528 ], [ 537913.082593558123335, 224390.916451532772044 ], [ 537921.330167423933744, 224394.197495399712352 ], [ 537935.287588022998534, 224411.160464242915623 ], [ 537920.84539639914874, 224411.15741853491636 ], [ 537901.310709502198733, 224404.141282380995108 ], [ 537872.397908786428161, 224398.608521566377021 ], [ 537886.851631530094892, 224414.086242529127048 ], [ 537878.307851988240145, 224434.324435831338633 ], [ 537872.387433952884749, 224448.348551598086488 ], [ 537882.388659260235727, 224483.721348387189209 ], [ 537937.054666933603585, 224512.930939195561223 ], [ 537955.620365729904734, 224525.853893168503419 ], [ 537960.262663157423958, 224535.087176965287654 ], [ 537966.890725578763522, 224557.796561896655476 ], [ 537981.344426341354847, 224573.274294276459841 ], [ 538012.599575416417792, 224575.582097717386205 ], [ 538043.844448435935192, 224593.336840136296814 ], [ 538064.212805415736511, 224566.355411992117297 ], [ 538079.294809446670115, 224555.117467772884993 ], [ 538091.445206390926614, 224547.874907751451246 ], [ 538117.022928986698389, 224547.880330185143976 ], [ 538141.480132419499569, 224587.677554999128915 ], [ 538149.407069265726022, 224586.309065151173854 ], [ 538152.445428686100058, 224593.359864345780807 ], [ 538179.595731096342206, 224593.365630665415665 ], [ 538179.601464160368778, 224566.379887554154266 ], [ 538167.064360338146798, 224557.029964539018692 ], [ 538167.065127436537296, 224553.417621442873497 ], [ 538148.44482341373805, 224542.146884731308091 ], [ 538132.097099270904437, 224525.891242994344793 ], [ 538152.459749851375818, 224525.895563728176057 ], [ 538179.605763488798402, 224546.140663182799472 ], [ 538188.809769848827273, 224550.717155433900189 ], [ 538211.543895356007852, 224573.323091724305414 ], [ 538229.630010981811211, 224587.976930262666428 ], [ 538234.766928519587964, 224599.897397159045795 ], [ 538211.536609317874536, 224607.588457318983274 ], [ 538183.517741834977642, 224631.301540512155043 ], [ 538198.585507379029877, 224641.026048991479911 ], [ 538220.423095854232088, 224655.119617600896163 ], [ 538251.559766059508547, 224661.758361897693248 ], [ 538251.974495037808083, 224662.109614977875026 ], [ 538281.580356114776805, 224687.187450260913465 ], [ 538271.562267094384879, 224731.398695616400801 ], [ 538281.564570606220514, 224761.244859368685866 ], [ 538255.982635481515899, 224781.135428327339469 ], [ 538231.50854274595622, 224820.922256428253604 ], [ 538240.624592047650367, 224871.321481860824861 ], [ 538240.623440005234443, 224876.728446349152364 ], [ 538355.997498515644111, 224944.217385411902796 ], [ 538396.718493588501588, 224964.465325566969113 ], [ 538491.744213887257501, 224964.485688346350798 ], [ 538546.64555864140857, 224974.419513967761304 ], [ 538626.257298262091354, 224994.544337615894619 ], [ 538748.886166485957801, 225023.679341489332728 ], [ 538776.806953594088554, 225032.011422720272094 ], [ 538953.278931712498888, 225052.288905173132662 ], [ 538973.125870454823598, 225052.293217209080467 ], [ 539059.951531232683919, 225059.853036717337091 ], [ 539130.012116191908717, 225059.868310392630519 ], [ 539148.692818167037331, 225055.836144510132726 ], [ 539155.590032583335415, 225058.768557900155429 ], [ 539174.309099425794557, 225055.258342365617864 ], [ 539255.680706962244585, 225039.999734942539362 ], [ 539262.394415964139625, 225032.831776853243355 ], [ 539265.510823749937117, 225032.117749107041163 ], [ 539333.401114186272025, 224964.668241694947938 ], [ 539345.656279017217457, 224940.319941912166541 ], [ 539355.763023028615862, 224927.162805571017088 ], [ 539370.583897138130851, 224949.270007538521895 ], [ 539374.689031718065962, 224964.862994940835051 ], [ 539410.275389710324816, 224964.870808737177867 ], [ 539410.569685210706666, 224964.685176983941346 ], [ 539421.639489361084998, 224964.687609067419544 ], [ 539489.523931404575706, 224924.22392456381931 ], [ 539509.901527172070928, 224856.76412647095276 ], [ 539537.071028945501894, 224769.066461225505918 ], [ 539570.590746534289792, 224802.397622122691246 ], [ 539590.433541248785332, 224954.96245142785483 ], [ 539574.838166911620647, 225074.335291233292082 ], [ 539577.907035878160968, 225078.404267999401782 ], [ 539577.727992189698853, 225079.411410596250789 ], [ 539598.081779793836176, 225119.894523156108335 ], [ 539754.18500920641236, 225167.154114314151229 ], [ 539895.69742929271888, 225185.532370023458498 ], [ 539913.994957340997644, 225189.365439454675652 ], [ 540039.653765952563845, 225213.710870108770905 ], [ 540078.184323419467546, 225244.988126391283004 ], [ 540086.755623677629046, 225254.931882547476562 ], [ 540202.128815043484792, 225322.422175787156448 ], [ 540214.148300786851905, 225327.939287970220903 ], [ 540288.722319111344405, 225372.935183369612787 ], [ 540388.789866905310191, 225456.963326434168266 ], [ 540454.389859822345898, 225511.139649790362455 ], [ 540445.488042178680189, 225534.349713772186078 ], [ 540451.466169478837401, 225538.439264291460859 ], [ 540446.430425996077247, 225545.109718809515471 ], [ 540461.221974532236345, 225545.113062744261697 ], [ 540776.83368895330932, 225761.019062353268964 ], [ 540828.386282911407761, 225803.800754292053171 ], [ 540935.053386861458421, 225896.035945920331869 ], [ 541030.306724625523202, 225948.299810957687441 ], [ 541125.967589718638919, 226005.378682399459649 ], [ 541138.988118890556507, 226004.025874131155433 ], [ 541199.742349922889844, 226004.039880273630843 ], [ 541247.255175575381145, 226004.050848175538704 ], [ 541355.840016740141436, 226071.540489396109479 ], [ 541389.74375502509065, 226095.141124537913129 ], [ 541416.272055738605559, 226118.117308778950246 ], [ 541428.845469731953926, 226129.007144074974349 ], [ 541444.057549486868083, 226159.264775630930671 ], [ 541560.900364124798216, 226202.308841087244218 ], [ 541616.825362670584582, 226230.118372940574773 ], [ 541656.36770235246513, 226249.781402661028551 ], [ 541724.926386734936386, 226271.626313112821663 ], [ 541824.122827388695441, 226314.521871412725886 ], [ 541932.716824373230338, 226341.533112320670625 ], [ 542172.691895562806167, 226437.007876316754846 ], [ 542187.890694304718636, 226443.34064444564865 ], [ 542316.862985740066506, 226559.431834295130102 ], [ 542433.614760844851844, 226623.569288257684093 ], [ 542450.297800550004467, 226625.288750786043238 ], [ 542571.39878529892303, 226644.323860401840648 ], [ 542606.267789006582461, 226673.924350197950844 ], [ 542645.3183868577471, 226712.75731548568001 ], [ 542703.256149465218186, 226741.568286917434307 ], [ 542842.223757344065234, 226818.275678872159915 ], [ 542889.636377582326531, 226847.74518291305867 ], [ 543045.727982902899384, 226935.486863681551768 ], [ 543141.035676799830981, 226949.720211182924686 ], [ 543170.834085328504443, 226958.66456055175513 ], [ 543174.766741948202252, 226954.757584842416691 ], [ 543181.473255586111918, 226955.759103995165788 ], [ 543249.364809690508991, 226888.311044443806168 ], [ 543317.249734236858785, 226847.848780638014432 ], [ 543446.224060227279551, 226800.654995570483152 ], [ 543493.74656285229139, 226828.455862254078966 ], [ 543546.734514498035423, 226868.118277285713702 ], [ 543546.706097522983328, 226984.179043254669523 ], [ 543611.193176033906639, 227036.145865125668934 ], [ 543615.174482120666653, 227036.146841892565135 ], [ 543622.639958996209316, 227043.570816085179104 ], [ 543690.51510647078976, 227043.58748557351646 ], [ 543749.183073175372556, 227072.762135503377067 ], [ 543858.046407268382609, 227139.003317455149954 ], [ 543973.68533403344918, 227203.141689732699888 ], [ 544063.881937734317034, 227304.870035988918971 ], [ 544070.548836834379472, 227313.540109258348821 ], [ 544206.282085636164993, 227381.038483534561237 ], [ 544403.119578115874901, 227381.087615579279372 ], [ 544518.480086400639266, 227489.060115106112789 ], [ 544579.567536461981945, 227489.075454342208104 ], [ 544606.678550280979834, 227644.251070793223334 ], [ 544667.738750637276098, 227752.210068329412024 ], [ 544767.03069464629516, 227769.399652632651851 ], [ 544815.372618404682726, 227782.551408464205451 ], [ 544875.863846770604141, 227820.621115928923246 ], [ 544959.566668280749582, 227887.213360925001325 ], [ 545095.2992299918551, 227954.712682949699229 ], [ 545271.773870037868619, 227954.757719457120402 ], [ 545273.069936894346029, 227957.093972078699153 ], [ 545372.423706287634559, 228143.035013539716601 ], [ 545377.894716102979146, 228146.054998255305691 ], [ 545380.323557190014981, 228150.433332583517767 ], [ 545604.275626732851379, 228285.420522321976023 ], [ 545842.545468603842892, 228417.073642429808388 ], [ 545851.275220283074304, 228425.755176891223527 ], [ 545868.941729825455695, 228460.897534257150255 ], [ 546025.013210220495239, 228616.107303971220972 ], [ 546337.183601696859114, 228818.583596822951222 ], [ 546361.834172009024769, 228829.899958405847428 ], [ 546653.294418732170016, 228992.272929950879188 ], [ 546840.700950427097268, 229147.586254841793561 ], [ 546886.774960905080661, 229185.770281285018427 ], [ 546996.243234080262482, 229306.559647894784575 ], [ 547117.57064886810258, 229459.707078861392802 ], [ 547273.670917970943265, 229500.227938494994305 ], [ 547382.264618409564719, 229520.496708766528172 ], [ 547415.386612556991167, 229520.505636904883431 ], [ 547417.135675597004592, 229520.832075029960833 ], [ 547597.40252511203289, 229584.643993212783244 ], [ 547598.795340535114519, 229585.176815546001308 ], [ 547698.643752703210339, 229630.18019637663383 ], [ 547741.962512974743731, 229655.523952508985531 ], [ 547741.957014397950843, 229675.763394252600847 ], [ 547754.805795131716877, 229697.062045459693763 ], [ 547767.373513706726953, 229739.78543926376733 ], [ 547803.01053416391369, 229798.520970352896256 ], [ 547803.007216432946734, 229810.710066211438971 ], [ 547827.253016544971615, 229817.947070029505994 ], [ 547921.910402566893026, 229881.31188484429731 ], [ 548142.054807233158499, 230035.015325299260439 ], [ 548142.309998750803061, 230062.661667906912044 ], [ 548142.851694812183268, 230121.355182743543992 ], [ 548318.748450859216973, 230188.655304936080938 ], [ 548651.272447167430073, 230404.635456533258548 ], [ 548895.576293091289699, 230559.873216475592926 ], [ 549051.660322222160175, 230654.367999164707726 ], [ 549119.523138924967498, 230694.86610512516927 ], [ 549295.971143470378593, 230782.620385173358954 ], [ 549452.056716566439718, 230870.36912057059817 ], [ 549472.411362013663165, 230897.360974722920218 ], [ 549519.905997802386992, 230958.093003085668897 ], [ 549628.479628263507038, 231045.82849288455327 ], [ 549764.208453670726158, 231113.332315334526356 ], [ 550096.752380878082477, 231248.357759344013175 ], [ 550320.69763286493253, 231383.352586761291604 ], [ 550605.711544474121183, 231579.084162114973878 ], [ 550809.307731544831768, 231666.848223624285311 ], [ 551073.970403872895986, 231822.095791868283413 ], [ 551406.500429997802712, 231997.603449069545604 ], [ 551542.214161311159842, 232112.334683872351889 ], [ 551698.311751554370858, 232152.860231708094943 ], [ 551806.883706219610758, 232240.597493401233805 ], [ 551922.254897879203781, 232287.857661868183641 ], [ 552078.344329497311264, 232355.369681904820027 ], [ 552207.278053996851668, 232443.11337560749962 ], [ 552295.487446728628129, 232530.84492009121459 ], [ 552390.496320071746595, 232578.099449576897314 ], [ 552499.075874949106947, 232638.851084978523431 ], [ 552607.659345725667663, 232686.1097585321113 ], [ 552655.164741397835314, 232706.36385830322979 ], [ 552784.130827597691678, 232686.163372814800823 ], [ 552831.621826139744371, 232753.64331583751482 ], [ 552940.199104866362177, 232821.141815138485981 ], [ 553008.066474346327595, 232841.40224935268634 ], [ 553075.940142525709234, 232841.423019532870967 ], [ 553123.445466020144522, 232861.677159518672852 ], [ 553184.531680252053775, 232861.695893750904361 ], [ 553299.896138083888218, 232929.196859969117213 ], [ 553340.634848089539446, 232881.983569416741375 ], [ 553388.158849476021715, 232841.518904642754933 ], [ 553408.527240092982538, 232821.285474460164551 ], [ 553456.038793295738287, 232821.300119288178394 ], [ 553496.756753581925295, 232841.552387843781617 ], [ 553544.26205429318361, 232861.806654423795408 ], [ 553564.609502561273985, 232909.03878285214887 ], [ 553584.971653878455982, 232909.045078337338055 ], [ 553632.470664319582283, 232949.539085254800739 ], [ 553700.344234948512167, 232949.560109665762866 ], [ 553735.738144176546484, 232995.595746817969484 ], [ 553788.544347466202453, 233064.278897605196107 ], [ 553897.121168454294093, 233131.778128962905612 ], [ 553964.99469159275759, 233131.799273577315034 ], [ 554012.499879704322666, 233152.053810736048035 ], [ 554053.211397581035271, 233192.545854586875066 ], [ 554188.922623047372326, 233307.279674376361072 ], [ 554256.762350598233752, 233415.245903448114404 ], [ 554297.492816679296084, 233395.018958706175908 ], [ 554412.850237401435152, 233482.76047414803179 ], [ 554501.073014421737753, 233523.267629897745792 ], [ 554541.782207495998591, 233570.506489607214462 ], [ 554609.649220350082032, 233590.767554055957589 ], [ 554989.691360836033709, 233746.059104069077875 ], [ 555077.918227606569417, 233773.073414848506218 ], [ 555186.474695750628598, 233901.292833959683776 ], [ 555274.688500316115096, 233968.786784821772017 ], [ 555430.769147940562107, 234056.542251758452039 ], [ 555525.785319861839525, 234076.8124775083852 ], [ 555654.729475249303505, 234124.080032763478812 ], [ 555702.234274183516391, 234144.335147432022495 ], [ 555831.156497507006861, 234259.068509490374709 ], [ 555926.159414929454215, 234319.818545116693713 ], [ 555987.208165762829594, 234434.530167733784765 ], [ 556299.332502724719234, 234717.988116994965822 ], [ 556747.206489125033841, 234987.998563073080732 ], [ 557188.287572030327283, 235271.501508622342953 ], [ 557724.403038357850164, 235514.558390800986672 ], [ 557948.338324159150943, 235649.56582127744332 ], [ 558457.24292466044426, 236068.027792932669399 ], [ 558545.447597871301696, 236155.7637654915452 ], [ 558681.177036880864762, 236203.036512490856694 ], [ 558721.884506822098047, 236250.276807160989847 ], [ 558789.743324177456088, 236290.779655139456736 ], [ 558837.247413438628428, 236311.0358789016027 ], [ 558905.096877206931822, 236378.525347499962663 ], [ 558945.813562786323018, 236398.779158895806177 ], [ 559034.031836092704907, 236446.035862403950887 ], [ 559101.897641150048003, 236466.299222223722609 ], [ 559149.392196007655002, 236513.541905289370334 ], [ 559346.185578494798392, 236621.555902506690472 ], [ 559570.111370211932808, 236776.806040127034066 ], [ 559746.540150946006179, 236891.560121638671262 ], [ 560459.06209759390913, 237289.862113823473919 ], [ 560791.550948668620549, 237532.858986325474689 ], [ 561035.821630219114013, 237728.598754918435588 ], [ 561103.662560946773738, 237816.329299212724436 ], [ 561259.737422690843232, 237904.091728888190119 ], [ 561368.316249224706553, 237951.357367195188999 ], [ 561415.812259455560707, 237991.854344671708532 ], [ 561456.525918626808561, 238018.85554647972458 ], [ 561524.408030257676728, 237991.893709014111664 ], [ 561592.263324942439795, 238039.144751996645937 ], [ 561768.692207650048658, 238147.155017615819816 ], [ 561816.18562288582325, 238194.39887357110274 ], [ 561856.8942593842512, 238234.89354458640446 ], [ 561884.025981879443862, 238282.129887235205388 ], [ 561951.848872487084009, 238417.087380123877665 ], [ 561972.203203092911281, 238437.334686499554664 ], [ 562040.043256220989861, 238525.065811439533718 ], [ 562128.277166829793714, 238525.098186828312464 ], [ 562196.142024934990332, 238545.363093230174854 ], [ 562257.217072211904451, 238572.37204345795908 ], [ 562284.35855844442267, 238592.622010869614314 ], [ 562352.223273830255494, 238612.886881419603014 ], [ 562392.939156121108681, 238633.141876151174074 ], [ 562440.432271104189567, 238680.385880308924243 ], [ 562549.010410835267976, 238727.652494718728121 ], [ 562637.236785705434158, 238747.925037907727528 ], [ 562725.463150820927694, 238768.197743288124911 ], [ 562772.966173139866441, 238788.455259914451744 ], [ 562881.561770981759764, 238788.495628027332714 ], [ 562969.77806206792593, 238835.754988069122192 ], [ 563057.996830567833968, 238876.267778016161174 ], [ 563146.213044317788444, 238923.527255752676865 ], [ 563241.216418399126269, 238970.78944484249223 ], [ 563302.293755461927503, 238991.052226199681172 ], [ 563349.771366704255342, 239078.776487656024983 ], [ 563485.457407330861315, 239234.00051151207299 ], [ 563594.02729221759364, 239301.507878002041252 ], [ 563702.607408404001035, 239342.028791579417884 ], [ 563946.913622790016234, 239429.827806902147131 ], [ 564130.134853635914624, 239517.603985430090688 ], [ 564238.704489386058412, 239585.111997479543788 ], [ 564306.558444074238651, 239632.364507450518431 ], [ 564415.12795335939154, 239699.872562386997743 ], [ 564482.974180503399111, 239767.36521622230066 ], [ 564571.20777955383528, 239767.399040753953159 ], [ 564659.425839760806412, 239807.912905336212134 ], [ 564747.651655258378014, 239828.186772651330102 ], [ 564795.151655991794541, 239855.191764869552571 ], [ 564842.65424416528549, 239875.450014891219325 ], [ 564883.377448037499562, 239875.465714561549248 ], [ 564903.731187177239917, 239895.71362840096117 ], [ 564930.880025909747928, 239895.724104507069569 ], [ 564951.233757800655439, 239915.971915803005686 ], [ 564971.584989938535728, 239942.966492227162234 ], [ 564991.930889325099997, 239983.454374843975529 ], [ 565019.061457039439119, 240030.691538490063976 ], [ 565019.053629892412573, 240050.931602918775752 ], [ 565086.907227204646915, 240098.184539842623053 ], [ 565175.125041341641918, 240138.698756949917879 ], [ 565215.822019537794404, 240206.181200428924058 ], [ 565263.324478576425463, 240226.439721248229034 ], [ 565283.667753459652886, 240273.674323314218782 ], [ 565331.170188276912086, 240293.932760362542467 ], [ 565419.37734886421822, 240361.433884740137728 ], [ 565460.092581811011769, 240381.689725188858574 ], [ 565548.325997189385816, 240381.724149869289249 ], [ 565616.197915108525194, 240381.750661970610963 ], [ 565663.697662377730012, 240408.75598175561754 ], [ 565704.412868980201893, 240429.011892731883563 ], [ 565731.553619455662556, 240449.262610306817805 ], [ 565792.619847232708707, 240496.513274548575282 ], [ 565840.122189551708288, 240516.771890064730542 ], [ 565887.624523365171626, 240537.030632763868198 ], [ 565928.32907693949528, 240584.273371467075776 ], [ 565996.192880659014918, 240604.540046890731901 ], [ 566064.046155712683685, 240651.793517750571482 ], [ 566131.901946142315865, 240692.300362772890367 ], [ 566192.967993867932819, 240739.551229276170488 ], [ 566287.945796399144456, 240847.535759077611146 ], [ 566328.650164431892335, 240894.778648391366005 ], [ 566416.859360388480127, 240955.533720581734087 ], [ 566437.202203960390761, 241002.768690263008466 ], [ 566484.704358310205862, 241023.02755045806407 ], [ 566505.065819487906992, 241023.035636249900563 ], [ 566572.918805802590214, 241070.289401612069923 ], [ 566620.420932910405099, 241090.548420793638797 ], [ 566661.125151451095007, 241137.791434438171564 ], [ 566708.627253427635878, 241158.050376551051158 ], [ 566817.203038108535111, 241205.320513492100872 ], [ 566932.584931707940996, 241205.366629813681357 ], [ 566993.66940711683128, 241205.391076527506812 ], [ 567061.541152559453622, 241205.418265741347568 ], [ 567109.043216104386374, 241225.677450947929174 ], [ 567149.749994568293914, 241266.173955765349092 ], [ 567197.249324662261643, 241293.17973973901826 ], [ 567237.956066760933027, 241333.676276889367728 ], [ 567265.096634932095185, 241353.927336669294164 ], [ 567305.808778280043043, 241380.930433492874727 ], [ 567332.94106885639485, 241421.421542671363568 ], [ 567373.645027835969813, 241468.664809769805288 ], [ 567393.998414237983525, 241488.913165489822859 ], [ 567461.869978651870042, 241488.940549189544981 ], [ 567480.325526311644353, 241512.950973680272 ], [ 567482.212455771397799, 241536.175638277200051 ], [ 567550.056732076453045, 241603.669978997524595 ], [ 567733.258048518677242, 241731.93148713876144 ], [ 567862.205808037193492, 241752.224017329630442 ], [ 567950.427866062964313, 241779.246759193512844 ], [ 567997.902220256859437, 241866.97324277824373 ], [ 568065.757296999683604, 241907.48103475800599 ], [ 568194.658049437799491, 242042.467902145726839 ], [ 568350.754243264556862, 242062.771889967902098 ], [ 568506.847555996617302, 242089.822836968349293 ], [ 568574.702461588545702, 242130.331008070264943 ], [ 568730.77068693516776, 242218.102553812757833 ], [ 568839.337241555913351, 242285.614452626003185 ], [ 568995.38565852958709, 242420.613322950957809 ], [ 569287.15986890567001, 242596.149202112806961 ], [ 569395.709118814906105, 242704.142037509562215 ], [ 569511.070622734725475, 242751.41726721386658 ], [ 569551.765213916776702, 242818.901563749270281 ], [ 569619.628117949818261, 242839.170095099660102 ], [ 569667.129555165534839, 242859.43023212114349 ], [ 569728.202383080031723, 242886.442677737679332 ], [ 569796.05675332993269, 242926.951527998084202 ], [ 569884.261080909287557, 242994.45592517303885 ], [ 569952.12379434495233, 243014.724624951923033 ], [ 570019.966694083996117, 243082.220548964513 ], [ 570087.818085106788203, 243129.476273769221734 ], [ 570155.672182382782921, 243169.985325904854108 ], [ 570223.52350769424811, 243217.241128168272553 ], [ 570284.619017271907069, 243190.28002645628294 ], [ 570332.128893746179529, 243190.30015470032231 ], [ 570372.840219448669814, 243217.304386200703448 ], [ 570420.332914712722413, 243257.804942006478086 ], [ 570440.674296309240162, 243305.040702710655751 ], [ 570488.17555144848302, 243325.301032487885095 ], [ 570508.528264959342778, 243345.549945625971304 ], [ 570528.878215347416699, 243372.545468550990336 ], [ 570596.703409463400021, 243480.522154867008794 ], [ 570617.064823603606783, 243480.530828244925942 ], [ 570617.056200278340839, 243500.770980565866921 ], [ 570664.55450868466869, 243527.778212420496857 ], [ 570684.915808230522089, 243527.786895770346746 ], [ 570752.769750451436266, 243568.296283511415822 ], [ 570820.632205547997728, 243588.565438481135061 ], [ 570868.130579623277299, 243615.572745960060274 ], [ 571017.429746127105318, 243656.1171328475466 ], [ 571064.939550025621429, 243656.137509831809439 ], [ 571132.799178543384187, 243683.153648769744905 ], [ 571173.513186348602176, 243703.41131679713726 ], [ 571241.38428760622628, 243703.440500547003467 ], [ 571356.756601250381209, 243723.730466513196006 ], [ 571397.479313693242148, 243723.748019968828885 ], [ 571512.889388533891179, 243656.33030579140177 ], [ 571533.259554704185575, 243636.098912746674614 ], [ 571533.297423246665858, 243548.391112080280436 ], [ 571553.667490824009292, 243528.159717154368991 ], [ 571601.168631191481836, 243548.420424642652506 ], [ 571621.521324534900486, 243568.669522658892674 ], [ 571662.235340055893175, 243588.927319777925732 ], [ 571689.372099557658657, 243615.926096120092552 ], [ 571689.363340362440795, 243636.166397486318601 ], [ 571730.077333483030088, 243656.424218779109651 ], [ 571757.205412244074978, 243703.663206451659789 ], [ 571797.910606604069471, 243744.161357446573675 ], [ 571845.408740169368684, 243771.169005298899719 ], [ 571845.399956357199699, 243791.409202149719931 ], [ 571757.176173996180296, 243771.130739354848629 ], [ 571777.499561476288363, 243858.847296273364918 ], [ 571818.192878154222853, 243926.332393913908163 ], [ 571913.145112751866691, 244081.548974039760651 ], [ 572021.700606790254824, 244169.304011474130675 ], [ 572089.554073303705081, 244209.814123132848181 ], [ 572157.395614730659872, 244277.311218287330121 ], [ 572218.458976596361026, 244324.565178895310964 ], [ 572286.312232539523393, 244365.075405139737995 ], [ 572374.523867040057667, 244412.34133148661931 ], [ 572462.726576619199477, 244479.847651527350536 ], [ 572645.951659659971483, 244540.648987189226318 ], [ 572713.822595255332999, 244540.678876713500358 ], [ 572774.915380311780609, 244520.465568852494471 ], [ 572890.287222230457701, 244540.756720195669914 ], [ 572978.498670878820121, 244588.023160025360994 ], [ 573087.074429517379031, 244628.551712667569518 ], [ 573222.795492686447687, 244675.839372811635258 ], [ 573419.543286667554639, 244851.342863933154149 ], [ 573489.848863158607855, 244880.156699972576462 ], [ 573623.135145283536986, 244898.661079756595427 ], [ 573663.869796458398923, 244871.692146321292967 ], [ 573731.719702260801569, 244918.949898736027535 ], [ 573819.93080996198114, 244966.216813172097318 ], [ 573976.006713404785842, 245027.007886701147072 ], [ 574091.357038438087329, 245094.527465576858958 ], [ 574288.143176207668148, 245182.324288609204814 ], [ 574356.023304324015044, 245162.114641623542411 ], [ 574403.563450294779614, 245094.668241096806014 ], [ 574403.502462407108396, 245229.603865050914465 ], [ 574464.555723772966303, 245297.099368158524157 ], [ 574512.056183571694419, 245317.361176009231713 ], [ 574579.896551462006755, 245384.859821098856628 ], [ 574688.47165004000999, 245425.389820554904873 ], [ 574824.152002392220311, 245560.387264081597095 ], [ 574912.322581165004522, 245695.363215687102638 ], [ 574980.16252045345027, 245762.862126537627773 ], [ 575020.884996753884479, 245762.88072536198888 ], [ 575136.206713583320379, 245891.122520278004231 ], [ 575224.386107660830021, 246005.858340139791835 ], [ 575265.089968634303659, 246046.357785018859431 ], [ 575292.22888789116405, 246066.610684431478148 ], [ 575353.28158001974225, 246134.106620252190623 ], [ 575421.139780834317207, 246161.125048254471039 ], [ 575488.991863903356716, 246201.63706941192504 ], [ 575556.862579347915016, 246201.668339091876987 ], [ 575665.446265351609327, 246221.958772809884977 ], [ 575733.304524804465473, 246248.977357301773736 ], [ 575801.175140522886068, 246249.008734119997825 ], [ 575821.527040496235713, 246269.258502546843374 ], [ 575909.749548158142716, 246289.539812602626625 ], [ 575957.259015604387969, 246289.561828214267734 ], [ 575997.959529850981198, 246336.808319224714069 ], [ 576113.330206964397803, 246357.102243149187416 ], [ 576154.021254050778225, 246424.589265840040753 ], [ 576289.731134773930535, 246492.120556120295078 ], [ 576466.144406108069234, 246600.15176323565538 ], [ 576669.71524974622298, 246687.955572428822052 ], [ 576866.467180927284062, 246843.224705222324701 ], [ 577137.8667229503626, 247018.769824893155601 ], [ 577402.465936149237677, 247221.299580463091843 ], [ 577558.516822672914714, 247329.322903708845843 ], [ 577714.577059470699169, 247417.105906271346612 ], [ 577782.466858942992985, 247376.657289633265464 ], [ 577979.229912808863446, 247504.941007725778036 ], [ 578155.660744034568779, 247572.493857206951361 ], [ 578338.855913326726295, 247687.277924469381105 ], [ 578447.461523874779232, 247660.342897639900912 ], [ 578488.161046586581506, 247707.590348584199091 ], [ 578583.169866812415421, 247727.87661105330335 ], [ 578623.849795719608665, 247815.605148628557799 ], [ 578691.677858176408336, 247903.346831686212681 ], [ 578800.237744805170223, 247970.867810825904598 ], [ 579071.643800432095304, 248126.176828493044013 ], [ 579227.68974147120025, 248240.949215101485606 ], [ 579383.748667222214863, 248328.734388318815036 ], [ 579628.005626432481222, 248484.031553516804706 ], [ 580136.869581565028057, 248814.877916020224802 ], [ 580557.524107350269333, 249098.454721718968358 ], [ 580781.428239672444761, 249233.503581587458029 ], [ 580869.669474904891104, 249213.307066731853411 ], [ 581005.375955720199272, 249280.843555845931405 ], [ 581134.231082453625277, 249476.567489604989532 ], [ 581229.225410538376309, 249523.843281389970798 ], [ 581229.171183671569452, 249631.793212650285568 ], [ 581378.430892892996781, 249739.818378914642381 ], [ 581493.78595179435797, 249787.104657950636465 ], [ 581581.982831102213822, 249854.61791442631511 ], [ 581670.193291564239189, 249895.143791064736433 ], [ 581738.073526803986169, 249874.937535221688449 ], [ 581961.999897004687227, 249962.760532261192566 ], [ 582090.942530310596339, 249983.066653233196121 ], [ 582206.287152504781261, 250050.594290004577488 ], [ 582274.157041221274994, 250050.628873077163007 ], [ 582403.075526415021159, 250118.163614035292994 ], [ 582538.849930357653648, 250050.764019942289451 ], [ 582606.675076832529157, 250138.508353915443877 ], [ 582627.022192839067429, 250165.506396411656169 ], [ 582803.463324938667938, 250206.078257569257403 ], [ 582891.635325631126761, 250320.820760582719231 ], [ 583047.670180835062638, 250449.092192732845433 ], [ 583224.062224841443822, 250584.121265277615748 ], [ 583692.238254015450366, 250827.252704435755732 ], [ 583739.757658540154807, 250807.03663557668915 ], [ 583780.504160081618465, 250759.829471226315945 ], [ 583827.988457522587851, 250807.082576009095646 ], [ 583780.45849337335676, 250847.539301672630245 ], [ 584296.106781222391874, 251158.167039832682349 ], [ 584404.652293322258629, 251245.933992501319153 ], [ 584492.858128670952283, 251293.208812986675184 ], [ 584696.399813401745632, 251421.507615335984156 ], [ 584825.316639223136008, 251489.044901623710757 ], [ 584913.511558188940398, 251556.560880634788191 ], [ 585049.21517463575583, 251624.102008679852588 ], [ 585252.752555620390922, 251759.148728220781777 ], [ 585429.156140584265813, 251867.193677849427331 ], [ 585585.184164305217564, 252002.215700515836943 ], [ 585673.367828988353722, 252089.973068395484006 ], [ 585761.551285940455273, 252177.730518618249334 ], [ 585829.373730011400767, 252265.477126333193155 ], [ 586026.064766806433909, 252508.472847536031622 ], [ 586141.406400642241351, 252576.004381226550322 ], [ 586229.614823837415315, 252616.533657885738648 ], [ 586338.169514812063426, 252684.0618369851436 ], [ 586358.530288708629087, 252684.072844839160098 ], [ 586426.363249237183481, 252751.578989126690431 ], [ 586514.567885358934291, 252798.855525917082559 ], [ 586562.065478601376526, 252819.122081899404293 ], [ 586650.273719143588096, 252859.651674477645429 ], [ 586718.143162002088502, 252859.688535758876242 ], [ 586738.536926413187757, 252798.977057944779517 ], [ 586826.781865059048869, 252772.037157760787522 ], [ 586942.097513570683077, 252886.798252416978357 ], [ 587050.651735282270238, 252954.32697378040757 ], [ 587098.127158886636607, 253015.075602964585414 ], [ 587254.200986123643816, 253062.389639264874859 ], [ 587315.261231070733629, 253102.904853887564968 ], [ 587362.718028417089954, 253197.388343753147637 ], [ 587430.539311680942774, 253285.136092404369265 ], [ 587586.57947120280005, 253393.173237773095025 ], [ 587674.77241905964911, 253460.6915132230788 ], [ 587783.303701831609942, 253568.702806548913941 ], [ 587898.633036572369747, 253656.477112828317331 ], [ 588027.547266431152821, 253724.018190732749645 ], [ 588115.751095480285585, 253771.295857968507335 ], [ 588095.352891951566562, 253838.75437299918849 ], [ 588115.691268786787987, 253879.247513359470759 ], [ 588183.549152337945998, 253899.52602518198546 ], [ 588231.042582923080772, 253926.540337944607018 ], [ 588339.633318463456817, 253926.60065873406711 ], [ 588427.878276293515228, 253899.661763823824003 ], [ 588543.278530746232718, 253859.244098200870212 ], [ 588651.906894546584226, 253791.834849303850206 ], [ 588740.163326504989527, 253744.655072458757786 ], [ 589785.012669512303546, 254345.724675633769948 ], [ 589893.52702139178291, 254480.726183748716721 ], [ 590076.685648217680864, 254636.011316045711283 ], [ 590232.711740553728305, 254764.293251680006506 ], [ 590361.624466148321517, 254831.836897580215009 ], [ 590449.80419698858168, 254919.598399386915844 ], [ 590585.503854482318275, 254987.146074839896755 ], [ 590721.180103731225245, 255095.176115326903528 ], [ 590820.856918267905712, 255121.915769938641461 ], [ 590897.61250050237868, 255142.50651608206681 ], [ 590985.842267939238809, 255142.557243086048402 ], [ 591121.568736457731575, 255162.876392146543367 ], [ 591318.361762531916611, 255210.219065993645927 ], [ 591433.688533299020492, 255297.99706923411577 ], [ 591562.600690353196114, 255365.542035629332531 ], [ 591677.966393161565065, 255385.849961769068614 ], [ 591922.204722489812411, 255541.173714575881604 ], [ 592051.144111254252493, 255561.489878133870661 ], [ 592051.195230507757515, 255473.778418970585335 ], [ 592207.282378931064159, 255494.110629379807506 ], [ 592275.151531209936365, 255494.150262310577091 ], [ 592342.969297356670722, 255581.901442063070135 ], [ 592499.052447839640081, 255608.98101847738144 ], [ 592539.789730628021061, 255582.016666511248332 ], [ 592675.46062840661034, 255696.796082851273241 ], [ 592743.31776089197956, 255717.077035899710609 ], [ 592695.797524660360068, 255737.290320500527741 ], [ 592587.207082193577662, 255737.226572115410818 ], [ 592587.088278664741665, 255939.637819521070924 ], [ 592654.91753598372452, 256007.14818607334746 ], [ 592763.44438277836889, 256115.164745621936163 ], [ 592899.130505423876457, 256202.956348687817808 ], [ 592939.823986173490994, 256250.209708685579244 ], [ 593034.828459911397658, 256270.507021972327493 ], [ 593123.018123406218365, 256338.029636540159117 ], [ 593231.556446863221936, 256425.805610173905734 ], [ 593387.562670482089743, 256581.080515951500274 ], [ 593496.100695707602426, 256668.856789399578702 ], [ 593767.471276876400225, 256844.442088200099533 ], [ 593964.222060259315185, 256959.259833606105531 ], [ 594167.763628888642415, 257067.334840205992805 ], [ 594432.3867874359712, 257175.44707056239713 ], [ 594697.005644758231938, 257290.306832886650227 ], [ 594941.280030402587727, 257378.166595139540732 ], [ 595029.497098855790682, 257398.461351547390223 ], [ 595212.730368658900261, 257418.813731601287145 ], [ 595321.320424666977488, 257418.879717677336885 ], [ 595389.172704786760733, 257445.909396202565404 ], [ 595585.951054595643654, 257513.500259688298684 ], [ 595701.315529154380783, 257533.811904442147352 ], [ 595769.130740027525462, 257621.565606219228357 ], [ 595986.26942664431408, 257689.169568616984179 ], [ 596074.420144279487431, 257817.41858403547667 ], [ 596121.911658263881691, 257844.43608660105383 ], [ 596169.378281024866737, 257911.936340865213424 ], [ 596257.607573083601892, 257911.990590875269845 ], [ 596386.450023651006632, 258087.494714061671402 ], [ 596630.710517742554657, 258195.599211465101689 ], [ 596786.808337632799521, 258195.695792378013721 ], [ 596854.689592628157698, 258175.496543902874691 ], [ 596942.906327038421296, 258195.792529299942544 ], [ 597078.631131247617304, 258216.118185407016426 ], [ 597255.018384623108432, 258330.928969705797499 ], [ 597431.397002127021551, 258459.234153578407131 ], [ 597652.182503084419295, 258639.048551470768871 ], [ 597655.249614870641381, 258641.546576422842918 ], [ 597675.597585230716504, 258661.800650569144636 ], [ 597831.627626668312587, 258769.852584549575113 ], [ 597919.814529615454376, 258837.379207160818623 ], [ 597943.562165153794922, 258847.514854186418233 ], [ 598055.496496678562835, 258925.177247053012252 ], [ 598164.030882757389918, 259012.958358089410467 ], [ 598347.203512173262425, 259127.775308336684247 ], [ 598543.94115338975098, 259256.095419469318585 ], [ 598747.486763330642134, 259350.684460373711772 ], [ 598876.368285122676753, 259458.720761465287069 ], [ 598991.701651530223899, 259526.265580857958412 ], [ 599147.756118454388343, 259593.836600168142468 ], [ 599208.837672695401125, 259593.87556759477593 ], [ 599221.860464582336135, 259593.883878684660885 ], [ 599235.985094827366993, 259593.892894196411362 ], [ 599256.345579221611843, 259593.905892206355929 ], [ 599324.257192030432634, 259526.477638453361578 ], [ 599364.92224215855822, 259614.216675950505305 ], [ 599453.125352059723809, 259654.756048675917555 ], [ 599548.054738874081522, 259789.760042216425063 ], [ 599552.614926256472245, 259795.055993652378675 ], [ 599588.745518752723001, 259837.016250323038548 ], [ 599765.134048729203641, 259945.084154366515577 ], [ 599792.281446691486053, 259945.101601678325096 ], [ 599812.628899124450982, 259965.356129209394567 ], [ 599968.708885090658441, 259992.445277889695717 ], [ 600165.51417715777643, 260012.813616243191063 ], [ 600280.83387596369721, 260100.601343086862471 ], [ 600348.676041948609054, 260141.128264920727815 ], [ 600545.393896706867963, 260296.440795828559203 ], [ 600633.548312615603209, 260411.200095974782016 ], [ 600867.505548301851377, 260542.864528060599696 ], [ 600945.628427981049754, 260586.829888358770404 ], [ 601210.213454181561247, 260742.187890212109778 ], [ 601366.25312716991175, 260830.003513793140883 ], [ 601413.747641869354993, 260850.276277635828592 ], [ 601590.1165459996555, 260985.335917421150953 ], [ 601657.940479258075356, 261052.852413261774927 ], [ 601813.966244587674737, 261160.910366272728425 ], [ 601969.960752940038219, 261316.198960545472801 ], [ 602098.85228618409019, 261403.997795388248051 ], [ 602370.190659585292451, 261606.593732023495249 ], [ 602546.575980715104379, 261714.666364173608599 ], [ 602722.943116858485155, 261849.728084904607385 ], [ 602878.954127302393317, 261978.029331884230487 ], [ 603034.960271593765356, 262113.078043617773801 ], [ 603190.997936972882599, 262200.896474318113178 ], [ 603347.035466855042614, 262288.715134229802061 ], [ 603455.606031475239433, 262315.777060118503869 ], [ 603543.775365156354383, 262403.550387949449942 ], [ 603747.320135937305167, 262491.401619061187375 ], [ 603923.703853709506802, 262599.476509301515762 ], [ 604037.611782523104921, 262686.19661880552303 ], [ 604039.019895207486115, 262687.268660274508875 ], [ 604059.36204787727911, 262714.271443981386255 ], [ 604215.385055802995339, 262822.333063769794535 ], [ 604283.161215490428731, 262957.324082392035052 ], [ 604344.155159966321662, 263085.563116602541413 ], [ 604500.20507773780264, 263153.141886068042368 ], [ 604656.241202847915702, 263240.96256488119252 ], [ 604724.09048773907125, 263267.997952718462329 ], [ 605103.969749123090878, 263531.401082915661391 ], [ 605483.801370475906879, 263862.278263961430639 ], [ 605660.150052555254661, 264017.587256162776612 ], [ 605789.005122790695168, 264152.621824645728339 ], [ 605924.67945749964565, 264240.430407730746083 ], [ 605994.912004406331107, 264284.138053720875178 ], [ 606012.860450864303857, 264307.964410469110589 ], [ 606033.220662910840474, 264307.97854811756406 ], [ 606101.046064463909715, 264368.75112726050429 ], [ 606277.440609792945907, 264456.588492700830102 ], [ 606460.602912549627945, 264571.420050049258862 ], [ 606589.504048668313771, 264638.982883408898488 ], [ 606860.822761935763992, 264855.086128815368284 ], [ 607077.856374274240807, 265057.657426313846372 ], [ 607301.695288215996698, 265233.244826389534865 ], [ 607389.860950152389705, 265321.021957196004223 ], [ 607416.988757231272757, 265348.030366376275197 ], [ 607416.97446036641486, 265368.272213807795197 ], [ 607423.761175550869666, 265368.277007614902686 ], [ 607437.306114985025488, 265408.770403986622114 ], [ 607525.485905890353024, 265476.30583464121446 ], [ 607593.30538392032031, 265543.826822697534226 ], [ 607661.139255489455536, 265591.1060048660147 ], [ 607817.143066907767206, 265719.415523037838284 ], [ 607973.175317330402322, 265807.241442582453601 ], [ 608081.729330132249743, 265854.54998980340315 ], [ 608346.300805644947104, 266009.926900213991757 ], [ 608434.479949100874364, 266077.463169762631878 ], [ 608461.612281982903369, 266097.724485949729569 ], [ 608481.972498163580894, 266097.739048124698456 ], [ 608484.442219390417449, 266097.74081472173566 ], [ 608502.332604250404984, 266097.753612954402342 ], [ 608549.810655745794065, 266138.271540142712183 ], [ 608612.92602375918068, 266186.611696956912056 ], [ 608637.989658906939439, 266205.807996470481157 ], [ 608678.661594996112399, 266273.310353192617185 ], [ 608726.120182290673256, 266340.81771644303808 ], [ 608834.596157836611383, 266496.084111571719404 ], [ 608882.0545851837378, 266563.59158250677865 ], [ 609062.13210640870966, 266669.724547789664939 ], [ 609214.462142254109494, 266759.503833314927761 ], [ 609370.507491509895772, 266827.089901901897974 ], [ 609526.567527813953348, 266874.434223288262729 ], [ 609662.174347527557984, 267049.963475527940318 ], [ 609770.683155256090686, 267157.999870645115152 ], [ 609879.206426271935925, 267245.794311992998701 ], [ 610035.251280027907342, 267313.38139925186988 ], [ 610103.14767877117265, 267272.946771390328649 ], [ 610123.576709366519935, 267178.498732829815708 ], [ 610171.098371999920346, 267158.291373927728273 ], [ 610171.113134580664337, 267138.049261254258454 ], [ 610211.86781973473262, 267090.847509048355278 ], [ 610347.537890324834734, 267178.662181967985816 ], [ 610591.725853080512024, 267361.019542253343388 ], [ 610815.593020515982062, 267489.383706482767593 ], [ 610924.145448730094358, 267536.69505156215746 ], [ 611039.469724755384959, 267604.253661745460704 ], [ 611215.874162539490499, 267671.857447657443117 ], [ 611392.213681374792941, 267827.177259931573644 ], [ 611568.587844685418531, 267935.265908642031718 ], [ 611683.881629100767896, 268043.309439012082294 ], [ 611724.601784733938985, 268043.33965043083299 ], [ 611839.825069853453897, 268245.846836613141932 ], [ 612084.050315302796662, 268374.229032390285283 ], [ 612280.728060422465205, 268556.555409952881746 ], [ 612640.224967233836651, 268819.973132519342471 ], [ 612701.17324990243651, 268995.451364737120457 ], [ 612952.076747994753532, 269265.536374281451572 ], [ 613169.183682516217232, 269353.416626925521996 ], [ 613325.195155326277018, 269461.493149228394032 ], [ 613501.566466429503635, 269569.585365028469823 ], [ 613569.366532351821661, 269657.353361245244741 ], [ 613657.54178922297433, 269724.894463275442831 ], [ 613881.3472421602346, 269927.487484948360361 ], [ 613901.522103592869826, 270170.410175550263375 ], [ 613948.997668331256136, 270210.930962926766369 ], [ 613996.431997293839231, 270305.431264290760737 ], [ 614057.429157820995897, 270413.436688281712122 ], [ 614213.439060957869515, 270521.514999271428678 ], [ 614369.479710708023049, 270589.108854674908798 ], [ 614396.590028891339898, 270636.361698877473827 ], [ 614396.5589681759011, 270676.846307249681558 ], [ 614701.614257500041276, 271122.411926870467141 ], [ 614925.384771085926332, 271365.49270950636128 ], [ 615128.794794034678489, 271608.558369212551042 ], [ 615237.296526278718375, 271716.601700588129461 ], [ 615305.125830696779303, 271763.886525996902492 ], [ 615372.960341857280582, 271804.423964953806717 ], [ 615481.42501413624268, 271959.699902415100951 ], [ 615569.582308906363323, 272047.485529764206149 ], [ 615616.998964663478546, 272162.229377181094605 ], [ 615881.501551506575197, 272385.102268296177499 ], [ 616017.063898841734044, 272601.127416567644104 ], [ 616030.126102970447391, 272619.827331962995231 ], [ 616033.867078696377575, 272623.438855805667117 ], [ 616037.402502523851581, 272628.13317202613689 ], [ 616080.220609369804151, 272668.187379666953348 ], [ 616472.220421136589721, 273046.617237697995733 ], [ 616835.0574037109036, 273396.885983426705934 ], [ 616837.61014970834367, 273397.97615583386505 ], [ 618302.368674220982939, 274816.121392348955851 ], [ 619706.242022323305719, 275964.341853654128499 ], [ 619991.108388712047599, 276167.00192517763935 ], [ 621279.790630248491652, 277072.241378451813944 ], [ 621393.008310318691656, 277149.154343305795919 ], [ 621612.124597230227664, 277315.431631034589373 ], [ 621883.4362245722441, 277491.09600162768038 ], [ 621990.899507707799785, 277555.327056411653757 ], [ 622484.006302379653789, 277890.319688022078481 ], [ 622683.771937303477898, 278045.072890513809398 ], [ 622927.878383249626495, 278288.193471653619781 ], [ 623212.622175745433196, 278625.816161117923912 ], [ 623280.394641580642201, 278733.835835493926425 ], [ 623395.597037330735475, 278929.615023422229569 ], [ 623795.655359575292096, 279328.067100708081853 ], [ 623896.675433305674233, 279418.092309381754603 ], [ 624256.690116476034746, 279841.283764001913369 ], [ 624265.552481872146018, 279863.368138461315539 ], [ 624267.059432700974867, 279869.286144015088212 ], [ 624268.299052272457629, 279870.212212535727303 ], [ 624283.777585565461777, 279908.783592637104448 ], [ 624382.692560818628408, 280310.455236759793479 ], [ 624379.671499339281581, 280311.578723965212703 ], [ 624283.399199097766541, 280347.380110308702569 ], [ 624283.300138772698119, 280462.090015574649442 ], [ 624303.548411057330668, 280590.312650903942995 ], [ 624371.178576073260047, 280860.277058259351179 ], [ 624438.948511889437214, 280968.298048050433863 ], [ 624567.619793305173516, 281278.801506231189705 ], [ 624655.730744130443782, 281407.083444986259565 ], [ 624723.494324482628144, 281521.8525293066632 ], [ 624791.298902706359513, 281589.388149432605132 ], [ 624838.767903843196109, 281629.915440921031404 ], [ 624967.555045840679668, 281805.466850067023188 ], [ 625082.786817282671109, 281960.763625118008349 ], [ 625143.804707108531147, 282028.293651248328388 ], [ 625211.590999566251412, 282116.072597782651428 ], [ 625326.822304544621147, 282271.36980457912432 ], [ 625394.608452798915096, 282359.148941895982716 ], [ 625482.75335317174904, 282446.946028364822268 ], [ 625503.070705683669075, 282494.197676450945437 ], [ 625533.105692947283387, 282515.972112760646269 ], [ 625611.770065753720701, 282359.339638598263264 ], [ 625611.787856496754102, 282339.096684205462225 ], [ 626879.568831317243166, 283757.233791407488752 ], [ 628527.253957838169299, 285283.702113690495025 ], [ 628946.480934761231765, 285493.742889776534867 ], [ 629768.565962115302682, 285905.893425958871376 ], [ 629820.503511150483973, 286055.068400908668991 ], [ 629962.221715275663882, 286462.114241849107202 ], [ 630115.01735305855982, 286900.98200833145529 ], [ 630147.676633789786138, 286933.029443985549733 ], [ 630188.314708826947026, 286985.66055156243965 ], [ 630356.930178218288347, 287138.363968487479724 ], [ 630398.083364299498498, 287178.746555077319499 ], [ 630795.560649830615148, 287568.484623732627369 ], [ 631357.900266744545661, 288345.044718349643517 ], [ 632427.201722222846001, 289821.733213188068476 ], [ 635219.983375693205744, 293001.38327039196156 ], [ 636530.531006290810183, 294285.282781844085548 ], [ 636534.81279646535404, 294287.991294121078681 ], [ 636539.85406339506153, 294292.936267021985259 ], [ 638852.378130823140964, 295773.066034086805303 ], [ 639964.249421013519168, 296772.907157022331376 ], [ 640255.863324924139306, 296948.656007863522973 ], [ 642608.98353426437825, 298476.169048488955013 ], [ 643981.804061742383055, 299824.027934417128563 ], [ 644088.863465922651812, 299998.821944562427234 ], [ 644157.200427555595525, 300110.394982266996522 ], [ 644228.927121542626992, 300245.892742649710272 ], [ 644405.814377417671494, 301265.140759850735776 ], [ 644652.363294545561075, 302729.394268833333626 ], [ 644665.121288802707568, 302805.165927333175205 ], [ 644761.064049838576466, 302902.943973572575487 ], [ 645464.110818801447749, 303619.447994900459889 ], [ 645650.075309367966838, 303810.447987723047845 ], [ 646694.441807477967814, 304385.192309787962586 ], [ 647494.960575356963091, 304561.533638338732999 ], [ 647890.542279673740268, 304936.730468184396159 ], [ 647900.825742892222479, 304946.554726055124775 ], [ 647915.157640544581227, 305025.165741840202827 ], [ 647915.132250866270624, 305047.872956860752311 ], [ 647962.358226620825008, 305284.064940816140734 ], [ 648066.227770677767694, 305853.806945776508655 ], [ 648142.352796035120264, 306271.37290392111754 ], [ 648553.759816453326494, 306999.115494213416241 ], [ 648789.64083864109125, 307416.312050975975581 ], [ 648801.362335831974633, 307437.740735100698657 ], [ 648828.48181052156724, 307458.016130214207806 ], [ 649533.453562164213508, 308099.901301804813556 ], [ 651434.108847167110071, 309347.880229721427895 ], [ 653442.350766204530373, 310670.404149425041396 ], [ 656140.550720153958537, 312689.732912940031383 ], [ 656216.800950971082784, 312754.295922922261525 ], [ 659139.962260815314949, 315978.738173020712566 ], [ 660777.216101274243556, 317784.840685699949972 ], [ 662341.624404570320621, 319147.59607213572599 ], [ 666334.020229018758982, 322008.623087995743845 ], [ 668439.416138470871374, 323279.415464604797307 ], [ 668561.643133214442059, 323353.768924215983134 ], [ 668835.961122964276001, 323611.034594551718328 ], [ 669991.033718929276802, 324713.425934274622705 ], [ 670741.458201785222627, 325398.453981097030919 ], [ 670778.830646009068005, 325433.521149521053303 ], [ 670784.013271149247885, 325437.30103876569774 ], [ 670790.691269022529013, 325443.397170665324666 ], [ 675122.000054605072364, 328614.705131184717175 ], [ 678340.175688235322013, 331912.881722052930854 ], [ 679937.269354899064638, 333337.990396717214026 ], [ 680075.834021643269807, 333472.908419386192691 ], [ 680075.988985793897882, 333473.059256730950437 ], [ 691458.361581766977906, 345019.557296867598779 ], [ 693703.793845100793988, 347575.114898224768694 ], [ 694659.257332666194998, 348278.671421799343079 ], [ 695071.398837540531531, 348696.700067033234518 ], [ 704279.762626994983293, 358492.93433761340566 ], [ 706683.954871569760144, 362166.621979864430614 ], [ 708009.852425476419739, 364205.012274036533199 ], [ 708456.988561805803329, 364719.099888117460068 ], [ 708581.026281786616892, 364864.589148526662029 ], [ 710708.076834102277644, 367358.767509966681246 ], [ 712368.225420071044937, 369305.457137096382212 ], [ 722669.480403448687866, 380447.33797438791953 ], [ 723524.529809199622832, 381308.775666059867945 ], [ 724851.289906587218866, 382647.05421920173103 ], [ 726417.911433287663385, 384045.920526504283771 ], [ 730503.909755042404868, 387758.938517038070131 ], [ 733786.145569868269376, 391469.862712258298416 ], [ 736401.563112041912973, 394166.054385514813475 ], [ 736519.729719788185321, 394294.445141888631042 ], [ 739897.511958839953877, 398473.059287164418492 ], [ 740022.504748776322231, 398619.263952169683762 ], [ 740747.286937566008419, 399580.750350741029251 ], [ 741703.520094008068554, 400585.636229499301407 ], [ 744298.150642947410233, 403621.011986434226856 ], [ 745001.611193341319449, 404634.374850091524422 ], [ 746131.414409108227119, 405832.186778721632436 ], [ 746375.047368214814924, 406055.59273135161493 ], [ 746430.819068822427653, 406106.537379244691692 ], [ 751171.880884988349862, 410866.263526313239709 ], [ 751212.573604311794043, 410915.495395265868865 ], [ 754067.235835066298023, 413886.934912661323324 ], [ 755109.634648978244513, 414706.64588124275906 ], [ 756100.930157765746117, 415638.377618807600811 ], [ 759029.197277744766325, 418473.059236403380055 ], [ 761206.671434115967713, 420568.481842100969516 ], [ 764093.628138177562505, 423360.147263686114457 ], [ 766549.908879965543747, 425426.494716722576413 ], [ 768978.452210927498527, 427477.313352937751915 ], [ 769701.289598529459909, 428088.424471199396066 ], [ 770578.54710385564249, 429110.894401256053243 ], [ 776124.286758749745786, 435583.288324596534949 ], [ 780278.280559311853722, 440419.238165541784838 ], [ 780866.294493731111288, 441104.948540066834539 ], [ 780914.967514107003808, 441160.540185982303228 ], [ 781503.837888999376446, 441846.190362914698198 ], [ 781733.456618812750094, 442095.39355137682287 ], [ 789471.85681675944943, 450935.89877036929829 ], [ 789502.470020585227758, 450969.902517024718691 ], [ 791355.520357631612569, 453230.042637013131753 ], [ 793181.73864905629307, 455057.050285455363337 ], [ 798725.716516923275776, 461217.097378729842603 ], [ 800876.533473704243079, 463473.059219479444437 ], [ 801421.732931568287313, 464044.911594409379177 ], [ 804249.113160772947595, 466466.649133879342116 ], [ 804315.839182818890549, 466534.48031269951025 ], [ 805408.341575251892209, 467649.646302896609996 ], [ 805476.473900245153345, 467735.318269421812147 ], [ 807699.573762099025771, 470725.249718293896876 ], [ 810616.365264080697671, 474207.689871702808887 ], [ 813025.060851435409859, 477492.614461903984193 ], [ 814677.250638443045318, 479512.304142798355315 ], [ 817473.576168323168531, 482818.707079387037084 ], [ 819047.249694606405683, 484445.942747570807114 ], [ 822432.880633192136884, 487404.320286975707859 ], [ 822628.670298120705411, 487621.255173857149202 ], [ 825107.532279142877087, 490124.303529122204054 ], [ 826251.534034063573927, 491288.592585583799519 ], [ 828049.712376112584025, 493569.940679772640578 ], [ 829466.399120249086991, 495376.787134790443815 ], [ 829506.806651308666915, 495444.508193674322683 ], [ 831318.131924820132554, 498525.777819914743304 ], [ 832072.218412901042029, 499812.492392936779652 ], [ 832180.141011883271858, 499948.054921538743656 ], [ 832715.652759888092987, 500684.254804840777069 ], [ 834166.361895801965147, 503058.925335181353148 ], [ 835046.7040908804629, 505162.093407384760212 ], [ 837206.661388070089743, 509022.229084818391129 ], [ 838243.794662096886896, 510641.400420659454539 ], [ 839301.006373715121299, 512307.995279217313509 ], [ 839388.554316735942848, 512443.499742278712802 ], [ 842461.576963908853941, 516659.373141647025477 ], [ 842471.197157037560828, 516659.415351526811719 ], [ 842603.06079594057519, 516908.474253063090146 ], [ 843671.052393863443285, 519103.823388234130107 ], [ 844317.655131249222904, 520147.215779979072977 ], [ 845277.547300566220656, 521960.611684265430085 ], [ 845519.866383704356849, 522564.707241872965824 ], [ 845895.717974265688099, 523404.227229576383252 ], [ 847418.941444604890421, 526006.661209139158018 ], [ 851439.291193446377292, 533605.154130063951015 ], [ 851581.176760595291853, 534031.838791814749129 ], [ 851842.347639443934895, 534837.149023893522099 ], [ 851876.553821392124519, 534890.149458527215756 ], [ 854685.919307498377748, 540638.358102418715134 ], [ 861300.683695657528006, 550719.560411092359573 ], [ 862076.230177661869675, 551837.645523661747575 ], [ 863280.672895819647238, 553583.543856323813088 ], [ 863630.54509292030707, 554092.129931319854222 ], [ 865623.965814623283222, 556922.348724646610208 ], [ 870023.78858435282018, 562700.975686859805137 ], [ 872519.531810518121347, 565979.648223682190292 ], [ 872911.379663600819185, 566676.040765480487607 ], [ 872978.93060820735991, 566716.945733430446126 ], [ 873295.942447568289936, 566999.745166207081638 ], [ 876185.150184019119479, 570796.278456775005907 ], [ 880346.721208228962496, 576502.368655754020438 ], [ 880629.136912035173737, 576902.685332735767588 ], [ 880656.129792953724973, 576923.109382616821676 ], [ 883798.180081627564505, 580803.994034135830589 ], [ 892110.030647980165668, 591736.893674808787182 ], [ 892049.929327244404703, 591958.943450339487754 ], [ 892155.527203034376726, 592446.254939093952999 ], [ 892599.092497021425515, 593070.714660883066244 ], [ 892753.902629585121758, 593247.364155696472153 ], [ 895579.768416223116219, 596302.830054224701598 ], [ 902418.77686283737421, 605306.094552071182989 ], [ 908458.768858298193663, 615179.713131879689172 ], [ 908668.701979413512163, 615611.674924516002648 ], [ 912354.136178450193256, 621990.316190572455525 ], [ 912923.798197229043581, 622947.280731403152458 ], [ 919474.07676708267536, 633314.579198339837603 ], [ 919822.911465280340053, 633824.012128605507314 ], [ 920145.044915552949533, 634299.886198286782019 ], [ 920235.101313133491203, 634447.315641260473058 ], [ 926714.882392564322799, 644760.240251827286556 ], [ 927247.060729551478289, 645707.516710371361114 ], [ 927467.940089083043858, 646087.72068426781334 ], [ 929254.916931361891329, 648804.644006794551387 ], [ 929260.900586410891265, 648814.172758767264895 ], [ 930806.173518149415031, 651451.571493289782666 ], [ 931478.783392248442397, 652675.105994552839547 ], [ 931710.780008995207027, 652995.713619073852897 ], [ 933656.629210671642795, 656317.742178363725543 ], [ 934395.507684522191994, 657747.42756338021718 ], [ 934549.036465771729127, 658059.609542374149896 ], [ 936389.609826881205663, 661082.249769343528897 ], [ 937241.760667748749256, 663110.525052042794414 ], [ 939193.14669975079596, 665773.815264795557596 ], [ 941400.695114945527166, 669817.416080577531829 ], [ 941515.775181174743921, 670028.524027830339037 ], [ 941564.765574523247778, 670121.654496227623895 ], [ 941807.999823782593012, 670650.09123902884312 ], [ 946593.43432108394336, 681075.265132546541281 ], [ 946701.771309207309969, 681313.476961544365622 ], [ 947212.943460319191217, 682575.138433031621389 ], [ 948236.891712294658646, 685017.941647853585891 ], [ 948875.391736760968342, 686093.652623725356534 ], [ 948923.846440730965696, 686200.230794025119394 ], [ 949710.238697538734414, 688477.722290178295225 ], [ 950466.544109751586802, 690939.909686313825659 ], [ 951924.562255534809083, 695733.738854220369831 ], [ 952076.636137341265567, 696194.899450214812532 ], [ 952144.989672105642967, 697074.800535478279926 ], [ 952212.161760970950127, 698012.86802537040785 ], [ 952062.775883551919833, 698473.059234936605208 ], [ 951734.467337874695659, 699484.430860259686597 ], [ 951540.860354426084086, 700653.926805717055686 ], [ 951679.002249218523502, 703738.425006685080007 ], [ 952155.435845494735986, 708253.85061475855764 ], [ 952204.728225390426815, 708473.05933736031875 ], [ 952445.862477024784312, 709545.409714089008048 ], [ 952661.112557318876497, 710502.333426340832375 ], [ 954193.251959462068044, 715630.073391087003984 ], [ 955175.154055799590424, 718916.287860166165046 ], [ 955373.669976820703596, 719379.924646498286165 ], [ 956830.7687200717628, 722790.537709979340434 ], [ 957309.577597091090865, 723685.956527082133107 ], [ 958546.340523204300553, 726016.794750408735126 ], [ 958689.091702084755525, 727050.667302279733121 ], [ 958778.908264449331909, 727701.228751830523834 ], [ 959432.604066928732209, 728838.184167319792323 ], [ 959572.903549532406032, 729084.228463741834275 ], [ 959985.958751437603496, 729990.352840692503378 ], [ 960706.311030023498461, 731576.617583137587644 ], [ 961728.852745627169497, 733828.631479209987447 ], [ 962394.710532096214592, 735588.441641579847783 ], [ 964509.265218554995954, 741176.601141189225018 ], [ 965325.990522238309495, 742866.675930415745825 ], [ 965374.499705912312493, 742968.192319880472496 ], [ 965411.651872883317992, 743547.059127515880391 ], [ 965522.52836643345654, 745367.835977933020331 ], [ 965789.982777591794729, 746313.986281096353196 ], [ 965790.266231335233897, 746314.397862879792228 ], [ 965792.038216505665332, 746320.716671420959756 ], [ 966591.463066219119355, 747477.661544960341416 ], [ 967296.20063618873246, 748500.954949518898502 ], [ 967407.153375184978358, 748662.012445517932065 ], [ 967943.584013852290809, 749599.791376515175216 ], [ 968551.362437004921958, 750775.388220764114521 ], [ 969544.110751739237458, 752713.13465416058898 ], [ 969865.764527511084452, 753171.50122686882969 ], [ 970249.463115481892601, 753735.644996571121737 ], [ 970297.855120580876246, 753774.092656948952936 ], [ 970312.396894417935982, 753788.899271426140331 ], [ 970806.199953607283533, 754184.625227245967835 ], [ 970815.813588500255719, 754220.613680852693506 ], [ 970815.703276872867718, 754233.120749253663234 ], [ 970952.300096220918931, 754731.558296516654082 ], [ 971017.057822146569379, 754973.989924633875489 ], [ 971020.281471012858674, 754979.627820915309712 ], [ 971077.776456447783858, 755189.436320083215833 ], [ 972303.306600683135912, 757206.941948930965737 ], [ 973935.393774640629999, 759899.207904381910339 ], [ 974260.977591268718243, 760544.439859974547289 ], [ 974707.9879157517571, 761430.582599425688386 ], [ 975720.97114153765142, 763438.907658787444234 ], [ 976295.965118852327578, 764211.083591430680826 ], [ 976699.284991657361388, 765340.018867290113121 ], [ 976832.907472302671522, 765728.618864091229625 ], [ 976940.108087008702569, 765837.85513861104846 ], [ 977599.177406613482162, 766490.272668751422316 ], [ 977680.048165736603551, 766631.826090370537713 ], [ 978081.153488458367065, 767723.219421105575748 ], [ 978204.56769605842419, 768068.78620518988464 ], [ 978738.014972107717767, 768696.637263910961337 ], [ 979121.911986490245908, 769155.860022081411444 ], [ 979582.921960641629994, 769707.347586310002953 ], [ 981339.959937237901613, 772476.650837591732852 ], [ 982175.069840609678067, 773793.298082255991176 ], [ 983292.391661270987242, 776246.1693566913018 ], [ 983659.215875025605783, 777058.122892951592803 ], [ 984374.956250651739538, 778350.952917539980263 ], [ 986117.215794233139604, 781515.551962267840281 ], [ 986201.381299265893176, 781610.35101505543571 ], [ 986232.567631302168593, 781650.136411093408242 ], [ 988620.488540084916167, 784352.670181850786321 ], [ 989282.754211983992718, 785089.877107427455485 ], [ 994619.996222376357764, 793838.004139281460084 ], [ 996227.521679215366021, 795975.287107265670784 ], [ 997631.15547050209716, 797904.975868287263438 ], [ 999403.346564097795635, 800341.757365435711108 ], [ 1000540.072982291691005, 802187.58579062926583 ], [ 1001875.899575700517744, 803742.306465649511665 ], [ 1004508.838753127260134, 807364.419207645114511 ], [ 1004943.013732145540416, 807977.36020992079284 ], [ 1005522.431350183207542, 808803.479741295683198 ], [ 1008671.164568571606651, 812849.763833173201419 ], [ 1012597.01326329447329, 818793.396688686800189 ], [ 1013774.504130984772928, 820579.372707832488231 ], [ 1016847.357436916558072, 825249.150535047869198 ], [ 1017636.08806821599137, 826693.876086515956558 ], [ 1018950.838953150785528, 829112.978161641280167 ], [ 1019721.378927117912099, 830826.184270638041198 ], [ 1020089.166349692037329, 831643.879947943845764 ], [ 1020208.800101998145692, 831919.862189755658619 ], [ 1023705.02022924204357, 838498.096323464764282 ], [ 1024378.767529175500385, 839928.392303706845269 ], [ 1025575.861173074576072, 842483.174640314187855 ], [ 1025874.067746444721706, 843393.815194831462577 ], [ 1026281.585571584990248, 844639.852277609053999 ], [ 1026355.531750889262185, 844871.782002399675548 ], [ 1026572.449017570936121, 847286.804519009427167 ], [ 1026573.338699119631201, 847290.373884984059259 ], [ 1026574.014377094805241, 847297.930587644223124 ], [ 1026604.72493430133909, 847416.291616330738179 ], [ 1026980.280690153012984, 848923.098897793330252 ], [ 1027708.514142328873277, 850577.971672286395915 ], [ 1027791.826772221480496, 850771.496934793773107 ], [ 1028489.883307452430017, 851774.659629869274795 ], [ 1028501.901541598257609, 851784.143083417671733 ], [ 1028569.940499586053193, 851847.911675780662335 ], [ 1029595.376083876704797, 852809.033194277551956 ], [ 1029606.121482658782043, 852829.626891326508485 ], [ 1029605.813856516149826, 852857.025648767128587 ], [ 1030234.269352036062628, 854035.531687509035692 ], [ 1030237.273026191047393, 854039.297700609546155 ], [ 1030238.423838598071598, 854041.503424689173698 ], [ 1031599.034915352123789, 855765.582983503118157 ], [ 1032537.115378479706123, 856954.773569036624394 ], [ 1033318.913123943610117, 858399.476024772273377 ], [ 1033329.185213203192689, 858418.93973785371054 ], [ 1032703.35908381070476, 859376.926133736502379 ], [ 1033869.215834328788333, 861381.623113087145612 ], [ 1033711.38192255818285, 861710.363012658781372 ], [ 1033300.805728562991135, 861882.157136352150701 ], [ 1033169.01169953821227, 862185.852116766036488 ], [ 1033337.592203431413509, 862799.663627834524959 ], [ 1033349.194142626365647, 862811.202284089406021 ], [ 1033349.681703728274442, 862812.922107350896113 ], [ 1033362.442460832186043, 862824.378281113458797 ], [ 1033449.834122941480018, 862911.293735071201809 ], [ 1033747.758993740426376, 863207.600381654920056 ], [ 1034043.404857103363611, 863510.906787592568435 ], [ 1034043.812510466668755, 863512.42146741063334 ], [ 1034053.640782975475304, 863548.936507015489042 ], [ 1034133.123780396301299, 863859.106873795040883 ], [ 1033854.506733304820955, 864104.261347376625054 ], [ 1032998.791928575257771, 863966.861344743869267 ], [ 1032996.522741553955711, 863967.293354198103771 ], [ 1032988.249990014825016, 863965.947054391377605 ], [ 1032221.801426644204184, 864106.841498026857153 ], [ 1031911.501718003652059, 864407.750020505627617 ], [ 1031698.44306997791864, 864990.206616040784866 ], [ 1031633.117701539304107, 866031.03761173482053 ], [ 1031595.693503327434883, 866076.285988993593492 ], [ 1031112.053874033386819, 866661.988123317598365 ], [ 1030847.940306499251164, 867243.640354596544057 ], [ 1031051.207427233108319, 870531.994473971659318 ], [ 1031247.725608268170618, 872167.649346241727471 ], [ 1031247.714349291753024, 872167.829612584435381 ], [ 1031501.739120375947095, 874282.477370229433291 ], [ 1032092.551658710814081, 877194.754586889990605 ], [ 1032197.331864722887985, 877473.875202279770747 ], [ 1032672.718849109020084, 878759.189460594789125 ], [ 1033546.959468506160192, 880211.759544424596243 ], [ 1035052.471212374279276, 881942.658995759324171 ], [ 1035052.649068648461252, 881943.300493345945142 ], [ 1035144.362366895889863, 882310.055978948250413 ], [ 1034959.65902715025004, 882445.980441859574057 ], [ 1034163.747227449552156, 883031.709285511285998 ], [ 1033958.606533280690201, 883182.621614962816238 ], [ 1033999.796860628644936, 883447.946249940781854 ], [ 1034011.908395934733562, 883440.867524793720804 ], [ 1034015.255864885635674, 883460.930636258330196 ], [ 1034103.799224753631279, 883394.25130482937675 ], [ 1035170.866258979425766, 882783.766881079762243 ], [ 1035701.910601841169409, 882733.998265791451558 ], [ 1035799.797241459018551, 882727.725873791612685 ], [ 1036279.11609376152046, 883015.410220157937147 ], [ 1036342.145562969497405, 883097.316704674391076 ], [ 1036361.738140878267586, 883129.603134765173309 ], [ 1039739.158614404732361, 887524.135232625994831 ], [ 1039779.237439911696129, 887548.914706794545054 ], [ 1039807.179621837800369, 887574.665655293734744 ], [ 1041260.885195790557191, 888914.462003590888344 ], [ 1041322.484212281997316, 888988.268260806566104 ], [ 1043196.876420062966645, 891234.342518000979908 ], [ 1044302.790737718692981, 892570.280532839940861 ], [ 1044355.466384526109323, 892614.291277724783868 ], [ 1045185.305863789049909, 893473.059261952177621 ], [ 1046223.373031260445714, 894547.321657819673419 ], [ 1049818.408606892451644, 898267.802856491063721 ], [ 1051530.475203825160861, 899359.396353097748943 ], [ 1053389.9879010906443, 900545.201348680071533 ], [ 1053519.575669303303584, 900628.116496849921532 ], [ 1054992.711510836379603, 901200.125914150848985 ], [ 1056529.095171719789505, 901799.221139571862295 ], [ 1056801.667129432782531, 901945.568770799436606 ], [ 1057608.552966881543398, 902386.071146574802697 ], [ 1057996.141867391765118, 902645.333862793399021 ], [ 1058351.131977438926697, 902887.343849047087133 ], [ 1058386.018005206249654, 902924.791319105424918 ], [ 1058464.644709979882464, 903020.016884074779227 ], [ 1059683.213413597550243, 904317.324620870873332 ], [ 1059811.83701007720083, 904455.411173553788103 ], [ 1059820.678715443704277, 904463.03611722169444 ], [ 1062867.140526200644672, 907090.579519875347614 ], [ 1063883.174383949488401, 907972.872179380385205 ], [ 1063935.830294897779822, 908023.896200125105679 ], [ 1063991.523862654808909, 908082.446700211847201 ], [ 1064067.651164744514972, 908162.479593876283616 ], [ 1064099.153812535107136, 908195.530499111860991 ], [ 1064123.525302811060101, 908221.099825355806388 ], [ 1064649.111268430948257, 908782.057735143229365 ], [ 1065135.586366517934948, 909282.956401619827375 ], [ 1065688.707315637264401, 909863.336858563474379 ], [ 1066561.356214015511796, 914048.654018577421084 ], [ 1067212.286530318669975, 915124.963529943372123 ], [ 1067479.407480025198311, 916324.641490040463395 ], [ 1067477.650034504244104, 916351.651720362482592 ], [ 1067388.316592620220035, 917724.426267842529342 ], [ 1067389.347902671666816, 917734.7149723242037 ], [ 1067388.959874800173566, 917739.890356509829871 ], [ 1067399.9221973977983, 917840.204119466943666 ], [ 1067549.289237847551703, 919330.520841622725129 ], [ 1068032.782497447216883, 920037.151818405487575 ], [ 1068253.17884265165776, 920364.360166009631939 ], [ 1068397.710390152875334, 920969.389754804666154 ], [ 1068587.427152871154249, 922270.270248829503544 ], [ 1069161.835085521452129, 923371.447355144075118 ], [ 1069183.263935644412413, 923391.923243193072267 ], [ 1069257.987820891896263, 923468.934986129170284 ], [ 1069502.07459759269841, 923696.559916423866525 ], [ 1069943.289753152057528, 924118.174634343828075 ], [ 1070682.689862441038713, 924422.888300778577104 ], [ 1071492.519932639785111, 924826.112753056921065 ], [ 1071494.010291357524693, 924833.010987872024998 ], [ 1071512.308533221716061, 924884.613148061325774 ], [ 1071638.163935215678066, 925256.684061285457574 ], [ 1071663.914956712396815, 925898.198000405565836 ], [ 1071691.243984976550564, 926766.637066589551978 ], [ 1072309.287380729336292, 928509.34622007899452 ], [ 1072630.827351204119623, 929081.853712898679078 ], [ 1072841.00522469705902, 929471.960806291433983 ], [ 1073616.928210005164146, 930779.379701324505731 ], [ 1073731.161631957627833, 930896.030688461381942 ], [ 1074448.650442397687584, 931628.73402503808029 ], [ 1074460.714585977140814, 931641.175845274003223 ], [ 1075336.441144287586212, 932255.902532159816474 ], [ 1075402.728528950130567, 932344.874340748647228 ], [ 1075853.78242233232595, 932926.855605786200613 ], [ 1076089.314985496457666, 933860.063173815142363 ], [ 1076125.038916830439121, 934007.922072770423256 ], [ 1076348.977353378664702, 934934.845037472085096 ], [ 1077023.966902900952846, 936139.354467574157752 ], [ 1078079.335852976888418, 937526.159941689809784 ], [ 1078150.071084356866777, 937589.9140522449743 ], [ 1078159.310817221645266, 937599.447654628194869 ], [ 1081171.916130035649985, 940330.470450211432762 ], [ 1081373.762493516784161, 940495.662680356879719 ], [ 1081511.645874894922599, 940619.813338791485876 ], [ 1081527.525240433402359, 940648.314269821974449 ], [ 1082111.357137734768912, 941696.253537880140357 ], [ 1082156.535599035443738, 941724.637098270584829 ], [ 1082191.438935656100512, 941760.665143030462787 ], [ 1083221.722895523533225, 942398.193639405653812 ], [ 1083255.501954704755917, 942433.064146112767048 ], [ 1083302.526825254317373, 942490.417824106523767 ], [ 1084106.846220636507496, 943471.448899668990634 ], [ 1084787.717311142478138, 944310.398211420979351 ], [ 1085872.787602133583277, 945969.410575861344114 ], [ 1086809.831512928009033, 947408.695319607038982 ], [ 1087585.134624529629946, 949271.198000279604457 ], [ 1087555.378281769808382, 949653.169051548000425 ], [ 1087674.522271067835391, 949726.575477868085727 ], [ 1087674.268772683572024, 949744.829992318991572 ], [ 1087687.268992045894265, 949850.374836911913007 ], [ 1087691.628234853269532, 949942.682628971873783 ], [ 1087758.591841161716729, 951361.041571779060178 ], [ 1087764.188394196331501, 951493.309577497071587 ], [ 1087627.430352678289637, 952355.112773551489227 ], [ 1087190.302218243014067, 953025.442938907421194 ], [ 1087073.080479711992666, 953199.629702581674792 ], [ 1086828.634863752871752, 954596.477531943353824 ], [ 1086811.584024182753637, 954690.780118967639282 ], [ 1086811.829860104247928, 954692.504290837910958 ], [ 1086809.246396233327687, 954707.266882882337086 ], [ 1086971.170779732055962, 955810.014189974754117 ], [ 1087284.589033587370068, 958008.690439955797046 ], [ 1088151.411948721157387, 960311.679885075078346 ], [ 1089858.192070067161694, 962700.421674329671077 ], [ 1089948.695674373535439, 962791.295145145966671 ], [ 1090292.361758589744568, 963146.571700384141877 ], [ 1091316.250522635877132, 964184.4993926868774 ], [ 1092030.355515349889174, 964740.505447997362353 ], [ 1092075.257412949576974, 964798.37929312302731 ], [ 1092370.648356418125331, 965179.114960934268311 ], [ 1092606.032507025636733, 965490.602929861401208 ], [ 1092649.514721076469868, 965635.59027321159374 ], [ 1092925.201516995672137, 966607.774787709699012 ], [ 1093433.707720568869263, 971277.811012853053398 ], [ 1094584.971436572959647, 973473.059313289937563 ], [ 1094397.111490730196238, 973743.806697921245359 ], [ 1094584.972044916823506, 973473.063097811769694 ], [ 1094584.976218051742762, 973473.057161143864505 ], [ 1095141.786860349588096, 974675.091821797075681 ], [ 1095218.712418087758124, 974840.892151286127046 ], [ 1095254.30346178682521, 974919.589892362710088 ], [ 1095528.628691815771163, 979942.229129286948591 ], [ 1095732.59344486752525, 980339.258477576659061 ], [ 1096002.737698342185467, 980865.132690836209804 ], [ 1096216.881405418273062, 982218.604778892011382 ], [ 1096540.178163931239396, 982961.517222328227945 ], [ 1096584.511307479813695, 982989.196391235454939 ], [ 1096634.835145944729447, 983029.305172933847643 ], [ 1097122.610792899969965, 983327.898609153111465 ], [ 1097128.794898117426783, 983337.527979032252915 ], [ 1097154.945761822164059, 983387.742768235504627 ], [ 1097696.4081044010818, 984427.508461658610031 ], [ 1098978.735940648242831, 986022.324044792447239 ], [ 1099353.269643403124064, 986740.432316683116369 ], [ 1099350.239412770140916, 986997.834622710943222 ], [ 1099344.864838340319693, 987454.180091256392188 ], [ 1099363.691780768334866, 987485.044902170542628 ], [ 1099590.659746574237943, 987871.827971533173695 ], [ 1099657.45669112005271, 987913.484758745529689 ], [ 1100165.001457918900996, 988164.492130493861623 ], [ 1102394.647551310248673, 990624.203828821075149 ], [ 1102458.666299195494503, 990684.288390715606511 ], [ 1102507.598191956523806, 990734.980464591179043 ], [ 1104927.301231620134786, 993014.924230761476792 ], [ 1105778.265160488430411, 993807.27746356301941 ], [ 1108171.26275364914909, 995843.783141924999654 ], [ 1110525.066094413865358, 997854.733518546097912 ], [ 1111890.362816813867539, 998766.036855489481241 ], [ 1112191.616580046713352, 998968.54941643984057 ], [ 1112804.699599947314709, 999538.793091112398542 ], [ 1113659.979224468115717, 1000338.062641626689583 ], [ 1113665.434856868814677, 1000348.033895754837431 ], [ 1114093.789835725910962, 1001130.964810160221532 ], [ 1114909.476520370692015, 1002622.006095788441598 ], [ 1114927.787402037531137, 1002638.98506693309173 ], [ 1115032.344784434186295, 1002741.064387713908218 ], [ 1116813.380595793016255, 1004388.989314462989569 ], [ 1118741.314736703177914, 1005331.613809954025783 ], [ 1118759.399369014892727, 1005356.299060394638218 ], [ 1118786.090214327443391, 1005402.668006252963096 ], [ 1120843.544855050742626, 1008205.446371926344 ], [ 1121507.302385312970728, 1010118.620952957426198 ], [ 1121745.405863402877003, 1011753.930643479339778 ], [ 1121909.330714945215732, 1012878.13249071512837 ], [ 1121788.918654065346345, 1014458.249029374914244 ], [ 1121305.927732832031325, 1015636.001034968649037 ], [ 1121182.984959213994443, 1015923.292198990588076 ], [ 1121153.80640077823773, 1016281.847513753222302 ], [ 1121067.266417113132775, 1017256.169184275786392 ], [ 1121201.936461633769795, 1018813.795062307617627 ], [ 1121868.599925114307553, 1020734.675557943643071 ], [ 1122182.483502770774066, 1022269.002175904694013 ], [ 1122882.210799606982619, 1023527.098259779857472 ], [ 1123962.569136495934799, 1024942.603954918682575 ], [ 1124070.869952500797808, 1025042.331067460821941 ], [ 1125730.035932644503191, 1026570.287650299491361 ], [ 1125734.858829637756571, 1026577.872893837047741 ], [ 1125744.001652987673879, 1026592.252353382762522 ], [ 1125743.961287303362042, 1026594.775665065622889 ], [ 1127616.83376766834408, 1029540.946053315419704 ], [ 1127723.182346663903445, 1029630.820880660437979 ], [ 1129183.870809309184551, 1030963.277332438738085 ], [ 1130214.651074001099914, 1031380.084803016507067 ], [ 1131218.81156320264563, 1031776.154684023815207 ], [ 1131331.554170715389773, 1031886.498562207678333 ], [ 1131613.324858602602035, 1032151.629628436057828 ], [ 1132014.505371000617743, 1032536.708088632673025 ], [ 1133115.053031796123832, 1034059.374547890387475 ], [ 1133945.173734909389168, 1035218.498070947709493 ], [ 1134394.63049011467956, 1036131.711655476829037 ], [ 1134870.381796706933528, 1037111.988777336315252 ], [ 1136885.215905935503542, 1039406.627443548175506 ], [ 1138700.711564984638244, 1042256.443201235611923 ], [ 1138913.86911243153736, 1042591.616660653264262 ], [ 1138969.014330661389977, 1042680.914009725558572 ], [ 1140780.028128413949162, 1046380.771975095034577 ], [ 1140895.05462946370244, 1046863.345832035294734 ], [ 1141075.418835235293955, 1047673.481638605357148 ], [ 1142495.062826366629452, 1050650.946552243782207 ], [ 1142838.959957313723862, 1051752.593385170213878 ], [ 1142697.749026068951935, 1052093.600757448934019 ], [ 1142470.820354020688683, 1052641.608528896933421 ], [ 1141877.24441126268357, 1053170.68721753382124 ], [ 1141064.867908639833331, 1053437.300539842341095 ], [ 1140835.647156801074743, 1053510.983574415091425 ], [ 1140829.587345044594258, 1053514.520335011649877 ], [ 1140826.309737463248894, 1053515.596047202125192 ], [ 1139577.352840546052903, 1054212.79180563846603 ], [ 1139435.305002757813781, 1054287.876420822227374 ], [ 1139225.542299724649638, 1054469.713705510599539 ], [ 1138870.820535343140364, 1054768.694772484479472 ], [ 1138298.280227061593905, 1055655.196588783059269 ], [ 1138052.57027970161289, 1056954.056226165499538 ], [ 1138094.663417050614953, 1057969.397934934357181 ], [ 1138107.244541698601097, 1058382.917920556152239 ], [ 1137902.72328829113394, 1059115.223457948770374 ], [ 1137711.665407992433757, 1059783.108533009653911 ], [ 1137772.188505853526294, 1061111.16820680280216 ], [ 1137375.882995568914339, 1062203.972505400888622 ], [ 1137428.194587268633768, 1062897.464205068303272 ], [ 1137551.214426391758025, 1064528.850809631403536 ], [ 1137866.603353958576918, 1065975.988459923770279 ], [ 1138051.433641102630645, 1066867.629310582764447 ], [ 1138110.826356731820852, 1067496.10100994980894 ], [ 1138190.509594093076885, 1068473.059326334390789 ], [ 1138192.135051930323243, 1068492.987551422789693 ], [ 1138196.299445139011368, 1068500.898439094191417 ], [ 1138863.805716066155583, 1069768.988713340368122 ], [ 1139170.106693317182362, 1070350.935819233767688 ], [ 1139313.631127028726041, 1070626.638335345080122 ], [ 1139484.931666048709303, 1071240.132909890031442 ], [ 1139974.689822813030332, 1073007.217617866815999 ], [ 1139603.447577667422593, 1074100.401170724537224 ], [ 1140428.101216961629689, 1075540.000384117243811 ], [ 1140589.91385828750208, 1076895.015885902801529 ], [ 1140496.8514922731556, 1078221.381183617282659 ], [ 1140959.797575531760231, 1079988.504716678289697 ], [ 1140968.915145742706954, 1080167.04700231552124 ], [ 1141041.769733935594559, 1081623.369526900351048 ], [ 1140979.65831566369161, 1081896.200702624162659 ], [ 1140717.243849981576204, 1083048.868173965020105 ], [ 1141467.54344040248543, 1087061.06429352844134 ], [ 1141719.047355751041323, 1088427.177807597676292 ], [ 1142110.071806054096669, 1091204.661424760473892 ], [ 1142634.924750629346818, 1094970.062263012630865 ], [ 1142788.185039123985916, 1095355.184717242373154 ], [ 1142808.06819619727321, 1095406.308846410596743 ], [ 1142877.921670710900798, 1095481.42580954823643 ], [ 1144063.243412881623954, 1096765.589814094360918 ], [ 1144143.651648630853742, 1096852.709820440039039 ], [ 1144336.01059791771695, 1097199.472603842616081 ], [ 1144444.118732006521896, 1097402.142008758615702 ], [ 1144487.181925712618977, 1097832.174132679589093 ], [ 1144594.886472318088636, 1098992.534978809999302 ], [ 1144759.68968516914174, 1099640.7714071739465 ], [ 1144874.656285152770579, 1100123.840906022815034 ], [ 1145413.848262404557317, 1102388.88852839358151 ], [ 1145623.124117492232472, 1103369.540938792517409 ], [ 1145674.365941935218871, 1103609.676548711722717 ], [ 1146257.287414389662445, 1107271.546004087897018 ], [ 1146860.896046151407063, 1109172.390801129397005 ], [ 1146871.060206291964278, 1109220.061118319630623 ], [ 1147028.773320958483964, 1109488.586833209963515 ], [ 1147520.36411178810522, 1110328.564827232155949 ], [ 1147329.255292244255543, 1111212.056958066299558 ], [ 1147085.867847907822579, 1112338.242936100810766 ], [ 1147254.477885383646935, 1113106.633258183021098 ], [ 1147212.915384892374277, 1113688.813840680057183 ], [ 1147192.240127368364483, 1113973.916531012859195 ], [ 1146850.622894586995244, 1115069.417072134790942 ], [ 1146232.476983956526965, 1117051.68922477774322 ], [ 1146020.521270490717143, 1119602.686402406776324 ], [ 1145531.351329857250676, 1121818.037198405480012 ], [ 1145584.497737064957619, 1122137.559090973576531 ], [ 1145695.63977731205523, 1122817.762042967136949 ], [ 1145804.233910362236202, 1123103.726814946625382 ], [ 1146412.48271521506831, 1124740.739249266218394 ], [ 1146751.087120439391583, 1126200.757438312517479 ], [ 1146808.702371956780553, 1126587.501221168786287 ], [ 1146918.834838155191392, 1127326.840214021736756 ], [ 1147548.882978583686054, 1131548.840382383903489 ], [ 1147562.36378491576761, 1132442.736874378751963 ], [ 1146994.748372813686728, 1135095.819894583197311 ], [ 1146770.60258326260373, 1136134.695971271255985 ], [ 1146736.065213857684284, 1136648.866443096892908 ], [ 1146520.210302168037742, 1139707.949986532097682 ], [ 1146585.069559030700475, 1141227.485797071363777 ], [ 1146681.375113209942356, 1143472.395265005994588 ], [ 1146681.366825688164681, 1143473.059276619926095 ], [ 1146753.325443943729624, 1145151.073930616257712 ], [ 1146976.040040975436568, 1145664.773183140670881 ], [ 1146989.964103264268488, 1145674.705665122484788 ], [ 1146991.336093909805641, 1145677.777102305321023 ], [ 1147077.392831888981164, 1145747.214280477492139 ], [ 1149477.60184946237132, 1147449.450845070881769 ], [ 1150533.644981465302408, 1148202.999466780107468 ], [ 1151024.867783914785832, 1148553.544263377552852 ], [ 1151474.427719956729561, 1148765.816105094505474 ], [ 1152474.444515780545771, 1149246.838771499926224 ], [ 1154105.515331613831222, 1150290.005404607392848 ], [ 1154980.108962015248835, 1150853.936893839621916 ], [ 1156378.731646522413939, 1151772.263049696572125 ], [ 1158881.366862454684451, 1153415.521250980440527 ], [ 1159675.467596741160378, 1153942.513679123017937 ], [ 1163078.675186035688967, 1155513.905230299104005 ], [ 1165185.350771237630397, 1155669.61680721049197 ], [ 1167201.69207612099126, 1156332.744639300741255 ], [ 1169305.955544833559543, 1156617.651672000996768 ], [ 1169540.362041753251106, 1156643.751897810492665 ], [ 1169952.777097114361823, 1156698.977433969033882 ], [ 1174010.474956219783053, 1157756.917818801244721 ], [ 1175638.666107574477792, 1158186.365961263887584 ], [ 1177376.657240120694041, 1158308.585536773549393 ], [ 1181174.032272695098072, 1158960.154181249206886 ], [ 1183110.82824261393398, 1158889.733312166063115 ], [ 1184785.431032290682197, 1158827.800680647138506 ], [ 1186746.319055156782269, 1157889.029159139376134 ], [ 1187237.98353068344295, 1157498.219066509976983 ], [ 1187427.205770488362759, 1156768.732242695055902 ], [ 1186963.367133582942188, 1154736.348527633585036 ], [ 1187149.070807540323585, 1154183.306719682179391 ], [ 1187483.339582676067948, 1153812.528825900517404 ], [ 1187918.680813235230744, 1153759.55989891756326 ], [ 1188435.788014440331608, 1153699.581956423819065 ], [ 1189307.840452211908996, 1153112.60545067046769 ], [ 1189654.076626864727587, 1153008.426708540413529 ], [ 1189789.10847330163233, 1152974.796161640668288 ], [ 1190467.744272960117087, 1153233.759115909924731 ], [ 1191322.073554426897317, 1153573.56011931435205 ], [ 1192696.121586253866553, 1153502.765202974667773 ], [ 1192828.142678898060694, 1153497.56427126401104 ], [ 1192997.976220899261534, 1153490.843028381466866 ], [ 1193266.651861826423556, 1153483.285642597824335 ], [ 1194421.19977136165835, 1153906.948005590587854 ], [ 1194952.619345492683351, 1153890.412253702525049 ], [ 1195439.449134574038908, 1153750.767673505004495 ], [ 1196295.098878046032041, 1152987.014985332265496 ], [ 1196475.58784569404088, 1152922.256893639685586 ], [ 1196591.689943906851113, 1152885.264061308000237 ], [ 1197088.422211938537657, 1153028.873079576995224 ], [ 1197608.755683686118573, 1153189.89525429927744 ], [ 1199133.753071252489462, 1152471.178447497775778 ], [ 1199181.724449075292796, 1152590.819532796507701 ], [ 1199205.611645429860801, 1152650.394879850093275 ], [ 1199248.970294215483591, 1152776.413662707898766 ], [ 1199010.561581491027027, 1153473.059304347494617 ], [ 1199014.201146320439875, 1153478.171586558455601 ], [ 1198779.040648410795256, 1154170.872649156022817 ], [ 1198971.226747601758689, 1154643.293552962364629 ], [ 1199097.136170736514032, 1154734.106780962785706 ], [ 1199229.355242380173877, 1154845.420040558557957 ], [ 1200109.137747735716403, 1155016.275190018350258 ], [ 1200117.326361113693565, 1155027.779205976519734 ], [ 1200457.95591399865225, 1155299.924855585675687 ], [ 1200800.975475779734552, 1155590.149153558304533 ], [ 1200810.527063212823123, 1155590.342076032189652 ], [ 1201125.267233100254089, 1156114.720202184980735 ], [ 1201386.897857679752633, 1157498.273273704573512 ], [ 1201418.744299945887178, 1157666.704373325919732 ], [ 1201460.180652047740296, 1157898.815111677628011 ], [ 1201621.491140422876924, 1158021.583047027699649 ], [ 1201682.683448221068829, 1158073.947036714525893 ], [ 1202368.880276117008179, 1159427.766020589740947 ], [ 1202384.392893835902214, 1159480.348840797087178 ], [ 1203256.522504378575832, 1161179.322336925892159 ], [ 1203174.267825717106462, 1161587.241264824289829 ], [ 1201576.279689327348024, 1162486.46995782176964 ], [ 1200898.39063812745735, 1163448.988859873497859 ], [ 1200701.874248014762998, 1164724.655239254701883 ], [ 1200416.773492231965065, 1165027.625368760898709 ], [ 1199278.748618903802708, 1165422.368391830008477 ], [ 1198925.583309060893953, 1165541.409590166993439 ], [ 1197841.211970993550494, 1165655.202231905655935 ], [ 1196783.189306546235457, 1165570.189037620322779 ], [ 1196369.590459268540144, 1165536.161211155587807 ], [ 1196325.235634981188923, 1165516.221726537914947 ], [ 1195239.200212745461613, 1165025.115796377183869 ], [ 1193980.494931195862591, 1164456.178420018171892 ], [ 1192779.209089733660221, 1164414.476596139604226 ], [ 1191801.744950118474662, 1164836.053647286724299 ], [ 1190726.437798795057461, 1164923.937244863016531 ], [ 1189775.172403875738382, 1165320.18768283794634 ], [ 1187711.698430184740573, 1166647.351395189063624 ], [ 1186249.888903326354921, 1166960.020855310605839 ], [ 1185217.43482528696768, 1167687.372961751651019 ], [ 1183698.287002368830144, 1168228.619914395036176 ], [ 1182601.563341439235955, 1169216.399456142215058 ], [ 1181656.258374844212085, 1170067.59806095669046 ], [ 1179523.130729748867452, 1170882.144078982062638 ], [ 1178917.43177457805723, 1171452.601521630072966 ], [ 1178719.764041859656572, 1171633.179145217407495 ], [ 1177724.229072923306376, 1173521.857150148134679 ], [ 1177512.718000091146678, 1173921.79832336306572 ], [ 1177125.165922466199845, 1174075.209476974792778 ], [ 1177085.15061150630936, 1174091.049696555128321 ], [ 1176898.665807617129758, 1173790.198044305667281 ], [ 1176852.836967968614772, 1173711.316172172082588 ], [ 1177704.637112934608012, 1172013.555221033748239 ], [ 1179295.557447943370789, 1170375.178738231537864 ], [ 1179296.35653845150955, 1170372.202965352451429 ], [ 1179300.314859386533499, 1170368.166534544201568 ], [ 1179489.121489819139242, 1169654.992110026534647 ], [ 1179489.449147952022031, 1169653.183029538486153 ], [ 1179491.400868098950014, 1169645.915266481461003 ], [ 1179555.33608305407688, 1169289.350229701725766 ], [ 1179660.743322297697887, 1168707.272773345466703 ], [ 1179710.299747326876968, 1168431.308113798964769 ], [ 1179710.113448002841324, 1168429.689482323359698 ], [ 1179710.358472509775311, 1168428.339212413877249 ], [ 1179691.03486208175309, 1168263.955452514346689 ], [ 1179618.948172487318516, 1167637.7980110575445 ], [ 1179424.866589916869998, 1167332.957739184843376 ], [ 1179104.081542749656364, 1166814.277037906460464 ], [ 1178861.877311775228009, 1165811.605618523666635 ], [ 1179051.496164861368015, 1165055.056573323206976 ], [ 1179370.883563206996769, 1164531.86953385383822 ], [ 1181088.472845877986401, 1163296.354786335024983 ], [ 1182027.900268753990531, 1161923.801786915864795 ], [ 1182203.04398453515023, 1161670.579261228675023 ], [ 1182259.307830255944282, 1161853.160377299878746 ], [ 1182405.0718790628016, 1162297.309802985284477 ], [ 1182473.046960662119091, 1162257.92263934481889 ], [ 1182784.310766190290451, 1162148.674899882636964 ], [ 1182787.0855169785209, 1162134.380319041432813 ], [ 1182787.537039804738015, 1162134.206622840138152 ], [ 1182793.41703706048429, 1162101.763643408892676 ], [ 1182933.963841961696744, 1161377.717614882159978 ], [ 1183492.298243253491819, 1161008.5953236927744 ], [ 1183746.482451972784474, 1160389.052805047715083 ], [ 1183578.811096011893824, 1160032.714623503154144 ], [ 1183533.533694279845804, 1159943.564094075933099 ], [ 1183435.064588365610689, 1159919.152909968048334 ], [ 1182947.397032988257706, 1159785.062275433447212 ], [ 1181740.243900540983304, 1159831.131468057632446 ], [ 1178572.307300205342472, 1159952.160168169764802 ], [ 1177985.727350286673754, 1159974.601040496025234 ], [ 1172880.707119315396994, 1159421.000433241017163 ], [ 1171039.570127283688635, 1159473.129778653150424 ], [ 1170088.380812297808006, 1159196.327997672837228 ], [ 1167864.518688099691644, 1158544.494222025154158 ], [ 1167520.610765899298713, 1158449.153040956938639 ], [ 1167450.206339322496206, 1158428.649189322721213 ], [ 1167435.172457596287131, 1158426.676854419056326 ], [ 1164856.785396071849391, 1158086.146378266625106 ], [ 1164024.996485304553062, 1157669.769889265997335 ], [ 1163666.457811252912506, 1157376.081335122231394 ], [ 1163623.580303620547056, 1157339.763176522450522 ], [ 1162569.964030777104199, 1156447.383392772171646 ], [ 1162143.378941139904782, 1156380.601827027508989 ], [ 1162047.972807312384248, 1156362.864131485112011 ], [ 1162042.935081277275458, 1156364.878340041497722 ], [ 1162034.522996274521574, 1156363.561531632440165 ], [ 1161135.245630195597187, 1156709.245687191607431 ], [ 1160569.655148138292134, 1156551.471857830183581 ], [ 1160285.869532131124288, 1156464.971536696422845 ], [ 1160280.002276960527524, 1156470.676652721362188 ], [ 1160269.859345643082634, 1156467.847456405870616 ], [ 1159958.849380679894239, 1156770.265537873841822 ], [ 1160020.245537763927132, 1157426.827814218588173 ], [ 1160024.590134599013254, 1157484.693134052213281 ], [ 1159970.1425535089802, 1157603.574528209166601 ], [ 1159736.253683055052534, 1158095.774701423477381 ], [ 1159803.774495146702975, 1158165.09099660301581 ], [ 1159961.154507541796193, 1158345.316596875665709 ], [ 1159979.406734939198941, 1158327.568697162205353 ], [ 1159981.641338136512786, 1158327.412083943141624 ], [ 1160091.618366429582238, 1158319.707132555311546 ], [ 1160270.831214663572609, 1158310.508552258368582 ], [ 1161096.597584516741335, 1157634.083538564154878 ], [ 1161103.606168558355421, 1157659.062735774088651 ], [ 1161132.658385595306754, 1157796.173430563649163 ], [ 1161213.861269404180348, 1158179.420723913470283 ], [ 1161262.619655539514497, 1158438.029944729991257 ], [ 1161229.859760981518775, 1158767.590765539556742 ], [ 1161118.029896344989538, 1159851.466452761553228 ], [ 1161087.681351045845076, 1160208.753135324921459 ], [ 1160876.083345396444201, 1160402.43969041435048 ], [ 1160643.479012195952237, 1160604.561876104446128 ], [ 1160679.750324391759932, 1160822.065058572683483 ], [ 1160718.070529925636947, 1161072.433488064212725 ], [ 1161321.350575713207945, 1161795.908809815067798 ], [ 1161326.182830849662423, 1161798.628564743790776 ], [ 1161392.156342218397185, 1161847.209082975052297 ], [ 1162156.271975704701617, 1162282.624492867384106 ], [ 1164049.053169701248407, 1162359.747397320810705 ], [ 1166786.829813230782747, 1162860.523983632447198 ], [ 1166962.244094986701384, 1162877.576722987461835 ], [ 1167056.549591851886362, 1162894.800245907623321 ], [ 1167058.497699574101716, 1162896.629895137855783 ], [ 1167160.247705966932699, 1163003.489836923079565 ], [ 1167938.950407610740513, 1163724.426959145348519 ], [ 1168027.245098671177402, 1163861.802608263446018 ], [ 1168890.669444154482335, 1165219.104948767693713 ], [ 1169587.485140912467614, 1166582.794873080682009 ], [ 1169826.38202000502497, 1167786.99720351328142 ], [ 1169764.25301701342687, 1168603.86293754982762 ], [ 1169167.081220899708569, 1169260.107767913024873 ], [ 1169441.220583561807871, 1169774.929326297482476 ], [ 1169121.424537828424945, 1170716.027197169605643 ], [ 1169122.947551845107228, 1170719.975942705292255 ], [ 1169119.025915353326127, 1170731.357610964681953 ], [ 1169182.629393851850182, 1170874.710505141876638 ], [ 1169220.50463525718078, 1170972.909514352679253 ], [ 1169228.351108158472925, 1170977.761807005852461 ], [ 1169228.383990523871034, 1170977.835954576032236 ], [ 1169334.476776314899325, 1171047.783354246290401 ], [ 1169723.539682871894911, 1171298.322571630124003 ], [ 1169720.441746606491506, 1171308.113055118592456 ], [ 1169646.788441868731752, 1171540.881390050053596 ], [ 1169028.278603802900761, 1171915.754062530817464 ], [ 1168896.967034028377384, 1172169.507593446876854 ], [ 1168897.354197238571942, 1172170.432470119325444 ], [ 1168896.065551997395232, 1172172.671426178654656 ], [ 1169034.441387160914019, 1172497.938036439241841 ], [ 1169144.38130359374918, 1172760.596714874729514 ], [ 1169152.836689698975533, 1172766.399034666595981 ], [ 1169258.866465226048604, 1172851.70958905806765 ], [ 1169897.31450989888981, 1173277.3022694978863 ], [ 1170207.979857870610431, 1173490.510691325413063 ], [ 1170400.098276442382485, 1173569.374397679930553 ], [ 1170811.763315134448931, 1173738.366822597337887 ], [ 1170826.316971977706999, 1173744.455725509673357 ], [ 1171172.745307873701677, 1173887.014578884234652 ], [ 1173655.408145953901112, 1174003.800830089254305 ], [ 1175191.64304935070686, 1174434.646077039651573 ], [ 1175269.588646999327466, 1174471.427019005641341 ], [ 1175763.261453702114522, 1174715.892512954538688 ], [ 1175786.658233945723623, 1174767.591713511385024 ], [ 1176015.469871020875871, 1175273.204980461159721 ], [ 1176134.797774551436305, 1175541.808640586910769 ], [ 1175947.48448931472376, 1176200.607773683732376 ], [ 1174726.478472901973873, 1178622.499666559044272 ], [ 1174019.883774724788964, 1180018.219223710009828 ], [ 1173589.770072656217963, 1183077.768760777777061 ], [ 1173535.19885617820546, 1183482.780419486109167 ], [ 1173318.885254139080644, 1185007.111841723555699 ], [ 1172950.898988065309823, 1185743.255218286532909 ], [ 1172000.328869085060433, 1186087.897303230827674 ], [ 1171738.825447264127433, 1186493.133607062976807 ], [ 1171737.531369671691209, 1186506.450517440447584 ], [ 1171735.564562679734081, 1186509.40144179482013 ], [ 1171655.045791246928275, 1187355.223597532371059 ], [ 1171200.462257665582001, 1192031.264173757983372 ], [ 1171328.003833109047264, 1194184.243307816330343 ], [ 1171328.841564615024254, 1194198.391534234629944 ], [ 1171401.443441421724856, 1195509.904801843920723 ], [ 1171385.857975684339181, 1195717.546182500896975 ], [ 1171333.416132859187201, 1196245.847383772721514 ], [ 1170749.812330320477486, 1202119.723053309135139 ], [ 1170646.886165036819875, 1203898.135535826906562 ], [ 1170469.261512396857142, 1206965.389627741649747 ], [ 1170334.56317892530933, 1209165.453292968682945 ], [ 1170273.098125677555799, 1209545.077183879679069 ], [ 1170147.214682866819203, 1210238.234254202339798 ], [ 1169957.113198813516647, 1211084.435824301326647 ], [ 1169894.658103168476373, 1211342.141648067394271 ], [ 1169770.275607530027628, 1213003.199893312295899 ], [ 1169524.872261600568891, 1216133.218752424931154 ], [ 1170053.119544596876949, 1221750.91633028909564 ], [ 1170210.574187610764056, 1223426.921762243378907 ], [ 1170377.948376212269068, 1224197.14761741948314 ], [ 1171024.761464599985629, 1227170.098586743231863 ], [ 1171730.86666125850752, 1228842.410768970381469 ], [ 1173716.982975907390937, 1233547.991689915303141 ], [ 1173929.123399334028363, 1234752.418921430595219 ], [ 1175561.971606938634068, 1237106.232312478590757 ], [ 1175635.018862462835386, 1237211.530949522508308 ], [ 1175883.378690151963383, 1237574.368694252334535 ], [ 1176074.007216540165246, 1238387.853839981369674 ], [ 1175937.30928502837196, 1238973.784953723661602 ], [ 1175758.111870285822079, 1239199.857073739636689 ], [ 1175670.172627882100642, 1239304.392483730101958 ], [ 1174905.972453637979925, 1239546.620444939704612 ], [ 1174052.225873511051759, 1239319.789560659322888 ], [ 1173586.9080372704193, 1239193.982434215024114 ], [ 1173583.909581322688609, 1239195.375501570990309 ], [ 1173581.862870847107843, 1239194.831775939790532 ], [ 1173274.932684727944434, 1239338.925925095798448 ], [ 1172524.211646942421794, 1239687.72447832277976 ], [ 1172301.490722446702421, 1239683.084925275761634 ], [ 1171171.507449257420376, 1239645.145463048713282 ], [ 1169455.883717336691916, 1239955.72257138742134 ], [ 1168426.270938395988196, 1240132.036470907973126 ], [ 1168122.267651619389653, 1240362.885459125507623 ], [ 1168118.991268330719322, 1240365.250921857310459 ], [ 1167214.062945203622803, 1241018.371594962663949 ], [ 1166770.057490794919431, 1241625.247336072381586 ], [ 1165642.126462289597839, 1243525.481403802288696 ], [ 1164575.087999091483653, 1246474.28791589057073 ], [ 1164411.339010866591707, 1247161.914214073680341 ], [ 1164367.176474180305377, 1247854.07489126897417 ], [ 1164109.814982684794813, 1251885.662757026031613 ], [ 1164524.209023192059249, 1253220.750786203658208 ], [ 1164787.517793249338865, 1254125.072735513560474 ], [ 1164815.084588789381087, 1254224.401939813280478 ], [ 1164699.383970651077107, 1254690.737929128343239 ], [ 1164458.717713751830161, 1255640.190932776778936 ], [ 1164623.317575137829408, 1257933.615574101218954 ], [ 1164629.927226934581995, 1258027.24909633025527 ], [ 1165027.992230237461627, 1260410.066532170865685 ], [ 1165452.424580019898713, 1261489.988368978491053 ], [ 1167341.130901182536036, 1266297.868013167986646 ], [ 1168041.416448215488344, 1267305.373998347437009 ], [ 1167930.891220707911998, 1267840.42846196424216 ], [ 1167934.090725536458194, 1267849.688682928215712 ], [ 1167932.655210668221116, 1267855.950297318166122 ], [ 1168143.356838348321617, 1268455.395833573536947 ], [ 1168836.248629436362535, 1270461.251489232992753 ], [ 1169296.573114596772939, 1273765.596628557192162 ], [ 1169053.573999797459692, 1274740.520657859742641 ], [ 1169023.812814679229632, 1274860.582541225478053 ], [ 1168980.449550237040967, 1276010.200402404647321 ], [ 1168633.153643589699641, 1276950.432504870230332 ], [ 1168599.520918196532875, 1277486.801444548182189 ], [ 1168604.849912356585264, 1277498.973875744268298 ], [ 1168604.634112294763327, 1277502.077192222932354 ], [ 1168670.496816674713045, 1277648.925651940517128 ], [ 1169077.632615203037858, 1278578.971334194066003 ], [ 1169105.160333598032594, 1278619.575976324267685 ], [ 1169128.543524475069717, 1278674.004402184858918 ], [ 1169391.543285962892696, 1279042.015263385837898 ], [ 1169513.131243834737688, 1279221.374158793827519 ], [ 1171965.863097729161382, 1282840.285154637182131 ], [ 1172581.684374788543209, 1284328.094555245479569 ], [ 1172958.820536737795919, 1284986.916913349181414 ], [ 1173354.670985259814188, 1285688.492716056294739 ], [ 1173580.128733711782843, 1285992.912419682135805 ], [ 1174324.124649837147444, 1287013.329554930794984 ], [ 1174389.996862736530602, 1287062.279654906364158 ], [ 1175742.07842594338581, 1288293.272148806834593 ], [ 1177864.06960213673301, 1291652.588228373322636 ], [ 1177950.144220839254558, 1291695.20779790985398 ], [ 1178566.71950178174302, 1291993.390670483000576 ], [ 1178802.706819736398757, 1292112.757447780109942 ], [ 1178841.875439095776528, 1292161.262933155056089 ], [ 1178855.690544089768082, 1292178.371305958833545 ], [ 1179182.066426260862499, 1292591.233782419003546 ], [ 1179256.649333094246686, 1292804.954410697333515 ], [ 1179814.269106266554445, 1294429.419230280909687 ], [ 1179975.132437598891556, 1294595.164807904977351 ], [ 1180118.404163557570428, 1294750.439418453723192 ], [ 1180165.964692949550226, 1294766.066450104350224 ], [ 1180180.881742018740624, 1294773.674494061619043 ], [ 1181460.827342084143311, 1295426.525987596483901 ], [ 1181476.657397975213826, 1295462.712788495933637 ], [ 1182510.062752162804827, 1297825.367529487470165 ], [ 1182551.300531164277345, 1297920.558602370554581 ], [ 1182742.186501639895141, 1298366.116260529495776 ], [ 1182783.063964169938117, 1298560.210107928840443 ], [ 1182980.715929391793907, 1299566.601440930739045 ], [ 1182840.200741537380964, 1300356.917002893751487 ], [ 1181735.00837753387168, 1302308.246626512613147 ], [ 1182029.258797130081803, 1303105.558782985899597 ], [ 1182903.199870227370411, 1304423.110344761516899 ], [ 1183166.70635144924745, 1305526.693857979495078 ], [ 1182959.861019896809012, 1307262.050230421125889 ], [ 1182959.979701776988804, 1307262.576502014184371 ], [ 1182958.797676415881142, 1307272.210981289623305 ], [ 1183020.691689809784293, 1307531.739304842660204 ], [ 1183150.83914209343493, 1308108.776938592549413 ], [ 1183999.560355393681675, 1309400.654183922102675 ], [ 1184229.820159941678867, 1309896.104345380561426 ], [ 1184652.002486997982487, 1310827.27458223188296 ], [ 1185373.495655715698376, 1312358.25348979071714 ], [ 1185877.90375372976996, 1313444.620770457433537 ], [ 1186086.392658688826486, 1314803.107251187553629 ], [ 1185872.416814361931756, 1315748.450306915910915 ], [ 1185835.481020510895178, 1315898.929536084178835 ], [ 1185745.321951582562178, 1316005.601330985315144 ], [ 1185421.256604945287108, 1316377.825864045647904 ], [ 1184545.344135955907404, 1316772.990607562242076 ], [ 1183446.664173447294161, 1316704.302639668807387 ], [ 1182031.234706476796418, 1316162.191218623891473 ], [ 1181579.654242520220578, 1315986.424734384287149 ], [ 1181572.086660434026271, 1315986.358305633068085 ], [ 1181565.914309732615948, 1315983.994588850997388 ], [ 1180082.940606941469014, 1315960.394251823425293 ], [ 1178176.955989189911634, 1316799.299056932795793 ], [ 1177799.906068061944097, 1316875.84444295335561 ], [ 1174559.043513509910554, 1317534.152979852166027 ], [ 1173093.2424522775691, 1318047.534363119862974 ], [ 1172262.985416012117639, 1318775.741178421536461 ], [ 1170481.187283560633659, 1319846.355824732687324 ], [ 1169915.856487800134346, 1320016.255572039401159 ], [ 1169911.049035134026781, 1320015.468488760991022 ], [ 1167238.515917014330626, 1319564.481698168208823 ], [ 1165526.643880376825109, 1319486.071531619410962 ], [ 1164544.862353684846312, 1319650.952189650386572 ], [ 1163860.437558648409322, 1319766.063986204564571 ], [ 1161613.369774247054011, 1319576.765976282535121 ], [ 1160512.685698775341734, 1319661.429181231418625 ], [ 1156468.261746789328754, 1321539.044508520979434 ], [ 1154582.55025562713854, 1322735.515220964094624 ], [ 1151549.393019749550149, 1324059.697597624966875 ], [ 1149613.660828293301165, 1324904.678316448349506 ], [ 1145687.362342288019136, 1325863.481337647419423 ], [ 1143908.386097868205979, 1326780.323615186614916 ], [ 1142742.128656828776002, 1326639.880344157340005 ], [ 1142682.18930799793452, 1326632.297691863263026 ], [ 1141436.284023919142783, 1326790.491074082907289 ], [ 1138919.419810265302658, 1327108.64539919514209 ], [ 1138121.279350340366364, 1327453.521148850210011 ], [ 1135905.284926220774651, 1328567.471642431803048 ], [ 1135438.113884414313361, 1328880.399029941065237 ], [ 1134953.211470595095307, 1329205.214515533531085 ], [ 1134633.262176450574771, 1329412.683752274373546 ], [ 1134261.858518907334656, 1329780.612903283443302 ], [ 1133054.949781469767913, 1330948.417336346814409 ], [ 1132280.75426178611815, 1331395.736236673546955 ] ] ], [ [ [ 157923.262406460708007, -128613.800687286799075 ], [ 158411.684160628879908, -127667.743776480332599 ], [ 159494.713735956989694, -126723.364780448013335 ], [ 160026.801084952487145, -125764.335500175468042 ], [ 160034.815386886708438, -125706.783023404525011 ], [ 160099.126500532787759, -125432.533637218526565 ], [ 159969.286708616476972, -125230.53424330650887 ], [ 159691.96502098540077, -125141.807109842673526 ], [ 159661.531915742263664, -125133.296862275747117 ], [ 159368.020002086879686, -125342.667942908796249 ], [ 158675.396219900634605, -126275.726292498031398 ], [ 156895.487761441792827, -127892.33456850310904 ], [ 156827.558986163930967, -127959.969189331197413 ], [ 156787.044351870892569, -128223.500858881321619 ], [ 157035.873324457556009, -128546.053514444807661 ], [ 157053.67382438207278, -128568.14994225197006 ], [ 157472.622971786942799, -128719.590304944736999 ], [ 157923.262406460708007, -128613.800687286799075 ] ] ], [ [ [ 164099.62925104732858, -119584.044740730241756 ], [ 164931.238732436264399, -119472.951950490518357 ], [ 165240.379570790857542, -119214.217366971715819 ], [ 165363.275323460693471, -118856.497676093684277 ], [ 165051.706945695565082, -118376.865238779428182 ], [ 164644.415299633692484, -118230.197918690260849 ], [ 164195.869081324373838, -118487.353625933799776 ], [ 162864.393680291774217, -119826.304524032922927 ], [ 163218.33966113452334, -120170.492790899355896 ], [ 164099.62925104732858, -119584.044740730241756 ] ] ], [ [ [ 169641.110828927892726, -112851.375089415261755 ], [ 170018.048544672492426, -112441.061387928755721 ], [ 170040.829688866855577, -112403.137280508570257 ], [ 170003.950697891355958, -112361.342792082257802 ], [ 169629.596660519833677, -111963.120110073243268 ], [ 169690.572560927947052, -111719.871315370604862 ], [ 169738.158889017649926, -111706.317181592894485 ], [ 170431.577614643436391, -111530.046480347009492 ], [ 170737.266700997075532, -111198.758725375693757 ], [ 170737.156582715222612, -111077.163378167097108 ], [ 170763.946893344516866, -110624.534091945897671 ], [ 170852.301304218592122, -110577.167410089823534 ], [ 171266.5642373796436, -110361.420140109883505 ], [ 171325.765205861185677, -110220.696061129143345 ], [ 171341.507689148245845, -110157.900452404108364 ], [ 171537.959108928218484, -109326.827922022916027 ], [ 171605.848591619578656, -109205.173022556744399 ], [ 171984.593669083085842, -108654.663657805795083 ], [ 172006.92519869399257, -108601.583080568103469 ], [ 171587.667485805635806, -108606.683730696080602 ], [ 171408.332261454488616, -108840.564185418043053 ], [ 170743.604593026044313, -109022.477375903021311 ], [ 170692.400134413794149, -109048.097437083633849 ], [ 169960.671719568781555, -109625.468138963144156 ], [ 169892.715761704894248, -109672.816413521926734 ], [ 169689.675820585456677, -110733.589661880469066 ], [ 169669.417128054308705, -110888.98132984660333 ], [ 169159.760620667482726, -111254.234624241275014 ], [ 168180.893448314920533, -111599.655180172499968 ], [ 167936.307793226034846, -111829.565006116652512 ], [ 167847.98350986285368, -111910.711627384953317 ], [ 167821.119969253835734, -112275.531411062431289 ], [ 168467.30240409570979, -112484.353849641920533 ], [ 168624.005055817775428, -112815.224713564675767 ], [ 168780.708004066429567, -113146.094912551649031 ], [ 169641.110828927892726, -112851.375089415261755 ] ] ], [ [ [ 177874.113464117166586, -103571.720639926366857 ], [ 177892.330036040919367, -103514.793965092409053 ], [ 178021.199364923522808, -103112.081263145984849 ], [ 177914.644817400025204, -102731.776609079286573 ], [ 177660.965701365843415, -102781.060871975176269 ], [ 177421.370422454841901, -103390.813168293592753 ], [ 177353.531263379962184, -103580.007383479111013 ], [ 177020.627981260535307, -103911.275736851574038 ], [ 176996.727261957712471, -103933.660211708658608 ], [ 176926.537439933454152, -104218.442150359609514 ], [ 176953.093794287065975, -104465.238434491649969 ], [ 176973.554562692996114, -104539.525922622604412 ], [ 176973.565854011743795, -104553.035795916846837 ], [ 176817.323232415423263, -104728.795670105304453 ], [ 177189.552822472294793, -104880.309553079801844 ], [ 177874.113464117166586, -103571.720639926366857 ] ] ], [ [ [ 178881.068317758210469, -101154.016967301839031 ], [ 179208.89908448618371, -100376.413882598790224 ], [ 179104.175521824683528, -100148.857810875910218 ], [ 178569.53359383501811, -100301.378660423346446 ], [ 178506.903623784484807, -100444.793078127870103 ], [ 178398.278622564801481, -100654.281211298904964 ], [ 178466.620979955827352, -101086.538579854168347 ], [ 178799.706450788711663, -101347.00690327747725 ], [ 178881.068317758210469, -101154.016967301839031 ] ] ], [ [ [ 186789.812669243256096, -91995.230329246565816 ], [ 187454.195401224482339, -91526.940750602327171 ], [ 188000.74083615624113, -91141.708626750827534 ], [ 189132.027279620873742, -90034.625513652223162 ], [ 190538.880028962856159, -88593.945386505016359 ], [ 190812.179879051051103, -88056.614723374645109 ], [ 190806.640961339522619, -88053.682614974095486 ], [ 190530.342097784916405, -87907.413602048909524 ], [ 190511.615385554207023, -87923.486612985434476 ], [ 188167.836055400141049, -90055.735424729515216 ], [ 187325.44959927664604, -91076.23664001954603 ], [ 186602.537385595787782, -91278.766369702352677 ], [ 186069.743972978612874, -91736.09921732165094 ], [ 186054.470742739853449, -91752.581296745760483 ], [ 185545.310670381528325, -92847.173098750354256 ], [ 185034.547061589779332, -92768.698383211027249 ], [ 184241.328208825318143, -93565.057298783722217 ], [ 184138.611752645403612, -93888.395870640204521 ], [ 184097.905142977717333, -94010.008104172666208 ], [ 183697.177448559843469, -94597.952559842873598 ], [ 182223.119008866022341, -95591.320506356758415 ], [ 182178.714988581370562, -95635.902768495696364 ], [ 181643.357831196452025, -96218.233430456733913 ], [ 181604.210764991177712, -96261.165544125033193 ], [ 181400.402113097021356, -96490.980568020997453 ], [ 181067.678139030351304, -97078.895918498339597 ], [ 180979.404460947029293, -97234.32254118291894 ], [ 180891.359920517948922, -97686.958157576809754 ], [ 181401.813264798896853, -98328.262952884644619 ], [ 181819.827970905986149, -98240.853017418543459 ], [ 181824.372286013909616, -98235.426502421541954 ], [ 181870.741938628721982, -98030.693119332310744 ], [ 182134.842109670804348, -96625.516002354052034 ], [ 182223.157297594530974, -96524.128802890496445 ], [ 182515.229357639618684, -96125.382342413126025 ], [ 183358.116712987946812, -95814.034230121178553 ], [ 183942.455356180318631, -95273.229307285757386 ], [ 184404.217941352573689, -94475.847496527421754 ], [ 185607.1316128760227, -93711.703712906324654 ], [ 185612.535341347102076, -93706.327730875229463 ], [ 186789.812669243256096, -91995.230329246565816 ] ] ], [ [ [ 192547.846751926233992, -86459.28367285328568 ], [ 192721.41141942248214, -86101.30663582739362 ], [ 192720.465735903650057, -86099.6960521810106 ], [ 192617.610983159393072, -85924.527144605075591 ], [ 192311.165889212628826, -85826.462691940527293 ], [ 192009.708724372263532, -86000.646655818345607 ], [ 191931.839463054027874, -86047.916307839710498 ], [ 191198.170298494165763, -87000.740537464123918 ], [ 191062.305793507082853, -87176.44029806125036 ], [ 191218.83301051647868, -87399.224573305662489 ], [ 191586.61534062132705, -87418.550929217031808 ], [ 192547.846751926233992, -86459.28367285328568 ] ] ], [ [ [ 194471.380168274044991, -82997.126162382992334 ], [ 194715.630418613145594, -82771.862886008355417 ], [ 194864.59089263540227, -82465.022888326901011 ], [ 194863.569960140157491, -82463.044189453241415 ], [ 194603.79194374679355, -81959.589807232172461 ], [ 193955.569128554256167, -82329.905842771811876 ], [ 193955.574559871456586, -82338.614883274800377 ], [ 193731.499304246040992, -82804.785491580652888 ], [ 193976.437012110545766, -83081.548102286309586 ], [ 194471.380168274044991, -82997.126162382992334 ] ] ], [ [ [ 195960.94941218389431, -81830.821594998502405 ], [ 196307.856695274997037, -81581.038708324806066 ], [ 197067.720675025891978, -80865.286980655568186 ], [ 197564.419478145020548, -80080.583566015819088 ], [ 198779.337247542804107, -79253.074221046204912 ], [ 198793.230381731991656, -79239.988206309324596 ], [ 199293.838279126852285, -78598.465794068048126 ], [ 199036.627378744247835, -78372.66069431064534 ], [ 198671.079252727213316, -78548.496815868464182 ], [ 197917.555967826279812, -79404.986409580204054 ], [ 197074.768559232586995, -79857.998687899205834 ], [ 196469.989168353087734, -80391.921499144547852 ], [ 195580.106715862290002, -81662.206876547061256 ], [ 195518.96626633789856, -81743.29224570702354 ], [ 195295.086990743933711, -82526.892955827628612 ], [ 195960.94941218389431, -81830.821594998502405 ] ] ], [ [ [ 203488.233815607964061, -71743.154964407003717 ], [ 203556.174133016262203, -71655.322774815838784 ], [ 204477.703745170612819, -70494.94871291135496 ], [ 204559.142516129591968, -70349.130957621644484 ], [ 204731.859717695217114, -69914.957416372853913 ], [ 204879.52126060432056, -69506.374250525608659 ], [ 204668.894597062899265, -68924.240935150533915 ], [ 204300.520526514097583, -68879.495813003086369 ], [ 203331.156571604369674, -70385.767599488288397 ], [ 201903.600336046540178, -70717.436203883844428 ], [ 201883.221794334880542, -70751.215131512333755 ], [ 201747.338662538677454, -70926.881260250971536 ], [ 202284.739693367213476, -71500.659025270841084 ], [ 202284.803795403684489, -71622.224430080590537 ], [ 202237.31993131688796, -71824.858628332003718 ], [ 201747.794031081022695, -71791.349632493656827 ], [ 201591.469712078745943, -71879.230191401933553 ], [ 201482.736419518361799, -71967.085689730694867 ], [ 201550.983271553704981, -72453.313694631506223 ], [ 201904.78512404387584, -72952.894866931645083 ], [ 203228.397844160615932, -72731.912949552643113 ], [ 203252.874910691287369, -72688.08427431997552 ], [ 203284.696530753106344, -72540.185123703617137 ], [ 203488.233815607964061, -71743.154964407003717 ] ] ], [ [ [ 332197.516984199406579, 1263340.693652084562927 ], [ 332867.421773430425674, 1263687.072168052429333 ], [ 332894.573675187653862, 1263726.123722324380651 ], [ 332901.213103182730265, 1263737.756822054507211 ], [ 333034.320225912670139, 1263927.117151826154441 ], [ 333309.754180212621577, 1264323.274135848740116 ], [ 333403.463309487095103, 1264726.012408071896061 ], [ 333515.235145328450017, 1265240.047761983703822 ], [ 333421.946411777520552, 1265621.917019598186016 ], [ 333388.055623278953135, 1265748.544570583384484 ], [ 333245.724221082346048, 1265830.657897745259106 ], [ 333001.485735424677841, 1265970.85780060174875 ], [ 332665.218955162563361, 1265940.474297092761844 ], [ 332319.993515892128926, 1265908.017776178196073 ], [ 331946.114412007911596, 1265734.476285352138802 ], [ 331931.042906721413601, 1265729.863261281745508 ], [ 331862.67131559678819, 1265698.10561156203039 ], [ 331272.988919028546661, 1264695.009634534828365 ], [ 330978.78302862792043, 1264186.839148205239326 ], [ 331416.110102197912056, 1263765.913963775616139 ], [ 331478.096145907882601, 1262973.528884381055832 ], [ 332197.516984199406579, 1263340.693652084562927 ] ] ], [ [ [ 318667.238038145937026, 1266003.945567569928244 ], [ 318759.809558298438787, 1266005.416859206045046 ], [ 321098.697691216133535, 1267817.523677622899413 ], [ 321105.69316050776979, 1267832.084314973559231 ], [ 321164.318768357508816, 1267954.113478581886739 ], [ 321378.536651067435741, 1268425.798080793814734 ], [ 321817.509638062329032, 1270432.173332899110392 ], [ 321936.242326127481647, 1270986.470238504232839 ], [ 321682.667986277199816, 1271170.541056262562051 ], [ 321546.836610589467455, 1271269.142493162304163 ], [ 321076.085536409518681, 1269109.438934977864847 ], [ 320704.158618264948018, 1268119.06111227045767 ], [ 318374.34752993186703, 1266005.633874315069988 ], [ 318667.238038145937026, 1266003.945567569928244 ] ] ], [ [ [ 331331.057761263509747, 1270894.966665399959311 ], [ 331595.040135336108506, 1271059.275089769391343 ], [ 331625.163821595371701, 1271102.678506122669205 ], [ 331625.667604514805134, 1271103.404307928867638 ], [ 331628.607931892736815, 1271110.25767973670736 ], [ 332040.609545734536368, 1271701.281775395385921 ], [ 332737.485579572850838, 1272705.446268101921305 ], [ 332555.663991065463051, 1272981.205542279873043 ], [ 332400.927198577439412, 1272901.891759744845331 ], [ 331951.164803521940485, 1272667.588068345095962 ], [ 331909.573544153128751, 1272619.861135332612321 ], [ 331176.420240151055623, 1271764.409427379025146 ], [ 331094.214256982784718, 1271480.75683530792594 ], [ 330996.04069034330314, 1271113.661136572947726 ], [ 331100.651194192701951, 1270755.273780741496012 ], [ 331331.057761263509747, 1270894.966665399959311 ] ] ] ] } }
]
}
