{
"type": "FeatureCollection",
"name": "djibouti_level_1_pcs",
"crs": { "type": "name", "properties": { "name": "urn:ogc:def:crs:EPSG::32638" } },
"features": [
{ "type": "Feature", "properties": { "ADM0_EN": "Djibouti", "ADM0_PCODE": "DJ", "ADM1_EN": "Obock", "ADM1_PCODE": "DJ01", "ADM1_AR": "إقليم أوبوخ" }, "geometry": { "type": "MultiPolygon", "coordinates": [ [ [ [ 297353.868046820745803, 1405435.864583815913647 ], [ 297352.125753022904973, 1405193.069996026344597 ], [ 297382.373650463297963, 1405192.853255916619673 ], [ 297381.272996997518931, 1405039.228119740262628 ], [ 297411.106664944672957, 1405039.014402457280084 ], [ 297410.88673307467252, 1405008.310623629018664 ], [ 297381.053032695665024, 1405008.524336552247405 ], [ 297379.731828585616313, 1404824.089779426343739 ], [ 297409.565723764360882, 1404823.876092692604288 ], [ 297408.905282713472843, 1404731.658779650460929 ], [ 297439.153665160876699, 1404731.442170250695199 ], [ 297438.493366306298412, 1404639.224986286368221 ], [ 297468.741843145922758, 1404639.00842254771851 ], [ 297468.522037783870474, 1404608.304549384396523 ], [ 297438.273528071178589, 1404608.521108703454956 ], [ 297437.833109320374206, 1404547.007696850923821 ], [ 297468.081684890436009, 1404546.791146385483444 ], [ 297467.642862828914076, 1404485.488951751962304 ], [ 297497.891499673598446, 1404485.272442493354902 ], [ 297497.670995422988199, 1404454.463028928730637 ], [ 297527.919660897227004, 1404454.246556485304609 ], [ 297527.259786128997803, 1404362.029427816858515 ], [ 297617.591653426294215, 1404361.383208455052227 ], [ 297617.372053745668381, 1404330.679251839406788 ], [ 297647.620833439228591, 1404330.462926157750189 ], [ 297647.399763419525698, 1404299.548100589774549 ], [ 297707.897375978471246, 1404299.115555253112689 ], [ 297707.459151995135471, 1404237.813218917232007 ], [ 297737.293616637296509, 1404237.599965497618541 ], [ 297736.853969860181678, 1404176.086876938119531 ], [ 297764.616595981351566, 1404175.888469599187374 ], [ 297827.600737571949139, 1404175.438450524583459 ], [ 297827.381395861040801, 1404144.73452816484496 ], [ 297857.630342607328203, 1404144.518455189652741 ], [ 297857.411039268539753, 1404113.8146484605968 ], [ 297887.245612295228057, 1404113.601571685401723 ], [ 297886.806331660773139, 1404052.088531831512228 ], [ 297917.055368471425027, 1404051.872536407317966 ], [ 297916.616925397771411, 1403990.464944462291896 ], [ 297946.866023582057096, 1403990.248990229563788 ], [ 297945.330342357978225, 1403775.111040631774813 ], [ 297975.579449163284153, 1403774.895151211647317 ], [ 297975.359580243763048, 1403744.085821533575654 ], [ 298005.608932904084213, 1403743.869967353064567 ], [ 298005.389855583431199, 1403713.166300680022687 ], [ 298035.639236772491131, 1403712.95048327324912 ], [ 298035.201159613614436, 1403651.542828579898924 ], [ 298065.036410768516362, 1403651.330006656469777 ], [ 298064.816659234522376, 1403620.520692505640909 ], [ 298095.065913222031668, 1403620.304954169550911 ], [ 298093.97040128451772, 1403466.680492746876553 ], [ 298124.220032526471186, 1403466.464807268232107 ], [ 298123.343690342037007, 1403343.544355732155964 ], [ 298153.593448735075071, 1403343.328720249002799 ], [ 298152.936150829831604, 1403251.111820450983942 ], [ 298122.686293797451071, 1403251.327442704001442 ], [ 298122.467421333363745, 1403220.623581513529643 ], [ 298152.717311206681188, 1403220.407963665667921 ], [ 298151.841250785742886, 1403097.48743752297014 ], [ 298182.091267787851393, 1403097.271869663381949 ], [ 298180.777139171026647, 1402912.838239835342392 ], [ 298210.612929902155884, 1402912.625682975631207 ], [ 298210.394207382225432, 1402881.921841232571751 ], [ 298240.644445836893283, 1402881.706368487561122 ], [ 298239.549568647169508, 1402727.976649180054665 ], [ 298269.799967142986134, 1402727.761230826610699 ], [ 298269.36271630297415, 1402666.353793686488643 ], [ 298299.613176118640695, 1402666.138416481669992 ], [ 298298.738110907492228, 1402543.218019546242431 ], [ 298328.988697802531533, 1402543.002692305715755 ], [ 298328.113837897661142, 1402420.082100864732638 ], [ 298358.364551862236112, 1402419.866823583375663 ], [ 298357.926841967040673, 1402358.353987825801596 ], [ 298387.763190433732234, 1402358.14170015277341 ], [ 298387.107131763885263, 1402265.924960849573836 ], [ 298417.358001442451496, 1402265.709769829874858 ], [ 298416.264580039307475, 1402111.980239822994918 ], [ 298446.515609690919518, 1402111.765103163430467 ], [ 298445.204905971535482, 1401927.437257145298645 ], [ 298475.456128276884556, 1401927.222179223783314 ], [ 298474.145792692201212, 1401742.894601463573053 ], [ 298504.397207626141608, 1401742.679582272889093 ], [ 298503.960031568887644, 1401681.166594469221309 ], [ 298533.79707139369566, 1401680.954561330843717 ], [ 298533.57889824162703, 1401650.250901426188648 ], [ 298563.830403097148519, 1401650.035959644010291 ], [ 298563.612266666314099, 1401619.332194082206115 ], [ 298593.863799974322319, 1401619.117289017420262 ], [ 298593.426859473926015, 1401557.604553373064846 ], [ 298623.678454187582247, 1401557.389689434552565 ], [ 298623.242346269253176, 1401495.982290531042963 ], [ 298653.494002254505176, 1401495.767467701574787 ], [ 298652.621227000840008, 1401372.847479324089363 ], [ 298682.873009964067023, 1401372.632706404896453 ], [ 298681.799720914335921, 1401221.435476030223072 ], [ 298681.563808740582317, 1401188.199717473005876 ], [ 298704.7706820818712, 1401188.035003181546926 ], [ 298711.211892485735007, 1401161.293551674345508 ], [ 298710.964792084414512, 1401126.474928148090839 ], [ 298733.757268380722962, 1401126.313185905804858 ], [ 298741.0326596495579, 1401100.304694410413504 ], [ 298740.563266083132476, 1401034.149510311894119 ], [ 298772.894890823401511, 1401034.97509823879227 ], [ 298770.379026709706523, 1400972.421889187535271 ], [ 298803.125912052462809, 1400973.350349396234378 ], [ 298799.977175585809164, 1400879.991156734526157 ], [ 298830.229462197807152, 1400879.776615283219144 ], [ 298829.357847082079388, 1400756.856446170480922 ], [ 298859.195811269339174, 1400756.644892856478691 ], [ 298858.978139856131747, 1400725.941409002291039 ], [ 298889.230581909418106, 1400725.726953682256863 ], [ 298889.012946405506227, 1400695.023253488820046 ], [ 298919.265416904410813, 1400694.808834859868512 ], [ 298918.829479124746285, 1400633.296119565377012 ], [ 298949.0820109838387, 1400633.081742028938606 ], [ 298948.211070321558509, 1400510.161771951476112 ], [ 298978.463729084352963, 1400509.947444282937795 ], [ 298977.592995654733386, 1400387.027611569268629 ], [ 299007.845781310345046, 1400386.813333763042465 ], [ 299007.41013466269942, 1400325.300656298408285 ], [ 299037.248526378127281, 1400325.089354338357225 ], [ 299036.596309068845585, 1400232.97856477741152 ], [ 299066.848503680957947, 1400232.65893709519878 ], [ 299066.413780912524089, 1400171.251718810293823 ], [ 299096.666783289285377, 1400171.037568173371255 ], [ 299096.449461319367401, 1400140.333908942295238 ], [ 299126.702492124808487, 1400140.119794979458675 ], [ 299126.267183231073432, 1400078.607272387715057 ], [ 299156.520058104884811, 1400078.393201034748927 ], [ 299156.085578880389221, 1400016.986014786409214 ], [ 299185.924490050005261, 1400016.774913370143622 ], [ 299185.489347592520062, 1399955.262191532412544 ], [ 299215.742562341038138, 1399955.048200322082266 ], [ 299215.308251601818483, 1399893.641146695474163 ], [ 299245.56131027941592, 1399893.427198071265593 ], [ 299244.908484980231151, 1399801.105542089324445 ], [ 299275.161855129990727, 1399800.891637387918308 ], [ 299274.293607578030787, 1399678.077468323986977 ], [ 299304.547104419558309, 1399677.863613430177793 ], [ 299304.329341189644765, 1399647.054558174684644 ], [ 299334.582866612588987, 1399646.840739954262972 ], [ 299334.14891177683603, 1399585.433732865843922 ], [ 299363.988032994442619, 1399585.222884151153266 ], [ 299363.77109569235472, 1399554.519496406195685 ], [ 299394.024710810277611, 1399554.305755437817425 ], [ 299392.938761766534299, 1399400.576979983132333 ], [ 299423.192536561167799, 1399400.3632932160981 ], [ 299422.758851574966684, 1399338.956210791366175 ], [ 299453.012687557260506, 1399338.742565053049475 ], [ 299452.578343107481487, 1399277.230168568203226 ], [ 299482.832240366726182, 1399277.016563871409744 ], [ 299482.398724648694042, 1399215.609614195534959 ], [ 299512.238212623808067, 1399215.39897606568411 ], [ 299512.020749101007823, 1399184.589960066834465 ], [ 299542.274736147955991, 1399184.376432611607015 ], [ 299542.05805349064758, 1399153.672746604075655 ], [ 299572.312068990897387, 1399153.459255792200565 ], [ 299572.095426101470366, 1399122.755906668957323 ], [ 299602.349470035289414, 1399122.542452498804778 ], [ 299601.915518419758882, 1399061.030107775935903 ], [ 299632.169623643625528, 1399060.816694636130705 ], [ 299631.736499281716533, 1398999.409685962367803 ], [ 299661.990665680903476, 1398999.196313835214823 ], [ 299661.773399340221658, 1398968.387323810951784 ], [ 299691.613120520371012, 1398968.176910752663389 ], [ 299691.396634694305249, 1398937.473361232317984 ], [ 299721.650858128617983, 1398937.260061950655654 ], [ 299721.434411279158667, 1398906.556738616898656 ], [ 299751.688663134002127, 1398906.343475968809798 ], [ 299751.038701846031472, 1398814.127533838385716 ], [ 299811.547389323764946, 1398813.701131583191454 ], [ 299811.114732602844015, 1398752.29429507558234 ], [ 299840.953914454905316, 1398751.978414107114077 ], [ 299840.737626187968999, 1398721.275111644994467 ], [ 299870.992057536146604, 1398721.06200384744443 ], [ 299870.775805118784774, 1398690.35848504723981 ], [ 299901.030264877248555, 1398690.145413876045495 ], [ 299900.814050646265969, 1398659.442010680446401 ], [ 299933.148138535383623, 1398660.269404528895393 ], [ 299930.851618905900978, 1398628.420031784102321 ], [ 299954.889506580366287, 1398628.250797569518909 ], [ 299960.930104730592575, 1398603.201246981276199 ], [ 299991.144540650420822, 1398597.290568612515926 ], [ 299990.756154688599054, 1398542.108906763605773 ], [ 300020.552468272857368, 1398535.67378885881044 ], [ 300012.889570333412848, 1398506.922068637097254 ], [ 300050.590300109121017, 1398504.651975787011907 ], [ 300050.548243864031974, 1398439.760613719932735 ], [ 300080.412954144063406, 1398443.032266606576741 ], [ 300080.196974020800553, 1398412.329004749655724 ], [ 300110.450956987566315, 1398412.010762894293293 ], [ 300110.019073896401096, 1398350.603917733998969 ], [ 300170.114159399236087, 1398350.181333119282499 ], [ 300169.681682935333811, 1398288.668961668154225 ], [ 300199.936525752069429, 1398288.4562689489685 ], [ 300199.504876256920397, 1398227.049565045861527 ], [ 300229.759780223597772, 1398226.836913299048319 ], [ 300229.543995196814649, 1398196.133566592587158 ], [ 300259.7989275889704, 1398195.92095145303756 ], [ 300259.58243830234278, 1398165.112063778797165 ], [ 300289.837399212818127, 1398164.899485260713845 ], [ 300289.621688197017647, 1398134.196037778165191 ], [ 300319.876460259896703, 1398133.983497390756384 ], [ 300319.445119212265126, 1398072.576834122417495 ], [ 300349.285901531518903, 1398072.367242630105466 ], [ 300348.853902444243431, 1398010.855044423602521 ], [ 300409.363904497236945, 1398010.43015735805966 ], [ 300408.932054439443164, 1397948.917868287302554 ], [ 300439.187223195214756, 1397948.705481083830819 ], [ 300438.971709540695883, 1397918.002280605724081 ], [ 300499.06782952148933, 1397917.580518590286374 ], [ 300498.852383957826532, 1397886.877106067957357 ], [ 300527.864141942001879, 1397886.673547835089266 ], [ 300528.891980637214147, 1397855.961528429295868 ], [ 300542.569114590296522, 1397855.86557706608437 ], [ 300559.147230448783375, 1397855.749282809207216 ], [ 300558.931120057706721, 1397824.940445066662505 ], [ 300589.186398405174259, 1397824.728236054070294 ], [ 300588.971066524973139, 1397794.025059585692361 ], [ 300619.226373296463862, 1397793.812887164065614 ], [ 300619.011077233590186, 1397763.109494361793622 ], [ 300649.266412408440374, 1397762.897358529968187 ], [ 300649.051155264605768, 1397732.194191922666505 ], [ 300678.892029126523994, 1397731.984998160041869 ], [ 300678.676068288681563, 1397701.176180130802095 ], [ 300708.931460500461981, 1397700.964117047376931 ], [ 300708.716275328595657, 1397670.260628317482769 ], [ 300738.971695963526145, 1397670.048601820133626 ], [ 300738.756550481193699, 1397639.345449927961454 ], [ 300769.011999538750388, 1397639.133460014825687 ], [ 300768.796151192160323, 1397608.324656828539446 ], [ 300799.051628756686114, 1397608.112703513586894 ], [ 300798.836556462221779, 1397577.409340189071372 ], [ 300828.677570800064132, 1397577.200326436432078 ], [ 300828.463274612091482, 1397546.60251354239881 ], [ 300858.718808978097513, 1397546.390632933238521 ], [ 300858.503072643827181, 1397515.581844483269379 ], [ 300888.758635563426651, 1397515.370000468101352 ], [ 300888.543676442932338, 1397484.666873116977513 ], [ 300918.799267784634139, 1397484.455065679037943 ], [ 300918.368687783251517, 1397422.942943997913972 ], [ 300948.62434036511695, 1397422.731177499052137 ], [ 300948.193106664693914, 1397361.113631951622665 ], [ 300978.448820577352308, 1397360.901906403247267 ], [ 300978.019886740134098, 1397299.601008286699653 ], [ 301038.116937011829577, 1397299.180570580996573 ], [ 301037.471919926814735, 1397206.965389981400222 ], [ 301067.727784580434673, 1397206.753782393643633 ], [ 301067.297615912393667, 1397145.241825079312548 ], [ 301097.553541795932688, 1397145.030258417362347 ], [ 301097.124195222859271, 1397083.623857487225905 ], [ 301127.380182222463191, 1397083.412331734085456 ], [ 301126.950181042368058, 1397021.900285788578913 ], [ 301156.791730122989975, 1397021.69169801985845 ], [ 301156.577138047839981, 1396990.988508176058531 ], [ 301186.833214737649541, 1396990.777059463551268 ], [ 301186.404109902912751, 1396929.370690205367282 ], [ 301216.659509521909058, 1396929.053626444423571 ], [ 301216.444997548882384, 1396898.350557636935264 ], [ 301246.70116388599854, 1396898.139186398591846 ], [ 301246.486687700613402, 1396867.435901254182681 ], [ 301276.742882453079801, 1396867.224566572811455 ], [ 301276.313273801933974, 1396805.712682643439621 ], [ 301306.569529772968963, 1396805.501388871809468 ], [ 301306.147372766747139, 1396745.044636736856773 ], [ 301305.711235497845337, 1396682.583079940173775 ], [ 301335.553114347101655, 1396682.374729520408437 ], [ 301334.910092406556942, 1396590.265258623287082 ], [ 301365.166568814311177, 1396590.054059221409261 ], [ 301364.951533463201486, 1396559.245362497866154 ], [ 301395.208038373733871, 1396559.034199658548459 ], [ 301394.779519543168135, 1396497.627796437591314 ], [ 301425.036085567204282, 1396497.41667448123917 ], [ 301424.606915815500543, 1396435.904958282364532 ], [ 301454.863543043553364, 1396435.693877221317962 ], [ 301454.43519206403289, 1396374.287495928350836 ], [ 301484.277372478158213, 1396374.079346717800945 ], [ 301484.062500453670509, 1396343.270671393489465 ], [ 301514.319217350042891, 1396343.059667324880138 ], [ 301513.891024806827772, 1396281.653417316498235 ], [ 301544.147802789579146, 1396281.442454121308401 ], [ 301541.214460258255713, 1396217.415588294854388 ], [ 301573.975796708255075, 1396219.719637020025402 ], [ 301570.8405702537857, 1396186.188134995754808 ], [ 301604.018432294949889, 1396188.805638428777456 ], [ 301603.755923420423642, 1396151.138766194228083 ], [ 301603.589745859324466, 1396127.293764443835244 ], [ 301626.386233626166359, 1396127.134904518723488 ], [ 301633.632739988039248, 1396096.379926247755066 ], [ 301656.000770093349274, 1396094.219178899656981 ], [ 301663.261503565416206, 1396065.468794451793656 ], [ 301689.373478111170698, 1396065.286894714226946 ], [ 301693.304410644574091, 1396034.554929484380409 ], [ 301719.002331943775062, 1396034.375945107080042 ], [ 301723.133045619004406, 1395972.832360095810145 ], [ 301753.390120840456802, 1395972.621665225364268 ], [ 301753.176339596218895, 1395941.918692040257156 ], [ 301783.433443241519853, 1395941.708033695584163 ], [ 301783.219697755062953, 1395911.004844143521041 ], [ 301836.687764125992544, 1395910.632671335479245 ], [ 301843.105035482323729, 1395879.778124072123319 ], [ 301866.316209033015184, 1395879.616599262459204 ], [ 301873.14855241344776, 1395848.864284438546747 ], [ 301895.945233035890851, 1395848.705671553034335 ], [ 301902.977807132876478, 1395787.142213831655681 ], [ 301940.330551138729788, 1395793.951800404815003 ], [ 301933.021493647247553, 1395756.228572586551309 ], [ 301969.956079867260996, 1395762.513582567451522 ], [ 301963.065247374295723, 1395725.315194024937227 ], [ 301999.168516867910512, 1395731.289267371874303 ], [ 301992.694547736202367, 1395694.404407150810584 ], [ 302028.794396152894478, 1395699.851349943550304 ], [ 302022.73769796686247, 1395663.385455426760018 ], [ 302058.420122770476155, 1395668.413253359962255 ], [ 302052.781648522126488, 1395632.472200636519119 ], [ 302088.046648277668282, 1395637.080631513148546 ], [ 302082.612295956467278, 1395570.855847113998607 ], [ 302112.869745152944233, 1395570.645593950757757 ], [ 302112.655681058065966, 1395539.837024577893317 ], [ 302142.498640050762333, 1395539.629687629174441 ], [ 302142.285344606090803, 1395508.926446625730023 ], [ 302172.542850757774431, 1395508.71626605396159 ], [ 302172.329594897688366, 1395478.013361835852265 ], [ 302202.587129470310174, 1395477.803217770531774 ], [ 302202.373909351299517, 1395447.100097197340801 ], [ 302232.630740250519011, 1395446.784555525518954 ], [ 302232.417557423468679, 1395416.081439846428111 ], [ 302262.675148911541328, 1395415.871368805179372 ], [ 302262.249596642912365, 1395354.570913735311478 ], [ 302292.507249048619997, 1395354.3608835011255 ], [ 302292.292680259561166, 1395323.44668878801167 ], [ 302352.393516687327065, 1395323.029609756544232 ], [ 302351.96745450142771, 1395261.62363920849748 ], [ 302382.225192419718951, 1395261.413718060823157 ], [ 302382.01147026498802, 1395230.605414610588923 ], [ 302412.269236695603468, 1395230.395529974484816 ], [ 302412.056281693396159, 1395199.692444132175297 ], [ 302472.157344098435715, 1395199.275654230732471 ], [ 302471.731578414444812, 1395137.869612049078569 ], [ 302501.989430103567429, 1395137.659836454084143 ], [ 302501.563018055574503, 1395076.148481878219172 ], [ 302531.820930907619186, 1395075.938747102860361 ], [ 302531.608129137894139, 1395045.235681342659518 ], [ 302561.866070369025692, 1395045.025983056984842 ], [ 302561.653306624852121, 1395014.323032786371186 ], [ 302591.911276274186093, 1395014.11337098875083 ], [ 302591.485095898155123, 1394952.601825677324086 ], [ 302621.328600401699077, 1394952.395076222484931 ], [ 302621.530442865856458, 1394921.689375398913398 ], [ 302651.373975378111936, 1394921.482661929214373 ], [ 302651.161326812172774, 1394890.779616211075336 ], [ 302681.41941446356941, 1394890.570067754015326 ], [ 302681.206073053879663, 1394859.761593095958233 ], [ 302711.464189225691371, 1394859.552081136032939 ], [ 302711.251615945249796, 1394828.849155789241195 ], [ 302741.50976051465841, 1394828.63968030991964 ], [ 302741.297223718487658, 1394797.936649260111153 ], [ 302801.39903722278541, 1394797.520672027021646 ], [ 302801.186571401776746, 1394766.817871344275773 ], [ 302861.702961512375623, 1394766.399161929031834 ], [ 302861.489834686741233, 1394735.590715428581461 ], [ 302891.747838815092109, 1394735.381414799252525 ], [ 302891.535477846045978, 1394704.678296291735023 ], [ 302921.793727669341024, 1394704.469030633568764 ], [ 302921.581406238256022, 1394673.766248894389719 ], [ 302951.425372109923046, 1394673.559884368209168 ], [ 302951.414390207384713, 1394612.045811624964699 ], [ 302981.258199075004086, 1394611.839488833211362 ], [ 302981.045954763074405, 1394581.136496095685288 ], [ 303011.30432260921225, 1394580.92734372895211 ], [ 303010.879185131634586, 1394519.416045572608709 ], [ 303041.137614124338143, 1394519.206933991285041 ], [ 303040.925448900263291, 1394488.503951579332352 ], [ 303071.183906261227094, 1394488.294876464875415 ], [ 303070.971779799903743, 1394457.59212018433027 ], [ 303101.230265586113092, 1394457.383081534411758 ], [ 303100.80536037532147, 1394395.871703212149441 ], [ 303130.649373945780098, 1394395.665568334748968 ], [ 303130.437325348611921, 1394364.962711702799425 ], [ 303160.695900731079746, 1394364.753749852767214 ], [ 303160.483888598915655, 1394334.050787450745702 ], [ 303190.742492376128212, 1394333.841862061293796 ], [ 303190.529789560416248, 1394303.033470983617008 ], [ 303220.788421845063567, 1394302.824582068016753 ], [ 303220.364552641287446, 1394241.418898602481931 ], [ 303250.623245932220016, 1394241.210050442488864 ], [ 303250.411350851296447, 1394210.507213862147182 ], [ 303280.255536814685911, 1394210.301262600813061 ], [ 303280.042950232513249, 1394179.492886702297255 ], [ 303310.301700481912121, 1394179.284111026674509 ], [ 303309.878062936826609, 1394117.878457823302597 ], [ 303340.136874227435328, 1394117.66972289653495 ], [ 303339.92509420675924, 1394086.96679082675837 ], [ 303370.183933890657499, 1394086.75809235102497 ], [ 303369.971463973459322, 1394055.949731686385348 ], [ 303400.230332162696868, 1394055.741069675423205 ], [ 303400.018627354176715, 1394025.038257946493104 ], [ 303430.277523936354555, 1394024.82963238353841 ], [ 303429.853466495580506, 1393963.318585864035413 ], [ 303459.697885194327682, 1393963.112858392065391 ], [ 303459.486258208518848, 1393932.409946288214996 ], [ 303489.745244369725697, 1393932.201397485798225 ], [ 303489.322070170775987, 1393870.795694225933403 ], [ 303519.581117346067913, 1393870.587186159566045 ], [ 303519.368842923315242, 1393839.778851003851742 ], [ 303579.886990050901659, 1393839.361939933849499 ], [ 303579.675513441092335, 1393808.659268556628376 ], [ 303614.929740457097068, 1393811.476278851274401 ], [ 303608.885037446336355, 1393716.239846565527841 ], [ 303639.144231085781939, 1393716.031488137552515 ], [ 303638.932835337123834, 1393685.328495675697923 ], [ 303669.192057348089293, 1393685.120173683622852 ], [ 303668.769347883644514, 1393623.714641617611051 ], [ 303699.02790525497403, 1393623.400927095673978 ], [ 303698.816589267691597, 1393592.698055564193055 ], [ 303734.069596362533048, 1393595.304492082912475 ], [ 303728.864732208428904, 1393561.787164590321481 ], [ 303752.491799084004015, 1393561.624588779639453 ], [ 303765.152233546192292, 1393533.99852622160688 ], [ 303788.757544803724159, 1393530.670664232224226 ], [ 303788.519487620913424, 1393496.064234174787998 ], [ 303795.795583016704768, 1393469.108416157308966 ], [ 303818.593845450202934, 1393468.951607179595158 ], [ 303818.405177219770849, 1393441.519507612800226 ], [ 303818.171525439305697, 1393407.546125874621794 ], [ 303844.28598765010247, 1393407.36653788946569 ], [ 303848.00805370893795, 1393345.827020676573738 ], [ 303871.635394530370831, 1393345.664567609550431 ], [ 303877.845561070251279, 1393284.213510134024546 ], [ 303905.617268306319602, 1393283.916942245559767 ], [ 303914.939973391476087, 1393253.148798635462299 ], [ 303937.738395284395665, 1393252.992108802543953 ], [ 303937.549871101102326, 1393225.559917447855696 ], [ 303967.787063829018734, 1393222.081341203767806 ], [ 303967.401389403967187, 1393165.951327968388796 ], [ 303997.62425642577, 1393160.362470923224464 ], [ 303997.27997068426339, 1393110.246246308786795 ], [ 304027.462210087280255, 1393098.749196660704911 ], [ 304024.754712375462987, 1393066.691839519655332 ], [ 304057.510932482138742, 1393067.838564113015309 ], [ 304057.299364603648428, 1393037.030210511060432 ], [ 304087.559213091852143, 1393036.822427651844919 ], [ 304086.989108824520372, 1392953.788113221758977 ], [ 304086.504507763660513, 1392883.203306968323886 ], [ 304123.830209528328851, 1392885.690566830802709 ], [ 304115.716494418331422, 1392790.679384855786338 ], [ 304145.97637831850443, 1392790.471701588947326 ], [ 304145.555698144889902, 1392729.171661826083437 ], [ 304175.815860255563166, 1392728.964017736027017 ], [ 304175.6044755729381, 1392698.156019486254081 ], [ 304205.864666173234582, 1392697.948411814402789 ], [ 304205.654040559020359, 1392667.245630111312494 ], [ 304242.988670960941818, 1392670.998941857134923 ], [ 304235.703672605042811, 1392636.335503272712231 ], [ 304262.233236002619378, 1392636.153552943142131 ], [ 304272.385738882236183, 1392605.379714665934443 ], [ 304295.599087356880773, 1392605.220540380105376 ], [ 304295.395807060995139, 1392575.572876538848504 ], [ 304325.64815414918121, 1392574.204877774463966 ], [ 304325.82041169871809, 1392538.857129202689976 ], [ 304385.95833861338906, 1392543.087405969388783 ], [ 304385.747930965037085, 1392512.384652727050707 ], [ 304416.0082877879031, 1392512.177295139757916 ], [ 304415.797194894170389, 1392481.369113915134221 ], [ 304475.90340281452518, 1392480.957343259127811 ], [ 304475.69310315081384, 1392450.254825208801776 ], [ 304505.953512688400224, 1392450.047572099836543 ], [ 304505.743248661630787, 1392419.344837609212846 ], [ 304536.003686558688059, 1392419.137620890047401 ], [ 304535.58251623576507, 1392357.626840048469603 ], [ 304565.843015228048898, 1392357.419664002256468 ], [ 304565.632830080576241, 1392326.716939772944897 ], [ 304595.478796952345874, 1392326.512637650128454 ], [ 304595.05850613641087, 1392265.107420606538653 ], [ 304625.319094524893444, 1392264.900321160908788 ], [ 304624.89816488546785, 1392203.389571594307199 ], [ 304655.158814345020801, 1392203.182512814411893 ], [ 304654.948749326518737, 1392172.479804209666327 ], [ 304685.20942713326076, 1392172.272781811421737 ], [ 304684.788656244287267, 1392110.76216343510896 ], [ 304715.049395147827454, 1392110.555181698407978 ], [ 304714.839410500018857, 1392079.852704622317106 ], [ 304745.100177776592318, 1392079.645759263308719 ], [ 304744.679562594275922, 1392018.134829532122239 ], [ 304774.525826325116213, 1392017.930759147973731 ], [ 304774.315920079010539, 1391987.228292246581987 ], [ 304804.576776852307376, 1391987.021423478610814 ], [ 304804.366906228358857, 1391956.318740150192752 ], [ 304834.627791375154629, 1391956.111907755956054 ], [ 304834.417959396727383, 1391925.409450529143214 ], [ 304864.678872897406109, 1391925.202654506778345 ], [ 304864.468356108700391, 1391894.394548279466107 ], [ 304888.925697637663689, 1391894.227439592126757 ], [ 304894.657214412349276, 1391883.636899215634912 ], [ 304894.309784999815747, 1391832.782562223961577 ], [ 304922.912411256460473, 1391832.587171093327925 ], [ 304923.946502963779494, 1391801.876011536223814 ], [ 304939.69887031626422, 1391801.768418742809445 ], [ 304954.206814297358505, 1391801.563895935891196 ], [ 304954.029558442998677, 1391775.609130393480882 ], [ 304953.787458696402609, 1391740.158800522098318 ], [ 304973.685214402270503, 1391740.022922083735466 ], [ 304984.048551134823356, 1391739.952158086467534 ], [ 304983.921757881063968, 1391721.382761439541355 ], [ 304983.628556748735718, 1391678.441309079993516 ], [ 305007.671608777018264, 1391678.277157473610714 ], [ 305013.812642313947435, 1391666.945576406782493 ], [ 305013.470521377399564, 1391616.82963351951912 ], [ 305041.658994928584434, 1391616.637219722848386 ], [ 305043.311910702032037, 1391555.112576900282875 ], [ 305073.573186163790524, 1391554.906056360108778 ], [ 305073.154163259081542, 1391493.500893569318578 ], [ 305103.000928093737457, 1391493.297242145054042 ], [ 305102.791455209488049, 1391462.594610508065671 ], [ 305126.419383963220753, 1391462.327979949070141 ], [ 305132.970773393753916, 1391450.360463254153728 ], [ 305132.633235394838266, 1391400.877702266676351 ], [ 305160.40733311441727, 1391400.688262936891988 ], [ 305162.475159366906155, 1391339.16073487023823 ], [ 305192.736646293895319, 1391338.954372114734724 ], [ 305192.31794751691632, 1391277.549361948156729 ], [ 305222.579495371261146, 1391277.343039800412953 ], [ 305222.160158896294888, 1391215.832276167580858 ], [ 305252.007192473392934, 1391215.628820419777185 ], [ 305251.797924444079399, 1391184.926436414243653 ], [ 305279.157640514429659, 1391184.739967200905085 ], [ 305281.850329306325875, 1391154.017590350937098 ], [ 305295.944613705098163, 1391153.92154498049058 ], [ 305312.111994984385092, 1391153.811381075065583 ], [ 305311.915740808297414, 1391125.008115793811157 ], [ 305311.692892028426286, 1391092.30097939982079 ], [ 305329.932648351124953, 1391092.176710802596062 ], [ 305341.954401398601476, 1391092.09481221716851 ], [ 305341.808496038371231, 1391070.676790536148474 ], [ 305341.745246977603529, 1391061.392111361958086 ], [ 305372.007002052268945, 1391061.18597904080525 ], [ 305371.701594078156631, 1391016.345623295288533 ], [ 305371.588056888314895, 1390999.675597855355591 ], [ 305384.438894144608639, 1390999.588076023384929 ], [ 305401.849872992723249, 1390999.469506141962484 ], [ 305401.711208176915534, 1390979.106699180789292 ], [ 305401.640798082516994, 1390968.766926154727116 ], [ 305410.346296332485508, 1390968.707646420458332 ], [ 305461.749904313473962, 1390968.357669735793024 ], [ 305461.54090011282824, 1390937.655320020159706 ], [ 305491.802768809138797, 1390937.449332629563287 ], [ 305491.593799443682656, 1390906.746655871160328 ], [ 305521.855696504411753, 1390906.540704816579819 ], [ 305521.437122066156007, 1390845.030371841276065 ], [ 305551.699080152611714, 1390844.824461384676397 ], [ 305551.490190279087983, 1390814.121905458392575 ], [ 305581.337596249068156, 1390813.91885153343901 ], [ 305581.128744523972273, 1390783.216521634021774 ], [ 305611.390759391128086, 1390783.010683401254937 ], [ 305611.026949557010084, 1390729.518754233140498 ], [ 305610.972415348165669, 1390721.500269798096269 ], [ 305641.23449121764861, 1390721.294472156791016 ], [ 305641.046522494056262, 1390693.651675263419747 ], [ 305671.287820965109859, 1390690.3861698966939 ], [ 305671.078366752248257, 1390659.57820166926831 ], [ 305731.602628012886271, 1390659.166783803841099 ], [ 305731.393961741938256, 1390628.464478025911376 ], [ 305761.241535819019191, 1390628.261638676514849 ], [ 305761.033621859445702, 1390597.664659068686888 ], [ 305791.295807065325789, 1390597.459038369357586 ], [ 305791.086496687377803, 1390566.651088846847415 ], [ 305821.348710366350133, 1390566.445504483534023 ], [ 305820.930884774366859, 1390504.935047703562304 ], [ 305851.193159450020175, 1390504.729503918206319 ], [ 305850.778285068634432, 1390443.641339120687917 ], [ 305850.566196473548189, 1390412.411341093946248 ], [ 305877.097619402571581, 1390412.231175682740286 ], [ 305880.412347594858147, 1390350.9063827090431 ], [ 305910.260190191329457, 1390350.703738803276792 ], [ 305910.05104641104117, 1390319.895810856018215 ], [ 305940.313504085643217, 1390319.690388334915042 ], [ 305940.105114623205736, 1390288.988118428736925 ], [ 305970.367600655357819, 1390288.782732220133767 ], [ 305970.15924675896531, 1390258.080245874123648 ], [ 306000.421761148900259, 1390257.874895976856351 ], [ 305999.796111179050058, 1390165.662353071151301 ], [ 306030.058719089603983, 1390165.457047977019101 ], [ 306029.642183732765261, 1390104.052318665198982 ], [ 306059.904852552223019, 1390103.84705411689356 ], [ 306059.695908400579356, 1390073.039152044104412 ], [ 306089.544015461753588, 1390072.836735166376457 ], [ 306089.335822237946559, 1390042.134159100009128 ], [ 306119.598547936882824, 1390041.928966735955328 ], [ 306119.390394021756947, 1390011.226727364119142 ], [ 306210.178643628256395, 1390010.611355375498533 ], [ 306209.761827129812445, 1389949.101029448444024 ], [ 306239.610042116139084, 1389948.898786994861439 ], [ 306239.194023090531118, 1389887.494014150695875 ], [ 306269.456890732399188, 1389887.289002861594781 ], [ 306269.24820599751547, 1389856.481134474044666 ], [ 306299.511102105607279, 1389856.276159495348111 ], [ 306299.095241107628681, 1389794.871517638908699 ], [ 306329.358198096277192, 1389794.666583188110963 ], [ 306329.150307655101642, 1389763.964377999305725 ], [ 306359.413292977842502, 1389763.759479840984568 ], [ 306358.996873215539381, 1389702.249094763305038 ], [ 306419.10836675867904, 1389701.842217415105551 ], [ 306418.484324630117044, 1389609.629772441228852 ], [ 306479.010591915342957, 1389609.220242022536695 ], [ 306478.802890793187544, 1389578.518061360577121 ], [ 306509.065833352098707, 1389578.313349934993312 ], [ 306508.649794358410873, 1389516.803235284052789 ], [ 306538.913015232712496, 1389516.598562915110961 ], [ 306538.497773221693933, 1389455.194001268362626 ], [ 306568.346674104395788, 1389454.992171120364219 ], [ 306568.139091197808739, 1389424.289784689201042 ], [ 306598.402401368657593, 1389424.085188671015203 ], [ 306597.986602197634056, 1389362.575105057796463 ], [ 306628.249755994882435, 1389362.370551028754562 ], [ 306627.834753379109316, 1389300.966020381310955 ], [ 306658.098185392445885, 1389300.76150538562797 ], [ 306657.890010205795988, 1389269.953702968545258 ], [ 306688.153470679651946, 1389269.749224262777716 ], [ 306687.946044204756618, 1389239.046747556654736 ], [ 306718.209533027373254, 1389238.842305124271661 ], [ 306718.002145820006263, 1389208.140165100106969 ], [ 306778.11457459826488, 1389207.734184476779774 ], [ 306777.906543061835691, 1389176.926400683820248 ], [ 306808.170084568089806, 1389176.722062416374683 ], [ 306807.962801994173788, 1389146.019714889815077 ], [ 306838.226371868746355, 1389145.815412891563028 ], [ 306837.811886018374935, 1389084.410838641924784 ], [ 306868.075516752083786, 1389084.206577132456005 ], [ 306867.660403190762736, 1389022.69669284299016 ], [ 306897.509491042932495, 1389022.495269387029111 ], [ 306897.095171183347702, 1388961.090827104402706 ], [ 306927.358923794876318, 1388960.886646140832454 ], [ 306927.151091142557561, 1388930.078888102201745 ], [ 306957.414872183871921, 1388929.874743415042758 ], [ 306957.000708677107468, 1388868.470210842322558 ], [ 306987.264550597523339, 1388868.266106633935124 ], [ 306985.597618622123264, 1388805.498478300170973 ], [ 307017.113662791671231, 1388806.552200351376086 ], [ 307013.153470981167629, 1388772.604350787820294 ], [ 307047.170592684065923, 1388775.645861727884039 ], [ 307041.995065230410546, 1388745.926747930701822 ], [ 307076.812981165072415, 1388744.742469194810838 ], [ 307076.605342820344958, 1388713.93473626114428 ], [ 307137.133314809994772, 1388713.526857544668019 ], [ 307136.926456564571708, 1388682.824564912356436 ], [ 307167.190468836110085, 1388682.620677824132144 ], [ 307166.983649083296768, 1388651.918611261295155 ], [ 307197.247689699404873, 1388651.714760423405096 ], [ 307197.040905456524342, 1388621.012477366253734 ], [ 307226.890365400467999, 1388620.811454762239009 ], [ 307226.682907750480808, 1388590.003745219903067 ], [ 307256.947005224530585, 1388589.79996645450592 ], [ 307256.740295293624513, 1388559.097803555196151 ], [ 307287.004421112069394, 1388558.894061035942286 ], [ 307286.797747432545293, 1388528.191792281577364 ], [ 307317.061901595443487, 1388527.988086007535458 ], [ 307316.855266400030814, 1388497.286043319385499 ], [ 307347.118737931246869, 1388496.976720876758918 ], [ 307346.912139744265005, 1388466.274682954885066 ], [ 307377.176350707130041, 1388466.071049181511626 ], [ 307376.7639398908359, 1388404.772082726703957 ], [ 307406.613599785545375, 1388404.571278343442827 ], [ 307406.405659758020192, 1388373.658167011803016 ], [ 307436.669960070285015, 1388373.45460950396955 ], [ 307436.256996776792221, 1388312.050342704169452 ], [ 307496.785714921890758, 1388311.643340609734878 ], [ 307496.372190783149563, 1388250.133661892497912 ], [ 307526.636608706554398, 1388249.930217316141352 ], [ 307526.429530872148462, 1388219.122556870803237 ], [ 307556.279363080859184, 1388218.921934961108491 ], [ 307556.073739739367738, 1388188.325251957401633 ], [ 307586.338214423682075, 1388188.121879407204688 ], [ 307586.131918767932802, 1388157.419659509789199 ], [ 307646.660920673864894, 1388157.013018894707784 ], [ 307646.453986314241774, 1388126.20537701738067 ], [ 307706.98281945893541, 1388125.798874395433813 ], [ 307706.776664233475458, 1388095.096893725451082 ], [ 307821.201541565009393, 1388094.328799669165164 ], [ 307887.534680616634432, 1388093.883737996453419 ], [ 307887.328721675905399, 1388063.181451110402122 ], [ 307947.857836089620832, 1388062.775474444264546 ], [ 307947.651240333914757, 1388031.967876315815374 ], [ 308008.1804034068482, 1388031.562036161310971 ], [ 308007.974585612828378, 1388000.860099097015336 ], [ 308068.089180763810873, 1388000.457173996139318 ], [ 308067.883430490153842, 1387969.755024579353631 ], [ 308128.412690500961617, 1387969.349456497002393 ], [ 308128.207011155318469, 1387938.647537301992998 ], [ 308218.586350691271946, 1387938.042214181041345 ], [ 308218.380065393866971, 1387907.234656136482954 ], [ 308278.909414355177432, 1387906.82942417031154 ], [ 308278.703903720830567, 1387876.127195158973336 ], [ 308308.96860446583014, 1387875.924631394213066 ], [ 308308.557664545834996, 1387814.520625942619517 ], [ 308338.822426139202435, 1387814.318102575140074 ], [ 308338.410863650206011, 1387752.808677210006863 ], [ 308368.675686181872152, 1387752.60619425191544 ], [ 308368.470295374165289, 1387721.903980639297515 ], [ 308398.320526524679735, 1387721.70430713146925 ], [ 308397.909120195312425, 1387660.194901884067804 ], [ 308428.174032066715881, 1387659.99249509582296 ], [ 308427.557404846069403, 1387567.78089811746031 ], [ 308457.822410095890518, 1387567.578535919077694 ], [ 308457.411883606342599, 1387506.174583748215809 ], [ 308487.67694970278535, 1387505.972261933842674 ], [ 308487.471726376214065, 1387475.270401505753398 ], [ 308517.736820815713145, 1387475.068115887697786 ], [ 308517.530928347317968, 1387444.260608445620164 ], [ 308547.381427797488868, 1387444.061129578622058 ], [ 308547.176275705569424, 1387413.358946752734482 ], [ 308577.441427003010176, 1387413.156733098207042 ], [ 308577.236314067267813, 1387382.454886890714988 ], [ 308607.501493708812632, 1387382.252709427848458 ], [ 308607.295712006743997, 1387351.44521625363268 ], [ 308637.560920084768441, 1387351.243074996164069 ], [ 308637.35587955993833, 1387320.541017084382474 ], [ 308667.621116001508199, 1387320.338912016013637 ], [ 308667.416113888495602, 1387289.637080091051757 ], [ 308697.681378673878498, 1387289.435011209920049 ], [ 308697.270745257032104, 1387227.925373881589621 ], [ 308727.121444729622453, 1387227.726112899603322 ], [ 308726.916520516737364, 1387197.024291003355756 ], [ 308757.181874623638578, 1387196.822298251325265 ], [ 308756.772103044728283, 1387135.418443300528452 ], [ 308787.037517957272939, 1387135.216490912018344 ], [ 308786.831967153819278, 1387104.409027465153486 ], [ 308817.097410520073026, 1387104.207111272029579 ], [ 308816.687794868135825, 1387042.803165846504271 ], [ 308846.953299018321559, 1387042.601290012244135 ], [ 308846.133548728364985, 1386919.688103036023676 ], [ 308875.98454832524294, 1386919.489040686981753 ], [ 308875.574411485518795, 1386857.979577822145075 ], [ 308905.840102449292317, 1386857.777790644671768 ], [ 308905.436379983089864, 1386797.218096130061895 ], [ 308935.696504611696582, 1386796.172243149252608 ], [ 308935.491165512357838, 1386765.364806944038719 ], [ 308965.756945718545467, 1386765.163096301490441 ], [ 308965.552346997428685, 1386734.461205767001957 ], [ 308995.817938171268906, 1386734.259532742202282 ], [ 308995.422877448436338, 1386674.965804824838415 ], [ 309025.673984522814862, 1386672.548476115334779 ], [ 309025.418861424375791, 1386634.250198298832402 ], [ 309025.264948135358281, 1386611.144715755712241 ], [ 309042.263660500233527, 1386611.031487659085542 ], [ 309055.116461222060025, 1386610.945882094092667 ], [ 309055.003330462379381, 1386593.959780474426225 ], [ 309054.911981721990742, 1386580.244006897322834 ], [ 309065.276985903794412, 1386580.174976903479546 ], [ 309085.177722974447533, 1386580.042450296226889 ], [ 309084.999274611356668, 1386553.244262797990814 ], [ 309115.238564667175524, 1386549.03351714159362 ], [ 309114.994823499990162, 1386512.423357518622652 ], [ 309114.829757780069485, 1386487.629786312812939 ], [ 309133.487080759252422, 1386487.505580454366282 ], [ 309145.095805633929558, 1386487.428304776083678 ], [ 309144.991165194660425, 1386471.708147693192586 ], [ 309144.686378229409456, 1386425.918933150125667 ], [ 309174.95248697604984, 1386425.717491959221661 ], [ 309174.748164036951493, 1386395.015636898577213 ], [ 309201.697637080738787, 1386394.836300939787179 ], [ 309204.395378020592034, 1386364.115251087350771 ], [ 309224.296469396678731, 1386363.982839928241447 ], [ 309234.661543461261317, 1386363.913881771964952 ], [ 309234.568892809038516, 1386349.987150423694402 ], [ 309234.252345903776586, 1386302.404539712471887 ], [ 309269.908547521976288, 1386302.16736032278277 ], [ 309294.784794510575011, 1386302.001913744257763 ], [ 309294.580619470390957, 1386271.300188234075904 ], [ 309354.69847768265754, 1386270.900455097667873 ], [ 309354.909008601971436, 1386240.195650038076565 ], [ 309384.76064418948954, 1386239.997213396709412 ], [ 309384.555872694705613, 1386209.189850182738155 ], [ 309414.822175982175395, 1386208.988693200517446 ], [ 309414.41411426209379, 1386147.585058178286999 ], [ 309444.68047834187746, 1386147.383941509993747 ], [ 309444.47648733027745, 1386116.682239640504122 ], [ 309474.742879742523655, 1386116.481159117771313 ], [ 309474.538223774987273, 1386085.673810749314725 ], [ 309504.80464463122189, 1386085.472766385413706 ], [ 309504.600725203519687, 1386054.770742116263136 ], [ 309534.45253276656149, 1386054.572487434139475 ], [ 309534.249352104496211, 1386023.976229671388865 ], [ 309564.515829570183996, 1386023.775257139699534 ], [ 309564.107444736058824, 1385962.266240577446297 ], [ 309594.373983081139158, 1385962.065308363409713 ], [ 309593.964979031821713, 1385900.45054067694582 ], [ 309624.231578346458264, 1385900.249648792669177 ], [ 309624.027815658366308, 1385869.547755185281858 ], [ 309654.294443322869483, 1385869.346899437485263 ], [ 309654.090017928159796, 1385838.539580688346177 ], [ 309683.942029574827757, 1385838.341512044193223 ], [ 309684.153686040546745, 1385807.74252806417644 ], [ 309714.005725519382395, 1385807.544495045207441 ], [ 309713.597726369975135, 1385746.035417495062575 ], [ 309743.86447162379045, 1385745.83467388455756 ], [ 309743.45725518441759, 1385684.431147444527596 ], [ 309773.724061197019182, 1385684.230444123735651 ], [ 309773.520492801675573, 1385653.528796537546441 ], [ 309803.787327123223804, 1385653.328129345783964 ], [ 309803.379565936571453, 1385591.818861284526065 ], [ 309833.646461144846398, 1385591.618234392022714 ], [ 309833.442970940144733, 1385560.916596845258027 ], [ 309863.295246351626702, 1385560.718753897584975 ], [ 309863.091092446702532, 1385529.911470027873293 ], [ 309893.358044477470685, 1385529.71091496059671 ], [ 309893.154626106610522, 1385499.009065561462194 ], [ 309923.421606465475634, 1385498.808546616695821 ], [ 309923.014848619059194, 1385437.404968490591273 ], [ 309953.281889699166641, 1385437.204489822732285 ], [ 309952.874516935204156, 1385375.695603206288069 ], [ 309983.141618904308416, 1385375.495164826745167 ], [ 309982.938320003915578, 1385344.79333079373464 ], [ 310012.790799351641908, 1385344.595673768548295 ], [ 310012.587538328603841, 1385313.894065635278821 ], [ 310042.854697004891932, 1385313.693699050694704 ], [ 310042.44755159097258, 1385252.184510021004826 ], [ 310072.714771123486571, 1385251.984183718683198 ], [ 310072.443860889761709, 1385211.048609087476507 ], [ 310072.307710653287359, 1385190.47533718845807 ], [ 310087.648677868652157, 1385190.373818252235651 ], [ 310102.574991039466113, 1385190.275051165372133 ], [ 310102.443052973016165, 1385170.334802568424493 ], [ 310102.371848010167014, 1385159.573237103875726 ], [ 310110.249611307866871, 1385159.521114384057 ], [ 310132.639156720251776, 1385159.372987191425636 ], [ 310132.44233350455761, 1385129.620929345255718 ], [ 310132.029156248667277, 1385067.162463220767677 ], [ 310162.296340824104846, 1385066.962259172229096 ], [ 310161.890225813258439, 1385005.558874069014564 ], [ 310191.743250415020157, 1385005.36144939227961 ], [ 310191.336518461932428, 1384943.852423987584189 ], [ 310221.604042054503225, 1384943.652298589935526 ], [ 310221.19809055357473, 1384882.248823955887929 ], [ 310251.465457513928413, 1384882.048740246798843 ], [ 310251.058892424160149, 1384820.539957297733054 ], [ 310281.326537607237697, 1384820.339912415249273 ], [ 310281.12364182958845, 1384789.638130086008459 ], [ 310311.391315331624355, 1384789.438121302518994 ], [ 310311.188457121839747, 1384758.73645433364436 ], [ 310341.04171752021648, 1384758.539219564059749 ], [ 310340.838198488985654, 1384727.73201716109179 ], [ 310371.10571141220862, 1384727.53208158374764 ], [ 310370.700145900249481, 1384666.128766972338781 ], [ 310400.967936930712312, 1384665.928870199713856 ], [ 310400.765192489372566, 1384635.227107272017747 ], [ 310431.033011837513186, 1384635.02724659210071 ], [ 310430.829608139058109, 1384604.220058974111453 ], [ 310461.097455916111358, 1384604.020234399940819 ], [ 310460.692119537678082, 1384542.61683863424696 ], [ 310490.960136717418209, 1384542.417053577722982 ], [ 310490.757508662645705, 1384511.715526637621224 ], [ 310520.609979077882599, 1384511.41308599174954 ], [ 310520.407385959522799, 1384480.711342466063797 ], [ 310550.675351256853901, 1384480.511629878543317 ], [ 310550.472796422196552, 1384449.810112317325547 ], [ 310580.740790017065592, 1384449.610435815295205 ], [ 310580.426921747741289, 1384402.028058408293873 ], [ 310580.335059339297004, 1384388.101428219582886 ], [ 310610.603113779623527, 1384387.901791957439855 ], [ 310610.400637024722528, 1384357.200284422608092 ], [ 310640.668828463531099, 1384357.00068352650851 ], [ 310640.263951552740764, 1384295.597457161406055 ], [ 310670.11732150008902, 1384295.400631617987528 ], [ 310669.914225865039043, 1384264.59348345734179 ], [ 310700.182397814583965, 1384264.393959154607728 ], [ 310699.777675420977175, 1384202.990642062621191 ], [ 310730.045908051310107, 1384202.791157976957038 ], [ 310729.640572642791085, 1384141.282311581308022 ], [ 310759.908974832622334, 1384141.082867007702589 ], [ 310759.504417392192408, 1384079.679571063024923 ], [ 310789.77277157374192, 1384079.480167417088524 ], [ 310789.36760284792399, 1384017.971563440281898 ], [ 310819.636017823533621, 1384017.772200018167496 ], [ 310819.231625313288532, 1383956.368925215210766 ], [ 310849.085322935367003, 1383956.172333169728518 ], [ 310848.882470684708096, 1383925.365216222824529 ], [ 310879.151083532895427, 1383925.165927935624495 ], [ 310878.746846941066906, 1383863.76278361864388 ], [ 310909.015411810367368, 1383863.563536248868331 ], [ 310908.813331794866826, 1383832.861858462449163 ], [ 310939.081924973521382, 1383832.662647157208994 ], [ 310938.677149892784655, 1383771.153983078664169 ], [ 310968.945803866139613, 1383770.954811984905973 ], [ 310968.74380333267618, 1383740.253365476615727 ], [ 310998.597704720566981, 1383740.056959036039189 ], [ 310998.193084334256127, 1383678.548204219667241 ], [ 311028.461936170468107, 1383678.349108241731301 ], [ 311028.058092478779145, 1383616.945903727319092 ], [ 311058.32689631707035, 1383616.746848654234782 ], [ 311057.720568142249249, 1383524.536684837890789 ], [ 311087.989465156919323, 1383524.337674098787829 ], [ 311087.787629025289789, 1383493.636248615803197 ], [ 311118.056554344773758, 1383493.437273929594085 ], [ 311117.853366144758184, 1383462.524552597664297 ], [ 311148.122319991816767, 1383462.325613991823047 ], [ 311147.719491449766792, 1383401.028100827243179 ], [ 311177.573829097440466, 1383400.831927023129538 ], [ 311177.169694317737594, 1383339.323234433541074 ], [ 311207.438769579865038, 1383339.124375748448074 ], [ 311207.035410628537647, 1383277.721233316930011 ], [ 311237.304546547646169, 1383277.522414807463065 ], [ 311237.102213267586194, 1383246.71536430157721 ], [ 311267.371377620322164, 1383246.516581850824878 ], [ 311267.169775011134334, 1383215.815186264924705 ], [ 311297.43896766519174, 1383215.616439857287332 ], [ 311297.237401832826436, 1383184.915048991562799 ], [ 311327.091943190433085, 1383184.719060685252771 ], [ 311326.890412237378769, 1383154.017453186679631 ], [ 311357.159661551238969, 1383153.818778424756601 ], [ 311356.957475451403297, 1383123.011746730888262 ], [ 311387.22675317840185, 1383122.813108022324741 ], [ 311387.025296513224021, 1383092.111620561452582 ], [ 311417.294602522568312, 1383091.913017891580239 ], [ 311417.09318190254271, 1383061.211424490902573 ], [ 311447.362298838444985, 1383061.012859283247963 ], [ 311447.160916439257562, 1383030.311491827480495 ], [ 311477.429586189507972, 1383030.007311149733141 ], [ 311477.026897907722741, 1382968.60436499142088 ], [ 311506.881856342428364, 1382968.408592184539884 ], [ 311506.680550724733621, 1382937.707124002277851 ], [ 311536.949785095523112, 1382937.50867059500888 ], [ 311536.74782436771784, 1382906.701667723478749 ], [ 311567.017304546548985, 1382906.503248935565352 ], [ 311566.614844795898534, 1382845.100331978639588 ], [ 311596.884385618672241, 1382844.901953341206536 ], [ 311596.683193978853524, 1382814.200389210833237 ], [ 311626.95276312076021, 1382814.002046600682661 ], [ 311626.750917485216632, 1382783.195058427751064 ], [ 311656.605830271088053, 1382782.999468385707587 ], [ 311656.203598293010145, 1382721.596470001153648 ], [ 311686.473256560682785, 1382721.398203138029203 ], [ 311686.272180613072123, 1382690.696874872082844 ], [ 311716.541867179214023, 1382690.498644032049924 ], [ 311716.340136173879728, 1382659.69167049555108 ], [ 311746.609851140063256, 1382659.493475690949708 ], [ 311746.408847266575322, 1382628.791935563785955 ], [ 311776.67859054094879, 1382628.593776779482141 ], [ 311776.275971320166718, 1382567.085388415493071 ], [ 311806.545775360311382, 1382566.887269780738279 ], [ 311806.34485084557673, 1382536.185960835777223 ], [ 311836.199995208822656, 1382535.990591676905751 ], [ 311835.798221733886749, 1382474.587762399576604 ], [ 311866.068114778550807, 1382474.389719475060701 ], [ 311865.665731720800977, 1382412.881140228128061 ], [ 311895.93568552605575, 1382412.683137445710599 ], [ 311895.534076629090123, 1382351.280329219764099 ], [ 311925.804091062746011, 1382351.082366562681273 ], [ 311925.401874301955104, 1382289.574029666604474 ], [ 311955.671949510055128, 1382289.376107146963477 ], [ 311955.471224420936778, 1382258.674602627055719 ], [ 311985.326636234123725, 1382258.479426887817681 ], [ 311985.125258285203017, 1382227.672498466214165 ], [ 311995.681482612271793, 1382227.603497500764206 ], [ 312015.395390248042531, 1382227.474647538037971 ], [ 312015.194739652564749, 1382196.773373631061986 ], [ 312045.464899909100495, 1382196.575558707350865 ], [ 312045.264284602832049, 1382165.874068199424073 ], [ 312075.53447315323865, 1382165.676289279945195 ], [ 312075.132632357242983, 1382104.168000352568924 ], [ 312105.402881657879334, 1382103.970261559356004 ], [ 312105.20234421978239, 1382073.26878099469468 ], [ 312135.472621793975122, 1382073.071078201755881 ], [ 312135.27212253131438, 1382042.36982357641682 ], [ 312165.127733975765295, 1382042.174864545231685 ], [ 312164.72612114797812, 1381980.666494186036289 ], [ 312194.996487816737499, 1381980.468867075163871 ], [ 312194.59564777824562, 1381919.066267545334995 ], [ 312224.866075099096633, 1381918.868680537911132 ], [ 312224.665004811307881, 1381888.061791387153789 ], [ 312254.935460534179583, 1381887.864240387221798 ], [ 312254.735115087009035, 1381857.162784315878525 ], [ 312285.005599100724794, 1381856.965269308537245 ], [ 312284.805291819327977, 1381826.264039212139323 ], [ 312314.661106834071688, 1381826.069265386089683 ], [ 312314.460833664634265, 1381795.367707979865372 ], [ 312344.731374286930077, 1381795.170264516957104 ], [ 312344.330221069511026, 1381733.662173874210566 ], [ 312374.60082245914964, 1381733.464770518243313 ], [ 312374.400627843278926, 1381702.763333690818399 ], [ 312404.671257521375082, 1381702.565966320922598 ], [ 312404.47110106353648, 1381671.864755427232012 ], [ 312434.741759031661786, 1381671.66742404224351 ], [ 312434.540950639522634, 1381640.860568276839331 ], [ 312464.811636998667382, 1381640.663272889796644 ], [ 312464.611551819252782, 1381609.961739477002993 ], [ 312494.467566435108893, 1381609.767182254232466 ], [ 312494.267519686720334, 1381579.065985352965072 ], [ 312524.53826267021941, 1381578.868761493358761 ], [ 312524.338251189794391, 1381548.167347992304713 ], [ 312554.608335763739888, 1381547.86473188130185 ], [ 312554.20839206664823, 1381486.462136049987748 ], [ 312584.479224089824129, 1381486.264988262904808 ], [ 312584.078673847776372, 1381424.756642862921581 ], [ 312614.349349194206297, 1381424.559536580694839 ], [ 312614.14945805381285, 1381393.858359495876357 ], [ 312644.005893610417843, 1381393.663985967868939 ], [ 312643.806037289672531, 1381362.962592283263803 ], [ 312674.076986672705971, 1381362.76555609703064 ], [ 312673.876482322695665, 1381331.958960148738697 ], [ 312704.147460103034973, 1381331.761959948576987 ], [ 312703.947677198215388, 1381301.060575579060242 ], [ 312734.218465839105193, 1381300.86361276358366 ], [ 312734.018033714266494, 1381270.056804954772815 ], [ 312764.289068180019967, 1381269.859876707894728 ], [ 312763.89034149760846, 1381208.562887229258195 ], [ 312794.16143646358978, 1381208.365999031811953 ], [ 312793.961082368274219, 1381177.5592011497356 ], [ 312823.817500071134418, 1381177.36504553607665 ], [ 312823.617867892608047, 1381146.663680362747982 ], [ 312853.889019597088918, 1381146.466863672947511 ], [ 312853.689424829848576, 1381115.765613805269822 ], [ 312883.960604820167646, 1381115.568833078956231 ], [ 312883.560806336579844, 1381054.060693931300193 ], [ 312913.832047025382053, 1381053.863953274209052 ], [ 312913.632530738716014, 1381023.162823922932148 ], [ 312943.903799731633626, 1381022.966119225369766 ], [ 312943.704318694304675, 1380992.264773324364796 ], [ 312973.560907928505912, 1380992.070798675529659 ], [ 312973.360778250382282, 1380961.2640293573495 ], [ 313003.632103979354724, 1380961.067396153463051 ], [ 313003.432696602190845, 1380930.366170125780627 ], [ 313063.975400596566033, 1380929.973007495049387 ], [ 313063.776061500771903, 1380899.271679603727534 ], [ 313094.047439748246688, 1380899.075150175020099 ], [ 313093.848138769273646, 1380868.37404819088988 ], [ 313124.119545320281759, 1380868.177554714726284 ], [ 313123.919595315819606, 1380837.370808238862082 ], [ 313153.776320322882384, 1380837.177041924092919 ], [ 313153.577090836479329, 1380806.475727945333347 ], [ 313183.848554124997463, 1380806.279305947944522 ], [ 313183.649362032767385, 1380775.578107286244631 ], [ 313213.920853595715016, 1380775.381721237441525 ], [ 313213.721013568341732, 1380744.574988718144596 ], [ 313239.845748741412535, 1380744.405534029472619 ], [ 313243.793414087500423, 1380713.677338633919135 ], [ 313264.527250435203314, 1380713.542874112026766 ], [ 313274.06496233982034, 1380713.481024492532015 ], [ 313273.988340206677094, 1380701.664919821778312 ], [ 313273.666804017964751, 1380652.078876918880269 ], [ 313303.523700554273091, 1380651.885291490470991 ], [ 313303.323974864673801, 1380621.078573536360636 ], [ 313333.595612162258476, 1380620.882334944792092 ], [ 313333.197606225614436, 1380559.479875169461593 ], [ 313363.469304115977138, 1380559.283676602179185 ], [ 313362.871741254231893, 1380467.074520390015095 ], [ 313393.143532153218985, 1380466.878365941578522 ], [ 313392.944613063533325, 1380436.177091494435444 ], [ 313423.216432243702002, 1380435.980972982710227 ], [ 313423.016866863879841, 1380405.174275430385023 ], [ 313453.288714416732546, 1380404.978192868642509 ], [ 313452.891028700047173, 1380343.575884417863563 ], [ 313482.748220463981852, 1380343.382527381647378 ], [ 313482.349932499346323, 1380281.874690942466259 ], [ 313512.621901386242826, 1380281.678687985287979 ], [ 313512.224378859449644, 1380220.276400347938761 ], [ 313542.496408346109092, 1380220.080437399912626 ], [ 313542.29768519726349, 1380189.37918788404204 ], [ 313572.569742962485179, 1380189.183260864578187 ], [ 313572.370374187012203, 1380158.376588335027918 ], [ 313602.642460342205595, 1380158.180697256699204 ], [ 313602.443811228033155, 1380127.479567683767527 ], [ 313632.301206422271207, 1380127.286395474802703 ], [ 313631.903302944730967, 1380065.778718432411551 ], [ 313662.175478119170293, 1380065.582902858266607 ], [ 313661.976905509771314, 1380034.881672479910776 ], [ 313692.249108942225575, 1380034.685892828041688 ], [ 313691.852042080601677, 1379973.283552581910044 ], [ 313722.124306105077267, 1379973.087812926853076 ], [ 313714.067675088415854, 1379881.560325010446832 ], [ 313751.800511078967247, 1379880.683251196052879 ], [ 313751.44930641585961, 1379826.349557832814753 ], [ 313781.675353849655949, 1379818.979960490949452 ], [ 313781.481036046054214, 1379788.911758770933375 ], [ 313811.334666690556332, 1379788.085700415307656 ], [ 313808.633742969715968, 1379755.185156638268381 ], [ 313841.408769952249713, 1379757.189132620580494 ], [ 313835.373262532637455, 1379721.672233474208042 ], [ 313871.482255758601241, 1379726.186956601915881 ], [ 313871.283956625149585, 1379695.485760995419696 ], [ 313901.556270154658705, 1379695.290250058984384 ], [ 313901.358009083254728, 1379664.589280351065099 ], [ 313931.630568294902332, 1379664.393803919432685 ], [ 313931.432341712410562, 1379633.692506985506043 ], [ 313961.290420897188596, 1379633.499742322135717 ], [ 313961.091550644254312, 1379602.69313316536136 ], [ 313991.363949140883051, 1379602.497729529161006 ], [ 313991.165797532827128, 1379571.79677370027639 ], [ 314051.711081906454638, 1379571.406067266128957 ], [ 314051.512997783487663, 1379540.704898895462975 ], [ 314081.785666242940351, 1379540.50959749892354 ], [ 314081.587620172649622, 1379509.808655013330281 ], [ 314099.004751416388899, 1379509.696306833531708 ], [ 314141.718282467452809, 1379509.420830287970603 ], [ 314141.519623585860245, 1379478.614247853169218 ], [ 314232.337775028834585, 1379478.028748802142218 ], [ 314232.139896487351507, 1379447.327495889505371 ], [ 314262.412637909292243, 1379447.132397269597277 ], [ 314262.214798125321977, 1379416.431480845669284 ], [ 314352.618367090006359, 1379415.849059382686391 ], [ 314352.816110469691921, 1379446.549963673809543 ], [ 314383.088835921604186, 1379446.35499194636941 ], [ 314382.887452528579161, 1379479.485270982608199 ], [ 314443.831927794846706, 1379476.666368522215635 ], [ 314443.634274793323129, 1379445.965143988607451 ], [ 314473.492260789033026, 1379445.772937291068956 ], [ 314474.585666544095147, 1379229.056355228181928 ], [ 314442.249476367956959, 1379230.847061348613352 ], [ 314441.860358531121165, 1379170.394573076395318 ], [ 314441.458355505368672, 1379107.937532159499824 ], [ 314408.293131244718097, 1379109.839135742746294 ], [ 314410.988330209162086, 1379077.536932873306796 ], [ 314384.429830780660268, 1379074.964695847826079 ], [ 314350.44210820592707, 1379077.92674697143957 ], [ 314347.473783419467509, 1378616.883665977278724 ], [ 314377.747381019580644, 1378616.688804012024775 ], [ 314377.351517412404064, 1378555.181386702228338 ], [ 314407.625175624270923, 1378554.986564688384533 ], [ 314407.230071708268952, 1378493.584474378731102 ], [ 314437.503790457849391, 1378493.389692298369482 ], [ 314437.305598651466426, 1378462.58316959370859 ], [ 314467.164604162389878, 1378462.391091150697321 ], [ 314466.967126771924086, 1378431.690000188769773 ], [ 314497.240902200690471, 1378431.495289428625256 ], [ 314497.043462823145092, 1378400.794424362014979 ], [ 314527.317266507307068, 1378400.59974947059527 ], [ 314527.119862295279745, 1378369.898667754139751 ], [ 314557.393694235594012, 1378369.704028730513528 ], [ 314557.195648860419169, 1378338.897524565923959 ], [ 314587.469509148271754, 1378338.702921422664076 ], [ 314587.272178835235536, 1378308.001959626562893 ], [ 314617.131323845591396, 1378307.810057648690417 ], [ 314616.934028963674791, 1378277.108989771455526 ], [ 314677.481858711922541, 1378276.719957877183333 ], [ 314677.283955403836444, 1378245.913471666863188 ], [ 314858.512798893731087, 1378244.749825457809493 ], [ 314858.710508449818008, 1378275.556287321262062 ], [ 315011.33811349014286, 1378276.792862710077316 ], [ 315009.467601808020845, 1378243.781434214906767 ], [ 315043.084150051232427, 1378247.469718664418906 ], [ 315039.54466510011116, 1378212.886530219810084 ], [ 315090.984349291888066, 1378214.983357177814469 ], [ 315095.337302671221551, 1378117.679223585873842 ], [ 315098.942863270582166, 1378033.146021111402661 ], [ 315129.643206520646345, 1378034.742733606602997 ], [ 315129.01524256617995, 1377936.732091111131012 ], [ 315158.454085046891123, 1377935.59395134751685 ], [ 315159.092107330856379, 1377905.731729053892195 ], [ 315188.530761085450649, 1377904.593625671695918 ], [ 315188.350350218941458, 1377876.424654563888907 ], [ 315188.137512407382019, 1377843.191880291793495 ], [ 315218.829931409505662, 1377843.522707369178534 ], [ 315218.215218473051209, 1377812.296919059706852 ], [ 315243.536056640092283, 1377815.722217939561233 ], [ 315250.786784504132811, 1377782.230256017530337 ], [ 315278.151914990739897, 1377781.10553653887473 ], [ 315277.955402762745507, 1377750.404788558837026 ], [ 315338.504154863650911, 1377750.017290213843808 ], [ 315338.307710016844794, 1377719.316329629393294 ], [ 315398.856510644545779, 1377718.928966544568539 ], [ 315398.660136007762048, 1377688.228235866408795 ], [ 315428.934562598005868, 1377688.034606054890901 ], [ 315428.737548876786605, 1377657.22823211341165 ], [ 315458.597252522478811, 1377657.03729011467658 ], [ 315458.40094843582483, 1377626.336236740695313 ], [ 315549.224386296700686, 1377625.75565640674904 ], [ 315549.028185358387418, 1377595.054947586730123 ], [ 315609.162436600308865, 1377594.670710747595876 ], [ 315609.358573501463979, 1377625.371411551488563 ], [ 315669.907496372936293, 1377624.984643254196271 ], [ 315669.711423950619064, 1377594.28395051904954 ], [ 315730.26039537001634, 1377593.897317456547171 ], [ 315730.456403313670307, 1377624.598002125509083 ], [ 315851.139418484526686, 1377623.827747633680701 ], [ 315851.335304329055361, 1377654.528748675715178 ], [ 315909.825368947698735, 1377656.476746793370694 ], [ 315912.080596620566212, 1377684.948789468966424 ], [ 315935.304749499424361, 1377684.80066239554435 ], [ 315972.214560979919042, 1377684.565284637967125 ], [ 315971.174149875878356, 1377716.539985453477129 ], [ 316002.684643799148034, 1377715.072907398222014 ], [ 316002.899887333158404, 1377748.833246621768922 ], [ 316003.076121244230308, 1377776.474430841393769 ], [ 316032.106126291619148, 1377776.289354903390631 ], [ 316063.624618371017277, 1377776.088447108399123 ], [ 316060.063577371533029, 1377803.015209516277537 ], [ 316123.954640345997177, 1377806.511516671394929 ], [ 316123.758351253170986, 1377775.705233186017722 ], [ 316154.032585981476586, 1377775.512352166930214 ], [ 316154.228842720098328, 1377806.31863161502406 ], [ 316184.503041125601158, 1377806.125778354937211 ], [ 316184.698598987364676, 1377836.826738698873669 ], [ 316245.246919412515126, 1377836.441119521390647 ], [ 316245.442414961697068, 1377867.141740470658988 ], [ 316275.30179024906829, 1377866.95161517849192 ], [ 316275.497259693220258, 1377897.652454026974738 ], [ 316305.772016674163751, 1377897.565141703467816 ], [ 316304.737996778218076, 1377930.594935208791867 ], [ 316336.241507719270885, 1377928.073266299441457 ], [ 316337.2306027157465, 1377953.177135383943096 ], [ 316365.072766455356032, 1377961.862288461066782 ], [ 316366.90610204578843, 1377989.282134474487975 ], [ 316426.675791952467989, 1377996.92005513003096 ], [ 316427.845376721583307, 1378050.403703385731205 ], [ 316494.16649743320886, 1378044.812073353445157 ], [ 316488.368980896775611, 1378111.422581464750692 ], [ 316518.642813124344684, 1378111.230036904104054 ], [ 316518.838729822135065, 1378142.036274435697123 ], [ 316549.112525728764012, 1378141.843757648486644 ], [ 316549.502965835097712, 1378203.245263417251408 ], [ 316579.7766932794475, 1378203.052770405542105 ], [ 316580.754047587339301, 1378356.767321818973869 ], [ 316671.159982735232916, 1378356.192609189078212 ], [ 316671.355102420900948, 1378386.893405144335702 ], [ 316701.628620323375799, 1378386.701014818623662 ], [ 316701.823710625292733, 1378417.40158605738543 ], [ 316737.901748574338853, 1378416.961372757097706 ], [ 316761.955932174692862, 1378417.019527469296008 ], [ 316762.565701561688911, 1378447.717677862616256 ], [ 316792.424405685684178, 1378447.528009222587571 ], [ 316792.815086786402389, 1378509.034888620488346 ], [ 316823.088459803082515, 1378508.842609042534605 ], [ 316822.240464296774007, 1378571.201345251407474 ], [ 316884.025028271833435, 1378569.859466270543635 ], [ 316885.009809983836021, 1378659.6380074408371 ], [ 316944.742144082149025, 1378661.685355220688507 ], [ 316941.419151003006846, 1378726.169924214482307 ], [ 317005.678814187180251, 1378722.808047035476193 ], [ 317005.873629837646149, 1378753.508584661176428 ], [ 317036.146716926305089, 1378753.316495264414698 ], [ 317036.536967541847844, 1378814.823322080075741 ], [ 317066.809986050997395, 1378814.631256478838623 ], [ 317067.004751401720569, 1378845.332009086385369 ], [ 317096.86300256929826, 1378845.142601947532967 ], [ 317095.799233645549975, 1378938.943184422561899 ], [ 317157.992985911550932, 1378936.860514445463195 ], [ 317158.383699452679139, 1378998.472852810751647 ], [ 317188.656508399639279, 1378998.280890013091266 ], [ 317189.107381463632919, 1379069.388305183732882 ], [ 317209.558402885333635, 1379089.937440009322017 ], [ 317209.121153730899096, 1379151.766101676272228 ], [ 317196.873113982437644, 1379182.229118131333962 ], [ 317159.552597815403715, 1379182.782420115312561 ], [ 317159.747316666995175, 1379213.482946423115209 ], [ 317099.616864801791962, 1379213.864392218645662 ], [ 317099.396928058820777, 1379244.567779639735818 ], [ 317039.266524628270417, 1379244.949359815334901 ], [ 317039.46205122966785, 1379275.755550494650379 ], [ 316948.247789019020274, 1379279.183247067034245 ], [ 316948.448801823658869, 1379245.525915816659108 ], [ 316918.590945363801438, 1379245.715530832530931 ], [ 316914.636432547646109, 1379276.020502416649833 ], [ 316881.87764582404634, 1379276.545207784278318 ], [ 316858.241489787469618, 1379276.906338149448857 ], [ 316858.436544049880467, 1379307.60701672709547 ], [ 316828.164014748414047, 1379307.79936878522858 ], [ 316828.749970705190208, 1379400.006956740049645 ], [ 316798.477534400706645, 1379400.199352663243189 ], [ 316799.516298089118209, 1379563.620051473379135 ], [ 316800.23525436053751, 1379676.716757682384923 ], [ 316770.377824647817761, 1379676.90658462443389 ], [ 316771.135752452595625, 1379861.324602944776416 ], [ 316741.278510137984995, 1379861.514485037885606 ], [ 316736.273577963118441, 1379922.211759001482278 ], [ 316741.864987108390778, 1379953.72214011894539 ], [ 316709.089606977300718, 1379951.5041800129693 ], [ 316712.305249185184948, 1380065.851017727283761 ], [ 316712.375055542972405, 1380076.823088587727398 ], [ 316682.103314499836415, 1380077.015699703246355 ], [ 316682.298674057237804, 1380107.716527887387201 ], [ 316652.026961336610839, 1380107.909174858592451 ], [ 316652.222356766171288, 1380138.609896993730217 ], [ 316621.95067238737829, 1380138.802579821553081 ], [ 316622.182371041504666, 1380175.200418258318678 ], [ 316622.53765310527524, 1380231.010298611829057 ], [ 316592.680773901985958, 1380231.200384819647297 ], [ 316596.082531824009493, 1380374.665851871250197 ], [ 316834.185669132973999, 1380385.494778314372525 ], [ 316835.196692402940243, 1380414.080135883297771 ], [ 316891.177947823191062, 1380413.724174538394436 ], [ 317057.861750520591158, 1380410.132848337991163 ], [ 317103.886584539955948, 1380409.207630442455411 ], [ 317103.102957594324835, 1380351.079458660911769 ], [ 317164.842775370692834, 1380343.302049594698474 ], [ 317163.822494141699281, 1380313.239544141106308 ], [ 317197.370539621741045, 1380306.590940441936255 ], [ 317257.38623571296921, 1380288.485223899595439 ], [ 317252.214594168122858, 1380257.710612460039556 ], [ 317279.583311411901377, 1380257.536989007843658 ], [ 317283.931992137862835, 1380223.958809953881428 ], [ 317317.124319847207516, 1380226.59689416969195 ], [ 317315.234194701712113, 1380190.104366801446304 ], [ 317347.201150155160576, 1380195.704408684046939 ], [ 317347.008494032546878, 1380165.320276293437928 ], [ 317377.278043980826624, 1380164.811742331832647 ], [ 317380.852952849760186, 1380139.995511906221509 ], [ 317405.678768748650327, 1380131.186676506418735 ], [ 317407.15974471042864, 1380103.113068198086694 ], [ 317463.517960439901799, 1380096.742191378492862 ], [ 317467.093734910129569, 1380072.031298118177801 ], [ 317498.609403084497899, 1380071.831631927518174 ], [ 317527.571522948332131, 1380061.308835142059252 ], [ 317549.005338831222616, 1380040.705269081983715 ], [ 317581.764842549222521, 1380040.497821283293888 ], [ 317588.247514176007826, 1380016.401575960451737 ], [ 317598.378030802472495, 1379978.988982294220477 ], [ 317649.383917106257286, 1379978.666108677629381 ], [ 317677.927232074958738, 1379967.513001330196857 ], [ 317699.365890336222947, 1379947.64777302602306 ], [ 317738.345971210859716, 1379947.401158456457779 ], [ 317735.290465174126439, 1379923.260098743252456 ], [ 317798.279796858085319, 1379916.214743672171608 ], [ 317798.085656096169259, 1379885.514287749072537 ], [ 317828.357554367161356, 1379885.322875063866377 ], [ 317828.163448749983218, 1379854.622202442260459 ], [ 317858.435266675427556, 1379854.430826269555837 ], [ 317858.241198999341577, 1379823.730379498796538 ], [ 317881.463532888912596, 1379823.583594414405525 ], [ 317888.417694599251263, 1379808.452326825587079 ], [ 317888.318346453248523, 1379792.7329499903135 ], [ 317948.447376119089313, 1379792.352992966305465 ], [ 317948.68812487157993, 1379764.814810201060027 ], [ 318038.642281509353779, 1379759.18235278269276 ], [ 318034.324337571451906, 1379732.09491017810069 ], [ 318069.14715536829317, 1379730.187051958171651 ], [ 318068.758841064525768, 1379668.680351113667712 ], [ 318098.616104172542691, 1379668.491870895028114 ], [ 318098.42231943301158, 1379637.791459304047748 ], [ 318068.565024482377339, 1379637.979935596929863 ], [ 318068.176735035202, 1379576.47312762401998 ], [ 318037.904653633595444, 1379576.664245494641364 ], [ 318037.710817523766309, 1379545.963827727828175 ], [ 318007.438699913735036, 1379546.154973450116813 ], [ 318007.244834372308105, 1379515.454331028275192 ], [ 317976.972680553619284, 1379515.645504600601271 ], [ 317976.778788376017474, 1379484.945080013014376 ], [ 317946.506598348962143, 1379485.136281433980912 ], [ 317946.305346068926156, 1379453.275065387133509 ], [ 317946.118092784075998, 1379423.629447317449376 ], [ 317916.260555424029008, 1379423.818052643211558 ], [ 317916.066611891554203, 1379393.117621874203905 ], [ 317885.794317130057607, 1379393.308874555630609 ], [ 317885.211746341781691, 1379301.101705672685057 ], [ 317854.939350686501712, 1379301.292978215496987 ], [ 317854.550704557390418, 1379239.786348433699459 ], [ 317824.278240308631212, 1379239.97764481860213 ], [ 317823.307537628046703, 1379086.369254309451208 ], [ 317793.034799258690327, 1379086.560563262784854 ], [ 317790.980065551935695, 1378761.408703985391185 ], [ 317790.898739589028992, 1378748.537704102927819 ], [ 317760.625750712468289, 1378748.729000293882564 ], [ 317759.829061316559091, 1378622.656180327292532 ], [ 317759.655065924918745, 1378595.120616017840803 ], [ 317729.796753940056078, 1378595.309302303474396 ], [ 317729.104692609864287, 1378485.800031925318763 ], [ 317727.272125657531433, 1378195.779945665504783 ], [ 317696.998547788127325, 1378195.971233188174665 ], [ 317696.221909022016916, 1378073.063515629852191 ], [ 317665.948089363751933, 1378073.254819671856239 ], [ 317664.977391468477435, 1377919.646439207950607 ], [ 317631.800746129010804, 1377919.856100063072518 ], [ 317631.050049848796334, 1377735.439008457586169 ], [ 317603.264235071546864, 1377735.614607624243945 ], [ 317602.68148429505527, 1377643.407424530247226 ], [ 317572.821948475553654, 1377643.596146480645984 ], [ 317572.433849629189353, 1377582.19493298092857 ], [ 317602.293449042539578, 1377582.00621890462935 ], [ 317601.322103438258637, 1377428.292418920900673 ], [ 317571.462344834115356, 1377428.481113284826279 ], [ 317570.88029281917261, 1377336.37936130235903 ], [ 317600.740146798430942, 1377336.190678749699146 ], [ 317600.3515306673944, 1377274.684059001971036 ], [ 317630.626088454155251, 1377274.492795908590779 ], [ 317628.87948287895415, 1376997.976690898183733 ], [ 317659.154109602444805, 1376997.78549690451473 ], [ 317658.571858868701383, 1376905.578268629964441 ], [ 317688.846904590551276, 1376905.387116338126361 ], [ 317688.264790424495004, 1376813.180126502644271 ], [ 317718.539820238307584, 1376812.989018654916435 ], [ 317718.151606770057697, 1376751.482339849928394 ], [ 317748.011828490998596, 1376751.293889816151932 ], [ 317745.103583314688876, 1376290.363916370319203 ], [ 317775.379153524525464, 1376290.172939504496753 ], [ 317774.798249750514515, 1376198.071556091075763 ], [ 317805.074021367705427, 1376197.880622265394777 ], [ 317803.717619004892185, 1375982.765780202811584 ], [ 317833.993503613804933, 1375982.574906761292368 ], [ 317833.412254792347085, 1375890.367917822673917 ], [ 317863.688232179032639, 1375890.177088110242039 ], [ 317863.300597739173099, 1375828.670704994583502 ], [ 317893.576635681441985, 1375828.479915021453053 ], [ 317892.253838342730887, 1375618.534920986741781 ], [ 317922.082753078313544, 1375613.177308809710667 ], [ 317921.695987553801388, 1375551.776377266272902 ], [ 317949.481761301984079, 1375551.284750909311697 ], [ 317951.700563586549833, 1375508.436183547135442 ], [ 317951.481977781979367, 1375473.726573229301721 ], [ 317950.230367954005487, 1375274.96472952933982 ], [ 317985.493980200495571, 1375276.325370139675215 ], [ 317979.927165051572956, 1375182.672641966957599 ], [ 318014.359218065976165, 1375183.722057896666229 ], [ 318009.043225829082076, 1374998.068212130339816 ], [ 318039.320114034577273, 1374997.877688120352104 ], [ 318037.580398544610944, 1374721.362578835804015 ], [ 318067.442784061189741, 1374721.17473141476512 ], [ 318067.055922309227753, 1374659.668337063398212 ], [ 318097.333156939595938, 1374659.477919930592179 ], [ 318096.36789586226223, 1374505.975582495797426 ], [ 318072.311831209110096, 1374506.126854738919064 ], [ 318065.123196517466567, 1374352.347471668152139 ], [ 318095.400753144989721, 1374352.157094398979098 ], [ 318095.01472084922716, 1374290.756147070555016 ], [ 318125.292337893682998, 1374290.565809484571218 ], [ 318124.712755479267798, 1374198.359034864231944 ], [ 318154.990465189213865, 1374198.168740954250097 ], [ 318154.411016963305883, 1374105.96187284309417 ], [ 318184.688819333561696, 1374105.771622604457662 ], [ 318184.495931185840163, 1374075.071109905606136 ], [ 318240.074344696244225, 1374074.721973705338314 ], [ 318244.057682191836648, 1373982.486492256168276 ], [ 318268.943543822853826, 1373982.330211437540129 ], [ 318273.756628336501308, 1373890.089654895476997 ], [ 318302.375548962852918, 1373889.909974488895386 ], [ 318303.649184800218791, 1373828.49868447240442 ], [ 318329.364773937035352, 1373828.337264998350292 ], [ 318333.773637035745196, 1373803.832976288162172 ], [ 318364.012006664997898, 1373797.312694831984118 ], [ 318363.819354850507807, 1373766.612432923400775 ], [ 318393.682682191196363, 1373766.425050553167239 ], [ 318392.897018230170943, 1373641.197036154102534 ], [ 318392.333131207153201, 1373551.311415016418323 ], [ 318425.106707848724909, 1373552.16068368521519 ], [ 318421.840624887263402, 1373428.214295642916113 ], [ 318452.119100007286761, 1373428.024417492793873 ], [ 318449.614872330101207, 1373028.60314585082233 ], [ 318479.893761621788144, 1373028.413351108320057 ], [ 318479.700681839254685, 1372997.607473202515393 ], [ 318509.979599473066628, 1372997.417714138748124 ], [ 318509.594839811557904, 1372936.017039170023054 ], [ 318539.873817787971348, 1372935.827319743577391 ], [ 318539.488477467210032, 1372874.321008827537298 ], [ 318629.910766988643445, 1372873.754662031074986 ], [ 318630.103668993455358, 1372904.560517755104229 ], [ 318660.797920256969519, 1372904.473868359113112 ], [ 318665.996645010309294, 1372873.528722238028422 ], [ 318690.468816532928031, 1372873.375523419352248 ], [ 318684.040117537952028, 1372840.39315341389738 ], [ 318750.419927798677236, 1372842.29880348360166 ], [ 318750.227822495158762, 1372811.598389603430405 ], [ 318780.506897874874994, 1372811.408938706619665 ], [ 318780.314830313320272, 1372780.708750616991892 ], [ 318810.593273077800404, 1372780.413689342560247 ], [ 318810.40124188689515, 1372749.713505795691162 ], [ 318780.122106057475321, 1372749.902917057974264 ], [ 318779.737990038585849, 1372688.502211889252067 ], [ 318810.017190118145663, 1372688.31280856160447 ], [ 318809.632495203870349, 1372626.806578235700727 ], [ 318839.911538262385875, 1372626.617215899052098 ], [ 318838.590203565603588, 1372415.30209176428616 ], [ 318868.845938834943809, 1372411.314841688377783 ], [ 318868.359230162575841, 1372333.456410413607955 ], [ 318867.693841508124024, 1372227.007638898445293 ], [ 318897.159906249376945, 1372229.355315416818485 ], [ 318896.983338713878766, 1372134.719945763237774 ], [ 318867.118178413424175, 1372134.906591687584296 ], [ 318866.733766190358438, 1372073.40061921114102 ], [ 318896.598989941703621, 1372073.213981122942641 ], [ 318896.406491844099946, 1372042.408176684984937 ], [ 318926.686133973416872, 1372042.218984362203628 ], [ 318926.301872921874747, 1371980.712699240772054 ], [ 318995.592720271321014, 1371983.550511182984337 ], [ 318986.669320358196273, 1371949.528631997527555 ], [ 319012.386499405198265, 1371949.368035953957587 ], [ 319016.79775558214169, 1371925.07495378353633 ], [ 319046.623376084549818, 1371918.558368139434606 ], [ 319046.431719392538071, 1371887.858232291415334 ], [ 319076.711720129067544, 1371887.669216346926987 ], [ 319076.519440365955234, 1371856.863439175533131 ], [ 319106.799469429475721, 1371856.674458871828392 ], [ 319106.607883337826934, 1371825.974000215064734 ], [ 319136.887940599350259, 1371825.785055537708104 ], [ 319136.6963929051999, 1371795.084933297242969 ], [ 319166.976478364260402, 1371794.896024244371802 ], [ 319166.784966994891874, 1371764.195906517561525 ], [ 319197.065080632106401, 1371764.007033088244498 ], [ 319195.174916126998141, 1371726.987038983264938 ], [ 319226.738259455945808, 1371733.015023162588477 ], [ 319226.592869260115549, 1371709.699609287781641 ], [ 319258.101734318828676, 1371706.971088499762118 ], [ 319256.44352835859172, 1371640.619926467305049 ], [ 319286.723758981970605, 1371640.431163451168686 ], [ 319286.341037268401124, 1371579.030744647374377 ], [ 319316.62132818705868, 1371578.842021205462515 ], [ 319316.430005066562444, 1371548.141706007067114 ], [ 319346.710324181593023, 1371547.953018180560321 ], [ 319346.327098622801714, 1371486.447083575418219 ], [ 319376.192645661300048, 1371486.261019545141608 ], [ 319376.001398960885126, 1371455.560713917715475 ], [ 319406.281806716287974, 1371455.372100853128359 ], [ 319405.898734940332361, 1371393.866296083433554 ], [ 319436.179203104577027, 1371393.677722597494721 ], [ 319435.605050452286378, 1371301.471522563602775 ], [ 319465.885611106059514, 1371301.282992607215419 ], [ 319465.312249143142253, 1371209.182234007166699 ], [ 319495.592902170319576, 1371208.993747563567013 ], [ 319495.019020336447284, 1371116.7879134924151 ], [ 319525.299765841045883, 1371116.599470570683479 ], [ 319525.108730217791162, 1371085.899191602133214 ], [ 319554.974666043592151, 1371085.713365193689242 ], [ 319554.783010396931786, 1371054.907666362822056 ], [ 319585.063812424079515, 1371054.719294221838936 ], [ 319584.872849661507644, 1371024.01913488516584 ], [ 319766.142934267583769, 1371022.892168110469356 ], [ 319766.333704955352005, 1371053.592303808545694 ], [ 319798.273613805067725, 1371053.393844573758543 ], [ 319923.129886075854301, 1371052.618385328911245 ], [ 319955.48461129842326, 1371052.417523820651695 ], [ 320098.592121961526573, 1371051.529530473519117 ], [ 320098.401703335402999, 1371020.829438043059781 ], [ 320128.68246758391615, 1371020.641638198401779 ], [ 320128.492084555793554, 1370989.941439648158848 ], [ 320158.772876984614413, 1370989.753675388870761 ], [ 320158.5825316113187, 1370959.053702626843005 ], [ 320218.728675770747941, 1370958.57520279684104 ], [ 320218.34812372783199, 1370897.175053365528584 ], [ 320291.768802582810167, 1370896.720102246385068 ], [ 320315.41278754780069, 1370896.573631902225316 ], [ 320339.471609273925424, 1370896.424611505586654 ], [ 320340.117027506348677, 1370866.668894284171984 ], [ 320399.428412044420838, 1370865.352098614908755 ], [ 320399.237685171305202, 1370834.546514311339706 ], [ 320459.799517792765982, 1370834.171624710783362 ], [ 320456.308978066546842, 1370739.346569801447913 ], [ 320519.79152389121009, 1370741.696652492508292 ], [ 320519.60094261332415, 1370710.891086276154965 ], [ 320549.467132412188221, 1370710.706333952024579 ], [ 320549.277239867311437, 1370680.00630670087412 ], [ 320579.558299268013798, 1370679.819023519521579 ], [ 320579.178590897470713, 1370618.418978569563478 ], [ 320609.459057391970418, 1370618.126089814817533 ], [ 320609.269242262584157, 1370587.426182749681175 ], [ 320639.550390269956551, 1370587.238974644802511 ], [ 320639.648936824989505, 1370536.069685104535893 ], [ 320639.587634932890069, 1370526.152766581391916 ], [ 320649.1275220583193, 1370525.988369286991656 ], [ 320669.452042951481417, 1370525.651669641491026 ], [ 320669.326202450960409, 1370505.29060569149442 ], [ 320669.246656244213227, 1370492.419831023085862 ], [ 320669.071917385910638, 1370464.146230248268694 ], [ 320697.68620153865777, 1370462.703272403683513 ], [ 320698.748641629586928, 1370433.261550840223208 ], [ 320726.943437527050264, 1370431.08267050026916 ], [ 320728.460309976420831, 1370340.868817853974178 ], [ 320758.741699320496991, 1370340.68176729651168 ], [ 320758.552081811416429, 1370309.98188501317054 ], [ 320788.833499370841309, 1370309.794870012206957 ], [ 320788.45368730428163, 1370248.289248757530004 ], [ 320818.735165238031186, 1370248.102273250231519 ], [ 320818.165901091881096, 1370155.896679969504476 ], [ 320848.447471462655813, 1370155.70974787697196 ], [ 320848.86996423441451, 1370089.768357009859756 ], [ 320877.935262923070695, 1370094.125460605369881 ], [ 320875.890007064386737, 1370031.575209313770756 ], [ 320907.837393810739741, 1370032.433238564059138 ], [ 320901.020670313388109, 1370003.35657203453593 ], [ 320937.929695245693438, 1370001.546231694286689 ], [ 320937.740315728937276, 1369970.846379199298099 ], [ 320968.02206316171214, 1369970.659596725134179 ], [ 320967.832718520308845, 1369939.959527489729226 ], [ 321026.31832372257486, 1369938.965979148866609 ], [ 321027.602216386527289, 1369878.083299448015168 ], [ 321053.724794672103599, 1369876.128554341150448 ], [ 321067.875391821551602, 1369816.327279221965 ], [ 321094.063111262628809, 1369757.612209449755028 ], [ 321117.691039432422258, 1369754.72350894799456 ], [ 321117.410882567870431, 1369709.253657342633232 ], [ 321117.121636103547644, 1369662.306992381345481 ], [ 321142.414046956575476, 1369660.252262621885166 ], [ 321151.247781858197413, 1369612.721938923699781 ], [ 321177.308221287385095, 1369600.639710462652147 ], [ 321175.457775411079638, 1369569.633403474930674 ], [ 321191.452780161751434, 1369539.783215126721188 ], [ 321209.3061279123649, 1369474.895112844649702 ], [ 321237.533009862178005, 1369477.780831595649943 ], [ 321231.5649894119706, 1369384.342785684857517 ], [ 321264.341330908529926, 1369384.984900409821421 ], [ 321265.84815440129023, 1369292.766875560861081 ], [ 321289.493344191694632, 1369292.621367128333077 ], [ 321295.738919835246634, 1369228.965281298849732 ], [ 321301.596726598276291, 1369169.637100192485377 ], [ 321325.656657423474826, 1369169.489083013730124 ], [ 321320.29400855046697, 1369106.959368051262572 ], [ 321355.146260209032334, 1369107.80015424080193 ], [ 321351.293754371698014, 1368953.579821360297501 ], [ 321384.484128723735921, 1368954.00884602800943 ], [ 321382.293396858265623, 1368800.094830617075786 ], [ 321413.82263583492022, 1368800.217621567193419 ], [ 321413.255881518241949, 1368708.01234410260804 ], [ 321443.538882386113983, 1368707.826226806035265 ], [ 321443.349572574254125, 1368677.020820277975872 ], [ 321407.25891906907782, 1368677.242629714077339 ], [ 321382.783502698410302, 1368677.393078616820276 ], [ 321381.839289258350618, 1368523.78804068849422 ], [ 321412.122486378648318, 1368523.601915295701474 ], [ 321411.367190490127541, 1368400.697003281209618 ], [ 321441.650511962885503, 1368400.510925139999017 ], [ 321441.272627287660725, 1368339.005436867009848 ], [ 321475.294947272806894, 1368339.640513031044975 ], [ 321470.99028467934113, 1368246.71992520079948 ], [ 321494.221647220547311, 1368246.577239725505933 ], [ 321499.952805481851101, 1368031.423549302620813 ], [ 321537.299244031542912, 1368032.882527172099799 ], [ 321528.12356441130396, 1367754.625055356416851 ], [ 321558.407543513225392, 1367754.439185312250629 ], [ 321557.653302174585406, 1367631.53407695167698 ], [ 321587.937405560864136, 1367631.348254131386057 ], [ 321587.371702941600233, 1367539.143112508812919 ], [ 321617.655898597557098, 1367538.957332998979837 ], [ 321616.525446910993196, 1367354.652843755437061 ], [ 321646.809830832993612, 1367354.467119274660945 ], [ 321646.432680252648424, 1367292.962056702934206 ], [ 321676.312584399711341, 1367294.466791677288711 ], [ 321675.925811240565963, 1367231.379175206413493 ], [ 321699.157746731420048, 1367231.236758990911767 ], [ 321705.456997373490594, 1367108.288648391375318 ], [ 321729.933700214663986, 1367108.138640800956637 ], [ 321735.400288781442214, 1367052.40038277558051 ], [ 321733.105664127273485, 1366677.883603932568803 ], [ 321763.390737168723717, 1366677.698091278551146 ], [ 321763.014024334028363, 1366616.192863981472328 ], [ 321793.299157599918544, 1366616.007390702376142 ], [ 321792.923171767732129, 1366554.607707167975605 ], [ 321823.208365145954303, 1366554.422273247037083 ], [ 321822.64386847615242, 1366462.217396236257628 ], [ 321854.591118385549635, 1366462.443872526055202 ], [ 321859.605567410297226, 1366400.483863475266844 ], [ 321882.423138447338715, 1366400.344218802172691 ], [ 321881.973160153138451, 1366326.81229500984773 ], [ 321886.6495369306067, 1366277.40891951136291 ], [ 321911.95650621392997, 1366277.254078563069925 ], [ 321904.933925526565872, 1366214.418131827609614 ], [ 321941.866397011093795, 1366215.669173569884151 ], [ 321941.302420671039727, 1366123.464362256927416 ], [ 321971.588042958872393, 1366123.279140315251425 ], [ 321971.211928461561911, 1366061.774098937632516 ], [ 322001.082705833716318, 1366061.591453085187823 ], [ 322000.707316392217763, 1366000.191955233924091 ], [ 322030.993059025844559, 1366000.006811551982537 ], [ 322030.429456198704429, 1365907.801936662290245 ], [ 322060.715290977736004, 1365907.616836228175089 ], [ 322059.400803975004237, 1365692.507611519191414 ], [ 322089.686858892266173, 1365692.322569936513901 ], [ 322088.936033730453346, 1365569.417896173195913 ], [ 322119.222212750930339, 1365569.232901726150885 ], [ 322118.095972174429335, 1365384.823607464786619 ], [ 322148.382339306175709, 1365384.638667956227437 ], [ 322147.820014484459534, 1365292.539407753385603 ], [ 322177.691557873040438, 1365292.357044272357598 ], [ 322166.544148924353067, 1365165.401504577836022 ], [ 322207.227915621304419, 1365169.267818576656282 ], [ 322205.724700268998276, 1364922.931458295090124 ], [ 322205.16532785713207, 1364831.254270002013072 ], [ 322228.389470496680588, 1364829.529964110115543 ], [ 322234.7018942986615, 1364708.059540373040363 ], [ 322257.520862735342234, 1364707.920359040377662 ], [ 322264.565604307688773, 1364638.457667937967926 ], [ 322283.7394074650947, 1364584.851729327114299 ], [ 322293.986305123369675, 1364496.168070524698123 ], [ 322293.018358425295446, 1364337.394665507366881 ], [ 322326.630042666569352, 1364338.033973196987063 ], [ 322353.187935187132098, 1364338.610545872244984 ], [ 322348.494439397822134, 1364249.279577276436612 ], [ 322382.91357841383433, 1364246.221348349936306 ], [ 322382.601208820589818, 1364194.949670506175607 ], [ 322382.352479813736863, 1364154.122466205619276 ], [ 322412.626596111163963, 1364151.722431364934891 ], [ 322411.703881406749133, 1364000.228387302020565 ], [ 322441.991431221365929, 1364000.04393875435926 ], [ 322441.429979798849672, 1363907.839339266764 ], [ 322471.717839174671099, 1363907.654932573903352 ], [ 322466.952253532013856, 1363806.40296237450093 ], [ 322465.641965974005871, 1363454.77589027909562 ], [ 322498.785877876915038, 1363446.556253474438563 ], [ 322494.900914885685779, 1363353.633505356498063 ], [ 322528.51391051535029, 1363354.273077861405909 ], [ 322525.272319931536913, 1363230.645554981892928 ], [ 322558.05395268544089, 1363231.079163531539962 ], [ 322557.680538223590702, 1363169.67991882795468 ], [ 322587.969148829288315, 1363169.495731074362993 ], [ 322586.834443809348159, 1362982.871547819813713 ], [ 322585.914732565288432, 1362831.588792273774743 ], [ 322620.774224736145698, 1362832.431715537793934 ], [ 322616.016457361984067, 1362800.599538335809484 ], [ 322640.478730085131247, 1362797.496719951275736 ], [ 322641.965858137700707, 1362769.107872884953395 ], [ 322675.992949813255109, 1362769.534114411333576 ], [ 322674.312495024700183, 1362492.921038524247706 ], [ 322704.601792685920373, 1362492.737061819527298 ], [ 322703.668938460759819, 1362339.133476461982355 ], [ 322733.958391823805869, 1362338.949550660559908 ], [ 322732.279034863575362, 1362062.3367276978679 ], [ 322701.989294249331579, 1362062.520618485985324 ], [ 322703.034040326601826, 1361756.139952826080844 ], [ 322730.413688169559464, 1361755.024046844802797 ], [ 322730.227369323838502, 1361724.324585592141375 ], [ 322760.517457009817008, 1361724.140769035322592 ], [ 322760.331174170947634, 1361693.441312260227278 ], [ 322727.131605517643038, 1361692.798709060996771 ], [ 322728.735680738638621, 1361478.516854801215231 ], [ 322759.026023575395811, 1361478.333069356391206 ], [ 322758.839773191371933, 1361447.633506528334692 ], [ 322788.742691422521602, 1361451.988638588692993 ], [ 322788.757078674272634, 1361385.944996721111238 ], [ 322823.630407869350165, 1361388.792952581774443 ], [ 322818.446365407551639, 1361355.064359611598775 ], [ 322827.575065826298669, 1361355.009001472499222 ], [ 322848.320574090408627, 1361354.672134005930275 ], [ 322858.924089258769527, 1361324.118130169576034 ], [ 322878.708149167941883, 1361302.053966271923855 ], [ 322877.537260117591359, 1361108.889407664071769 ], [ 322908.242940437979996, 1361108.703310809098184 ], [ 322907.870222885743715, 1361047.198816129239276 ], [ 322937.746014451491646, 1361047.017787981545553 ], [ 322937.560012059053406, 1361016.318145782453939 ], [ 322967.435831335373223, 1361016.13715203711763 ], [ 322971.760207590414211, 1360907.972851546481252 ], [ 322965.016035671811551, 1360616.620991152944043 ], [ 322995.307240747555625, 1360616.437565120868385 ], [ 322994.191379167605191, 1360432.13472461537458 ], [ 323024.482771593029611, 1360431.95135329826735 ], [ 323054.774160189263057, 1360431.768013397464529 ], [ 323052.356630778056569, 1360032.252256079111248 ], [ 323019.160761635343079, 1360032.558766222326085 ], [ 323018.374446331872605, 1359971.162163064815104 ], [ 322991.401420684996992, 1359971.219746288377792 ], [ 322991.029199394746684, 1359909.715317130321637 ], [ 322960.737261446367484, 1359909.898653817828745 ], [ 322961.222355555742979, 1359510.048696012003347 ], [ 322928.442683010594919, 1359510.669099556282163 ], [ 322928.357127636903897, 1359496.532586706569418 ], [ 322928.256249449332245, 1359479.864063889952376 ], [ 322958.548637145780958, 1359479.680750629631802 ], [ 322955.875026371912099, 1359449.312804719200358 ], [ 322925.166332049295306, 1359449.287562888348475 ], [ 322897.778035392286256, 1359449.34790226444602 ], [ 322896.848345281556249, 1359295.74473609845154 ], [ 322914.679257929266896, 1359293.526868604589254 ], [ 322927.533584005781449, 1359291.866476757219061 ], [ 322923.723110882681794, 1358730.626962933456525 ], [ 322922.679216761258431, 1358558.034536694642156 ], [ 322952.557549494144041, 1358557.853849543258548 ], [ 322951.628775785269681, 1358404.250804861541837 ], [ 322921.75028615037445, 1358404.431472852593288 ], [ 322921.564640882075764, 1358373.732101054629311 ], [ 322951.443161873612553, 1358373.551436893176287 ], [ 322951.25691337819444, 1358342.74642630550079 ], [ 322921.378360922797583, 1358342.927086623618379 ], [ 322923.54401905881241, 1358220.638931371737272 ], [ 322950.514512302703224, 1358219.9484093838837 ], [ 322951.662854935217183, 1358066.649229984730482 ], [ 322979.87917566660326, 1358066.056649369886145 ], [ 322980.197862803470343, 1357912.76274358923547 ], [ 323009.244895390002057, 1357912.270617082947865 ], [ 323008.731258685700595, 1357758.559742072364315 ], [ 323038.610395958297886, 1357758.37924737110734 ], [ 323038.053473817417398, 1357666.175351736368611 ], [ 323068.347723988583311, 1357665.992392761167139 ], [ 323064.613664615666494, 1357459.972925445297733 ], [ 323072.272264980943874, 1357422.473895932547748 ], [ 323096.742933181580156, 1357420.005136663792655 ], [ 323098.099791481276043, 1357369.778804945992306 ], [ 323099.795806466659997, 1357306.995921685826033 ], [ 323128.722038911131676, 1357286.354371074121445 ], [ 323125.925103055080399, 1357235.52012472320348 ], [ 323153.312259004102089, 1357234.932823156705126 ], [ 323159.36273034918122, 1357205.98922113655135 ], [ 323182.178664768172894, 1357204.374611699488014 ], [ 323187.205756967246998, 1357143.365123870782554 ], [ 323220.838363912538625, 1357146.116386577486992 ], [ 323213.558791636140086, 1357108.918610107619315 ], [ 323246.362006120034494, 1357111.780224330956116 ], [ 323244.922248756047338, 1357079.50588387507014 ], [ 323269.001707391813397, 1357080.94329125713557 ], [ 323270.922078820294701, 1357055.295152753358707 ], [ 323275.500791237573139, 1356988.696879529859871 ], [ 323336.924285443790723, 1356988.959524591220543 ], [ 323335.90561285475269, 1356957.632150981808081 ], [ 323360.390434698201716, 1356957.484603211050853 ], [ 323396.495495665352792, 1356957.267068143002689 ], [ 323389.679475328419358, 1356928.084686362417415 ], [ 323426.190486800973304, 1356926.387794407783076 ], [ 323426.005576938274316, 1356895.688294500578195 ], [ 323456.300572357140481, 1356895.505838747834787 ], [ 323456.485450461797882, 1356926.205334782600403 ], [ 323486.780410301638767, 1356926.022906497353688 ], [ 323486.595563955022953, 1356895.323414334096014 ], [ 323547.185535671771504, 1356894.958659524796531 ], [ 323547.00012243934907, 1356864.153754055034369 ], [ 323607.175109753559809, 1356863.79162954702042 ], [ 323606.805691534711514, 1356802.392789561767131 ], [ 323637.100759468215983, 1356802.210533033125103 ], [ 323636.916089287959039, 1356771.511283680796623 ], [ 323690.461392716271803, 1356772.877148473402485 ], [ 323702.083159873087425, 1356773.123759742127731 ], [ 323701.164498363039456, 1356758.359335092827678 ], [ 323696.951627076370642, 1356678.943177663488314 ], [ 323736.822411018540151, 1356683.767531353281811 ], [ 323727.061617142579053, 1356647.956152401166037 ], [ 323756.942010703496635, 1356647.776533935917541 ], [ 323756.757487705093808, 1356617.077302873833105 ], [ 323787.052509776782244, 1356616.89522712607868 ], [ 323786.868021312984638, 1356586.195779267698526 ], [ 323828.368510586791672, 1356585.946414053905755 ], [ 323877.753812614129856, 1356585.649747690418735 ], [ 323877.569424842076842, 1356554.950533216120675 ], [ 323907.864712714566849, 1356554.768589217681438 ], [ 323907.495376634353306, 1356493.264195176307112 ], [ 323937.375686793413479, 1356493.084782080026343 ], [ 323937.191374428919517, 1356462.385576990898699 ], [ 323997.782121971191373, 1356462.02186798513867 ], [ 323997.597875882172957, 1356431.322449947008863 ], [ 324027.893275685724802, 1356431.140646297950298 ], [ 324027.708432883024216, 1356400.335811333032325 ], [ 324087.8842461805325, 1356399.974795301444829 ], [ 324087.700104451039806, 1356369.275611162884161 ], [ 324125.465822337544523, 1356369.049109363695607 ], [ 324148.291004707396496, 1356368.912237766198814 ], [ 324148.106928583525587, 1356338.212730081519112 ], [ 324208.697877105267253, 1356337.849489707266912 ], [ 324208.329234939534217, 1356276.345512617845088 ], [ 324238.624767059285659, 1356276.163947144756094 ], [ 324237.888289026566781, 1356153.261104731820524 ], [ 324267.76890273031313, 1356153.082072558812797 ], [ 324267.272772341151722, 1356070.267980361357331 ], [ 324297.938798158313148, 1356062.593909236369655 ], [ 324296.960025814827532, 1355968.494060816476122 ], [ 324327.255864324455615, 1355968.312627465231344 ], [ 324326.90968291828176, 1355910.500871072523296 ], [ 324326.704381759744138, 1355876.214750675717369 ], [ 324352.435246306005865, 1355876.060690562706441 ], [ 324387.296237779664807, 1355875.852001044433564 ], [ 324387.112482146476395, 1355845.1527545012068 ], [ 324447.289340644259937, 1355844.792621285421774 ], [ 324446.921335645485669, 1355783.28850284544751 ], [ 324473.478574143256992, 1355782.49651266541332 ], [ 324477.265208917437121, 1355721.706299218349159 ], [ 324507.144860027881805, 1355721.316504141082987 ], [ 324505.58171653712634, 1355668.154315814608708 ], [ 324503.319204548257403, 1355567.415725515922531 ], [ 324536.523082721163519, 1355567.639203728176653 ], [ 324535.604710067738779, 1355414.037458965787664 ], [ 324565.901198573061265, 1355413.856344408821315 ], [ 324565.382856856915168, 1355327.138937097741291 ], [ 324568.927472640410997, 1355295.256882781395689 ], [ 324590.850533610850107, 1355282.887950510717928 ], [ 324594.680376175441779, 1355229.271310807904229 ], [ 324634.986529133806471, 1355237.259366324171424 ], [ 324624.609479308477603, 1355167.586343408096582 ], [ 324654.906101776054129, 1355167.405353804817423 ], [ 324654.722724444523919, 1355136.706044322345406 ], [ 324706.600621160236187, 1355136.396209454862401 ], [ 324745.197608953691088, 1355136.165752810193226 ], [ 324775.494248010218143, 1355135.984891826286912 ], [ 324775.32800444716122, 1355108.134176742052659 ], [ 324775.127759802853689, 1355074.586526459315792 ], [ 324800.436666106106713, 1355073.16948984307237 ], [ 324811.581433017272502, 1354993.345488549442962 ], [ 324865.46790688612964, 1354981.841002387925982 ], [ 324865.107313482905738, 1354921.392117739422247 ], [ 324864.89587430213578, 1354885.94580120802857 ], [ 324864.734779744874686, 1354858.93879992631264 ], [ 324895.031471673457418, 1354858.758100041653961 ], [ 324894.847759843803942, 1354827.953406061278656 ], [ 324930.983506579999812, 1354832.48535273829475 ], [ 324924.546699115657248, 1354797.075945534510538 ], [ 324957.333696347777732, 1354796.880469959927723 ], [ 324985.140517559018917, 1354796.714714818401262 ], [ 324982.038610829971731, 1354763.712073009461164 ], [ 325015.254528274585027, 1354765.835110669955611 ], [ 325009.26871745637618, 1354736.436526125995442 ], [ 325043.29717953200452, 1354735.600656647700816 ], [ 325075.250554808648303, 1354734.777298924978822 ], [ 325070.891629912599456, 1354699.77753460011445 ], [ 325105.364092569972854, 1354703.79238771693781 ], [ 325101.005204710178077, 1354668.792623608838767 ], [ 325135.478320097026881, 1354672.912604993209243 ], [ 325131.118842142401263, 1354637.807530941907316 ], [ 325165.592613306303974, 1354642.033193672075868 ], [ 325165.279206581239123, 1354589.390953534748405 ], [ 325185.562981772702187, 1354580.408240356016904 ], [ 325189.32635296008084, 1354515.398447268642485 ], [ 325225.455368676455691, 1354518.770285933744162 ], [ 325224.672418195172213, 1354456.952513532480225 ], [ 325254.971579010016285, 1354457.088830534834415 ], [ 325251.869995046057738, 1354424.085980316391215 ], [ 325285.086232916801237, 1354426.209368854993954 ], [ 325284.723517809936311, 1354365.233063937630504 ], [ 325284.355172063107602, 1354303.307421976467595 ], [ 325319.656278978625778, 1354307.001049276906997 ], [ 325314.104285444074776, 1354210.924401232274249 ], [ 325344.401804723893292, 1354210.744248722912744 ], [ 325344.219280968303792, 1354180.044934387085959 ], [ 325374.516828160965815, 1354179.864816989516839 ], [ 325374.151232259580866, 1354118.361219571670517 ], [ 325404.033770686830394, 1354118.183607939397916 ], [ 325403.851324098533951, 1354087.484634795924649 ], [ 325434.148958968929946, 1354087.304591031512246 ], [ 325433.966546832816675, 1354056.605401068925858 ], [ 325464.264209615066648, 1354056.425392410950735 ], [ 325464.081206973292865, 1354025.620786234503612 ], [ 325494.378897756687365, 1354025.440812695305794 ], [ 325494.196557821007445, 1353994.741742143407464 ], [ 325516.193529087118804, 1353994.611098817083985 ], [ 325524.934755984810181, 1353928.938933153869584 ], [ 325519.395073708030395, 1353904.707097919657826 ], [ 325554.24455969047267, 1353902.17918007588014 ], [ 325551.71472270321101, 1353685.815945303067565 ], [ 325582.850523303670343, 1353686.897110115271062 ], [ 325579.753517091216054, 1353654.632887000450864 ], [ 325583.965896250563674, 1353595.106473389081657 ], [ 325612.601426911656745, 1353594.514516303315759 ], [ 325612.236492342490237, 1353533.011001761537045 ], [ 325589.823999363812618, 1353533.143993125064299 ], [ 325581.574577918625437, 1353471.897999813780189 ], [ 325607.302294595632702, 1353470.90150175569579 ], [ 325613.402842995652463, 1353379.819837278686464 ], [ 325641.624128179741092, 1353379.335928821004927 ], [ 325641.441405826888513, 1353348.531358266016468 ], [ 325615.712959568714723, 1353349.422502792673185 ], [ 325621.573126306873746, 1353287.776425572345033 ], [ 325640.53035846556304, 1353194.930527673801407 ], [ 325669.109862571756821, 1353184.844087663572282 ], [ 325670.100119755021296, 1353071.849077539518476 ], [ 325703.727124011958949, 1353073.021219048649073 ], [ 325699.670196687511634, 1352948.7678090154659 ], [ 325729.553882614767645, 1352948.590679322136566 ], [ 325728.766865390003659, 1352815.794598009204492 ], [ 325728.461023483425379, 1352764.185394757892936 ], [ 325758.759980304574128, 1352764.00585873844102 ], [ 325758.031824717647396, 1352641.10427987226285 ], [ 325788.330904511909466, 1352640.924790405668318 ], [ 325787.967227069893852, 1352579.526777520310134 ], [ 325848.565501941484399, 1352579.167907612398267 ], [ 325848.383107789210044, 1352548.363378719193861 ], [ 325878.682271348545328, 1352548.183994465973228 ], [ 325878.500536464795005, 1352517.484779686201364 ], [ 325938.683825452928431, 1352517.128568943589926 ], [ 325938.320496248779818, 1352455.730598746798933 ], [ 325998.918987007346004, 1352455.372071001678705 ], [ 325998.736767561291344, 1352424.567563510034233 ], [ 326058.920215539284982, 1352424.211622922215611 ], [ 326058.738687939592637, 1352393.512765070423484 ], [ 326152.561718771117739, 1352396.333905641920865 ], [ 326149.454915440292098, 1352362.27624048688449 ], [ 326208.347788159037009, 1352354.226888520643115 ], [ 326209.327497763966676, 1352239.016962482826784 ], [ 326239.211839450406842, 1352238.840442107059062 ], [ 326238.848591394664254, 1352177.337027527391911 ], [ 326273.722518239053898, 1352178.608011135598645 ], [ 326268.603651361307129, 1352084.95575317600742 ], [ 326362.007072607171722, 1352086.830798553768545 ], [ 326359.140066917345393, 1352023.021215958055109 ], [ 326389.024608785868622, 1352022.844875534065068 ], [ 326388.843479912378825, 1351992.145845711696893 ], [ 326419.142524145485368, 1351991.861670700833201 ], [ 326418.961430980882142, 1351961.162645259639248 ], [ 326481.646658587036654, 1351962.586466906126589 ], [ 326479.198769104725216, 1351899.407423966098577 ], [ 326509.498518973356113, 1351899.228774129645899 ], [ 326509.316911388421431, 1351868.424341844161972 ], [ 326539.616689248592593, 1351868.245727057103068 ], [ 326539.25479317951249, 1351806.847822400508448 ], [ 326564.573768545291387, 1351806.698599654948339 ], [ 326572.931495885946788, 1351745.776991685852408 ], [ 326599.076990547473542, 1351744.98995093558915 ], [ 326598.715252576046623, 1351683.592065962962806 ], [ 326659.315161949256435, 1351683.235099812969565 ], [ 326659.134361979609821, 1351652.536110466811806 ], [ 326689.433721934794448, 1351652.25225813454017 ], [ 326689.252957659889944, 1351621.553273183293641 ], [ 326719.137864979624283, 1351621.377319570397958 ], [ 326718.776412919978611, 1351559.979690737556666 ], [ 326749.076481178693939, 1351559.801331742433831 ], [ 326748.895171393756755, 1351528.996936171781272 ], [ 326777.119863527535927, 1351528.830825511366129 ], [ 326782.298376630700659, 1351491.875905506545678 ], [ 326786.124645846022759, 1351436.677958257729188 ], [ 326808.953507588885259, 1351436.543639875482768 ], [ 326804.257242835417856, 1351343.838422589702532 ], [ 326838.711970617587212, 1351344.268837301293388 ], [ 326838.433256690739654, 1351085.167153225978836 ], [ 326838.204432377940975, 1350975.661523516988382 ], [ 326853.561694605275989, 1350975.4656887431629 ], [ 326866.84362313116435, 1350975.282174037303776 ], [ 326866.294736560201272, 1350881.919625703711063 ], [ 326865.579070376174059, 1350760.179252012632787 ], [ 326835.278194153041113, 1350760.357387234456837 ], [ 326834.736119496403262, 1350668.155231433687732 ], [ 326804.43514457391575, 1350668.333386444719508 ], [ 326803.89301208651159, 1350576.131334958598018 ], [ 326778.571763079613447, 1350576.069157377118245 ], [ 326777.381108020665124, 1350514.78166432515718 ], [ 326742.929124949150719, 1350514.984271020628512 ], [ 326742.387484670733102, 1350422.887846315745264 ], [ 326712.086245398619212, 1350423.066064485581592 ], [ 326711.724486444902141, 1350361.562617857009172 ], [ 326742.025789037463255, 1350361.384407305857167 ], [ 326740.942044466501102, 1350177.085828491486609 ], [ 326771.242913274501916, 1350176.80225218902342 ], [ 326769.617542934953235, 1349900.301470297621563 ], [ 326799.919312432815786, 1349900.123379216063768 ], [ 326807.861507783993147, 1349838.887892596889287 ], [ 326836.507386069977656, 1349839.457983879605308 ], [ 326832.88028952467721, 1349716.6796631552279 ], [ 326828.235311975935474, 1349561.941597481491044 ], [ 326858.537421810440719, 1349561.763610616791993 ], [ 326857.274171598837711, 1349346.660651145502925 ], [ 326887.161365838954225, 1349346.485159452538937 ], [ 326885.538114143011626, 1349069.984763261629269 ], [ 326909.614211411913857, 1349069.843443735968322 ], [ 326914.037328777019866, 1348762.50237274216488 ], [ 326942.264031880884431, 1348762.231114036403596 ], [ 326944.595990286557935, 1348664.420847410336137 ], [ 326938.153843562467955, 1348486.167501007439569 ], [ 326912.415052209049463, 1348486.001887012505904 ], [ 326915.30253415973857, 1348270.558512391755357 ], [ 326941.4566603761632, 1348270.721607323735952 ], [ 326940.375272309465799, 1348086.317779735894874 ], [ 326908.826823332463391, 1348086.608325616456568 ], [ 326906.391708593524527, 1348025.328362655360252 ], [ 326940.01525410101749, 1348024.920121474424377 ], [ 326939.474639314226806, 1347932.718274109996855 ], [ 326948.192198202013969, 1347932.667162728263065 ], [ 326969.778408808982931, 1347932.540613032644615 ], [ 326968.877416867529973, 1347778.835721104638651 ], [ 326999.181340545765124, 1347778.658110188087448 ], [ 326999.001433272729628, 1347747.959349378244951 ], [ 326968.697478049318306, 1347748.136956496629864 ], [ 326967.797225410642568, 1347594.537501213140786 ], [ 326937.493108594964724, 1347594.715120462235063 ], [ 326937.312543906504288, 1347563.910825311439112 ], [ 326907.008391690906137, 1347564.088471883442253 ], [ 326906.934174522175454, 1347551.42905593640171 ], [ 326906.468482366472017, 1347471.992058295756578 ], [ 326898.581104851095006, 1347472.038297038991004 ], [ 326876.164231780567206, 1347472.169724601553753 ], [ 326875.983620026847348, 1347441.365424108691514 ], [ 326846.094494075339753, 1347441.54068317101337 ], [ 326845.914474008721299, 1347410.841909676557407 ], [ 326815.61015278659761, 1347411.019630205119029 ], [ 326815.430104576167651, 1347380.320742848329246 ], [ 326747.80493672832381, 1347387.680346927605569 ], [ 326754.641281874966808, 1347349.977596538839862 ], [ 326719.358369378140196, 1347350.712064576335251 ], [ 326720.004839827830438, 1347319.375444569857791 ], [ 326663.962429405655712, 1347319.704347112216055 ], [ 326663.782236094935797, 1347289.005442495690659 ], [ 326627.258304698509164, 1347290.485922110266984 ], [ 326629.55830992385745, 1347257.979150819825009 ], [ 326602.993040755041875, 1347258.662455905694515 ], [ 326601.730153238866478, 1347043.559804050251842 ], [ 326571.425423327367753, 1347043.73772748070769 ], [ 326570.703823514922988, 1346920.836778204655275 ], [ 326601.008679643913638, 1346920.658870016923174 ], [ 326600.467463134380523, 1346828.456958838971332 ], [ 326630.772410207660869, 1346828.279093205928802 ], [ 326630.411476820299868, 1346766.776096788933501 ], [ 326656.56511128047714, 1346766.622627917444333 ], [ 326660.360579330706969, 1346705.938971963711083 ], [ 326690.246142267482355, 1346705.025239620124921 ], [ 326690.06544264475815, 1346674.220930555835366 ], [ 326716.631229992141016, 1346673.537660167086869 ], [ 326720.079124808544293, 1346624.355385622940958 ], [ 326718.929051248764154, 1346428.24182593380101 ], [ 326749.234393531340174, 1346428.064133858773857 ], [ 326748.523769305611495, 1346306.851361252367496 ], [ 326755.806543804239482, 1346274.420862837228924 ], [ 326808.944897771230899, 1346274.109415359562263 ], [ 326808.764999919105321, 1346243.410659678978845 ], [ 326839.070520119334105, 1346243.233083762926981 ], [ 326838.890657171257772, 1346212.534221824724227 ], [ 326868.781027857796289, 1346212.359112867619842 ], [ 326868.600582509592641, 1346181.554835779359564 ], [ 326898.906158382771537, 1346181.377329265000299 ], [ 326898.726367413182743, 1346150.678697272902355 ], [ 326959.33757091849111, 1346150.323785160202533 ], [ 326959.157845061039552, 1346119.624829451320693 ], [ 326989.463472675415687, 1346119.447423851117492 ], [ 326989.283165966568049, 1346088.643163727130741 ], [ 327019.173642721842043, 1346088.468222759431228 ], [ 327018.814338980009779, 1346027.070771791040897 ], [ 327049.120053791673854, 1346026.893439378822222 ], [ 327048.940440128790215, 1345996.194829143118113 ], [ 327068.037194939155597, 1345996.083103885408491 ], [ 327079.246182695962489, 1345996.017531629884616 ], [ 327079.104246549424715, 1345971.753821147140115 ], [ 327078.886410600272939, 1345934.514348063617945 ], [ 327096.322588600101881, 1345934.412359963404015 ], [ 327109.192212534602731, 1345934.337089257081971 ], [ 327109.027481743542012, 1345906.170433154329658 ], [ 327108.29394051246345, 1345780.7381178913638 ], [ 327138.59989631222561, 1345780.560909177642316 ], [ 327138.419791822554544, 1345749.756674350472167 ], [ 327168.725775463506579, 1345749.579500541556627 ], [ 327168.546322873444296, 1345718.880689373472705 ], [ 327194.700606939848512, 1345718.727815503021702 ], [ 327198.389059503911994, 1345710.477519725682214 ], [ 327197.898295506893191, 1345626.504360116785392 ], [ 327228.204397822031751, 1345626.327263262821361 ], [ 327228.025024588103406, 1345595.628572544082999 ], [ 327250.858255557715893, 1345595.495167709421366 ], [ 327258.236863224708941, 1345579.310969770653173 ], [ 327257.972483272023965, 1345534.054138430161402 ], [ 327279.145232276001479, 1345533.930461752461269 ], [ 327288.278672580665443, 1345533.877115140436217 ], [ 327288.160987586132251, 1345513.727658927440643 ], [ 327287.919463331927545, 1345472.374112355289981 ], [ 327307.016537048271857, 1345472.262584275798872 ], [ 327318.225494330574293, 1345472.197129024658352 ], [ 327318.085660548123997, 1345448.250150257023051 ], [ 327317.866364999208599, 1345410.694246745435521 ], [ 327335.302834142115898, 1345410.592438665451482 ], [ 327347.757702982751653, 1345410.519723456352949 ], [ 327347.600038555159699, 1345383.513268407667056 ], [ 327347.399268117907923, 1345349.122380774701014 ], [ 327363.590205840126146, 1345349.027865381212905 ], [ 327377.705635392456315, 1345348.945473102619871 ], [ 327377.525224254815839, 1345318.03585740737617 ], [ 327376.809159658616409, 1345195.346504888264462 ], [ 327407.115463084657677, 1345195.169648538110778 ], [ 327426.089968517655507, 1345102.854186076903716 ], [ 327434.912528372951783, 1344764.789234946714714 ], [ 327406.687707536970265, 1344766.008975053206086 ], [ 327401.991870165045839, 1344672.776632462861016 ], [ 327373.760911887628026, 1344672.941315861186013 ], [ 327373.402118595433421, 1344611.438588907243684 ], [ 327343.094995027582627, 1344611.615405499003828 ], [ 327342.557663404499181, 1344519.51943664974533 ], [ 327312.665424244885799, 1344519.693851390155032 ], [ 327312.485674942261539, 1344488.889662718400359 ], [ 327282.17863559484249, 1344489.066524571739137 ], [ 327281.993933049554471, 1344457.418315556365997 ], [ 327281.462015362689272, 1344366.271768955281004 ], [ 327251.154628731543198, 1344366.448647973127663 ], [ 327250.795048363273963, 1344304.840261677047238 ], [ 327220.487594838719815, 1344305.017164145596325 ], [ 327220.308393890387379, 1344274.318276630016044 ], [ 327250.615878879965749, 1344274.141377955442294 ], [ 327249.762576130509842, 1344127.927085116039962 ], [ 327249.002315045334399, 1343997.642381532117724 ], [ 327279.31007965648314, 1343997.465548089705408 ], [ 327278.951275277184322, 1343935.962712851120159 ], [ 327309.25888149504317, 1343935.785919335205108 ], [ 327309.079823998035863, 1343905.087160634808242 ], [ 327338.972684440901503, 1343904.912820778321475 ], [ 327338.614644878543913, 1343843.515533776953816 ], [ 327368.92255567770917, 1343843.338812053669244 ], [ 327368.385005040210672, 1343751.137256873305887 ], [ 327398.692788902320899, 1343750.960578859318048 ], [ 327397.796905433759093, 1343597.256358365528286 ], [ 327428.105060703295749, 1343597.079729113262147 ], [ 327427.388920899480581, 1343474.179585328791291 ], [ 327457.697198324254714, 1343474.00300229806453 ], [ 327456.802426841226406, 1343320.404485628008842 ], [ 327487.110857842431869, 1343320.227952603017911 ], [ 327486.573890878178645, 1343228.026471947086975 ], [ 327516.467194590484723, 1343227.852399004856125 ], [ 327525.652303352952003, 1342951.290710970759392 ], [ 327544.820522176218219, 1342891.784324635518715 ], [ 327543.914322738070041, 1342736.075880047632381 ], [ 327575.886695008841343, 1342736.311855482170358 ], [ 327572.793283868464641, 1342490.099511823849753 ], [ 327603.101322445087135, 1342489.71225643879734 ], [ 327606.358488021418452, 1342121.614160903263837 ], [ 327631.267353311181068, 1342120.941890561720356 ], [ 327635.36733260017354, 1341969.107764827087522 ], [ 327660.268966169271152, 1341967.169624022208154 ], [ 327659.913962890161201, 1341906.088858874281868 ], [ 327658.483076273987535, 1341659.867175557417795 ], [ 327688.793179679254536, 1341659.691063577774912 ], [ 327687.900849583675154, 1341506.092644284246489 ], [ 327721.120140944549348, 1341506.321707542520016 ], [ 327717.140142796910368, 1341321.514340406749398 ], [ 327747.450584451085888, 1341321.338332107756287 ], [ 327749.340995497535914, 1341289.361714508850127 ], [ 327750.591527107928414, 1341075.617626630933955 ], [ 327776.334205744904466, 1341075.36277562007308 ], [ 327774.729498994769529, 1340798.864813074702397 ], [ 327796.736089757410809, 1340798.737114908639342 ], [ 327805.040467239217833, 1340798.688931142212823 ], [ 327804.231338164245244, 1340659.226618155837059 ], [ 327803.614450141147245, 1340552.889570023631677 ], [ 327769.150394052499905, 1340552.983873413410038 ], [ 327770.223418476176448, 1340380.0684481295757 ], [ 327766.531056980660651, 1339385.36037615686655 ], [ 327736.218640685547143, 1339385.536114820512012 ], [ 327734.971565939602442, 1339170.435405358672142 ], [ 327709.649845575448126, 1339171.953805209603161 ], [ 327704.124956011772156, 1339078.515517687657848 ], [ 327673.812218565726653, 1339078.691280376398936 ], [ 327672.387002191040665, 1338832.892162722768262 ], [ 327642.07339745486388, 1338832.962286122841761 ], [ 327637.983187010686379, 1338127.423713195836172 ], [ 327635.661983526078984, 1337726.866015897598118 ], [ 327602.027661546948366, 1337727.377512949518859 ], [ 327601.254119520715903, 1337665.560818382073194 ], [ 327575.092558591102716, 1337665.712435020599514 ], [ 327573.622227456537075, 1337412.001288946252316 ], [ 327572.243850573315285, 1337174.114139807177708 ], [ 327541.894921721250284, 1337168.382257016375661 ], [ 327539.97077022085432, 1336836.289850918343291 ], [ 327509.655725695891306, 1336836.465490982169285 ], [ 327509.121500485576689, 1336744.264502601930872 ], [ 327478.80635825288482, 1336744.440162179991603 ], [ 327475.960342224454507, 1336468.266195767559111 ], [ 327447.304112964891829, 1336468.115640420932323 ], [ 327447.42137587745674, 1336345.000403137877584 ], [ 327416.276412664155941, 1336345.391835359623656 ], [ 327415.919997335178778, 1336283.889438859885558 ], [ 327385.604374189279042, 1336284.065133755793795 ], [ 327385.24791108048521, 1336222.562510665971786 ], [ 327354.932221521390602, 1336222.738228849601001 ], [ 327354.041896300041117, 1336069.140121802920476 ], [ 327323.726264239288867, 1336069.315850623650476 ], [ 327323.191778696258552, 1335977.114725841907784 ], [ 327292.875831239041872, 1335977.290475408546627 ], [ 327291.4508739230223, 1335731.491562228417024 ], [ 327261.549777862499468, 1335731.664905606769025 ], [ 327263.659322319203056, 1335594.084734594682232 ], [ 327264.865539524471387, 1335515.588136998005211 ], [ 327241.61278799327556, 1335516.35602015000768 ], [ 327229.98657411406748, 1335516.739801710937172 ], [ 327228.475762701476924, 1335471.068688212428242 ], [ 327223.762047573865857, 1335302.723017807817087 ], [ 327198.422910690424033, 1335301.81503625633195 ], [ 327197.819243503734469, 1335197.693199140951037 ], [ 327196.462844632100314, 1334963.709377617575228 ], [ 327166.145849507069215, 1334963.885124798398465 ], [ 327165.612555761937983, 1334871.895062644733116 ], [ 327135.294850733771455, 1334871.965189445763826 ], [ 327134.938871832331643, 1334810.568197489250451 ], [ 327105.037049349048175, 1334810.741578909801319 ], [ 327104.324404803977814, 1334687.842057548696175 ], [ 327074.007117163680959, 1334688.017862665466964 ], [ 327073.650449978886172, 1334626.515222512651235 ], [ 327043.333095972542651, 1334626.691050868015736 ], [ 327042.976994451251812, 1334565.293934616493061 ], [ 327012.659574207093101, 1334565.469786220230162 ], [ 327012.12474861118244, 1334473.268962575122714 ], [ 326981.807230785489082, 1334473.444833608111367 ], [ 326981.094262619153596, 1334350.545054964721203 ], [ 326957.829559797537513, 1334349.414180714637041 ], [ 326950.471811601193622, 1334298.185284622944891 ], [ 326949.528707817429677, 1334135.620328886667266 ], [ 326919.626184694003314, 1334135.793809865601361 ], [ 326919.269351225113496, 1334074.291152067715302 ], [ 326888.95141572819557, 1334074.467065705219284 ], [ 326888.595148247724865, 1334013.069931820267811 ], [ 326855.790677962533664, 1334014.209762915968895 ], [ 326857.742071761516854, 1333921.045018548844382 ], [ 326824.5221465973882, 1333922.187170874793082 ], [ 326827.067620534508023, 1333859.823831347050145 ], [ 326800.064471896272153, 1333858.714505108306184 ], [ 326786.840023628494237, 1333798.552582881646231 ], [ 326766.230497644806746, 1333754.047089155763388 ], [ 326765.597873181453906, 1333645.072479617549106 ], [ 326732.792983190855011, 1333646.212394509697333 ], [ 326734.565955077414401, 1333522.348875708179548 ], [ 326704.247434605611488, 1333522.524905347032472 ], [ 326703.890326232183725, 1333461.022216818062589 ], [ 326670.670483271998819, 1333462.270115251885727 ], [ 326664.672248324030079, 1333430.655811280943453 ], [ 326653.694339289853815, 1333399.809046983253211 ], [ 326642.717635985696688, 1333369.173121857689694 ], [ 326631.919217471266165, 1333369.235839851200581 ], [ 326612.398947933106683, 1333369.349224900826812 ], [ 326612.220625666785054, 1333338.650802360381931 ], [ 326582.317260442010593, 1333338.824519278714433 ], [ 326581.6884568099631, 1333230.588229524902999 ], [ 326581.465998161002062, 1333192.294236284913495 ], [ 326551.106056105927564, 1333185.40234441915527 ], [ 326550.570372703194153, 1333093.201093989657238 ], [ 326520.25139230361674, 1333093.377254738239571 ], [ 326519.894024518784136, 1333031.874757534591481 ], [ 326489.574977852578741, 1333032.050941460765898 ], [ 326489.218788388709072, 1332970.759165780618787 ], [ 326458.899675627588294, 1332970.935372908599675 ], [ 326458.541601285338402, 1332909.327224938897416 ], [ 326428.637786198523827, 1332909.501040713628754 ], [ 326428.280280466598924, 1332847.998527463292703 ], [ 326397.961035086656921, 1332848.174780498724431 ], [ 326397.782562853361014, 1332817.476119689876214 ], [ 326367.463282502198126, 1332817.652399723418057 ], [ 326367.106288434704766, 1332756.255182745866477 ], [ 326336.786941932281479, 1332756.431485957698897 ], [ 326336.429289299063385, 1332694.928955390583724 ], [ 326306.109876501606777, 1332695.105281765107065 ], [ 326305.931332236563321, 1332664.406833531800658 ], [ 326275.611884468817152, 1332664.583186898846179 ], [ 326274.897005496663041, 1332541.683191177435219 ], [ 326242.91912827314809, 1332542.396651208167896 ], [ 326244.635016215906944, 1332480.35459813522175 ], [ 326221.376126031624153, 1332480.489909420954064 ], [ 326214.164996843901463, 1332454.685009025968611 ], [ 326183.817085661343299, 1332450.008731433656067 ], [ 326183.873959772812668, 1332388.398116901051253 ], [ 326153.140071729663759, 1332388.787923992611468 ], [ 326155.682165710953996, 1332326.002419443801045 ], [ 326122.462332549039274, 1332327.461826043901965 ], [ 326127.489763984340243, 1332263.501316463807598 ], [ 326092.19985319825355, 1332266.133106575813144 ], [ 326092.021147646009922, 1332235.434528946410865 ], [ 326061.701236456749029, 1332235.611043556127697 ], [ 326061.522503132815473, 1332204.91235207603313 ], [ 326031.202556958654895, 1332205.088893663138151 ], [ 326031.023797796340659, 1332174.390420126030222 ], [ 326000.704034417401999, 1332174.566987421130762 ], [ 326000.345849394798279, 1332113.06417302088812 ], [ 325970.025801999843679, 1332113.24076471850276 ], [ 325969.668185460264795, 1332051.843474452849478 ], [ 325939.348071936983615, 1332052.020089295692742 ], [ 325938.632149456068873, 1331929.120191894937307 ], [ 325908.726671737385914, 1331929.188983272528276 ], [ 325908.368980778323021, 1331867.791795160854235 ], [ 325867.648238714667968, 1331865.18042955105193 ], [ 325877.869801236665808, 1331837.269740539602935 ], [ 325845.89336198894307, 1331838.405538317980245 ], [ 325847.36994527420029, 1331806.642290632473305 ], [ 325818.655534014455043, 1331797.314969655824825 ], [ 325816.51280476473039, 1331714.72318852529861 ], [ 325782.467132455436513, 1331717.136941663920879 ], [ 325785.654894262610469, 1331622.698459077393636 ], [ 325755.749704306654166, 1331622.872783025726676 ], [ 325755.391167976660654, 1331561.369927766732872 ], [ 325725.070528680924326, 1331561.546695975353941 ], [ 325724.891544016310945, 1331530.848196073202416 ], [ 325694.570869794173632, 1331531.024991237092763 ], [ 325694.212233039550483, 1331469.522123961243778 ], [ 325663.891492553811986, 1331469.698942231945693 ], [ 325663.354398467577994, 1331377.603094456950203 ], [ 325633.033560688607395, 1331377.779932010453194 ], [ 325632.316752074460965, 1331254.879931143252179 ], [ 325601.995785734732635, 1331255.056784127140418 ], [ 325601.637035088147968, 1331193.553903978085145 ], [ 325571.731391980836634, 1331193.728356699226424 ], [ 325571.552300782990642, 1331163.02984442259185 ], [ 325541.231233339232858, 1331163.206747025484219 ], [ 325540.693272402510047, 1331071.005229924572632 ], [ 325510.372107557021081, 1331071.18215178209357 ], [ 325509.834090412128717, 1330978.9807388484478 ], [ 325479.512828190228902, 1330979.157679956173524 ], [ 325479.333670108637307, 1330948.458828247152269 ], [ 325449.012372937053442, 1330948.63579629175365 ], [ 325448.653393965912983, 1330887.13311028550379 ], [ 325418.747424568864517, 1330887.307676477823406 ], [ 325418.389015760854818, 1330825.910404233727604 ], [ 325388.067586323770229, 1330826.087418033741415 ], [ 325387.529293480794877, 1330733.885862007504329 ], [ 325357.20776668045437, 1330734.062895044218749 ], [ 325356.848658522590995, 1330672.560193931683898 ], [ 325326.527065536705777, 1330672.737250042380765 ], [ 325326.347793547902256, 1330642.038495431886986 ], [ 325296.026165596558712, 1330642.215578469913453 ], [ 325295.847482883720659, 1330611.622350302292034 ], [ 325230.647428361116908, 1330614.113228113623336 ], [ 325235.080262815230526, 1330519.667263766052201 ], [ 325204.758498822688125, 1330519.844423297094181 ], [ 325204.219151921919547, 1330427.53728529298678 ], [ 325173.89729047648143, 1330427.714464028831571 ], [ 325173.53912324947305, 1330366.422677034046501 ], [ 325143.217195841716602, 1330366.599878855748102 ], [ 325142.678339761216193, 1330274.398255944717675 ], [ 325112.356314997246955, 1330274.575476976577193 ], [ 325111.99682989041321, 1330213.072510019643232 ], [ 325082.090142881788779, 1330213.247325703967363 ], [ 325081.731230158242397, 1330151.849993801908568 ], [ 325051.409073174931109, 1330152.027260529343039 ], [ 325050.510473279864527, 1329998.322861757595092 ], [ 325020.188156590797007, 1329998.500139974290505 ], [ 325020.008664523484185, 1329967.80146998539567 ], [ 324989.686312898295, 1329967.978775107301772 ], [ 324989.147150717675686, 1329875.777227118844166 ], [ 324958.82470177905634, 1329875.954551431816071 ], [ 324958.105955937295221, 1329753.054101922083646 ], [ 324927.783378588675987, 1329753.231441570911556 ], [ 324927.424277162412181, 1329691.834088013041764 ], [ 324897.517045245855115, 1329692.009020683122799 ], [ 324897.157281473628245, 1329630.506131917005405 ], [ 324866.834571916493587, 1329630.683517221594229 ], [ 324866.47537955379812, 1329569.286152879940346 ], [ 324836.152603936498053, 1329569.463561226148158 ], [ 324835.972365301684476, 1329538.659346154658124 ], [ 324805.649772425647825, 1329538.836780104786158 ], [ 324805.110840098233894, 1329446.740716349799186 ], [ 324774.787823382066563, 1329446.918171393917874 ], [ 324774.067944555776194, 1329323.91235232539475 ], [ 324744.16021623526467, 1329324.087391174864024 ], [ 324743.463124433532357, 1329204.98484454723075 ], [ 324713.117949513718486, 1329201.364357885206118 ], [ 324714.001514955656603, 1329139.432249046396464 ], [ 324682.435330024105497, 1329140.144367786357179 ], [ 324685.8037466785172, 1329076.931856671115384 ], [ 324651.751873152912594, 1329078.819087178213522 ], [ 324651.57213055389002, 1329048.120277267647907 ], [ 324621.248798750224523, 1329048.297834765398875 ], [ 324621.06903042527847, 1329017.599242794793099 ], [ 324590.745663696725387, 1329017.776827167952433 ], [ 324590.205669321469031, 1328925.575070605846122 ], [ 324560.297737002954818, 1328925.750240159686655 ], [ 324559.757688049750868, 1328833.548587846104056 ], [ 324529.43412686540978, 1328833.726210080320016 ], [ 324528.771050050505437, 1328720.531169435940683 ], [ 324498.390402088291012, 1328711.003480844432488 ], [ 324498.067172101407778, 1328655.830002722796053 ], [ 324467.706335839873645, 1328649.6780776954256 ], [ 324475.015243870555423, 1328620.939850077033043 ], [ 324437.202674461412244, 1328619.157050510635599 ], [ 324437.022776006662752, 1328588.458222032524645 ], [ 324407.114487108308822, 1328588.633500778349116 ], [ 324406.754024595604278, 1328527.130639771465212 ], [ 324376.430024126078933, 1328527.308377198409289 ], [ 324375.890193294675555, 1328435.211986096575856 ], [ 324345.566204587346874, 1328435.389742016559467 ], [ 324345.205658545251936, 1328373.886871110182256 ], [ 324314.881603714369703, 1328374.064650008222088 ], [ 324314.52101052791113, 1328312.561552388127893 ], [ 324284.196889594662935, 1328312.739354261895642 ], [ 324284.01687774801394, 1328282.040622728411108 ], [ 324253.692721879458986, 1328282.218451454071328 ], [ 324253.332648297888227, 1328220.820982363307849 ], [ 324223.423859565285966, 1328220.996397348353639 ], [ 324223.063122096238658, 1328159.493392816511914 ], [ 324192.738834151416086, 1328159.671267073601484 ], [ 324192.378669892787002, 1328098.273787120357156 ], [ 324162.054315940244123, 1328098.451684355968609 ], [ 324161.513387303217314, 1328006.249816296156496 ], [ 324131.188936146907508, 1328006.427732625277713 ], [ 324131.008809667779133, 1327975.728876797715202 ], [ 324100.683704966795631, 1327975.801400494063273 ], [ 324100.50355151691474, 1327945.102541358675808 ], [ 324070.594467647373676, 1327945.278073012595996 ], [ 324070.053322542633396, 1327853.07628928613849 ], [ 324039.728704340755939, 1327853.25427794829011 ], [ 324039.368311575148255, 1327791.856659967219457 ], [ 324009.04362734692404, 1327792.034671594854444 ], [ 324008.863407013239339, 1327761.33602548437193 ], [ 323978.538687874097377, 1327761.514063946437091 ], [ 323978.177575813606381, 1327700.010903723072261 ], [ 323947.852790573728271, 1327700.188965132459998 ], [ 323947.492252408876084, 1327638.791329513303936 ], [ 323917.167401176644489, 1327638.969413880258799 ], [ 323916.806198827922344, 1327577.466463829856366 ], [ 323886.896724194055423, 1327577.64213091135025 ], [ 323886.535476927529089, 1327516.139175468822941 ], [ 323856.210493555874564, 1327516.317305295495316 ], [ 323855.849819136841688, 1327454.919653252931312 ], [ 323825.524769778887276, 1327455.097806029254571 ], [ 323825.344407333584968, 1327424.398921656655148 ], [ 323795.019323068787344, 1327424.577101256232709 ], [ 323794.838314210646786, 1327393.772793994983658 ], [ 323764.513194932136685, 1327393.951000403147191 ], [ 323764.332779872347601, 1327363.252330624032766 ], [ 323704.097913663019426, 1327363.606385407270864 ], [ 323703.917439040378667, 1327332.907376657472923 ], [ 323643.267049465153832, 1327333.263988004298881 ], [ 323643.086518758209422, 1327302.565303880721331 ], [ 323612.761287146480754, 1327302.743651719065383 ], [ 323612.580108150548767, 1327271.939323432277888 ], [ 323582.255059311166406, 1327272.117696791887283 ], [ 323582.07447340269573, 1327241.418784798588604 ], [ 323552.164402019639965, 1327241.59474327834323 ], [ 323551.802562363620382, 1327180.091714884154499 ], [ 323521.477194793988019, 1327180.270138834835961 ], [ 323521.296558884263504, 1327149.571110199438408 ], [ 323490.971374223823659, 1327149.749559679068625 ], [ 323490.610055224737152, 1327088.351938782958314 ], [ 323460.284586769761518, 1327088.530412469757721 ], [ 323460.103281266521662, 1327057.726068655494601 ], [ 323459.379963915445842, 1326934.825289986329153 ], [ 323429.054336069035344, 1326935.003774914424866 ], [ 323428.33096039481461, 1326812.102989616803825 ], [ 323398.420658510061912, 1326812.279044071212411 ], [ 323398.059244708507322, 1326750.881412264890969 ], [ 323367.733422745717689, 1326751.05993481958285 ], [ 323367.371341395599302, 1326689.55665653408505 ], [ 323337.045453363680281, 1326689.735201986273751 ], [ 323336.864698783494532, 1326659.036380276782438 ], [ 323306.538775869761594, 1326659.214952524751425 ], [ 323306.176594876102172, 1326597.711662014713511 ], [ 323275.850605877349153, 1326597.890257155289873 ], [ 323275.669802216929384, 1326567.191539984662086 ], [ 323245.343778318492696, 1326567.370161917991936 ], [ 323244.982119303022046, 1326505.972389569506049 ], [ 323215.070866477093659, 1326506.043056417023763 ], [ 323214.70916273171315, 1326444.6452786331065 ], [ 323184.383006867603399, 1326444.823945933021605 ], [ 323184.020637062028982, 1326383.320853436365724 ], [ 323153.694415138859767, 1326383.499543618876487 ], [ 323153.332620220142417, 1326322.101754742208868 ], [ 323123.00633236579597, 1326322.2804678180255 ], [ 323122.462956867530011, 1326230.078412528382614 ], [ 323092.136571888113394, 1326230.257144588977098 ], [ 323091.955631244112737, 1326199.558300193632022 ], [ 323062.04467462899629, 1326199.734609882347286 ], [ 323061.682121757650748, 1326138.231274018529803 ], [ 323031.355635884334333, 1326138.410055311163887 ], [ 323031.174646624189336, 1326107.711315497756004 ], [ 323000.848125856136903, 1326107.890123567311093 ], [ 323000.485473434615415, 1326046.386775458231568 ], [ 322970.158886618388351, 1326046.565606394782662 ], [ 322969.434130726964213, 1325923.664653012296185 ], [ 322939.107415776816197, 1325923.843499021371827 ], [ 322938.56426457548514, 1325831.746704753721133 ], [ 322908.652921300206799, 1325831.923119133338332 ], [ 322906.870486628031358, 1325600.154435945209116 ], [ 322906.606080446275882, 1325555.319364961469546 ], [ 322876.694457532721572, 1325555.495774949667975 ], [ 322869.450894634588622, 1325524.83835035120137 ], [ 322846.186259851092473, 1325524.975581297418103 ], [ 322845.987121003330685, 1325491.217551447218284 ], [ 322845.642370750079863, 1325432.773464653640985 ], [ 322809.120917274383828, 1325439.318752889987081 ], [ 322814.213829691288993, 1325316.699932642281055 ], [ 322807.943027354369406, 1325310.090596789261326 ], [ 322784.26274381467374, 1325310.230304861441255 ], [ 322784.117718737572432, 1325285.65021613240242 ], [ 322783.899872500798665, 1325248.726931285113096 ], [ 322753.572451094049029, 1325248.905874991090968 ], [ 322753.391302916570567, 1325218.207116316771135 ], [ 322723.479324049549177, 1325218.383634723722935 ], [ 322723.298147449211683, 1325187.684540912508965 ], [ 322692.97065633314196, 1325187.863537700148299 ], [ 322692.789454803045373, 1325157.164772391552106 ], [ 322662.461928786709905, 1325157.343795927939937 ], [ 322662.098852467199322, 1325095.840618040412664 ], [ 322631.771260438603349, 1325096.019664407940581 ], [ 322631.590007984312251, 1325065.320671730209142 ], [ 322601.262381075299345, 1325065.499744842993096 ], [ 322601.08110239089001, 1325034.800859448034316 ], [ 322571.168297605239786, 1325034.871974915498868 ], [ 322570.571511805290356, 1325004.175539978779852 ], [ 322540.659295753925107, 1325004.352212374797091 ], [ 322540.477963092853315, 1324973.653209731215611 ], [ 322510.150231517618522, 1324973.832362638087943 ], [ 322509.968873284175061, 1324943.133577864384279 ], [ 322479.641106800467242, 1324943.312757511856034 ], [ 322479.459097510785796, 1324912.508328161900863 ], [ 322449.131296040141024, 1324912.687534534139559 ], [ 322448.949882759712636, 1324881.988521825056523 ], [ 322388.709688915754668, 1324882.344562620390207 ], [ 322388.346752215526067, 1324820.946633977117017 ], [ 322327.690936255501583, 1324821.305236941901967 ], [ 322327.508788415580057, 1324790.500790274003521 ], [ 322297.181061322859023, 1324790.680132508976385 ], [ 322296.999511281144805, 1324759.981323786079884 ], [ 322206.430827240401413, 1324760.517069397028536 ], [ 322206.249187413020991, 1324729.818028300767764 ], [ 322055.024740264983848, 1324730.713162256870419 ], [ 322054.842950587975793, 1324700.014212826965377 ], [ 321933.530010794347618, 1324700.627182099735364 ], [ 321933.348101879586466, 1324669.928328157868236 ], [ 321873.107346093747765, 1324670.285346683580428 ], [ 321872.925378419924527, 1324639.586264285026118 ], [ 321842.597220459079836, 1324639.766046574572101 ], [ 321842.415227240649983, 1324609.067182078259066 ], [ 321812.087034392287023, 1324609.246991085587069 ], [ 321811.904387955437414, 1324578.442481694277376 ], [ 321721.335180957219563, 1324578.9796159977559 ], [ 321721.153070476080757, 1324548.280405074823648 ], [ 321241.71680293569807, 1324551.128256993601099 ], [ 321206.818413880304433, 1324551.335852174786851 ], [ 321206.769461201387458, 1324543.1072985494975 ], [ 321206.635783601203002, 1324520.636907077627257 ], [ 321176.307416339754127, 1324520.817346009425819 ], [ 321176.124757905956358, 1324490.118176264222711 ], [ 321085.139757515280508, 1324490.659663777099922 ], [ 321079.505974329891615, 1324521.393471977906302 ], [ 320510.744533593766391, 1324524.784826934337616 ], [ 320510.561194598558359, 1324494.085570656461641 ], [ 320419.575719879474491, 1324494.629076471086591 ], [ 320419.759151911130175, 1324525.328344603069127 ], [ 320238.619266237947159, 1324526.411236856831238 ], [ 320238.435648982820567, 1324495.71194510627538 ], [ 320086.792996296542697, 1324496.619315799092874 ], [ 320086.608598453516606, 1324465.814805029658601 ], [ 319935.381185347039718, 1324466.720432550413534 ], [ 319935.19726681325119, 1324436.021102369762957 ], [ 319874.955508563260082, 1324436.382064749486744 ], [ 319874.771533299528528, 1324405.682837881147861 ], [ 319783.78575124614872, 1324406.228231781395152 ], [ 319783.969819540681783, 1324436.927470545982942 ], [ 319753.64117608719971, 1324437.109334186185151 ], [ 319753.825280262622982, 1324467.808688103454188 ], [ 319421.041272400529124, 1324469.806261118035764 ], [ 319421.226353138044942, 1324500.610859245294705 ], [ 319391.313218362512998, 1324500.790600826498121 ], [ 319391.497701845131814, 1324531.490003347396851 ], [ 319361.169100693310611, 1324531.672275942517444 ], [ 319362.205311083584093, 1324565.847917440114543 ], [ 319300.696466014604084, 1324562.736106782220304 ], [ 319300.511886605876498, 1324532.036913048941642 ], [ 319270.183273688307963, 1324532.219277560478076 ], [ 319269.99866615398787, 1324501.519859133753926 ], [ 319209.756860301597044, 1324501.882172782439739 ], [ 319209.571562587399967, 1324471.077546831220388 ], [ 319148.914185043948237, 1324471.442473539151251 ], [ 319148.799287984264083, 1324452.347585347015411 ], [ 319148.729462339775637, 1324440.743040363304317 ], [ 319058.158768472261727, 1324441.288146944716573 ], [ 319057.967607072554529, 1324409.533823867561296 ], [ 319028.078469676431268, 1324413.722697349265218 ], [ 319027.460351729416288, 1324380.071957963751629 ], [ 318966.802741023246199, 1324380.437227579532191 ], [ 318967.818632008100394, 1324411.131678459467366 ], [ 318906.745572141953744, 1324411.499580258037895 ], [ 318906.894942697021179, 1324436.291234006406739 ], [ 318755.312158993096091, 1324447.332839989336208 ], [ 318755.471837567340117, 1324473.812473167199641 ], [ 318603.815553449909203, 1324472.617440100992098 ], [ 318604.429701401561033, 1324505.529510147171095 ], [ 318453.201485724304803, 1324506.44262440293096 ], [ 318453.386928491177969, 1324537.142150199040771 ], [ 318302.158769299741834, 1324538.056046160170808 ], [ 318302.363505175744649, 1324571.920459927292541 ], [ 318302.529976173886098, 1324599.455028651049361 ], [ 318272.201295561506413, 1324599.638409730745479 ], [ 318272.758867921424098, 1324691.842266156803817 ], [ 318000.632389835896902, 1324693.489150075940415 ], [ 318000.818320696940646, 1324724.188517816830426 ], [ 317970.490364785422571, 1324724.477863730397075 ], [ 317970.676331597729586, 1324755.177346635377035 ], [ 317940.347762891673483, 1324755.361083985306323 ], [ 317940.719771302537993, 1324816.760059482650831 ], [ 317910.806752581556793, 1324816.941317606251687 ], [ 317910.99343330017291, 1324847.746342795435339 ], [ 317668.793111249164212, 1324851.219731032149866 ], [ 317668.594017785973847, 1324818.410104326438159 ], [ 317638.265471613267437, 1324818.59415530716069 ], [ 317638.07915660191793, 1324787.894737914670259 ], [ 317607.750575443846174, 1324788.078815527725965 ], [ 317607.564232326578349, 1324757.379173423396423 ], [ 317396.094823372550309, 1324758.663496867055073 ], [ 317396.281382778834086, 1324789.363166977884248 ], [ 317305.295641393633559, 1324789.916224058018997 ], [ 317305.108988927560858, 1324759.216541887260973 ], [ 317274.780333227710798, 1324759.400951737305149 ], [ 317274.967016713751946, 1324790.100637929048389 ], [ 317245.053772622835822, 1324790.28255606465973 ], [ 317244.867058541742153, 1324759.582865905715153 ], [ 317153.881164684076793, 1324760.136369337327778 ], [ 317153.694362483918667, 1324729.436778294388205 ], [ 317123.365013013593853, 1324729.515693310182542 ], [ 317123.178184750664514, 1324698.816209400305524 ], [ 316518.264579497510567, 1324702.503588633844629 ], [ 316518.452026434242725, 1324733.203152955276892 ], [ 316427.881785389850847, 1324733.861951987957582 ], [ 316427.653834517986979, 1324764.564177825348452 ], [ 316185.85454689420294, 1324766.042324253590778 ], [ 316186.076548304641619, 1324802.333546801237389 ], [ 316155.747135824407451, 1324802.413448294624686 ], [ 316155.52574410662055, 1324766.227865034947172 ], [ 316125.197155163623393, 1324766.413435128517449 ], [ 316126.24871141044423, 1324802.48851653188467 ], [ 315943.827771767799277, 1324798.224825590383261 ], [ 315944.01581969554536, 1324828.924468236509711 ], [ 315853.444985217705835, 1324829.479394697351381 ], [ 315853.633777538198046, 1324860.284694219939411 ], [ 315823.305024024914019, 1324860.470583437010646 ], [ 315823.11620057548862, 1324829.665279847336933 ], [ 315792.78741192718735, 1324829.851195644354448 ], [ 315792.976266505662352, 1324860.656503301812336 ], [ 315732.734234877047129, 1324861.025886879302561 ], [ 315732.545318467076868, 1324830.22057113959454 ], [ 315641.558904613542836, 1324830.778685037046671 ], [ 315641.370547320460901, 1324800.079001959646121 ], [ 315611.041703684139065, 1324800.265097161754966 ], [ 315611.230091998935677, 1324830.964784296927974 ], [ 315520.659126244834624, 1324831.520714988000691 ], [ 315520.470645290042739, 1324800.821015730500221 ], [ 315399.57067950052442, 1324801.563516495050862 ], [ 315399.382077833288349, 1324770.863580345874652 ], [ 315348.28004659479484, 1324771.17755991476588 ], [ 315308.395345829718281, 1324771.422678701579571 ], [ 315308.07438158954028, 1324719.201351031195372 ], [ 315279.297049218090251, 1324701.442886116914451 ], [ 315277.310921257070731, 1324648.704210705589503 ], [ 315241.187481221742928, 1324652.513235178776085 ], [ 315247.019259600434452, 1324587.382657461799681 ], [ 315214.203202792094089, 1324588.534142561489716 ], [ 315206.945748648839071, 1324556.928139221156016 ], [ 315185.926371552748606, 1324517.072253769729286 ], [ 315185.416487048845738, 1324434.150947873247787 ], [ 315155.087210830533877, 1324434.337452658917755 ], [ 315154.708971652260516, 1324372.832106020534411 ], [ 315128.524602683261037, 1324371.410624490818009 ], [ 315114.030766681069508, 1324311.680252744583413 ], [ 315095.557265624403954, 1324280.459857130656019 ], [ 315063.569156926474534, 1324281.184103869600222 ], [ 315063.604334034898784, 1324219.359691191930324 ], [ 315002.532401646254584, 1324220.157499762019143 ], [ 315002.343481031246483, 1324189.457742639351636 ], [ 314972.013932434958406, 1324189.644398232456297 ], [ 314971.635390597220976, 1324128.139011624269187 ], [ 314941.305775856773835, 1324128.325689691118896 ], [ 314941.11680551856989, 1324097.625815440900624 ], [ 314911.202663258474786, 1324097.809962060069665 ], [ 314911.013665978331119, 1324067.109973712358624 ], [ 314880.68398123269435, 1324067.29670447576791 ], [ 314880.494308170047589, 1324036.491289243567735 ], [ 314850.164588287705556, 1324036.678046548739076 ], [ 314849.975539017817937, 1324005.978272424079478 ], [ 314819.646001953515224, 1324006.16505494271405 ], [ 314822.509091710206121, 1323931.346636496251449 ], [ 314818.321256551716942, 1323791.054780546110123 ], [ 314787.99128039192874, 1323791.241566472919658 ], [ 314788.180361377308145, 1323821.941344897961244 ], [ 314758.26570597034879, 1323822.125607272610068 ], [ 314758.64459423563676, 1323883.631039694417268 ], [ 314728.3149210109259, 1323883.817897357046604 ], [ 314728.504076558048837, 1323914.517685549566522 ], [ 314577.270226526656188, 1323915.449898103252053 ], [ 314577.080916398961563, 1323884.750089567853138 ], [ 314546.751001215539873, 1323884.937131915939972 ], [ 314546.182350926101208, 1323792.731831442331895 ], [ 314576.512359215528704, 1323792.544801353476942 ], [ 314575.826108663342893, 1323681.244261219864711 ], [ 314575.185443192138337, 1323577.328681506216526 ], [ 314544.855217609088868, 1323577.515682979021221 ], [ 314544.66657350375317, 1323546.921189327724278 ], [ 314514.336313000530936, 1323547.108217353234068 ], [ 314514.146991505753249, 1323516.408186050830409 ], [ 314453.486396411492024, 1323516.782325793523341 ], [ 314453.296366944094189, 1323485.97686337120831 ], [ 314423.381549139739946, 1323486.161411489360034 ], [ 314423.192145134264138, 1323455.461590342922136 ], [ 314359.641228294582106, 1323458.807807631557807 ], [ 314362.341938064433634, 1323425.135735967196524 ], [ 314329.120596114662476, 1323428.189532563090324 ], [ 314331.442423997155856, 1323333.117569625144824 ], [ 314301.111918150156271, 1323333.304782930994406 ], [ 314300.542759526637383, 1323241.099524979945272 ], [ 314330.873358441633172, 1323240.912323950091377 ], [ 314330.6838947974029, 1323210.212273710174486 ], [ 314300.353264896431938, 1323210.39947065198794 ], [ 314299.836247651372105, 1323126.633857549866661 ], [ 314269.457338100415654, 1323119.014307997655123 ], [ 314265.162424357549753, 1323096.357844558777288 ], [ 314269.07441920886049, 1323056.981322784675285 ], [ 314321.426186446915381, 1323056.65821739914827 ], [ 314360.0667739873752, 1323056.419793314067647 ], [ 314359.876716930768453, 1323025.61432694690302 ], [ 314450.453605414484628, 1323025.055647582747042 ], [ 314450.264297000947408, 1322994.355838753748685 ], [ 314631.833674380613957, 1322993.236763546708971 ], [ 314631.64455438987352, 1322962.536758464295417 ], [ 314661.975388072954956, 1322962.349930091993883 ], [ 314661.785653400351293, 1322931.544395636767149 ], [ 314722.447370883368421, 1322931.170838900143281 ], [ 314722.258353859069757, 1322900.471068408107385 ], [ 314752.589019696693867, 1322900.284341368824244 ], [ 314752.211059214489069, 1322838.884588961722329 ], [ 314661.218428073567338, 1322839.44484010594897 ], [ 314661.407498402055353, 1322870.144617642043158 ], [ 314600.745640901499428, 1322870.518280481919646 ], [ 314600.934778874623589, 1322901.21828798763454 ], [ 314389.449417393887416, 1322902.521974693750963 ], [ 314389.638774331891909, 1322933.221789978910238 ], [ 314328.977620173478499, 1322933.701663174200803 ], [ 314329.167044100002386, 1322964.401597799733281 ], [ 314298.836166125140153, 1322964.588762013008818 ], [ 314299.025626048445702, 1322995.288811911130324 ], [ 314264.955386106332298, 1322995.499092063400894 ], [ 314208.448584935395047, 1322995.847934845369309 ], [ 314204.483230578363873, 1323026.573431228054687 ], [ 314144.220794829016086, 1323024.308131520403549 ], [ 314147.78685469692573, 1322996.222546081058681 ], [ 314119.939135000458919, 1322994.811926263384521 ], [ 314117.086473557981662, 1322936.592431560624391 ], [ 314116.886409869708586, 1322904.204363111639395 ], [ 314086.970967173227109, 1322904.38916583918035 ], [ 314086.781304270261899, 1322873.689089077990502 ], [ 314050.656949798110873, 1322877.710555332479998 ], [ 314056.260612859856337, 1322843.176625972846523 ], [ 314026.354228126583621, 1322844.83840772905387 ], [ 313995.598532318428624, 1322843.551501483190805 ], [ 314000.369353690184653, 1322808.706197337945923 ], [ 313965.077056150650606, 1322812.933469405630603 ], [ 313967.657617350574583, 1322759.849865038413554 ], [ 313934.366370199655648, 1322751.720899596111849 ], [ 313934.277016007923521, 1322737.267672942951322 ], [ 313934.081351519678719, 1322705.617990950122476 ], [ 313933.796344685717486, 1322659.51541539747268 ], [ 313904.296162785787601, 1322659.697797307744622 ], [ 313873.549388986313716, 1322659.887916930019855 ], [ 313877.083329729619436, 1322626.632863332284614 ], [ 313843.028265611850657, 1322629.375503540737554 ], [ 313842.838394444028381, 1322598.675399060361087 ], [ 313778.020784374966752, 1322599.076342251850292 ], [ 313502.532145152101293, 1322598.566568745533004 ], [ 313465.970976937212981, 1322599.214944148669019 ], [ 313308.508334042853676, 1322601.984780687140301 ], [ 313056.427891240513418, 1322624.01700945966877 ], [ 312997.949365552456584, 1322641.577015721704811 ], [ 312991.842138223233633, 1322661.766131404554471 ], [ 312814.446682229463477, 1322666.455954475561157 ], [ 312814.255756863858551, 1322635.755820652702823 ], [ 312754.008442058227956, 1322636.130557156400755 ], [ 312753.810896463459358, 1322604.375398778356612 ], [ 312662.823065598029643, 1322605.996503262082115 ], [ 312662.631337716593407, 1322575.190815073670819 ], [ 312572.052347555407323, 1322575.754688807530329 ], [ 312571.861189079587348, 1322545.05463439761661 ], [ 312329.624452288437169, 1322546.563915400067344 ], [ 312329.8158581109019, 1322577.26400278462097 ], [ 312269.152757218223996, 1322577.642284469213337 ], [ 312269.344888270774391, 1322608.448026399128139 ], [ 312239.428678145341109, 1322608.634626580169424 ], [ 312239.620186618878506, 1322639.334948636824265 ], [ 312058.046885028597899, 1322640.468162897741422 ], [ 312057.855191140028182, 1322609.767816085135564 ], [ 311966.860516931512393, 1322610.33612065971829 ], [ 311966.668075941153802, 1322579.530337339267135 ], [ 311906.420411472441629, 1322579.906755140516907 ], [ 311906.228573319851421, 1322549.206610019318759 ], [ 311784.902003086870536, 1322549.96498780278489 ], [ 311784.710044056992047, 1322519.264605414820835 ], [ 311603.135415678261779, 1322520.400464525911957 ], [ 311603.32756011269521, 1322551.100871730595827 ], [ 311452.084668070252519, 1322552.047845523804426 ], [ 311452.276969953556545, 1322582.748052719747648 ], [ 311392.029167477739975, 1322583.125501313479617 ], [ 311392.222197270719334, 1322613.931363448500633 ], [ 311331.558905466808937, 1322614.311545661184937 ], [ 311331.751341024180874, 1322645.011991739505902 ], [ 311241.172000085411128, 1322645.579901108285412 ], [ 311241.364531852654181, 1322676.280249548377469 ], [ 311180.701323021552525, 1322676.660753562115133 ], [ 311180.893920451111626, 1322707.361000200966373 ], [ 311120.230974965903442, 1322707.741633574012667 ], [ 311120.424301760271192, 1322738.547535386867821 ], [ 311060.176500014902558, 1322738.92569364910014 ], [ 311060.369231145712547, 1322769.626179242506623 ], [ 310878.795717376284301, 1322770.76662015914917 ], [ 310878.988636968482751, 1322801.466909976210445 ], [ 310667.08339118747972, 1322802.799276940524578 ], [ 310666.697122193523683, 1322741.398418411845341 ], [ 310636.365503917739261, 1322741.58924366813153 ], [ 310636.55866787803825, 1322772.28978744498454 ], [ 310606.226967548835091, 1322772.480648160446435 ], [ 310606.420165515155531, 1322803.180975417839363 ], [ 310576.504243610426784, 1322803.369254126911983 ], [ 310576.69747864024248, 1322834.069917891640216 ], [ 310243.88140573259443, 1322836.166581901954487 ], [ 310243.687830783950631, 1322805.46587234036997 ], [ 309880.539152933517471, 1322807.757772817742079 ], [ 309880.345213618187699, 1322777.057345588458702 ], [ 309729.102454283856787, 1322778.013138565933332 ], [ 309729.29654806596227, 1322808.713586672907695 ], [ 309426.810593861155212, 1322810.627500070026144 ], [ 309426.61619114340283, 1322779.927010156447068 ], [ 309275.372905035445001, 1322780.885087399510667 ], [ 309274.762813878594898, 1322750.18698914675042 ], [ 308942.359310912375804, 1322752.295285890577361 ], [ 308942.554204961284995, 1322782.996063534170389 ], [ 308972.470486152684316, 1322782.806162312394008 ], [ 308972.628523216000758, 1322807.704410363687202 ], [ 309004.209708483132999, 1322807.925801075063646 ], [ 309003.580061366315931, 1322839.686770408181474 ], [ 308987.381587106152438, 1322840.739114887546748 ], [ 308822.897837229073048, 1322850.54057833738625 ], [ 308821.421911085024476, 1322814.467098342720419 ], [ 308730.842011406552047, 1322815.042637185193598 ], [ 308730.696513537201099, 1322792.149007745319977 ], [ 308706.983329579932615, 1322787.657464150339365 ], [ 308579.528617241536267, 1322805.032164520816877 ], [ 308549.266781002399512, 1322816.197175781242549 ], [ 308542.013921600067988, 1322786.490998990833759 ], [ 308505.830150473979302, 1322781.234835576964542 ], [ 308428.113823983003385, 1322779.091890566283837 ], [ 308427.964069964597002, 1322755.565119305858389 ], [ 308397.632145939278416, 1322755.758203489938751 ], [ 308397.776551457005553, 1322778.441124900244176 ], [ 308367.370752372371498, 1322767.029048726893961 ], [ 308246.388002143939957, 1322756.721436003688723 ], [ 308246.191730078076944, 1322725.915135827846825 ], [ 308124.863784718967509, 1322726.68837212654762 ], [ 308124.668066326528788, 1322695.987703283317387 ], [ 308003.755470543226693, 1322696.758761637611315 ], [ 308003.559632441203576, 1322666.057965833460912 ], [ 307761.733994766953401, 1322667.601507824845612 ], [ 307761.537913479085546, 1322636.900568251963705 ], [ 307579.960554653778672, 1322638.060804265318438 ], [ 307580.156821376411244, 1322668.761769185541198 ], [ 307428.911652598762885, 1322669.729048342676833 ], [ 307428.715231417445466, 1322639.028062290977687 ], [ 307398.383045834954828, 1322639.222137001808733 ], [ 307397.989481846569106, 1322577.714952487265691 ], [ 307339.408767312357668, 1322579.039383423281834 ], [ 307337.128691231133416, 1322547.402178185759112 ], [ 307276.879430559638422, 1322547.7878572717309 ], [ 307276.682197960733902, 1322516.981425422709435 ], [ 307246.350085198529996, 1322517.175634338287637 ], [ 307246.547348877589684, 1322547.982070445548743 ], [ 307216.215045193966944, 1322548.176315615652129 ], [ 307216.411669272405561, 1322578.877329677343369 ], [ 307186.0793923411984, 1322579.07160969520919 ], [ 307185.882737288018689, 1322548.370591388782486 ], [ 307155.550425188150257, 1322548.564897764241323 ], [ 307155.353068268042989, 1322517.758448879700154 ], [ 307127.521882103348617, 1322519.202926637139171 ], [ 307124.627310138312168, 1322456.550841379677877 ], [ 307090.97064257459715, 1322456.766498209442943 ], [ 307064.378024360863492, 1322456.936918400228024 ], [ 307063.787082162802108, 1322364.728615226922557 ], [ 307033.454567291366402, 1322364.923018075525761 ], [ 307033.263199407432694, 1322335.066061796154827 ], [ 307032.863571997033432, 1322272.714596503879875 ], [ 307002.530959914438426, 1322272.909017190337181 ], [ 307002.334165952750482, 1322242.208200193243101 ], [ 307032.666809002868831, 1322242.01378375524655 ], [ 307032.470049095107242, 1322211.312750301091 ], [ 307002.13737507793121, 1322211.507162490161136 ], [ 307001.798582259914838, 1322158.650977545185015 ], [ 306970.591465655830689, 1322152.098547417903319 ], [ 306971.016780867474154, 1322088.792347885435447 ], [ 306850.101081089233048, 1322089.567691436037421 ], [ 306849.903482139809057, 1322058.761208257405087 ], [ 306819.570627943612635, 1322058.955782305216417 ], [ 306819.373680196935311, 1322028.254943683976308 ], [ 306789.040790835861117, 1322028.449544070055708 ], [ 306789.237769545288756, 1322059.150386944646016 ], [ 306729.378089031262789, 1322055.6306757342536 ], [ 306728.790551512676757, 1322028.836169601650909 ], [ 306689.759475689730607, 1322033.412261603632942 ], [ 306668.124743498803582, 1322029.225583675317466 ], [ 306667.024607580155134, 1322052.021770906867459 ], [ 306638.829553633462638, 1322061.592839371412992 ], [ 306637.791833174182102, 1322029.420336598763242 ], [ 306607.874470871640369, 1322029.612451429013163 ], [ 306608.071634509600699, 1322060.313319722656161 ], [ 306547.405854867771268, 1322060.702986206160858 ], [ 306554.656750920810737, 1322089.776191595941782 ], [ 306456.739418979850598, 1322112.983444449258968 ], [ 306456.999816827534232, 1322153.496257098624483 ], [ 306487.332628378644586, 1322153.301303987158462 ], [ 306487.591637395380531, 1322193.603146948153153 ], [ 306487.925239794247318, 1322245.509948487160727 ], [ 306518.25795410113642, 1322245.315013174898922 ], [ 306518.455242273863405, 1322276.015898067969829 ], [ 306548.787921432522126, 1322275.820989092346281 ], [ 306549.183129654556978, 1322337.328621659427881 ], [ 306488.517891246301588, 1322337.718487275764346 ], [ 306488.912563311401755, 1322399.120601284783334 ], [ 306367.997831289074384, 1322399.898061057087034 ], [ 306367.800369182485156, 1322369.196931471582502 ], [ 306277.218070720555261, 1322369.779664170462638 ], [ 306277.020521358936094, 1322339.078633035765961 ], [ 306186.022544015082531, 1322339.664300996810198 ], [ 306185.824905554356519, 1322308.963146972702816 ], [ 306064.909635662043002, 1322309.741772153181955 ], [ 306065.107397577899974, 1322340.442943192785606 ], [ 305913.859700756962411, 1322341.417598013067618 ], [ 305914.057620915293228, 1322372.118680259678513 ], [ 305853.392267849063501, 1322372.509836203185841 ], [ 305853.590255194110796, 1322403.211038180859759 ], [ 305792.924947159073781, 1322403.6023250722792 ], [ 305793.321738045662642, 1322465.109954077051952 ], [ 305702.739478502830025, 1322465.694457568461075 ], [ 305702.937633903231472, 1322496.395682490197942 ], [ 305642.272469780640677, 1322496.78730024327524 ], [ 305642.470690951333381, 1322527.488423670409247 ], [ 305339.976022092858329, 1322529.443017013370991 ], [ 305339.777492026274558, 1322498.741850880440325 ], [ 305127.864537594781723, 1322500.1129232251551 ], [ 305127.665794963075314, 1322469.411617083474994 ], [ 305067.415957604651339, 1322469.801695798058063 ], [ 305068.033912053797394, 1322436.879575980827212 ], [ 304946.301761634531431, 1322439.883797926362604 ], [ 304948.133212227025069, 1322401.889388674870133 ], [ 304915.769381480873562, 1322409.273582901805639 ], [ 304913.531760446494445, 1322384.599420624785125 ], [ 304824.085516848834231, 1322368.192484848201275 ], [ 304793.630915380083025, 1322349.609680403023958 ], [ 304793.876136676641181, 1322323.336710295639932 ], [ 304751.04256204306148, 1322318.233642425155267 ], [ 304692.038968714186922, 1322318.616343994159251 ], [ 304400.759972089435905, 1322320.507295664865524 ], [ 304400.959433139651082, 1322351.208701961673796 ], [ 304340.293595285504125, 1322351.602901732549071 ], [ 304340.493122126325034, 1322382.304206550121307 ], [ 304310.160227777552791, 1322382.501356643624604 ], [ 304310.359790877380874, 1322413.202776953577995 ], [ 304280.442474830662832, 1322413.39726037136279 ], [ 304280.242881182522979, 1322382.695835812250152 ], [ 304249.909978378680535, 1322382.893046687124297 ], [ 304249.710359046701342, 1322352.19172900239937 ], [ 304219.3774210116826, 1322352.388966168044135 ], [ 304218.777811257867143, 1322260.179464522050694 ], [ 304188.444775975425728, 1322260.376719340449199 ], [ 304188.390570916351862, 1322252.041908095125109 ], [ 304188.012520485674031, 1322193.909751080209389 ], [ 304189.89385652821511, 1322163.722501908661798 ], [ 304066.961752374307252, 1322174.123309483751655 ], [ 304067.127890491625294, 1322199.655008645029739 ], [ 304006.461649047094397, 1322200.049836732912809 ], [ 304006.658746298402548, 1322230.329251235816628 ], [ 304006.862028901465237, 1322261.558185750618577 ], [ 303976.528963819262572, 1322261.755654335953295 ], [ 303976.728847010992467, 1322292.456898520002142 ], [ 303916.478319986839779, 1322292.849229749990627 ], [ 303916.278375279798638, 1322262.147976991720498 ], [ 303885.945297461934388, 1322262.345536951906979 ], [ 303885.745324921852443, 1322231.644059165380895 ], [ 303855.412211868679151, 1322231.841645405394956 ], [ 303855.066513227066025, 1322178.773617155617103 ], [ 303854.86102526076138, 1322147.228266225196421 ], [ 303824.478332467959262, 1322139.829488393850625 ], [ 303824.077619368559681, 1322078.321313249412924 ], [ 303793.744342732359655, 1322078.518939056899399 ], [ 303793.544306237716228, 1322047.817672836594284 ], [ 303642.293479986372404, 1322048.803528098389506 ], [ 303642.093291510769632, 1322018.101909019285813 ], [ 303462.138256854610518, 1322014.317034183302894 ], [ 303460.708866271772422, 1322049.988103325013071 ], [ 303400.457811824860983, 1322050.381395751843229 ], [ 303400.286305313929915, 1322024.110955400159582 ], [ 303387.376033601816744, 1322019.763839656719938 ], [ 302916.16906190419104, 1322022.843962574843317 ], [ 302916.36999141832348, 1322053.545685308519751 ], [ 302825.369671813037712, 1322054.141387454466894 ], [ 302825.168649403029121, 1322023.439651699503884 ], [ 302673.916769672534429, 1322024.430355800781399 ], [ 302673.715599640621804, 1321993.728930792538449 ], [ 302552.797007676097564, 1321994.521479492308572 ], [ 302552.595026149007026, 1321963.714387353509665 ], [ 302401.342644985183142, 1321964.70641677477397 ], [ 302401.141204911109526, 1321934.004732628585771 ], [ 302280.222211954533122, 1321934.798340811161324 ], [ 302280.020654518564697, 1321904.09686108934693 ], [ 302249.687191919074394, 1321904.296015469124541 ], [ 302249.484914451255463, 1321873.488881435012445 ], [ 302219.151198624633253, 1321873.688063467154279 ], [ 302218.949586333998013, 1321842.986244251020253 ], [ 302188.615835243370384, 1321843.185452518286183 ], [ 302188.414198788581416, 1321812.483961367979646 ], [ 302158.080412444425747, 1321812.683195869904011 ], [ 302157.878748194139916, 1321781.981479650130495 ], [ 302097.626665386254899, 1321782.377301267813891 ], [ 302097.424251560121775, 1321751.570147635648027 ], [ 302036.756524803698994, 1321751.968812464736402 ], [ 302038.813673582510091, 1321685.590464515611529 ], [ 301975.685105499462225, 1321690.964228391647339 ], [ 301978.351907316711731, 1321654.124369497178122 ], [ 301915.230895667686127, 1321660.658860187744722 ], [ 301917.899494283949025, 1321624.135165139799938 ], [ 301824.026268661837094, 1321630.450222604675218 ], [ 301823.824292486882769, 1321599.748461834387854 ], [ 301672.569543225632515, 1321600.743882550857961 ], [ 301672.367418780457228, 1321570.042321796063334 ], [ 301642.03331149101723, 1321570.242040095152333 ], [ 301641.628316775313579, 1321508.7329288253095 ], [ 301581.375534727878403, 1321509.1297026660759 ], [ 301581.174026111722924, 1321478.53356005018577 ], [ 301550.839813052094541, 1321478.733356575947255 ], [ 301550.594497350626625, 1321441.490501231281087 ], [ 301550.434663169202395, 1321417.224554314510897 ], [ 301518.462643812119495, 1321421.127901634899899 ], [ 301519.897436817409471, 1321386.617142571602017 ], [ 301489.563122053863481, 1321386.81698712031357 ], [ 301489.360844041686505, 1321356.115293411538005 ], [ 301459.44206591299735, 1321356.312425790820271 ], [ 301459.239761279837694, 1321325.610617655562237 ], [ 301428.905376056325622, 1321325.810514202341437 ], [ 301428.50002547679469, 1321264.301682495512068 ], [ 301398.165573909995146, 1321264.501600860618055 ], [ 301397.963221301324666, 1321233.799785642651841 ], [ 301341.021083813218866, 1321232.170557019300759 ], [ 301334.607170340488665, 1321204.780358536867425 ], [ 301306.756611115299165, 1321203.592342949938029 ], [ 301303.453589713317342, 1321143.790749770356342 ], [ 301276.43272737506777, 1321142.386192933190614 ], [ 301278.714571960270405, 1321110.296560637420043 ], [ 301215.561011210782453, 1321112.084712146781385 ], [ 301215.155290403869003, 1321050.575494948076084 ], [ 301184.820591803640127, 1321050.775596267078072 ], [ 301184.618056962499395, 1321020.073975527193397 ], [ 301154.283540959004313, 1321020.274101604241878 ], [ 301154.080978357174899, 1320989.572255770210177 ], [ 301124.161568992072716, 1320989.769668661057949 ], [ 301123.755702476366423, 1320928.260761513374746 ], [ 301093.420867082197219, 1320928.460936600342393 ], [ 301093.378319422248751, 1320859.036406913539395 ], [ 301062.680968495551497, 1320867.257537440396845 ], [ 301062.47764089924749, 1320836.450251480797306 ], [ 301032.142703944409732, 1320836.650474550900981 ], [ 301031.940047357231379, 1320805.948835788760334 ], [ 301062.275015250022989, 1320805.74861709959805 ], [ 301061.869079183903523, 1320744.239477690076455 ], [ 301031.534049310721457, 1320744.439687601756305 ], [ 301031.331405943143182, 1320713.737939841346815 ], [ 301000.996340785524808, 1320713.938175938325003 ], [ 301000.591006114496849, 1320652.534673263318837 ], [ 300970.255874757363927, 1320652.734931161394343 ], [ 300969.849799322488252, 1320591.225770859280601 ], [ 300939.930185178352986, 1320591.423306560376659 ], [ 300939.524764091125689, 1320530.019680202705786 ], [ 300909.189500293694437, 1320530.219981261063367 ], [ 300908.783340497640893, 1320468.711029099067673 ], [ 300878.448010400868952, 1320468.91135193570517 ], [ 300878.245253912289627, 1320438.209476570831612 ], [ 300847.909888572408818, 1320438.40982558275573 ], [ 300849.564036702504382, 1320374.249509128276259 ], [ 300817.168200427258853, 1320377.101119293132797 ], [ 300817.377498908434063, 1320345.869010474532843 ], [ 300756.710045139188878, 1320346.797315284609795 ], [ 300756.507185437250882, 1320316.09564586635679 ], [ 300726.171678982092999, 1320316.296099133556709 ], [ 300725.822382399637718, 1320263.438438097480685 ], [ 300697.076437192212325, 1320252.655474417144433 ], [ 300695.023826612625271, 1320193.583671304164454 ], [ 300664.688187677355018, 1320193.784168114187196 ], [ 300664.281635630177334, 1320132.275157762225717 ], [ 300604.025811391416937, 1320132.67347778310068 ], [ 300603.822830093151424, 1320101.971790271112695 ], [ 300573.487085328204557, 1320102.172365138074383 ], [ 300573.283379177912138, 1320071.365022568264976 ], [ 300486.830456011462957, 1320069.404477552277967 ], [ 300481.869836932863109, 1320010.563177956501022 ], [ 300458.598509936477058, 1320010.717124417657033 ], [ 300421.613715182815213, 1320010.961826334474608 ], [ 300421.410565963713452, 1319980.259893474867567 ], [ 300391.074671423761174, 1319980.4606336443685 ], [ 300390.870798250776716, 1319949.653266861103475 ], [ 300360.534868342452683, 1319949.85403317026794 ], [ 300360.331668085302226, 1319919.152313835453242 ], [ 300329.995702914777212, 1319919.353106297319755 ], [ 300329.792474203859456, 1319888.651051228865981 ], [ 300299.456473789759912, 1319888.851869842270389 ], [ 300299.04927349940408, 1319827.342764976201579 ], [ 300269.128802176914178, 1319827.540853665210307 ], [ 300268.722257531248033, 1319766.137172355782241 ], [ 300238.386124725977425, 1319766.338034036802128 ], [ 300238.182827017910313, 1319735.635968536837026 ], [ 300177.509788890485652, 1319735.932455232134089 ], [ 300177.30643403501017, 1319705.230381476227194 ], [ 300146.970226224861108, 1319705.431325977900997 ], [ 300146.563471614674199, 1319644.027613838901743 ], [ 300116.642795893829316, 1319644.225826695561409 ], [ 300115.828521555871703, 1319521.312850726768374 ], [ 300085.492119555477984, 1319521.513829468982294 ], [ 300085.288007287541404, 1319490.706426829565316 ], [ 300054.951569902186748, 1319490.907431694678962 ], [ 300054.748131387634203, 1319460.205676639918238 ], [ 299994.075181749183685, 1319460.607769181486219 ], [ 299993.871683888661209, 1319429.905673941131681 ], [ 299963.535389511729591, 1319430.106760171242058 ], [ 299963.127650046837516, 1319368.597574847517535 ], [ 299902.869873257295694, 1319368.997069836594164 ], [ 299902.666297861258499, 1319338.295073696179315 ], [ 299841.99327523552347, 1319338.697434059111401 ], [ 299841.790343433327507, 1319308.101081198547035 ], [ 299781.532409607316367, 1319308.500800498994067 ], [ 299781.123636141302995, 1319246.885804566321895 ], [ 299750.787125759234186, 1319247.087077240459621 ], [ 299750.379010819946416, 1319185.577836870914325 ], [ 299720.042216310277581, 1319185.779132688650861 ], [ 299719.634056758484803, 1319124.269664367195219 ], [ 299658.960330809641164, 1319124.67232992593199 ], [ 299658.757246579334605, 1319094.075843908824027 ], [ 299628.420346271188464, 1319094.277218089206144 ], [ 299628.012030579498969, 1319032.767947764601558 ], [ 299567.75370088708587, 1319033.168010344263166 ], [ 299567.549837897764519, 1319002.465971800265834 ], [ 299537.212831765995361, 1319002.667423897888511 ], [ 299536.804359371541068, 1318941.158130411524326 ], [ 299476.130210241186433, 1318941.561108501395211 ], [ 299475.926269353425596, 1318910.859168967464939 ], [ 299415.667650759918615, 1318911.259498803410679 ], [ 299415.259660296957009, 1318849.855603771982715 ], [ 299324.248099792166613, 1318850.460442015901208 ], [ 299324.043317364063114, 1318819.652940943371505 ], [ 299233.447235967847519, 1318820.255276763113216 ], [ 299233.24306679086294, 1318789.553193512605503 ], [ 299202.905796265986282, 1318789.754949615569785 ], [ 299202.701601619541179, 1318759.052973124431446 ], [ 299172.364295854815282, 1318759.254755329340696 ], [ 299172.16007426858414, 1318728.552664316026494 ], [ 299141.822733230656013, 1318728.75447262194939 ], [ 299141.61778406589292, 1318697.946947141783312 ], [ 299111.69602104392834, 1318698.146016252692789 ], [ 299111.491748965461738, 1318667.44413879676722 ], [ 299081.154337357264012, 1318667.645998866995797 ], [ 299081.767927823239006, 1318634.933855964802206 ], [ 299050.477075548202265, 1318616.783289535203949 ], [ 298990.959773816983216, 1318603.779750383924693 ], [ 298989.52821201167535, 1318576.040096205193549 ], [ 298959.190690155606717, 1318576.24206506810151 ], [ 298958.986280943499878, 1318545.539946384960786 ], [ 298898.726778192154597, 1318545.941198918502778 ], [ 298898.522313796624076, 1318515.239293230464682 ], [ 298837.847115982789546, 1318515.643426045076922 ], [ 298837.64189071545843, 1318484.835860063089058 ], [ 298807.304254249902442, 1318485.037967803189531 ], [ 298807.099705130676739, 1318454.335828686133027 ], [ 298777.177650803234428, 1318454.535193132003769 ], [ 298776.768506469437853, 1318393.131018358515576 ], [ 298746.430768651829567, 1318393.333173420745879 ], [ 298745.816294036107138, 1318301.121747822267935 ], [ 298685.140619781741407, 1318301.526122864801437 ], [ 298684.935975020052865, 1318270.823858672752976 ], [ 298654.597616207087412, 1318270.920765918679535 ], [ 298644.6282445108518, 1318209.369310067500919 ], [ 298619.92978372995276, 1318182.734323270851746 ], [ 298597.438236168993171, 1318175.393052636180073 ], [ 298589.802710541815031, 1318152.231667470885441 ], [ 298566.894100914301816, 1318144.682103572878987 ], [ 298559.25995517562842, 1318121.731915467884392 ], [ 298536.35061000159476, 1318114.077049997402355 ], [ 298528.716434470145032, 1318091.126644148956984 ], [ 298471.756134893628769, 1318087.81370094884187 ], [ 298467.629913017095532, 1318030.021820115158334 ], [ 298445.137498928699642, 1318022.575099302222952 ], [ 298441.218407713924535, 1317995.801579620456323 ], [ 298415.451762307202443, 1317995.973506098845974 ], [ 298380.542027788062114, 1317996.206474391976371 ], [ 298379.105035497806966, 1317967.728312299354002 ], [ 298319.660665171802975, 1317965.909511158475652 ], [ 298320.691092573048081, 1317933.510875961976126 ], [ 298259.194086319126654, 1317935.504225050564855 ], [ 298258.98906706616981, 1317904.801905386615545 ], [ 298198.312449128483422, 1317905.207138727186248 ], [ 298198.107375057297759, 1317874.505142615642399 ], [ 298137.430677825235762, 1317874.91048909095116 ], [ 298137.225545243883971, 1317844.20826333668083 ], [ 298107.302786354150157, 1317844.408200549194589 ], [ 298106.481077754520811, 1317783.639769182773307 ], [ 298046.214862491935492, 1317783.304034092929214 ], [ 298046.009651138912886, 1317752.601686058333144 ], [ 298015.671159209217876, 1317752.804478344274685 ], [ 298015.054761268896982, 1317660.592767484951764 ], [ 297984.716172252141405, 1317660.795576909324154 ], [ 297984.510918039421085, 1317630.093222138239071 ], [ 297924.249295561632607, 1317630.496144178789109 ], [ 297923.837976618146058, 1317568.986429984215647 ], [ 297893.499281744123437, 1317569.189317124662921 ], [ 297893.088624981581233, 1317507.785027333535254 ], [ 297862.749863979872316, 1317507.987936069024727 ], [ 297862.543805901426822, 1317477.180245736148208 ], [ 297832.205009530298412, 1317477.383180500939488 ], [ 297831.794256919645704, 1317415.978765490930527 ], [ 297801.455394423508551, 1317416.181721845408902 ], [ 297801.249993966077454, 1317385.479455366265029 ], [ 297771.326730434433557, 1317385.679656755877659 ], [ 297771.120598836918361, 1317354.871955245733261 ], [ 297740.781665769871324, 1317355.074963249033317 ], [ 297740.370766636566259, 1317293.670525955269113 ], [ 297710.031767447828315, 1317293.873555541504174 ], [ 297709.826295215869322, 1317263.171499199932441 ], [ 297649.148221909999847, 1317263.577640939969569 ], [ 297648.941985422628932, 1317232.769923730753362 ], [ 297618.602911199210212, 1317232.973035867093131 ], [ 297618.397354376269504, 1317202.2707459628582 ], [ 297648.736459456617013, 1317202.067638284526765 ], [ 297648.530939695367124, 1317171.365574639756233 ], [ 297618.191803758905735, 1317171.568677859846503 ], [ 297617.780007171735633, 1317110.058558879187331 ], [ 297587.856443410506472, 1317110.25890070036985 ], [ 297587.239049648516811, 1317018.047037178417668 ], [ 297556.899750477867201, 1317018.250178634887561 ], [ 297557.802231388050131, 1316842.674505700124428 ], [ 297525.325412916194182, 1316834.029031391488388 ], [ 297525.133248648780864, 1316805.331367667298764 ], [ 297528.856297920050565, 1316740.628477298421785 ], [ 297494.812279184348881, 1316746.237441129051149 ], [ 297494.163476966437884, 1316711.423339519882575 ], [ 297462.996209530392662, 1316712.15958313527517 ], [ 297463.617737394059077, 1316680.818792088655755 ], [ 297433.693507649353705, 1316681.019223641138524 ], [ 297433.436261377239134, 1316642.614899394568056 ], [ 297433.076554808649234, 1316588.912415422033519 ], [ 297402.736801473016385, 1316589.115646372316405 ], [ 297402.530422625597566, 1316558.307905378751457 ], [ 297372.190633950405754, 1316558.511162328300998 ], [ 297375.557353283860721, 1316440.633322885259986 ], [ 297373.033348715514876, 1316374.07305743987672 ], [ 297401.295784103160258, 1316373.989180559059605 ], [ 297401.089438508148305, 1316343.181443356676027 ], [ 297371.576491221087053, 1316342.745959266321734 ], [ 297310.043470126984175, 1316339.887373736593872 ], [ 297309.863903128425591, 1316313.089112868299708 ], [ 297249.599451042246073, 1316313.492982643656433 ], [ 297249.393666578922421, 1316282.790544944349676 ], [ 297219.053578120539896, 1316282.993913630023599 ], [ 297218.847769779502414, 1316252.291803885484114 ], [ 297158.167517966357991, 1316252.69862373592332 ], [ 297155.919211332628038, 1316289.325718056876212 ], [ 297128.030455751111731, 1316283.182144841179252 ], [ 297127.827385426207911, 1316252.902079368010163 ], [ 297053.01594502327498, 1316253.403881899779662 ], [ 296998.570088804350235, 1316253.769197335233912 ], [ 296987.348372924490832, 1316253.844503882108256 ], [ 296946.202148912358098, 1316254.120663063134998 ], [ 296950.52247904863907, 1316216.635120747843757 ], [ 296825.050207266467623, 1316224.124908215366304 ], [ 296824.844006928149611, 1316193.422520275460556 ], [ 296794.503764121327549, 1316193.626301289070398 ], [ 296794.709995293873362, 1316224.328693705843762 ], [ 296583.159692805085797, 1316225.750455466797575 ], [ 296582.953246637131087, 1316195.04803181742318 ], [ 296491.932399025303312, 1316195.660195050993934 ], [ 296491.725866593187675, 1316164.957979744765908 ], [ 296401.120540467672981, 1316165.567606456577778 ], [ 296400.706592473085038, 1316104.05716575612314 ], [ 296370.366195234411862, 1316104.261358628747985 ], [ 296370.15955416765064, 1316073.559127080487087 ], [ 296339.819121663924307, 1316073.763345934450626 ], [ 296339.405079478223342, 1316012.25300111901015 ], [ 296309.064580773119815, 1316012.457241450669244 ], [ 296308.651206396403722, 1315951.05243227398023 ], [ 296278.310532653704286, 1315951.25669482932426 ], [ 296278.103822887002025, 1315920.55445252219215 ], [ 296217.838384879170917, 1315920.96025854232721 ], [ 296217.424144155986141, 1315859.449883256340399 ], [ 296187.083473521051928, 1315859.654222570359707 ], [ 296187.082007647724822, 1315797.719092175830156 ], [ 296125.988533533411101, 1315798.658355580642819 ], [ 296125.780982088879682, 1315767.850440375739709 ], [ 296095.85575654002605, 1315768.052057658787817 ], [ 296096.315289887133986, 1315712.866391966817901 ], [ 296065.101295617991127, 1315706.851742650847882 ], [ 296069.033630375284702, 1315673.588998269522563 ], [ 296034.552819156320766, 1315676.248284333385527 ], [ 296036.621977508009877, 1315613.244015967473388 ], [ 296003.798052378057037, 1315615.047892107861117 ], [ 296004.212560386804398, 1315553.215456019388512 ], [ 295973.042465501814149, 1315553.741971899522468 ], [ 295970.971592181595042, 1315493.19251771341078 ], [ 295942.287481304025277, 1315492.541608920088038 ], [ 295941.963148020673543, 1315444.430655795847997 ], [ 295941.665852351579815, 1315400.328885406721383 ], [ 295913.395784341613762, 1315399.46443584212102 ], [ 295906.979958678595722, 1315372.602389049483463 ], [ 295881.192143364693038, 1315370.032913292758167 ], [ 295880.983699937816709, 1315339.119316405616701 ], [ 295850.643168481765315, 1315339.429566751932725 ], [ 295850.436121559992898, 1315308.726940559456125 ], [ 295820.094842455699109, 1315308.93156355060637 ], [ 295818.035328989615664, 1315250.070097531890497 ], [ 295759.413677293865476, 1315247.933261522790417 ], [ 295760.853460170212202, 1315214.898574657971039 ], [ 295698.523069337243214, 1315217.534954614471644 ], [ 295696.05051911494229, 1315159.098107107449323 ], [ 295577.158534331363626, 1315156.946379549335688 ], [ 295576.951240318943746, 1315126.24382685823366 ], [ 295546.609736340295058, 1315126.448696035658941 ], [ 295546.40170436410699, 1315095.640707215992734 ], [ 295485.718621180276386, 1315096.050527871586382 ], [ 295485.511245795874856, 1315065.348183994647115 ], [ 295394.902166254003532, 1315065.960320992395282 ], [ 295394.486530411231797, 1315004.449733149260283 ], [ 295333.803217763255816, 1315004.859830355737358 ], [ 295333.595702358870767, 1314974.157355001196265 ], [ 295303.254008533549495, 1314974.362444762606174 ], [ 295302.838930446596351, 1314912.957486625295132 ], [ 295272.912843970756512, 1314913.159787639509887 ], [ 295274.982967740332242, 1314788.958465333562344 ], [ 295241.740021044388413, 1314790.449218948371708 ], [ 295245.468472311564256, 1314727.117040693061426 ], [ 295210.982211405411363, 1314729.143961586523801 ], [ 295210.77461550582666, 1314698.441362436395139 ], [ 295180.432626464986242, 1314698.646532911108807 ], [ 295180.224291583464947, 1314667.838497454300523 ], [ 295220.934536535234656, 1314664.186919345986098 ], [ 295208.301958354539238, 1314640.110187609912828 ], [ 295179.112766949750949, 1314626.380005183396861 ], [ 295179.601456808624789, 1314575.731023199623451 ], [ 295157.156791801913641, 1314575.882798087084666 ], [ 295147.598686362733133, 1314514.750623853411525 ], [ 295179.185544651816599, 1314514.220610757125542 ], [ 295177.939345900784247, 1314329.899808404734358 ], [ 295147.596270400099456, 1314329.999633403029293 ], [ 295143.294137777760625, 1314246.990830068476498 ], [ 295116.566829756775405, 1314228.601557506015524 ], [ 295116.257914021902252, 1314182.917052205884829 ], [ 295083.395325300516561, 1314179.235229057027027 ], [ 295086.083487798925489, 1314146.508403905667365 ], [ 295056.15375631529605, 1314146.288741549709812 ], [ 295025.395505804335698, 1314146.49679395603016 ], [ 295025.140713655157015, 1314108.830884066876024 ], [ 295015.419529833889101, 1314085.05101906019263 ], [ 294964.294151387177408, 1314085.396906392415985 ], [ 294964.086410115938634, 1314054.694282476091757 ], [ 294903.816747687582392, 1314055.10213664197363 ], [ 294903.608950802765321, 1314024.399614908266813 ], [ 294843.374924683303107, 1314030.083075386006385 ], [ 294842.715886592806783, 1313994.107751990668476 ], [ 294801.150457744079176, 1313994.389171885559335 ], [ 294782.030379452800844, 1313994.51864406093955 ], [ 294778.107935949112289, 1313967.745316876797006 ], [ 294721.551855094265193, 1313964.118751144967973 ], [ 294724.64476919407025, 1313929.806652134051546 ], [ 294660.658222918573301, 1313933.827431101817638 ], [ 294660.450200113467872, 1313903.124986031092703 ], [ 294630.107329570804723, 1313903.33058538637124 ], [ 294629.89856484439224, 1313872.522482501342893 ], [ 294569.628437706036493, 1313872.930945764295757 ], [ 294569.212230006058235, 1313811.525699387770146 ], [ 294538.869253635290079, 1313811.73137599369511 ], [ 294536.389785869221669, 1313752.555843766778708 ], [ 294508.109245615196414, 1313750.42627743887715 ], [ 294507.962612289353274, 1313728.797434574225917 ], [ 294507.692953201069031, 1313689.021017244784161 ], [ 294479.839594903984107, 1313688.576788063161075 ], [ 294476.516480995807797, 1313566.310993136372417 ], [ 294449.077983276278246, 1313565.75841329828836 ], [ 294446.01084805309074, 1313542.566479016561061 ], [ 294445.339832552243024, 1313443.600639852927998 ], [ 294415.412164042005315, 1313443.803564888658002 ], [ 294414.798333695391193, 1313353.278523415792733 ], [ 294380.705452639376745, 1313352.243354614125565 ], [ 294377.923030350590125, 1313309.740926755126566 ], [ 294380.386845615576021, 1313243.990298704709858 ], [ 294383.192815562826581, 1313167.369438557652757 ], [ 294352.849165540770628, 1313167.575202003587037 ], [ 294352.432749528379645, 1313106.170027673942968 ], [ 294318.358076439937577, 1313107.878238185308874 ], [ 294321.880086109158583, 1313075.567678251070902 ], [ 294299.021374075789936, 1313076.144799811998382 ], [ 294291.119823743239976, 1313014.368188998196274 ], [ 294262.432977447402664, 1313013.718616220634431 ], [ 294260.774439560656901, 1312953.06035089190118 ], [ 294228.352261518826708, 1312953.280304029816762 ], [ 294200.086668207368348, 1312953.472087048925459 ], [ 294203.602872173127253, 1312920.317374355858192 ], [ 294169.534415640577208, 1312922.975500554312021 ], [ 294171.18824262364069, 1312860.395531290909275 ], [ 294138.773001990397461, 1312861.670556945027784 ], [ 294138.564624755876139, 1312830.967943189898506 ], [ 294108.220600235974416, 1312831.173899506917223 ], [ 294112.771882906206883, 1312766.780477796448395 ], [ 294047.531318555760663, 1312770.177827747771516 ], [ 294047.466846489813179, 1312760.68201742391102 ], [ 294047.113696724525653, 1312708.666922812582925 ], [ 294016.769535697589163, 1312708.872951734578237 ], [ 294016.561059911036864, 1312678.170322567224503 ], [ 293986.216863623121753, 1312678.376377345062792 ], [ 293985.79914899833966, 1312616.865678706672043 ], [ 293948.804108181735501, 1312617.116926070302725 ], [ 293925.5263274962781, 1312617.275037446757779 ], [ 293925.317773563961964, 1312586.572285675210878 ], [ 293890.836069151409902, 1312589.655335801653564 ], [ 293893.807543537463062, 1312537.512071409961209 ], [ 293894.55631732288748, 1312525.373017240082845 ], [ 293885.411371088470332, 1312525.435142872156575 ], [ 293840.518379108048975, 1312525.740160660119727 ], [ 293828.694635079009458, 1312498.598425009287894 ], [ 293772.969408303441014, 1312495.389606652315706 ], [ 293772.760721385013312, 1312464.687055590795353 ], [ 293742.831984003598336, 1312464.890495277708396 ], [ 293742.623988284147345, 1312434.293373182415962 ], [ 293681.935018397052772, 1312434.705985805252567 ], [ 293681.724812443193514, 1312403.792113806353882 ], [ 293621.035980613785796, 1312404.204837348079309 ], [ 293620.618331621983089, 1312342.79936172068119 ], [ 293469.311033468227834, 1312343.828831113874912 ], [ 293468.892380302539095, 1312282.317989813862368 ], [ 293438.547703175107017, 1312282.524531215662137 ], [ 293438.337993464316241, 1312251.716279642656446 ], [ 293408.408994826721027, 1312251.920016745803878 ], [ 293408.200695807114244, 1312221.322738014394417 ], [ 293377.855948222975712, 1312221.529330666176975 ], [ 293377.228115992154926, 1312129.315641019493341 ], [ 293346.883271571889054, 1312129.522250377107412 ], [ 293346.674211851553991, 1312098.819420961663127 ], [ 293316.329332187655382, 1312099.026056147180498 ], [ 293316.1195300683612, 1312068.218010845826939 ], [ 293285.774615074100439, 1312068.424671842716634 ], [ 293285.356397581053898, 1312007.019108089152724 ], [ 293255.427134112396743, 1312007.22295866231434 ], [ 293255.008156401338056, 1311945.711844292236492 ], [ 293224.663109399261884, 1311945.918547392357141 ], [ 293224.453957635560073, 1311915.215924282325432 ], [ 293194.108875371981412, 1311915.422653204528615 ], [ 293193.690522591932677, 1311854.01706758257933 ], [ 293163.345374349970371, 1311854.223817766178399 ], [ 293163.135455706622452, 1311823.415532693034038 ], [ 293132.790272117417771, 1311823.622308679157868 ], [ 293132.371826153481379, 1311762.21681866561994 ], [ 293102.026576608186588, 1311762.423615907784551 ], [ 293101.816610838868655, 1311731.615323294885457 ], [ 293071.887047618860379, 1311731.819312715670094 ], [ 293071.468507822253741, 1311670.413697163574398 ], [ 293010.777801687363535, 1311670.827415292384103 ], [ 293010.358438742754515, 1311609.316239767707884 ], [ 292980.013017334393226, 1311609.523135251365602 ], [ 292980.602749193902127, 1311574.066996637266129 ], [ 292889.183014010079205, 1311579.438500799238682 ], [ 292888.97645976440981, 1311549.157567290589213 ], [ 292767.591550305893179, 1311549.563714101910591 ], [ 292766.982837855117396, 1311521.290493989596143 ], [ 292721.639247011451516, 1311516.746518953237683 ], [ 292646.415501175390091, 1311519.686870228732005 ], [ 292646.205112976953387, 1311488.878513377159834 ], [ 292585.929637580469716, 1311489.290185633581132 ], [ 292585.719913194770925, 1311458.587253658333793 ], [ 292555.374275018752087, 1311458.794550233520567 ], [ 292555.164526260225102, 1311428.091835525585338 ], [ 292494.47317491407739, 1311428.506510638166219 ], [ 292494.263368790270761, 1311397.803676645038649 ], [ 292433.571434400684666, 1311398.112918436294422 ], [ 292433.151713063241914, 1311336.707123152446002 ], [ 292403.221439874905627, 1311336.911712808068842 ], [ 292403.011557305464521, 1311306.208977389382198 ], [ 292372.665738331386819, 1311306.416432868223637 ], [ 292372.245202457532287, 1311244.905078439274803 ], [ 292341.899535352713428, 1311245.112553623504937 ], [ 292336.51092696399428, 1311125.814037233358249 ], [ 292310.713109442964196, 1311122.403086981503293 ], [ 292310.534910104819573, 1311096.342406185809523 ], [ 292310.293230484181549, 1311060.997264826204628 ], [ 292281.187638056813739, 1311060.246681032236665 ], [ 292279.736467653419822, 1311030.39637097530067 ], [ 292258.535609159094747, 1311030.541359482565895 ], [ 292219.459968507930171, 1311030.808628900442272 ], [ 292219.249949057586491, 1311000.105650152312592 ], [ 292158.557637363614049, 1311000.520863325335085 ], [ 292158.13677029137034, 1310939.009676774498075 ], [ 292127.790546114498284, 1310939.217319720657542 ], [ 292127.580449087661691, 1310908.514328840887174 ], [ 292067.303660848294385, 1310908.926851019263268 ], [ 292066.883360095438547, 1310847.520963297458366 ], [ 292036.537030247738585, 1310847.728683150373399 ], [ 292036.326135848532431, 1310816.920467738294974 ], [ 292005.97977065120358, 1310817.128213347168639 ], [ 292005.769570623873733, 1310786.425206360872835 ], [ 291975.423170183086768, 1310786.632977739907801 ], [ 291975.212945814360864, 1310755.93018793896772 ], [ 291944.866510128136724, 1310756.137985086999834 ], [ 291944.235048281727359, 1310663.923618227941915 ], [ 291914.304254656890407, 1310664.128584760706872 ], [ 291913.672745657386258, 1310571.914209125796333 ], [ 291883.326116500829812, 1310572.122039009584114 ], [ 291882.905555763165466, 1310510.716218773974106 ], [ 291913.252246332354844, 1310510.508398065343499 ], [ 291913.041281234938651, 1310479.699948946479708 ], [ 291882.694559855095576, 1310479.907765051349998 ], [ 291882.274027543608099, 1310418.501837375806645 ], [ 291851.927240219782107, 1310418.709674652433023 ], [ 291853.569266801932827, 1310354.968412721995264 ], [ 291821.159089701308403, 1310357.406053969636559 ], [ 291813.718238955712877, 1310302.906805922742933 ], [ 291790.391554934205487, 1310296.208102429052815 ], [ 291794.745412664487958, 1310264.207656039390713 ], [ 291759.833546135982033, 1310265.607543994905427 ], [ 291763.322757794870995, 1310168.08940965984948 ], [ 291763.627913636271842, 1310151.943794196005911 ], [ 291741.138051327667199, 1310146.083549544913694 ], [ 291729.060088613652624, 1310142.895377785898745 ], [ 291728.997195098607335, 1310133.716218649409711 ], [ 291728.21864592214115, 1310020.083567160181701 ], [ 291697.871436593355611, 1310020.291496014455333 ], [ 291697.027781015378423, 1309897.16326341428794 ], [ 291666.680444039986469, 1309897.371204188792035 ], [ 291666.470776299014688, 1309866.773707311367616 ], [ 291636.123404197744094, 1309866.981673844158649 ], [ 291637.766653364524245, 1309803.451334767043591 ], [ 291575.422723363968544, 1309805.883305383380502 ], [ 291575.212256853352301, 1309775.180473164189607 ], [ 291544.864779015537351, 1309775.388516484759748 ], [ 291544.544583330862224, 1309728.683846936561167 ], [ 288156.186240015318617, 1310803.614255085820332 ], [ 278353.303458783368114, 1329563.197424961254001 ], [ 274915.197772576007992, 1336692.649140858091414 ], [ 269508.45793094264809, 1342657.120525358244777 ], [ 268404.433321595774032, 1345722.845152569003403 ], [ 257898.645704793249024, 1355412.898554754676297 ], [ 247520.188489232939901, 1364801.51072051608935 ], [ 247515.436178805975942, 1364820.298415755853057 ], [ 249640.366521443531383, 1367356.945452713873237 ], [ 249730.28514085043571, 1367291.647747334558517 ], [ 249800.531344038085081, 1367240.602074543945491 ], [ 249848.94100316890399, 1367205.468546161893755 ], [ 249881.085859728162177, 1367182.139394802739844 ], [ 249944.340188040427165, 1367136.220773705746979 ], [ 249990.834340863424586, 1367102.398744675097987 ], [ 250247.575627280515619, 1367136.825826096348464 ], [ 250315.993317304557422, 1367274.13672558683902 ], [ 250316.210263144370401, 1367409.287226849235594 ], [ 250316.254113308677915, 1367440.065706464927644 ], [ 250316.26210644596722, 1367445.68713705195114 ], [ 250169.770650469785323, 1367641.481467057252303 ], [ 250172.32221385196317, 1367645.546610286692157 ], [ 250181.346246680943295, 1367659.869427990401164 ], [ 250206.400798911956372, 1367700.896239223424345 ], [ 250052.08096067715087, 1367848.455886794021353 ], [ 250031.900648489710875, 1367867.664676212705672 ], [ 249852.683239505218808, 1368039.075274317758158 ], [ 249848.252863693982363, 1368043.312678016489372 ], [ 249871.075481836247491, 1368179.946384145412594 ], [ 249906.044811444502557, 1368389.12015659105964 ], [ 250059.998947689105989, 1368680.851897621061653 ], [ 250077.675572777370689, 1368699.513886803295463 ], [ 250210.213471669063438, 1368839.68651078408584 ], [ 250210.985983056714758, 1368840.504144440405071 ], [ 250358.20070873061195, 1368996.577008023159578 ], [ 250367.858459330396727, 1369006.891850328305736 ], [ 251001.392637500946876, 1369372.538964284816757 ], [ 251005.433781382074812, 1369374.853626267053187 ], [ 251013.26740644214442, 1369379.297165389871225 ], [ 251032.261587780172704, 1369390.184313668636605 ], [ 251052.298887664044742, 1369401.760637792758644 ], [ 251141.081765071197879, 1369490.869020288344473 ], [ 251225.790375273936661, 1369575.796618452761322 ], [ 251377.546013103448786, 1369727.880086940946057 ], [ 251378.174976126814727, 1369729.371731851948425 ], [ 251381.458147938159527, 1369737.157461116323248 ], [ 251406.333090468135197, 1369796.097039031330496 ], [ 251480.016374607657781, 1369968.134408629033715 ], [ 251685.275317210122012, 1370191.289771194569767 ], [ 251907.765224779956043, 1370294.402476536808535 ], [ 251922.9687721983355, 1370293.832296242238954 ], [ 252094.893380140594672, 1370287.715827119769529 ], [ 252125.57705438035191, 1370286.659411668078974 ], [ 252150.463644027069677, 1370285.785550501896068 ], [ 252188.614007665630197, 1370284.449534295825288 ], [ 252281.970858798333211, 1370281.138067845953628 ], [ 252335.478642725676764, 1370279.242903774371371 ], [ 252353.725433095067274, 1370278.61212610360235 ], [ 252386.524220172374044, 1370277.438231885433197 ], [ 252455.212442651449237, 1370244.15334428823553 ], [ 252571.639061612571822, 1370187.697779909707606 ], [ 252723.948258777265437, 1370113.913368112640455 ], [ 252916.814868217887124, 1370020.414815732045099 ], [ 252974.624093183228979, 1370012.122088623000309 ], [ 253036.554118279193062, 1370003.238431363133714 ], [ 253207.31176305358531, 1369883.260529019171372 ], [ 253434.630216124933213, 1369851.927321089664474 ], [ 253703.570724871999118, 1369814.859353095991537 ], [ 253707.824103716615355, 1369817.354034824529663 ], [ 253861.714907864370616, 1369907.550471601774916 ], [ 253908.681165105197579, 1369935.0775545258075 ], [ 254007.429641622467898, 1369963.910721596563235 ], [ 254438.697486832767026, 1370089.839639979181811 ], [ 254541.400714007380884, 1370158.451078791636974 ], [ 254662.47348352370318, 1370172.034293554956093 ], [ 255003.340349471603986, 1370210.233907653717324 ], [ 255192.830194301815936, 1370324.393067908240482 ], [ 255259.856512673897669, 1370364.774661004776135 ], [ 255281.272508425725391, 1370386.242557381745428 ], [ 255465.347826973040355, 1370570.764521344099194 ], [ 255522.99367734088446, 1370711.60047070379369 ], [ 255584.748621383594582, 1370862.472516156965867 ], [ 255577.639618319837609, 1370893.982710005249828 ], [ 255523.08693674748065, 1371135.785968847572803 ], [ 255502.30528356283321, 1371227.89669005968608 ], [ 255499.597264823736623, 1371239.900210001738742 ], [ 255505.919435094692744, 1371318.86312591121532 ], [ 255513.788098369172076, 1371417.304223138373345 ], [ 255533.91217550256988, 1371668.794898701366037 ], [ 255546.81045617046766, 1371678.515599296893924 ], [ 255738.96192323838477, 1371823.270484986715019 ], [ 255846.414161795837572, 1371844.907706957776099 ], [ 255973.101202111400198, 1371870.364739275537431 ], [ 256081.085069617722183, 1371892.14271073625423 ], [ 256121.34937599307159, 1371919.117823229171336 ], [ 256183.245391219417797, 1371960.585539052262902 ], [ 256477.573274052730994, 1372353.838821376673877 ], [ 256645.757948746206239, 1372578.729436478810385 ], [ 256714.134787287010113, 1372716.045388072263449 ], [ 256735.867158680106513, 1372957.404997915728018 ], [ 256741.606410616339417, 1373021.142935334937647 ], [ 256742.442012460640399, 1373029.989105921238661 ], [ 256743.238044818077469, 1373038.449604999041185 ], [ 256748.435653820692096, 1373093.489629971096292 ], [ 256769.570175759436097, 1373120.803190934704617 ], [ 256867.991612919431645, 1373247.955984955420718 ], [ 256898.650095436285483, 1373261.163381842663512 ], [ 256941.175080585759133, 1373279.474072603043169 ], [ 257000.846368962753331, 1373305.154729913687333 ], [ 257227.380499423947185, 1373402.617057950003073 ], [ 257615.001364517956972, 1373411.084969974122941 ], [ 257721.562743035989115, 1373413.465634375112131 ], [ 257865.724613688595127, 1373416.649661767063662 ], [ 258030.369095684989588, 1373420.348596739582717 ], [ 258247.386003900435753, 1373466.248288944363594 ], [ 258303.066259769606404, 1373477.956667038844898 ], [ 258337.161097448872169, 1373485.168678596382961 ], [ 258355.894846523093292, 1373489.112817807821557 ], [ 258578.328613743185997, 1373592.26827836339362 ], [ 259535.884225640475051, 1373730.153226823313162 ], [ 259985.392840382177383, 1373730.52512291749008 ], [ 260172.002211048995377, 1373730.666992218466476 ], [ 260174.434205468249274, 1373730.66842581727542 ], [ 260459.046569587429985, 1373730.835886627901345 ], [ 260664.381496874790173, 1373662.407580106053501 ], [ 261059.100225856847828, 1373648.523730902234092 ], [ 261143.046221583848819, 1373645.617815396282822 ], [ 261253.185391860373784, 1373718.177690428448841 ], [ 261324.042425878520589, 1373764.858681245706975 ], [ 262185.912124622322153, 1374332.658088809112087 ], [ 262459.832874912302941, 1374590.243642607005313 ], [ 262573.485942323924974, 1374841.288925708271563 ], [ 262630.537090467347298, 1374967.750406060134992 ], [ 262631.525989628164098, 1374968.720656291116029 ], [ 263382.936828532256186, 1375706.035962511086836 ], [ 263383.04136610950809, 1376120.54643625789322 ], [ 263383.106252411729656, 1376327.705007896292955 ], [ 263382.939055510738399, 1376666.790815367130563 ], [ 263378.571028247708455, 1376676.159601651132107 ], [ 263371.190208752639592, 1376691.991048940690234 ], [ 263333.388578701531515, 1376769.953681024722755 ], [ 263276.540486856829375, 1376887.199715428287163 ], [ 263272.4369638976641, 1376895.697776986286044 ], [ 262922.373981111450121, 1377620.704490262782201 ], [ 262853.079504062538035, 1377764.228895474923775 ], [ 262853.102287310815882, 1377830.165681287180632 ], [ 262853.171682063606568, 1377975.053298116894439 ], [ 262853.413554473198019, 1378004.487512639490888 ], [ 262847.074924056185409, 1378013.945906552253291 ], [ 262814.09236934245564, 1378063.129768366226926 ], [ 262784.983789867081214, 1378107.302032037172467 ], [ 262787.296836484107189, 1378121.286910542286932 ], [ 262787.615891756140627, 1378123.215790470130742 ], [ 262836.31943620624952, 1378399.033469673944637 ], [ 262835.642961211386137, 1378406.872494115261361 ], [ 262830.958043662598357, 1378461.154648663010448 ], [ 262818.872346083284356, 1378604.893908094381914 ], [ 262737.328070041374303, 1378673.179324930300936 ], [ 262430.805230318394024, 1378929.12002629507333 ], [ 262423.177068707998842, 1378935.484116049483418 ], [ 262385.612957011908293, 1378966.823891967302188 ], [ 262305.954134909785353, 1379033.283487662672997 ], [ 262186.254803150368389, 1379256.300680383341387 ], [ 262179.602364878985099, 1379285.222985331667587 ], [ 262174.978791451314464, 1379305.49075950216502 ], [ 262162.276771135919262, 1379360.816373802023008 ], [ 262161.786571446922608, 1379362.942602068418637 ], [ 262137.724577772925841, 1379467.322047297842801 ], [ 262134.97953850866179, 1379479.229684671619907 ], [ 262101.099227511964273, 1379524.659789166646078 ], [ 261981.496976388036273, 1379685.002019503153861 ], [ 261968.289342912903521, 1379692.193533396581188 ], [ 261961.285529283690266, 1379695.943541094427928 ], [ 261937.76030521953362, 1379708.823824586812407 ], [ 261793.236210801202105, 1379787.703532978892326 ], [ 261771.977337911608629, 1379781.239452028414235 ], [ 261571.151880021381658, 1379718.936803538585082 ], [ 261439.548463976156199, 1379731.42534921457991 ], [ 261307.826614622230409, 1379743.925676709972322 ], [ 261233.25683279617806, 1379751.00123037211597 ], [ 261212.156938476662617, 1379753.003316293936223 ], [ 261102.930882803542772, 1379835.790577404899523 ], [ 260797.049629873130471, 1380067.765961737837642 ], [ 260579.391114413214382, 1380232.945922212908044 ], [ 260306.167971243849024, 1380798.780598814133555 ], [ 260280.158810494554928, 1380929.127134986920282 ], [ 260254.809614542289637, 1381056.168793662916869 ], [ 260271.998714588116854, 1381279.125170056009665 ], [ 260284.130666660959832, 1381321.777248840546235 ], [ 260340.36954965244513, 1381519.327680893242359 ], [ 260501.749314118875191, 1381770.747254252899438 ], [ 260608.490183575864648, 1381936.608687701635063 ], [ 260640.718152321438538, 1381986.650537743233144 ], [ 260646.811500661540776, 1381996.09849270619452 ], [ 260682.503239299869165, 1382051.465709342155606 ], [ 260870.491283893963555, 1383513.546726509928703 ], [ 260874.093771044077585, 1383541.404133003670722 ], [ 260880.644608770497143, 1383592.793654886540025 ], [ 260886.454555969743524, 1383638.095394725911319 ], [ 260887.148919798783027, 1383642.813097582664341 ], [ 260887.803475626802538, 1383647.085044245235622 ], [ 260939.150799179507885, 1383780.893499586498365 ], [ 260952.884601250843843, 1383816.697846441296861 ], [ 260973.407289213588228, 1383870.168584333499894 ], [ 261121.010898942884523, 1384062.902420207858086 ], [ 261144.096588978660293, 1384093.253643302246928 ], [ 261288.38106369622983, 1384171.286009350325912 ], [ 261366.579124223528197, 1384213.577776435296983 ], [ 261434.842632482032059, 1384316.530961252283305 ], [ 261503.113399668422062, 1384419.495898697758093 ], [ 261520.29648238842492, 1384642.562189911725 ], [ 261573.647970810066909, 1384726.839739576680586 ], [ 261585.001764906424796, 1384744.759212377015501 ], [ 261621.151033304544399, 1384801.630767361493781 ], [ 261640.050690542266238, 1384831.356296372134238 ], [ 261734.91193060221849, 1384878.9106198141817 ], [ 261757.966232970706187, 1384890.468031761469319 ], [ 261768.884055943082785, 1384895.910623209085315 ], [ 261982.00728038160014, 1385003.146606939844787 ], [ 262134.715275903756265, 1385141.206236567348242 ], [ 262152.899986237112898, 1385157.655075563350692 ], [ 262155.430291316937655, 1385181.608242036774755 ], [ 262161.040582740679383, 1385234.720055729849264 ], [ 262183.116531538078561, 1385445.240360681898892 ], [ 262185.529630970675498, 1385468.301996219903231 ], [ 262187.134096105233766, 1385483.590027058962733 ], [ 262192.875904736632947, 1385495.960436611436307 ], [ 262204.510430067195557, 1385520.978214284870774 ], [ 262306.68526364833815, 1385741.015878028003499 ], [ 262408.585625196457841, 1385744.266447517322376 ], [ 262524.40696721628774, 1385748.066132021835074 ], [ 262665.710940204444341, 1385752.626329833408818 ], [ 262692.428012946504168, 1385753.426435708766803 ], [ 262853.815368984825909, 1385758.621211684541777 ], [ 262914.785321318544447, 1385874.202830710448325 ], [ 263007.675530628417619, 1386051.297378060873598 ], [ 263007.512805008387659, 1386420.025177741423249 ], [ 263007.507465757778846, 1386437.600052482681349 ], [ 263161.182541795598809, 1386668.166473093675449 ], [ 263181.72998664889019, 1386793.302778069861233 ], [ 263318.701947852852754, 1387007.782244391506538 ], [ 263370.378754015080631, 1387088.407470251200721 ], [ 263434.349227682803757, 1387188.792359151877463 ], [ 263604.351884091738611, 1387455.468638509279117 ], [ 263605.72104479681002, 1387457.616261468967423 ], [ 264015.923136441095266, 1387869.656808972358704 ], [ 264201.582922025991138, 1387937.531415227334946 ], [ 264203.916301673220005, 1387938.384448091965169 ], [ 264648.307409864733927, 1387921.671773470472544 ], [ 265178.198123225593008, 1387699.098427416058257 ], [ 265383.450029885279946, 1387699.187488012714311 ], [ 265673.89720140240388, 1387974.017045794986188 ], [ 265798.298501736368053, 1388203.050071066711098 ], [ 265878.970759727119002, 1388351.576042277738452 ], [ 266067.957006221520714, 1388474.45923119247891 ], [ 266169.575082231138367, 1388540.534421667456627 ], [ 266425.107446416746825, 1388550.607148170471191 ], [ 266612.267893727228511, 1388557.986262870486826 ], [ 266613.796620250330307, 1388558.046395269222558 ], [ 266780.700543123763055, 1388468.932556363055483 ], [ 266870.213613498781342, 1388421.062237908598036 ], [ 267035.049906678963453, 1388444.839961403748021 ], [ 267228.941091168206185, 1388472.810116669395939 ], [ 267230.255047054146416, 1388474.78766882698983 ], [ 267295.853222967707552, 1388573.512529665604234 ], [ 267296.902710980735719, 1388575.09241734771058 ], [ 267399.858905904868152, 1388730.366051797755063 ], [ 267406.922626035928261, 1388750.258703514700755 ], [ 267415.10065029154066, 1388773.289035752182826 ], [ 267485.515320119156968, 1388970.577398945810273 ], [ 267485.138704902201425, 1389124.951510410057381 ], [ 267408.258594715851359, 1389199.622397837229073 ], [ 267397.083092125714757, 1389210.476485391613096 ], [ 267385.826626509195194, 1389221.372513186186552 ], [ 267265.032803982496262, 1389338.373236585175619 ], [ 267143.245327210635878, 1389456.084654813166708 ], [ 266989.781712539377622, 1389604.870487054577097 ], [ 266984.683489628485404, 1389645.71731404773891 ], [ 266976.291228858171962, 1389713.377583781955764 ], [ 266955.576029069139622, 1389879.315776105504483 ], [ 267179.904161315236706, 1390104.816325121093541 ], [ 267194.723063768062275, 1390119.712867807364091 ], [ 267231.333945757010952, 1390140.28331921575591 ], [ 267313.570058798068203, 1390186.784302302170545 ], [ 267355.910781298996881, 1390210.693915965501219 ], [ 267468.391586694517173, 1390274.294015693943948 ], [ 267690.419628473056946, 1390549.029103764332831 ], [ 267677.156708847207483, 1390602.364416948985308 ], [ 267655.911116775881965, 1390686.490200934698805 ], [ 267471.294175618269946, 1390871.725394229404628 ], [ 267322.286838124215137, 1391021.112426542444155 ], [ 267279.900541315844748, 1391063.536405150545761 ], [ 267263.038690165791195, 1391080.439113104948774 ], [ 267314.491220436990261, 1391492.130448846146464 ], [ 267336.152732729795389, 1391506.132518355036154 ], [ 267385.409335616219323, 1391537.935935423942283 ], [ 267553.797820561565459, 1391646.783054556697607 ], [ 267586.201044782879762, 1391654.598162503680214 ], [ 267618.599671354168095, 1391662.412234880728647 ], [ 267622.084943334455602, 1391663.269165157806128 ], [ 267624.344676945009269, 1391663.834515885449946 ], [ 267628.541161246714182, 1391664.866259004222229 ], [ 267713.279442272614688, 1391685.35124862799421 ], [ 267825.748298639955465, 1391712.51681099855341 ], [ 267883.485175164649263, 1391726.493049371987581 ], [ 267925.432146981009282, 1391736.664042775286362 ], [ 267980.837410412670579, 1391750.098358095390722 ], [ 267991.736119550187141, 1391762.604163978714496 ], [ 268100.555571107659489, 1391887.400025273906067 ], [ 268151.852232094155625, 1392179.206005381653085 ], [ 268080.857693451456726, 1392576.272472643759102 ], [ 268070.9599103347864, 1392633.868677004473284 ], [ 268066.191242165048607, 1392659.341090949485078 ], [ 268071.759411326725967, 1392783.297877549659461 ], [ 268083.080282226786949, 1393053.899818916805089 ], [ 268134.49834721715888, 1393105.509924928890541 ], [ 268380.649113120685797, 1393242.076562041416764 ], [ 268390.046938113984652, 1393247.287604898447171 ], [ 268414.726472411886789, 1393260.957059849984944 ], [ 268630.140747096389532, 1393380.381860509514809 ], [ 268632.263141733012162, 1393380.517248164163902 ], [ 268839.486590639920905, 1393393.724510037107393 ], [ 268993.510882290429436, 1393403.542332112789154 ], [ 268995.200025322497822, 1393403.649937602691352 ], [ 269028.299026911146939, 1393405.777726496336982 ], [ 269073.170845060492866, 1393408.662333585321903 ], [ 269450.299273009877652, 1393432.723679290851578 ], [ 269672.530976919573732, 1393535.833402008516714 ], [ 269777.499555721413344, 1393680.945293636992574 ], [ 269809.100809280294925, 1393724.547947014216334 ], [ 269860.152344921720214, 1394239.32749490509741 ], [ 270065.344321658136323, 1394754.523243252187967 ], [ 270055.719458331004716, 1394850.799909783294424 ], [ 270048.172333110822365, 1394925.666248287539929 ], [ 270108.6019637240679, 1395060.625184018397704 ], [ 270145.335925211664289, 1395142.726220294367522 ], [ 270201.8204317028285, 1395268.875957667129114 ], [ 270406.905958441027906, 1395457.919454814633355 ], [ 270526.30673555273097, 1395715.300424021203071 ], [ 270748.383489062718581, 1395904.208828297443688 ], [ 270885.332529073639307, 1395921.469072086038068 ], [ 270996.631312653655186, 1395977.548252119449899 ], [ 271124.294401391642168, 1396041.844202448381111 ], [ 272029.831796159851365, 1396059.920365616446361 ], [ 272423.036163066979498, 1395871.647671835497022 ], [ 272867.216219252033625, 1395477.589416073635221 ], [ 273009.424186778254807, 1395430.090643661329523 ], [ 273122.846805836656131, 1395392.238586902618408 ], [ 273584.877978048170917, 1395375.383468338288367 ], [ 273851.860865255759563, 1395644.039181002648547 ], [ 273909.59146302199224, 1395701.675492801005021 ], [ 273966.03100392781198, 1395815.756808089558035 ], [ 273988.671035898674745, 1395861.278335777577013 ], [ 273991.139534474059474, 1395866.251119801076129 ], [ 273994.651281866943464, 1395873.299506088253111 ], [ 274105.375956928124651, 1395977.415689901681617 ], [ 274293.324399203062057, 1396154.135054754558951 ], [ 274336.798778920841869, 1396195.02305005164817 ], [ 274355.655842171690892, 1396212.762382689164951 ], [ 274524.267030895454809, 1396371.317724538967013 ], [ 274564.736421210691333, 1396371.434179829899222 ], [ 274592.712946551793721, 1396371.48385178274475 ], [ 274716.07311382133048, 1396483.145924450829625 ], [ 274763.451375869219191, 1396526.031709171598777 ], [ 274772.596307334024459, 1396529.718547954456881 ], [ 274822.011805076501332, 1396549.595746581908315 ], [ 275104.638012080569752, 1396663.544292171951383 ], [ 275299.369178683380596, 1396638.218610232463107 ], [ 275493.784675859846175, 1396612.784711830085143 ], [ 275547.413425607548561, 1396605.722394050797448 ], [ 275632.09089068567846, 1396594.653112032450736 ], [ 275690.387834759661928, 1396587.000997214112431 ], [ 275754.221524710068479, 1396578.641450402559713 ], [ 276249.664731115102768, 1396579.279050512006506 ], [ 276420.481824405433144, 1396639.516141531523317 ], [ 276591.298047916148789, 1396699.754145642044023 ], [ 276666.16785734554287, 1396740.662038089474663 ], [ 277185.636084217694588, 1397024.442473468836397 ], [ 277189.158043636824004, 1397026.366505071753636 ], [ 277337.409667890518904, 1397168.503328171558678 ], [ 277565.150715264724568, 1397387.034366462612525 ], [ 277640.704181279987097, 1397514.263635617913678 ], [ 277667.170065551996231, 1397558.792568514123559 ], [ 278083.440101713116746, 1397936.587739804526791 ], [ 278123.495239142561331, 1397972.901593155227602 ], [ 278196.931259301956743, 1398039.71683380776085 ], [ 278209.326350823277608, 1398068.500802107388154 ], [ 278221.502377620781772, 1398097.065173467388377 ], [ 278320.022324336867314, 1398328.891153883887455 ], [ 278341.604529016884044, 1398379.77188490726985 ], [ 278350.250593182165176, 1398400.114117231220007 ], [ 278640.616118405538145, 1398692.06184971681796 ], [ 278828.512658281717449, 1398760.880075912456959 ], [ 278882.495439039892517, 1398760.960324517451227 ], [ 278954.070255113765597, 1398761.0345007579308 ], [ 278999.274471245764289, 1398761.12550055468455 ], [ 279066.759469542012084, 1398752.193377312039956 ], [ 279336.378758349572308, 1398716.509542918764055 ], [ 279354.560558717872482, 1398714.103176892502233 ], [ 279467.493816076894291, 1398699.136479560518637 ], [ 279474.291794388613198, 1398698.235566721297801 ], [ 279511.958385055302642, 1398693.185196343110874 ], [ 279665.64587332343217, 1398796.338935662759468 ], [ 279904.812020923709497, 1398796.587776324944571 ], [ 280399.996040163794532, 1399037.409290756797418 ], [ 280878.488317881710827, 1399158.087812656071037 ], [ 280997.811505968275014, 1399261.16412990167737 ], [ 281012.420151179656386, 1399264.332558881025761 ], [ 281071.515402128454298, 1399277.099732856731862 ], [ 281236.507751043420285, 1399312.907473664730787 ], [ 281441.963891583262011, 1399450.515443389071152 ], [ 281629.72654603223782, 1399450.730901418719441 ], [ 281747.223121775081381, 1399527.592679456109181 ], [ 281859.606432865606621, 1399601.110393475508317 ], [ 281932.834143339074217, 1399649.069504741346464 ], [ 281971.324496692046523, 1399674.278267123037949 ], [ 282059.590692930622026, 1399706.077585281105712 ], [ 282135.524165925453417, 1399733.43372854986228 ], [ 282136.637276669673156, 1399733.834598666522652 ], [ 282544.221126747026574, 1399880.56541361939162 ], [ 282682.813445604406297, 1399930.514457599259913 ], [ 282707.873013203614391, 1399939.506697667995468 ], [ 282753.089344106963836, 1399955.758334879064932 ], [ 282903.992774766520597, 1400010.150827487930655 ], [ 283166.682209696969949, 1400104.741447826381773 ], [ 283303.809102660103235, 1400205.018753617536277 ], [ 283354.616667538124602, 1400242.173306822776794 ], [ 283571.263155355351046, 1400302.54489413369447 ], [ 283849.502380111080129, 1400380.082653817487881 ], [ 283982.249139188206755, 1400477.058577029965818 ], [ 284037.749744129716419, 1400517.684484570752829 ], [ 284140.105033822124824, 1400517.793912579771131 ], [ 284272.053468073252589, 1400595.130940967705101 ], [ 284345.394592008204199, 1400638.169663701904938 ], [ 284533.146303197892848, 1400638.403110785176978 ], [ 284631.142538961488754, 1400719.20615261932835 ], [ 284720.798824749654159, 1400793.079646858153865 ], [ 284794.712287273257971, 1400793.203278827015311 ], [ 284857.558676332002506, 1400793.285654889186844 ], [ 285486.606332721421495, 1401068.506748107494786 ], [ 285762.456006657448597, 1401189.202277151867747 ], [ 285865.129767817212269, 1401189.312138736713678 ], [ 285899.143411812139675, 1401189.386321246158332 ], [ 285901.320738763373811, 1401191.014135017525405 ], [ 285947.476775191258639, 1401227.174176928820089 ], [ 286052.65092601737706, 1401309.566733065759763 ], [ 286095.983805998286698, 1401313.620700764004141 ], [ 286156.526692274259403, 1401319.228822068311274 ], [ 286240.405127132427879, 1401327.099661149317399 ], [ 286667.452646694786381, 1401602.182912267511711 ], [ 286872.579634612891823, 1401602.521381547674537 ], [ 287028.129912539501674, 1401666.723423500312492 ], [ 287248.028725793585181, 1401757.486663288902491 ], [ 287252.09651254536584, 1401760.352032589260489 ], [ 287356.074587188544683, 1401833.589623808860779 ], [ 287418.818373519578017, 1401877.768381252884865 ], [ 287447.408147544483654, 1401881.02394503261894 ], [ 287483.333346074854489, 1401885.069899879628792 ], [ 287572.715657305670902, 1401895.243530360748991 ], [ 288116.683925080404151, 1402169.34178538271226 ], [ 288118.938305315445177, 1402170.522918906761333 ], [ 288188.164631627558265, 1402195.91494308761321 ], [ 288857.683076473767869, 1402441.448990781791508 ], [ 288870.339130325592123, 1402446.090410676086321 ], [ 288871.499476067256182, 1402446.870019022142515 ], [ 288950.169296482054051, 1402499.714818429434672 ], [ 289023.99183062731754, 1402549.241050578420982 ], [ 289143.637173958471976, 1402532.311214921297505 ], [ 289245.940148488269188, 1402635.383296875050291 ], [ 289251.909832932869904, 1402636.679828296648338 ], [ 289253.308777094702236, 1402636.983218680368736 ], [ 289440.74155574926408, 1402677.644059669226408 ], [ 289485.087348674773239, 1402687.264370414428413 ], [ 289622.084245526813902, 1402775.20711443410255 ], [ 289674.383881230372936, 1402795.73110244050622 ], [ 289706.417559565452393, 1402808.328364617424086 ], [ 290543.511669186525978, 1403134.951996859861538 ], [ 290611.933750555501319, 1403203.709752365481108 ], [ 290682.333917654526886, 1403197.948129000375047 ], [ 290817.011542871652637, 1403186.92617295938544 ], [ 290825.194290648330934, 1403191.623535624705255 ], [ 291111.379446390666999, 1403357.73653454775922 ], [ 291380.091281986096874, 1403513.663347429828718 ], [ 291555.529622557805851, 1403500.446835654089227 ], [ 291601.944874893641099, 1403496.936498638940975 ], [ 291618.13868775696028, 1403506.334757801610976 ], [ 291946.588367584976368, 1403699.526274447329342 ], [ 292011.615916551556438, 1403737.774506126763299 ], [ 292506.842180057486985, 1403910.177545089973137 ], [ 292523.661549372714944, 1403921.471108444966376 ], [ 292660.555401672550943, 1404013.389979918021709 ], [ 292695.13433284527855, 1404018.405078518204391 ], [ 292898.860166260506958, 1404047.953784399433061 ], [ 292980.902566393022425, 1404081.828660169383511 ], [ 293190.08197620708961, 1404168.623441566014662 ], [ 293381.175640488276258, 1404284.186228970531374 ], [ 293616.697293675038964, 1404426.580031961668283 ], [ 293859.636382879980374, 1404492.156043705763295 ], [ 294003.33400057151448, 1404530.917894176673144 ], [ 294128.61408644518815, 1404564.748449754202738 ], [ 294129.645056274603121, 1404565.57863843603991 ], [ 294299.51566343405284, 1404702.36495764227584 ], [ 294301.143209034111351, 1404702.730753228999674 ], [ 294356.786184491706081, 1404715.229470073478296 ], [ 294453.128003002726473, 1404736.836880191694945 ], [ 294572.682120976736769, 1404822.810359471710399 ], [ 294636.991327081574127, 1404832.198164951987565 ], [ 294685.163863255351316, 1404839.195920023601502 ], [ 294811.633293034334201, 1404857.640988315455616 ], [ 295665.289886893355288, 1405270.801360595040023 ], [ 295892.110756259120535, 1405347.167038162238896 ], [ 295908.373174675158225, 1405348.153877750737593 ], [ 296170.750653123424854, 1405364.077113771578297 ], [ 297353.868046820745803, 1405435.864583815913647 ] ] ] ] } },
{ "type": "Feature", "properties": { "ADM0_EN": "Djibouti", "ADM0_PCODE": "DJ", "ADM1_EN": "Tadjoura", "ADM1_PCODE": "DJ02", "ADM1_AR": "إقليم تاجورة‎" }, "geometry": { "type": "MultiPolygon", "coordinates": [ [ [ [ 225364.335889111098368, 1385827.551534972852096 ], [ 225468.74304998567095, 1385771.09498565713875 ], [ 225536.985229128156789, 1385788.263369863387197 ], [ 225929.50712633121293, 1385516.382598300930113 ], [ 226301.928939145174809, 1385258.435317805968225 ], [ 226305.558926923025865, 1385255.920926217688248 ], [ 226733.005025242397096, 1385135.624944980721921 ], [ 226785.483597088605165, 1385148.745044481009245 ], [ 226801.243811683089007, 1385152.685149976518005 ], [ 226972.094742281769868, 1385015.355386165203527 ], [ 227219.173183170205448, 1384903.560520788189024 ], [ 227655.280259462306276, 1384706.24429630395025 ], [ 227948.367055781651288, 1384660.07654534606263 ], [ 228201.918503499997314, 1384620.234136427287012 ], [ 228379.721719823894091, 1384483.973913589026779 ], [ 228492.906836247828323, 1384397.020333238877356 ], [ 228586.937780519423541, 1384381.188965729204938 ], [ 228595.60084750369424, 1384379.782512367004529 ], [ 228697.782321401289664, 1384259.627174981636927 ], [ 228973.603058431646787, 1384144.098015418741852 ], [ 229108.144948760571424, 1384087.81746882176958 ], [ 229569.287383898568805, 1383813.175450634676963 ], [ 229644.327831982693169, 1383813.133519046474248 ], [ 229688.808011385903228, 1383813.157846467103809 ], [ 229868.206361454853322, 1383744.450057259993628 ], [ 230047.604507274169009, 1383675.743562479037791 ], [ 230053.144833626633044, 1383670.975162952905521 ], [ 230167.355888351507019, 1383572.67685433360748 ], [ 230206.82836674520513, 1383582.614121549064294 ], [ 230235.597062597575132, 1383589.856617730110884 ], [ 230543.504554246901534, 1383418.171723709907383 ], [ 230862.60606670571724, 1383315.0114471828565 ], [ 231021.560891802306287, 1383263.604412758722901 ], [ 231123.277239747985732, 1383208.638235519872978 ], [ 231466.192831310618203, 1383023.24483462003991 ], [ 231863.576183558732737, 1382893.687324933242053 ], [ 232098.007832374831196, 1382817.324252233607695 ], [ 232142.773399836209137, 1382790.694067650008947 ], [ 232150.560940205759834, 1382786.083451111568138 ], [ 232184.089135929651093, 1382766.069276308640838 ], [ 232559.489631502423435, 1382542.623512495774776 ], [ 232581.708587467670441, 1382542.419485246296972 ], [ 232667.742787041061092, 1382542.377521171467379 ], [ 232679.359120715816971, 1382542.375046345405281 ], [ 232757.632575001160149, 1382500.823392612161115 ], [ 232893.113203829096165, 1382428.83680366165936 ], [ 232896.882736075902358, 1382426.833723242627457 ], [ 232968.743184637802187, 1382388.644583051558584 ], [ 232969.926512164063752, 1382388.028487636940554 ], [ 232985.020764194545336, 1382377.929115097504109 ], [ 233059.968993797549047, 1382327.696368691977113 ], [ 233633.430684729770292, 1381943.628304281737655 ], [ 233636.290601190994494, 1381941.712791797006503 ], [ 233648.870695656340104, 1381931.487046575639397 ], [ 234390.528513908677269, 1381328.640208055498078 ], [ 235143.894353720010258, 1380716.350531289353967 ], [ 235156.672387631959282, 1380705.965568205574527 ], [ 235237.549713348678779, 1380682.756918438943103 ], [ 235276.213087480107788, 1380671.661928125889972 ], [ 235513.948964201437775, 1380469.660419631516561 ], [ 235720.523242375697009, 1380294.140500620706007 ], [ 236062.267246973351575, 1380105.283908964833245 ], [ 236318.600658396142535, 1379865.082409635186195 ], [ 236479.067148977890611, 1379757.517397908726707 ], [ 236535.88563589041587, 1379719.430832178331912 ], [ 236622.660792381328065, 1379661.388987870421261 ], [ 236779.985500285925809, 1379556.159528037067503 ], [ 237205.511299778765533, 1379214.14717854000628 ], [ 237804.784063583763782, 1378732.544723652536049 ], [ 237856.25297615895397, 1378732.49874713504687 ], [ 237920.41399311326677, 1378671.126347568584606 ], [ 238214.952620403026231, 1378389.361270190915093 ], [ 238493.879754048539326, 1378019.226184184430167 ], [ 238692.908648085576715, 1377755.091323049273342 ], [ 238693.626393205922795, 1377754.234695468330756 ], [ 238725.094326111662667, 1377724.055181553820148 ], [ 238868.651218885788694, 1377586.307088531088084 ], [ 238950.442176390177337, 1377507.868335379753262 ], [ 238971.25646906948532, 1377487.889449666719884 ], [ 239068.955981157720089, 1377394.146476937225088 ], [ 239133.242291485483292, 1377301.007836137898266 ], [ 239185.302007736288942, 1377225.517969187581912 ], [ 239357.410103972360957, 1376975.882944093551487 ], [ 239376.560903149424121, 1376948.098471011267975 ], [ 239683.350092618988128, 1376648.358686909545213 ], [ 240008.73771122112521, 1376330.459341828711331 ], [ 240213.381935106066521, 1376056.460698786657304 ], [ 240247.203258960711537, 1376011.229726646561176 ], [ 240259.695095043309266, 1375994.502436289098114 ], [ 240470.033705678011756, 1375712.797505303751677 ], [ 240692.414327505684923, 1375524.082762638805434 ], [ 240763.692646729032276, 1375421.059349159011617 ], [ 240904.301869809569325, 1375218.003950693644583 ], [ 240948.881645461951848, 1375153.590472541050985 ], [ 240965.583006186294369, 1375129.49797116778791 ], [ 241922.537384239229141, 1374151.560109603218734 ], [ 241943.324588071322069, 1374116.068825723137707 ], [ 241959.058677466004156, 1374089.23715241625905 ], [ 241975.684742556477431, 1374060.884589367778972 ], [ 242093.445857592188986, 1373859.952780758030713 ], [ 243972.977951070584822, 1371767.111353474669158 ], [ 244451.454286703956313, 1371338.235484635690227 ], [ 244459.388033260940574, 1371334.25987062510103 ], [ 244656.766934825835051, 1371235.331958189141005 ], [ 245255.018958456319524, 1370789.412206576671451 ], [ 245386.840278190065874, 1370670.352193229366094 ], [ 245573.470846177166095, 1370501.743039488792419 ], [ 245596.785848993924446, 1370480.731958436546847 ], [ 245836.383144433086272, 1370360.654451429378241 ], [ 245837.224701799539616, 1370359.715319983894005 ], [ 245924.730215620540548, 1370262.045542910462245 ], [ 245990.12927500801743, 1370189.092633001506329 ], [ 246160.068290498427814, 1370051.540287385229021 ], [ 246185.830251471052179, 1370030.688175677089021 ], [ 246200.893342045834288, 1370018.472169733606279 ], [ 246430.241487517778296, 1369832.861212621442974 ], [ 246591.078267722594319, 1369702.728547655278817 ], [ 246681.33283521028352, 1369629.705123461782932 ], [ 246683.409337405493716, 1369628.026140211382881 ], [ 246844.145150285388809, 1369498.081250331131741 ], [ 247050.027946849411819, 1369331.641226586187258 ], [ 247192.511173743841937, 1369264.976260223658755 ], [ 247306.749261929478962, 1369211.513338999357074 ], [ 247509.171502333047101, 1369019.626240947749466 ], [ 247614.256018517946359, 1368920.012639538152143 ], [ 247731.75342719204491, 1368869.521829604171216 ], [ 247792.503838343051029, 1368843.466735349036753 ], [ 247853.660927326884121, 1368817.187690602149814 ], [ 248281.191227647854248, 1368439.852148567326367 ], [ 248657.209159356134478, 1368199.756284191971645 ], [ 248879.658772761962609, 1368004.025844318326563 ], [ 248941.675135245197453, 1367949.435343621997163 ], [ 249139.009209889714839, 1367775.773276001447812 ], [ 249139.925855348905316, 1367774.966655289987102 ], [ 249380.2913822067203, 1367563.394108805106953 ], [ 249495.077240468090167, 1367462.469497296959162 ], [ 249503.261172498518135, 1367456.522840520367026 ], [ 249531.298812765744515, 1367436.149941674200818 ], [ 249640.366521443531383, 1367356.945452713873237 ], [ 247515.436178805975942, 1364820.298415755853057 ], [ 247520.188489232939901, 1364801.51072051608935 ], [ 257898.645704793249024, 1355412.898554754676297 ], [ 268404.433321595774032, 1345722.845152569003403 ], [ 269508.45793094264809, 1342657.120525358244777 ], [ 274915.197772576007992, 1336692.649140858091414 ], [ 278353.303458783368114, 1329563.197424961254001 ], [ 288156.186240015318617, 1310803.614255085820332 ], [ 291544.544583330862224, 1309728.683846936561167 ], [ 291544.443796940031461, 1309713.982512582326308 ], [ 291514.096253202762455, 1309714.190577043686062 ], [ 291513.885015501291491, 1309683.382082071853802 ], [ 291483.537436408631038, 1309683.590172253083438 ], [ 291483.11636157927569, 1309622.184263817733154 ], [ 291452.768716570571996, 1309622.39237513509579 ], [ 291452.346876043709926, 1309560.880915055982769 ], [ 291392.067204452003352, 1309561.294358279090375 ], [ 291391.856591701856814, 1309530.591281547909603 ], [ 291361.508840960566886, 1309530.7994696253445 ], [ 291363.558728837524541, 1309466.000207950128242 ], [ 291300.391208863002248, 1309469.70454458380118 ], [ 291300.180518694687635, 1309439.001455650432035 ], [ 291269.832662158645689, 1309439.209720891434699 ], [ 291269.519849543459713, 1309393.630032495828345 ], [ 291269.411235836218111, 1309377.803646062966436 ], [ 291246.962167308898643, 1309377.957717443583533 ], [ 291240.278722626157105, 1309373.360955236945301 ], [ 291239.056881012686063, 1309316.497673571808264 ], [ 291175.477715364308096, 1309320.837901169899851 ], [ 291178.150111585389823, 1309286.211213406408206 ], [ 291124.937173954327591, 1309286.576582100940868 ], [ 291026.825902702403255, 1309287.250474217580631 ], [ 291026.614967286644969, 1309256.547457780689001 ], [ 290875.289548611093778, 1309257.481906212400645 ], [ 290874.682289189309813, 1309229.630440679844469 ], [ 290753.659043456194922, 1309223.709840421332046 ], [ 290753.474695493932813, 1309196.910506884334609 ], [ 290636.239112384500913, 1309197.717167977709323 ], [ 290572.217046713281889, 1309198.157874453580007 ], [ 290574.059563091490418, 1309163.853167666355148 ], [ 290541.657425941550173, 1309167.663850676035509 ], [ 290533.534106556035113, 1309135.115893348120153 ], [ 290390.119624893181026, 1309137.897531665395945 ], [ 290390.305659484467469, 1309104.553703834535554 ], [ 290360.766095687227789, 1309101.486304154619575 ], [ 290352.274428095319308, 1309136.153423660434783 ], [ 290299.074711156368721, 1309138.525001462781802 ], [ 290299.686591341509484, 1309106.655370099935681 ], [ 290224.859276609029621, 1309107.804450491908938 ], [ 290177.885423709522001, 1309108.655931319808587 ], [ 290177.686032152269036, 1309079.746504328446463 ], [ 290116.976869668695144, 1309078.371477182023227 ], [ 290116.765049588517286, 1309047.668215633602813 ], [ 290086.416616468282882, 1309047.87760049640201 ], [ 290088.94966206967365, 1308993.203784415731207 ], [ 290089.692383230431005, 1308980.325953778577968 ], [ 290079.311996689997613, 1308982.296814827481285 ], [ 290056.059470339154359, 1308986.572393355192617 ], [ 290058.381297917454503, 1308961.549474993022159 ], [ 290025.499069723533466, 1308956.078555399551988 ], [ 290025.286450805084314, 1308925.269958179676905 ], [ 289999.947144369943999, 1308928.399142726091668 ], [ 289996.378837029216811, 1308893.287578433984891 ], [ 289964.377358408120926, 1308894.985620234627277 ], [ 289964.120260611758567, 1308857.740964494878426 ], [ 289963.74081615509931, 1308802.77056417404674 ], [ 289933.392332503281068, 1308802.980061609297991 ], [ 289932.968419143348001, 1308741.573603855911642 ], [ 289903.035203071078286, 1308741.780254780314863 ], [ 289902.82322464697063, 1308711.077188078779727 ], [ 289872.474421936902218, 1308711.286733330227435 ], [ 289868.125947262509726, 1308623.42317881830968 ], [ 289811.14010690851137, 1308619.490686755860224 ], [ 289810.831139654677827, 1308574.754722417565063 ], [ 289810.715279046911746, 1308557.978653087979183 ], [ 289792.838384564442094, 1308558.102120799710974 ], [ 289750.017334523727186, 1308558.39790935209021 ], [ 289751.865656771697104, 1308525.042824370786548 ], [ 289721.108888680289965, 1308526.415699035627767 ], [ 289674.140585572575219, 1308528.217615283560008 ], [ 289628.824938447389286, 1308528.530806500231847 ], [ 289632.208391554537229, 1308476.699832602171227 ], [ 289598.05068291653879, 1308467.228500905679539 ], [ 289597.838441748870537, 1308436.52528206910938 ], [ 289537.555962035548873, 1308436.942049758275971 ], [ 289537.131372642004862, 1308375.535595224704593 ], [ 289506.782177461311221, 1308375.74545228201896 ], [ 289506.569129620678723, 1308344.93667566915974 ], [ 289445.870663987530861, 1308345.356471379520372 ], [ 289444.655661348660942, 1308229.826377748511732 ], [ 289414.671103575499728, 1308222.647894327761605 ], [ 289414.458717467845418, 1308191.944541312288493 ], [ 289384.525097841164097, 1308192.151615225477144 ], [ 289384.312687947065569, 1308161.448479439830408 ], [ 289353.963255084177945, 1308161.658455058000982 ], [ 289353.750088425818831, 1308130.849658965598792 ], [ 289323.400620213476941, 1308131.059660222148523 ], [ 289323.188156569609419, 1308100.356184276053682 ], [ 289353.537655433872715, 1308100.146187664940953 ], [ 289346.628302574856207, 1307882.728523669531569 ], [ 289376.578505978686735, 1307884.842686721123755 ], [ 289378.494566911074799, 1307861.299618376186118 ], [ 289381.974303703638725, 1307823.39594592154026 ], [ 289348.239988734771032, 1307815.188111070077866 ], [ 289352.651050335378386, 1307731.590070705860853 ], [ 289320.637533011613414, 1307731.705857473192737 ], [ 289320.424404738179874, 1307700.897064181044698 ], [ 289354.102335086849052, 1307700.980760958511382 ], [ 289355.136601560516283, 1307670.16334614646621 ], [ 289320.212012296775356, 1307670.193927595159039 ], [ 289324.132961083436385, 1307635.980136476457119 ], [ 289350.348852887866087, 1307639.175208487082273 ], [ 289350.136500175227411, 1307608.471966985147446 ], [ 289316.480765211163089, 1307611.659066484542564 ], [ 289319.360298511455767, 1307547.064307380467653 ], [ 289289.010242811520584, 1307547.274250560440123 ], [ 289278.820545813825447, 1307516.745573864551261 ], [ 289198.164075178210624, 1307517.303666749503464 ], [ 289197.951588618452661, 1307486.600293554365635 ], [ 289076.550911320373416, 1307487.44069453002885 ], [ 289076.338307899306528, 1307456.737413909984753 ], [ 289046.403290555404965, 1307456.839159085880965 ], [ 289045.781339666282292, 1307427.088333853753284 ], [ 288921.023119281628169, 1307423.415319846943021 ], [ 288886.943528867617715, 1307425.445297218859196 ], [ 288827.927186244283803, 1307428.914341747760773 ], [ 288773.454201680433471, 1307428.025849081808701 ], [ 288773.251545497623738, 1307398.799722134601325 ], [ 288773.028408462181687, 1307366.619197624037042 ], [ 288710.645056000910699, 1307364.202937660273165 ], [ 288702.135960040555801, 1307336.300472582457587 ], [ 288651.829139735025819, 1307336.649441807996482 ], [ 288652.847558794775978, 1307243.683730332646519 ], [ 288620.839888721995521, 1307244.749752934556454 ], [ 288622.966111270245165, 1307191.661004649940878 ], [ 288623.313828996615484, 1307181.84578149090521 ], [ 288612.506998004158959, 1307182.342851621098816 ], [ 288590.062588651198894, 1307183.448208253132179 ], [ 288592.006740546552464, 1307164.019974178867415 ], [ 288595.483546370523982, 1307125.79933747719042 ], [ 288559.701488427934237, 1307122.249118065228686 ], [ 288559.539676909043919, 1307098.931434819707647 ], [ 288529.137280471855775, 1307091.650845719501376 ], [ 288528.711107472539879, 1307030.244131641695276 ], [ 288498.360411363944877, 1307030.454780860105529 ], [ 288497.933464297559112, 1306968.942513618851081 ], [ 288437.231935529736802, 1306969.363884188700467 ], [ 288437.831693959771655, 1306876.084334932034835 ], [ 288406.656669236137532, 1306877.356061983620748 ], [ 288408.920374529552646, 1306844.102930932771415 ], [ 288376.092593561450485, 1306846.86332102236338 ], [ 288381.25576985324733, 1306812.007447677198797 ], [ 288345.528457755513955, 1306816.370712172240019 ], [ 288346.369813148863614, 1306757.909471955616027 ], [ 288314.750273675483186, 1306755.069083501351997 ], [ 288314.030671584187075, 1306651.458399116294459 ], [ 288313.68334665306611, 1306601.44651175965555 ], [ 288291.64904435252538, 1306601.810643965844065 ], [ 288283.332189181470312, 1306601.657307061366737 ], [ 288283.201011138735339, 1306582.770983438938856 ], [ 288282.691707683319692, 1306509.441604350926355 ], [ 288252.340453641256317, 1306509.652415893273428 ], [ 288251.913917418685742, 1306448.24552743928507 ], [ 288191.627077477169223, 1306448.664333669701591 ], [ 288191.199707662744913, 1306387.152103967498988 ], [ 288130.496922279475257, 1306387.573900662595406 ], [ 288130.283550610067323, 1306356.870605615898967 ], [ 288082.229304762848187, 1306353.919226307887584 ], [ 288071.631734020658769, 1306353.26841602078639 ], [ 288069.782329490757547, 1306326.480663029709831 ], [ 288009.488588486798108, 1306325.950207501649857 ], [ 288008.865898504271172, 1306296.199037750950083 ], [ 287933.610825499054044, 1306296.722382077481598 ], [ 287796.82103888381971, 1306297.674131482373923 ], [ 287796.607346196426079, 1306266.970786700490862 ], [ 287645.26524346624501, 1306268.024478527950123 ], [ 287645.051401562872343, 1306237.320889667142183 ], [ 287554.412316600617487, 1306237.952292994828895 ], [ 287554.197653627721593, 1306207.143254911992699 ], [ 287432.7911592455348, 1306207.989390576723963 ], [ 287432.577114976244047, 1306177.285991338314489 ], [ 287402.640986554266419, 1306177.494698974769562 ], [ 287402.429123155656271, 1306147.107713750796393 ], [ 287342.082550220424309, 1306139.087039772886783 ], [ 287341.50927342986688, 1306116.51084256847389 ], [ 287284.579515842604451, 1306121.444981794105843 ], [ 287129.462637864751741, 1306117.990377300186083 ], [ 287130.112675624666736, 1306151.539682492846623 ], [ 287100.194155167439021, 1306154.281027929158881 ], [ 287099.539557758835144, 1306179.609506726730615 ], [ 286989.358463355456479, 1306180.379012346733361 ], [ 286917.98181517055491, 1306200.503622235264629 ], [ 286888.12327738374006, 1306211.791374089661986 ], [ 286888.338614395994227, 1306242.600515518104658 ], [ 286857.986872144567315, 1306242.812673169188201 ], [ 286858.172741460322868, 1306269.401387253776193 ], [ 286767.146345027780626, 1306274.153052329085767 ], [ 286766.931617523427121, 1306243.449327679350972 ], [ 286624.322161944466643, 1306244.763428602134809 ], [ 286403.957613776961807, 1306245.989930322626606 ], [ 286403.79574271873571, 1306222.882990040816367 ], [ 286342.643716198974289, 1306218.6686870099511 ], [ 286342.8229442507145, 1306184.902447452535853 ], [ 286016.461189206573181, 1306190.778475076425821 ], [ 285981.889355455175973, 1306182.15769430832006 ], [ 285979.216327639413066, 1306156.746949568158016 ], [ 285939.717114351398777, 1306157.02421177783981 ], [ 285888.576206390804145, 1306157.383268163306639 ], [ 285887.130213037773501, 1306129.115092037478462 ], [ 285859.206917478877585, 1306119.920208615949377 ], [ 285857.79223842167994, 1306096.083465795964003 ], [ 285826.212749964674003, 1306099.154169152956456 ], [ 285827.224541023373604, 1306065.592758928192779 ], [ 285764.88029569236096, 1306069.301705508492887 ], [ 285766.08896435511997, 1306004.611519844271243 ], [ 285705.799716842244379, 1306004.929775963304564 ], [ 285705.583965185680427, 1305974.225780873559415 ], [ 285614.527353219804354, 1305974.865748501149938 ], [ 285614.311517085705418, 1305944.162071675527841 ], [ 285494.545527285023127, 1305942.155283167259768 ], [ 285493.102375807357021, 1305914.308925369288772 ], [ 285441.96093953383388, 1305914.668665199773386 ], [ 285311.404364514281042, 1305915.587417221162468 ], [ 285311.208285557921045, 1305887.73237235378474 ], [ 285250.510269212070853, 1305889.109341156668961 ], [ 285250.699717413983308, 1305916.014798063319176 ], [ 285190.410869882209226, 1305916.439371180254966 ], [ 285190.240690315607935, 1305892.277259526541457 ], [ 285069.200180932704825, 1305886.482386784628034 ], [ 285068.983810665435158, 1305855.778626546729356 ], [ 284887.285040966002271, 1305857.059589544543996 ], [ 284887.501594429719262, 1305887.763378174509853 ], [ 284826.796973065123893, 1305888.191592562012374 ], [ 284827.230964495392982, 1305949.70507011259906 ], [ 284796.878599093121011, 1305949.919232963817194 ], [ 284797.095259453810286, 1305980.623037384590134 ], [ 284736.806394202751108, 1305981.048528276849538 ], [ 284736.202658327238169, 1306013.341210013721138 ], [ 284713.716601412044838, 1306008.751487276749685 ], [ 284586.129422292870004, 1306017.988387500634417 ], [ 284585.479115347610787, 1306043.633787897415459 ], [ 284494.375938988523558, 1306037.735370305133983 ], [ 284494.621008451096714, 1306013.570011617615819 ], [ 284464.268652840168215, 1306013.784515961539 ], [ 284464.459560341842007, 1306040.795741167850792 ], [ 284434.128855936811306, 1306044.070067137479782 ], [ 284433.916292529611383, 1306013.999050561338663 ], [ 284286.311538022826426, 1306014.93743971013464 ], [ 284222.28053165593883, 1306015.390428695827723 ], [ 284222.063284089090303, 1305984.686201776377857 ], [ 284191.710855575278401, 1305984.900972818955779 ], [ 284191.493584788986482, 1305954.197073588613421 ], [ 284130.788652459043078, 1305954.626696917926893 ], [ 284130.571323935058899, 1305923.922567398287356 ], [ 284100.21882009098772, 1305924.13741968316026 ], [ 284100.00071962014772, 1305893.327848341548815 ], [ 284070.064001452876255, 1305893.539782133419067 ], [ 284069.846623804070987, 1305862.835865474771708 ], [ 284039.494049295783043, 1305863.050768310436979 ], [ 284036.58683299110271, 1305804.825711483135819 ], [ 283978.353960031468887, 1305802.072472535539418 ], [ 283978.043098063906655, 1305758.179433392127976 ], [ 283977.918308133841492, 1305740.558955450542271 ], [ 283957.128881975484546, 1305740.70619428739883 ], [ 283856.923258908034768, 1305741.416088482597843 ], [ 283857.178335285163485, 1305718.727771034697071 ], [ 283751.094745079404674, 1305711.460446544457227 ], [ 283705.357665721094236, 1305711.784725536126643 ], [ 283706.740406830445863, 1305672.205880797002465 ], [ 283644.435283019207418, 1305681.616583663038909 ], [ 283644.216015915561002, 1305650.701507173478603 ], [ 283583.510301648988388, 1305651.132121635368094 ], [ 283583.292474065674469, 1305620.427911762148142 ], [ 283459.427960155182518, 1305627.215810710564256 ], [ 283462.079498102888465, 1305590.687963741831481 ], [ 283373.515394136542454, 1305591.316730117658153 ], [ 283341.428157530492172, 1305581.520294047426432 ], [ 283340.863961039925925, 1305560.631923720007762 ], [ 283159.161755208391696, 1305561.922898223157972 ], [ 283159.381498686154373, 1305592.838049895362929 ], [ 283098.675511443580035, 1305593.26961072627455 ], [ 283098.89307104004547, 1305623.868236939888448 ], [ 283038.62996803293936, 1305628.09539932734333 ], [ 283038.768798190867528, 1305647.61528574465774 ], [ 282975.562022753176279, 1305647.220684480387717 ], [ 282977.896988976979628, 1305624.728782386053354 ], [ 282947.543999893474393, 1305624.944733519805595 ], [ 282949.437569900066592, 1305657.325438268017024 ], [ 282887.491888103249948, 1305658.821250647539273 ], [ 282887.691648943000473, 1305686.887844824697822 ], [ 282857.338707026676275, 1305687.103895884705707 ], [ 282857.119391546119004, 1305656.294132805196568 ], [ 282826.766414190060459, 1305656.510209308471531 ], [ 282826.985760375275277, 1305687.319977195002139 ], [ 282796.632809007598553, 1305687.536088754190132 ], [ 282796.851439429912716, 1305718.240313050104305 ], [ 282766.498513906844892, 1305718.45645965076983 ], [ 282766.935851166257635, 1305779.864919391926378 ], [ 282736.998807711875997, 1305780.078143930993974 ], [ 282737.218265966512263, 1305810.887928286800161 ], [ 282676.512575183296576, 1305811.320400703931227 ], [ 282676.950126477167942, 1305872.729002885753289 ], [ 282616.244539181469008, 1305873.161615490214899 ], [ 282616.682983937673271, 1305934.675566723803058 ], [ 282586.746068318141624, 1305934.888963722623885 ], [ 282586.549130115308799, 1305965.596300654811785 ], [ 282526.259521739149932, 1305966.026158408261836 ], [ 282526.697429036605172, 1306027.434813651721925 ], [ 282496.345518460031599, 1306027.756607518531382 ], [ 282496.56451153382659, 1306058.461106690345332 ], [ 282435.85945315414574, 1306058.89413760532625 ], [ 282436.297573815740179, 1306120.302714184625074 ], [ 282376.008004666189663, 1306120.732920858776197 ], [ 282376.447019763698336, 1306182.246957113035023 ], [ 282346.094705565832555, 1306182.463596499990672 ], [ 282346.313876687316224, 1306213.168122261529788 ], [ 282315.961370362900198, 1306213.384798266226426 ], [ 282316.180574808618985, 1306244.08899738942273 ], [ 282285.8280943504069, 1306244.30570845794864 ], [ 282283.33259740867652, 1306302.464203245006502 ], [ 282256.330731416586787, 1306306.033780411817133 ], [ 282250.703141867765225, 1306333.192218442214653 ], [ 282104.787865767197218, 1306337.822222134796903 ], [ 282074.851372558274306, 1306338.036186103941873 ], [ 281983.793970207218081, 1306338.687178005464375 ], [ 281983.574414572911337, 1306307.982924540294334 ], [ 281953.22194332361687, 1306308.199977300828323 ], [ 281953.0023605824681, 1306277.495498284231871 ], [ 281923.065783589147031, 1306277.709601606009528 ], [ 281922.429491576505825, 1306246.902654411504045 ], [ 281892.492879595316481, 1306247.116782820783556 ], [ 281892.273247828881722, 1306216.412516609067097 ], [ 281861.920561455539428, 1306216.629646076355129 ], [ 281861.700901793665253, 1306185.925043612951413 ], [ 281831.348289028857835, 1306186.142197751207277 ], [ 281831.128606223035604, 1306155.43792296666652 ], [ 281770.42330521682743, 1306155.872312400722876 ], [ 281770.202810121350922, 1306125.062368346843868 ], [ 281740.266053880041, 1306125.276626578997821 ], [ 281740.046288283076137, 1306094.572117165662348 ], [ 281679.34072719537653, 1306095.006668822607026 ], [ 281679.120907058473676, 1306064.302371581783518 ], [ 281648.76814325817395, 1306064.519687593448907 ], [ 281648.548295232816599, 1306033.815054154954851 ], [ 281557.904953774414025, 1306034.358862398890778 ], [ 281557.536889749171678, 1305982.973683222895488 ], [ 281496.351828790968284, 1305974.548468203749508 ], [ 281496.539353887783363, 1305942.68022957444191 ], [ 281438.723023038357496, 1305940.14007201557979 ], [ 281435.612723165017087, 1305912.305222133407369 ], [ 281408.564342168043368, 1305909.438968650531024 ], [ 281405.455530733568594, 1305881.815437976736575 ], [ 281378.405603444087319, 1305878.738217620411888 ], [ 281374.882448342279531, 1305851.328323005000129 ], [ 281354.508634435478598, 1305851.474368223687634 ], [ 281223.533099819440395, 1305852.413562744390219 ], [ 281223.312862689141184, 1305821.709197583375499 ], [ 281101.900731447618455, 1305822.580297583248466 ], [ 281101.679618731723167, 1305791.770253164693713 ], [ 281041.389183300954755, 1305792.202990729361773 ], [ 281043.262201892212033, 1305763.488236222648993 ], [ 280859.475364613521378, 1305764.174958584364504 ], [ 280859.686104694497772, 1305793.507894631708041 ], [ 280768.626586273603607, 1305794.162247525295243 ], [ 280768.848035948118195, 1305824.972345147747546 ], [ 280738.910713768564165, 1305825.187538890168071 ], [ 280738.689233805402182, 1305794.377436480950564 ], [ 280707.474043140362483, 1305790.38105955068022 ], [ 280708.557557388558052, 1305825.405751720769331 ], [ 280526.426371508161537, 1305825.027525281067938 ], [ 280527.075287985033356, 1305857.417147965403274 ], [ 280436.015796055085957, 1305858.072525842813775 ], [ 280435.865403695555869, 1305837.180885828798637 ], [ 280405.857390923891217, 1305827.583556412253529 ], [ 280405.211849284241907, 1305853.440609780140221 ], [ 280313.397601671924349, 1305864.759154956089333 ], [ 280314.797749898280017, 1305828.239281573100016 ], [ 280222.531847468810156, 1305834.601992588257417 ], [ 280223.931895584915765, 1305798.082097936654463 ], [ 280193.578627339098603, 1305798.300818982999772 ], [ 280193.357362446142361, 1305767.596290844958276 ], [ 280132.650750310043804, 1305768.033814002061263 ], [ 280132.429427747614682, 1305737.32905538007617 ], [ 280072.138567409885582, 1305737.763691704254597 ], [ 280071.917189992265776, 1305707.059034620877355 ], [ 279822.473212352255359, 1305713.81797377159819 ], [ 279829.727656704606488, 1305739.512433346128091 ], [ 279798.1214345311746, 1305739.001910159364343 ], [ 279799.595923353277612, 1305770.436349032679573 ], [ 279777.974383967753965, 1305770.592444628942758 ], [ 279739.3050192243536, 1305770.871654361952096 ], [ 279739.950737842009403, 1305802.733978464035317 ], [ 279659.277459399774671, 1305802.155859973980114 ], [ 279527.469059638096951, 1305803.108311810297891 ], [ 279527.247123135137372, 1305772.403677107300609 ], [ 279496.893714110716246, 1305772.6230874795001 ], [ 279496.671750551555306, 1305741.918227126356214 ], [ 279466.318306134431623, 1305742.137662888038903 ], [ 279466.096317920135334, 1305711.432908843969926 ], [ 279435.742838071484584, 1305711.65236999373883 ], [ 279435.520061217597686, 1305680.842060846509412 ], [ 279405.582380318664946, 1305681.058540259953588 ], [ 279405.360340835119132, 1305650.353666950250044 ], [ 279375.006790122948587, 1305650.573178441263735 ], [ 279374.785489348229021, 1305619.973962229210883 ], [ 279344.431903329328634, 1305620.193499121116474 ], [ 279344.20828763442114, 1305589.277736811200157 ], [ 279313.854665993188974, 1305589.497299052309245 ], [ 279313.63255017856136, 1305558.792412713170052 ], [ 279283.278893144684844, 1305559.012000335613266 ], [ 279283.056752683827654, 1305528.307220300892368 ], [ 279222.765199898916762, 1305528.743467301130295 ], [ 279222.542240000795573, 1305497.933127250522375 ], [ 279192.188507268903777, 1305498.152795448899269 ], [ 279183.45086620451184, 1305439.968703848309815 ], [ 279131.03570221120026, 1305437.076955023221672 ], [ 279133.702042786986567, 1305403.291212386451662 ], [ 279100.460354941664264, 1305406.697448016144335 ], [ 279100.193751795042772, 1305369.872900995658711 ], [ 279100.015000290120952, 1305345.182284462731332 ], [ 279070.901738818734884, 1305344.443390050902963 ], [ 279069.854616558004636, 1305314.694117366103455 ], [ 279039.500676129537169, 1305314.913907130248845 ], [ 278978.792780816205777, 1305315.353577390545979 ], [ 278978.570377320400439, 1305284.648863585898653 ], [ 278948.216391840833239, 1305284.868739206111059 ], [ 278947.993197494652122, 1305254.058359413873404 ], [ 278887.700992136960849, 1305254.495178399374709 ], [ 278887.478506820392795, 1305223.790340447798371 ], [ 278857.124445672205184, 1305224.010296611813828 ], [ 278856.901934124587569, 1305193.305343654705212 ], [ 278765.839629908266943, 1305193.965378962224349 ], [ 278765.617033355403692, 1305163.260633189929649 ], [ 278674.970437142939772, 1305163.917910135351121 ], [ 278674.524308953841683, 1305102.402507908642292 ], [ 278613.816087448387407, 1305102.842832363443449 ], [ 278604.002025648602284, 1305068.408704657107592 ], [ 278553.300677783321589, 1305072.575373049592599 ], [ 278553.077887025196105, 1305041.870374022983015 ], [ 278522.723589259083383, 1305042.090632695006207 ], [ 278522.500007944530807, 1305011.28018875233829 ], [ 278492.145674674655311, 1305011.500472759595141 ], [ 278491.922834706376307, 1304980.795686289202422 ], [ 278461.568466000142507, 1304981.015995647525415 ], [ 278461.121971898770425, 1304919.500531336758286 ], [ 278430.767537084408104, 1304919.720861140172929 ], [ 278430.098893377231434, 1304827.60614676726982 ], [ 278400.160210365778767, 1304827.823473269119859 ], [ 278399.936543075891677, 1304797.013013440417126 ], [ 278369.581976222922094, 1304797.233383728889748 ], [ 278372.025299582863227, 1304732.847876615822315 ], [ 278338.781494855764322, 1304736.043838490266353 ], [ 278340.620725465472788, 1304703.002361558377743 ], [ 278277.849206021637656, 1304705.779673466226086 ], [ 278278.640580854844302, 1304642.989259762456641 ], [ 278217.108808186312672, 1304644.702324023703113 ], [ 278216.885754354356322, 1304613.997278671013191 ], [ 278186.530974969267845, 1304614.217800569254905 ], [ 278186.084056463325396, 1304552.702371564693749 ], [ 278155.729210999968927, 1304552.922913887770846 ], [ 278155.506113174138591, 1304522.218081598170102 ], [ 278125.15123227663571, 1304522.438649255083874 ], [ 278124.257998694956768, 1304399.513090525753796 ], [ 278093.902990554459393, 1304399.733668811852112 ], [ 278093.009720014350023, 1304276.808430763194337 ], [ 278063.070441303076223, 1304277.02599746407941 ], [ 278061.953241153969429, 1304123.289914343506098 ], [ 278031.597947953268886, 1304123.510508543578908 ], [ 278029.748636026051827, 1304040.690136962337419 ], [ 278000.573130073025823, 1304031.616254466818646 ], [ 278000.126043113705236, 1303970.100897253025323 ], [ 277969.77058729797136, 1303970.321527382358909 ], [ 277968.877117265888955, 1303847.395908522652462 ], [ 277938.521534274274018, 1303847.616549254162237 ], [ 277939.535916398221161, 1303758.338459828170016 ], [ 277935.9678530911915, 1303725.125103433150798 ], [ 277907.688180900877342, 1303724.908768718596548 ], [ 277907.464977811730932, 1303694.203690205235034 ], [ 277877.10923230816843, 1303694.424366428982466 ], [ 277876.885237292619422, 1303663.613842690363526 ], [ 277907.24101345782401, 1303663.393171383766457 ], [ 277910.339052674011327, 1303631.92549590091221 ], [ 277876.662015644076746, 1303632.908981623128057 ], [ 277876.215585491096135, 1303571.498929099878296 ], [ 277845.859712786332238, 1303571.71961591206491 ], [ 277845.412474894314073, 1303510.204004168044776 ], [ 277815.056536131538451, 1303510.424711365951225 ], [ 277814.833279324520845, 1303479.719843074679375 ], [ 277784.477305162814446, 1303479.940575575456023 ], [ 277784.253254637820646, 1303449.130040777148679 ], [ 277814.609259456512518, 1303448.909313196083531 ], [ 277817.283067174139433, 1303416.28379774116911 ], [ 277784.029976063116919, 1303418.424947355408221 ], [ 277783.17063465656247, 1303357.439992076950148 ], [ 277723.287097778986208, 1303357.453364346642047 ], [ 277722.839690332650207, 1303295.937942046904936 ], [ 277692.483518182765692, 1303296.158735286444426 ], [ 277692.260942096705548, 1303265.559181402204558 ], [ 277661.9047346545849, 1303265.779999954160303 ], [ 277661.514035096741281, 1303212.072611932409927 ], [ 277639.833625463244971, 1303204.421867715660483 ], [ 277600.744684170465916, 1303204.706269197631627 ], [ 277600.110216064669657, 1303174.63726334925741 ], [ 277570.506340868887492, 1303163.983940698439255 ], [ 277570.132404276286252, 1303112.597891318146139 ], [ 277534.408608899684623, 1303118.133960783714429 ], [ 277539.329100542003289, 1303051.40866324910894 ], [ 277474.899007507134229, 1303055.359905789606273 ], [ 277478.392690111824777, 1303021.14564860984683 ], [ 277445.558948303107172, 1303023.811606469331309 ], [ 277447.812113475985825, 1302990.556056228931993 ], [ 277416.21718352008611, 1302992.05222310195677 ], [ 277417.232025627105031, 1302960.071927355136722 ], [ 277387.291126840282232, 1302960.289941301802173 ], [ 277387.067536385147832, 1302929.584903280483559 ], [ 277360.869601245154627, 1302929.775682560866699 ], [ 277326.354565089102834, 1302930.027063136920333 ], [ 277328.611143935006112, 1302897.299135907320306 ], [ 277295.774285452731419, 1302899.54302625823766 ], [ 277300.531376481987536, 1302867.535447152098641 ], [ 277204.89570411562454, 1302869.392921751365066 ], [ 277204.671947266790085, 1302838.687966518336907 ], [ 277143.880065395613201, 1302828.367823090869933 ], [ 277114.636905203631613, 1302810.220192099921405 ], [ 277053.080306447402108, 1302809.086193262599409 ], [ 277052.85640692996094, 1302778.381103907944635 ], [ 276992.142035454395227, 1302778.718326782807708 ], [ 276991.92346749920398, 1302748.751870294334367 ], [ 276962.001751352800056, 1302751.608067154418677 ], [ 276961.337259867112152, 1302717.529442135710269 ], [ 276870.682503468007781, 1302718.190856882371008 ], [ 276870.458437600871548, 1302687.485850290395319 ], [ 276809.744594317278825, 1302687.928956972667947 ], [ 276809.519701348384842, 1302657.118278364883736 ], [ 276756.706766647985205, 1302657.503811097703874 ], [ 276748.657864682027139, 1302637.302361811045557 ], [ 276748.357424980145879, 1302596.151113963453099 ], [ 276717.589135461545084, 1302597.008996573276818 ], [ 276718.192079967353493, 1302565.664692403515801 ], [ 276688.230863073840737, 1302563.139855509391055 ], [ 276687.610020077845547, 1302535.075665229465812 ], [ 276662.232405051414389, 1302533.783516692230478 ], [ 276657.028669354796875, 1302504.592100325739011 ], [ 276626.26104305969784, 1302505.555390427354723 ], [ 276626.222989132395014, 1302443.403403859352693 ], [ 276565.923694632947445, 1302443.738544517662376 ], [ 276565.699368830071762, 1302413.033161544473842 ], [ 276535.34212596231373, 1302413.254956420278177 ], [ 276535.11777727259323, 1302382.549900931771845 ], [ 276504.760498982330319, 1302382.771721058059484 ], [ 276504.536123365513049, 1302352.066439884481952 ], [ 276443.821491101582069, 1302352.51016081799753 ], [ 276447.753207446774468, 1302378.334352844627574 ], [ 276413.688634872320108, 1302383.437362528638914 ], [ 276415.112286833696999, 1302350.609525077277794 ], [ 276322.80805489764316, 1302353.394923369633034 ], [ 276326.063146131346002, 1302286.681422160938382 ], [ 276292.000780314847361, 1302292.101099360268563 ], [ 276293.423553910106421, 1302259.167795123532414 ], [ 276231.47721079189796, 1302261.836745080538094 ], [ 276228.146396951400675, 1302204.457385481800884 ], [ 276204.373864155437332, 1302195.23974052676931 ], [ 276200.445030102680903, 1302169.837642688537017 ], [ 276170.8914691239479, 1302166.255116429179907 ], [ 276169.862812036764808, 1302139.354648979613557 ], [ 276138.68061728135217, 1302140.532404966652393 ], [ 276139.280748868884984, 1302108.871342576341704 ], [ 276106.042899148946162, 1302113.335693920264021 ], [ 276108.697637708042748, 1302078.282948770327494 ], [ 276054.217061646631919, 1302078.259600507793948 ], [ 276017.892229051387403, 1302058.687365985708311 ], [ 275986.641610532591585, 1302050.579860039753839 ], [ 275987.233216475811787, 1302017.758356349309906 ], [ 275924.88056197820697, 1302021.802632128586993 ], [ 275926.292082645464689, 1301987.392181714531034 ], [ 275865.23639469279442, 1301998.180469321319833 ], [ 275865.767477778892498, 1301957.128503514453769 ], [ 275805.051846522954293, 1301957.573360007023439 ], [ 275805.276854487834498, 1301988.278747759526595 ], [ 275684.292494570370764, 1301993.386459158500656 ], [ 275684.487456550588831, 1302019.976643243338913 ], [ 275665.357911219471134, 1302020.116910443641245 ], [ 275654.129675213422161, 1302020.199246945790946 ], [ 275654.241098809521645, 1302035.393624695017934 ], [ 275654.354844225104898, 1302050.904439141973853 ], [ 275643.126509831869043, 1302050.986782402265817 ], [ 275593.639327924465761, 1302051.349746973020956 ], [ 275593.864564838586375, 1302082.055170846870169 ], [ 275533.564982319716364, 1302082.497557684546337 ], [ 275534.241677673649974, 1302174.718972114147618 ], [ 275503.884024636412505, 1302174.941751061473042 ], [ 275504.109373678744305, 1302205.647191825089976 ], [ 275473.751746267487761, 1302205.870005905395374 ], [ 275474.346586058149114, 1302286.906848846469074 ], [ 275474.428689619409852, 1302298.091677622869611 ], [ 275466.111552711226977, 1302298.152731941780075 ], [ 275414.129493162035942, 1302298.534372361376882 ], [ 275413.939063462661579, 1302329.242662478471175 ], [ 275383.997432889824267, 1302329.462532732170075 ], [ 275384.223704211122822, 1302360.273438001051545 ], [ 275353.866210108972155, 1302360.496397201670334 ], [ 275354.968010932672769, 1302453.875719622941688 ], [ 275355.188907918403856, 1302483.947983435355127 ], [ 275333.562078217335511, 1302483.790399326942861 ], [ 275324.411769519676454, 1302483.64661544887349 ], [ 275323.272743475157768, 1302498.427978018531576 ], [ 275320.545479279593565, 1302523.456868465989828 ], [ 275326.218134495604318, 1302729.500544909853488 ], [ 275356.575266797561198, 1302729.277495985850692 ], [ 275357.02646270848345, 1302790.688335518818349 ], [ 275387.383529035374522, 1302790.465306871337816 ], [ 275387.835460311500356, 1302851.981691400986165 ], [ 275357.478455167030916, 1302852.204729978460819 ], [ 275357.704070277453866, 1302882.909985595615581 ], [ 275388.061044882400893, 1302882.686942061875015 ], [ 275388.73860884597525, 1302974.90869258181192 ], [ 275328.024838191864546, 1302975.354839618783444 ], [ 275328.927540326607414, 1303098.1764465959277 ], [ 275380.076506759040058, 1303097.800542318960652 ], [ 275419.581943640718237, 1303097.510267345234752 ], [ 275420.224194764508866, 1303128.318125193938613 ], [ 275450.165036709862761, 1303128.098157515749335 ], [ 275450.390609464026056, 1303158.803624288411811 ], [ 275511.1039742983412, 1303158.357658503809944 ], [ 275511.330265632714145, 1303189.168558040633798 ], [ 275541.686910061805975, 1303188.945615477394313 ], [ 275542.364947763097007, 1303281.272638892754912 ], [ 275512.008395188022405, 1303281.495596349239349 ], [ 275512.233157793642022, 1303312.095503044547513 ], [ 275391.222896241233684, 1303312.984598262934014 ], [ 275390.998012274270877, 1303282.384671884356067 ], [ 275330.284853373887017, 1303282.830918193329126 ], [ 275330.058362723095343, 1303252.019987321924418 ], [ 275269.345122910686769, 1303252.466344489715993 ], [ 275268.892811737721786, 1303190.950127989519387 ], [ 275238.952001235680655, 1303191.170283769955859 ], [ 275243.991091537929606, 1303141.220925147645175 ], [ 275234.958024874562398, 1303100.450097324559465 ], [ 275268.213994416291825, 1303098.622754080686718 ], [ 275267.536777293425985, 1303006.506601303815842 ], [ 275237.595785824407358, 1303006.726727703120559 ], [ 275237.370026339311153, 1302976.021228946279734 ], [ 275176.241768517764285, 1302976.681731703225523 ], [ 275176.204582215927076, 1302915.056771967094392 ], [ 275147.091369664180093, 1302914.743311535334215 ], [ 275145.395164664310869, 1302853.763786756433547 ], [ 275115.370180192636326, 1302842.58815829642117 ], [ 275114.586415653815493, 1302792.576145630795509 ], [ 275057.217674344137777, 1302795.530797112034634 ], [ 275054.06139266944956, 1302762.208748823963106 ], [ 275023.704242013685871, 1302762.432103787316009 ], [ 275023.478311203303747, 1302731.726574523141608 ], [ 274902.465422214474529, 1302732.61721473489888 ], [ 274902.239376557990909, 1302701.911887509049848 ], [ 274851.089502499904484, 1302702.28847971255891 ], [ 274860.843021938169841, 1302671.403994979569688 ], [ 274871.001017075788695, 1302638.933599848533049 ], [ 274901.638941576937214, 1302620.34723405353725 ], [ 274932.353893068386242, 1302612.20689631300047 ], [ 274931.04927494272124, 1302547.953219212358817 ], [ 274991.763919722812716, 1302547.506428722757846 ], [ 274991.312077525828499, 1302486.095589354168624 ], [ 275021.669508127146401, 1302485.872248917352408 ], [ 275021.216969908215106, 1302424.355647276388481 ], [ 275040.320051971706562, 1302420.627459222218022 ], [ 275050.670346238999628, 1302301.205276002874598 ], [ 275080.61206000985112, 1302300.985084012383595 ], [ 275080.793624111800455, 1302269.115763559006155 ], [ 275050.444524000980891, 1302270.499648835277185 ], [ 275047.756837742868811, 1302244.349823076277971 ], [ 275020.67885257746093, 1302238.112216753652319 ], [ 275019.634422373899724, 1302209.206661885837093 ], [ 274970.11927133181598, 1302205.772098870947957 ], [ 274959.715857615112327, 1302204.898937550140545 ], [ 274959.050005384255201, 1302170.92543027899228 ], [ 274958.467218564532232, 1302148.242445586016402 ], [ 274923.119163957773708, 1302148.502508723409846 ], [ 274856.997312694904394, 1302148.989090929972008 ], [ 274808.682405738858506, 1302139.108948508044705 ], [ 274776.510417660640087, 1302118.874242975609377 ], [ 274776.296511426335201, 1302146.311933771474287 ], [ 274748.486787333036773, 1302153.692266002995893 ], [ 274746.15258119686041, 1302119.097764783538878 ], [ 274716.210633551876526, 1302119.318253967212513 ], [ 274716.43676443118602, 1302150.023933019256219 ], [ 274655.721128109435085, 1302150.471136639360338 ], [ 274656.416960801579989, 1302188.454276576871052 ], [ 274558.653178079868667, 1302184.214909555623308 ], [ 274535.370564318378456, 1302185.125311337644234 ], [ 274535.158329932484776, 1302212.773817323846743 ], [ 274424.123620296013542, 1302213.59243760863319 ], [ 274383.785253485839348, 1302213.889938211767003 ], [ 274383.890320917707868, 1302228.134772165678442 ], [ 274384.012512014596723, 1302244.701005484908819 ], [ 274369.873246691306122, 1302244.805299400119111 ], [ 274323.296951101743616, 1302245.148901279782876 ], [ 274323.52349659462925, 1302275.854315009433776 ], [ 274248.668934790301137, 1302276.406692339573056 ], [ 274202.50833057705313, 1302276.747418533544987 ], [ 274206.087522264337167, 1302310.910672391066328 ], [ 274142.019507698249072, 1302307.901461682748049 ], [ 274144.571042770752683, 1302371.829727029195055 ], [ 274112.116075693047605, 1302369.642209341283888 ], [ 274112.342857199604623, 1302400.347881271271035 ], [ 274082.401079059403855, 1302400.569038154557347 ], [ 274082.85471730097197, 1302461.980282749980688 ], [ 274052.497882182302419, 1302462.309883735375479 ], [ 274053.40612406982109, 1302585.237952646333724 ], [ 274023.048628160264343, 1302585.462271512020379 ], [ 274023.545338372816332, 1302652.676776316715404 ], [ 274023.957075207028538, 1302708.390147428726777 ], [ 273993.599696634220891, 1302708.614516447531059 ], [ 273994.508350497111678, 1302831.542420610086992 ], [ 273964.151089232647792, 1302831.766839786432683 ], [ 273964.378102200047579, 1302862.472544363699853 ], [ 273934.02086654456798, 1302862.696998721687123 ], [ 273935.73599536268739, 1302925.892830196069553 ], [ 273874.177268466854002, 1302924.65958427474834 ], [ 273873.775767402665224, 1302982.806009326362982 ], [ 273813.917251840466633, 1302986.520075409673154 ], [ 273818.345892083889339, 1303022.998501521069556 ], [ 273783.787336076202337, 1303017.450437348568812 ], [ 273786.532397446339019, 1303051.197551305172965 ], [ 273723.717058892827481, 1303048.707899928092957 ], [ 273723.944350724574178, 1303079.413426638580859 ], [ 273421.205504035577178, 1303081.65591936185956 ], [ 273421.432324997149408, 1303112.256163745885715 ], [ 273269.646876555518247, 1303113.381646826164797 ], [ 273269.875420079450123, 1303144.192914082901552 ], [ 273209.577150667784736, 1303144.640243069501594 ], [ 273209.804978041909635, 1303175.346077373251319 ], [ 273088.792618870967999, 1303176.244200091110542 ], [ 273089.021356118377298, 1303207.055498384172097 ], [ 272907.29491161252372, 1303208.405157335102558 ], [ 272907.065990862553008, 1303177.593828953569755 ], [ 272846.351780848111957, 1303178.0449759864714 ], [ 272846.580762905650772, 1303208.856314425589517 ], [ 272816.223681130330078, 1303209.081938274204731 ], [ 272815.994668418657966, 1303178.270594805013388 ], [ 272785.637551023042761, 1303178.496243826113641 ], [ 272785.866594388498925, 1303209.307592325378209 ], [ 272707.271048750844784, 1303209.891958605265245 ], [ 272664.774029799911659, 1303199.444521464640275 ], [ 272605.541977244894952, 1303175.508898867527023 ], [ 272603.68218970252201, 1303149.141743854153901 ], [ 272543.779958938364871, 1303146.949318470433354 ], [ 272542.926725573488511, 1303088.178612887626514 ], [ 272451.855168118607253, 1303088.8564167174045 ], [ 272451.626596296147909, 1303058.150680193211883 ], [ 272421.684965597989503, 1303058.373576136073098 ], [ 272421.22698936611414, 1302996.856208294862881 ], [ 272209.141435265773907, 1302998.43581364187412 ], [ 272209.37024161638692, 1303029.14181047026068 ], [ 272148.655498194973916, 1303029.594293175032362 ], [ 272148.885156910924707, 1303060.405744597082958 ], [ 272118.527808415179607, 1303060.632036292925477 ], [ 272118.756715411087498, 1303091.337827951880172 ], [ 272088.815279083093628, 1303091.561054058605805 ], [ 272089.043436152744107, 1303122.161517769098282 ], [ 272058.68613876181189, 1303122.387879492016509 ], [ 272058.915905031026341, 1303153.199347540736198 ], [ 271998.201356615521945, 1303153.652171685127541 ], [ 271998.430402999278158, 1303184.358206215314567 ], [ 271968.073151880176738, 1303184.58466862142086 ], [ 271968.761986394005362, 1303276.913457435322925 ], [ 271855.653489402728155, 1303278.179693603655323 ], [ 271817.392000230960548, 1303278.043193225050345 ], [ 271816.93272945494391, 1303216.525838361354545 ], [ 271851.448502591345459, 1303216.268179076723754 ], [ 271853.281975351157598, 1303183.330833391286433 ], [ 271877.417254553351086, 1303185.261133138788864 ], [ 271877.188086391775869, 1303154.555078547913581 ], [ 271846.830784889520146, 1303154.781656315783039 ], [ 271846.143223195045721, 1303062.663812429178506 ], [ 271815.785825072729494, 1303062.89040529425256 ], [ 271815.555830034776591, 1303032.078898473875597 ], [ 271694.541953527368605, 1303032.982445671455935 ], [ 271694.772070750419516, 1303063.793972638202831 ], [ 271664.414647799101658, 1303064.020716089289635 ], [ 271664.184499924536794, 1303033.209184067323804 ], [ 271633.827041341224685, 1303033.435952662024647 ], [ 271634.057219867070671, 1303064.247489740140736 ], [ 271513.043346675112844, 1303065.151777751510963 ], [ 271513.272862933285069, 1303095.857669836608693 ], [ 271452.558013482135721, 1303096.311558596324176 ], [ 271452.786808598786592, 1303126.912127495743334 ], [ 271392.487887868890539, 1303127.363036731956527 ], [ 271392.947982528829016, 1303188.880750709911808 ], [ 271362.590632065664977, 1303189.107815513387322 ], [ 271362.821112415578682, 1303219.919400583021343 ], [ 271332.463787619723007, 1303220.146500651957467 ], [ 271333.154562305076979, 1303312.47560836118646 ], [ 271272.440299523179419, 1303312.929927825694904 ], [ 271272.899124160292558, 1303374.236688750330359 ], [ 271151.886231594311539, 1303375.142619490157813 ], [ 271152.116956658777781, 1303405.954021768877283 ], [ 271091.818266089539975, 1303406.405621310696006 ], [ 271091.587480126065202, 1303375.594208966242149 ], [ 270997.224640189437196, 1303381.04974757367745 ], [ 271000.285948915174231, 1303345.57028337311931 ], [ 270940.392691723012831, 1303344.647267651511356 ], [ 270939.342070675455034, 1303315.424619576428086 ], [ 270903.578572405152954, 1303315.692681127926335 ], [ 270879.043346717022359, 1303315.876606555422768 ], [ 270875.930531791062094, 1303288.991095566190779 ], [ 270818.097669448470697, 1303285.52015369082801 ], [ 270814.102604927611537, 1303251.887539729941636 ], [ 270757.484642547788098, 1303244.081230458570644 ], [ 270666.257231227180455, 1303224.08252613642253 ], [ 270666.03396586276358, 1303194.326158667681739 ], [ 270635.676495783380233, 1303194.553946692496538 ], [ 270635.446078016306274, 1303163.847685639746487 ], [ 270514.431914804154076, 1303164.755997103406116 ], [ 270514.200588970328681, 1303133.944271407788619 ], [ 270483.843032729753759, 1303134.172199890483171 ], [ 270483.613265925087035, 1303103.571470237337053 ], [ 270415.428555646096356, 1303106.194076385349035 ], [ 270332.255418516811915, 1303106.607754532247782 ], [ 270332.47106660681311, 1303135.309170512482524 ], [ 270241.814183275448158, 1303135.990462906658649 ], [ 270241.600830107112415, 1303107.605700063984841 ], [ 270211.237648652866483, 1303107.095336346887052 ], [ 270211.456582084938418, 1303136.218662383733317 ], [ 270150.741364683548454, 1303136.675151945324615 ], [ 270150.524752776836976, 1303107.868262420874089 ], [ 270059.860550499812234, 1303107.600409708917141 ], [ 270059.623221179004759, 1303076.050049857003614 ], [ 270029.265528976509813, 1303076.278420004295185 ], [ 270029.502095554606058, 1303107.723229170311242 ], [ 269968.785388031974435, 1303107.968957002740353 ], [ 269969.011701097653713, 1303138.042214070446789 ], [ 269908.712076653493568, 1303138.496057084528729 ], [ 269908.944013902044389, 1303169.307884261477739 ], [ 269851.125474426662549, 1303167.843723771395162 ], [ 269849.347032588673756, 1303263.04159656399861 ], [ 269849.387459928751923, 1303323.613067362923175 ], [ 269819.029977404861711, 1303323.841689189895988 ], [ 269819.260449857683852, 1303354.442533368477598 ], [ 269758.961419135914184, 1303354.896744614001364 ], [ 269759.192752648377791, 1303385.603155423188582 ], [ 269640.273995862109587, 1303388.609765812987462 ], [ 269637.531520629767329, 1303355.811794250272214 ], [ 269546.87493303429801, 1303356.495262612355873 ], [ 269547.106480015092529, 1303387.201708931475878 ], [ 269516.749008370970841, 1303387.430642154999077 ], [ 269516.981384881422855, 1303418.242318331962451 ], [ 269456.266487849585246, 1303418.700285611441359 ], [ 269456.498137280461378, 1303449.406748221954331 ], [ 269426.556599785690196, 1303449.632644358556718 ], [ 269426.788283903268166, 1303480.339001846732572 ], [ 269366.073479060491081, 1303480.797169907717034 ], [ 269366.305230513040442, 1303511.503648744430393 ], [ 269335.947851093835197, 1303511.732783180195838 ], [ 269336.180434454116039, 1303542.544713251991197 ], [ 269245.524245186417829, 1303543.229172561317682 ], [ 269245.760909531963989, 1303574.568678965093568 ], [ 269216.222594009246677, 1303573.103313187370077 ], [ 269185.041446046088822, 1303574.394011790631339 ], [ 269185.274193140678108, 1303605.205968402791768 ], [ 269124.558756046986673, 1303605.559214041568339 ], [ 269124.79156988178147, 1303636.371181393275037 ], [ 269064.492856846773066, 1303636.826860582921654 ], [ 269064.724939207080752, 1303667.533282128395513 ], [ 269004.010380946681835, 1303667.992234819335863 ], [ 269004.242530660878401, 1303698.698777728714049 ], [ 268973.885274530388415, 1303698.928304493892938 ], [ 268974.117458528024144, 1303729.634631703374907 ], [ 268944.176113297231495, 1303729.861048643942922 ], [ 268943.993247006088495, 1303760.676193817518651 ], [ 268822.980282098869793, 1303761.59161790041253 ], [ 268823.212630983558483, 1303792.298192881513387 ], [ 268762.914121858892031, 1303792.754521276801825 ], [ 268763.11938073602505, 1303819.873287097318098 ], [ 268702.792943858541548, 1303816.636476637097076 ], [ 268702.664664572570473, 1303854.62719900207594 ], [ 268641.950570596905891, 1303855.086934834485874 ], [ 268641.594167153467424, 1303808.024568252731115 ], [ 268641.019634716794826, 1303732.155176273314282 ], [ 268550.363647992664482, 1303732.841797311324626 ], [ 268550.597064521047287, 1303763.653863697778434 ], [ 268489.882518783328123, 1303764.11387190152891 ], [ 268493.444250180211384, 1303795.111854364629835 ], [ 268217.731544550624676, 1303796.885771190747619 ], [ 268217.498586030676961, 1303766.179094337159768 ], [ 268126.42659347015433, 1303766.87014666525647 ], [ 268126.192748403118458, 1303736.058008610270917 ], [ 268032.648635743593331, 1303739.828310602810234 ], [ 268035.303376809461042, 1303706.039674827596173 ], [ 268001.646424615988508, 1303709.883039915002882 ], [ 268004.712803703150712, 1303675.563454969320446 ], [ 267971.059822937357239, 1303679.934633977944031 ], [ 267974.122170665999874, 1303645.087366260122508 ], [ 267939.235912668751553, 1303651.367413889383897 ], [ 267943.530566196423024, 1303614.505741744302213 ], [ 267913.589040300576016, 1303614.733148484025151 ], [ 267913.355809508590028, 1303584.026423685252666 ], [ 267853.439596525451634, 1303580.155022145016119 ], [ 267852.173317806271371, 1303522.968942446168512 ], [ 267795.182408712513279, 1303520.974883754039183 ], [ 267786.259310139692388, 1303496.032487957272679 ], [ 267761.282933105481789, 1303492.951047463808209 ], [ 267761.064809922478162, 1303464.249443640466779 ], [ 267760.582066156843212, 1303400.725689547834918 ], [ 267725.2589919003658, 1303404.265495050000027 ], [ 267729.990921743097715, 1303370.249648701399565 ], [ 267699.219520578859374, 1303370.799997289432213 ], [ 267699.400518918584567, 1303339.879185577156022 ], [ 267673.179522382561117, 1303337.229284604312852 ], [ 267663.844629799714312, 1303312.817957254592329 ], [ 267638.450466959562618, 1303309.528526176698506 ], [ 267638.22904996026773, 1303280.404676988720894 ], [ 267637.982770143193193, 1303248.00976998405531 ], [ 267610.936635409714654, 1303246.210244509624317 ], [ 267603.669594170700293, 1303220.305866680340841 ], [ 267577.44858282286441, 1303217.656027656979859 ], [ 267576.801708267070353, 1303187.269086847780272 ], [ 267546.856965196144301, 1303187.180110091576353 ], [ 267542.667356385791209, 1303128.433283226797357 ], [ 267516.031850902130827, 1303125.997539225732908 ], [ 267515.385039598855656, 1303095.610589568503201 ], [ 267485.440415377728641, 1303095.521876750746742 ], [ 267488.100954325695056, 1303062.577128714881837 ], [ 267454.847897256724536, 1303064.940568377962336 ], [ 267454.614306695060804, 1303034.233776091132313 ], [ 267424.671800849027932, 1303034.461564652621746 ], [ 267428.361053028667811, 1302972.699992210138589 ], [ 267393.846542295999825, 1302973.279051088262349 ], [ 267394.434964551066514, 1302941.299786768388003 ], [ 267363.253816976677626, 1302942.6977990467567 ], [ 267363.019354554300662, 1302911.885546748293564 ], [ 267332.661834912141785, 1302912.222235503839329 ], [ 267331.604378797172103, 1302882.576997770229355 ], [ 267272.12732691608835, 1302881.974381196545437 ], [ 267273.941659054078627, 1302847.136430803220719 ], [ 267241.534383805352263, 1302851.39321512915194 ], [ 267240.069783159589861, 1302822.911932228133082 ], [ 267214.632753199082799, 1302814.030328050255775 ], [ 267210.70839287166018, 1302790.210797862848267 ], [ 267179.102214516722597, 1302790.45144933112897 ], [ 267149.91028262214968, 1302780.015581474173814 ], [ 267120.222747537773103, 1302759.136029344983399 ], [ 267119.164414176368155, 1302729.385427567642182 ], [ 267059.661956736526918, 1302725.512103919871151 ], [ 267058.629292222671211, 1302699.138119498733431 ], [ 267026.628208007896319, 1302702.125469692982733 ], [ 267028.036751356266905, 1302668.6624369060155 ], [ 266997.678127361112274, 1302668.893747818889096 ], [ 266997.444152274925727, 1302638.187106671044603 ], [ 266933.862357551930472, 1302644.792237218236551 ], [ 266936.907897319411859, 1302607.834319808287546 ], [ 266873.730671854456887, 1302612.959142299368978 ], [ 266875.956403895455878, 1302577.590249642031267 ], [ 266813.189375470101368, 1302581.97333456017077 ], [ 266815.004775120702107, 1302547.346501485910267 ], [ 266784.645993333368097, 1302547.578002744819969 ], [ 266784.411824150360189, 1302516.870995790464804 ], [ 266754.468110460729804, 1302516.994013584218919 ], [ 266754.233916622470133, 1302486.287002069177106 ], [ 266693.516205382940825, 1302486.750134092522785 ], [ 266693.281958449399099, 1302456.043444707524031 ], [ 266632.564165795105509, 1302456.506687195738778 ], [ 266632.329861548903864, 1302425.799766739597544 ], [ 266572.027896206884179, 1302426.259945374913514 ], [ 266571.79273197951261, 1302395.447568012168631 ], [ 266541.433756713871844, 1302395.679284187033772 ], [ 266541.19937388796825, 1302364.972570701502264 ], [ 266480.481347005988937, 1302365.436083312379196 ], [ 266480.24690602888586, 1302334.729028042405844 ], [ 266419.944708111346699, 1302335.189474935643375 ], [ 266419.710214473423548, 1302304.482741932850331 ], [ 266116.535191856441088, 1302306.79943086928688 ], [ 266116.299590801121667, 1302275.986978096421808 ], [ 265920.420344856684096, 1302277.485338332131505 ], [ 265386.014681405504234, 1302281.579607925610617 ], [ 265238.376958631211892, 1302282.712359251687303 ], [ 265240.316675392910838, 1302318.682795815402642 ], [ 264995.73919178894721, 1302315.390010940143839 ], [ 264905.492790768388659, 1302316.08351122867316 ], [ 264907.299154491629452, 1302280.506380841135979 ], [ 264541.775142633821815, 1302288.066659165313467 ], [ 264541.538769809645601, 1302257.359385757008567 ], [ 264511.179299863288179, 1302257.593093681614846 ], [ 264510.942903707444202, 1302226.886036885436624 ], [ 264450.223887334228493, 1302227.35353290126659 ], [ 264449.987433057045564, 1302196.646134283859283 ], [ 264389.684252224280499, 1302197.110537201166153 ], [ 264389.446933200699277, 1302166.298012254526839 ], [ 264359.087345945416018, 1302166.531855084234849 ], [ 264358.614285989897326, 1302105.117471943143755 ], [ 264328.254632512922399, 1302105.351334556704387 ], [ 264327.863631574262399, 1302054.594542534323409 ], [ 264298.217067807447165, 1302039.415693620452657 ], [ 264297.184427969856188, 1302013.357955472311005 ], [ 264266.827111670165323, 1302013.908429699251428 ], [ 264266.766591092280578, 1301952.068579283542931 ], [ 264209.771200356190093, 1301950.080641207285225 ], [ 264185.015972797060385, 1301921.989616838283837 ], [ 264175.254427353967912, 1301896.63220181548968 ], [ 264174.9770963776391, 1301860.648793299682438 ], [ 264150.855457364814356, 1301860.834710342111066 ], [ 264114.257233867654577, 1301861.116826737998053 ], [ 264111.299754120176658, 1301801.198883533012122 ], [ 264083.838905076903757, 1301799.827545735519379 ], [ 264083.539522688486613, 1301760.995016828645021 ], [ 264075.878745076362975, 1301738.365344883641228 ], [ 264053.004550251411274, 1301738.541703790193424 ], [ 264049.872102800407447, 1301709.861764363246039 ], [ 264022.407686508144252, 1301708.068341786041856 ], [ 264024.652402036241256, 1301675.54801525385119 ], [ 263991.810764662921429, 1301677.595332009252161 ], [ 263988.026343832723796, 1301618.316909422166646 ], [ 263960.976131247938611, 1301616.309311238350347 ], [ 263960.691285220324062, 1301579.376163671258837 ], [ 263950.937029369291849, 1301554.968473209068179 ], [ 263930.400235487904865, 1301534.654334517894313 ], [ 263930.083628779510036, 1301493.605696320533752 ], [ 263901.378864811267704, 1301492.771891535725445 ], [ 263899.48642517864937, 1301463.132728160126135 ], [ 263875.330243925389368, 1301458.886862401850522 ], [ 263865.165664408006705, 1301435.220974275143817 ], [ 263838.528751460136846, 1301432.893788515357301 ], [ 263839.533107699942775, 1301401.332639946602285 ], [ 263807.9305754940724, 1301402.315215793671086 ], [ 263803.318889208137989, 1301343.676310257054865 ], [ 263777.096402437891811, 1301341.134833122370765 ], [ 263776.837453295011073, 1301307.578337512910366 ], [ 263767.471838451863732, 1301279.685437897453085 ], [ 263716.316225342627149, 1301280.080240793293342 ], [ 263716.079212420852855, 1301249.372844089288265 ], [ 263685.718813742336351, 1301249.607191068353131 ], [ 263688.968262159614824, 1301185.631065270863473 ], [ 263654.884061379183549, 1301188.426867776317522 ], [ 263654.40832407376729, 1301126.801159400027245 ], [ 263624.048390640877187, 1301127.14121762663126 ], [ 263627.119721513940021, 1301093.981138072907925 ], [ 263593.866462991340086, 1301096.665009267861024 ], [ 263592.977147554804105, 1301035.359173132572323 ], [ 263563.030601335747633, 1301035.37927502929233 ], [ 263558.833423710952047, 1300976.631556506734341 ], [ 263532.195449627703056, 1300974.19911162299104 ], [ 263531.544818566122558, 1300943.811579451197758 ], [ 263440.875435156980529, 1300944.195210289908573 ], [ 263440.637395936530083, 1300913.382544667692855 ], [ 263380.331329864216968, 1300913.848485274706036 ], [ 263379.856773539155256, 1300852.433700727764517 ], [ 263319.134627917548642, 1300852.902954301564023 ], [ 263318.895664936047979, 1300821.9843777094502 ], [ 263258.589375805226155, 1300822.45052590733394 ], [ 263258.115427259239368, 1300761.141483778133988 ], [ 263227.754244818934239, 1300761.376200007274747 ], [ 263227.516838176408783, 1300730.668618011055514 ], [ 263166.793582221493125, 1300731.032792039215565 ], [ 263166.318666133680381, 1300669.617940610973164 ], [ 263135.957376589532942, 1300669.852731605293229 ], [ 263136.15950293536298, 1300642.202155570499599 ], [ 263137.060285907820798, 1300597.344995967578143 ], [ 263105.120249483035877, 1300608.567122699925676 ], [ 263106.51936919556465, 1300574.364622541703284 ], [ 263074.854861013649497, 1300567.4334756443277 ], [ 263074.462259113439359, 1300516.676594934659079 ], [ 263044.100801547174342, 1300516.911449808394536 ], [ 263043.862441767705604, 1300486.098502096487209 ], [ 262922.826665043481626, 1300486.296395789599046 ], [ 262922.594721316359937, 1300456.327463950961828 ], [ 262889.762123882013839, 1300459.747575950110331 ], [ 262891.995493553578854, 1300425.85515636857599 ], [ 262857.520536524243653, 1300432.031624798662961 ], [ 262861.396202598349191, 1300395.382536977995187 ], [ 262802.31959055038169, 1300393.623900345060974 ], [ 262800.434383972082287, 1300365.039668665500358 ], [ 262770.072727237944491, 1300365.274768262635916 ], [ 262740.12701139197452, 1300365.506676593562588 ], [ 262737.829183932160959, 1300337.348120181588456 ], [ 262709.527495165821165, 1300335.034503920236602 ], [ 262705.168923273333348, 1300309.318935545161366 ], [ 262648.566178250010125, 1300304.797339422395453 ], [ 262648.174586951732635, 1300254.251465145731345 ], [ 262621.887133521318901, 1300243.479988389415666 ], [ 262587.781900660484098, 1300243.744250918272883 ], [ 262586.718812588602304, 1300213.887271571205929 ], [ 262526.820255265571177, 1300213.507386563578621 ], [ 262526.582249562081415, 1300182.799804312409833 ], [ 262496.220363311236724, 1300183.035142937209457 ], [ 262493.772638505382929, 1300135.56548530375585 ], [ 262465.762312634265982, 1300117.209228676743805 ], [ 262465.143707445356995, 1300091.042506634257734 ], [ 262437.281075823702849, 1300091.786012658616528 ], [ 262404.427908533310983, 1300092.568572621094063 ], [ 262403.775488883256912, 1300062.075316929956898 ], [ 262379.171584304305725, 1300053.929115127306432 ], [ 262373.99659571936354, 1300030.224969736067578 ], [ 262293.765186903416179, 1300036.123689337167889 ], [ 262161.864880026783794, 1300030.182090918999165 ], [ 262161.639648278302047, 1300001.162970882840455 ], [ 262044.83343638581573, 1300010.723257729085162 ], [ 262040.368592370447004, 1299971.395152476383373 ], [ 262010.006409713445464, 1299971.630935351131484 ], [ 262009.767112552013714, 1299940.81781844003126 ], [ 261979.404894114064518, 1299941.053626181557775 ], [ 261979.644221861788537, 1299971.866748364642262 ], [ 261928.461510077962885, 1299969.098327737767249 ], [ 261920.524397440691246, 1299964.72762376954779 ], [ 261918.857830935303355, 1299910.814307540189475 ], [ 261858.13329686698853, 1299911.286122654564679 ], [ 261857.894679495278979, 1299880.578651579096913 ], [ 261797.170063703495543, 1299881.050576729699969 ], [ 261796.931389213073999, 1299850.342874347465113 ], [ 261706.260290639940649, 1299851.047738128807396 ], [ 261706.020710802695248, 1299820.234570665517822 ], [ 261675.658318519388558, 1299820.470657906262204 ], [ 261675.897928940452402, 1299851.283830648288131 ], [ 261615.234750629402697, 1299859.670495550148189 ], [ 261615.412046848359751, 1299882.463839970994741 ], [ 261494.378583927609725, 1299883.40553641365841 ], [ 261494.617566228378564, 1299914.113070476800203 ], [ 261403.946494734002044, 1299914.818863219581544 ], [ 261405.00105411792174, 1299943.409717694157735 ], [ 261433.32478095163242, 1299948.465684533817694 ], [ 261435.026829394046217, 1300006.811129688285291 ], [ 261464.973126020922791, 1300006.578008400509134 ], [ 261465.452026070037391, 1300068.098984262906015 ], [ 261344.419189557724167, 1300069.04140586592257 ], [ 261344.179204372107051, 1300038.228171572322026 ], [ 261313.816963325458346, 1300038.46465653902851 ], [ 261313.577774523990229, 1300007.756867637857795 ], [ 261283.215715865575476, 1300007.99337577749975 ], [ 261282.976503877987852, 1299977.285803388105705 ], [ 261131.580844867334235, 1299978.46553601580672 ], [ 261131.101307387056295, 1299916.944336707238108 ], [ 261161.463701666274574, 1299916.707692416151986 ], [ 261160.952177272905828, 1299851.071291486267 ], [ 261160.744942920136964, 1299824.479025505948812 ], [ 261130.382457095576683, 1299824.715653960825875 ], [ 261129.944921130896546, 1299768.576515749562532 ], [ 261103.284435336652678, 1299763.507603008998558 ], [ 260978.506945565022761, 1299764.480428994400427 ], [ 260978.746425031858962, 1299795.188382361549884 ], [ 260948.383768483647145, 1299795.42518679657951 ], [ 260948.168639392009936, 1299821.176462002331391 ], [ 260680.767525567818666, 1299828.2232271656394 ], [ 260615.467166574439034, 1299828.733202580129728 ], [ 260614.003562126104953, 1299801.095430531771854 ], [ 260454.264092194614932, 1299799.283155195182189 ], [ 260403.600877516611945, 1299809.915704807499424 ], [ 260353.849856791930506, 1299830.777748160297051 ], [ 260282.310422633890994, 1299831.337219605688006 ], [ 260284.591504670504946, 1299857.069302576826885 ], [ 260222.199247138749342, 1299857.135219664080068 ], [ 260222.001103021641029, 1299831.808996161445975 ], [ 260161.275803150929278, 1299832.284146743593737 ], [ 260161.489687314460753, 1299859.615272328723222 ], [ 260131.141923953633523, 1299861.752451044041663 ], [ 260131.635009161836933, 1299924.750972412759438 ], [ 260071.3258195554954, 1299925.223079051356763 ], [ 260071.08540839899797, 1299894.51529744383879 ], [ 259979.997773652052274, 1299895.228549478342757 ], [ 259985.167511130188359, 1299864.900321868248284 ], [ 259919.447694279835559, 1299864.99291698820889 ], [ 259919.688253555999836, 1299895.700945809716359 ], [ 259889.325833126174984, 1299895.938815491273999 ], [ 259889.56642675618059, 1299926.646628817077726 ], [ 259828.841195015382254, 1299927.122472616611049 ], [ 259829.564023257524241, 1300019.351951719028875 ], [ 259769.254911728523439, 1300019.824687012471259 ], [ 259768.531901629408821, 1299927.595176276983693 ], [ 259738.169267476623645, 1299927.833203252870589 ], [ 259737.928521854133578, 1299897.125363488914445 ], [ 259707.565851974883117, 1299897.363415299914777 ], [ 259707.083486347401049, 1299835.841833000769839 ], [ 259676.720750175503781, 1299836.07990432321094 ], [ 259676.479960441967705, 1299805.372055482817814 ], [ 259646.117188524949597, 1299805.610151637811214 ], [ 259645.876371320016915, 1299774.901966034201905 ], [ 259615.513563677086495, 1299775.140087019652128 ], [ 259614.460663528472651, 1299746.971461642766371 ], [ 259524.600140763650415, 1299745.143492876319215 ], [ 259523.137820375239244, 1299717.822171384235844 ], [ 259403.322759956587106, 1299715.279784203739837 ], [ 259403.081719226727728, 1299684.571889744373038 ], [ 259009.195004884153605, 1299687.666188318049535 ], [ 259009.436440987570677, 1299718.374151736032218 ], [ 258918.763453232357278, 1299719.087195066502318 ], [ 258917.659504457842559, 1299684.481172928586602 ], [ 258888.148939326696564, 1299687.351627268595621 ], [ 258888.400458775635343, 1299719.326026608468965 ], [ 258676.711220741679426, 1299723.52486308128573 ], [ 258676.51814129514969, 1299751.809109809575602 ], [ 258536.348981901886873, 1299752.913049548165873 ], [ 258493.123729278682731, 1299757.263905810425058 ], [ 258404.082828425249318, 1299753.955335201462731 ], [ 258405.065997648518533, 1299720.38801726186648 ], [ 258343.113772958924528, 1299723.620307241333649 ], [ 258344.512849526305217, 1299690.04969649692066 ], [ 258312.50854319051723, 1299693.151624464895576 ], [ 258310.627726125705522, 1299665.622316831955686 ], [ 258251.956051909335656, 1299662.918912248220295 ], [ 258250.073518294288078, 1299635.178473302861676 ], [ 258222.988622617995134, 1299629.165836187778041 ], [ 258221.10762182099279, 1299601.636409881757572 ], [ 258162.018986885756021, 1299598.831093047279865 ], [ 258160.138875221833587, 1299571.407111780717969 ], [ 258101.465399795531994, 1299568.493165360298008 ], [ 258099.58596168924123, 1299541.174852258525789 ], [ 258037.964910723472713, 1299533.746122198877856 ], [ 258038.373737518908456, 1299480.131949375849217 ], [ 257978.885695301461965, 1299479.440590740647167 ], [ 257977.404524731682613, 1299449.903049994725734 ], [ 257947.86636744736461, 1299449.291916186455637 ], [ 257946.798641522531398, 1299419.434399226680398 ], [ 257917.267115329654189, 1299419.667570438003168 ], [ 257886.487671516864793, 1299419.91062508826144 ], [ 257885.830862286675256, 1299389.416769852861762 ], [ 257855.880823830986628, 1299389.336591335013509 ], [ 257854.813235426525353, 1299359.479060177924111 ], [ 257886.001834075665101, 1299358.388641870813444 ], [ 257885.759339347336208, 1299327.680266460869461 ], [ 257855.395769527211087, 1299327.920050614513457 ], [ 257855.153250855888473, 1299297.21178098814562 ], [ 257792.776532261515968, 1299299.498475759522989 ], [ 257794.182626599067589, 1299266.877586325863376 ], [ 257757.995899297588039, 1299267.163454201538116 ], [ 257733.871301224047784, 1299267.354057418880984 ], [ 257733.687036094430368, 1299244.032624967163429 ], [ 257733.386049281281885, 1299205.937478106236085 ], [ 257694.287526056839852, 1299206.246412995038554 ], [ 257672.575212690891931, 1299195.864692990900949 ], [ 257672.172421406110516, 1299144.895061882678419 ], [ 257620.568114553025225, 1299141.820437070913613 ], [ 257609.95940498332493, 1299115.309837019070983 ], [ 257581.254253499559127, 1299114.903436742490157 ], [ 257577.86903232219629, 1299054.987151762237772 ], [ 257550.404023708222667, 1299053.621393195120618 ], [ 257552.646159460127819, 1299021.521357476012781 ], [ 257489.433598402305506, 1299023.393114826874807 ], [ 257488.947949606343172, 1298961.976347470190376 ], [ 257458.583945255959406, 1298962.216458156704903 ], [ 257458.097425159125123, 1298900.694340380607173 ], [ 257428.149115496285958, 1298900.931182266911492 ], [ 257427.907085733197164, 1298870.32840811717324 ], [ 257397.54319755799952, 1298870.568560839863494 ], [ 257397.05575448583113, 1298808.940751056652516 ], [ 257366.69158183093532, 1298809.18092487193644 ], [ 257366.204933691653423, 1298747.658448160625994 ], [ 257335.84069470007671, 1298747.898641359759495 ], [ 257335.597767938772449, 1298717.190401249565184 ], [ 257305.233493193081813, 1298717.430619206512347 ], [ 257304.747594006708823, 1298656.013908488210291 ], [ 257274.38325305149192, 1298656.254145842976868 ], [ 257275.895400644891197, 1298531.923523135716096 ], [ 257243.462080291646998, 1298533.551879096776247 ], [ 257243.218266144016525, 1298502.737952752970159 ], [ 257212.853762187063694, 1298502.978223085636273 ], [ 257212.367761419474846, 1298441.561598087195307 ], [ 257182.003191260766471, 1298441.80188780836761 ], [ 257181.516315132495947, 1298380.279469618108124 ], [ 257151.151678687776439, 1298380.519778706366196 ], [ 257150.908637706103036, 1298349.811512575251982 ], [ 257120.543965492543066, 1298350.051846409449354 ], [ 257120.057837018597638, 1298288.634972986998037 ], [ 257090.109086831187597, 1298288.872033228864893 ], [ 257093.211195957643213, 1298102.685925862053409 ], [ 257058.284061538695823, 1298104.650838898262009 ], [ 257061.287574251997285, 1298011.123943388229236 ], [ 257027.188974655960919, 1298012.660477131837979 ], [ 257024.142723169730743, 1297890.581874363357201 ], [ 256995.850640546763316, 1297889.96150052244775 ], [ 256997.871049785142532, 1297829.896722356788814 ], [ 256964.998389114218298, 1297828.679650186561048 ], [ 256962.443251222837716, 1297768.651085518999025 ], [ 256904.197574830410304, 1297767.740300360834226 ], [ 256903.710403504577698, 1297706.218029317213222 ], [ 256873.345049114141148, 1297706.458490347955376 ], [ 256873.101858185691526, 1297675.749965891242027 ], [ 256842.736468053655699, 1297675.99045164627023 ], [ 256842.250043239590013, 1297614.573504151776433 ], [ 256811.884586934640538, 1297614.814009260619059 ], [ 256811.640516919753281, 1297584.000022873515263 ], [ 256781.275024769449374, 1297584.240552684990689 ], [ 256780.788513217354193, 1297522.823697393527254 ], [ 256750.838954372244189, 1297523.060950896004215 ], [ 256753.247578659298597, 1297459.510415840195492 ], [ 256719.985944731539348, 1297461.779091733507812 ], [ 256719.742647537059383, 1297431.070544516900554 ], [ 256659.011321704514557, 1297431.551760186674073 ], [ 256658.523788765596692, 1297370.02941433666274 ], [ 256628.158056921703974, 1297370.27005653665401 ], [ 256627.914685512281721, 1297339.561494744615629 ], [ 256597.548917948966846, 1297339.802161656320095 ], [ 256597.062132205843227, 1297278.385139459045604 ], [ 256567.112301688961452, 1297278.622528170235455 ], [ 256558.635353853926063, 1297153.842993782367557 ], [ 256535.771882661239943, 1297155.923820840893313 ], [ 256539.673968007147778, 1297123.38846891047433 ], [ 256505.161627681809478, 1297125.350512754870579 ], [ 256511.723716153675923, 1297061.028299370547757 ], [ 256474.308677998866187, 1297064.174314575269818 ], [ 256473.43942388749565, 1296954.53132873098366 ], [ 256472.846296703442931, 1296879.712246968178079 ], [ 256442.480045898206299, 1296879.952983152121305 ], [ 256423.101680456544273, 1296849.39632724551484 ], [ 256408.482463459658902, 1296789.463278890354559 ], [ 256381.432150480628479, 1296788.200116135412827 ], [ 256379.700678229768528, 1296727.215185644570738 ], [ 256350.578727485495619, 1296727.023946847999468 ], [ 256350.334366396098631, 1296696.209894455503672 ], [ 256319.967911701911362, 1296696.450718206819147 ], [ 256319.480819190153852, 1296635.033620679983869 ], [ 256289.114298355503706, 1296635.274463740177453 ], [ 256288.626332282146905, 1296573.752015146659687 ], [ 256258.259963298391085, 1296573.992875763680786 ], [ 256257.529220280557638, 1296481.867369989398867 ], [ 256227.578333438519621, 1296482.104947847314179 ], [ 256227.090301658783574, 1296420.582261573290452 ], [ 256196.723551893868716, 1296420.823156709084287 ], [ 256197.407321363105439, 1296297.237192712957039 ], [ 256165.381615477032028, 1296298.124455575132743 ], [ 256169.468350343842758, 1296236.460001402534544 ], [ 256134.526587332366034, 1296236.84267671382986 ], [ 256138.412663637398509, 1296202.302300377516076 ], [ 256103.915964215295389, 1296206.375216589774936 ], [ 256100.124863439064939, 1296148.044818328227848 ], [ 256073.477604110783432, 1296145.195725461468101 ], [ 256073.288347440276993, 1296121.346515324665233 ], [ 256072.989394230418839, 1296083.672996531939134 ], [ 256012.639141432795441, 1296080.141713945195079 ], [ 256012.011429777747253, 1296053.446571397827938 ], [ 255979.594436055544065, 1296057.502979991026223 ], [ 255981.155918509321054, 1295992.164742902154103 ], [ 255920.421476516843541, 1295992.646892407676205 ], [ 255920.177665431547211, 1295961.938451105263084 ], [ 255885.671453668444883, 1295964.850696737645194 ], [ 255889.737924727494828, 1295900.653695920482278 ], [ 255853.160958020482212, 1295904.743350503733382 ], [ 255859.126743100525346, 1295870.186157381627709 ], [ 255829.613839255936909, 1295873.269826296018437 ], [ 255828.271626874542562, 1295809.01007306529209 ], [ 255797.904199502052506, 1295809.251250284723938 ], [ 255797.415569900680566, 1295747.728656696155667 ], [ 255737.096603429410607, 1295748.207774742506444 ], [ 255736.608712595829275, 1295686.79050428699702 ], [ 255640.114749350526836, 1295689.66792172123678 ], [ 255645.261135261767777, 1295656.700171255972236 ], [ 255618.624864966928726, 1295655.32884085457772 ], [ 255612.161799534485908, 1295627.308045722544193 ], [ 255584.28182351088617, 1295626.474145232932642 ], [ 255583.764319735171739, 1295561.363413601182401 ], [ 255583.304711086530006, 1295503.534163802396506 ], [ 255554.938022142770933, 1295493.839299490209669 ], [ 255542.048039854620583, 1295442.335297242505476 ], [ 255522.25202202834771, 1295411.782208995660767 ], [ 255493.534630507754628, 1295410.322027418063954 ], [ 255491.640017463883851, 1295381.314887282438576 ], [ 255462.096618003881304, 1295380.599958713864908 ], [ 255461.02795338651049, 1295350.84769593947567 ], [ 255430.659166546305642, 1295350.983587831258774 ], [ 255430.170819171296898, 1295289.566443939227611 ], [ 255400.218838595057605, 1295289.804610751802102 ], [ 255399.974642191664316, 1295259.095868260134012 ], [ 255369.606592874188209, 1295259.3373676429037 ], [ 255369.117319584824145, 1295197.814641241682693 ], [ 255338.749204065708909, 1295198.056159839965403 ], [ 255338.260730654787039, 1295136.638767408207059 ], [ 255307.892549040407175, 1295136.880305237602443 ], [ 255307.647451317199739, 1295106.066095579182729 ], [ 255246.911011095857248, 1295106.549250505166128 ], [ 255246.666697129810927, 1295075.840483989100903 ], [ 255216.714475093089277, 1295076.078790814150125 ], [ 255216.47013864555629, 1295045.370240797521546 ], [ 255155.733544998452999, 1295045.853553496766835 ], [ 255155.489150879730005, 1295015.144661194877699 ], [ 255094.752475094806869, 1295015.628083221847191 ], [ 255094.507187407405581, 1294984.81383767654188 ], [ 255032.124031388666481, 1294987.526804169872776 ], [ 255033.697469183563953, 1294923.876673890044913 ], [ 255003.329021441051736, 1294924.118473365204409 ], [ 255002.839145700942026, 1294862.595628320472315 ], [ 254950.042464988626307, 1294867.553951154695824 ], [ 254911.733805880765431, 1294863.321172681171447 ], [ 254915.448288170679007, 1294807.357860368443653 ], [ 254881.291841759113595, 1294802.142225697869435 ], [ 254880.55716091603972, 1294709.910516285337508 ], [ 254850.188691797025967, 1294710.152425842126831 ], [ 254849.209356350591406, 1294587.211986797163263 ], [ 254879.577947029029019, 1294586.970098917372525 ], [ 254879.332527323858812, 1294556.155822565080598 ], [ 254848.963906179211335, 1294556.397705011535436 ], [ 254847.984683709335513, 1294433.457054705126211 ], [ 254817.615717564243823, 1294433.698947234079242 ], [ 254817.126500387559645, 1294372.281396435340866 ], [ 254847.49552724941168, 1294372.039514737436548 ], [ 254848.059303274989361, 1294338.369480481371284 ], [ 254848.250957741751336, 1294310.190002375282347 ], [ 254840.347546613076702, 1294310.35862660384737 ], [ 254816.636467066855403, 1294310.758504576515406 ], [ 254815.927933609724278, 1294221.798175445524976 ], [ 254815.680839914450189, 1294190.772765492321923 ], [ 254785.288091984199127, 1294188.059727835236117 ], [ 254791.455167210835498, 1294126.58927024458535 ], [ 254815.168181945569813, 1294126.400416547665372 ], [ 254813.454745019465918, 1293911.228291262872517 ], [ 254783.085257080529118, 1293911.470121663063765 ], [ 254782.839872491691494, 1293880.65584009187296 ], [ 254813.209390881587751, 1293880.414015126414597 ], [ 254812.964883019216359, 1293849.705303844762966 ], [ 254782.595334283338161, 1293849.947123393649235 ], [ 254782.350800919521134, 1293819.238296532537788 ], [ 254812.720380000595469, 1293818.996482400456443 ], [ 254812.475884469255107, 1293788.287882776232436 ], [ 254782.106275043799542, 1293788.529691491974518 ], [ 254787.027938288025325, 1293727.385672188131139 ], [ 254811.986067506193649, 1293726.764788725646213 ], [ 254809.692723578162258, 1293438.672661360353231 ], [ 254809.05017239798326, 1293357.943402245873585 ], [ 254778.680137807124993, 1293358.185135052539408 ], [ 254777.211897699715337, 1293173.721654233289883 ], [ 254746.841675549658248, 1293173.963384496280923 ], [ 254747.470375449222047, 1292834.769106921274215 ], [ 254714.196171134972246, 1292836.089070552028716 ], [ 254713.707371459982824, 1292774.671871555270627 ], [ 254683.336744124331744, 1292774.913590893615037 ], [ 254684.672706090757856, 1292681.398777155671269 ], [ 254652.231929147761548, 1292682.923505957704037 ], [ 254651.721224509819876, 1292618.762280727270991 ], [ 254651.25337930736714, 1292559.9828483290039 ], [ 254620.468978682882152, 1292560.544705454492941 ], [ 254620.148376945522614, 1292467.992860331200063 ], [ 254589.777430042158812, 1292468.234615358989686 ], [ 254589.288522795803146, 1292406.817053056322038 ], [ 254559.332745432271622, 1292406.950171672971919 ], [ 254558.363880717544816, 1292337.515895193209872 ], [ 254557.937964015116449, 1292284.012779423035681 ], [ 254527.982900227187201, 1292284.251249284250662 ], [ 254527.493941417807946, 1292222.833671455038711 ], [ 254497.122735802928219, 1292223.075472586788237 ], [ 254496.878236009506509, 1292192.366844985866919 ], [ 254477.740209128096467, 1292192.519224680261686 ], [ 254436.135748070169939, 1292192.850526324240491 ], [ 254435.645802917453693, 1292131.327575794421136 ], [ 254405.274490192183293, 1292131.569450554903597 ], [ 254405.029914936341811, 1292100.860586882568896 ], [ 254370.086229699867545, 1292101.666540847392753 ], [ 254374.584613188373623, 1292039.576092250645161 ], [ 254344.213198773068143, 1292039.818010246148333 ], [ 254343.737418424192583, 1291980.088854447938502 ], [ 254282.981843868037686, 1291978.989844226278365 ], [ 254282.735496141540352, 1291948.070053611882031 ], [ 254252.363974626554409, 1291948.312045214232057 ], [ 254251.981383308506338, 1291900.296433242736384 ], [ 254251.874597442190861, 1291886.894380876328796 ], [ 254236.89684534954722, 1291887.013724748045206 ], [ 254221.919091988791479, 1291887.133075907826424 ], [ 254221.813974839547882, 1291873.941929172957316 ], [ 254221.012753917399095, 1291825.613153820624575 ], [ 254160.685524415457621, 1291826.093927033478394 ], [ 254159.951266047894023, 1291733.967554599279538 ], [ 254099.207750382396625, 1291734.451730613363907 ], [ 254098.962106958526419, 1291703.637365290196612 ], [ 254026.985195685527287, 1291704.211222188314423 ], [ 254008.262787034967914, 1291704.360519586829469 ], [ 254008.1323487846239, 1291688.003633931279182 ], [ 254008.017899538826896, 1291673.651592539157718 ], [ 253991.791874169575749, 1291673.780989286955446 ], [ 253977.646056897734525, 1291673.893804086605087 ], [ 253977.545904543512734, 1291661.336028533289209 ], [ 253977.401146614924073, 1291643.185093422885984 ], [ 253957.014678414067021, 1291643.347685861866921 ], [ 253916.657384612626629, 1291643.669595535146073 ], [ 253916.41157651640242, 1291612.855199070181698 ], [ 253886.455743652419187, 1291613.094170100986958 ], [ 253886.206543568376219, 1291581.857620320515707 ], [ 253885.965768268855754, 1291551.676386810140684 ], [ 253855.593782929820009, 1291551.918696028413251 ], [ 253855.348773123812862, 1291521.209744351916015 ], [ 253817.071734518918674, 1291521.515155933098868 ], [ 253794.604725683486322, 1291521.694441792787984 ], [ 253794.447245028743055, 1291501.960680378135294 ], [ 253794.358821268018801, 1291490.880246901419014 ], [ 253781.877148050669348, 1291490.979854900855571 ], [ 253703.658707269176375, 1291491.604179713176563 ], [ 253703.413557935680728, 1291460.895201939856634 ], [ 253673.041449405573076, 1291461.137674167053774 ], [ 253672.796277298824862, 1291430.428912732284516 ], [ 253609.177604017808335, 1291435.685844463994727 ], [ 253611.560797908517998, 1291369.390384653583169 ], [ 253581.18858225265285, 1291369.632930405205116 ], [ 253580.9433365551522, 1291338.924154138192534 ], [ 253550.987285412440542, 1291339.16340018552728 ], [ 253550.74201382836327, 1291308.454397759167477 ], [ 253429.252724642457906, 1291309.424955818802118 ], [ 253429.006495017412817, 1291278.610477734589949 ], [ 253368.747911681275582, 1291287.851623413618654 ], [ 253368.432464704528684, 1291248.383786738151684 ], [ 253307.687699548143428, 1291248.869342231191695 ], [ 253307.442202489066403, 1291218.160187136614695 ], [ 253246.697355194977717, 1291218.645851544104517 ], [ 253246.451805979129858, 1291187.937018001452088 ], [ 253186.122970672411611, 1291188.419463433325291 ], [ 253185.630922302196268, 1291126.895879033952951 ], [ 253034.184296619641827, 1291128.107450027717277 ], [ 253033.938552669773344, 1291097.398469315143302 ], [ 253003.565962072723778, 1291097.641533458838239 ], [ 253003.320192720857449, 1291066.932437103241682 ], [ 252912.202297709300183, 1291067.661792865488678 ], [ 252911.955599027161952, 1291036.847225960111246 ], [ 252851.626344898453681, 1291037.330269917845726 ], [ 252851.380437880492536, 1291006.621368689229712 ], [ 252790.635004744690377, 1291007.107852715998888 ], [ 252790.389041163376532, 1290976.398719722172245 ], [ 252729.643525844032411, 1290976.885312621481717 ], [ 252729.397508360998472, 1290946.176279864739627 ], [ 252669.067163651896408, 1290946.554081893991679 ], [ 252668.821091818186687, 1290915.845038783736527 ], [ 252608.075412099511595, 1290916.331848552916199 ], [ 252607.829286369815236, 1290885.622905645519495 ], [ 252577.456408112426288, 1290885.866349984658882 ], [ 252577.210256107588066, 1290855.157180836889893 ], [ 252516.880523113359232, 1290855.640812355326489 ], [ 252516.633471285633277, 1290824.826177902054042 ], [ 252455.887555740133394, 1290825.31325347465463 ], [ 252455.641296391258948, 1290794.604284808039665 ], [ 252394.89551680983277, 1290795.091467472957447 ], [ 252394.649200026324252, 1290764.382156405132264 ], [ 252334.319222077261657, 1290764.866111360257491 ], [ 252334.072853601741372, 1290734.157121879281476 ], [ 252273.326691607857356, 1290734.644523141672835 ], [ 252273.079420379537623, 1290703.829846844542772 ], [ 252303.452534462237963, 1290703.586136734113097 ], [ 252303.206145522592124, 1290672.876921456772834 ], [ 252212.502799738722388, 1290673.604785488219932 ], [ 252212.256327953131404, 1290642.895775712328032 ], [ 252181.883137171185808, 1290643.139564290875569 ], [ 252181.636638233845588, 1290612.430217539891601 ], [ 252120.889334054518258, 1290612.812529080081731 ], [ 252120.642780378693715, 1290582.103171875001863 ], [ 251999.565782363264589, 1290583.075478893937543 ], [ 251999.319116469501751, 1290552.366432324284688 ], [ 251900.321027131431038, 1290556.538880126550794 ], [ 251907.952388781210175, 1290522.389182235347107 ], [ 251847.62175765549182, 1290522.873999215196818 ], [ 251847.127303671994014, 1290461.350177258253098 ], [ 251816.753866142214974, 1290461.594291381305084 ], [ 251816.507039565301966, 1290430.884882017970085 ], [ 251755.760087692935485, 1290431.373189108911902 ], [ 251756.006974808406085, 1290462.082609442761168 ], [ 251725.633521003182977, 1290462.326813381165266 ], [ 251725.38660361856455, 1290431.617387560894713 ], [ 251665.055727374419803, 1290432.102527807699516 ], [ 251664.808758334285812, 1290401.393423545174301 ], [ 251604.061691825045273, 1290401.882018217118457 ], [ 251603.813817995571299, 1290371.067226711660624 ], [ 251549.279744453669991, 1290368.023250293685123 ], [ 251539.508978500205558, 1290343.089588455390185 ], [ 251512.862085630215006, 1290341.087626405758783 ], [ 251505.743776283896295, 1290283.838353700935841 ], [ 251481.99420488323085, 1290279.913444322533906 ], [ 251481.737742774857907, 1290248.043524391250685 ], [ 251481.499117915111128, 1290218.389498727396131 ], [ 251461.111396858323133, 1290218.55356284766458 ], [ 251450.94107871648157, 1290195.733920011436567 ], [ 251450.135995472985087, 1290095.691364984028041 ], [ 251419.762124024535296, 1290095.935801515588537 ], [ 251419.514975377882365, 1290065.226437589619309 ], [ 251389.141068235039711, 1290065.470898557920009 ], [ 251388.645880857075099, 1290003.946926922770217 ], [ 251358.688022394810105, 1290004.18805730692111 ], [ 251358.193646457832074, 1289942.769421742064878 ], [ 251298.240410458063707, 1289938.608381398255005 ], [ 251297.53797575054341, 1289903.048181073507294 ], [ 251296.950239244499244, 1289881.734226691070944 ], [ 251266.576128676737426, 1289881.978773952228948 ], [ 251266.328871616802644, 1289851.269607394933701 ], [ 251240.510442947299452, 1289848.839161994168535 ], [ 251235.459533616813133, 1289789.989936469588429 ], [ 251220.890438181668287, 1289789.368460695957765 ], [ 251207.985922874882817, 1289788.733697486342862 ], [ 251205.016823313926579, 1289730.078958214726299 ], [ 251172.514575690467609, 1289724.430709903594106 ], [ 251174.38417729572393, 1289698.242246061563492 ], [ 251145.248022677580593, 1289697.210581806488335 ], [ 251143.762738691730192, 1289667.777692347764969 ], [ 251114.625479472015286, 1289666.640376035356894 ], [ 251112.893657750799321, 1289606.603637864813209 ], [ 251082.519242138281697, 1289606.848314728587866 ], [ 251082.023625009867828, 1289545.324248210294172 ], [ 251021.690778062184108, 1289545.810316779650748 ], [ 251021.442492328467779, 1289514.995434804121032 ], [ 250991.067969509749673, 1289515.240184472175315 ], [ 250990.820509043725906, 1289484.530753233702853 ], [ 250960.445950534020085, 1289484.77552731637843 ], [ 250960.197615785466041, 1289453.960635276278481 ], [ 250929.823021480755415, 1289454.205433753551915 ], [ 250929.576362996507669, 1289423.601558980531991 ], [ 250869.243221596232615, 1289424.087880097329617 ], [ 250868.995659788954072, 1289393.378649708814919 ], [ 250808.246312433882849, 1289393.868433273397386 ], [ 250807.997843862016452, 1289363.053515182575211 ], [ 250777.623131664702669, 1289363.298446311615407 ], [ 250777.375488994992338, 1289332.588979124557227 ], [ 250747.000741104566259, 1289332.833934660302475 ], [ 250746.753074902546359, 1289302.12457306869328 ], [ 250686.41962820381741, 1289302.611206098459661 ], [ 250686.171906858013244, 1289271.901723452378064 ], [ 250655.797082227363717, 1289272.146757300710306 ], [ 250655.548485714796698, 1289241.331813639728352 ], [ 250625.173625267634634, 1289241.576871871482581 ], [ 250624.678092543414095, 1289180.15810826793313 ], [ 250594.303166162164416, 1289180.403185388073325 ], [ 250594.055378294404363, 1289149.693798843538389 ], [ 250563.265991736727301, 1289150.1533917512279 ], [ 250562.936145012674388, 1289057.705160456243902 ], [ 250532.977216269384371, 1289057.946917121531442 ], [ 250532.728539743111469, 1289027.131954903481528 ], [ 250501.111235029035015, 1289028.125802624737844 ], [ 250501.361232672759797, 1288904.433927874080837 ], [ 250470.986012114648474, 1288904.67907454050146 ], [ 250470.490306108957157, 1288843.260266897035763 ], [ 250440.115019618155202, 1288843.505432438105345 ], [ 250439.867143336305162, 1288812.795802541077137 ], [ 250409.490970755519811, 1288812.935647018020973 ], [ 250408.99517793013365, 1288751.516709645511582 ], [ 250378.619789727235911, 1288751.761918424628675 ], [ 250378.371871379145887, 1288721.052389622665942 ], [ 250348.412582109944196, 1288721.294262960087508 ], [ 250348.163788354606368, 1288690.479273112025112 ], [ 250317.788328766415361, 1288690.724530230043456 ], [ 250317.540363838867052, 1288660.015212795929983 ], [ 250256.789367788325762, 1288660.505805695196614 ], [ 250256.541345553006977, 1288629.796145737171173 ], [ 250226.165809109865222, 1288630.041481516323984 ], [ 250225.917765159683768, 1288599.332148515153676 ], [ 250195.958329671353567, 1288599.574147107312456 ], [ 250195.709408094524406, 1288568.759131615515798 ], [ 250134.958186934352852, 1288569.249929725890979 ], [ 250134.710062615806237, 1288538.540359924780205 ], [ 250073.95875917095691, 1288539.031266581267118 ], [ 250073.710582023573807, 1288508.321907523320988 ], [ 250043.334891869832063, 1288508.567400173516944 ], [ 250043.086687650327804, 1288477.857704125577584 ], [ 250013.127100554964272, 1288478.099857433000579 ], [ 250012.629801203729585, 1288416.575442211935297 ], [ 249982.25400941746193, 1288416.820977649651468 ], [ 249981.50843881489709, 1288324.586959465406835 ], [ 249920.756875481514726, 1288325.078085062094033 ], [ 249920.011175118212122, 1288232.843927492387593 ], [ 249859.675114482583012, 1288233.33177783084102 ], [ 249859.178459670918528, 1288171.912771783303469 ], [ 249828.802616810251493, 1288172.158410249045119 ], [ 249828.305071233538911, 1288110.633828029502183 ], [ 249797.928944203827996, 1288110.879487070022151 ], [ 249797.432215296576032, 1288049.460462841903791 ], [ 249736.679823981365189, 1288049.951848464086652 ], [ 249736.430553916143253, 1288019.136758902575821 ], [ 249706.054319722723449, 1288019.382490993244573 ], [ 249705.557443732512183, 1287957.963325904682279 ], [ 249641.49797643875354, 1287961.225657120347023 ], [ 249644.972495066642296, 1287927.741842177929357 ], [ 249615.423960399959469, 1287927.453298687469214 ], [ 249614.346786450711079, 1287897.172537211561576 ], [ 249595.621452888357453, 1287897.324073523283005 ], [ 249553.594027038110653, 1287897.664225231157616 ], [ 249553.510483598394785, 1287835.925160280661657 ], [ 249523.136597791366512, 1287836.487628671340644 ], [ 249527.440552360087167, 1287802.680676174582914 ], [ 249492.51152802343131, 1287806.023972820024937 ], [ 249492.262063235713867, 1287775.208842961350456 ], [ 249461.885543491749559, 1287775.454768985509872 ], [ 249456.17351406509988, 1287686.743430346017703 ], [ 249430.76218689509551, 1287683.466439592186362 ], [ 249430.533191615861142, 1287655.184030501870438 ], [ 249430.26489755048533, 1287622.047186071053147 ], [ 249402.785679144843016, 1287620.370010022073984 ], [ 249395.50228156207595, 1287594.572151341009885 ], [ 249369.262833447312005, 1287591.829660976538435 ], [ 249366.91895916473004, 1287559.342726950766519 ], [ 249368.764603524759877, 1287530.304820948746055 ], [ 249337.566624606581172, 1287531.929495755583048 ], [ 249338.306562042562291, 1287469.128170132637024 ], [ 249307.92971273342846, 1287469.374189703492448 ], [ 249307.431411358731566, 1287407.849552881671116 ], [ 249277.054496042343089, 1287408.095591223798692 ], [ 249276.805750107712811, 1287377.385885742958635 ], [ 249246.42879910863121, 1287377.631948415655643 ], [ 249245.930411056528101, 1287316.107181696454063 ], [ 249215.553394072281662, 1287316.353263136232272 ], [ 249215.305461445008405, 1287285.749226122628897 ], [ 249185.344565807608888, 1287285.991960128536448 ], [ 249185.094898702431237, 1287255.176783273462206 ], [ 249154.717810429487145, 1287255.422912957146764 ], [ 249154.468973413604544, 1287224.713187812827528 ], [ 249124.091849478048971, 1287224.959341820562258 ], [ 249123.593278967455262, 1287163.434535820735618 ], [ 249093.216089031222509, 1287163.680708586936817 ], [ 249092.219753939076327, 1287040.736758420709521 ], [ 249067.253050995641388, 1287041.044441693229601 ], [ 249067.005880885466468, 1287010.545839345781133 ], [ 249058.02939198364038, 1286981.279078749008477 ], [ 249030.966432582441485, 1286979.704094438347965 ], [ 249030.644825861119898, 1286940.024322608718649 ], [ 249029.721114223793847, 1286826.05026022833772 ], [ 248999.759738997672684, 1286826.293088420294225 ], [ 248998.763301270169904, 1286703.349093739176169 ], [ 248968.385636196820997, 1286703.595302255125716 ], [ 248968.136723126401193, 1286672.885442165890709 ], [ 248937.759022378973896, 1286673.131674989825115 ], [ 248937.26030223039561, 1286611.606930950423703 ], [ 248906.882535532291513, 1286611.853182511171326 ], [ 248906.633580599969719, 1286581.143423483939841 ], [ 248937.011377480172087, 1286580.897177473874763 ], [ 248936.761605611915002, 1286550.082188904751092 ], [ 248906.383778446965152, 1286550.328429344808683 ], [ 248905.885898834880209, 1286488.909024393884465 ], [ 248875.508005808544112, 1286489.155283586354926 ], [ 248875.009233493416104, 1286427.630301927449182 ], [ 248820.059674008429283, 1286425.648477404844016 ], [ 248813.175601388036739, 1286397.842021857155487 ], [ 248784.042471360531636, 1286397.656293398234993 ], [ 248783.514458098477917, 1286332.543199516367167 ], [ 248783.045515761768911, 1286274.711839207913727 ], [ 248753.861989489727421, 1286268.299726762110367 ], [ 248751.919431145390263, 1286182.723600457422435 ], [ 248719.883473405177938, 1286183.827772620134056 ], [ 248721.043326822546078, 1286121.550491564674303 ], [ 248690.24972175329458, 1286121.905916492454708 ], [ 248690.166047229868127, 1286060.272047681501135 ], [ 248661.448749587172642, 1286060.082776620751247 ], [ 248658.957406522298697, 1285906.86097147106193 ], [ 248628.578895886457758, 1285907.107362993992865 ], [ 248627.581715993903344, 1285784.163050904637203 ], [ 248577.228249364212388, 1285784.571480774553493 ], [ 248571.483660289435647, 1285692.060526314424351 ], [ 248535.697697119030636, 1285692.667554429965094 ], [ 248534.700318751943996, 1285569.723078752402216 ], [ 248504.737635774043156, 1285569.966151928761974 ], [ 248494.601553353510099, 1284679.407904067076743 ], [ 248467.128208880196325, 1284678.786171545274556 ], [ 248466.417148971086135, 1284591.08949423674494 ], [ 248466.131369142822223, 1284555.841938237892464 ], [ 248439.064366069273092, 1284554.056035204324871 ], [ 248434.006827135570347, 1284340.909138950286433 ], [ 248403.62673906062264, 1284341.155454990686849 ], [ 248403.377737580303801, 1284310.445643828250468 ], [ 248372.997613890329376, 1284310.691984111210331 ], [ 248372.747733014693949, 1284279.876710778800771 ], [ 248342.367573568801163, 1284280.123075284296647 ], [ 248342.1185253962758, 1284249.413475327193737 ], [ 248285.516378509055357, 1284249.450364279095083 ], [ 248282.523656822537305, 1284188.367660238873214 ], [ 248220.515590639726724, 1284188.976257422706112 ], [ 248220.016436099365819, 1284127.45111670345068 ], [ 248250.396768234029878, 1284127.204661239637062 ], [ 248257.640012477146229, 1283942.664412469603121 ], [ 248279.280994641536381, 1283942.488902660552412 ], [ 248278.782911224639975, 1283881.069359962129965 ], [ 248252.561498331691837, 1283880.965285015525296 ], [ 248251.064570551709039, 1283850.371259931940585 ], [ 248217.772676508437144, 1283850.852314858231694 ], [ 248217.522733454563422, 1283820.037021103082225 ], [ 248249.567117292142939, 1283819.671664431225508 ], [ 248245.492368120612809, 1283727.780420290539041 ], [ 248216.774652192252688, 1283727.802278490038589 ], [ 248219.592201499879593, 1283510.686406472232193 ], [ 248214.531581722170813, 1283451.203534413129091 ], [ 248242.827354080392979, 1283450.446455552242696 ], [ 248242.919186925690155, 1283205.068146960809827 ], [ 248273.300417822232703, 1283204.821888463804498 ], [ 248271.556509194808314, 1282989.642832332989201 ], [ 248337.77154352836078, 1282994.277697000652552 ], [ 248340.479281449952396, 1282866.131765828235075 ], [ 248363.369549212657148, 1282865.946345575153828 ], [ 248360.790330301097129, 1282804.438379490515217 ], [ 248339.980895023123594, 1282804.606936900177971 ], [ 248340.562867822882254, 1282773.679484073771164 ], [ 248365.120537343900651, 1282773.797185783507302 ], [ 248358.30151674192166, 1282497.130231064511463 ], [ 248327.919609467295231, 1282497.376272498164326 ], [ 248327.421345445414772, 1282435.851451907772571 ], [ 248297.455596721352777, 1282436.094140802742913 ], [ 248297.20686999175814, 1282405.384343603393063 ], [ 248266.824861415225314, 1282405.63042744086124 ], [ 248266.326512137806276, 1282344.105477002216503 ], [ 248235.944437779951841, 1282344.351579449605197 ], [ 248235.446906961878994, 1282282.932187575381249 ], [ 248205.064766928204335, 1282283.178308648057282 ], [ 248203.17972784943413, 1281999.083417055662721 ], [ 248202.089967697655084, 1281915.927859209245071 ], [ 248201.827577076357557, 1281883.529744714964181 ], [ 248191.838882110023405, 1281883.610643226187676 ], [ 248171.445040123304352, 1281883.775823067873716 ], [ 248170.947565540031064, 1281822.356423697201535 ], [ 248140.981195851229131, 1281822.599149004323408 ], [ 248140.234083123679738, 1281730.364358713151887 ], [ 248109.851384751993464, 1281730.61046829004772 ], [ 248109.602613318071235, 1281699.900649082381278 ], [ 248079.219879354699515, 1281700.146782837575302 ], [ 248078.970229382714024, 1281669.331501422682777 ], [ 248048.587459734175354, 1281669.577659334987402 ], [ 248048.338641740498133, 1281638.868051304714754 ], [ 247987.573025765595958, 1281639.360445227706805 ], [ 247987.075284468650352, 1281577.940876343986019 ], [ 247896.342875627771718, 1281578.676282583270222 ], [ 247896.093068682646845, 1281547.860969660338014 ], [ 247865.710145645425655, 1281548.107283330522478 ], [ 247865.212200895242859, 1281486.687783587025478 ], [ 247804.86245632902137, 1281487.177102565066889 ], [ 247804.61257703602314, 1281456.361774440389127 ], [ 247769.663229243422393, 1281458.122687929077074 ], [ 247773.980500703619327, 1281425.898505550343543 ], [ 247804.36356058207457, 1281425.652125383494422 ], [ 247804.114547325123567, 1281394.94214485399425 ], [ 247773.73145738360472, 1281395.188519441755489 ], [ 247772.983512110280572, 1281302.953660028753802 ], [ 247742.600326380779734, 1281303.200047601014376 ], [ 247742.35127927159192, 1281272.49038986582309 ], [ 247711.968057942256564, 1281272.736801598919556 ], [ 247711.469061505951686, 1281211.211465779924765 ], [ 247651.118724251398817, 1281211.700979470042512 ], [ 247650.453362247935729, 1281180.994683090597391 ], [ 247620.486276972456835, 1281181.237790314713493 ], [ 247620.735426210216247, 1281211.947468832135201 ], [ 247529.585498962696875, 1281212.687115350738168 ], [ 247529.336259551258991, 1281181.977420082082972 ], [ 247498.952909354789881, 1281182.224022814305499 ], [ 247498.703643984801602, 1281151.5141011250671 ], [ 247440.017229525459697, 1281151.885030560661107 ], [ 247438.518323367257835, 1281121.07977877324447 ], [ 247407.719508419657359, 1281121.435295881005004 ], [ 247406.721317076240666, 1280998.490423752460629 ], [ 247376.337982540862868, 1280998.737109693232924 ], [ 247375.694485859246925, 1280919.482512335292995 ], [ 247374.590950364567107, 1280783.55717123253271 ], [ 247344.20718150146422, 1280783.803849520627409 ], [ 247343.708511359611293, 1280722.384074368048459 ], [ 247283.35708675335627, 1280722.874117489904165 ], [ 247283.107700400374597, 1280692.164164232788607 ], [ 247248.571934282197617, 1280693.711205311585218 ], [ 247242.067942111083539, 1280661.680008363910019 ], [ 247224.331284970103297, 1280630.373492744518444 ], [ 247191.456267110159388, 1280631.379329371033236 ], [ 247190.531328960234532, 1280517.509884512284771 ], [ 247189.209641409979668, 1280354.779157298617065 ], [ 247098.473211446398636, 1280355.516198359197006 ], [ 247098.223717945395038, 1280324.806438846047968 ], [ 246826.429900784220081, 1280327.015718565555289 ], [ 246734.444632118887966, 1280327.763959860894829 ], [ 246733.944082028494449, 1280266.238407656084746 ], [ 246703.559686057997169, 1280266.485613314202055 ], [ 246703.309819741465617, 1280235.775671960553154 ], [ 246672.925388189847581, 1280236.022901733638719 ], [ 246671.92414402376744, 1280112.971981626236811 ], [ 246702.308695921732578, 1280112.724774307571352 ], [ 246700.559102700586664, 1279897.649422391084954 ], [ 246730.943859375518514, 1279897.402284031035379 ], [ 246729.943975329224486, 1279774.456999006448314 ], [ 246790.712854135985253, 1279773.857287782011554 ], [ 246790.21349613944767, 1279712.437344221863896 ], [ 246856.008841364731779, 1279715.702103742398322 ], [ 246849.817396450642264, 1279619.711445470806211 ], [ 246880.143220460304292, 1279612.182719220640138 ], [ 246882.03737678041216, 1279589.15985943749547 ], [ 246910.337857814389281, 1279588.507703754818067 ], [ 246910.08833237705403, 1279557.797922972356901 ], [ 246940.473380914714653, 1279557.551053824601695 ], [ 246939.973547493835213, 1279496.025604628026485 ], [ 246970.358650614711223, 1279495.77877639955841 ], [ 246969.360034434095724, 1279372.833695959066972 ], [ 246999.328983517334564, 1279372.590300403535366 ], [ 247001.74043906465522, 1279310.724734747549519 ], [ 247012.739538444060599, 1279281.189985129283741 ], [ 247028.46657047996996, 1279218.688551153289154 ], [ 247081.284028101130389, 1279212.771620852639899 ], [ 247088.5700174930098, 1279187.277482261881232 ], [ 247119.372522240504622, 1279187.133158187847584 ], [ 247122.1301773339801, 1279065.318506652722135 ], [ 247148.343958278273931, 1279063.944793560774997 ], [ 247147.723999673151411, 1278987.539521076017991 ], [ 247167.742075290414505, 1278940.834510355023667 ], [ 247176.90135957338498, 1278889.679211095906794 ], [ 247176.734644793032203, 1278817.808575900038704 ], [ 247202.947663714934606, 1278816.329382632626221 ], [ 247207.288198519323487, 1278786.954367307946086 ], [ 247237.257028848456684, 1278786.605740664061159 ], [ 247236.489377378573408, 1278691.943429599050432 ], [ 247266.894888493814506, 1278694.124225041130558 ], [ 247265.89808558873483, 1278571.179419064894319 ], [ 247235.512136584904511, 1278571.425783177372068 ], [ 247234.764292431093054, 1278479.190775031223893 ], [ 247204.378247801039834, 1278479.437152026221156 ], [ 247204.129231757833622, 1278448.727112774737179 ], [ 247083.001158761704573, 1278449.709518122952431 ], [ 247082.752031746844295, 1278418.999789004679769 ], [ 246975.359731875360012, 1278419.871163988485932 ], [ 246961.623751166567672, 1278419.982643650146201 ], [ 246952.299186308518983, 1278450.770100471796468 ], [ 246840.32846728869481, 1278451.67912393854931 ], [ 246840.577842455124483, 1278482.389230207074434 ], [ 246719.449624625151046, 1278483.373074347618967 ], [ 246719.699122580670519, 1278514.082871494349092 ], [ 246689.313013997627422, 1278514.329757423372939 ], [ 246689.812948174600024, 1278575.855264809448272 ], [ 246599.071049836289603, 1278576.592750531621277 ], [ 246599.320686036080588, 1278607.30268213362433 ], [ 246447.80670794082107, 1278608.53469843766652 ], [ 246448.05650054308353, 1278639.244769163662568 ], [ 246326.513063239195617, 1278640.33910500863567 ], [ 246326.762981783191208, 1278671.049198672175407 ], [ 246266.407304603781085, 1278671.540437068557367 ], [ 246266.657286860485328, 1278702.250321053201333 ], [ 246175.499126855807845, 1278702.992501924512908 ], [ 246175.749206844338914, 1278733.702624562662095 ], [ 246115.393593811633764, 1278734.194179271813482 ], [ 246115.644598327489803, 1278765.009771729819477 ], [ 246054.872743873042054, 1278765.504846357507631 ], [ 246055.122954436083091, 1278796.214881719555706 ], [ 245994.351028624310857, 1278796.710087220184505 ], [ 245994.601306026714155, 1278827.420244940323755 ], [ 245964.631643481872743, 1278827.664504867512733 ], [ 245964.881954605370993, 1278858.374447311740369 ], [ 245934.49603788217064, 1278858.622135114856064 ], [ 245934.74724645196693, 1278889.437763313762844 ], [ 245904.361354294785997, 1278889.685486446600407 ], [ 245904.862128974316875, 1278951.105728258378804 ], [ 245874.476291248167399, 1278951.353492325171828 ], [ 245874.72671794690541, 1278982.063674931880087 ], [ 245844.340904665237758, 1278982.311474312096834 ], [ 245844.592225596774369, 1279013.126900063594803 ], [ 245814.206436862586997, 1279013.37473477749154 ], [ 245814.456935468042502, 1279044.084929601754993 ], [ 245784.48744745136355, 1279044.329403683543205 ], [ 245784.737979785597418, 1279075.039383225608617 ], [ 245754.352240016916767, 1279075.287288166582584 ], [ 245754.603670567943482, 1279106.102953584399074 ], [ 245693.832234579429496, 1279106.598863837774843 ], [ 245694.082871549180709, 1279137.309193204622716 ], [ 245633.727748705161503, 1279137.801835280377418 ], [ 245633.978448516718345, 1279168.511844345368445 ], [ 245603.592771126015577, 1279168.759914251044393 ], [ 245603.843508696707431, 1279199.470150732900947 ], [ 245543.072197233472252, 1279199.966390888905153 ], [ 245543.323862038581865, 1279230.782097723335028 ], [ 245482.55258855590364, 1279231.278467963682488 ], [ 245482.803456277935766, 1279261.988506636116654 ], [ 245422.448494814918377, 1279262.481605568667874 ], [ 245422.699430811597267, 1279293.19198790518567 ], [ 245301.573286977421958, 1279294.181962711270899 ], [ 245301.824345858331071, 1279324.892036006087437 ], [ 245119.927006317157065, 1279326.379619567655027 ], [ 245120.179115431994433, 1279357.195407279301435 ], [ 244938.281756240758114, 1279358.684089024784043 ], [ 244938.533188236702699, 1279389.394452144391835 ], [ 244816.990992882812861, 1279390.389791863970459 ], [ 244818.112051386968233, 1279425.631198147078976 ], [ 244787.2732355693297, 1279421.345461736666039 ], [ 244787.525693141942611, 1279452.16131306043826 ], [ 244726.754562111076666, 1279452.659243234200403 ], [ 244727.006222631520359, 1279483.369757913518697 ], [ 244666.235129260545364, 1279483.867818194208667 ], [ 244663.967277959804051, 1279207.158163099084049 ], [ 244696.434373548079748, 1279206.892115249764174 ], [ 244696.014123308239505, 1279155.602685150690377 ], [ 244693.34572686671163, 1279083.962202409980819 ], [ 244721.64530147597543, 1279083.097334109246731 ], [ 244722.976072887860937, 1278991.477052646921948 ], [ 244750.440571061888477, 1278990.302005997858942 ], [ 244752.607508346438408, 1278899.097097979160026 ], [ 244779.237796270987019, 1278897.718104282161221 ], [ 244782.767188744124724, 1278871.198502326849848 ], [ 244782.172633482230594, 1278798.591331834206358 ], [ 244781.98684179445263, 1278775.901591603178531 ], [ 244811.956777438346762, 1278775.656203642487526 ], [ 244811.704481242777547, 1278744.840368722332641 ], [ 244781.734515904361615, 1278745.085751094389707 ], [ 244781.231610872084275, 1278683.665210908045992 ], [ 244629.716270470991731, 1278684.906141935614869 ], [ 244629.967868701496627, 1278715.616329290438443 ], [ 244599.581557122757658, 1278715.865291884168983 ], [ 244599.833193132886663, 1278746.575706698931754 ], [ 244569.446905946795596, 1278746.824704630300403 ], [ 244569.699442173063289, 1278777.64058474288322 ], [ 244539.313179501710692, 1278777.889618032844737 ], [ 244539.816600495425519, 1278839.310362043324858 ], [ 244509.430392241541995, 1278839.55943632661365 ], [ 244509.68214033159893, 1278870.269648721674457 ], [ 244479.295956490357639, 1278870.518758347257972 ], [ 244479.800398871768266, 1278932.045097824418917 ], [ 244449.830550828948617, 1278932.290834974264726 ], [ 244450.082377349695889, 1278963.001170715782791 ], [ 244419.696272522560321, 1278963.250356297241524 ], [ 244420.200868411367992, 1279024.776499872561544 ], [ 244389.814818130253116, 1279025.025726475985721 ], [ 244390.066723502211971, 1279055.736185673857108 ], [ 244359.68069761589868, 1279055.985447626793757 ], [ 244359.764841923315544, 1279116.987403325736523 ], [ 244329.799478311644634, 1279117.760919789085165 ], [ 244330.051462543720845, 1279148.471502416534349 ], [ 244300.081794379715575, 1279148.717424683971331 ], [ 244297.896984639752191, 1279186.835644621402025 ], [ 244300.838732646516291, 1279240.954098318936303 ], [ 244241.744999270275002, 1279243.022338247625157 ], [ 244229.496760838927003, 1279272.252008275128901 ], [ 244058.420230223826366, 1279273.656890611862764 ], [ 244058.672513654077193, 1279304.367526474408805 ], [ 244028.286666642874479, 1279304.617159592919052 ], [ 244028.538983339414699, 1279335.327469615265727 ], [ 243998.15316077019088, 1279335.577138096326962 ], [ 243998.406381872657221, 1279366.393135169986635 ], [ 243968.436860528861871, 1279366.639417963800952 ], [ 243968.689250645111315, 1279397.349961545551196 ], [ 243938.303477055276744, 1279397.599700370570645 ], [ 243938.555901350599015, 1279428.31002878351137 ], [ 243908.170152174629038, 1279428.559802975971252 ], [ 243908.423481250472832, 1279459.375818505883217 ], [ 243878.037756591831567, 1279459.625628086738288 ], [ 243878.290255637170048, 1279490.336300781695172 ], [ 243847.904555411747424, 1279490.586145732318982 ], [ 243848.15708772992366, 1279521.296492610126734 ], [ 243817.771411899942905, 1279521.546372932381928 ], [ 243818.023982041690033, 1279552.256947258021683 ], [ 243788.054605353885563, 1279552.503438979154453 ], [ 243788.308078544941964, 1279583.319479138357565 ], [ 243757.922451724269195, 1279583.569429820403457 ], [ 243758.162938288442092, 1279612.802473330171779 ], [ 243727.789489260787377, 1279614.529781157849357 ], [ 243728.042166121740593, 1279645.240263236453757 ], [ 243667.271222757903161, 1279645.740334016503766 ], [ 243667.523966564505827, 1279676.450938594993204 ], [ 243607.585171428072499, 1279676.944289703620598 ], [ 243546.397969854384428, 1279677.448035390116274 ], [ 243545.225586608488811, 1279737.299775701016188 ], [ 243486.133532967040082, 1279739.474992121104151 ], [ 243485.880599240830634, 1279708.764573945431039 ], [ 243425.5257418883848, 1279709.261714533902705 ], [ 243424.765924461215036, 1279617.024415796389803 ], [ 243455.15158282322227, 1279616.774133485043421 ], [ 243454.898643463791814, 1279586.063711634837091 ], [ 243484.868051191995619, 1279585.816892815986648 ], [ 243484.614277148706606, 1279555.000795820727944 ], [ 243424.259121193870669, 1279555.497879961272702 ], [ 243424.512955077836523, 1279586.313988269306719 ], [ 243394.127261055720737, 1279586.564294610871002 ], [ 243394.38026046322193, 1279617.274727814132348 ], [ 243363.99459084807313, 1279617.525069539668038 ], [ 243364.247627184027806, 1279648.235619549872354 ], [ 243333.861981975962408, 1279648.485996660310775 ], [ 243334.115055242320523, 1279679.196663507493213 ], [ 243273.760082397289807, 1279679.694087023148313 ], [ 243266.158495323266834, 1279717.012906841933727 ], [ 243061.731034259370063, 1279712.260755933588371 ], [ 243061.476815575762885, 1279681.444577421061695 ], [ 243000.705467464518733, 1279681.945965249324217 ], [ 243000.959746408072533, 1279712.762155171949416 ], [ 242940.604710870480631, 1279713.260237516835332 ], [ 242940.858183440199355, 1279743.970757642993703 ], [ 242789.346234401105903, 1279745.221661319024861 ], [ 242789.599864531104686, 1279775.932431641733274 ], [ 242728.828595794358989, 1279776.434386787703261 ], [ 242729.08316318874131, 1279807.250629398738965 ], [ 242638.342582602839684, 1279808.000362063292414 ], [ 242638.596373589709401, 1279838.711051074787974 ], [ 242608.210774114762899, 1279838.962173348525539 ], [ 242608.718434179696487, 1279900.383564239367843 ], [ 242578.332889132550918, 1279900.634727615397424 ], [ 242578.587630923808319, 1279931.451000641332939 ], [ 242548.202110377140343, 1279931.702199446270242 ], [ 242548.456016436975915, 1279962.413018163526431 ], [ 242518.070520286913961, 1279962.664252378977835 ], [ 242518.32446147716837, 1279993.374966607894748 ], [ 242457.969784708839143, 1279993.874092649668455 ], [ 242458.223792484146543, 1280024.584929353091866 ], [ 242367.067635055544088, 1280025.339019749313593 ], [ 242367.322611550218426, 1280056.155334702925757 ], [ 242306.967780200822745, 1280056.654779550852254 ], [ 242307.221947961574188, 1280087.365424335934222 ], [ 242246.451318848208757, 1280087.868440146557987 ], [ 242246.705554531217786, 1280118.579318116651848 ], [ 242155.549331283080392, 1280119.3340845387429 ], [ 242155.803662181569962, 1280150.044869473436847 ], [ 242095.450024272402516, 1280150.650330397300422 ], [ 242095.95882442171569, 1280212.072035027202219 ], [ 242065.573484390857629, 1280212.323759440798312 ], [ 242065.827048411098076, 1280242.928991332883015 ], [ 242005.056411283061607, 1280243.432540698908269 ], [ 242005.312664932338521, 1280274.354388510575518 ], [ 241944.958335657138377, 1280274.854617720237002 ], [ 241944.702021928329486, 1280243.932758492417634 ], [ 241883.931339792092331, 1280244.436544818570837 ], [ 241883.42298315546941, 1280183.120331119280308 ], [ 241822.569894657848636, 1280173.703905408736318 ], [ 241822.14195598688093, 1280122.096946228528395 ], [ 241792.172747360629728, 1280122.345468392828479 ], [ 241791.663385216554161, 1280060.923763478640467 ], [ 241821.632653093372937, 1280060.675252581946552 ], [ 241821.122498069278663, 1279999.147878533229232 ], [ 241851.508093675307464, 1279998.895956777269021 ], [ 241851.253493384458125, 1279968.185117375571281 ], [ 241881.639113373996224, 1279967.933231046656147 ], [ 241881.384548227477353, 1279937.22228717035614 ], [ 241911.77019260043744, 1279936.970436268020421 ], [ 241911.514789475273574, 1279906.154037667438388 ], [ 241941.900458315445576, 1279905.902222209144384 ], [ 241941.645967142831068, 1279875.191512052202597 ], [ 241972.031660385371652, 1279874.93973201746121 ], [ 241971.777203436096897, 1279844.228806731989607 ], [ 242059.994298526231432, 1279840.331867799861357 ], [ 242062.263703641336178, 1279812.766312764491886 ], [ 242092.224418663128745, 1279811.462726994184777 ], [ 242092.394235904852394, 1279781.69830020214431 ], [ 242183.135208871710347, 1279780.946991161443293 ], [ 242182.880979400564684, 1279750.236107126111165 ], [ 242274.038267832773272, 1279749.481635342119262 ], [ 242273.819940973975463, 1279723.097867121687159 ], [ 242288.768889535509516, 1279718.646996025694534 ], [ 242364.525187740771798, 1279718.020246403757483 ], [ 242364.345353305747267, 1279696.279970888979733 ], [ 242364.270277712668758, 1279687.203936829697341 ], [ 242394.656072553858394, 1279686.952605800470337 ], [ 242394.402070940879639, 1279656.241763061378151 ], [ 242512.585546275629895, 1279651.676084233447909 ], [ 242515.274944058211986, 1279624.529493023408577 ], [ 242543.560412733699195, 1279621.973732116632164 ], [ 242545.152227295242483, 1279562.751456095371395 ], [ 242575.538108593900688, 1279562.500325717031956 ], [ 242575.284310794842895, 1279531.789519063197076 ], [ 242605.670216481870739, 1279531.538424086058512 ], [ 242605.416456545557594, 1279500.827844908693805 ], [ 242661.267402418743586, 1279509.337354051182047 ], [ 242665.518335643340833, 1279469.618294941261411 ], [ 242729.25810739051667, 1279475.635462835198268 ], [ 242725.782104572019307, 1279407.58954263641499 ], [ 242756.168102359806653, 1279407.338618567911908 ], [ 242755.914514346281067, 1279376.627848405158147 ], [ 242816.270273414469557, 1279376.1295372529421 ], [ 242813.878070921287872, 1279338.47081856848672 ], [ 242843.449960146826925, 1279340.442970260977745 ], [ 242907.173986890731612, 1279344.560935756657273 ], [ 242906.557404303952353, 1279320.291354689747095 ], [ 242967.636942311917664, 1279306.594663392752409 ], [ 242967.439304113504477, 1279282.638148009078577 ], [ 243021.135224082070636, 1279282.195213904138654 ], [ 243027.541871349239955, 1279251.429787113564089 ], [ 242997.155773871432757, 1279251.680416222196072 ], [ 242996.901585339015583, 1279220.864233641186729 ], [ 242875.773300260218093, 1279221.86358894361183 ], [ 242870.88187440339243, 1279133.565263161901385 ], [ 242874.758737871976336, 1279098.915264060487971 ], [ 242906.827337131049717, 1279100.761563098523766 ], [ 242904.891631639475236, 1279067.954029451822862 ], [ 242938.642690092528937, 1279071.897273464128375 ], [ 242935.024584000057075, 1279036.992615079740062 ], [ 242965.410902958508814, 1279036.741966830100864 ], [ 242965.156728744885186, 1279005.926003388129175 ], [ 242995.126788058521925, 1279005.678823663154617 ], [ 242994.87351748108631, 1278974.968105185776949 ], [ 243025.259885387611575, 1278974.717527310596779 ], [ 243025.006651733914623, 1278944.00692569767125 ], [ 243055.393044024211122, 1278943.756383200874552 ], [ 243055.139845467580017, 1278913.045677069807425 ], [ 243085.526262122235494, 1278912.795169950695708 ], [ 243085.272230227506952, 1278881.979009866947308 ], [ 243115.658671388489893, 1278881.72853814275004 ], [ 243115.405546691763448, 1278851.018065699143335 ], [ 243145.37572643099702, 1278850.77106005535461 ], [ 243145.122635504550999, 1278820.060372391948476 ], [ 243205.895609892293578, 1278819.559599315747619 ], [ 243205.642585887311725, 1278788.849034136626869 ], [ 243236.029094624362187, 1278788.598697814624757 ], [ 243235.775236959365429, 1278757.782568142283708 ], [ 243336.092251264839433, 1278756.956346198683605 ], [ 243387.291560609941371, 1278756.534787585027516 ], [ 243387.396802932955325, 1278718.749924373812973 ], [ 243447.811792161577614, 1278725.323881978634745 ], [ 243447.559026695758803, 1278694.613474290352315 ], [ 243507.915842154354323, 1278694.116765083977953 ], [ 243507.662272688467056, 1278663.30068798456341 ], [ 243538.048845646932023, 1278663.050670475931838 ], [ 243537.54352116654627, 1278601.629559464519843 ], [ 243567.930148513551103, 1278601.379582990659401 ], [ 243567.677524801896652, 1278570.668978574452922 ], [ 243506.904204491438577, 1278571.168949858052656 ], [ 243506.650659086066298, 1278540.352874716278166 ], [ 243446.29354525837698, 1278540.849527473561466 ], [ 243446.54715045762714, 1278571.66561392811127 ], [ 243416.160470742703183, 1278571.915703056612983 ], [ 243415.906835440255236, 1278541.099610905861482 ], [ 243355.133398911857512, 1278541.59986682003364 ], [ 243355.387094420642825, 1278572.415970366448164 ], [ 243325.000397831667215, 1278572.666148547083139 ], [ 243324.93262178907753, 1278564.434517046436667 ], [ 243324.746672219713219, 1278541.850039302371442 ], [ 243203.615999034635024, 1278542.847596948267892 ], [ 243203.869844647444552, 1278573.663728916319087 ], [ 243057.347604439593852, 1278574.871053954819217 ], [ 242961.608470196049893, 1278575.66030475590378 ], [ 242961.861692283535376, 1278606.371022475883365 ], [ 242598.053028123889817, 1278609.372929460834712 ], [ 242597.799446841061581, 1278578.66214359854348 ], [ 242294.763407575228484, 1278581.165779279079288 ], [ 242295.017288053699303, 1278611.876621974632144 ], [ 242234.243774416594533, 1278612.379089851863682 ], [ 242234.497720003011636, 1278643.089833787176758 ], [ 242113.366599799745018, 1278644.091708245920017 ], [ 242113.620671923214104, 1278674.802586081204936 ], [ 241962.103595204243902, 1278676.16194333625026 ], [ 241962.357822980848141, 1278706.87285012123175 ], [ 241931.970988016109914, 1278707.124413000186905 ], [ 241932.225249990820885, 1278737.835104656871408 ], [ 241841.064801228319993, 1278738.589988556690514 ], [ 241841.319161079154583, 1278769.300919157452881 ], [ 241780.961850808409508, 1278769.800886231474578 ], [ 241781.217149993928615, 1278800.617289614630863 ], [ 241750.830371317366371, 1278800.86904737749137 ], [ 241751.084831939981086, 1278831.579885361017659 ], [ 241690.311317667685216, 1278832.083501387620345 ], [ 241690.565845253615407, 1278862.794461919926107 ], [ 241660.179109629068989, 1278863.046320185530931 ], [ 241660.4336714213714, 1278893.757065604906529 ], [ 241630.463249397231266, 1278894.005508207716048 ], [ 241630.718722956196871, 1278924.821942158974707 ], [ 241569.945343823084841, 1278925.325829244917259 ], [ 241570.200009156076703, 1278956.036814055638388 ], [ 241539.813341132976348, 1278956.288807856850326 ], [ 241540.068041593796806, 1278986.999688179697841 ], [ 241509.68139790405985, 1278987.251717393752187 ], [ 241509.936135330150137, 1279017.962714613880962 ], [ 241479.965803980798228, 1279018.211325829150155 ], [ 241479.805162530305097, 1279049.031022492563352 ], [ 241419.448254838527646, 1279049.531798010924831 ], [ 241419.703093986492604, 1279080.242813277523965 ], [ 241389.31651787518058, 1279080.494978048605844 ], [ 241389.571391238627257, 1279111.205778198316693 ], [ 241359.184839499008376, 1279111.457978388061747 ], [ 241359.440626125433482, 1279142.274467332055792 ], [ 241299.083852660784032, 1279142.775512127671391 ], [ 241299.338830514141591, 1279173.486662318697199 ], [ 241238.565807776612928, 1279173.991292705759406 ], [ 241238.82084894698346, 1279204.702122854534537 ], [ 241178.048081839457154, 1279205.206881675869226 ], [ 241178.303190924430965, 1279235.917945067863911 ], [ 241117.94631071027834, 1279236.419378934428096 ], [ 241118.202361741248751, 1279267.235915632918477 ], [ 241087.816127697442425, 1279267.488409154815599 ], [ 241088.071336696477374, 1279298.199269309174269 ], [ 241057.684908747905865, 1279298.451800074661151 ], [ 241057.940156571392436, 1279329.162998440908268 ], [ 240997.167343706503743, 1279329.668160536792129 ], [ 240997.422654857335147, 1279360.379038851009682 ], [ 240967.452554707939271, 1279360.62820900650695 ], [ 240967.708780230866978, 1279391.44477631431073 ], [ 240937.322419844043907, 1279391.697442694567144 ], [ 240937.577804584114347, 1279422.408554701134562 ], [ 240907.191468577570049, 1279422.661256516817957 ], [ 240907.446887548750965, 1279453.372153416043147 ], [ 240786.317890794744017, 1279454.379816813394427 ], [ 240786.82986843076651, 1279515.907672740751877 ], [ 240695.671028950542677, 1279516.666363338008523 ], [ 240696.182330652838573, 1279578.088461965089664 ], [ 240665.79609952410101, 1279578.341429719468579 ], [ 240666.052668455056846, 1279609.15805791458115 ], [ 240636.082744113518856, 1279609.407594862859696 ], [ 240636.338468844362069, 1279640.118546150857583 ], [ 240605.952286594634643, 1279640.371584411710501 ], [ 240606.463817046227632, 1279701.79383188020438 ], [ 240576.077689192839898, 1279702.046911329962313 ], [ 240576.334372435288969, 1279732.863558672135696 ], [ 240545.948269016720587, 1279733.116673592478037 ], [ 240546.204108083096799, 1279763.827644012169912 ], [ 240485.848224930319702, 1279764.330505774822086 ], [ 240486.104131549160229, 1279795.041709429351613 ], [ 240425.33200522523839, 1279795.548169407760724 ], [ 240425.588856984511949, 1279826.364846939453855 ], [ 240334.430715303693432, 1279827.124777046265081 ], [ 240334.686783301644027, 1279857.83589971717447 ], [ 240274.331000442412915, 1279858.339208074146882 ], [ 240274.587135081412271, 1279889.050453315954655 ], [ 240213.815109738847241, 1279889.55736298696138 ], [ 240214.071308664162643, 1279920.268398881191388 ], [ 240123.329597665637266, 1279921.025529536185786 ], [ 240123.586774324823637, 1279951.842266490450129 ], [ 240062.814812602562597, 1279952.349495542235672 ], [ 240063.071175292803673, 1279983.060782402986661 ], [ 239972.329559261881514, 1279983.818389962427318 ], [ 239972.586016794783063, 1280014.529583812691271 ], [ 239911.814118461858016, 1280015.037132233381271 ], [ 239912.070643064798787, 1280045.748448748840019 ], [ 239851.299000264785718, 1280046.256125730229542 ], [ 239851.55647215602221, 1280077.072916534962133 ], [ 239730.429080823727418, 1280078.085174240637571 ], [ 239730.685795563622378, 1280108.796304869232699 ], [ 239609.558433439931832, 1280109.809057800797746 ], [ 239609.815275853034109, 1280140.520433171419427 ], [ 239518.657575959921815, 1280141.282937007024884 ], [ 239518.914513648487628, 1280171.994219514075667 ], [ 239458.55990670339088, 1280172.604805219219998 ], [ 239458.816910165507579, 1280203.316099660936743 ], [ 239398.045179469161667, 1280203.824725329410285 ], [ 239398.302250024600653, 1280234.536142419790849 ], [ 239337.530447459517745, 1280235.04489942570217 ], [ 239337.786699317890452, 1280265.650644585024565 ], [ 239307.817260186217027, 1280265.901586254127324 ], [ 239308.076198884256883, 1280296.823946875520051 ], [ 239277.690398156875744, 1280297.078410379355773 ], [ 239277.947605827008374, 1280327.789741259766743 ], [ 239247.561720330792014, 1280328.044241170631722 ], [ 239247.818965060898336, 1280358.755688978359103 ], [ 239217.433213006675942, 1280359.010223470628262 ], [ 239217.691377380950144, 1280389.827140257693827 ], [ 239187.305649767775321, 1280390.081710265949368 ], [ 239187.562964934564661, 1280420.792949226219207 ], [ 239157.593646222230745, 1280421.044065594673157 ], [ 239157.851882725663017, 1280451.860994856338948 ], [ 239097.080410395428771, 1280452.370306733762845 ], [ 239097.336944438691717, 1280482.976211772998795 ], [ 239066.951284204755211, 1280483.230917600216344 ], [ 239067.208739279391011, 1280513.942402377957478 ], [ 239036.823103382397676, 1280514.197143707191572 ], [ 239037.081478831474669, 1280545.014097595354542 ], [ 239006.695867374743102, 1280545.26887444849126 ], [ 239006.95339290073025, 1280575.980150426039472 ], [ 238946.59848689212231, 1280576.486313408706337 ], [ 238946.856080058176303, 1280607.197822639951482 ], [ 238825.730045920237899, 1280608.214016622398049 ], [ 238825.472332962875953, 1280577.502484364202246 ], [ 238764.701084757747594, 1280578.012493959860876 ], [ 238763.6700563110644, 1280455.166655455017462 ], [ 238733.284303425258258, 1280455.421681731240824 ], [ 238733.025645643501775, 1280424.604671494103968 ], [ 238702.640075120725669, 1280424.859719867352396 ], [ 238702.382280449790414, 1280394.148388737579808 ], [ 238671.99645592935849, 1280394.40346288937144 ], [ 238671.479935765062692, 1280332.874884725315496 ], [ 238641.510105091205332, 1280333.12648396147415 ], [ 238641.252268140087835, 1280302.415032118326053 ], [ 238550.09469086851459, 1280303.180466960417107 ], [ 238549.834997580241179, 1280272.257961267838255 ], [ 238367.93535002853605, 1280273.786103862803429 ], [ 238367.678142565389862, 1280243.180174929089844 ], [ 238155.808318991621491, 1280244.961396356113255 ], [ 238155.550019994261675, 1280214.249742946820334 ], [ 238125.163912247604458, 1280214.505315772024915 ], [ 238124.646386397653259, 1280152.976646008202806 ], [ 238038.045312148082303, 1280151.172088916413486 ], [ 238031.573416713275947, 1280124.101361078675836 ], [ 237912.100812143675284, 1280124.051204364281148 ], [ 237912.023171897395514, 1280065.36857122881338 ], [ 237882.071810492547229, 1280067.837022024672478 ], [ 237880.679542253375985, 1280001.355054163839668 ], [ 237759.550313557207119, 1280002.374923879280686 ], [ 237759.291673855506815, 1279971.66319911275059 ], [ 237638.162234180781525, 1279972.683517958968878 ], [ 237637.902592322207056, 1279941.866306839743629 ], [ 237546.743147950561251, 1279942.634469833923504 ], [ 237546.484312540618703, 1279911.922926814761013 ], [ 237516.09778955130605, 1279912.179034776287153 ], [ 237515.838928369106725, 1279881.467265103245154 ], [ 237394.709164445230272, 1279882.488458698615432 ], [ 237394.190332664293237, 1279820.959521280135959 ], [ 237333.417043204361107, 1279821.472028381889686 ], [ 237332.639106357470155, 1279729.231378261465579 ], [ 237272.281903271563351, 1279729.740457734791562 ], [ 237272.022839479672257, 1279699.028644639998674 ], [ 237241.636054487200454, 1279699.284978517331183 ], [ 237241.376967733376659, 1279668.573270767461509 ], [ 237120.245941018278245, 1279669.595366701716557 ], [ 237119.72665644006338, 1279608.066442208364606 ], [ 237058.952842895523645, 1279608.57940105558373 ], [ 237058.434352862939704, 1279547.155919318785891 ], [ 236997.660396198625676, 1279547.668973738327622 ], [ 236997.401098469039425, 1279516.957000620895997 ], [ 236937.043352214735933, 1279517.466646755114198 ], [ 236936.78311132354429, 1279486.649309051921591 ], [ 236876.008988415298518, 1279487.162577016046271 ], [ 236875.74958610010799, 1279456.450913649983704 ], [ 236815.391674771206453, 1279456.96077185519971 ], [ 236815.132217090926133, 1279426.248876075027511 ], [ 236723.970775033347309, 1279427.019142928533256 ], [ 236723.710342172184028, 1279396.201765868114308 ], [ 236662.935958402929828, 1279396.715413951547816 ], [ 236662.676364784885664, 1279366.003711353987455 ], [ 236602.318194347433746, 1279366.513947058003396 ], [ 236602.058544436353259, 1279335.801901360740885 ], [ 236389.763816460384987, 1279337.597414547111839 ], [ 236390.023676128068473, 1279368.309500977396965 ], [ 236329.249105717753991, 1279368.82378932996653 ], [ 236329.509028781147208, 1279399.535555901704356 ], [ 236269.150792219443247, 1279400.046450652414933 ], [ 236269.411675768264104, 1279430.863915227819234 ], [ 236239.02443061908707, 1279431.121174662839621 ], [ 236239.284457558882423, 1279461.833180967252702 ], [ 236208.897454874531832, 1279462.090474099386483 ], [ 236209.157516126288101, 1279492.802265390055254 ], [ 236148.799194739083759, 1279493.313432038296014 ], [ 236149.060216959333047, 1279524.130921423202381 ], [ 236118.67303894291399, 1279524.388316820142791 ], [ 236118.933205021836329, 1279555.100458497880027 ], [ 236088.546269499347545, 1279555.357887595891953 ], [ 236088.806468957220204, 1279586.069703605724499 ], [ 236028.032204173214268, 1279586.584666312439367 ], [ 236028.292471728753299, 1279617.296715787379071 ], [ 235997.905360689212102, 1279617.55424754973501 ], [ 235998.166558330471162, 1279648.371768168406561 ], [ 235968.195766036165878, 1279648.625806706259027 ], [ 235968.456103717267979, 1279679.337647455977276 ], [ 235938.069041362497956, 1279679.595249940874055 ], [ 235938.329416179447435, 1279710.307207660982385 ], [ 235907.942378075968008, 1279710.564845703076571 ], [ 235908.017547091410961, 1279719.430090980604291 ], [ 235908.202790030743927, 1279741.276920424075797 ], [ 235877.815776189381722, 1279741.534594024531543 ], [ 235878.077118731103837, 1279772.352139949798584 ], [ 235847.69012923410628, 1279772.60984913026914 ], [ 235848.211102283734363, 1279834.033803007565439 ], [ 235818.24045939889038, 1279834.288022284163162 ], [ 235818.501880394178443, 1279865.105581309879199 ], [ 235788.11496961908415, 1279865.363367072073743 ], [ 235788.636099985975306, 1279926.787457740399987 ], [ 235758.249243500758894, 1279927.045284913154319 ], [ 235758.509846568689682, 1279957.757170821307227 ], [ 235728.123014356417116, 1279958.015033560106531 ], [ 235728.384550560556818, 1279988.832612090511248 ], [ 235697.99774268490728, 1279989.090510417707264 ], [ 235698.519102693069726, 1280050.51464002369903 ], [ 235668.132349112303928, 1280050.772579767741263 ], [ 235668.393068885197863, 1280081.484706479590386 ], [ 235638.422629054985009, 1280081.739147406071424 ], [ 235638.684280072746333, 1280112.556745425332338 ], [ 235608.297575183794834, 1280112.814755925675854 ], [ 235608.819163104868494, 1280174.238813654519618 ], [ 235578.43251251388574, 1280174.4968655789271 ], [ 235578.693345779669471, 1280205.208901030244306 ], [ 235548.307616199250333, 1280205.572564308997244 ], [ 235548.568485705764033, 1280236.28460609447211 ], [ 235488.211563784279861, 1280236.797345195896924 ], [ 235488.472500085365027, 1280267.509509722702205 ], [ 235458.085916682612151, 1280267.767697718460113 ], [ 235458.345991139591206, 1280298.37418207898736 ], [ 235397.572866789705586, 1280298.890658920165151 ], [ 235398.096742449270096, 1280360.525845322757959 ], [ 235367.326244422758464, 1280364.587194613879547 ], [ 235367.971313111775089, 1280391.496329973684624 ], [ 235337.584826825011987, 1280391.754660320235416 ], [ 235337.846840962825809, 1280422.57232182007283 ], [ 235277.490197186823934, 1280423.08554330887273 ], [ 235275.92143624793971, 1280238.601704795844853 ], [ 235245.444134353892878, 1280228.200460753869265 ], [ 235244.750394772272557, 1280146.618108947761357 ], [ 235214.363644793163985, 1280146.876510904170573 ], [ 235213.840392905636691, 1280085.3468369001057 ], [ 235153.48304594331421, 1280085.86016562464647 ], [ 235153.745178045297507, 1280116.677857393631712 ], [ 235062.584768669330515, 1280117.453401159029454 ], [ 235063.107435670739505, 1280178.877669209847227 ], [ 235032.720681027276441, 1280179.136254970915616 ], [ 235033.244331393972971, 1280240.666112822247669 ], [ 235002.85784937167773, 1280240.924738197121769 ], [ 235003.119265581248328, 1280271.636996285291389 ], [ 234973.148660112579819, 1280271.892117158742622 ], [ 234973.933929829508997, 1280364.13404521998018 ], [ 234943.547338346834294, 1280364.392754975473508 ], [ 234944.071243899816182, 1280425.922764355083928 ], [ 234913.684925072884653, 1280426.181513730902225 ], [ 234914.208913788897917, 1280487.711315427673981 ], [ 234823.465734611032531, 1280488.484236372401938 ], [ 234823.726480438548606, 1280519.090957066975534 ], [ 234793.340010373154655, 1280519.349844421027228 ], [ 234793.601691864430904, 1280550.062147758668289 ], [ 234763.215246066392865, 1280550.32107071345672 ], [ 234763.739584617374931, 1280611.850934910820797 ], [ 234733.353193204442505, 1280612.10989935696125 ], [ 234733.614953406213317, 1280642.822215857217088 ], [ 234703.228586241486482, 1280643.081215907586738 ], [ 234703.491281709866598, 1280673.899004486622289 ], [ 234673.521223097806796, 1280674.154491248074919 ], [ 234673.366770678374451, 1280704.870258708950132 ], [ 234643.39673598256195, 1280705.125780589878559 ], [ 234643.920477424748242, 1280766.550230724038556 ], [ 234613.534213246079162, 1280766.809343080036342 ], [ 234613.797023674065713, 1280797.627151182852685 ], [ 234583.41078384796856, 1280797.886299169855192 ], [ 234583.672731144062709, 1280828.5986478314735 ], [ 234553.286515587067697, 1280828.857831429922953 ], [ 234553.810487950860988, 1280890.282431303756312 ], [ 234523.42432668391848, 1280890.541656388668343 ], [ 234523.687252502073534, 1280921.359484101878479 ], [ 234493.71739696979057, 1280921.615192824276164 ], [ 234494.241525051125791, 1280983.039708262309432 ], [ 234463.855442531523295, 1280983.299010066548362 ], [ 234464.380556580552366, 1281044.829115704866126 ], [ 234433.994528480048757, 1281045.088459022343159 ], [ 234434.256673428113572, 1281075.80061950837262 ], [ 234373.48465992778074, 1281076.319407130591571 ], [ 234374.272216648620088, 1281168.561835356988013 ], [ 234344.30256996472599, 1281168.817736762342975 ], [ 234344.148554289655294, 1281199.533803469501436 ], [ 234314.178931527014356, 1281199.789740012725815 ], [ 234314.441227366274688, 1281230.501926331082359 ], [ 234253.669468376727309, 1281231.021009930409491 ], [ 234253.932733415043913, 1281261.838895843597129 ], [ 234223.546875388419721, 1281262.098488166928291 ], [ 234223.809275758918375, 1281292.810914419591427 ], [ 234193.423441965889651, 1281293.070542373461649 ], [ 234193.685876722622197, 1281323.782753642182797 ], [ 234163.716344077896792, 1281324.038859709864482 ], [ 234163.979717930778861, 1281354.856764702359214 ], [ 234133.593932827119716, 1281355.116463532671332 ], [ 234133.856442589953076, 1281385.829019468743354 ], [ 234103.470681739854626, 1281386.088753933319822 ], [ 234103.733224946481641, 1281416.80098420009017 ], [ 234073.347488349594641, 1281417.060754300095141 ], [ 234073.610069731832482, 1281447.773212285479531 ], [ 234043.224357388622593, 1281448.033018022309989 ], [ 234043.487876891915221, 1281478.850948566570878 ], [ 234013.518464126158506, 1281479.107230008812621 ], [ 234013.781115795718506, 1281509.819479308323935 ], [ 233983.395452142984141, 1281510.079355935798958 ], [ 233983.658142939675599, 1281540.791943594114855 ], [ 233953.272503569489345, 1281541.051855862373486 ], [ 233953.535227815445978, 1281571.764117893530056 ], [ 233923.149612670647912, 1281572.02406580420211 ], [ 233923.413277433777694, 1281602.842021789867431 ], [ 233832.672761656634975, 1281603.618499070638791 ], [ 233832.935618250456173, 1281634.330785541795194 ], [ 233802.550040166242979, 1281634.590863870456815 ], [ 233802.812934949353803, 1281665.303378036012873 ], [ 233772.42738109792117, 1281665.563492012908682 ], [ 233772.691215089987963, 1281696.38147893617861 ], [ 233742.305685595842078, 1281696.641628582496196 ], [ 233742.568652046844363, 1281727.354044812265784 ], [ 233712.183365035802126, 1281727.614228239981458 ], [ 233712.446368733537383, 1281758.326761519070715 ], [ 233560.935178227256984, 1281759.624597090296447 ], [ 233561.198336245783139, 1281790.336938875494525 ], [ 233500.843642932770308, 1281790.854151447769254 ], [ 233501.107772748975549, 1281821.67219335353002 ], [ 233470.722311375546269, 1281821.932633628835902 ], [ 233470.985573595447931, 1281852.645215336699039 ], [ 233440.600136492052115, 1281852.90569127118215 ], [ 233440.863434072001837, 1281883.61816867813468 ], [ 233410.478021199640352, 1281883.878680273657665 ], [ 233413.106645467865746, 1281947.713417923077941 ], [ 233320.265779495704919, 1281946.187514625256881 ], [ 233320.001443956163712, 1281915.369435364147648 ], [ 232592.415179295057897, 1281921.618597259977832 ], [ 232592.68023773439927, 1281952.43681845953688 ], [ 232501.93994575884426, 1281953.21739072795026 ], [ 232502.204191307420842, 1281983.929941520560533 ], [ 232441.433397297223564, 1281984.452868676744401 ], [ 232441.697711173736025, 1282015.165653151925653 ], [ 232350.957293496059719, 1282015.94670589803718 ], [ 232351.221702523471322, 1282046.659397852839902 ], [ 232260.066286635643337, 1282047.549894031370059 ], [ 232260.330792204185855, 1282078.262604232179001 ], [ 232169.590777168108616, 1282079.044221763499081 ], [ 232169.855379802349489, 1282109.757060813251883 ], [ 232109.084370784868952, 1282110.280691485852003 ], [ 232109.349037949577905, 1282140.993321537738666 ], [ 232018.609115343599115, 1282141.775417756754905 ], [ 232018.874789747351315, 1282172.593754902249202 ], [ 231958.103842816664837, 1282173.117706220131367 ], [ 231958.368674475234002, 1282203.830588098149747 ], [ 231867.212464032461867, 1282204.616754744434729 ], [ 231867.477391278080177, 1282235.329544253414497 ], [ 231807.122886354627553, 1282235.850224486319348 ], [ 231807.387880593247246, 1282266.563136897049844 ], [ 231777.002513907907996, 1282266.825322994496673 ], [ 231777.26845271763159, 1282297.643488254398108 ], [ 231746.883110360184219, 1282297.905710079940036 ], [ 231747.148177339171525, 1282328.618635337566957 ], [ 231716.762859207927249, 1282328.880892872577533 ], [ 231717.02796159312129, 1282359.593713864218444 ], [ 231687.058937518857419, 1282359.85241356655024 ], [ 231687.324076809978578, 1282390.565351570257917 ], [ 231656.939717809320427, 1282390.933147961273789 ], [ 231657.204893486399669, 1282421.646092381794006 ], [ 231626.819648216129281, 1282421.908456664299592 ], [ 231627.084858347370755, 1282452.621186132309958 ], [ 231596.699637322220951, 1282452.883586129406467 ], [ 231596.964885732333641, 1282483.596543381456286 ], [ 231536.194486220891122, 1282484.121444586664438 ], [ 231536.460712198866531, 1282514.939882124075666 ], [ 231476.106617923593149, 1282515.461317563662305 ], [ 231476.37199792813044, 1282546.174188769655302 ], [ 231355.247591182764154, 1282547.221034232527018 ], [ 231355.513098411029205, 1282577.93404028005898 ], [ 231325.127945147221908, 1282578.196731259347871 ], [ 231324.862407816690393, 1282547.48371926904656 ], [ 231294.477218570769764, 1282547.746434086002409 ], [ 231294.742786003742367, 1282578.45945201953873 ], [ 231233.97266832110472, 1282578.984980996930972 ], [ 231233.707040683715604, 1282548.271951174596325 ], [ 231173.352671515953261, 1282548.793990210397169 ], [ 231173.086991321179084, 1282518.081059736199677 ], [ 231061.979442142590415, 1282522.208763058530167 ], [ 231051.279471556306817, 1282488.314133271109313 ], [ 231021.310439085646067, 1282488.573500965954736 ], [ 231021.044620421831496, 1282457.860431112116203 ], [ 231051.013682580552995, 1282457.601069285301492 ], [ 231050.747901801252738, 1282426.888227147050202 ], [ 231081.133258505957201, 1282426.625298308441415 ], [ 231080.866599632368889, 1282395.806773000396788 ], [ 231141.637355848331936, 1282395.281016593566164 ], [ 231141.371676031500101, 1282364.567971891025081 ], [ 231232.109761453524698, 1282363.572241845540702 ], [ 231231.846002795500681, 1282333.070262309163809 ], [ 231262.651118276815396, 1282333.226136728189886 ], [ 231261.965649173012935, 1282302.094511430943385 ], [ 231293.192863147647586, 1282302.880182340042666 ], [ 231291.819159932958428, 1282240.300540950382128 ], [ 231140.308110180310905, 1282241.610661727841944 ], [ 231140.573764860222582, 1282272.323704493697733 ], [ 231110.188269202189986, 1282272.586543997284025 ], [ 231110.454870732792187, 1282303.404840073315427 ], [ 231049.683922191150486, 1282303.930620342493057 ], [ 231049.949679740937427, 1282334.643681932706386 ], [ 231019.980498735327274, 1282334.903020266909152 ], [ 231020.246291293413378, 1282365.615977524314076 ], [ 230928.67188950633863, 1282366.197662114864215 ], [ 230716.808011457556859, 1282368.243471584049985 ], [ 230717.074111827532761, 1282398.956599451834336 ], [ 230626.334908158343751, 1282399.848387609934434 ], [ 230626.60110472451197, 1282430.561533749569207 ], [ 230565.830209131701849, 1282431.088312111096457 ], [ 230566.096470269840211, 1282461.801249278476462 ], [ 230505.741883021430112, 1282462.324549017474055 ], [ 230506.008212160551921, 1282493.037719872314483 ], [ 230414.851970013871323, 1282493.828323977999389 ], [ 230415.119310665118974, 1282524.646981883095577 ], [ 230354.76478478993522, 1282525.170600299723446 ], [ 230355.031275677378289, 1282555.883691166527569 ], [ 230233.489731229376048, 1282556.938531317049637 ], [ 230232.955598462896887, 1282495.406722848303616 ], [ 230202.570137280679774, 1282495.67049538413994 ], [ 230191.481294279335998, 1282465.051216257037595 ], [ 230182.054780468868557, 1282434.101074925391003 ], [ 230201.502742527751252, 1282372.712329121539369 ], [ 230231.888324213854503, 1282372.448580476921052 ], [ 230231.35518264467828, 1282311.022246557986364 ], [ 230200.969540762598626, 1282311.285983266774565 ], [ 230200.168871392321307, 1282219.041165260598063 ], [ 230170.199409131833818, 1282219.301300338469446 ], [ 230169.398706490348559, 1282127.056358293630183 ], [ 230139.012872101506218, 1282127.320118290605024 ], [ 230138.479651690227911, 1282065.893756379373372 ], [ 230108.092834630340803, 1282066.051954664057121 ], [ 230107.559579289343674, 1282004.625582727836445 ], [ 230077.173612636746839, 1282004.889378365594894 ], [ 230076.639407653303351, 1281943.357638211455196 ], [ 230046.253593024332076, 1281943.621449760859832 ], [ 230045.986926778336056, 1281912.908198184566572 ], [ 229955.24476485082414, 1281913.696185593260452 ], [ 229954.978016018576454, 1281882.983027338050306 ], [ 229894.205995171272662, 1281883.510895533021539 ], [ 229893.939191509969532, 1281852.797615126008168 ], [ 229803.196980097156484, 1281853.586008206242695 ], [ 229802.929176419682335, 1281822.767241374822333 ], [ 229772.542970067064743, 1281823.031297989189625 ], [ 229772.276061035110615, 1281792.318216075422242 ], [ 229741.889818682393525, 1281792.582296477165073 ], [ 229741.622883952164557, 1281761.868987701367587 ], [ 229711.236605618381873, 1281762.133091889321804 ], [ 229710.969648077036254, 1281731.419888293137774 ], [ 229680.999617515772115, 1281731.680397587595508 ], [ 229680.464743323158473, 1281670.148289541713893 ], [ 229650.078362873289734, 1281670.412434889469296 ], [ 229649.811365499394014, 1281639.699331499636173 ], [ 229619.424949040228967, 1281639.963500628946349 ], [ 229619.157009031448979, 1281609.144701266661286 ], [ 229588.770556469156872, 1281609.408894155872986 ], [ 229588.503511582210194, 1281578.695779769448563 ], [ 229558.117023020342458, 1281578.959996437421069 ], [ 229557.582889144658111, 1281517.533425129018724 ], [ 229527.196334503183607, 1281517.797659591538832 ], [ 229526.661247626703698, 1281456.26549832476303 ], [ 229496.690914842998609, 1281456.526130177080631 ], [ 229496.231976813462097, 1281403.754214050481096 ], [ 229495.888702470459975, 1281364.280719440430403 ], [ 229465.501985474023968, 1281364.544983049388975 ], [ 229464.967761441832408, 1281303.118493359535933 ], [ 229434.580978373531252, 1281303.382774753961712 ], [ 229434.045802165113855, 1281241.850805741501972 ], [ 229403.658952923724428, 1281242.115104897879064 ], [ 229403.391800971352495, 1281211.40162841626443 ], [ 229343.034316286211833, 1281211.926682258257642 ], [ 229344.196863799763378, 1281345.54537266283296 ], [ 229344.371347918757237, 1281365.598712880630046 ], [ 229313.984601389442105, 1281365.863124863477424 ], [ 229314.252791636041366, 1281396.681980302324519 ], [ 229253.479341181693599, 1281397.210905556101352 ], [ 229253.746681068849284, 1281427.924414781620726 ], [ 229223.359977020591032, 1281428.188928034156561 ], [ 229223.627350418013521, 1281458.902111685136333 ], [ 229193.240670520986896, 1281459.166660685790703 ], [ 229193.508082247921266, 1281489.880072166211903 ], [ 229102.764385896385647, 1281490.670289944857359 ], [ 229103.032812403689604, 1281521.489189306506887 ], [ 228921.129152570269071, 1281523.074085240019485 ], [ 228920.860545378469396, 1281492.255149866919965 ], [ 228890.473836419521831, 1281492.520001636119559 ], [ 228890.206124727264978, 1281461.806530375732109 ], [ 228862.727777342661284, 1281461.412633172934875 ], [ 228853.020784020773135, 1281398.482688883785158 ], [ 228829.313395736331586, 1281400.905827629379928 ], [ 228828.776979693386238, 1281339.373616293072701 ], [ 228858.747559561335947, 1281339.112364018335938 ], [ 228858.479849472350907, 1281308.39888914488256 ], [ 228888.866744932485744, 1281308.134043626021594 ], [ 228888.598152073740494, 1281277.315105606103316 ], [ 228949.371985538105946, 1281276.785515870666131 ], [ 228949.104380286240485, 1281246.072281287517399 ], [ 228979.491318197513465, 1281245.807537047658116 ], [ 228979.223746456438676, 1281215.093976934207603 ], [ 229002.95057238463778, 1281214.887284028111026 ], [ 229039.581372106040362, 1281214.568215528968722 ], [ 229039.313869319157675, 1281183.854999803937972 ], [ 229130.474792540364433, 1281183.061158870579675 ], [ 229130.206466103729326, 1281152.242270791204646 ], [ 229190.5641526915133, 1281151.716827914584428 ], [ 229190.296810597763397, 1281121.003421685658395 ], [ 229276.47273783525452, 1281121.414465015055612 ], [ 229271.163674850948155, 1281085.362060169223696 ], [ 229314.430028551141731, 1281082.135729675646871 ], [ 229311.310395429783966, 1281058.51901560719125 ], [ 229371.668190733878873, 1281057.993962177308276 ], [ 229371.400132184207905, 1281027.175345295341685 ], [ 229341.429354582855012, 1281027.436040740227327 ], [ 229341.162188148708083, 1280996.722666359506547 ], [ 229310.775080447783694, 1280996.987006421200931 ], [ 229310.507892192807049, 1280966.273847890086472 ], [ 229280.120748519082554, 1280966.538211710983887 ], [ 229279.852616995398421, 1280935.719356960151345 ], [ 229249.465437206497882, 1280935.98374451813288 ], [ 229248.930969197652303, 1280874.557073863921687 ], [ 229188.156471577414777, 1280875.085914257448167 ], [ 229187.889186447078828, 1280844.372512343106791 ], [ 229127.530902213882655, 1280844.897836116608232 ], [ 229127.262645665905438, 1280814.078953304793686 ], [ 229096.87531597528141, 1280814.34346519690007 ], [ 229096.340599753544666, 1280752.916849266272038 ], [ 229065.95320398802869, 1280753.18137891497463 ], [ 229066.92825960094342, 1280626.08813339844346 ], [ 229054.038740164774936, 1280627.889083464164287 ], [ 229034.495286113466136, 1280630.487084054853767 ], [ 229035.233292775112204, 1280476.163323746062815 ], [ 229063.545184750750195, 1280476.55030596931465 ], [ 229060.565486911160406, 1280373.346231762086973 ], [ 229056.112707973690704, 1280292.215485733933747 ], [ 229122.715198996418621, 1280291.530338918557391 ], [ 229122.447056815144606, 1280260.711464723572135 ], [ 229184.070079750556033, 1280261.864120466867462 ], [ 229182.539319089264609, 1280229.473085619974881 ], [ 229242.003049955528695, 1280221.672659567091614 ], [ 229253.476781642646529, 1280200.673765241634101 ], [ 229302.121161498245783, 1280193.39001682610251 ], [ 229303.556762167834677, 1280166.989513433072716 ], [ 229363.89794314536266, 1280164.353981461608782 ], [ 229363.648414187424351, 1280135.645980922970921 ], [ 229420.292736698873341, 1280138.742346480721608 ], [ 229424.165646028413903, 1280105.354328620713204 ], [ 229515.315743699902669, 1280102.979240841465071 ], [ 229515.706281389691867, 1280195.861227656248957 ], [ 229485.734731770120561, 1280196.121617281809449 ], [ 229486.063940980646294, 1280234.011833546916023 ], [ 229487.069052571197972, 1280349.68795055267401 ], [ 229456.681342423602473, 1280349.952016445808113 ], [ 229457.48393490863964, 1280442.302867045858875 ], [ 229487.871554689307231, 1280442.038783154916018 ], [ 229488.13937392574735, 1280472.857588269747794 ], [ 229526.852324969833717, 1280472.521188023500144 ], [ 229584.325596178357955, 1280475.293970711296424 ], [ 229578.351270485436544, 1280410.537008768878877 ], [ 229608.73889671836514, 1280410.273049396695569 ], [ 229607.937691770552192, 1280318.02798039233312 ], [ 229638.325402345566545, 1280317.764068722724915 ], [ 229638.125589567935094, 1280294.75543050817214 ], [ 229637.791050312516745, 1280256.231992735527456 ], [ 229675.255321433825884, 1280255.906678714323789 ], [ 229728.538023693137802, 1280255.444085999159142 ], [ 229728.805564446956851, 1280286.262840379029512 ], [ 229819.968697811651509, 1280285.471568079898134 ], [ 229820.235239147208631, 1280316.184835967374966 ], [ 229910.981926977692638, 1280315.397424980532378 ], [ 229911.247467935434543, 1280346.004985280800611 ], [ 230002.410096856765449, 1280345.21421304391697 ], [ 230002.678300359053537, 1280376.138383800629526 ], [ 230123.812258709222078, 1280375.088019478367642 ], [ 230124.078518328780774, 1280405.801118557341397 ], [ 230245.212263019988313, 1280404.751202926971018 ], [ 230245.478410098876338, 1280435.464389367029071 ], [ 230366.611941123614088, 1280434.414922449272126 ], [ 230366.878888263890985, 1280465.233554174657911 ], [ 230458.041108791483566, 1280464.444042611634359 ], [ 230457.774252122966573, 1280433.62542884144932 ], [ 230518.132797756465152, 1280433.102852300042287 ], [ 230517.866920334578026, 1280402.389719384955242 ], [ 230609.029233250010293, 1280401.60068846330978 ], [ 230611.696618681191467, 1280373.078743989346549 ], [ 230669.559360329410993, 1280372.789257475873455 ], [ 230669.270819636527449, 1280339.43778564222157 ], [ 230699.241994374140631, 1280339.178507401142269 ], [ 230698.179320564260706, 1280216.326459097210318 ], [ 230523.311944842338562, 1280213.828396241879091 ], [ 230517.616920580563601, 1280133.025673117954284 ], [ 230515.205759621050674, 1280094.94267513952218 ], [ 230545.593503959709778, 1280094.679694781079888 ], [ 230545.327726832882036, 1280063.966683767270297 ], [ 230575.715495318872854, 1280063.703739097341895 ], [ 230575.183105595526285, 1280002.172040669014677 ], [ 230606.392581466352567, 1280000.635539126582444 ], [ 230605.039538383600302, 1279940.483142813667655 ], [ 230622.10674173629377, 1279940.335504359100014 ], [ 230635.427415330952499, 1279940.220281459391117 ], [ 230635.161759814131074, 1279909.507290718378499 ], [ 230614.348227167793084, 1279909.687324572820216 ], [ 230604.773852825164795, 1279909.77014611242339 ], [ 230602.280784975679126, 1279862.188257234869525 ], [ 230601.328573662147392, 1279848.369359976379201 ], [ 230575.972473253146745, 1279852.81074571236968 ], [ 230573.321313783817459, 1279786.969867165433243 ], [ 230512.545229542767629, 1279787.49567879200913 ], [ 230512.279484411876183, 1279756.78255591657944 ], [ 230270.007288297929335, 1279758.879732906119898 ], [ 230269.741310940298717, 1279728.166673627216369 ], [ 230180.658255891001318, 1279728.938257804140449 ], [ 230148.604952392692212, 1279729.21594673441723 ], [ 230148.071863380493596, 1279667.684313290286809 ], [ 230178.04378924460616, 1279667.424667369108647 ], [ 230177.777739740384277, 1279636.711480964906514 ], [ 230208.165999870921951, 1279636.448264046106488 ], [ 230207.899988619901706, 1279605.735305400099605 ], [ 230238.288272878678981, 1279605.472124168416485 ], [ 230237.755411225487478, 1279543.940198278520256 ], [ 230268.143749749404378, 1279543.677058722125366 ], [ 230267.8778174869949, 1279512.964113447349519 ], [ 230298.266180119011551, 1279512.701009574346244 ], [ 230298.000282271357719, 1279481.987849404802546 ], [ 230328.388669050938915, 1279481.724781214026734 ], [ 230328.121894579089712, 1279450.906158937839791 ], [ 230358.093993123213295, 1279450.646729717729613 ], [ 230357.828169459884521, 1279419.933803706429899 ], [ 230388.216604677028954, 1279419.670806489652023 ], [ 230387.950814467156306, 1279388.957554901950061 ], [ 230448.727727244026028, 1279388.431661537149921 ], [ 230448.462006261572242, 1279357.71875437698327 ], [ 230472.190015537315048, 1279357.51347659016028 ], [ 230478.58388490381185, 1279326.637267706217244 ], [ 230508.55607300484553, 1279326.378008163068444 ], [ 230515.351808448904194, 1279293.80961294635199 ], [ 230569.067468481429387, 1279295.139271808322519 ], [ 230568.801886100729462, 1279264.426389842992648 ], [ 230599.190430337446742, 1279264.163630035938695 ], [ 230598.924881404265761, 1279233.4504225095734 ], [ 230629.313449749606661, 1279233.187698372872546 ], [ 230629.04702633729903, 1279202.369139601942152 ], [ 230689.407890769187361, 1279201.847390562528744 ], [ 230689.142446972895414, 1279171.134533791104332 ], [ 230719.53105788026005, 1279170.87191031104885 ], [ 230719.265648484171834, 1279140.158838636940345 ], [ 230749.654283519776072, 1279139.896250821650028 ], [ 230749.388001071230974, 1279109.077938685426489 ], [ 230801.423446177213918, 1279108.628380603389814 ], [ 230812.847009933029767, 1278985.246422276599333 ], [ 230839.075664805597626, 1278985.336424750974402 ], [ 230838.646343442087527, 1278935.625714822206646 ], [ 230838.279930667427834, 1278893.197623037267476 ], [ 230808.30739151960006, 1278893.456478738691658 ], [ 230808.041217919089831, 1278862.637961054919288 ], [ 230777.652324182156008, 1278862.900435782037675 ], [ 230777.121759558154736, 1278801.474547641118988 ], [ 230744.22962666163221, 1278801.125253198901191 ], [ 230747.313593804312404, 1278772.599919970380142 ], [ 230716.077589324850123, 1278771.181028163293377 ], [ 230715.281626474985387, 1278679.041943909134716 ], [ 230745.670712194347288, 1278678.779445553431287 ], [ 230745.40452256280696, 1278647.960919250035658 ], [ 230775.793632502201945, 1278647.698456569109112 ], [ 230777.365839818376116, 1278636.918681945186108 ], [ 230778.507945697579999, 1278624.559374155942351 ], [ 230775.263155030203052, 1278586.272464457433671 ], [ 230809.013561262865551, 1278589.569972353987396 ], [ 230805.387121235602535, 1278555.297219993779436 ], [ 230833.322328861395363, 1278560.122523398138583 ], [ 230835.093911870208103, 1278524.219922445015982 ], [ 230868.847095683391672, 1278527.834022657712922 ], [ 230865.217996781226248, 1278493.244540353072807 ], [ 230899.80749426787952, 1278497.273697019321844 ], [ 230895.342143992427737, 1278462.269421711564064 ], [ 230929.519892660726327, 1278466.829772709170356 ], [ 230925.466350674687419, 1278431.294234459521249 ], [ 230987.094754981109872, 1278432.767815712839365 ], [ 230985.979015795164742, 1278399.95130297774449 ], [ 231015.951994274451863, 1278399.692716676741838 ], [ 231014.891312941268552, 1278276.735471534309909 ], [ 230984.918215985875577, 1278276.994034329662099 ], [ 230983.327660891925916, 1278092.610990372020751 ], [ 231104.469710530014709, 1278091.566284831147641 ], [ 231104.998417003138456, 1278152.886441697599366 ], [ 231135.38771877088584, 1278152.624431733507663 ], [ 231135.653416814631782, 1278183.442872857907787 ], [ 231165.626791942922864, 1278183.184471806278452 ], [ 231166.157238377723843, 1278244.715875775786117 ], [ 231196.546656491002068, 1278244.45390500407666 ], [ 231196.811403573781718, 1278275.166757145430893 ], [ 231231.811662493273616, 1278278.559374818811193 ], [ 231226.935850441688672, 1278244.191965800244361 ], [ 231261.101187618856784, 1278247.275060072308406 ], [ 231257.059666125453077, 1278213.111636131070554 ], [ 231307.847561989503447, 1278212.673996704630554 ], [ 231319.672708560188767, 1278183.862480571493506 ], [ 231347.547028034052346, 1278181.616752368863672 ], [ 231348.95968746766448, 1278152.261772702680901 ], [ 231377.671012988197617, 1278150.536577672464773 ], [ 231378.246506760129705, 1278120.660885775461793 ], [ 231438.186368349008262, 1278119.405892017297447 ], [ 231437.234732355223969, 1278057.24504551757127 ], [ 231468.046058752050158, 1278057.613041288452223 ], [ 231466.913747758546378, 1278022.791294927010313 ], [ 231467.251868008286692, 1277965.369078308343887 ], [ 231497.225168520992156, 1277965.11104146274738 ], [ 231496.432030090305489, 1277872.972457387018949 ], [ 231466.458640826691408, 1277873.230476649245247 ], [ 231465.400186107843183, 1277750.273731227265671 ], [ 231435.010340509645175, 1277750.535340059082955 ], [ 231434.216248171695042, 1277658.291373572312295 ], [ 231252.292844548413996, 1277659.857956238556653 ], [ 231252.027373652847018, 1277629.039547059917822 ], [ 231171.265044146333821, 1277629.735333025688305 ], [ 230979.34998832072597, 1277631.389564419863746 ], [ 230979.127936300355941, 1277605.637218920746818 ], [ 230887.91487831925042, 1277601.463038339279592 ], [ 230888.17979154799832, 1277632.175829126965255 ], [ 230706.255574654380325, 1277633.745566137833521 ], [ 230706.521585963433608, 1277664.564082607161254 ], [ 230585.377555963001214, 1277665.60999015159905 ], [ 230585.642782766488381, 1277696.323062633629888 ], [ 230524.862624662113376, 1277696.848003204679117 ], [ 230525.127915826858953, 1277727.560866789193824 ], [ 230464.764129277667962, 1277728.082340922439471 ], [ 230465.030399469134863, 1277758.900906529510394 ], [ 230313.060718296852428, 1277760.227027660235763 ], [ 218899.922588127083145, 1284945.547439302084967 ], [ 211157.773814536281861, 1289824.484382704598829 ], [ 205320.503859657212161, 1297725.69329743552953 ], [ 205595.073513185721822, 1300028.800054521998391 ], [ 187130.949927446083166, 1316589.300931022735313 ], [ 174358.409712348307949, 1319707.359737807884812 ], [ 175349.848104808770586, 1321384.524652876891196 ], [ 175857.440546619007364, 1322521.002154042944312 ], [ 176226.072355734184384, 1323345.981656314106658 ], [ 177351.661576412443537, 1325374.044236563146114 ], [ 177698.916674251784571, 1325999.769030325813219 ], [ 178741.62261106952792, 1327763.564167550299317 ], [ 180201.326788044825662, 1330233.67289020656608 ], [ 181840.694195391144603, 1332689.740436531370506 ], [ 183133.29568834870588, 1335357.74734639772214 ], [ 185564.417175065376796, 1338674.601746374508366 ], [ 186940.906402653665282, 1340042.994130775798112 ], [ 190543.93052900134353, 1344578.227932373993099 ], [ 191359.065921070345212, 1345604.470791925210506 ], [ 193150.776096112967934, 1347680.540109226945788 ], [ 195218.772438596875872, 1351025.879464619792998 ], [ 195361.14638196490705, 1351094.303395489230752 ], [ 196539.773784962540958, 1351660.944458813406527 ], [ 196562.936259605397936, 1351689.074416712624952 ], [ 198539.184753605863079, 1354089.366764517733827 ], [ 200163.221291040012147, 1356843.207448933739215 ], [ 200203.801792583428323, 1356912.024911001557484 ], [ 202618.851306762953755, 1360046.978075538994744 ], [ 204296.307554266706575, 1363053.288448897190392 ], [ 205806.89764883229509, 1366257.365034147864208 ], [ 207638.123251797864214, 1368883.578810039209202 ], [ 208057.424613482726272, 1369827.340560336597264 ], [ 208509.698884943500161, 1370845.373604751192033 ], [ 210452.751312188629527, 1372539.480402647284791 ], [ 212179.541245818429161, 1376589.37184908776544 ], [ 216956.788485073950142, 1378319.863788610324264 ], [ 217027.443301467807032, 1378380.718196688452736 ], [ 217057.934932232659776, 1378439.420493717305362 ], [ 219132.118322290945798, 1380883.559810157399625 ], [ 219285.181606324447785, 1381063.939502180321142 ], [ 219417.112771449086722, 1381219.374323586933315 ], [ 220487.927969625103287, 1382222.055921348975971 ], [ 220730.679234591079876, 1382510.151327385799959 ], [ 220950.457326344912872, 1382770.947245547082275 ], [ 221475.523518299101852, 1383244.119815114187077 ], [ 221932.117641108343378, 1383655.583124129567295 ], [ 221939.544904154958203, 1383662.276278617791831 ], [ 221956.9905671410379, 1383678.047313538379967 ], [ 221977.619976962101646, 1383696.886964013800025 ], [ 221980.216545223724097, 1383706.713530569104478 ], [ 221989.053498341701925, 1383742.275203520432115 ], [ 221994.852124447876122, 1383765.495319144334644 ], [ 221999.314507193455938, 1383769.623843623092398 ], [ 222289.636841262225062, 1384043.770507174311206 ], [ 222594.004869968863204, 1384331.398565161507577 ], [ 222670.384300681471359, 1384458.511046967701986 ], [ 222693.090205289656296, 1384496.470812229439616 ], [ 222696.91440491162939, 1384502.86413509468548 ], [ 222745.345081443840172, 1384540.142665027873591 ], [ 222919.673497592681088, 1384674.390728243160993 ], [ 222965.099154956871644, 1384747.194450581213459 ], [ 223005.283529798616655, 1384811.598280572565272 ], [ 223501.529393653094303, 1385205.971240596612915 ], [ 223501.590112659148872, 1385257.442431542789564 ], [ 223743.58256811829051, 1385451.037197078345343 ], [ 223758.692368211282883, 1385463.166391142876819 ], [ 224182.340971847705077, 1385897.33207817398943 ], [ 224512.054327695572283, 1386234.983014891855419 ], [ 224566.311687127221376, 1386248.565847048535943 ], [ 224580.186699701705948, 1386252.039391233120114 ], [ 224793.532836086524185, 1386136.533502411097288 ], [ 225117.015970301290508, 1385961.308037759037688 ], [ 225259.934926919348072, 1385884.005390586098656 ], [ 225364.335889111098368, 1385827.551534972852096 ] ] ] ] } },
{ "type": "Feature", "properties": { "ADM0_EN": "Djibouti", "ADM0_PCODE": "DJ", "ADM1_EN": "Dikhil", "ADM1_PCODE": "DJ03", "ADM1_AR": "إقليم دخيل" }, "geometry": { "type": "MultiPolygon", "coordinates": [ [ [ [ 219437.687525181972887, 1216145.556007862323895 ], [ 215281.093429496861063, 1213739.582540512550622 ], [ 210241.516555935202632, 1215527.784287179587409 ], [ 207138.653494076337665, 1215439.0281145805493 ], [ 204836.773794998298399, 1214994.500525824492797 ], [ 201619.885097955761012, 1215023.558887977153063 ], [ 198615.654866186378058, 1213190.352867355104536 ], [ 193325.858435700181872, 1212774.052851401735097 ], [ 192664.622754163225181, 1212658.750358324265108 ], [ 190793.5525646826718, 1212332.55728317447938 ], [ 189657.617143366485834, 1213738.811284106690437 ], [ 186671.161251191690098, 1213883.425473955692723 ], [ 184490.138526136986911, 1214136.881187587045133 ], [ 179298.768372962193098, 1212093.577498497441411 ], [ 177003.768514548661187, 1212464.929732868215069 ], [ 175819.117208256269805, 1208870.95373460627161 ], [ 171220.497727195208427, 1208800.094610917381942 ], [ 168454.929323616903275, 1208129.833604493411258 ], [ 165478.129459431045689, 1209323.031024300260469 ], [ 163966.124743987456895, 1207593.55822977097705 ], [ 162816.618592984625138, 1207605.259657142916694 ], [ 161558.103630793222692, 1208199.737261176342145 ], [ 161699.275237812369596, 1210757.421849818201736 ], [ 156765.181247911066748, 1211622.710162452189252 ], [ 151031.453384194290265, 1212962.613662777934223 ], [ 148045.36120149603812, 1213227.080500441137701 ], [ 147579.479473471990786, 1214032.402905042050406 ], [ 147368.153045018843841, 1214397.721373464213684 ], [ 145304.189224626752548, 1214885.287024102872238 ], [ 145123.232213037321344, 1215390.32666636724025 ], [ 145083.941055753035471, 1215499.989474828820676 ], [ 144948.483699769538362, 1216401.57229943969287 ], [ 145303.820603893953376, 1217371.326669207308441 ], [ 146006.492228842806071, 1218321.270267353858799 ], [ 146394.068169387173839, 1227296.188939776038751 ], [ 146829.192936770385131, 1229700.327020728727803 ], [ 147966.445942636928521, 1247716.446098980726674 ], [ 148066.230646325508133, 1249500.716133186360821 ], [ 147643.626193689648062, 1253595.361963475123048 ], [ 147865.718617062666453, 1258595.814241133863106 ], [ 145191.082636277598795, 1272471.484094301704317 ], [ 145208.560728056356311, 1274014.524304963648319 ], [ 146697.03847597935237, 1277666.141398070147261 ], [ 147135.169869213597849, 1278741.099229353712872 ], [ 147151.295474113430828, 1280165.425441597122699 ], [ 148591.215898744878359, 1285198.462836842285469 ], [ 148979.264789635373745, 1286554.972220159834251 ], [ 149000.791331563028507, 1288454.052146786823869 ], [ 149381.839760215312708, 1289548.248413167893887 ], [ 152870.609650895174127, 1299568.58956088218838 ], [ 157699.56982580962358, 1301077.208916243398562 ], [ 158423.75571466027759, 1302220.353819441748783 ], [ 159362.842800240206998, 1302883.705964572960511 ], [ 159961.781834574358072, 1306136.210238108644262 ], [ 166766.162516527227126, 1308950.688609201461077 ], [ 169216.099575326836202, 1312450.803339335601777 ], [ 170970.131695560819935, 1313975.325690936530009 ], [ 172819.80965937662404, 1316783.290912264725193 ], [ 174307.20757534855511, 1319620.748440532945096 ], [ 174358.409712348307949, 1319707.359737807884812 ], [ 187130.949927446083166, 1316589.300931022735313 ], [ 205595.073513185721822, 1300028.800054521998391 ], [ 205320.503859657212161, 1297725.69329743552953 ], [ 211157.773814536281861, 1289824.484382704598829 ], [ 208177.568184170580935, 1286143.392983695724979 ], [ 206690.373877992504276, 1284306.799551550066099 ], [ 206756.213666408264544, 1279531.314907103544101 ], [ 207001.384236739540938, 1261877.55010518594645 ], [ 209658.438699821010232, 1259134.353031143313274 ], [ 211118.967489791451953, 1257626.819348071934655 ], [ 222804.341974221984856, 1245574.567485430045053 ], [ 223415.165108576009516, 1244944.993196946103126 ], [ 235272.72474415844772, 1244426.358209955738857 ], [ 236064.984409910102841, 1241541.788766004610807 ], [ 235658.924713025160599, 1222980.043142599519342 ], [ 231979.642363877152093, 1222258.485712473513559 ], [ 228115.211373477533925, 1221501.079553366871551 ], [ 227253.740882844140287, 1221326.103345412993804 ], [ 224032.105354683473706, 1220672.006821065908298 ], [ 219437.687525181972887, 1216145.556007862323895 ] ] ] ] } },
{ "type": "Feature", "properties": { "ADM0_EN": "Djibouti", "ADM0_PCODE": "DJ", "ADM1_EN": "Arta", "ADM1_PCODE": "DJ06", "ADM1_AR": "إقليم عرتا" }, "geometry": { "type": "MultiPolygon", "coordinates": [ [ [ [ 231729.65073728596326, 1276764.20423028129153 ], [ 231729.386376996117178, 1276733.438055237522349 ], [ 231790.173709629045334, 1276732.915801689494401 ], [ 231789.909418520925101, 1276702.149971023434773 ], [ 231850.260580342262983, 1276701.631594310281798 ], [ 231849.996354178758338, 1276670.865665249759331 ], [ 231910.78376006660983, 1276670.343671897193417 ], [ 231910.520551380759571, 1276639.688534665619954 ], [ 231971.308211871888489, 1276639.166669911937788 ], [ 231971.044118329475168, 1276608.400765587808564 ], [ 232000.946812616835814, 1276608.144099191064015 ], [ 231998.308415315928869, 1276300.706256902310997 ], [ 231968.405425940232817, 1276300.962864870671183 ], [ 231968.14235211070627, 1276270.307745207101107 ], [ 231907.353021970891859, 1276270.718798671383411 ], [ 231907.088943734474014, 1276239.95288822776638 ], [ 231876.640201630070806, 1276240.214255804661661 ], [ 231876.377049608447123, 1276209.55900863558054 ], [ 231815.588514098606538, 1276210.080885070608929 ], [ 231815.060207882430404, 1276148.548920177388936 ], [ 231785.15703638229752, 1276148.805673511233181 ], [ 231784.629648387839552, 1276087.3845889873337 ], [ 231723.841056241188198, 1276087.906592927640304 ], [ 231723.576836998166982, 1276057.140760419424623 ], [ 231662.787943055096548, 1276057.662872912362218 ], [ 231662.523669136979152, 1276026.896918318001553 ], [ 231238.310734509024769, 1276030.54366870271042 ], [ 231238.575427217176184, 1276061.309706412721425 ], [ 231208.126484797219746, 1276061.571688985684887 ], [ 231208.391212911985349, 1276092.337622479535639 ], [ 231178.051321835955605, 1276092.598702523857355 ], [ 231178.315134751086589, 1276123.254083872772753 ], [ 231147.866131451621186, 1276123.516138702165335 ], [ 231148.130932157975622, 1276154.282085085753351 ], [ 231118.227742806542665, 1276154.539477475918829 ], [ 231118.757425026560668, 1276216.071715410100296 ], [ 231088.308281905076001, 1276216.333849010523409 ], [ 231088.572209237259813, 1276246.989250010112301 ], [ 231058.232553425943479, 1276247.250476776855066 ], [ 231058.497469811991323, 1276278.016553514404222 ], [ 231028.049546217138413, 1276278.389425944769755 ], [ 231028.313544962322339, 1276309.044729101704434 ], [ 231058.762391547672451, 1276308.782520075561479 ], [ 231059.821193217474502, 1276431.736275087110698 ], [ 231090.160669382021297, 1276431.475012625567615 ], [ 231091.21945101278834, 1276554.428640839643776 ], [ 231121.668263708474115, 1276554.166441596345976 ], [ 231121.933182083012071, 1276584.932400530669838 ], [ 231151.8359583519632, 1276584.674926084699109 ], [ 231152.100856352131814, 1276615.441211630124599 ], [ 231212.888761091046035, 1276614.91788020520471 ], [ 231213.153603446437046, 1276645.68393299006857 ], [ 231243.601975024852436, 1276645.421837060246617 ], [ 231243.865840055979788, 1276676.077104423427954 ], [ 231274.205368931405246, 1276675.815968767972663 ], [ 231274.470163819380105, 1276706.58201059140265 ], [ 231304.918463530717418, 1276706.319962165318429 ], [ 231305.183233687945176, 1276737.085887816268951 ], [ 231395.873422065225895, 1276736.305534710176289 ], [ 231396.138111793552525, 1276767.071775068761781 ], [ 231729.65073728596326, 1276764.20423028129153 ] ] ], [ [ [ 231067.503884272126015, 1277285.547675486188382 ], [ 231066.971446092531551, 1277261.756576373009011 ], [ 231097.310222816537134, 1277261.495152389165014 ], [ 231097.045134895364754, 1277230.729066279018298 ], [ 231127.493068093433976, 1277230.466737617971376 ], [ 231127.228969972580671, 1277199.811327320989221 ], [ 231157.131265007541515, 1277199.553734714863822 ], [ 231155.542218437418342, 1277015.067971398355439 ], [ 231095.191602657258045, 1277015.587815729668364 ], [ 231094.926565102825407, 1276984.821733441436663 ], [ 231064.58751879830379, 1276985.08310389937833 ], [ 231064.322457571979612, 1276954.317016167100519 ], [ 231003.535153959412128, 1276954.840774277690798 ], [ 231003.270038980990648, 1276924.07467506849207 ], [ 230912.470916856778786, 1276924.857224283972755 ], [ 230912.206672420084942, 1276894.201777228387073 ], [ 230760.619890814647079, 1276895.508780827512965 ], [ 230760.884284467960242, 1276926.164257542463019 ], [ 230730.545113657310139, 1276926.425941009540111 ], [ 230730.810498071834445, 1276957.19209376629442 ], [ 230700.471351353393402, 1276957.453812750987709 ], [ 230700.736772051954176, 1276988.219971918966621 ], [ 230670.288515854917932, 1276988.482668038690463 ], [ 230670.818481435417198, 1277049.904330152552575 ], [ 230701.266677574603818, 1277049.641622089548036 ], [ 230701.533072013000492, 1277080.518452345393598 ], [ 230731.87209883070318, 1277080.256709520239383 ], [ 230732.136560050596017, 1277110.912195035954937 ], [ 230762.47555111796828, 1277110.650475832866505 ], [ 230763.005387293873355, 1277172.072105994448066 ], [ 230793.45344548416324, 1277171.809463137295097 ], [ 230793.719774864672218, 1277202.686277350410819 ], [ 230823.731266160903033, 1277202.427423205925152 ], [ 230823.995663106674328, 1277233.082892853301018 ], [ 230854.334516794770025, 1277232.821238312870264 ], [ 230854.163314780395012, 1277263.591136746807024 ], [ 230885.103145503788255, 1277269.743632530793548 ], [ 230885.31214447360253, 1277293.980258769588545 ], [ 231067.503884272126015, 1277285.547675486188382 ] ] ], [ [ [ 249352.642682046833215, 1278000.942960832733661 ], [ 249351.40836970237433, 1277847.351069076918066 ], [ 249381.852020058751805, 1277847.106443773023784 ], [ 249380.864262347429758, 1277724.166567306499928 ], [ 249411.199018714338308, 1277723.922869700239971 ], [ 249409.470212337619159, 1277508.695261577377096 ], [ 249439.914291517954553, 1277508.450756014557555 ], [ 249439.667243851261446, 1277477.687917127506807 ], [ 249469.565645286871586, 1277477.447828698670492 ], [ 249469.072519583365647, 1277416.033373496495187 ], [ 249439.174059175158618, 1277416.273451015818864 ], [ 249439.420203832851257, 1277446.925300064496696 ], [ 249408.976064493646845, 1277447.169794497545809 ], [ 249409.223134590982227, 1277477.932417125441134 ], [ 249348.444127393886447, 1277478.420628937659785 ], [ 249348.691265192494029, 1277509.183484501438215 ], [ 249379.13524625543505, 1277508.938920384971425 ], [ 249380.616226314334199, 1277693.293278218712658 ], [ 249350.172425527533051, 1277693.537875692127272 ], [ 249350.913975302828476, 1277785.825900913914666 ], [ 249320.579049588297494, 1277786.069670574506745 ], [ 249322.061595512932399, 1277970.534778599394485 ], [ 249291.61805439266027, 1277970.779485597740859 ], [ 249291.864454848924652, 1278001.431481826119125 ], [ 249352.642682046833215, 1278000.942960832733661 ] ] ], [ [ [ 230070.009535791759845, 1277670.023332057287917 ], [ 230069.74334711645497, 1277639.257037157192826 ], [ 230190.879493013140745, 1277638.209220147458836 ], [ 230190.613430406665429, 1277607.442949586780742 ], [ 230220.952048016595654, 1277607.180603142129257 ], [ 230220.420958643662743, 1277545.758745370199904 ], [ 230250.868762129219249, 1277545.495496927993372 ], [ 230250.60277855116874, 1277514.729239762760699 ], [ 230371.739262019633316, 1277513.682226048782468 ], [ 230371.473404493532144, 1277482.91599316848442 ], [ 230405.195198961591814, 1277482.624617704655975 ], [ 230432.25993489951361, 1277482.39078938937746 ], [ 230431.995099843596108, 1277451.735238812630996 ], [ 230462.333820070431102, 1277451.47315873275511 ], [ 230461.802316690271255, 1277389.940731228096411 ], [ 230522.261594954528846, 1277389.418568485649303 ], [ 230521.995912490878254, 1277358.652367349248379 ], [ 230582.673491764289793, 1277358.128449526615441 ], [ 230582.408831023785751, 1277327.472930528922006 ], [ 230552.070014445809647, 1277327.734868714818731 ], [ 230551.911253116908483, 1277258.783837859285995 ], [ 230521.159722932672594, 1277261.816305696032941 ], [ 230520.934201375523116, 1277235.698237310163677 ], [ 230490.486150276148692, 1277235.961159159662202 ], [ 230490.221424952382222, 1277205.305624215630814 ], [ 230460.209869709040504, 1277205.564799836603925 ], [ 230459.678467301127966, 1277144.03237997693941 ], [ 230429.339447470847517, 1277144.294400439830497 ], [ 230428.542301300854888, 1277051.995756352087483 ], [ 230398.094052105327137, 1277052.258731091860682 ], [ 230397.032114449306391, 1276929.304524865467101 ], [ 230366.69287311140215, 1276929.566562807187438 ], [ 230366.438606103707571, 1276900.128377445274964 ], [ 230335.97968022711575, 1276899.174013159703463 ], [ 230335.713918879628181, 1276868.407783870352432 ], [ 230305.811142802122049, 1276868.666097896639258 ], [ 230304.842086175573058, 1276807.026730085723102 ], [ 230274.831066792830825, 1276807.396674261661246 ], [ 230274.566220897133462, 1276776.741104446118698 ], [ 230244.226806415186729, 1276777.003230596194044 ], [ 230243.695161380281206, 1276715.470740596298128 ], [ 230213.246546221256722, 1276715.733827374642715 ], [ 230212.96444672200596, 1276683.086187698179856 ], [ 230212.715822557220235, 1276654.31199725321494 ], [ 230182.376276485039853, 1276654.574158752104267 ], [ 230181.844561895588413, 1276593.041648644255474 ], [ 230151.395814706513193, 1276593.304770892951638 ], [ 230151.129936823097523, 1276562.538510577753186 ], [ 230090.77804179006489, 1276563.060115700820461 ], [ 230090.513067199673969, 1276532.404514001216739 ], [ 230060.173377871862613, 1276532.66676961700432 ], [ 230059.906466383603401, 1276501.789822322316468 ], [ 229999.117874147952534, 1276502.315353816607967 ], [ 229998.852822488057427, 1276471.659735191613436 ], [ 229938.500690304965246, 1276472.181598168797791 ], [ 229938.234628493490163, 1276441.415298009756953 ], [ 229907.78568382881349, 1276441.678627108922228 ], [ 229907.520555407158099, 1276411.02299160673283 ], [ 229846.731724519340787, 1276411.548783050151542 ], [ 229846.464627918612678, 1276380.671795676462352 ], [ 229725.323320009279996, 1276381.719932423206046 ], [ 229725.058025190141052, 1276351.064262140076607 ], [ 229634.365597931551747, 1276351.849238799884915 ], [ 229634.099262134404853, 1276321.082880831556395 ], [ 229512.521004034788348, 1276322.135574259329587 ], [ 229512.204715745290741, 1276285.614330080104992 ], [ 229511.722632899240125, 1276229.947101646335796 ], [ 229542.062727715529036, 1276229.684374288888648 ], [ 229540.465377548767719, 1276045.196807377971709 ], [ 229570.914783750311472, 1276044.933200687170029 ], [ 229570.116763241414446, 1275952.744776871986687 ], [ 229600.457115637022071, 1275952.482162535656244 ], [ 229600.190832079271786, 1275921.71580476150848 ], [ 229630.640346539614256, 1275921.452281472273171 ], [ 229630.374099376262166, 1275890.685930147999898 ], [ 229659.513980508549139, 1275890.433774799108505 ], [ 229660.011736028653104, 1275859.660819434328005 ], [ 229690.461298824287951, 1275859.397367120720446 ], [ 229690.195123907411471, 1275828.631028656847775 ], [ 229713.878136461484246, 1275828.42614653846249 ], [ 229720.269433901994489, 1275797.602224217960611 ], [ 229750.719044943747576, 1275797.338843301171437 ], [ 229750.453899889427703, 1275766.683188023976982 ], [ 229780.794396481302101, 1275766.420786671573296 ], [ 229780.262270837090909, 1275704.888149052858353 ], [ 229810.27540541003691, 1275704.628620259696618 ], [ 229810.009381708456203, 1275673.862308062147349 ], [ 229840.349956412508618, 1275673.599983398104087 ], [ 229840.084925765055232, 1275642.944347840733826 ], [ 229870.534663221216761, 1275642.681115232640877 ], [ 229870.268712155637331, 1275611.914816007949412 ], [ 229900.609334790729918, 1275611.652562448289245 ], [ 229899.546670046576764, 1275488.698064255760983 ], [ 229869.204971195547841, 1275488.849623785354197 ], [ 229868.142287985887378, 1275365.895109341945499 ], [ 229898.483150036889128, 1275365.632903597550467 ], [ 229897.952384321659338, 1275304.210996232926846 ], [ 229928.402440231642686, 1275303.947888965019956 ], [ 229927.870803563972004, 1275242.41532542463392 ], [ 229958.211773468414322, 1275242.153202725108713 ], [ 229957.946950589888729, 1275211.497597672976553 ], [ 229987.960523643705528, 1275211.238338572904468 ], [ 229987.429043991141953, 1275149.705801674863324 ], [ 230017.770091832673643, 1275149.443755608750507 ], [ 230017.504391429596581, 1275118.677493823459372 ], [ 230068.363882702426054, 1275118.238312978064641 ], [ 230078.03194675949635, 1275087.607650498161092 ], [ 230108.481221750029363, 1275087.234092848841101 ], [ 230108.388506511750165, 1275025.919178900541738 ], [ 230137.854613222007174, 1275025.443471930455416 ], [ 230137.589057605306152, 1274994.677235948154703 ], [ 230168.03936646564398, 1274994.414425190072507 ], [ 230167.774802302883472, 1274963.758865554118529 ], [ 230198.115994200925343, 1274963.497032290324569 ], [ 230197.787483756255824, 1274925.426598042948171 ], [ 230197.585034466523211, 1274901.96458660857752 ], [ 230228.476760269666556, 1274902.251435785088688 ], [ 230227.769981133576948, 1274870.935637013055384 ], [ 230260.652049918775447, 1274874.193660214077681 ], [ 230257.846801563049667, 1274840.018340937560424 ], [ 230321.991362829925492, 1274835.923375397687778 ], [ 230317.936621064087376, 1274808.731555487029254 ], [ 230409.177868024038617, 1274807.834124192129821 ], [ 230408.913580172869842, 1274777.178614990785718 ], [ 230590.852295934979338, 1274775.610629757167771 ], [ 230590.587239713408053, 1274744.844487111549824 ], [ 230620.928558569634333, 1274744.583108668914065 ], [ 230620.398524910386186, 1274683.050836758920923 ], [ 230650.412472888652701, 1274682.792319778352976 ], [ 230649.883476798480842, 1274621.370731075294316 ], [ 230680.334045381227043, 1274621.108495302032679 ], [ 230680.070063239429146, 1274590.453042382374406 ], [ 230740.752958658500575, 1274589.930551169672981 ], [ 230740.487136894953437, 1274559.053771697217599 ], [ 230770.937747807009146, 1274558.791636833455414 ], [ 230770.673867780598812, 1274528.136202729772776 ], [ 230834.00578065845184, 1274531.022121496265754 ], [ 230830.764654620026704, 1274496.850639187730849 ], [ 230869.115439064567909, 1274501.390439996263012 ], [ 230860.951529549667612, 1274465.933189470088109 ], [ 230891.292112361639738, 1274465.561460503842682 ], [ 230891.027418063138612, 1274434.795382195385173 ], [ 230953.474892913072836, 1274436.361059779534116 ], [ 230951.555996535578743, 1274403.61702803755179 ], [ 230984.438304550189059, 1274406.875897016841918 ], [ 230981.30555446667131, 1274372.592825328931212 ], [ 231040.0023019076325, 1274369.54250605404377 ], [ 231041.833367604936939, 1274341.304021391319111 ], [ 231071.717485880595632, 1274338.612192981643602 ], [ 231071.910497278964613, 1274310.277121779508889 ], [ 231096.057649435824715, 1274313.168511552736163 ], [ 231130.59687186148949, 1274306.009637725539505 ], [ 231132.002877835766412, 1274279.102959354873747 ], [ 231192.338797482138034, 1274276.260233097942546 ], [ 231192.53098001825856, 1274247.814517418155447 ], [ 231242.546870736347046, 1274250.705117421690375 ], [ 231281.989980198617559, 1274242.618887046584859 ], [ 231283.510025484487414, 1274216.264652010053396 ], [ 231342.975726972450502, 1274213.761750786798075 ], [ 231343.601779699034523, 1274184.980309722945094 ], [ 231432.619571876071859, 1274179.235556503990665 ], [ 231434.472886028641369, 1274153.542559835361317 ], [ 231494.355283854703885, 1274148.712178919231519 ], [ 231494.56486266083084, 1274122.258564742049202 ], [ 231545.435920238494873, 1274123.039482447551563 ], [ 231585.808352844091132, 1274121.475654495880008 ], [ 231586.317910364537966, 1274091.809852353995666 ], [ 231615.886168248718604, 1274090.449437477393076 ], [ 231618.601405373658054, 1274063.42097020871006 ], [ 231643.096899522584863, 1274056.016868014121428 ], [ 231645.37369830114767, 1274028.770815819734707 ], [ 231675.265640133235138, 1274026.964986729901284 ], [ 231675.450720960681792, 1273997.634019760182127 ], [ 231707.119345322775189, 1273999.354652533540502 ], [ 231705.638845252455212, 1273966.717667289776728 ], [ 231739.403985738579649, 1273971.076607761206105 ], [ 231735.716937476943713, 1273935.691623833728954 ], [ 231766.167954022705089, 1273935.43058448121883 ], [ 231765.905182115500793, 1273904.775355341844261 ], [ 231795.810505118279252, 1273904.519028856186196 ], [ 231795.545871827169321, 1273873.642468696460128 ], [ 231825.996936669340357, 1273873.381500137038529 ], [ 231825.734236554475501, 1273842.726283760741353 ], [ 231856.076181754644495, 1273842.466286030597985 ], [ 231855.812569436966442, 1273811.700407376978546 ], [ 231886.263682423625141, 1273811.439510009018704 ], [ 231886.001054501102772, 1273780.78430642792955 ], [ 231946.7941787429736, 1273780.263547494076192 ], [ 231946.529721016064286, 1273749.387019093846902 ], [ 232006.88630632130662, 1273748.870128849055618 ], [ 232006.623809867363889, 1273718.214949820423499 ], [ 232070.7282746215933, 1273721.982490208465606 ], [ 232067.153629203327, 1273686.928615376818925 ], [ 232127.508392421586905, 1273686.190646027913317 ], [ 232127.246974601992406, 1273655.646159982075915 ], [ 232158.492498934851028, 1273658.920409340877086 ], [ 232188.029828507162165, 1273653.908568155020475 ], [ 232187.776998837129213, 1273624.360109825618565 ], [ 232249.813492694986053, 1273628.809805437922478 ], [ 232248.308072385203559, 1273593.184870605589822 ], [ 232278.650174623820931, 1273592.925332989310846 ], [ 232278.387030945625156, 1273562.159541208529845 ], [ 232308.401724264374934, 1273561.902839228045195 ], [ 232308.138616430864204, 1273531.137053789105266 ], [ 232338.480766863853205, 1273530.877586673246697 ], [ 232338.217695196275599, 1273500.111807652050629 ], [ 232368.669014159415383, 1273499.851442789426073 ], [ 232368.40597876382526, 1273469.085670189466327 ], [ 232398.748177239089273, 1273468.826273993356153 ], [ 232398.486124035378452, 1273438.171175990719348 ], [ 232428.937491141783539, 1273437.910882279044017 ], [ 232428.673582256713416, 1273407.034454297740012 ], [ 232458.579249775677454, 1273406.778860105900094 ], [ 232458.317268312210217, 1273376.123774841427803 ], [ 232488.768683768401388, 1273375.863551870686933 ], [ 232488.505792777927127, 1273345.097804808057845 ], [ 232518.848087385413237, 1273344.838549989974126 ], [ 232518.585232552199159, 1273314.072809350211173 ], [ 232549.036696225404739, 1273313.812657540431246 ], [ 232548.773877655621618, 1273283.046923337737098 ], [ 232579.116220363881439, 1273282.787739423103631 ], [ 232578.85438319738023, 1273252.132679674541578 ], [ 232609.305895017459989, 1273251.87259899941273 ], [ 232609.043148839497007, 1273221.106877600308508 ], [ 232638.94895835936768, 1273220.85149259865284 ], [ 232638.686247902805917, 1273190.085777528351173 ], [ 232669.137808056082577, 1273189.825767577858642 ], [ 232668.875133856665343, 1273159.060058896662667 ], [ 232699.217572686146013, 1273158.801016327226534 ], [ 232698.955879365268629, 1273128.145982051501051 ], [ 232729.407487653428689, 1273127.886043224483728 ], [ 232729.144885834655724, 1273097.120347387623042 ], [ 232759.487372597388458, 1273096.861375683918595 ], [ 232759.224806923943106, 1273066.095686213113368 ], [ 232789.23988062288845, 1273065.839544017333537 ], [ 232788.977350771310739, 1273035.073860906297341 ], [ 232819.429031492443755, 1273034.814028414199129 ], [ 232819.167482101242058, 1273004.159019608981907 ], [ 232849.510040971043054, 1273003.900153833674267 ], [ 232849.247583488060627, 1272973.134483503177762 ], [ 232910.040945516200736, 1272972.505253481678665 ], [ 232909.779498025018256, 1272941.850263332715258 ], [ 232940.12209913280094, 1272941.591497899498791 ], [ 232939.859743914101273, 1272910.825846292311326 ], [ 232970.287925079232082, 1272907.799490879755467 ], [ 232972.566164476855192, 1272880.553811023710296 ], [ 233000.065350203774869, 1272879.65530513972044 ], [ 232999.802123565168586, 1272848.778998519526795 ], [ 233030.144796822627541, 1272848.520339013775811 ], [ 233029.883493116532918, 1272817.865374292479828 ], [ 233060.226190343266353, 1272817.606750142294914 ], [ 233059.980956919200253, 1272788.833143007010221 ], [ 233090.007553923584055, 1272789.90535661415197 ], [ 233090.154615526786074, 1272755.926653214963153 ], [ 233150.51266043074429, 1272755.412365717114881 ], [ 233150.249608579615597, 1272724.536090635228902 ], [ 233180.701518763788044, 1272724.276672096922994 ], [ 233180.440388692833949, 1272693.621738699264824 ], [ 233210.783176191733219, 1272693.363285379484296 ], [ 233210.52113952691434, 1272662.597690731054172 ], [ 233271.31590351019986, 1272662.079954890534282 ], [ 233271.054875277564861, 1272631.425040128408 ], [ 233301.070264321519062, 1272631.169474917231128 ], [ 233300.807387336506508, 1272600.293231374584138 ], [ 233361.602236126724165, 1272599.775695859454572 ], [ 233361.079446986317635, 1272538.355236461153254 ], [ 233391.422348775493447, 1272538.096989307785407 ], [ 233390.637830319639761, 1272445.910987712442875 ], [ 233421.089963215752505, 1272445.651858982630074 ], [ 233420.566414209373761, 1272384.120760513469577 ], [ 233450.472863138245884, 1272383.866316179512069 ], [ 233449.42689924291335, 1272260.914815662661567 ], [ 233479.879200247989502, 1272260.655781257431954 ], [ 233479.495152923103888, 1272215.503485655644909 ], [ 233479.094176689744927, 1272168.359178129816428 ], [ 233509.437413393869065, 1272168.1011193736922 ], [ 233509.17672233725898, 1272137.446259211516008 ], [ 233569.972386229434051, 1272136.929313826840371 ], [ 233569.710820110049099, 1272106.163798592286184 ], [ 233599.726653546560556, 1272105.908623639959842 ], [ 233599.902658278529998, 1272075.250070690875873 ], [ 233660.261812362470664, 1272074.737036832375452 ], [ 233659.999407559051178, 1272043.860872967168689 ], [ 233685.758486349717714, 1272043.641969542019069 ], [ 233690.256212247011717, 1272033.421629067044705 ], [ 233690.082240940071642, 1272012.948191373841837 ], [ 233699.250734317523893, 1272012.87028483604081 ], [ 233750.878073991567362, 1272012.431647026678547 ], [ 233750.616711855691392, 1271981.666169100441039 ], [ 233780.632628820487298, 1271981.411192138912156 ], [ 233780.372242468991317, 1271950.756387666333467 ], [ 233841.168160105356947, 1271950.240043473662809 ], [ 233840.645645682758186, 1271888.709125269437209 ], [ 233870.989081029489171, 1271888.451472686836496 ], [ 233870.727863027132116, 1271857.686020178720355 ], [ 233901.180471551197115, 1271857.427476305747405 ], [ 233900.919289745681453, 1271826.662030221428722 ], [ 233930.826176341273822, 1271826.408154421951622 ], [ 233931.001627458375879, 1271795.639008676167578 ], [ 234021.813833887455985, 1271794.868309919722378 ], [ 234022.07489026436815, 1271825.633732030401006 ], [ 234082.870954017329495, 1271825.117907014675438 ], [ 234083.13195681408979, 1271855.883317776257172 ], [ 234143.491341585409828, 1271855.371302282437682 ], [ 234143.75229122932069, 1271886.136701841838658 ], [ 234295.250822333153337, 1271884.852054538670927 ], [ 234294.990021740435623, 1271854.086684365058318 ], [ 234476.941055171890184, 1271852.544817233225331 ], [ 234476.680439812247641, 1271821.779482839396223 ], [ 234535.402502273558639, 1271821.28210500208661 ], [ 234597.835600589634851, 1271820.753415306098759 ], [ 234593.181958065018989, 1271761.028577483724803 ], [ 234627.768122555338778, 1271759.075643570860848 ], [ 234625.417916394129861, 1271726.446564611513168 ], [ 234657.851108739618212, 1271728.053481563925743 ], [ 234656.34134709101636, 1271691.543687068857253 ], [ 234688.043304156512022, 1271697.030437429435551 ], [ 234683.360836268751882, 1271633.874960417393595 ], [ 234717.867007837747224, 1271635.353740866761655 ], [ 234713.833075589151122, 1271545.6309263643343 ], [ 234747.53877219959395, 1271542.800231961533427 ], [ 234752.341505940479692, 1271516.972468454623595 ], [ 234746.758873652492184, 1271450.61506975418888 ], [ 234776.665952941111755, 1271450.362075265962631 ], [ 234775.885262287280057, 1271358.066268294351175 ], [ 234836.681932163890451, 1271357.55209272261709 ], [ 234836.422709973470774, 1271326.897502843523398 ], [ 234897.219416201463901, 1271326.383457145188004 ], [ 234896.959324179973919, 1271295.618213101755828 ], [ 234964.157871289935429, 1271303.461429103743285 ], [ 234957.059439169766847, 1271264.342755635501817 ], [ 234994.646462228614837, 1271268.673413479002193 ], [ 234987.252416718343738, 1271233.320160778006539 ], [ 235048.049244331719819, 1271232.806444981601089 ], [ 235052.810246873297729, 1271201.998812627745792 ], [ 235138.602580756240059, 1271201.274123647715896 ], [ 235138.862415763083845, 1271232.0393193338532 ], [ 235260.01933057513088, 1271231.016280873212963 ], [ 235260.279052651545499, 1271261.781453658593819 ], [ 235412.216093180410098, 1271260.499141884269193 ], [ 235411.95652050798526, 1271229.733998446725309 ], [ 235441.972830411745235, 1271229.480761253973469 ], [ 235441.713293454784434, 1271198.715624126372859 ], [ 235472.057078077225015, 1271198.459659475134686 ], [ 235471.539015856047627, 1271137.040064255008474 ], [ 235501.992004784930032, 1271136.783220190787688 ], [ 235501.473093774868175, 1271075.252972729504108 ], [ 235531.816986058140174, 1271074.997090447926894 ], [ 235531.558502824860625, 1271044.342639182694256 ], [ 235622.37193277530605, 1271043.57702649012208 ], [ 235622.111679061141331, 1271012.701261518057436 ], [ 235652.455607939336915, 1271012.445508434670046 ], [ 235652.197255740640685, 1270981.791081422241405 ], [ 235712.994306556589436, 1270981.27875550207682 ], [ 235712.735087631561328, 1270950.513674914138392 ], [ 235743.188209689338692, 1270950.257102329516783 ], [ 235742.929959195957053, 1270919.602693813387305 ], [ 235772.837350032117683, 1270919.35075389361009 ], [ 235772.577270634821616, 1270888.475020157406107 ], [ 235803.03044107434107, 1270888.218518055509776 ], [ 235802.772262043610681, 1270857.564122110372409 ], [ 235863.569493922870606, 1270857.052137582097203 ], [ 235863.310448781063315, 1270826.287088114069775 ], [ 235923.671112157637253, 1270825.778908785432577 ], [ 235923.413064108404797, 1270795.124537051189691 ], [ 235953.757143860682845, 1270794.869118759408593 ], [ 235953.239262794144452, 1270733.339057221775874 ], [ 236014.036675767507404, 1270732.82741381903179 ], [ 236013.777804272889625, 1270702.062395486282185 ], [ 236044.23110777529655, 1270701.806164758047089 ], [ 236043.972272398474161, 1270671.041152783669531 ], [ 236074.316448340658098, 1270670.785875760018826 ], [ 236074.057648972549941, 1270640.020870109088719 ], [ 236104.074393573682755, 1270639.768382597249001 ], [ 236103.557803164119832, 1270578.349049737211317 ], [ 236133.902056982798968, 1270578.093848739750683 ], [ 236133.126841583230998, 1270485.909537835046649 ], [ 236163.580331286648288, 1270485.653465993469581 ], [ 236163.321658225089777, 1270454.888480712193996 ], [ 236193.666019658674486, 1270454.633361999178305 ], [ 236193.148751719214488, 1270393.103404544526711 ], [ 236253.510118979669642, 1270392.596030880697072 ], [ 236252.992994390544482, 1270331.066098573850468 ], [ 236283.446610604529269, 1270330.810173900565132 ], [ 236282.930500487738755, 1270269.390920577337965 ], [ 236343.728682117478456, 1270268.880100478651002 ], [ 236343.471160757879261, 1270238.225818853359669 ], [ 236373.815696137899067, 1270237.970917331520468 ], [ 236373.556351539329626, 1270207.095311506418511 ], [ 236433.918005736486521, 1270206.58835828024894 ], [ 236433.660585484292824, 1270175.934094990370795 ], [ 236494.458888458728325, 1270175.4236041076947 ], [ 236494.200604787736665, 1270144.65868779271841 ], [ 236554.998944417398889, 1270144.148326644673944 ], [ 236554.741655480407644, 1270113.494087641825899 ], [ 236615.103418472106569, 1270112.987519899616018 ], [ 236615.360648322210182, 1270143.641747338930145 ], [ 236736.957212378678378, 1270142.621613546274602 ], [ 236737.215257556177676, 1270173.386483194306493 ], [ 236888.828648455499206, 1270172.115153293823823 ], [ 236888.313789817621, 1270110.696137636434287 ], [ 236918.221728654403705, 1270110.445447885897011 ], [ 236917.962946593761444, 1270079.569949198514223 ], [ 236948.416675044922158, 1270079.314720035297796 ], [ 236947.901971711951774, 1270017.895730371354148 ], [ 236978.246600730286445, 1270017.641457094345242 ], [ 236977.731054252712056, 1269956.111816154560074 ], [ 237008.184890683798585, 1269955.856669477187097 ], [ 237007.928083693783265, 1269925.20252038910985 ], [ 237038.272790551825892, 1269924.948323471704498 ], [ 237037.242961881507654, 1269801.999760762788355 ], [ 237067.69693610368995, 1269801.744702384108678 ], [ 237067.181655067775864, 1269740.215103192487732 ], [ 237127.543934822373558, 1269739.70966804260388 ], [ 237127.029723476618528, 1269678.290758660528809 ], [ 237157.374645609757863, 1269678.036725660320371 ], [ 237157.117115711967926, 1269647.271945161279291 ], [ 237233.712990712141618, 1269642.978679087478667 ], [ 237278.355304132390302, 1269642.383782914374024 ], [ 237278.130306881386787, 1269615.492286910535768 ], [ 237490.435703228286002, 1269613.716695160605013 ], [ 237490.178513214515988, 1269582.951979579403996 ], [ 237520.523455921735149, 1269582.698316529160365 ], [ 237520.78061613754835, 1269613.463026296114549 ], [ 237552.464048328751232, 1269616.629035523161292 ], [ 237550.977547314774711, 1269582.443770571844652 ], [ 237580.121779916167725, 1269582.200200547697023 ], [ 237611.339940777281299, 1269581.939327899599448 ], [ 237607.348505295463838, 1269548.43903749762103 ], [ 237671.882848294219002, 1269550.777338088490069 ], [ 237671.624924787029158, 1269519.9019940267317 ], [ 237641.279951135336887, 1269520.155498606385663 ], [ 237641.065456956799608, 1269494.481372861424461 ], [ 237640.252821734757163, 1269397.207425421569496 ], [ 237705.189878959557973, 1269395.447631107177585 ], [ 237700.430054712516721, 1269335.281813776353374 ], [ 237736.722247236524709, 1269341.287045211996883 ], [ 237730.370564029261004, 1269273.498162233969197 ], [ 237790.733481398609001, 1269272.994185596937314 ], [ 237790.477580403676257, 1269242.340197590645403 ], [ 237849.624123224115465, 1269239.965078915003687 ], [ 237850.763643891608808, 1269180.30342488642782 ], [ 237881.2180604430323, 1269180.049278867198154 ], [ 237880.705556341708871, 1269118.630676817614585 ], [ 237910.614247831952525, 1269118.381125612650067 ], [ 237910.100903561076848, 1269056.85187279782258 ], [ 237940.555428145715268, 1269056.597808717517182 ], [ 237940.298795114184031, 1269025.833188835764304 ], [ 237970.64418773559737, 1269025.580070616211742 ], [ 237970.131922640663106, 1268964.161508024670184 ], [ 238000.586525281862123, 1268963.907520473236218 ], [ 238000.329970322782174, 1268933.142913662828505 ], [ 238030.675440741382772, 1268932.889871693216264 ], [ 238030.418921703821979, 1268902.125271194847301 ], [ 238060.873572617507307, 1268901.871354361297563 ], [ 238060.61708960661781, 1268871.106760162860155 ], [ 238181.780816344806226, 1268870.096869584871456 ], [ 238181.524458378786221, 1268839.332298999652267 ], [ 238211.869983803364448, 1268839.079450580524281 ], [ 238211.613661752140615, 1268808.314886297332123 ], [ 238271.977285177708836, 1268807.812016904121265 ], [ 238271.721950272854883, 1268777.158128512557596 ], [ 238332.522236817458179, 1268776.65175079414621 ], [ 238332.266045910655521, 1268745.887210599146783 ], [ 238396.476946624519769, 1268748.562039769720286 ], [ 238392.810244078806136, 1268714.6164343256969 ], [ 238425.690406700916355, 1268717.220173111651093 ], [ 238422.57228847531951, 1268683.602018679492176 ], [ 238455.449710707180202, 1268685.873803427442908 ], [ 238452.662784445070429, 1268652.695581896230578 ], [ 238488.456157425738638, 1268651.180311939679086 ], [ 238482.861576341296313, 1268621.677614440442994 ], [ 238520.302464237203822, 1268621.366063029039651 ], [ 238816.336233676847769, 1268618.904292008141056 ], [ 238816.080549364851322, 1268588.139846824342385 ], [ 238998.045168424519943, 1268586.628078142879531 ], [ 238997.806211722752778, 1268557.85560830659233 ], [ 239058.639715681463713, 1268561.334601341746747 ], [ 239058.845538323861547, 1268586.123181443428621 ], [ 239234.541120865818812, 1268579.020625738659874 ], [ 239259.148210827581352, 1268584.460666327737272 ], [ 239361.973791505675763, 1268583.60770872887224 ], [ 239362.228940212342422, 1268614.372049945639446 ], [ 239392.683607969927834, 1268614.119481307687238 ], [ 239390.839982557517942, 1268641.913113510003313 ], [ 239393.192946194059914, 1268675.537490563932806 ], [ 239422.774298421107233, 1268675.292181123746559 ], [ 239453.556363984942436, 1268675.036944105289876 ], [ 239453.376652404112974, 1268706.026215831516311 ], [ 239514.611402286886005, 1268705.297208361094818 ], [ 239512.154065349430311, 1268764.415683621307835 ], [ 239575.461722626700066, 1268763.558915810193866 ], [ 239575.738712060818216, 1268796.979130716994405 ], [ 239606.193160864058882, 1268796.726733280578628 ], [ 239605.916203894594219, 1268763.306524662300944 ], [ 239636.258772715867963, 1268762.723078805021942 ], [ 239636.02953598590102, 1268735.057348815957084 ], [ 239696.82936839965987, 1268734.553628996480256 ], [ 239696.574522608629195, 1268703.789349260972813 ], [ 239756.937768066331046, 1268703.289374926593155 ], [ 239756.682987604173832, 1268672.52510715671815 ], [ 239817.482893852342386, 1268672.021645399741828 ], [ 239817.229095373040764, 1268641.36805242090486 ], [ 239999.192231519380584, 1268639.862021538196132 ], [ 239994.323963008093415, 1268658.384231284027919 ], [ 239999.700394363666419, 1268701.27980177057907 ], [ 240203.732538258191198, 1268702.027030523167923 ], [ 240242.026034621929284, 1268699.275717558572069 ], [ 240244.758268569334177, 1268673.245667435461655 ], [ 240333.025885893352097, 1268667.757353424094617 ], [ 240332.772591434273636, 1268637.103857908165082 ], [ 240363.117891168454662, 1268636.853127765934914 ], [ 240361.982242786878487, 1268605.100228996714577 ], [ 240392.881574496801477, 1268605.840986222028732 ], [ 240395.502057141915429, 1268579.479892053641379 ], [ 240453.427283274882939, 1268574.574648127425462 ], [ 240453.196059442532714, 1268546.57707334915176 ], [ 240452.665086228633299, 1268482.282248969189823 ], [ 240786.136992113461019, 1268479.530139337526634 ], [ 240786.3916372814856, 1268510.404870884958655 ], [ 240816.846126959775575, 1268510.153703490504995 ], [ 240817.098922996257897, 1268540.807105537736788 ], [ 240847.444221444457071, 1268540.556862082798034 ], [ 240847.794636785431067, 1268583.051101827993989 ], [ 240847.951597413892159, 1268602.084980346262455 ], [ 240879.178286853828467, 1268602.82351304939948 ], [ 240908.314591837930493, 1268601.587258376413956 ], [ 240908.568229707307182, 1268632.35130681633018 ], [ 240939.022577289113542, 1268632.100234076147899 ], [ 240939.275279057415901, 1268662.753615227993578 ], [ 241030.419887908734381, 1268662.002356375101954 ], [ 241030.673418587772176, 1268692.766382773406804 ], [ 241121.490421885362593, 1268692.01806941209361 ], [ 241121.743869522993919, 1268722.782079144613817 ], [ 241152.088932947226567, 1268722.532094645081088 ], [ 241152.277632921410259, 1268745.43910513096489 ], [ 241339.305269872333156, 1268749.432442774996161 ], [ 241485.919044543290511, 1268750.549941070377827 ], [ 241485.665947927016532, 1268719.785999553976581 ], [ 241516.010943563363981, 1268719.536367275053635 ], [ 241516.264010404614965, 1268750.300303065916523 ], [ 241546.718125132814748, 1268750.049796611536294 ], [ 241546.46508817357244, 1268719.28586656646803 ], [ 241576.373454027227126, 1268719.03988390811719 ], [ 241576.626461639767513, 1268749.803808311000466 ], [ 241697.023833850660594, 1268748.813859331887215 ], [ 241697.971644192060921, 1268718.0400876251515 ], [ 241785.841016047255835, 1268717.317907171789557 ], [ 241909.949601066269679, 1268716.298302895156667 ], [ 241910.454058768460527, 1268777.715365002164617 ], [ 241940.90807019683416, 1268777.465235479408875 ], [ 241933.490609564847546, 1268844.591463807038963 ], [ 241971.75819328657235, 1268838.743734433082864 ], [ 241967.42637798038777, 1268869.545236574951559 ], [ 241929.986615457542939, 1268869.852738044224679 ], [ 241850.850062890909612, 1268870.502851845696568 ], [ 241850.597299184504664, 1268839.738977046683431 ], [ 241759.344530408125138, 1268840.488856299780309 ], [ 241758.212935272342293, 1268902.030098587507382 ], [ 241729.505470958625665, 1268902.266072824131697 ], [ 241735.622691577038495, 1268982.450799043988809 ], [ 241732.155299130565254, 1269025.418871469330043 ], [ 241760.860831030237023, 1269024.961554097477347 ], [ 241761.366616156970849, 1269086.48934438591823 ], [ 241791.820357110205805, 1269086.239010209450498 ], [ 241792.072319238417549, 1269116.892238885862753 ], [ 241822.416871659952449, 1269116.642825695918873 ], [ 241822.669719654018991, 1269147.4067105834838 ], [ 241853.123389593500178, 1269147.156424021581188 ], [ 241853.376213745534187, 1269177.920303669059649 ], [ 241883.720695323718246, 1269177.670937905088067 ], [ 241883.973495739512146, 1269208.43481234065257 ], [ 241913.990483864035923, 1269208.188160824589431 ], [ 241919.693615011550719, 1269238.021895214682445 ], [ 241943.022208824986592, 1269247.458412158302963 ], [ 241944.948668143100804, 1269269.355017126072198 ], [ 241971.9420461806003, 1269273.117328888736665 ], [ 241975.545772960118484, 1269299.869580942671746 ], [ 241996.830472502886551, 1269299.694729293929413 ], [ 242036.343599641928449, 1269299.370171227958053 ], [ 242036.642630236165132, 1269335.77774652838707 ], [ 242036.848048254672904, 1269360.787205956876278 ], [ 242065.999824618775165, 1269361.543794705765322 ], [ 242067.370184144179802, 1269422.068358150776476 ], [ 242097.714388231630437, 1269421.81915195658803 ], [ 242097.967028881190345, 1269452.582990312715992 ], [ 242130.815325363102602, 1269451.538564430782571 ], [ 242128.925588863785379, 1269513.860578229650855 ], [ 242156.765569552866509, 1269514.406655764440075 ], [ 242160.025690329930512, 1269605.681577864801511 ], [ 242185.021294965350535, 1269605.476338882232085 ], [ 242250.840305583842564, 1269605.04666267358698 ], [ 242251.09283360268455, 1269635.810475417645648 ], [ 242221.076319005369442, 1269636.056886461330578 ], [ 242218.640741439390695, 1269698.383349023759365 ], [ 242191.127479197544744, 1269697.723899509524927 ], [ 242191.632696229760768, 1269759.251551163615659 ], [ 242161.288836585066747, 1269759.500731872394681 ], [ 242162.520322383439634, 1269909.446753354975954 ], [ 242162.8029936196981, 1269943.862410119967535 ], [ 242193.146674676827388, 1269943.613195191370323 ], [ 242193.651988276571501, 1270005.140854557510465 ], [ 242163.308366825745907, 1270005.390080906450748 ], [ 242165.075545120955212, 1270220.515621420461684 ], [ 242195.418958141672192, 1270220.266355143627152 ], [ 242195.671666245674714, 1270251.030188973527402 ], [ 242226.124192668648902, 1270250.780049885855988 ], [ 242226.629567164141918, 1270312.30770750856027 ], [ 242317.441190142126288, 1270311.56191469123587 ], [ 242317.692888561286964, 1270342.215065948432311 ], [ 242287.240468697098549, 1270342.465133887249976 ], [ 242288.199271910707466, 1270459.212721671909094 ], [ 242288.502835318446159, 1270496.173570850398391 ], [ 242313.52133871926344, 1270498.845483707962558 ], [ 242321.272469310875749, 1270525.563646617345512 ], [ 242349.550835941132391, 1270526.438113251933828 ], [ 242345.673109495372046, 1270559.33854516223073 ], [ 242410.162110011646291, 1270556.706335624447092 ], [ 242410.413767709338572, 1270587.359473773976788 ], [ 242440.865925865655299, 1270587.109477904858068 ], [ 242441.859789162233938, 1270615.10047163348645 ], [ 242501.913560268498259, 1270617.374253410845995 ], [ 242501.661077701515751, 1270586.61047080764547 ], [ 242624.887616741034435, 1270585.488719509448856 ], [ 242651.022173899196787, 1270577.859560903860256 ], [ 242652.906275386485504, 1270554.714405498234555 ], [ 242683.361140813969541, 1270554.796634336700663 ], [ 242683.106126475555357, 1270523.700903999153525 ], [ 242713.449146005790681, 1270523.452080284012482 ], [ 242713.196890117396833, 1270492.688339016633108 ], [ 242743.212490969512146, 1270492.442235018592328 ], [ 242742.960270602343371, 1270461.678499844390899 ], [ 242804.96524371826672, 1270462.276894711889327 ], [ 242803.504301097273128, 1270430.527064594905823 ], [ 242833.392658123979345, 1270428.068736330140382 ], [ 242833.59526874407311, 1270399.514658298110589 ], [ 242851.932113255374134, 1270399.364388977643102 ], [ 242894.390632268768968, 1270399.016485163476318 ], [ 242894.764249883737648, 1270338.035225400002673 ], [ 242954.245400557672838, 1270336.994619121076539 ], [ 242953.994325274892617, 1270306.341587003786117 ], [ 242987.312596511445008, 1270309.499415102414787 ], [ 242984.697696402203292, 1270336.745199861004949 ], [ 243015.040838609449565, 1270336.496704033343121 ], [ 243014.821539304102771, 1270309.716808599187061 ], [ 243045.27747423137771, 1270309.910096249775961 ], [ 243044.989345130132278, 1270274.719992828788236 ], [ 243166.143777586490614, 1270273.728253595530987 ], [ 243165.892922219674801, 1270243.075262150960043 ], [ 243226.688460537639912, 1270242.577793593751267 ], [ 243226.93925639425288, 1270273.230773684335873 ], [ 243287.29812059350661, 1270272.736983102513477 ], [ 243287.047383819852257, 1270242.084014281630516 ], [ 243314.107970455370378, 1270240.866665683221072 ], [ 243317.641266396152787, 1270272.488792359596118 ], [ 243348.093554528197274, 1270272.239738405216485 ], [ 243347.842877264571143, 1270241.586780933197588 ], [ 243378.186041515960824, 1270241.338654762832448 ], [ 243377.934495091176359, 1270210.575042927404866 ], [ 243407.950239108002279, 1270210.329628926003352 ], [ 243407.699632886855397, 1270179.676683667348698 ], [ 243498.838402097520884, 1270178.931710817385465 ], [ 243498.586082328343764, 1270148.057462280150503 ], [ 243537.770318768481957, 1270147.73725745617412 ], [ 243650.193006554211024, 1270146.818836063379422 ], [ 243650.445176862471271, 1270177.693056124029681 ], [ 243771.59951842695591, 1270176.703730086330324 ], [ 243771.347467557672644, 1270145.82953276974149 ], [ 244104.903792976605473, 1270143.108250760938972 ], [ 244104.653881372301839, 1270112.455436431337148 ], [ 244226.135570025624475, 1270111.465246385661885 ], [ 244225.884881523728836, 1270080.701795257627964 ], [ 244255.900588479533326, 1270080.457217336399481 ], [ 244255.650837072025752, 1270049.80443218909204 ], [ 244286.103160346334334, 1270049.556331830099225 ], [ 244286.352881950500887, 1270080.209111314034089 ], [ 244316.696021838608431, 1270079.96192401018925 ], [ 244316.446329930797219, 1270049.309150168905035 ], [ 244346.789493893418694, 1270049.06199790420942 ], [ 244347.039156104816357, 1270079.714766103541479 ], [ 244468.302489549270831, 1270078.727317025419325 ], [ 244468.525011720339535, 1270106.060271159512922 ], [ 244548.43917950859759, 1270107.623111597029492 ], [ 244571.567153046635212, 1270079.21480486029759 ], [ 244650.251896402827697, 1270077.2465797488112 ], [ 244651.666781688603805, 1270103.573799659730867 ], [ 244680.414921853982378, 1270108.541279920609668 ], [ 244680.594969352328917, 1270076.999744993634522 ], [ 244801.748910003632773, 1270076.014474775642157 ], [ 244801.499692807963584, 1270045.361791042145342 ], [ 244922.65366316420841, 1270044.377011955250055 ], [ 244922.402771990775364, 1270013.503032320877537 ], [ 245041.466787689947523, 1270010.543720523128286 ], [ 245043.744396041438449, 1269981.862560598645359 ], [ 245135.004522837902186, 1269982.670798633247614 ], [ 245134.305581894004717, 1269950.361833783565089 ], [ 245255.9142162608332, 1269951.588053463492543 ], [ 245255.21001834233175, 1269918.615155838895589 ], [ 245316.005381712893723, 1269918.12186115141958 ], [ 245315.7558009714121, 1269887.35861622961238 ], [ 245406.457728150737239, 1269886.622895715758204 ], [ 245406.209139870567014, 1269855.970327261602506 ], [ 245497.456845808745129, 1269855.230461922939867 ], [ 245498.498087417072384, 1269889.417908426374197 ], [ 245523.473202556750039, 1269886.780785463983193 ], [ 245527.799971353757428, 1269854.984489035326988 ], [ 245772.658012625586707, 1269857.869959305040538 ], [ 245769.859062078699935, 1269822.258140104589984 ], [ 245859.464065278618364, 1269820.868652361212298 ], [ 245891.418397074245149, 1269817.400680091930553 ], [ 245891.200748907082016, 1269790.510600412730128 ], [ 246072.713604463730007, 1269789.04197666910477 ], [ 246072.644825748720905, 1269821.02497302275151 ], [ 246164.209851754305419, 1269819.067173911025748 ], [ 246164.458586899796501, 1269849.830260283080861 ], [ 246255.160138402075972, 1269849.09701461205259 ], [ 246256.137866055883933, 1269916.041894103167579 ], [ 246346.971568886889145, 1269918.185113984160125 ], [ 246347.152188199223019, 1269940.538124610902742 ], [ 246407.510503537603654, 1269940.050464387517422 ], [ 246407.327245495194802, 1269917.365486615104601 ], [ 246437.332864063762827, 1269915.905784165021032 ], [ 246437.465556230774382, 1269878.278399608330801 ], [ 246498.151398664573207, 1269877.788292556768283 ], [ 246497.9038786070887, 1269847.135925801005214 ], [ 246558.69890549822594, 1269846.645066349767148 ], [ 246558.450557495991234, 1269815.882052961736917 ], [ 246618.918179939792026, 1269815.393965493887663 ], [ 246618.66989725313033, 1269784.630963749717921 ], [ 246649.012877334171208, 1269784.386088580591604 ], [ 246648.764630379708251, 1269753.623092955909669 ], [ 246769.918319643329596, 1269752.645669305464253 ], [ 246769.671090102870949, 1269721.993354761740193 ], [ 247012.415030665142694, 1269720.036439664429054 ], [ 247012.66202271002112, 1269750.688709524692968 ], [ 247103.472525727149332, 1269749.957092879805714 ], [ 247103.720326187642058, 1269780.720004496630281 ], [ 247256.100301462749485, 1269780.820893678814173 ], [ 247254.722028676449554, 1269718.084919890388846 ], [ 247315.517017494072206, 1269717.59557589981705 ], [ 247315.269437307841145, 1269686.832704407861456 ], [ 247345.721526911627734, 1269686.587643105303869 ], [ 247345.473982545750914, 1269655.824777738424018 ], [ 247405.832468158012489, 1269655.339145514648408 ], [ 247405.584988973801956, 1269624.576291765784845 ], [ 247527.175192159076687, 1269623.598377353511751 ], [ 247527.039947573532118, 1269606.778412237064913 ], [ 247526.928728022030555, 1269592.946204168954864 ], [ 247587.287266147206537, 1269592.460944657213986 ], [ 247587.533671237470116, 1269623.113106759963557 ], [ 247678.671658903593197, 1269622.380594819085672 ], [ 247678.918869965535123, 1269653.143398246960714 ], [ 247739.27723505551694, 1269652.658408376155421 ], [ 247739.524392767198151, 1269683.42120117880404 ], [ 247769.976404954737518, 1269683.176552226766944 ], [ 247770.469789308001054, 1269744.59147057402879 ], [ 247800.812589531444246, 1269744.347716786665842 ], [ 247801.059705258812755, 1269775.110499862814322 ], [ 247770.784500820853282, 1269783.764230342116207 ], [ 247770.247387374227401, 1269825.599786623613909 ], [ 247771.704686906159623, 1269898.294761274242774 ], [ 247711.34769588150084, 1269898.890438847709447 ], [ 247711.62694661700516, 1269933.636913348222151 ], [ 247712.335779322165763, 1270021.830993115901947 ], [ 247681.884084824763704, 1270022.075762377819046 ], [ 247681.906501608027611, 1270079.178588351234794 ], [ 247621.583636446943274, 1270083.979496941436082 ], [ 247622.572219633409986, 1270206.92013008473441 ], [ 247642.982383047055919, 1270206.756007852498442 ], [ 247653.518458085338352, 1270268.200905205216259 ], [ 247683.860774005908752, 1270267.956939142430201 ], [ 247684.107219430821715, 1270298.609095230232924 ], [ 247714.558645056153182, 1270298.364275561412796 ], [ 247714.805956162890652, 1270329.127084118081257 ], [ 247744.768551513378043, 1270335.9687594412826 ], [ 247744.958910148154246, 1270359.649478789651766 ], [ 247866.54600681111333, 1270358.67232160223648 ], [ 247866.298838615941349, 1270327.909540405031294 ], [ 247896.313622534245951, 1270327.668399349087849 ], [ 247896.997339436376933, 1270358.427667649229988 ], [ 247987.696437097270973, 1270357.699142616707832 ], [ 247987.943492181948386, 1270388.461901986273006 ], [ 248048.736903596989578, 1270387.973724449286237 ], [ 248049.2300235046132, 1270449.3885649505537 ], [ 248065.929074735933682, 1270449.254484037868679 ], [ 248079.244656913302606, 1270449.147576228016987 ], [ 248079.738629940140527, 1270510.673064990201965 ], [ 248110.080630612763343, 1270510.429465386085212 ], [ 248110.326707793021342, 1270541.081547615351155 ], [ 248140.777817007270642, 1270540.837095738388598 ], [ 248141.024758524523349, 1270571.599830166669562 ], [ 248231.723101697425591, 1270570.871890369569883 ], [ 248232.406533906643745, 1270601.631105250213295 ], [ 248353.555749364662915, 1270600.659156195120886 ], [ 248353.802494097268209, 1270631.421852607047185 ], [ 248414.158722941298038, 1270630.937793208751827 ], [ 248417.456135495740455, 1270729.070549347437918 ], [ 248415.390463553572772, 1270784.529912897618487 ], [ 248388.006290498567978, 1270786.077518331818283 ], [ 248381.897913062857697, 1270813.792587182717398 ], [ 248234.199538404354826, 1270825.048127146204934 ], [ 248233.943262462853454, 1270847.515057784505188 ], [ 248203.95202057439019, 1270837.021339270519093 ], [ 248112.604754491010681, 1270824.806981454603374 ], [ 248112.300867451442173, 1270786.962166885845363 ], [ 248051.944825470651267, 1270787.44686600449495 ], [ 248051.698642187693622, 1270756.7947688549757 ], [ 247990.905946918588597, 1270757.283080433029681 ], [ 247990.658821039367467, 1270726.520315167028457 ], [ 247960.317006853001658, 1270726.764071200508624 ], [ 247960.070746080251411, 1270696.111958306981251 ], [ 247818.075209291622741, 1270697.253066287608817 ], [ 247771.907533752382733, 1270697.624218619195744 ], [ 247747.677684742055135, 1270697.819035029504448 ], [ 247747.92415347599308, 1270728.471186867915094 ], [ 247718.018868790881243, 1270728.711667293449864 ], [ 247719.007589480141178, 1270851.652274315943941 ], [ 247688.556701987661654, 1270851.897194833727553 ], [ 247688.090986700699432, 1270997.535819003591314 ], [ 247686.766314547770889, 1271036.389823337784037 ], [ 247659.699013360979734, 1271036.607588054379448 ], [ 247662.914466868969612, 1271436.192462770966813 ], [ 247693.255650618608342, 1271435.948284561280161 ], [ 247693.50321020980482, 1271466.711116859689355 ], [ 247723.953499457973521, 1271466.466084287269041 ], [ 247724.201035019330448, 1271497.228911431971937 ], [ 247755.409041319071548, 1271496.203152681235224 ], [ 247754.599725009407848, 1271558.403280631639063 ], [ 247787.113789338298375, 1271556.924373370129615 ], [ 247785.792413009534357, 1271650.446744018699974 ], [ 247755.342314340523444, 1271650.691751459147781 ], [ 247756.578300366818439, 1271804.284564048051834 ], [ 247783.204801970743574, 1271803.627635662443936 ], [ 247788.501917686371598, 1271892.227514014579356 ], [ 247818.111605252546724, 1271896.083849956281483 ], [ 247820.841732395347208, 1271923.396083058323711 ], [ 247879.14873601050931, 1271926.24692000518553 ], [ 247877.344825635023881, 1271959.792848056415096 ], [ 247909.410322723095305, 1271956.878950682701543 ], [ 247908.793564581224928, 1271988.755351163214073 ], [ 247927.123552721983287, 1271987.943922113161534 ], [ 247939.99748722743243, 1271987.287051086546853 ], [ 247940.238684543437557, 1272017.275244791992009 ], [ 247970.694621282600565, 1272017.804950108751655 ], [ 247972.550625819567358, 1272045.013534768484533 ], [ 247972.119934020098299, 1272140.741949889343232 ], [ 248032.473399467678973, 1272140.2565878611058 ], [ 248032.720766793005168, 1272171.019370045047253 ], [ 248063.061168886197265, 1272170.77541091828607 ], [ 248063.308512265182799, 1272201.538187986938283 ], [ 248093.321464983950136, 1272201.296884960262105 ], [ 248094.556343306408962, 1272354.889435227029026 ], [ 248064.54353802499827, 1272355.130765801761299 ], [ 248064.790916780068073, 1272385.893545808969066 ], [ 248034.450723437068518, 1272386.137543944176286 ], [ 248034.945558367384365, 1272447.66311661247164 ], [ 248004.496282067033462, 1272447.90803324081935 ], [ 248005.237778450944461, 1272540.085755185922608 ], [ 247948.59839970478788, 1272540.873435619287193 ], [ 247947.018086998752551, 1272602.194415739737451 ], [ 247915.039249049965292, 1272602.230428299168125 ], [ 247915.097858977969736, 1272663.759565772954375 ], [ 247854.745358363317791, 1272664.245351071935147 ], [ 247854.993005029304186, 1272695.008175022667274 ], [ 247824.543935126683209, 1272695.253313639434054 ], [ 247825.039306123187998, 1272756.778974239714444 ], [ 247734.347060731292004, 1272757.509327433770522 ], [ 247734.098391735780751, 1272726.635822473326698 ], [ 247642.860325167770498, 1272727.370818783761933 ], [ 247643.109084290656028, 1272758.244340603239834 ], [ 247582.756663391453912, 1272758.730685871094465 ], [ 247583.003704378352268, 1272789.382903686258942 ], [ 247522.214775526343146, 1272789.872895791893825 ], [ 247522.710778586828383, 1272851.398670938797295 ], [ 247492.3709337709588, 1272851.64328255597502 ], [ 247492.866127964720363, 1272913.058412962825969 ], [ 247462.417201333504636, 1272913.303945293882862 ], [ 247462.665283390320837, 1272944.066845768596977 ], [ 247432.32551699920441, 1272944.311533156782389 ], [ 247432.821758602134651, 1273005.837346785934642 ], [ 247402.809453461290104, 1273006.079433707753196 ], [ 247403.056720017339103, 1273036.73168882727623 ], [ 247160.339062788407318, 1273038.690615626284853 ], [ 247160.091558132437058, 1273008.038315907120705 ], [ 247099.307361863582628, 1273009.082503290381283 ], [ 247099.550457534525776, 1273039.181523368461058 ], [ 247039.198373308754526, 1273039.669022731715813 ], [ 247039.446896665467648, 1273070.432003433117643 ], [ 247009.107172506744973, 1273070.677125076996163 ], [ 247009.355731662013568, 1273101.440111838048324 ], [ 246948.567190849164035, 1273101.931336727924645 ], [ 246944.986234125128249, 1273131.507965801749378 ], [ 246827.675329785939539, 1273133.673632409190759 ], [ 246827.92318513293867, 1273164.325995427556336 ], [ 246737.122419725783402, 1273165.060351886320859 ], [ 246737.371265185647644, 1273195.823390490375459 ], [ 246706.92336494079791, 1273196.180370200891048 ], [ 246707.17135107103968, 1273226.83275649161078 ], [ 246676.831715415144572, 1273227.078230007784441 ], [ 246677.080632602155674, 1273257.841280863620341 ], [ 246646.741021264664596, 1273258.08678945270367 ], [ 246646.989078738261014, 1273288.739187885075808 ], [ 246616.540356435987633, 1273288.98561483155936 ], [ 246617.287340941897128, 1273381.274805462686345 ], [ 246526.487085244123591, 1273382.009896632749587 ], [ 246526.98528344676015, 1273443.536059729522094 ], [ 246496.645823621627642, 1273443.78174918750301 ], [ 246496.894961512414739, 1273474.54483708855696 ], [ 246436.106950378307374, 1273475.037199696991593 ], [ 246436.355257652408909, 1273505.689640700817108 ], [ 246315.215826626110356, 1273506.671205225866288 ], [ 246314.967400470311986, 1273476.018741883803159 ], [ 246284.518797017022735, 1273476.265527724521235 ], [ 246284.269449961167993, 1273445.502400521654636 ], [ 246132.790143995778635, 1273446.730551058892161 ], [ 246133.039640241186135, 1273477.49370631412603 ], [ 246102.591003438952612, 1273477.74066950334236 ], [ 246102.341477205074625, 1273446.977508607087657 ], [ 245920.849845694174292, 1273448.450132948346436 ], [ 245921.099550677026855, 1273479.213327481178567 ], [ 245829.971777047088835, 1273479.953153555514291 ], [ 245830.470485786063364, 1273541.368918846361339 ], [ 245800.021853253390873, 1273541.616188750835136 ], [ 245800.271695823437767, 1273572.379407294793054 ], [ 245709.580663722445024, 1273573.1160920758266 ], [ 245709.830601578840287, 1273603.879327933769673 ], [ 245679.382006778236246, 1273604.126727235736325 ], [ 245679.881960351864109, 1273665.65321173123084 ], [ 245589.191129979328252, 1273666.390298772370443 ], [ 245589.690386482252507, 1273727.806159675354138 ], [ 245554.228004376491299, 1273728.869130187202245 ], [ 245559.491106546367519, 1273758.70630685496144 ], [ 245498.764484729646938, 1273766.725430260645226 ], [ 245489.787096352316439, 1273790.14909237367101 ], [ 245460.320849051699042, 1273790.388752428581938 ], [ 245438.166592997789849, 1273790.568959596101195 ], [ 245443.480221349454951, 1273826.603059257147834 ], [ 245378.06473638874013, 1273821.712590371724218 ], [ 245378.315050444740336, 1273852.475892053451389 ], [ 245347.975768234638963, 1273852.722773615270853 ], [ 245348.225217597704614, 1273883.375422038137913 ], [ 245317.776825564680621, 1273883.62322693830356 ], [ 245319.159680750453845, 1273946.249343143543229 ], [ 245287.938399427599506, 1273945.396812882740051 ], [ 245288.188827113539446, 1273976.160133447963744 ], [ 245318.52800104059861, 1273975.913170289015397 ], [ 245319.028814529214287, 1274037.439801651751623 ], [ 245349.477056559087941, 1274037.191968461265787 ], [ 245351.374350142345065, 1274069.159208676312119 ], [ 245380.065614746650681, 1274067.597698818426579 ], [ 245380.433054171007825, 1274112.746723028831184 ], [ 245380.566344197344733, 1274129.124310520943254 ], [ 245411.014485149091342, 1274128.876519664656371 ], [ 245408.152771563414717, 1274192.975819393293932 ], [ 245441.416688988159876, 1274190.049130270024762 ], [ 245443.1792137020675, 1274245.700121665606275 ], [ 245466.196119301137514, 1274257.686164562823251 ], [ 245472.429449414863484, 1274312.858104664599523 ], [ 245412.514835377776762, 1274313.235013783210889 ], [ 245413.015600181010086, 1274374.761621973011643 ], [ 245352.22892467485508, 1274375.256435348186642 ], [ 245351.9793802498898, 1274344.603779104538262 ], [ 245321.531438064062968, 1274344.851668832357973 ], [ 245321.781012391031254, 1274375.504330713767558 ], [ 245139.857348056131741, 1274376.986102230614051 ], [ 245140.357773509371327, 1274438.402154337149113 ], [ 245110.019014317484107, 1274438.649378830567002 ], [ 245110.270618547452614, 1274469.523400622187182 ], [ 245080.25928023661254, 1274469.767991843400523 ], [ 245081.852974583511241, 1274504.615091349231079 ], [ 245080.759860219724942, 1274531.184069304959849 ], [ 245052.510923991532763, 1274533.406339805573225 ], [ 245050.922745255898917, 1274592.958119712537155 ], [ 245020.47498718299903, 1274593.206350351450965 ], [ 245020.724906719464343, 1274623.859072235180065 ], [ 244990.386304640211165, 1274624.106448330683634 ], [ 244990.888025907886913, 1274685.633224196499214 ], [ 244960.440346586925443, 1274685.881531120277941 ], [ 244960.69124620166258, 1274716.644925425527617 ], [ 244930.789248215063708, 1274716.888816885650158 ], [ 244931.290221658855444, 1274778.304958428721875 ], [ 244900.842621168878395, 1274778.553341219900176 ], [ 244901.344581193989143, 1274840.080155748641118 ], [ 244871.006166155071696, 1274840.327689125435427 ], [ 244871.256282091344474, 1274870.980443005217239 ], [ 244841.778435642510885, 1274883.062374112661928 ], [ 244841.310876076488057, 1274932.755742186214775 ], [ 244810.972539479029365, 1274933.003351595252752 ], [ 244811.223636224574875, 1274963.766778000630438 ], [ 244794.092839532968355, 1274964.238610670436174 ], [ 244782.090277610521298, 1274964.557922269916162 ], [ 244775.986544235260226, 1274992.274550787173212 ], [ 244751.124656912201317, 1274994.912202027859166 ], [ 244752.580777334282175, 1275026.219138875370845 ], [ 244690.591065572603839, 1275026.282650342443958 ], [ 244691.092636089160806, 1275087.698891835985705 ], [ 244721.430845452763606, 1275087.451136393472552 ], [ 244722.937328400381375, 1275271.921158491633832 ], [ 244744.981504920724547, 1275271.741128642810509 ], [ 244746.790812628809363, 1275332.925343888346106 ], [ 244783.787470243434655, 1275332.844557149801403 ], [ 244784.037771066825371, 1275363.497335725463927 ], [ 244844.822742120304611, 1275363.00103828124702 ], [ 244845.074795995751629, 1275393.875125726917759 ], [ 244875.521807577228174, 1275393.626570341177285 ], [ 244876.424264515924733, 1275504.175705746747553 ], [ 244877.529179262171965, 1275639.512643912574276 ], [ 244907.866816947178449, 1275639.264963839901611 ], [ 244908.117057798954193, 1275669.917724756058306 ], [ 244937.254251504171407, 1275669.679867360275239 ], [ 244968.464872767537599, 1275669.425113986711949 ], [ 244968.715963438560721, 1275700.18852392421104 ], [ 245029.500208348006709, 1275699.69245673250407 ], [ 245029.751245019462658, 1275730.455855884356424 ], [ 245060.197892999829492, 1275730.207415867131203 ], [ 245060.448905603116145, 1275760.970809815218672 ], [ 245120.796486615465255, 1275760.478458757977933 ], [ 245121.047445644944673, 1275791.241842003539205 ], [ 245181.831454925384605, 1275790.746036416850984 ], [ 245185.075507516565267, 1275934.254646390676498 ], [ 245213.422420098882867, 1275944.204802199732512 ], [ 245213.591193610947812, 1275964.898147634463385 ], [ 245213.923333330516471, 1276005.620881517184898 ], [ 245240.081248329457594, 1276001.423531821696088 ], [ 245274.659967487532413, 1275999.370877293171361 ], [ 245274.456941143085714, 1275974.472475736401975 ], [ 245365.250380081910407, 1275973.732267759041861 ], [ 245364.999624756717822, 1275942.968926716130227 ], [ 245428.656611646292731, 1275946.876794988522306 ], [ 245425.532555848592892, 1275911.710208615520969 ], [ 245455.433316888083937, 1275911.466565497219563 ], [ 245455.18266298645176, 1275880.703242282150313 ], [ 245519.394374541763682, 1275885.713466043584049 ], [ 245515.716683571547037, 1275849.555400800192729 ], [ 245546.16312218492385, 1275849.307411760324612 ], [ 245545.411484161653789, 1275757.017497271997854 ], [ 245575.748880012601148, 1275756.770443551940843 ], [ 245575.498375863593537, 1275726.007145351963118 ], [ 245635.845828585792333, 1275725.51580292545259 ], [ 245635.595389941940084, 1275694.752516386564821 ], [ 245757.163367874716641, 1275693.763100716518238 ], [ 245757.413686569809215, 1275724.526364700170234 ], [ 245817.761073115572799, 1275724.035374382277951 ], [ 245817.510813963977853, 1275693.272121591260657 ], [ 245878.294747380801709, 1275692.777709153713658 ], [ 245878.544946558307856, 1275723.540950674097985 ], [ 245908.991438538592774, 1275723.29333953675814 ], [ 245909.241613628837513, 1275754.056575872935355 ], [ 245999.926203729526605, 1275753.319226784398779 ], [ 246000.176295293204021, 1275784.082446834072471 ], [ 246182.090781988459639, 1275782.60407372075133 ], [ 246182.340700000349898, 1275813.367260527564213 ], [ 246303.471291946276324, 1275812.383427195250988 ], [ 246303.721096378372749, 1275843.146592095959932 ], [ 246357.520458051410969, 1275842.709769260836765 ], [ 246455.297752385871718, 1275841.916105822194368 ], [ 246455.546515117661329, 1275872.568584390450269 ], [ 246485.992751470621442, 1275872.321507351938635 ], [ 246486.682409704662859, 1275957.307427670108154 ], [ 246487.489762548793806, 1276056.789649066282436 ], [ 246454.540103622537572, 1276057.831743805902079 ], [ 246458.119705902558053, 1276082.038557892432436 ], [ 246447.175301213457715, 1276118.536535404389724 ], [ 246427.740239372302312, 1276144.258174795890227 ], [ 246428.281968143419363, 1276210.985434635775164 ], [ 246458.291379199596122, 1276210.741809796541929 ], [ 246459.03969473921461, 1276302.920582110527903 ], [ 246489.485510727536166, 1276302.673426292836666 ], [ 246489.735230503138155, 1276333.436565359355882 ], [ 246520.071886201039888, 1276333.190319378860295 ], [ 246520.320683772239136, 1276363.842794551281258 ], [ 246611.43965268341708, 1276363.103331610094756 ], [ 246611.69016231194837, 1276393.977107877377421 ], [ 246672.145055453962414, 1276393.486629952909425 ], [ 246671.89460572093958, 1276362.612864900147542 ], [ 246702.231198443012545, 1276362.36679041874595 ], [ 246701.982579802745022, 1276331.714348752982914 ], [ 246732.319196810538415, 1276331.468309389892966 ], [ 246732.069716500816867, 1276300.70521516748704 ], [ 246792.52474469342269, 1276300.215005741920322 ], [ 246792.276227159192786, 1276269.562581764766946 ], [ 246837.562966168043204, 1276269.19545228802599 ], [ 246853.058666822820669, 1276269.06984719238244 ], [ 246853.171682975807926, 1276283.012821919983253 ], [ 246853.307124573504552, 1276299.722259982954711 ], [ 246871.530921753088478, 1276299.574547819793224 ], [ 246883.643743914086372, 1276299.476373774698004 ], [ 246883.731636788055766, 1276310.320907865650952 ], [ 246883.893074598803651, 1276330.239439998986199 ], [ 246905.93620444519911, 1276330.060788935050368 ], [ 246914.399763789697317, 1276337.517470844322816 ], [ 246914.587192640465219, 1276360.645095957675949 ], [ 246944.958712086401647, 1276364.714938204502687 ], [ 246945.422312127426267, 1276421.925370159093291 ], [ 246975.431423118221574, 1276421.682202843483537 ], [ 246976.926203820388764, 1276606.149860168807209 ], [ 246946.917270489939256, 1276606.393060702364892 ], [ 246947.415039387415163, 1276667.808522497070953 ], [ 246977.423913563165115, 1276667.565310903592035 ], [ 246977.922543773544021, 1276729.091422060737386 ], [ 247008.258722072583623, 1276728.845575431361794 ], [ 247008.75641931098653, 1276790.261018879944459 ], [ 247039.20165501406882, 1276790.014306392287835 ], [ 247039.450930825027172, 1276820.777352482546121 ], [ 247069.787008302519098, 1276820.531548266299069 ], [ 247070.036260082037188, 1276851.294589222176 ], [ 247100.481424520752626, 1276851.047924902522936 ], [ 247100.978989190829452, 1276912.463338690344244 ], [ 247130.878477015095996, 1276912.221112826373428 ], [ 247131.128583404410165, 1276943.09480251930654 ], [ 247161.573646634729812, 1276942.848180329892784 ], [ 247161.821936089691008, 1276973.50054815155454 ], [ 247192.157841848907992, 1276973.254833935527131 ], [ 247192.655274992197519, 1277034.670218219514936 ], [ 247223.100237150239991, 1277034.423638635547832 ], [ 247223.350276873999974, 1277065.297313415445387 ], [ 247253.686081678373739, 1277065.051641615573317 ], [ 247254.183430442935787, 1277126.467006493825465 ], [ 247284.628291280154372, 1277126.220469483640045 ], [ 247285.126499688805779, 1277187.74648340465501 ], [ 247315.025689239642816, 1277187.504382563056424 ], [ 247315.522966246120632, 1277248.919729127781466 ], [ 247345.967695883271517, 1277248.673228680854663 ], [ 247346.465832393470919, 1277310.199224282056093 ], [ 247376.801375666662352, 1277309.953625772381201 ], [ 247377.298580032133032, 1277371.368953920667991 ], [ 247407.743178405245999, 1277371.122490474721417 ], [ 247408.241242131887702, 1277432.648467590101063 ], [ 247377.79670391685795, 1277432.894942256389186 ], [ 247378.044878789514769, 1277463.547278925543651 ], [ 247408.489387032546801, 1277463.300798669224605 ], [ 247408.987486227793852, 1277524.826778731076047 ], [ 247439.322808874159819, 1277524.581200347281992 ], [ 247439.571837375231553, 1277555.34418553323485 ], [ 247469.579765347269131, 1277555.101280828472227 ], [ 247470.077780798717868, 1277616.627241618232802 ], [ 247500.413002585817594, 1277616.381705266190693 ], [ 247500.910086084710201, 1277677.796998659614474 ], [ 247592.133777219249168, 1277677.058767717331648 ], [ 247592.381790142069804, 1277707.711069314740598 ], [ 247656.900711521448102, 1277710.841052299132571 ], [ 247652.227851112431381, 1277645.807639085687697 ], [ 247681.771430087304907, 1277642.13805226655677 ], [ 247690.467602121236268, 1277583.968438415788114 ], [ 247712.509734975319589, 1277583.790184465236962 ], [ 247711.138358761323616, 1277522.160714952042326 ], [ 247742.348373420274584, 1277522.129688939545304 ], [ 247739.124786589614814, 1277487.849524071440101 ], [ 247772.544062113331165, 1277491.120629916898906 ], [ 247772.246174932923168, 1277454.271517407614738 ], [ 247771.798912809055764, 1277398.942520971875638 ], [ 247801.697808988625184, 1277398.700847238302231 ], [ 247801.200535034382483, 1277337.175016072345898 ], [ 247831.645086167787667, 1277336.928972936235368 ], [ 247831.397382358467439, 1277306.276721638161689 ], [ 247861.73283761672792, 1277306.031595543492585 ], [ 247861.48427543634898, 1277275.268692382145673 ], [ 247891.928875541430898, 1277275.022719850298017 ], [ 247891.680349344213028, 1277244.259822754887864 ], [ 247952.023990691377549, 1277243.772384861949831 ], [ 247951.775530011800583, 1277213.009499379433692 ], [ 248012.099551791267004, 1277210.087717446731403 ], [ 248011.811418371100444, 1277120.34070290112868 ], [ 248042.147020329663064, 1277120.095787449739873 ], [ 248041.651225379639072, 1277058.680712167639285 ], [ 248072.09600268813665, 1277058.434956604382023 ], [ 248071.653880585829029, 1277003.659360548015684 ], [ 248079.019644431537017, 1276996.849346522474661 ], [ 248131.943450320221018, 1276996.422239920357242 ], [ 248131.695216503052507, 1276965.659391809953377 ], [ 248253.256344846216962, 1276964.678730392828584 ], [ 248253.009129450452747, 1276934.026562728919089 ], [ 248434.914350995240966, 1276932.560011226683855 ], [ 248434.665536865184549, 1276901.686562289483845 ], [ 248464.564786183240358, 1276901.445616592885926 ], [ 248464.317790961620631, 1276870.793488658498973 ], [ 248525.098425099626184, 1276870.30378257157281 ], [ 248524.850604104809463, 1276839.541008761851117 ], [ 248676.420318180549657, 1276838.320365107152611 ], [ 248676.667989494715584, 1276869.083111119456589 ], [ 248797.792596960207447, 1276868.108158698305488 ], [ 248798.039264039951377, 1276898.760225700447336 ], [ 248889.155375528993318, 1276898.027109314920381 ], [ 248889.403739197499817, 1276928.90047461935319 ], [ 248980.192348282056628, 1276928.17024058313109 ], [ 248980.43884808808798, 1276958.822275370359421 ], [ 249010.883545043092454, 1276958.577454907353967 ], [ 249011.130910543026403, 1276989.340141756460071 ], [ 249162.59031827157014, 1276988.122596420580521 ], [ 249162.836650766665116, 1277018.774599004071206 ], [ 249223.616732798749581, 1277018.286197915906087 ], [ 249223.864789519662736, 1277049.159503931878135 ], [ 249284.208308230503462, 1277048.674716465407982 ], [ 249284.701653003401589, 1277110.089336915872991 ], [ 249345.481511162506649, 1277109.601138840429485 ], [ 249345.727688034472521, 1277140.253110237186775 ], [ 249436.951904257904971, 1277139.520580880343914 ], [ 249437.199774042353965, 1277170.393849900458008 ], [ 249467.098579656070797, 1277170.153815182857215 ], [ 249467.344649018836208, 1277200.805765493540093 ], [ 249497.789017831004458, 1277200.561374531127512 ], [ 249498.035951317084255, 1277231.323976620798931 ], [ 249528.371165069111157, 1277231.080485670594499 ], [ 249527.015923169645248, 1277266.17183649702929 ], [ 249556.627225918287877, 1277270.914053649175912 ], [ 249562.447011429030681, 1277384.187216057442129 ], [ 249590.384113036707276, 1277384.294994692783803 ], [ 249590.876988150266698, 1277445.709515227237716 ], [ 249620.884619988879422, 1277445.468701186124235 ], [ 249621.131480719981482, 1277476.231285088695586 ], [ 249803.0319948590477, 1277474.772099933121353 ], [ 249803.278681735042483, 1277505.534651129739359 ], [ 249894.392452715575928, 1277504.804128386080265 ], [ 249894.63905542952125, 1277535.566663450328633 ], [ 250015.760159875266254, 1277534.595940106082708 ], [ 250015.831745737115853, 1277598.005625890567899 ], [ 250047.173390161100542, 1277600.853083682479337 ], [ 250046.942606905737193, 1277626.528890296351165 ], [ 250075.221826582535869, 1277628.515597961843014 ], [ 250078.016689926327672, 1277718.573372150305659 ], [ 250094.711649308534106, 1277718.439621033845469 ], [ 250138.358594177785562, 1277718.089987214654684 ], [ 250138.604112149914727, 1277748.741825089789927 ], [ 250169.047819537780015, 1277748.497986200964078 ], [ 250169.294199614960235, 1277779.260475488146767 ], [ 250199.628754346078495, 1277779.017534659011289 ], [ 250199.382404246542137, 1277748.255050899926573 ], [ 250260.160674435202964, 1277747.768395377090201 ], [ 250259.915276154031744, 1277717.116579572437331 ], [ 250289.922522597917123, 1277716.876358993118629 ], [ 250289.67538811970735, 1277686.003236394841224 ], [ 250320.010011026868597, 1277685.760430172551423 ], [ 250319.76468381943414, 1277655.108626291621476 ], [ 250350.208448551245965, 1277654.864981908816844 ], [ 250350.453745783859631, 1277685.516780265141279 ], [ 250380.788357741665095, 1277685.274033266818151 ], [ 250380.543090376653709, 1277654.622240414610133 ], [ 250562.441709783102851, 1277653.167284647002816 ], [ 250562.715996679879026, 1277687.470698261400685 ], [ 250623.028588925546501, 1277683.336610541446134 ], [ 250623.275392807554454, 1277714.209672239609063 ], [ 250653.71904279262526, 1277713.966313103679568 ], [ 250653.472269102494465, 1277683.093256963416934 ], [ 250683.806826713203918, 1277682.850805231602862 ], [ 250684.298550975479884, 1277744.37559471372515 ], [ 250775.520244903222192, 1277743.646640183171257 ], [ 250775.275354067940498, 1277712.994917831849307 ], [ 250805.173392127791885, 1277712.756065692054108 ], [ 250804.926768638542853, 1277681.883037190884352 ], [ 250986.933869725995464, 1277680.429655650863424 ], [ 250987.180312715354376, 1277711.302650960162282 ], [ 251017.514780443976633, 1277711.060518627753481 ], [ 251017.759432761988137, 1277741.712197118671611 ], [ 251078.537408862583106, 1277741.227139418479055 ], [ 251079.027494240028318, 1277802.641131748445332 ], [ 251109.361855938681401, 1277802.39907171507366 ], [ 251102.425822914316086, 1277863.09767308156006 ], [ 251139.859735536767403, 1277863.684281161287799 ], [ 251136.221884070459055, 1277927.45511227613315 ], [ 251170.793978260073345, 1277924.96601758687757 ], [ 251171.039404807554092, 1277955.728327910648659 ], [ 251201.373600362800062, 1277955.486328817438334 ], [ 251201.618120006140089, 1277986.13797836820595 ], [ 251231.952280254743528, 1277985.896003354806453 ], [ 251232.443042527971556, 1278047.420604438753799 ], [ 251262.886252855707426, 1278047.177777686621994 ], [ 251263.131612644036068, 1278077.940073472447693 ], [ 251293.13832612519036, 1278077.70075180567801 ], [ 251293.383662080566864, 1278108.463042604271322 ], [ 251323.717686164862243, 1278108.221134059829637 ], [ 251323.962115535599878, 1278138.872764163650572 ], [ 251384.739202712778933, 1278138.388154884334654 ], [ 251384.985342468804447, 1278169.261085843201727 ], [ 251415.319290288491175, 1278169.019255105173215 ], [ 251415.563641527318396, 1278199.670869718538597 ], [ 251506.347133319766726, 1278198.9472775622271 ], [ 251506.592282761819661, 1278229.709531892323866 ], [ 251627.709486345556797, 1278228.744552973425016 ], [ 251627.953640441497555, 1278259.396130312466994 ], [ 251779.950884095567744, 1278258.296420236118138 ], [ 251780.195775179192424, 1278289.058626045938581 ], [ 251870.86968899104977, 1278288.33691452536732 ], [ 251871.113615635869792, 1278318.988449087832123 ], [ 251931.890147221885854, 1278318.504839564440772 ], [ 251932.134900184348226, 1278349.267018953338265 ], [ 252417.036526868236251, 1278345.412725873291492 ], [ 252417.525091402960243, 1278406.936910827178508 ], [ 252508.307421188394073, 1278406.216122038662434 ], [ 252508.550743967673043, 1278436.867543932283297 ], [ 252538.884222149587004, 1278436.626757031306624 ], [ 252539.128399146866286, 1278467.388828872237355 ], [ 252599.904392426164122, 1278466.906466947402805 ], [ 252600.148515128850704, 1278497.668528327951208 ], [ 252812.045764352165861, 1278495.987646923167631 ], [ 252812.289683331939159, 1278526.749670594930649 ], [ 252873.06545924936654, 1278526.26781940786168 ], [ 252872.821600363356993, 1278495.505806692875922 ], [ 252993.936756554991007, 1278494.545940529787913 ], [ 252994.180495685403002, 1278525.30793141759932 ], [ 253115.731896321696695, 1278524.345058425795287 ], [ 253115.97464469136321, 1278554.996373310917988 ], [ 253237.089389703178313, 1278554.037408294621855 ], [ 253237.332900434790645, 1278584.799356454983354 ], [ 253267.666099429159658, 1278584.559251608327031 ], [ 253267.909585947840242, 1278615.321194823365659 ], [ 253297.915413320879452, 1278615.083704735152423 ], [ 253298.15887594857486, 1278645.845643010688946 ], [ 253358.934239141439321, 1278645.364695374155417 ], [ 253359.17677187002846, 1278676.015968811465427 ], [ 253510.733044537453679, 1278674.817111907526851 ], [ 253510.977183789975243, 1278705.68966732150875 ], [ 253874.754974192503141, 1278702.815013149054721 ], [ 253874.997010641731322, 1278733.466195295797661 ], [ 253935.771989173314068, 1278732.986340502509847 ], [ 253935.530012609611731, 1278702.335169226396829 ], [ 253965.426522722613299, 1278702.099167492473498 ], [ 253965.668469827214722, 1278732.750333422562107 ], [ 253996.110501329036197, 1278732.510049169650301 ], [ 253995.868584220850607, 1278701.85888868290931 ], [ 254116.982108679192606, 1278700.903235768666491 ], [ 254117.17501627173624, 1278670.02734670531936 ], [ 254138.342617388814688, 1278669.860375199001282 ], [ 254207.846526466251817, 1278669.312224690802395 ], [ 254208.089973864407511, 1278700.18465449498035 ], [ 254238.531992283998989, 1278699.944613162428141 ], [ 254238.77367028145818, 1278730.59573028376326 ], [ 254269.1065422524116, 1278730.356573527911678 ], [ 254269.349068484269083, 1278761.118339580949396 ], [ 254299.354572370677488, 1278760.881787377176806 ], [ 254299.596202364889905, 1278791.532894709147513 ], [ 254360.370910658035427, 1278791.053846805356443 ], [ 254360.614230728882831, 1278821.92625132529065 ], [ 254421.388857152807759, 1278821.447311240714043 ], [ 254421.6303788383957, 1278852.098397886613384 ], [ 254451.963098812033422, 1278851.859396783169359 ], [ 254452.456561898085056, 1278914.489405409432948 ], [ 254452.690224116755417, 1278944.144604550208896 ], [ 254482.695518272405025, 1278943.908195578027517 ], [ 254483.664108646393288, 1279066.844471065094694 ], [ 254513.996608030720381, 1279066.605490803020075 ], [ 254514.2380861719721, 1279097.256565193179995 ], [ 254544.679659893241478, 1279097.016749604605138 ], [ 254544.347532601328567, 1279221.069843361852691 ], [ 254575.98046364961192, 1279219.714043417945504 ], [ 254569.999209765228443, 1279249.971486434340477 ], [ 254636.560056843532948, 1279250.000522703165188 ], [ 254647.955467466235859, 1279311.438012019498274 ], [ 254667.970430916495388, 1279372.80761728528887 ], [ 254698.302598362526624, 1279372.568760195514187 ], [ 254698.543954456865322, 1279403.219807126093656 ], [ 254759.317321809183341, 1279402.741311959922314 ], [ 254759.800802437821403, 1279464.154039173386991 ], [ 254789.805539601045894, 1279463.917831383412704 ], [ 254790.72628658785834, 1279525.43776774359867 ], [ 254820.621851186995627, 1279525.202437418978661 ], [ 254820.863987463526428, 1279555.964118782663718 ], [ 254851.305056081706425, 1279555.724518207833171 ], [ 254845.170305512205232, 1279621.947704932186753 ], [ 254882.121181061142124, 1279617.009148526238278 ], [ 254876.407158082845854, 1279681.237123663304374 ], [ 254913.045440143556334, 1279678.182276649633422 ], [ 254913.286644067033194, 1279708.833290696842596 ], [ 254943.619309663132299, 1279708.705264263320714 ], [ 254943.861360091890674, 1279739.466926851077005 ], [ 254951.826175135007361, 1279739.40425538783893 ], [ 255064.970151793444529, 1279738.514197641750798 ], [ 255064.728221226425376, 1279707.752556695137173 ], [ 255125.063560920534655, 1279707.167442248435691 ], [ 255124.822565834212583, 1279676.516465905122459 ], [ 255216.036126551276539, 1279675.799436086555943 ], [ 255215.794357443170156, 1279645.037823200458661 ], [ 255276.56706219210173, 1279644.560248647117987 ], [ 255276.326228387188166, 1279613.909300336614251 ], [ 255336.662542699166806, 1279613.435283673694357 ], [ 255336.420035699993605, 1279582.563040185021237 ], [ 255397.19281805184437, 1279582.085724101401865 ], [ 255396.952115088526625, 1279551.434798312373459 ], [ 255669.611335954861715, 1279549.294813747284934 ], [ 255669.129616824939149, 1279487.882407549535856 ], [ 255729.793354248511605, 1279487.406631346326321 ], [ 255729.551261599990539, 1279456.534460377879441 ], [ 255759.992259981721872, 1279456.295766610419378 ], [ 255759.510755101888208, 1279394.88339584111236 ], [ 255819.847317524749087, 1279394.410395518643782 ], [ 255819.607066888536792, 1279363.759548031724989 ], [ 255880.380098770634504, 1279363.283255520276725 ], [ 255880.138179558911361, 1279332.411113644717261 ], [ 255940.911250407167245, 1279331.934950783150271 ], [ 255940.671130992879625, 1279301.284125861013308 ], [ 255970.675810661748983, 1279301.049085600534454 ], [ 255970.434859783039428, 1279270.287613697815686 ], [ 256000.766887919337023, 1279270.05004419083707 ], [ 256001.007808789581759, 1279300.811510694911703 ], [ 256031.448909504455514, 1279300.573110952973366 ], [ 256031.20801875073812, 1279269.811649865936488 ], [ 256268.029320335801458, 1279275.26155975763686 ], [ 256273.623364664090332, 1279237.15097919316031 ], [ 256394.733136813039891, 1279236.203790473751724 ], [ 256394.492617359035648, 1279205.442395069636405 ], [ 256515.602424576005433, 1279204.495699574938044 ], [ 256515.84282421899843, 1279235.25707346550189 ], [ 256606.947803527960787, 1279234.545214351732284 ], [ 256607.188118745427346, 1279265.306572529021651 ], [ 256637.19271246160497, 1279265.072181016672403 ], [ 256637.43300369795179, 1279295.833534403936937 ], [ 256698.205868433142314, 1279295.358862976543605 ], [ 256698.445241074456135, 1279326.009553741198033 ], [ 256759.218024589965353, 1279325.534990352345631 ], [ 256758.978711857576855, 1279294.884310332126915 ], [ 256940.86068508066819, 1279293.464770034188405 ], [ 256940.620694030774757, 1279262.703470473410562 ], [ 257031.288930727459956, 1279261.996242660330608 ], [ 257024.133702830848051, 1279295.913648288929835 ], [ 257122.30603892612271, 1279292.049696056405082 ], [ 257122.544993498217082, 1279322.700311896391213 ], [ 257152.876760100276442, 1279322.463855078443885 ], [ 257153.356351580732735, 1279383.986381601076573 ], [ 257214.128855691058561, 1279383.512684909394011 ], [ 257214.368599837151123, 1279414.273938136408105 ], [ 257275.141022530762712, 1279413.800349474186078 ], [ 257275.620407627109671, 1279475.322835945757106 ], [ 257305.624678379041143, 1279475.089050666196272 ], [ 257305.863487631693715, 1279505.739637401653454 ], [ 257366.635698433878133, 1279505.266193950548768 ], [ 257366.875315355922794, 1279536.027422381564975 ], [ 257427.64744474683539, 1279535.554086977383122 ], [ 257427.88614547252655, 1279566.204653279390186 ], [ 257488.221769767755177, 1279565.734823942184448 ], [ 257488.462139748473419, 1279596.606683755060658 ], [ 257610.00605213054223, 1279595.660562264267355 ], [ 257610.244584847299848, 1279626.311097505269572 ], [ 257670.580026610987261, 1279625.841599844861776 ], [ 257670.341553385456791, 1279595.191075231181458 ], [ 257761.444847498176387, 1279594.482397190760821 ], [ 257761.683230895607267, 1279625.132905763341114 ], [ 257882.79041069073719, 1279624.191222821827978 ], [ 257883.029540497343987, 1279654.952362143667415 ], [ 258064.164215582597535, 1279656.089911752613261 ], [ 258095.348561356309801, 1279653.302548935171217 ], [ 258095.109641656832537, 1279622.541447090683505 ], [ 258155.444915480387863, 1279622.072890534996986 ], [ 258155.206920331664151, 1279591.422451226040721 ], [ 258215.978654517384712, 1279590.950634533539414 ], [ 258216.216589745687088, 1279621.601063162554055 ], [ 258246.547866259061266, 1279621.365617466159165 ], [ 258246.786636098840972, 1279652.126692599849775 ], [ 258307.23090300190961, 1279651.657572658965364 ], [ 258307.468759990559192, 1279682.307986338157207 ], [ 258368.241119885031367, 1279681.947085146093741 ], [ 258362.132597997726407, 1279752.483587897615507 ], [ 258459.383650123199914, 1279742.655213764403015 ], [ 258460.09941545012407, 1279834.93833469832316 ], [ 258490.539544276514789, 1279834.702241797465831 ], [ 258490.777255735039944, 1279865.352626538602635 ], [ 258521.108244945586193, 1279865.117404179181904 ], [ 258521.585341103869723, 1279926.639466881752014 ], [ 258552.025369056762429, 1279926.403417437337339 ], [ 258552.263895492418669, 1279957.164444168331102 ], [ 258582.59478411715827, 1279956.929265093058348 ], [ 258582.83242825610796, 1279987.57963583804667 ], [ 258643.166818559489911, 1279987.111893018241972 ], [ 258642.690797232848126, 1279925.700522089609876 ], [ 258703.461701714375522, 1279925.229535724269226 ], [ 258703.937602952792076, 1279986.640885298606008 ], [ 258734.377539067238104, 1279986.405003302497789 ], [ 258735.330146302148933, 1280109.338338163215667 ], [ 258765.660853430599673, 1280109.103309950325638 ], [ 258765.900061078194994, 1280139.974953399971128 ], [ 258795.903423446201487, 1280139.742485293420032 ], [ 258796.140892379422439, 1280170.392821874003857 ], [ 258887.241889431781601, 1280169.68712573312223 ], [ 258887.718378426565323, 1280231.209070424549282 ], [ 258918.158041923335986, 1280230.973323776153848 ], [ 258918.63449324038811, 1280292.49525976087898 ], [ 258948.96498868681374, 1280292.260377078782767 ], [ 258949.440545656834729, 1280353.671653445111588 ], [ 259070.544030616787495, 1280352.734065162949264 ], [ 259070.782126083038747, 1280383.495008305180818 ], [ 259161.555043853499228, 1280382.792533013271168 ], [ 259161.793055084301159, 1280413.553460684604943 ], [ 259192.123388549109222, 1280413.318793162005022 ], [ 259192.599367872549919, 1280474.840639380272478 ], [ 259223.038737677765312, 1280474.605146810645238 ], [ 259224.09422857593745, 1280611.037569804117084 ], [ 259224.226921820663847, 1280628.188442831160501 ], [ 259193.787702516536228, 1280628.423962090164423 ], [ 259194.959908099903259, 1280779.904931651894003 ], [ 259195.928429506340763, 1280905.051015767268836 ], [ 259226.367377689835848, 1280904.815448438050225 ], [ 259226.605424568348099, 1280935.576373981777579 ], [ 259256.935237265657634, 1280935.341675330651924 ], [ 259257.410431629163213, 1280996.752866440452635 ], [ 259317.742621994519141, 1280996.286068785469979 ], [ 259318.218575568025699, 1281057.807891524629667 ], [ 259378.98702371949912, 1281057.337814562255517 ], [ 259379.224948761722771, 1281088.098716033389792 ], [ 259409.663684541679686, 1281087.863294944632798 ], [ 259409.900729297689395, 1281118.513540852349252 ], [ 259500.562219362909673, 1281117.812501359498128 ], [ 259500.325264104030794, 1281087.162271299166605 ], [ 259561.0935890446126, 1281086.692539616022259 ], [ 259560.855844178789994, 1281055.931670048041269 ], [ 259621.624208266235655, 1281055.462067951913923 ], [ 259621.386529235227499, 1281024.701209565624595 ], [ 259681.718534667132189, 1281024.235108063090593 ], [ 259681.495451203576522, 1280995.355319724883884 ], [ 259711.919694710813928, 1280993.239152654306963 ], [ 259711.682971449248726, 1280962.588961678324267 ], [ 259742.012670245458139, 1280962.354731256840751 ], [ 259742.249363569921115, 1280993.004916937323287 ], [ 259833.020139846630627, 1280992.304071934660897 ], [ 259835.263785276183626, 1280957.872417363803834 ], [ 259863.113213997945422, 1280961.419789958512411 ], [ 259863.294273583072936, 1280984.877677598036826 ], [ 259893.844037420727545, 1280999.0273004071787 ], [ 259894.025933267635992, 1281022.595834842417389 ], [ 259925.21894250594778, 1281021.137882091803476 ], [ 259924.592919568764046, 1281053.122576761059463 ], [ 259959.616317279054783, 1281053.184291116660461 ], [ 259955.505451385775814, 1281114.298647007672116 ], [ 259985.398562536487589, 1281114.067994049284607 ], [ 259985.873240104643628, 1281175.58958707912825 ], [ 260016.311780445335899, 1281175.354744042735547 ], [ 260014.650375637866091, 1281228.704196332022548 ], [ 260014.289960486727068, 1281238.555443017976359 ], [ 260027.157605202344712, 1281237.681569734355435 ], [ 260047.114942896907451, 1281236.53169585741125 ], [ 260047.23188413027674, 1281251.690788981504738 ], [ 260047.353094732883619, 1281267.403133808868006 ], [ 260069.500060080492403, 1281267.232291116379201 ], [ 260077.836769277695566, 1281273.032800137065351 ], [ 260078.383021821500733, 1281343.848991742357612 ], [ 260078.739809097489342, 1281390.100818345090374 ], [ 260048.301490291458322, 1281390.335639069322497 ], [ 260048.775294880353613, 1281451.746569528477266 ], [ 260079.213553468289319, 1281451.51173817156814 ], [ 260079.450860872340854, 1281482.272524007828906 ], [ 260049.012632448517252, 1281482.507360690971836 ], [ 260049.249975638347678, 1281513.268152332864702 ], [ 260079.688173897215165, 1281513.033310323953629 ], [ 260080.161963116319384, 1281574.444234183058143 ], [ 260102.199608169263229, 1281574.274216132936999 ], [ 260110.965603899239795, 1281635.731818555854261 ], [ 260140.967283039324684, 1281635.500381008954719 ], [ 260141.440997727040667, 1281696.911287782946602 ], [ 260171.878999506356195, 1281696.676502880407497 ], [ 260169.959933012956753, 1281730.77361475629732 ], [ 260232.77399597511976, 1281726.969468516297638 ], [ 260233.011203832691535, 1281757.730232362868264 ], [ 260293.777953410462942, 1281757.261690895538777 ], [ 260294.014253572007874, 1281787.91179443965666 ], [ 260354.453633121418534, 1281787.445884038927034 ], [ 260352.01635802097735, 1281853.416083503281698 ], [ 260446.023071530042216, 1281848.265332899289206 ], [ 260446.260091381584061, 1281879.026061663636938 ], [ 260567.356558012397727, 1281878.093205107841641 ], [ 260567.119658204523148, 1281847.332497492898256 ], [ 260597.557435802475084, 1281847.098102372139692 ], [ 260597.083713359868852, 1281785.576699279714376 ], [ 260930.372240283002611, 1281783.012184301158413 ], [ 260930.136568629968679, 1281752.362191449385136 ], [ 260960.574373843061039, 1281752.128168999683112 ], [ 260960.810015433991794, 1281782.778156564570963 ], [ 261051.468734007503372, 1281782.081283093662933 ], [ 261051.233181956224144, 1281751.431311272550374 ], [ 261081.670966297038831, 1281751.197407595114782 ], [ 261081.434599635453196, 1281720.43679187586531 ], [ 261111.763312834285898, 1281720.203761539654806 ], [ 261111.9996494341176, 1281750.964371975278482 ], [ 261142.001039463415509, 1281750.733880290295929 ], [ 261141.764732600655407, 1281719.973275080788881 ], [ 261202.531229068990797, 1281719.50652409857139 ], [ 261202.294988032110268, 1281688.745929949916899 ], [ 261263.061523821437731, 1281688.279308531433344 ], [ 261262.825348607933847, 1281657.518725491827354 ], [ 261323.155539032508386, 1281657.055583239765838 ], [ 261322.92027851252351, 1281626.405660734511912 ], [ 261353.249040204304038, 1281626.172882901504636 ], [ 261353.012966008711373, 1281595.412316623143852 ], [ 261474.109888314967975, 1281594.483196432702243 ], [ 261474.34584249285399, 1281625.243741641286761 ], [ 261565.550226206658408, 1281624.544267904479057 ], [ 261565.785247118241386, 1281655.194148351438344 ], [ 261686.881784466793761, 1281654.265814454061911 ], [ 261687.115843284351286, 1281684.805025101173669 ], [ 261869.054773059993749, 1281693.370135979959741 ], [ 261869.21578174518072, 1281714.393484456464648 ], [ 261899.544359813269693, 1281714.161223984556273 ], [ 261899.779915576975327, 1281744.921697407029569 ], [ 262013.016760419646744, 1281743.501476959791034 ], [ 262041.035362734750379, 1281712.30346829071641 ], [ 262050.842676866071997, 1281682.240754442755133 ], [ 262111.608921304694377, 1281681.775794458109885 ], [ 262110.903781927481759, 1281589.605138271348551 ], [ 262140.796055090293521, 1281589.376473885495216 ], [ 262140.56076722429134, 1281558.616045011440292 ], [ 262170.998544828617014, 1281558.383242778480053 ], [ 262170.528892343805637, 1281496.973046069266275 ], [ 262231.295456190709956, 1281496.508386336732656 ], [ 262230.825100188143551, 1281434.987563726259395 ], [ 262443.01739819184877, 1281433.366015173960477 ], [ 262443.251517929311376, 1281464.01574062067084 ], [ 262564.34901933663059, 1281463.201610409654677 ], [ 262564.583869844791479, 1281493.961964204907417 ], [ 262595.021634874981828, 1281493.729588764952496 ], [ 262594.879728389845695, 1281475.14060111832805 ], [ 262594.786814529681578, 1281462.969240239821374 ], [ 262625.551892532967031, 1281462.734401795081794 ], [ 262655.116064843256027, 1281462.398103737272322 ], [ 262655.028242185595445, 1281450.890639272984117 ], [ 262654.882154295919463, 1281431.748414846137166 ], [ 262685.319964104914106, 1281431.516138947568834 ], [ 262685.085244826972485, 1281400.755807131761685 ], [ 262715.413983425416518, 1281400.524398696841672 ], [ 262715.648672650218941, 1281431.284725264180452 ], [ 262745.977375995367765, 1281431.053341212449595 ], [ 262745.849916547129396, 1281414.345396853983402 ], [ 262745.742716823646333, 1281400.293019893346354 ], [ 262781.198963365866803, 1281400.022560658864677 ], [ 262836.510693835560232, 1281399.600725118303671 ], [ 262836.978994045522995, 1281461.010688273934647 ], [ 262897.746233806305099, 1281460.657992785563692 ], [ 262897.980753930984065, 1281491.418288892367855 ], [ 262958.310686146433, 1281490.958379481220618 ], [ 262958.778780055930838, 1281552.368303868221119 ], [ 262989.216417467861902, 1281552.136304004816338 ], [ 262989.45086428464856, 1281582.896585932467133 ], [ 263050.216967835556716, 1281582.433496521087363 ], [ 263050.45135998306796, 1281613.193768476368859 ], [ 263080.779826290381607, 1281612.962678735144436 ], [ 263081.01335087249754, 1281643.612297495594248 ], [ 263141.342922907322645, 1281643.152689511887729 ], [ 263141.577236286480911, 1281673.912946787895635 ], [ 263202.343107732362114, 1281673.450122382957488 ], [ 263202.577366434736177, 1281704.210369693581015 ], [ 263263.343156892224215, 1281703.747653770726174 ], [ 263255.960133405169472, 1281765.770530743990093 ], [ 263293.811724507017061, 1281764.929063665214926 ], [ 263294.280100770178251, 1281826.449530449230224 ], [ 263324.60831563861575, 1281826.218640758190304 ], [ 263324.842482026317157, 1281856.978869672631845 ], [ 263385.607930258032866, 1281856.516338452231139 ], [ 263385.841199817950837, 1281887.165909128729254 ], [ 263476.607414410857018, 1281886.475224697031081 ], [ 263476.374234500573948, 1281855.825669623212889 ], [ 263567.467774626798928, 1281855.132777326041833 ], [ 263568.168743997870479, 1281947.302693377016112 ], [ 263598.605885969416704, 1281947.071219948120415 ], [ 263598.839803821989335, 1281977.831403799820691 ], [ 263659.168544113752432, 1281977.372683047549799 ], [ 263659.40156645141542, 1282008.022208857582882 ], [ 263689.729539300664328, 1282007.791643308242783 ], [ 263689.964219492860138, 1282038.662460615159944 ], [ 263750.72918261680752, 1282038.200578834163025 ], [ 263750.962126004509628, 1282068.850090050371364 ], [ 263811.290635936835315, 1282068.391632564598694 ], [ 263811.057752143766265, 1282037.742131703300402 ], [ 263871.822674063849263, 1282037.280487075680867 ], [ 263871.35536206769757, 1281975.760211820248514 ], [ 263901.792422219470609, 1281975.529030318604782 ], [ 263901.705865440191701, 1281964.132290819659829 ], [ 263901.326033018180169, 1281914.11941548017785 ], [ 263931.654054627986625, 1281913.88910270598717 ], [ 263930.95334195898613, 1281821.608727998333052 ], [ 263991.282268468989059, 1281821.150707118678838 ], [ 263990.677810771856457, 1281784.639387730509043 ], [ 264021.453236360044684, 1281785.844295355957001 ], [ 264021.252524551935494, 1281759.399454539641738 ], [ 264084.527079132793006, 1281758.919280821923167 ], [ 264112.346057270886377, 1281758.708210790762678 ], [ 264112.579431313439272, 1281789.468302895082161 ], [ 264269.892787861754186, 1281788.275164729449898 ], [ 264294.002520297828596, 1281788.092375608161092 ], [ 264293.823010587948374, 1281764.413767540361732 ], [ 264300.860430261993315, 1281757.2785579781048 ], [ 264384.971813863434363, 1281756.641044134041294 ], [ 264384.73955403250875, 1281725.991647061659023 ], [ 264596.927189956768416, 1281724.384441521018744 ], [ 264597.159240236971527, 1281755.033802282530814 ], [ 264627.1600128710852, 1281754.806674350751564 ], [ 264626.927992218872532, 1281724.157318720826879 ], [ 264748.458463556482457, 1281723.237561590503901 ], [ 264748.225731239421293, 1281692.477579839760438 ], [ 264838.991792696644552, 1281691.790977722033858 ], [ 264838.526524508488365, 1281630.271046848734841 ], [ 264899.18278521776665, 1281629.812380547169596 ], [ 264898.951056057703681, 1281599.163073589559644 ], [ 264929.38830273412168, 1281598.932965364307165 ], [ 264929.155772668425925, 1281568.173016797518358 ], [ 265019.922101646254305, 1281567.487008698051795 ], [ 265019.689667035825551, 1281536.727076218929142 ], [ 265050.01785926730372, 1281536.497921522939578 ], [ 265049.78546021587681, 1281505.737994723487645 ], [ 265140.551907845772803, 1281505.052371828584 ], [ 265140.320439856674057, 1281474.403108256170526 ], [ 265201.085992619977333, 1281473.944262192817405 ], [ 265201.317400611354969, 1281504.593515396350995 ], [ 265231.645592210523318, 1281504.364543580682948 ], [ 265231.877811047248542, 1281535.124439232051373 ], [ 265262.315061531262472, 1281534.89466835767962 ], [ 265262.779455379408319, 1281596.41445073694922 ], [ 265232.34226522105746, 1281596.644232032820582 ], [ 265232.573665169649757, 1281627.293482076842338 ], [ 265202.245593681640457, 1281627.522474644705653 ], [ 265202.710140931303613, 1281689.042280864901841 ], [ 265233.038152305409312, 1281688.813277911627665 ], [ 265233.501825974090025, 1281750.22242863685824 ], [ 265263.938865522504784, 1281749.992621325189248 ], [ 265264.171098153921776, 1281780.752515815198421 ], [ 265324.499635562882759, 1281780.297097496455535 ], [ 265324.731813897844404, 1281811.05698214028962 ], [ 265506.589868958340958, 1281809.684817337896675 ], [ 265506.82187253551092, 1281840.444671391276643 ], [ 265595.405245831585489, 1281839.7766572101973 ], [ 265627.914896527596284, 1281839.531562724150717 ], [ 265628.145951426646207, 1281870.180749710416421 ], [ 265688.910558343748562, 1281869.722717834170908 ], [ 265689.04315353767015, 1281887.315566737903282 ], [ 265689.837094400601927, 1281992.65136992209591 ], [ 265720.164723732043058, 1281992.422788947355002 ], [ 265720.397383803850971, 1282023.293256608303636 ], [ 265750.834069897595327, 1282023.063877983950078 ], [ 265751.760474898386747, 1282145.992498737294227 ], [ 265782.087943629303481, 1282145.76395125198178 ], [ 265782.782506315503269, 1282237.932744890218601 ], [ 265812.782606072432827, 1282237.706677559297532 ], [ 265813.014386122929864, 1282268.466486918739974 ], [ 265843.3417245663004, 1282268.237977707292885 ], [ 265843.572646369924769, 1282298.887135627912357 ], [ 265874.00904073251877, 1282298.657829070696607 ], [ 265875.19776088843355, 1282456.440117941237986 ], [ 265875.630437497165985, 1282513.86579302768223 ], [ 265845.194254300207831, 1282514.095135942799971 ], [ 265845.426053613889962, 1282544.854944677557796 ], [ 265785.099183137761429, 1282545.309618989005685 ], [ 265785.331047768064309, 1282576.06943857180886 ], [ 265724.567856437293813, 1282576.527530661085621 ], [ 265725.030888377921656, 1282637.93654517037794 ], [ 265694.703890121949371, 1282638.165234880521894 ], [ 265694.912497264682315, 1282665.826958456542343 ], [ 265695.1678384495317, 1282699.684908671770245 ], [ 265664.731805528281257, 1282699.914461223874241 ], [ 265664.963818115415052, 1282730.674304081127048 ], [ 265630.476468615350313, 1282728.942696155514568 ], [ 265635.100166953518055, 1282792.312119416892529 ], [ 265601.816200684814248, 1282791.014090271899477 ], [ 265605.564755269500893, 1282854.058164704358205 ], [ 265571.88624049705686, 1282858.295820934465155 ], [ 265571.079102342482656, 1282968.180628079222515 ], [ 265606.492352708126418, 1282976.986943595344201 ], [ 265606.723639536299743, 1283007.636154332198203 ], [ 265636.723026359803043, 1283007.409783070674166 ], [ 265636.955958769947756, 1283038.280283150263131 ], [ 265606.956601817044429, 1283038.506659557344392 ], [ 265607.187899588781875, 1283069.155871320981532 ], [ 265637.18722688453272, 1283068.929489805595949 ], [ 265637.650614419544581, 1283130.33855157205835 ], [ 265667.977141969022341, 1283130.109719599829987 ], [ 265668.441326197120361, 1283191.629420006182045 ], [ 265698.876876438385807, 1283191.399784323759377 ], [ 265699.880909657164011, 1283223.260338160209358 ], [ 265759.87088341510389, 1283221.701260808156803 ], [ 265759.542065314773936, 1283178.106386329047382 ], [ 265759.407703730510548, 1283160.292237414279953 ], [ 265789.278636547387578, 1283157.521931856172159 ], [ 265789.501377373700961, 1283129.193043065955862 ], [ 265814.01951021514833, 1283125.467256023548543 ], [ 265822.120826745347586, 1283100.287908110069111 ], [ 265849.596042638993822, 1283098.089001656742766 ], [ 265849.332446800544858, 1283063.12460439838469 ], [ 265848.900365157402121, 1283005.809549550525844 ], [ 265881.858445744437631, 1283007.331560482503846 ], [ 265878.873202545160893, 1282944.171148559544235 ], [ 265909.19986953784246, 1282943.94258494512178 ], [ 265908.968893087469041, 1282913.293426756747067 ], [ 265942.254322384367697, 1282914.813052464975044 ], [ 265939.172065437480342, 1282882.193629943067208 ], [ 265968.732659281697124, 1282881.638948986306787 ], [ 265968.368058371299412, 1282789.799690867308527 ], [ 265998.803949645371176, 1282789.570420071016997 ], [ 265998.341402809950523, 1282728.161493403837085 ], [ 266062.393546047271229, 1282729.892173623433337 ], [ 266058.8725794457132, 1282696.944108053576201 ], [ 266089.198623273230623, 1282696.605117018334568 ], [ 266088.736289641819894, 1282635.196224394720048 ], [ 266122.463325107819401, 1282637.376689328346401 ], [ 266118.941599188372493, 1282604.317981765372679 ], [ 266088.505547513952479, 1282604.547102175652981 ], [ 266088.273977852426469, 1282573.787333832588047 ], [ 266118.710059713048395, 1282573.558218613732606 ], [ 266118.246997200301848, 1282512.038693789159879 ], [ 266148.137683843728155, 1282511.813723842613399 ], [ 266147.906190449430142, 1282481.053967271000147 ], [ 266178.342352686915547, 1282480.824926821980625 ], [ 266177.879442700534128, 1282419.305425630882382 ], [ 266208.206569811620284, 1282419.077246162109077 ], [ 266207.975985533208586, 1282388.42814804171212 ], [ 266268.739374783239327, 1282387.971067855367437 ], [ 266268.508023791946471, 1282357.211334048304707 ], [ 266391.68619017500896, 1282358.276886707404628 ], [ 266389.136054125498049, 1282294.78140687639825 ], [ 266419.572356427204795, 1282294.552635586820543 ], [ 266419.342003696830943, 1282263.903575544944033 ], [ 266449.669240184943192, 1282263.675659072119743 ], [ 266449.438091388670728, 1282232.915958289057016 ], [ 266478.934377287863754, 1282223.7314569929149 ], [ 266477.797957291826606, 1282014.385227923747152 ], [ 266477.590156008314807, 1281986.723634754773229 ], [ 266507.917652826174162, 1281986.495823715580627 ], [ 266507.456409808364697, 1281925.087098656222224 ], [ 266537.89305347611662, 1281924.858508299570531 ], [ 266537.662885719328187, 1281894.209474866045639 ], [ 266567.990462340123486, 1281893.981738667236641 ], [ 266567.758668381022289, 1281863.111418277025223 ], [ 266628.086590459104627, 1281862.658501889323816 ], [ 266627.856523135560565, 1281832.009484828682616 ], [ 266650.329509351868182, 1281831.840801123296842 ], [ 266719.057556671672501, 1281831.325024759396911 ], [ 266719.287533923052251, 1281861.974026357987896 ], [ 266749.615110174519941, 1281861.746473065111786 ], [ 266749.846723227237817, 1281892.616762398742139 ], [ 266840.611147357849404, 1281891.935901186428964 ], [ 266840.841015901940409, 1281922.584883261937648 ], [ 266901.605094167520292, 1281922.129204382188618 ], [ 266901.835737782297656, 1281952.888822798850015 ], [ 267083.691303665633313, 1281951.525738560594618 ], [ 267083.920943437668029, 1281982.17468054429628 ], [ 267174.684931101859547, 1281981.494748301338404 ], [ 267174.916144101531245, 1282012.364967345492914 ], [ 267205.243493920541368, 1282012.137832454172894 ], [ 267205.703390072390903, 1282073.546323945745826 ], [ 267236.030674768844619, 1282073.319208418484777 ], [ 267236.260186698520556, 1282103.968126826453954 ], [ 267266.696527192252688, 1282103.740218992112204 ], [ 267266.927671437792014, 1282134.610424567945302 ], [ 267539.545146879740059, 1282132.570341527694836 ], [ 267539.774370305472985, 1282163.219209714094177 ], [ 267660.394442094082478, 1282157.780588023364544 ], [ 267660.63561081897933, 1282131.66495048138313 ], [ 267691.855330300400965, 1282134.087241473374888 ], [ 267721.398993383452762, 1282131.210801698034629 ], [ 267721.168301316152792, 1282100.340673454338685 ], [ 267751.495469918125309, 1282100.114056410267949 ], [ 267750.348029118962586, 1281946.537967878393829 ], [ 267780.348069631494582, 1281946.313850873149931 ], [ 267779.804219853598624, 1281815.084945253329352 ], [ 267779.176967935287394, 1281731.10496251587756 ], [ 267809.068119686562568, 1281730.881725159706548 ], [ 267808.60954202641733, 1281669.473449911456555 ], [ 267839.046207900508307, 1281669.24617874994874 ], [ 267838.8165442502941, 1281638.486724250484258 ], [ 267990.236303963698447, 1281637.356539808679372 ], [ 267990.504620749794412, 1281673.316303812665865 ], [ 268020.942076564300805, 1281673.199855542741716 ], [ 268020.672969547682442, 1281637.129452129127458 ], [ 268111.764751876587979, 1281636.449995287694037 ], [ 268112.036228539189324, 1281672.852316679432988 ], [ 268153.716716421768069, 1281673.537364098243415 ], [ 268233.086024327203631, 1281666.306566974846646 ], [ 268233.315302909875754, 1281697.065955301048234 ], [ 268263.751867591170594, 1281696.839095246279612 ], [ 268264.438820720592048, 1281789.006602613488212 ], [ 268294.329833507421426, 1281788.783822065917775 ], [ 268294.559073997777887, 1281819.543202242348343 ], [ 268385.759269674425013, 1281818.863640164490789 ], [ 268385.987600890104659, 1281849.512360256398097 ], [ 268416.314898619952146, 1281849.286435755202547 ], [ 268416.0865973548498, 1281818.637720766710117 ], [ 268476.413964382954873, 1281818.1884080611635 ], [ 268476.184904133202508, 1281787.429058600915596 ], [ 268506.621337930206209, 1281787.202420642599463 ], [ 268506.392313270189334, 1281756.443076842464507 ], [ 268536.71968092105817, 1281756.217286014929414 ], [ 268536.49069174088072, 1281725.457947816001251 ], [ 268627.254671957925893, 1281724.782392108812928 ], [ 268627.026601500983816, 1281694.133714793249965 ], [ 268718.11790019471664, 1281693.456005366053432 ], [ 268718.801175657776184, 1281726.646256211912259 ], [ 268748.787271914421581, 1281724.54214746505022 ], [ 268748.55438384891022, 1281693.229620725149289 ], [ 268930.881263105780818, 1281696.632100777234882 ], [ 268930.180952959111892, 1281661.118344023125246 ], [ 268960.071974826627411, 1281660.896225676173344 ], [ 268959.614874814578798, 1281599.377695881295949 ], [ 268990.051408599130809, 1281599.151564114028588 ], [ 268990.279925737180747, 1281629.910823616897687 ], [ 269020.607332864601631, 1281629.685526933521032 ], [ 269020.151185973198153, 1281568.277663441840559 ], [ 269080.915196735179052, 1281567.826369248097762 ], [ 269080.686780665244441, 1281537.067126079229638 ], [ 269262.542505997524131, 1281535.717225703643635 ], [ 269262.31427553598769, 1281504.958013680530712 ], [ 269383.405989919556305, 1281504.059771057683975 ], [ 269383.634100393508561, 1281534.818962710676715 ], [ 269504.834706056513824, 1281533.920363476965576 ], [ 269505.062701835529879, 1281564.679535285336897 ], [ 269717.245176790689584, 1281563.107483757426962 ], [ 269717.526228958508, 1281601.058504943270236 ], [ 269777.871591975388583, 1281603.045969024067745 ], [ 269778.027239818417002, 1281624.0683940181043 ], [ 269838.790878780651838, 1281623.618562132585794 ], [ 269839.01856047619367, 1281654.377679488621652 ], [ 269869.454887674655765, 1281654.152399352518842 ], [ 269869.682544600218534, 1281684.911512083606794 ], [ 269900.009745914954692, 1281684.687063999008387 ], [ 269900.236559346492868, 1281715.335527888732031 ], [ 269960.563615593942814, 1281714.889131834497675 ], [ 269960.791193441138603, 1281745.648230399005115 ], [ 269991.227410149178468, 1281745.423053703503683 ], [ 269991.454963221272919, 1281776.182147645624354 ], [ 270052.218230912403669, 1281775.732680422952399 ], [ 270052.445729151600972, 1281806.491764697479084 ], [ 270082.772780314378906, 1281806.267473977291957 ], [ 270083.227732838655356, 1281867.785633885767311 ], [ 270143.554430286632851, 1281867.339540729066357 ], [ 270143.781036751694046, 1281897.987967194756493 ], [ 270265.306970404752064, 1281897.089663221733645 ], [ 270265.534279865096323, 1281927.848713990999386 ], [ 270414.14688997506164, 1281931.176809397293255 ], [ 270416.832460827892646, 1281895.970272188307717 ], [ 270477.158989200601354, 1281895.524817019701004 ], [ 270476.932711975532584, 1281864.876446193549782 ], [ 270561.812608021893539, 1281865.35639952449128 ], [ 270567.794734547031112, 1281833.334427584661171 ], [ 270809.973725315881893, 1281831.548134902724996 ], [ 270810.201299417181872, 1281862.417737138923258 ], [ 270901.400061327731237, 1281861.745535691268742 ], [ 270901.625919358048122, 1281892.393835792783648 ], [ 270931.952740437467583, 1281892.170359018957242 ], [ 270932.179389138647821, 1281922.929298266535625 ], [ 270962.178907699708361, 1281922.70825725980103 ], [ 270961.952288732863963, 1281891.94932302320376 ], [ 270992.279099848121405, 1281891.725905201863497 ], [ 270992.505688756238669, 1281922.484834373695776 ], [ 271083.704180182307027, 1281921.813136923592538 ], [ 271077.337366648134775, 1281960.919323473004624 ], [ 271113.82024457823718, 1281952.241311462828889 ], [ 271109.499210176581983, 1281987.680987424682826 ], [ 271174.810014744929504, 1281982.663521516602486 ], [ 271175.035625004325993, 1282013.311778335599229 ], [ 271205.47136976046022, 1282013.087744702585042 ], [ 271205.697769678663462, 1282043.846640440868214 ], [ 271266.460095231246669, 1282043.399455316131935 ], [ 271266.685626076883636, 1282074.047697971109301 ], [ 271387.77374368859455, 1282073.156873804051429 ], [ 271387.548332442936953, 1282042.508651267969981 ], [ 271478.309914006502368, 1282041.841259321663529 ], [ 271478.535235606366768, 1282072.489466783823445 ], [ 271508.861781832063571, 1282072.26652216934599 ], [ 271508.636490186036099, 1282041.618319741915911 ], [ 271629.724568502861075, 1282040.728460735874251 ], [ 271629.949740549665876, 1282071.376643065363169 ], [ 271732.454835598357022, 1276153.339346715016291 ], [ 275304.350950351799838, 1275874.167187613202259 ], [ 275258.801195219275542, 1275412.21413799514994 ], [ 302103.051310739363544, 1275707.505350064951926 ], [ 302102.328812231891789, 1275593.450132618658245 ], [ 301981.235137475654483, 1275594.217418151674792 ], [ 301981.430065867491066, 1275624.971412094542757 ], [ 301920.665075605968013, 1275625.356623223284259 ], [ 301920.860068531823345, 1275656.110626448644325 ], [ 301860.095120854035486, 1275656.495964703382924 ], [ 301859.900068032089621, 1275625.741952695883811 ], [ 301830.00847801589407, 1275625.931547783780843 ], [ 301829.813400371116586, 1275595.177531958790496 ], [ 301859.705019850865938, 1275594.987941191531718 ], [ 301859.510677897953428, 1275564.344556165626273 ], [ 301889.94779042241862, 1275564.151539521990344 ], [ 301889.752781506511383, 1275533.397533495910466 ], [ 301920.08082602074137, 1275533.205242582364008 ], [ 301919.885851636412553, 1275502.451241442700848 ], [ 301980.651081252493896, 1275502.06606540014036 ], [ 301980.914982222195249, 1275474.849335810635239 ], [ 302007.951327729271725, 1275471.690982933854684 ], [ 302101.550323131028563, 1275470.544857952278107 ], [ 302098.815547999809496, 1275434.939240850275382 ], [ 302131.793435683939606, 1275439.708747539203614 ], [ 302132.373550930758938, 1275410.719955396139994 ], [ 302160.681952445302159, 1275401.690289748599753 ], [ 302161.147974694904406, 1275285.74688830319792 ], [ 302194.425269256578758, 1275286.089381432626396 ], [ 302199.245449745561928, 1275254.750531452009454 ], [ 302251.71989819558803, 1275254.418436824576929 ], [ 302251.525994076859206, 1275223.775114292278886 ], [ 302281.854285451001488, 1275223.58322061621584 ], [ 302274.49784760386683, 1274854.014548478415236 ], [ 302309.959595847292803, 1274854.675310733960941 ], [ 302309.570632239221595, 1274793.167446027044207 ], [ 302339.462948825443164, 1274792.978431705385447 ], [ 302339.268503411440179, 1274762.224504454992712 ], [ 302369.706325902370736, 1274762.032074763206765 ], [ 302369.512614410021342, 1274731.388778066029772 ], [ 302399.841366208973341, 1274731.197071957401931 ], [ 302399.64629070344381, 1274700.332528923405334 ], [ 302430.084164496161975, 1274700.140167247038335 ], [ 302429.307524497970007, 1274577.235145904356614 ], [ 302459.636417003115639, 1274577.043520677834749 ], [ 302456.340252939378843, 1274452.494993241503835 ], [ 302488.861686443502549, 1274453.949014206184074 ], [ 302488.911685996106826, 1274392.770335930865258 ], [ 302518.802962098794524, 1274392.36030060518533 ], [ 302521.809850918012671, 1274332.9330415178556 ], [ 302548.852770211407915, 1274330.660321722039953 ], [ 302546.187073347973637, 1274305.896052185911685 ], [ 302578.988445473485626, 1274299.825590142048895 ], [ 302578.600185091549065, 1274238.317822985583916 ], [ 302609.038482118048705, 1274238.125704287085682 ], [ 302609.069936749176122, 1274173.960182952461764 ], [ 302638.971876258030534, 1274175.209676270373166 ], [ 302638.785500569152646, 1274145.672683187294751 ], [ 302668.787486351036932, 1274145.483389995526522 ], [ 302668.594164236215875, 1274114.840147268259898 ], [ 302729.36186941008782, 1274114.456839516758919 ], [ 302728.974660505715292, 1274053.059747718041763 ], [ 302759.304017128539272, 1274052.868490861263126 ], [ 302758.916188729170244, 1273991.360784523189068 ], [ 302789.354699357412755, 1273991.168878055876121 ], [ 302788.967646737757605, 1273929.771807915763929 ], [ 302849.298583581345156, 1273929.280913818627596 ], [ 302848.911667961394414, 1273867.883863145951182 ], [ 302909.679799528268632, 1273867.500979027245194 ], [ 302909.292324840324, 1273805.993322605732828 ], [ 302939.62189440743532, 1273805.80227718455717 ], [ 302939.42819383891765, 1273775.048454109579325 ], [ 302969.86688818980474, 1273774.856755448970944 ], [ 302969.480257429881021, 1273713.459744931897148 ], [ 302939.041503272252157, 1273713.651434856001288 ], [ 302938.847816534165759, 1273682.897613363107666 ], [ 302908.518127674935386, 1273683.088641355745494 ], [ 302908.131405131425709, 1273621.691616553813219 ], [ 302938.461153578711674, 1273621.50059726764448 ], [ 302938.267480671056546, 1273590.746777356602252 ], [ 302968.706354541121982, 1273590.55510492133908 ], [ 302968.899997494765557, 1273621.308920456329361 ], [ 303059.561904798494652, 1273620.738187764771283 ], [ 303059.368351062468719, 1273589.984385260147974 ], [ 303089.807207705569454, 1273589.792830775026232 ], [ 303089.6136885357555, 1273559.039033190347254 ], [ 303124.52775578177534, 1273559.151246094843373 ], [ 303127.714288638322614, 1273528.044301356887445 ], [ 303149.752493989071809, 1273527.905665000434965 ], [ 303149.559739267395344, 1273497.262502261437476 ], [ 303179.889572633313946, 1273497.071735442383215 ], [ 303179.067238032701425, 1273366.31284888391383 ], [ 303178.343763821234461, 1273251.262736603384838 ], [ 303148.013691940810531, 1273251.453468606574461 ], [ 303147.81958710111212, 1273220.58906035986729 ], [ 303117.816784283262677, 1273220.777758731506765 ], [ 303117.430616636527702, 1273159.380810596048832 ], [ 303147.433478378108703, 1273159.192120828200132 ], [ 303147.240083078853786, 1273128.438339295331389 ], [ 303208.009562653605826, 1273128.056253697257489 ], [ 303207.816231742675882, 1273097.30248141894117 ], [ 303268.58575382566778, 1273096.920522667001933 ], [ 303268.393182495143265, 1273066.27738468744792 ], [ 303298.72341610584408, 1273066.08679670910351 ], [ 303297.95051534724189, 1272943.071767312474549 ], [ 303327.953558076638728, 1272942.883282210910693 ], [ 303327.761068812571466, 1272912.240155465900898 ], [ 303297.757996680447832, 1272912.428636277560145 ], [ 303297.371583126136102, 1272850.921125808963552 ], [ 303327.374714273726568, 1272850.732653609476984 ], [ 303327.18154391401913, 1272819.978903440758586 ], [ 303357.621109884232283, 1272819.787723613437265 ], [ 303357.814250308147166, 1272850.541469413787127 ], [ 303388.144679750839714, 1272850.350999937858433 ], [ 303388.337100283824839, 1272880.994116900488734 ], [ 303418.667495744535699, 1272880.80367250717245 ], [ 303419.246779434732161, 1272973.064888496417552 ], [ 303388.916473465971649, 1272973.255345942219719 ], [ 303389.495888094068505, 1273065.516579709481448 ], [ 303359.16566736396635, 1273065.707079630112275 ], [ 303359.551331570488401, 1273127.103955156635493 ], [ 303329.112064775777981, 1273127.295178630622104 ], [ 303329.305281167849898, 1273158.048934052698314 ], [ 303299.302444913657382, 1273158.237449279520661 ], [ 303299.495695426710881, 1273188.991209535393864 ], [ 303390.267810570658185, 1273188.420940483687446 ], [ 303390.654146822867915, 1273249.928436542395502 ], [ 303451.423318468150683, 1273249.546787716681138 ], [ 303451.22951318800915, 1273218.68242317205295 ], [ 303511.562323949707206, 1273218.303640636382625 ], [ 303511.36997168045491, 1273187.660535174654797 ], [ 303572.13922858168371, 1273187.279139185789973 ], [ 303571.946246273815632, 1273156.525418032426387 ], [ 303693.048423853120767, 1273155.765734596643597 ], [ 303692.855565273261163, 1273125.01203132304363 ], [ 303723.294780456461012, 1273124.821161997970194 ], [ 303723.101956416678149, 1273094.067463611718267 ], [ 303753.432096001808532, 1273093.877312226453796 ], [ 303753.239999872865155, 1273063.234243508195505 ], [ 303783.679266220366117, 1273063.043442050227895 ], [ 303783.486511132563464, 1273032.28975342027843 ], [ 303813.380296135786921, 1273032.102404465666041 ], [ 303813.1875750470208, 1273001.348720643436536 ], [ 303904.396413676557131, 1273000.777290895814076 ], [ 303904.781681022956036, 1273062.284632961731404 ], [ 303935.111824692867231, 1273062.094662334537134 ], [ 303935.303742569230963, 1273092.737705116393045 ], [ 303995.636654292466119, 1273092.359892782056704 ], [ 303995.444795548333786, 1273061.716858598636463 ], [ 304025.88402759435121, 1273061.526292944094166 ], [ 304025.691510742297396, 1273030.772638968890533 ], [ 304056.021667161025107, 1273030.582790157059208 ], [ 304055.829184731643181, 1272999.829141047084704 ], [ 304146.601515092654154, 1272999.261149196419865 ], [ 304146.409126533078961, 1272968.507513601798564 ], [ 304328.281155072152615, 1272967.370300773298368 ], [ 304328.08894997718744, 1272936.616691681556404 ], [ 304419.18864820030285, 1272936.047472635051236 ], [ 304418.997228323773015, 1272905.404501488897949 ], [ 304479.330359788029455, 1272905.027676360914484 ], [ 304479.137621966074221, 1272874.163465517107397 ], [ 304570.346536937518977, 1272873.594032663851976 ], [ 304570.15527468919754, 1272842.951084153726697 ], [ 304660.818732405663468, 1272842.385333530604839 ], [ 304660.626873409957625, 1272811.631774068111554 ], [ 304721.396521869814023, 1272811.252720365067944 ], [ 304721.204727210570127, 1272780.499170112423599 ], [ 304781.974418353987858, 1272780.120243156794459 ], [ 304781.591651927679777, 1272718.723785798531026 ], [ 304811.594693856895901, 1272718.5367554447148 ], [ 304811.403002162347548, 1272687.783219707198441 ], [ 304872.172846788540483, 1272687.404495070921257 ], [ 304872.364478726463858, 1272718.158022154821083 ], [ 304933.134246512898244, 1272717.779406946850941 ], [ 304933.32513413002016, 1272748.422301753889769 ], [ 304963.655430973623879, 1272748.233373893192038 ], [ 304964.230099108419381, 1272840.493921001441777 ], [ 304994.232997845683713, 1272840.307048063725233 ], [ 304994.423844535194803, 1272870.949936384567991 ], [ 305115.962698170216754, 1272870.193208364304155 ], [ 305116.154807438608259, 1272901.057328178314492 ], [ 305146.048525017511565, 1272900.871271090582013 ], [ 305146.239232412423007, 1272931.514139046659693 ], [ 305116.345544127980247, 1272931.700200370047241 ], [ 305116.728408343915362, 1272993.207194449612871 ], [ 305086.289270442794077, 1272993.396689075278118 ], [ 305086.480739336693659, 1273024.150191247696057 ], [ 305025.711611354723573, 1273024.528598583303392 ], [ 305025.903144585841801, 1273055.282109928084537 ], [ 304965.570462119183503, 1273055.657925219973549 ], [ 304965.761370054737199, 1273086.300821503158659 ], [ 304935.43140112166293, 1273086.489796814741567 ], [ 304935.623032649338711, 1273117.243322116788477 ], [ 304905.183988804463297, 1273117.433011109475046 ], [ 304905.37565484282095, 1273148.186541272792965 ], [ 304875.045737055130303, 1273148.375584170920774 ], [ 304875.237437498406507, 1273179.129119180841371 ], [ 304844.798444962187205, 1273179.318876006407663 ], [ 304844.989490216830745, 1273209.96179163409397 ], [ 304814.659623487095814, 1273210.150902108754963 ], [ 304814.852082661294844, 1273241.015071102185175 ], [ 304754.519696781644598, 1273241.391347399214283 ], [ 304754.71084001485724, 1273272.034276934806257 ], [ 304724.271920131111983, 1273272.22416466427967 ], [ 304724.463787922868505, 1273302.977723391493782 ], [ 304694.13399369479157, 1273303.166964320931584 ], [ 304694.325205595116131, 1273333.809903527610004 ], [ 304633.992963499389589, 1273334.18643927690573 ], [ 304633.80169245658908, 1273303.543491502525285 ], [ 304603.362785436504055, 1273303.733501489507034 ], [ 304602.595555719104595, 1273180.829825143329799 ], [ 304633.034582409716677, 1273180.63983249780722 ], [ 304632.650709591573104, 1273119.132693998282775 ], [ 304571.881632849108428, 1273119.512010461883619 ], [ 304571.689643528545275, 1273088.758433341281489 ], [ 304026.075856504961848, 1273092.169322789879516 ], [ 304027.230388822266832, 1273276.580636225175112 ], [ 303996.791366163583007, 1273276.771232319064438 ], [ 303996.983949650195427, 1273307.524894890608266 ], [ 303936.651453172788024, 1273307.902767601422966 ], [ 303936.843407622422092, 1273338.545814570505172 ], [ 303330.463285995589104, 1273342.350227611139417 ], [ 303330.657229747273959, 1273373.214611759409308 ], [ 303361.096257085679099, 1273373.023353360127658 ], [ 303361.482013176660985, 1273434.420239432249218 ], [ 303328.555290743126534, 1273438.056651608785614 ], [ 303331.235612855758518, 1273465.254642198095098 ], [ 303361.240235309116542, 1273465.397987833479419 ], [ 303361.86848273006035, 1273495.927752610761672 ], [ 303394.25311636319384, 1273492.847918725805357 ], [ 303392.584019294125028, 1273557.134073406690732 ], [ 303422.913758760900237, 1273556.943533362122253 ], [ 303423.106949950102717, 1273587.697283102199435 ], [ 303513.877853767888155, 1273587.127196606481448 ], [ 303514.070960237411782, 1273617.88093387731351 ], [ 303544.509722368035, 1273617.689817709382623 ], [ 303544.316645852115471, 1273586.936084802029654 ], [ 303604.976017918204889, 1273586.555319578619674 ], [ 303604.783005694742315, 1273555.801595911150798 ], [ 303635.221814809599891, 1273555.610577194718644 ], [ 303635.414797080215067, 1273586.364296500571072 ], [ 303660.398594692407642, 1273586.207529102219269 ], [ 303660.590862859855406, 1273616.85062049003318 ], [ 303726.378508668858558, 1273616.54853349388577 ], [ 303726.570716911519412, 1273647.191615989198908 ], [ 303969.207420194405131, 1273645.670604185201228 ], [ 303969.015449866419658, 1273615.027556290384382 ], [ 304059.67693449917715, 1273614.459724968066439 ], [ 304059.484364936128259, 1273583.706065806560218 ], [ 304179.789755802834406, 1273577.974689899245277 ], [ 304180.392156720161438, 1273552.194377042585984 ], [ 304220.761003449908458, 1273552.273678363533691 ], [ 304331.931155835976824, 1273551.246475967345759 ], [ 304362.260762707272079, 1273551.056847512023523 ], [ 304359.227084603626281, 1273589.353392654564232 ], [ 304392.891701500746422, 1273581.620177522068843 ], [ 304393.08394297567429, 1273612.373789058998227 ], [ 304423.413481633819174, 1273612.184210919076577 ], [ 304423.605006410332862, 1273642.82719413144514 ], [ 304454.043609973567072, 1273642.636959321331233 ], [ 304454.235800793685485, 1273673.390563224675134 ], [ 304423.797227184753865, 1273673.580802377779037 ], [ 304418.659518858185038, 1273706.912189568392932 ], [ 304484.321042040013708, 1273703.957362416898832 ], [ 304484.513212601537816, 1273734.710963095072657 ], [ 304514.951717783522326, 1273734.520774022676051 ], [ 304515.143171790114138, 1273765.163746456149966 ], [ 304545.47254438517848, 1273764.974264245247468 ], [ 304545.856788757315371, 1273826.481450944440439 ], [ 304576.295195595186669, 1273826.291308059124276 ], [ 304576.487294689810369, 1273857.044897881569341 ], [ 304606.816569162299857, 1273856.855461679399014 ], [ 304606.624499918776564, 1273826.101876181084663 ], [ 304697.394191032741219, 1273825.535119259497151 ], [ 304697.202215702389367, 1273794.781547265127301 ], [ 304818.301262371242046, 1273794.025845045689493 ], [ 304818.109410798817407, 1273763.272290794411674 ], [ 304878.877164817182347, 1273762.893263551639393 ], [ 304878.686067495378666, 1273732.250342762563378 ], [ 304939.45386402332224, 1273731.87144231190905 ], [ 304939.262141184997745, 1273701.117906455881894 ], [ 304999.593586670234799, 1273700.741852499777451 ], [ 304999.401927772909403, 1273669.98832572158426 ], [ 305029.731321695027873, 1273669.799327015411109 ], [ 305029.348766567534767, 1273608.402907907031476 ], [ 305059.787314542918466, 1273608.213267587358132 ], [ 305059.595729129039682, 1273577.459751039277762 ], [ 305089.925203930179123, 1273577.270824234234169 ], [ 305089.733652926748618, 1273546.517312546959147 ], [ 305120.172252249671146, 1273546.327740070410073 ], [ 305119.980735762568656, 1273515.574233252555132 ], [ 305149.873865732748527, 1273515.388091234257445 ], [ 305149.683072001440451, 1273484.745213278569281 ], [ 305180.121722624404356, 1273484.555708198109642 ], [ 305180.312486513168551, 1273515.198581842472777 ], [ 305209.856276619830169, 1273511.474564291303977 ], [ 305210.451269871555269, 1273484.366911831777543 ], [ 305241.32768514554482, 1273484.395998197374865 ], [ 305240.697835309430957, 1273453.313353313133121 ], [ 305279.755336645932402, 1273453.070314016891643 ], [ 305301.466067568864673, 1273452.935237859608606 ], [ 305305.015087052132003, 1273427.136763256508857 ], [ 305391.936891296994872, 1273421.728496562223881 ], [ 305391.745661188731901, 1273390.975030579604208 ], [ 305422.184367557056248, 1273390.785774759715423 ], [ 305421.993859699810855, 1273360.142937559168786 ], [ 305452.323492210940458, 1273359.954393847612664 ], [ 305452.131643366185017, 1273329.090313597815111 ], [ 305482.134003145212773, 1273328.903837757650763 ], [ 305478.64376291341614, 1273293.96701799123548 ], [ 305542.712026354856789, 1273297.883408670313656 ], [ 305542.52096354396781, 1273267.129966282518581 ], [ 305572.850668623228557, 1273266.941552981035784 ], [ 305575.436987619148567, 1273209.066969497594982 ], [ 305602.90747673122678, 1273205.245625614654273 ], [ 305602.781753001734614, 1273185.001459781546146 ], [ 305630.187693939078599, 1273170.781502505764365 ], [ 305632.85600535327103, 1273143.661048528505489 ], [ 305662.407694428577088, 1273141.154381712432951 ], [ 305662.66759589134017, 1273112.721350194886327 ], [ 305693.877100617799442, 1273113.633896394167095 ], [ 305692.915646815556102, 1273081.778980978997424 ], [ 305726.212497508153319, 1273085.001797094941139 ], [ 305723.055344054824673, 1273050.947951399954036 ], [ 305757.67446385679068, 1273056.264532298315316 ], [ 305753.194414649799, 1273020.006336566293612 ], [ 305783.633428929722868, 1273019.817486668704078 ], [ 305783.251867074286565, 1272958.310680807335302 ], [ 305813.254534567589872, 1272958.124575936235487 ], [ 305813.06378997117281, 1272927.371178052853793 ], [ 305904.162862687837332, 1272926.806285304017365 ], [ 305903.972898018429987, 1272896.163524509640411 ], [ 305963.863727846299298, 1272894.907279819715768 ], [ 305964.550746651017107, 1272864.922861004481092 ], [ 305999.899418222135864, 1272864.703819263027981 ], [ 306055.322632427676581, 1272864.360463885357603 ], [ 306050.515640358440578, 1272828.104304949287325 ], [ 306085.462875746365171, 1272833.529872223734856 ], [ 306085.223776349332184, 1272794.922240511514246 ], [ 306084.891515434137546, 1272741.269802427617833 ], [ 306115.330752278328873, 1272741.081315850839019 ], [ 306115.141022792318836, 1272710.438588169170544 ], [ 306236.243439465819392, 1272709.689005804946646 ], [ 306235.86286237090826, 1272648.182339196326211 ], [ 306266.193066251231357, 1272647.994687959784642 ], [ 306265.813251288374886, 1272586.598655494395643 ], [ 306296.252612117794342, 1272586.410367413889617 ], [ 306295.872190793510526, 1272524.903722203336656 ], [ 306325.76609803410247, 1272524.718845742288977 ], [ 306325.386437693960033, 1272463.322834555990994 ], [ 306355.825909692794085, 1272463.134622379904613 ], [ 306355.635774207650684, 1272432.381310136988759 ], [ 306410.995000154827721, 1272439.229894564254209 ], [ 306416.215591944695916, 1272401.252354461699724 ], [ 306476.549114901456051, 1272400.879524876596406 ], [ 306476.738443292619195, 1272431.522196103818715 ], [ 306598.27813712117495, 1272430.771479584742337 ], [ 306598.088927782839164, 1272400.128825452644378 ], [ 306658.422400350333191, 1272399.756346633424982 ], [ 306658.232571778178681, 1272369.003078227629885 ], [ 306688.562984781921841, 1272368.815876707201824 ], [ 306688.37387325882446, 1272338.173236372182146 ], [ 306718.813414017320611, 1272337.985395307652652 ], [ 306718.244148215046152, 1272245.725620619021356 ], [ 306748.574671877664514, 1272245.538495110115036 ], [ 306748.385637901956216, 1272214.895865425933152 ], [ 306778.825289756117854, 1272214.708100642077625 ], [ 306778.445930338697508, 1272153.201605015434325 ], [ 306808.340123368194327, 1272153.01724244421348 ], [ 306808.150479829579126, 1272122.263999629532918 ], [ 306838.590213002404198, 1272122.076306416420266 ], [ 306838.022081291477662, 1272029.92721720947884 ], [ 306868.352796590828802, 1272029.740238993894309 ], [ 306868.163230858277529, 1271998.987006887793541 ], [ 306928.933811789145693, 1271998.612474895548075 ], [ 306928.744310300855432, 1271967.859251850983128 ], [ 306959.18417602853151, 1271967.671698299702257 ], [ 306958.99470897577703, 1271936.918480101972818 ], [ 306988.889082616311498, 1271936.734320753952488 ], [ 306988.510902217123657, 1271875.338517395313829 ], [ 307018.950849131448194, 1271875.151035376358777 ], [ 307018.761454913008492, 1271844.397827263223007 ], [ 307079.532292056188453, 1271844.023632314987481 ], [ 307079.154317623586394, 1271782.627857764950022 ], [ 307109.485237424843945, 1271782.441148861078545 ], [ 307109.106659618206322, 1271720.934761962620541 ], [ 307139.1103221680969, 1271720.750105267390609 ], [ 307138.921069520351011, 1271689.99691684753634 ], [ 307169.252070384216495, 1271689.810279216617346 ], [ 307169.063532686559483, 1271659.167718546232209 ], [ 307260.274807777372189, 1271658.606652807677165 ], [ 307260.463256184419151, 1271689.249200692633167 ], [ 307290.794240181276109, 1271689.062680836301297 ], [ 307290.605821466480847, 1271658.420137201435864 ], [ 307350.940523209632374, 1271658.049206126248464 ], [ 307350.373431309999432, 1271565.789735124213621 ], [ 307380.813626429007854, 1271565.602649657288566 ], [ 307380.435647530655842, 1271504.096346871228889 ], [ 307410.766793418326415, 1271503.909969928208739 ], [ 307410.578520210110582, 1271473.267446420155466 ], [ 307441.018796485208441, 1271473.080432864138857 ], [ 307440.829877994721755, 1271442.327291350346059 ], [ 307470.724654836347327, 1271442.143662299029529 ], [ 307470.536449653794989, 1271411.501148288138211 ], [ 307561.748314636119176, 1271410.941067809471861 ], [ 307561.55884501239052, 1271380.07732160622254 ], [ 307622.33042542822659, 1271379.704314005794004 ], [ 307622.14237797743408, 1271349.061822324059904 ], [ 307652.037217992241494, 1271348.878379516769201 ], [ 307651.6605162989581, 1271287.482783380430192 ], [ 307621.764938833890483, 1271287.555595115525648 ], [ 307621.576226020872127, 1271256.802482292521745 ], [ 307651.471154121682048, 1271256.619052074383944 ], [ 307650.905809458694421, 1271164.470352102536708 ], [ 307681.346350852283649, 1271164.283616747008637 ], [ 307681.157715299515985, 1271133.530514542711899 ], [ 307711.489176353206858, 1271133.344482178334147 ], [ 307711.301253504934721, 1271102.702007388928905 ], [ 307741.741846117714886, 1271102.515339636011049 ], [ 307741.553279235959053, 1271071.76224698452279 ], [ 307801.888980903662741, 1271071.39235268952325 ], [ 307801.511979144939687, 1271009.886185931041837 ], [ 307771.50773069774732, 1271010.070106801111251 ], [ 307770.942851539934054, 1270917.921470619738102 ], [ 307800.947188265272416, 1270917.73756236047484 ], [ 307799.44014707399765, 1270671.823551809880883 ], [ 307829.881145298539195, 1270671.637032033177093 ], [ 307829.316592237795703, 1270579.48843870125711 ], [ 307859.648567944066599, 1270579.302629620302469 ], [ 307857.954741389956325, 1270302.746293844655156 ], [ 307888.286980654112995, 1270302.560552374226972 ], [ 307886.593785707838833, 1270026.004297703970224 ], [ 307856.261278779944405, 1270026.190000928007066 ], [ 307854.756434702489059, 1269780.386803700122982 ], [ 307885.089179481845349, 1269780.201134470524266 ], [ 307884.900954650656786, 1269749.448085807729512 ], [ 307915.34283564821817, 1269749.261782478773966 ], [ 307913.650636994570959, 1269472.705651806667447 ], [ 307943.983670642133802, 1269472.520083869341761 ], [ 307943.795550378388725, 1269441.767049012938514 ], [ 308004.243441216007341, 1269441.397344129160047 ], [ 308003.868009180645458, 1269380.001915398519486 ], [ 308034.201119446894154, 1269379.816448010737076 ], [ 308034.0131016849773, 1269349.06342746107839 ], [ 308064.346237468358595, 1269348.877993662608787 ], [ 308064.158253947505727, 1269318.124977912055328 ], [ 308094.600527386181056, 1269317.938910846598446 ], [ 308094.22530958452262, 1269256.543511800002307 ], [ 308124.23118926899042, 1269256.360149669693783 ], [ 308123.855372205027379, 1269194.854138802271336 ], [ 308154.188644092180766, 1269194.668814031407237 ], [ 308154.00144783325959, 1269164.026435941224918 ], [ 308184.443857719306834, 1269163.840478275902569 ], [ 308184.256019994383678, 1269133.087482672650367 ], [ 308214.588667272182647, 1269132.79160289815627 ], [ 308214.213740339619108, 1269071.396244029980153 ], [ 308244.656231346889399, 1269071.210358134005219 ], [ 308244.469142088259105, 1269040.567994874669239 ], [ 308274.802545674669091, 1269040.382808851310983 ], [ 308274.614139943267219, 1269009.51920590386726 ], [ 308304.620230036671273, 1269009.336051363497972 ], [ 308304.24551661440637, 1268947.940722084371373 ], [ 308334.579001052130479, 1268947.755607139784843 ], [ 308334.392018243554048, 1268917.113258616998792 ], [ 308395.168147190473974, 1268916.742459571221843 ], [ 308394.979878621641546, 1268885.878875728929415 ], [ 308425.422523396788165, 1268885.693191883154213 ], [ 308425.235638628713787, 1268855.050857150927186 ], [ 308455.132741373497993, 1268854.868533888366073 ], [ 308454.945215715561062, 1268824.115581713616848 ], [ 308485.387911709898617, 1268823.929964914452285 ], [ 308485.201094798801932, 1268793.287639607209712 ], [ 308515.534028324647807, 1268792.992099608527496 ], [ 308515.346571209840477, 1268762.239156979136169 ], [ 308606.129231592523865, 1268761.6859215721488 ], [ 308606.378997337422334, 1268731.040955133736134 ], [ 308636.276192513352726, 1268730.85882189264521 ], [ 308636.088863059470896, 1268700.105897220550105 ], [ 308666.531653138692491, 1268699.920473903417587 ], [ 308666.344358003581874, 1268669.167554033221677 ], [ 308696.678059674915858, 1268668.982828928856179 ], [ 308696.490798749960959, 1268638.229913838207722 ], [ 308726.933640102564823, 1268638.044557987712324 ], [ 308726.747086961986497, 1268607.402269626036286 ], [ 308757.080839635978919, 1268607.217611728236079 ], [ 308756.893647217773832, 1268576.464706164319068 ], [ 308726.559864816605113, 1268576.649359827628359 ], [ 308726.372647151118144, 1268545.896450573345646 ], [ 308695.929716402897611, 1268546.081793688237667 ], [ 308695.181444692541845, 1268423.180766871664673 ], [ 308725.624494660645723, 1268422.99544074293226 ], [ 308725.250108577020001, 1268361.489628044189885 ], [ 308755.584098942985293, 1268361.305004006950185 ], [ 308755.209790221648291, 1268299.799201852642 ], [ 308785.216490053688176, 1268299.61660738196224 ], [ 308785.030044890765566, 1268268.974333245307207 ], [ 308815.36411597818369, 1268268.789780210470781 ], [ 308815.177031917788554, 1268238.036888865521178 ], [ 308845.620244013844058, 1268237.851705692242831 ], [ 308845.433194257086143, 1268207.09881914476864 ], [ 308875.767316449200734, 1268206.914333309279755 ], [ 308875.580300887697376, 1268176.161451538093388 ], [ 308906.023564237868413, 1268175.976335803046823 ], [ 308905.650278762099333, 1268114.581204154063016 ], [ 308935.5480182878091, 1268114.39944296493195 ], [ 308935.797538999468088, 1268083.643918019952253 ], [ 308965.80441963521298, 1268083.461526700994 ], [ 308965.617510895011947, 1268052.70865967660211 ], [ 308995.951764900120907, 1268052.524312015855685 ], [ 308995.765562551328912, 1268021.882071570958942 ], [ 309026.208958081144374, 1268021.697094486560673 ], [ 309026.021445728605613, 1267990.833615218289196 ], [ 309056.355750778224319, 1267990.649334739893675 ], [ 309056.169616663188208, 1267960.007103790994734 ], [ 309116.510924677830189, 1267959.640626988140866 ], [ 309116.324182166485116, 1267928.887783216545358 ], [ 309152.574323807260953, 1267932.539585583144799 ], [ 309146.581613834714517, 1267898.060719013912603 ], [ 309177.354471493919846, 1267898.205783893121406 ], [ 309176.728645617957227, 1267867.013112235581502 ], [ 309198.004360549850389, 1267866.552097072592005 ], [ 309239.13794190104818, 1267865.749339538859203 ], [ 309219.40938371757511, 1267833.455713482806459 ], [ 309254.432289797114208, 1267778.70470783021301 ], [ 309261.45978391089011, 1267767.931376012740657 ], [ 309628.340094034327194, 1267644.462121045449749 ], [ 309690.630533927003853, 1267623.50869754399173 ], [ 309706.856852944125421, 1267618.100468498421833 ], [ 309724.389904732583091, 1267612.241839225869626 ], [ 309751.287628745078109, 1267603.118420099839568 ], [ 309799.856862823478878, 1267586.783902628812939 ], [ 309901.678800841444172, 1267552.648672241717577 ], [ 309929.992456910957117, 1267543.074360576458275 ], [ 309962.661460069124587, 1267531.925000797957182 ], [ 309985.966443200828508, 1267524.151020189980045 ], [ 310039.545247020781972, 1267506.127261057496071 ], [ 309890.330988858244382, 1267191.746732272207737 ], [ 309830.865474280901253, 1267066.435778375482187 ], [ 309660.338041515788063, 1266909.383362780790776 ], [ 309625.332747268490493, 1266877.181902147131041 ], [ 309582.359601796604693, 1266790.600952771725133 ], [ 309566.894654734409414, 1266759.608785766875371 ], [ 309542.262214692425914, 1266710.418902958743274 ], [ 309507.684968861634843, 1266640.823509547393769 ], [ 309437.424797295359895, 1266499.316333726514131 ], [ 309349.66144358261954, 1266422.852460923604667 ], [ 309275.830527889891528, 1266358.583788161864504 ], [ 309180.38826510857325, 1266275.639886554563418 ], [ 309126.775643132044934, 1266144.430993975372985 ], [ 309027.082397753780242, 1265900.552746509667486 ], [ 308838.773818776069675, 1265674.359378112480044 ], [ 308838.836286840145476, 1265648.693811708129942 ], [ 308839.017315012519248, 1265588.62290138239041 ], [ 308700.263647974468768, 1265436.469803783576936 ], [ 308650.93578953720862, 1265382.341483789030463 ], [ 308479.92947138834279, 1264987.339765318436548 ], [ 308379.831231009913608, 1264893.473714204272255 ], [ 308223.206506179063581, 1264746.519423444988206 ], [ 308092.006924119661562, 1264384.243063709931448 ], [ 308086.456186734023504, 1264368.789195842575282 ], [ 307864.098838318022899, 1264145.240423831390217 ], [ 307522.472229615843389, 1263423.93795970780775 ], [ 307316.903092179680243, 1263234.693946679588407 ], [ 307155.391129249357618, 1262897.273993949173018 ], [ 307115.591545007773675, 1262813.883509614970535 ], [ 307095.029436762444675, 1262770.975430832477286 ], [ 306752.648319105384871, 1262341.293440274894238 ], [ 306718.519969106302597, 1262203.993292093975469 ], [ 306547.565525073092431, 1261894.731817043153569 ], [ 306393.711800339980982, 1261722.7645766553469 ], [ 306313.837019965983927, 1261529.878318082075566 ], [ 306308.408469067304395, 1261516.746991851134226 ], [ 306149.057505792181473, 1261356.540638850070536 ], [ 306068.778091130079702, 1261275.943558025173843 ], [ 306049.083236028673127, 1261196.855464359978214 ], [ 306000.405088284634985, 1261001.344343666685745 ], [ 305849.651134587067645, 1260873.168005325598642 ], [ 305777.784945060382597, 1260812.100716880289838 ], [ 305743.982873336528428, 1260657.651615530485287 ], [ 305730.069067857926711, 1260631.407830201089382 ], [ 305124.660034922184423, 1261168.025627127150074 ], [ 305061.005615545553155, 1261064.452791929012164 ], [ 299267.175907633733004, 1264815.388728416757658 ], [ 292919.470882493362296, 1268927.336579857161269 ], [ 272627.791810408176389, 1267782.388081740355119 ], [ 270024.653430056001525, 1267636.447727230144665 ], [ 267334.63363942806609, 1263813.344172657700256 ], [ 265414.361099148751236, 1255795.025843719020486 ], [ 258884.15022565642721, 1252620.516373491846025 ], [ 242687.762258241826203, 1244754.882020692806691 ], [ 242533.376419395877747, 1244679.959474071161821 ], [ 241457.031801521981834, 1244157.643543447135016 ], [ 240166.466987900988897, 1244213.62033496494405 ], [ 235272.724744154198561, 1244426.35820995294489 ], [ 223415.16510857391404, 1244944.993196942610666 ], [ 222804.341974221984856, 1245574.567485427251086 ], [ 211118.967489788017701, 1257626.819348075427115 ], [ 209658.43869981681928, 1259134.353031147038564 ], [ 207001.384236735233571, 1261877.550105174072087 ], [ 206756.213666403549723, 1279531.314907107269391 ], [ 206690.3738779911655, 1284306.799551546573639 ], [ 208177.56818416994065, 1286143.392983699450269 ], [ 211157.773814531450626, 1289824.484382702503353 ], [ 218899.922588126442861, 1284945.547439299989492 ], [ 230313.060718301159795, 1277760.227027660235763 ], [ 230191.943806667579338, 1277761.274307224433869 ], [ 230191.676761630515102, 1277730.397364694159478 ], [ 230161.229126679128967, 1277730.66070851450786 ], [ 230160.963972252036911, 1277700.005100578768179 ], [ 230100.614281927293632, 1277700.527144992724061 ], [ 230100.348116917477455, 1277669.760855588130653 ], [ 230070.009535791759845, 1277670.023332057287917 ] ] ] ] } },
{ "type": "Feature", "properties": { "ADM0_EN": "Djibouti", "ADM0_PCODE": "DJ", "ADM1_EN": "Ali Sabieh", "ADM1_PCODE": "DJ05", "ADM1_AR": "إقليم على صبيح" }, "geometry": { "type": "MultiPolygon", "coordinates": [ [ [ [ 299267.175907635886688, 1264815.388728417921811 ], [ 305061.005615545553155, 1261064.452791932038963 ], [ 305124.66003492224263, 1261168.025627128314227 ], [ 305730.069067857984919, 1260631.407830202253535 ], [ 303496.249828072730452, 1257079.107826442457736 ], [ 303495.148663611384109, 1257077.565855366177857 ], [ 303392.0568695908878, 1256929.6311229262501 ], [ 303332.029703640379012, 1256843.491995212156326 ], [ 303331.140383924706839, 1256841.629330325871706 ], [ 303134.3570303201559, 1256429.538870410760865 ], [ 303126.978762964135967, 1256414.087945406092331 ], [ 303048.327696302323602, 1256335.144869931740686 ], [ 302887.288898590719327, 1256173.410338504007086 ], [ 302835.696450778050348, 1256054.31735515454784 ], [ 302716.103994333767332, 1255778.335324411746114 ], [ 302699.564908415079117, 1255757.763850090093911 ], [ 302480.407770085032098, 1255485.174936238443479 ], [ 302356.856851987307891, 1255331.505936587695032 ], [ 302244.762331837322563, 1255061.086258717114106 ], [ 302186.063552180479746, 1254919.481546783354133 ], [ 301999.954797154758126, 1254748.281165950698778 ], [ 301980.403828045062255, 1254730.245601948816329 ], [ 301979.39846849127207, 1254728.036193079315126 ], [ 301962.575693957740441, 1254691.126950165722519 ], [ 301792.529975672136061, 1254318.083429885562509 ], [ 301787.563127035624348, 1254313.481816466432065 ], [ 301779.511569858586881, 1254306.033597915899009 ], [ 301741.18931937799789, 1254270.539454874815419 ], [ 301569.671890110941604, 1254111.640780211891979 ], [ 301406.545026858337224, 1253775.90374864381738 ], [ 301227.808298479765654, 1253408.174406792968512 ], [ 301226.95915949618211, 1253407.025076343677938 ], [ 301089.452401814167388, 1253278.726435662712902 ], [ 300987.872524179285392, 1253183.999281625496224 ], [ 300811.947950249072164, 1252776.103452755371109 ], [ 300765.640509219141677, 1252668.86155827366747 ], [ 300543.152510061452631, 1252462.382196716964245 ], [ 300269.600742156675551, 1251878.534752184292302 ], [ 300198.724869510333519, 1251822.562940185656771 ], [ 300127.836670357501134, 1251766.581920730415732 ], [ 300046.870597072469536, 1251702.642407945124432 ], [ 300029.687980385380797, 1251688.38621790590696 ], [ 300009.791290628374554, 1251589.430151905398816 ], [ 299995.03563020285219, 1251517.281576459528878 ], [ 299959.24919110792689, 1251469.161058790516108 ], [ 299892.852181447437033, 1251379.967894342727959 ], [ 299864.918955653323792, 1251295.843439772957936 ], [ 299824.521311863267329, 1251174.183152686338872 ], [ 299464.896699748700485, 1250744.434020177228376 ], [ 299311.298749317473266, 1250366.716158108552918 ], [ 298985.498172130144667, 1250074.26835388597101 ], [ 298985.855774064664729, 1249977.743249424733222 ], [ 298985.94267425884027, 1249954.262218982446939 ], [ 298894.791287359665148, 1249751.674814308760688 ], [ 298747.263520561973564, 1249423.84388360218145 ], [ 298746.411584133980796, 1249421.95084030367434 ], [ 298657.744280415237881, 1249351.927953529870138 ], [ 298506.526842524646781, 1249232.627006200142205 ], [ 298443.73564508871641, 1249058.669871613150463 ], [ 298370.234701454057358, 1248855.408673642436042 ], [ 298369.615342025063001, 1248854.47156213177368 ], [ 298331.231059076846577, 1248810.791686844313517 ], [ 298316.016179710743017, 1248793.501651856815442 ], [ 298112.916448690055404, 1248562.701726873870939 ], [ 297976.211306284472812, 1248356.462060576770455 ], [ 297965.076540064183064, 1248277.973989532794803 ], [ 297958.893011673528235, 1248236.061401020502672 ], [ 297836.195803937502205, 1248080.780625646235421 ], [ 297655.831630123895593, 1247852.506305164657533 ], [ 297565.305888938833959, 1247737.935613913694397 ], [ 297559.413457317452412, 1247723.752671008231118 ], [ 297548.914983847411349, 1247698.482939134351909 ], [ 297469.517118645249866, 1247507.041397497057915 ], [ 297429.51736789860297, 1247410.50886593782343 ], [ 297394.41086844203528, 1247325.859182139858603 ], [ 297265.881346304318868, 1247224.46910932729952 ], [ 297154.534901849227026, 1247136.654584609670565 ], [ 296829.455115784308873, 1246398.263922207755968 ], [ 296698.07162789767608, 1246275.74467821419239 ], [ 296589.534628843190148, 1246174.211159495636821 ], [ 296479.262974796933122, 1245937.386792007368058 ], [ 296469.855841023148969, 1245917.099515398032963 ], [ 296195.965051606413908, 1245556.183366176439449 ], [ 295978.815958298160695, 1245085.660607334459201 ], [ 295871.074168036109768, 1244852.20864855311811 ], [ 295648.281821006210521, 1244662.893211039714515 ], [ 295648.124025997472927, 1244661.781926017487422 ], [ 295641.074122835532762, 1244612.131336265942082 ], [ 295631.474588905577548, 1244544.735082174185663 ], [ 295631.24407679453725, 1244542.85581285180524 ], [ 295627.43146891426295, 1244535.419899750733748 ], [ 295343.500181519426405, 1243981.686669439543039 ], [ 295340.624803544953465, 1243976.062800807878375 ], [ 295304.876941134454682, 1243942.631175332237035 ], [ 295235.701935671793763, 1243877.938498415984213 ], [ 295234.788935906020924, 1243877.084166413173079 ], [ 295083.314684839278925, 1243735.311788367806002 ], [ 294996.991534239030443, 1243523.118163843173534 ], [ 294930.507437727064826, 1243359.729216781910509 ], [ 294929.391584213532042, 1243357.368050549644977 ], [ 294790.420235303346999, 1243227.984550957335159 ], [ 294689.470530087593943, 1243134.000715160975233 ], [ 294685.02424697263632, 1243123.459593325620517 ], [ 294502.484404006623663, 1242690.71230558375828 ], [ 294501.177685636968818, 1242687.615114758489653 ], [ 294470.64221525361063, 1242649.65015736152418 ], [ 294392.064985908567905, 1242551.98786711320281 ], [ 294141.574167152866721, 1242240.410737221362069 ], [ 294085.611704742885195, 1242112.694623402087018 ], [ 293953.615253902971745, 1241811.459518587682396 ], [ 293828.041703585826326, 1241685.422500158194453 ], [ 293713.753514945157804, 1241570.713811149587855 ], [ 293405.817582820018288, 1240918.189188016811386 ], [ 293011.706110840081237, 1240471.333769418532029 ], [ 293011.571040780632757, 1240433.387527076061815 ], [ 293011.481102676829323, 1240385.484137956285849 ], [ 292827.689496398321353, 1240104.816579559119418 ], [ 292722.863475761841983, 1239944.804489738540724 ], [ 292635.062051266082563, 1239810.818145541939884 ], [ 292620.824608573748264, 1239789.095942446263507 ], [ 292617.673832513915841, 1239784.296299044275656 ], [ 292615.972788584418595, 1239780.356112125329673 ], [ 292589.58198971056845, 1239719.359825090970844 ], [ 292446.793782944558188, 1239389.319357758155093 ], [ 292445.118670923111495, 1239387.897903986275196 ], [ 292233.409134483023081, 1239208.27389268996194 ], [ 292223.853788845939562, 1239200.148709757020697 ], [ 292196.83342392812483, 1239133.690116393379867 ], [ 292149.129869814263657, 1239016.414311546832323 ], [ 292070.241373135941103, 1238822.442399988183752 ], [ 292029.337666671606712, 1238781.470197327202186 ], [ 291889.603793979797047, 1238641.492498902603984 ], [ 291829.893104289192706, 1238581.678109944798052 ], [ 291742.326101345010102, 1238405.897139020962641 ], [ 291470.564904244150966, 1237860.377885319758207 ], [ 291264.966821733862162, 1237705.494193295948207 ], [ 291254.365694242354948, 1237620.47782139852643 ], [ 291250.975962424068712, 1237593.079296600306407 ], [ 291247.87724873732077, 1237568.263845789711922 ], [ 291224.865540848462842, 1237524.642954747425392 ], [ 291200.135637001949362, 1237477.787315192399547 ], [ 291199.355734681128524, 1237476.30909969820641 ], [ 291134.222011343110353, 1237352.866095793666318 ], [ 291093.855130064766854, 1237276.347761841490865 ], [ 290887.934885123628192, 1237086.999968089163303 ], [ 290815.042728324013297, 1236955.270230871858075 ], [ 290716.663595500285737, 1236777.401724408380687 ], [ 290615.691403380013071, 1236563.979099074844271 ], [ 290562.636996395303868, 1236451.69786618067883 ], [ 290562.839317526726518, 1236419.326771916123107 ], [ 290563.238552698981948, 1236348.801663625985384 ], [ 290477.171343591879122, 1236314.331521222367883 ], [ 290393.805707350489683, 1236222.265323848696426 ], [ 290389.391025936813094, 1236217.393460613442585 ], [ 290305.876520648482256, 1236125.20501852221787 ], [ 290297.182842948590405, 1236055.292748061008751 ], [ 290288.778764463961124, 1235988.055280243745074 ], [ 290066.239333903533407, 1235730.160572055261582 ], [ 289843.637183145561721, 1235335.105227738618851 ], [ 289774.99751588923391, 1235276.181471423478797 ], [ 289745.241082059859764, 1235250.655558549333364 ], [ 289723.3793404767639, 1235231.878297927090898 ], [ 289723.427140090265311, 1235212.024504212662578 ], [ 289723.585725613520481, 1235146.136278103571385 ], [ 289603.716696646122728, 1234974.317604882409796 ], [ 289598.144895976001862, 1234940.509112446568906 ], [ 289593.69149970979197, 1234913.201636764686555 ], [ 289586.827893229085021, 1234871.481337103527039 ], [ 289346.579982272931375, 1234647.890031070215628 ], [ 289315.217832004185766, 1234571.034109072992578 ], [ 289302.649403808522038, 1234540.277956241043285 ], [ 289260.79501365829492, 1234437.771206591511145 ], [ 289245.479191199119668, 1234400.235245004296303 ], [ 289192.392716650967486, 1234270.147283856291324 ], [ 289189.201794647146016, 1234266.3577251334209 ], [ 289005.454239188577048, 1234048.121693968540058 ], [ 289004.243283683783375, 1234046.691455553518608 ], [ 289000.708535269950517, 1234039.005489016650245 ], [ 288903.356799069559202, 1233827.44504161993973 ], [ 288901.512399453204125, 1233823.437053240835667 ], [ 288781.323301611933857, 1233737.484213560353965 ], [ 288685.244104921235703, 1233501.333845772314817 ], [ 288627.614236232882831, 1233359.773187555372715 ], [ 288589.921051530283876, 1233322.021377008641139 ], [ 288542.756319442647509, 1233274.818666631355882 ], [ 288369.991174189199228, 1233101.808667742647231 ], [ 288370.15675579715753, 1233060.3193767988123 ], [ 288370.303079029545188, 1233016.402323172893375 ], [ 288232.706236568279564, 1232758.078164149075747 ], [ 288103.381720890291035, 1232628.192083856323734 ], [ 288097.105573425418697, 1232621.888684632489458 ], [ 288010.444332308135927, 1232534.943654612172395 ], [ 287919.631356207712088, 1232348.011541954940185 ], [ 287835.986120196059346, 1232176.345491969725117 ], [ 287752.296269799233414, 1232004.589312559459358 ], [ 287750.656922323396429, 1232001.227888375986367 ], [ 287650.854028209112585, 1231796.595766003243625 ], [ 287610.453171832370572, 1231759.13076677871868 ], [ 287569.90843985544052, 1231721.532655608374625 ], [ 287429.57439932320267, 1231591.490677873604 ], [ 287427.940933868114371, 1231589.415915669640526 ], [ 287370.830864441930316, 1231451.877278630621731 ], [ 287257.183366464916617, 1231178.181041916366667 ], [ 286828.665202552685514, 1230662.557027247734368 ], [ 286763.055434644338675, 1230456.196033054962754 ], [ 286710.68188983539585, 1230291.46749954437837 ], [ 286708.61649892287096, 1230284.971593879628927 ], [ 286509.394996435265057, 1230113.469042092096061 ], [ 286468.843445798731409, 1230078.545542812906206 ], [ 286297.729893616167828, 1229666.581694745691493 ], [ 286074.590358679532073, 1229460.150035885628313 ], [ 286065.912447529728524, 1229442.276084518060088 ], [ 286011.745109483250417, 1229330.783088796073571 ], [ 285943.43981484149117, 1229190.197596782818437 ], [ 285749.25782682991121, 1228790.552209039917216 ], [ 285509.14763716654852, 1228601.248863206943497 ], [ 285355.531648182892241, 1228173.767972707282752 ], [ 285354.974355595535599, 1228172.112104843137786 ], [ 285270.608763101161458, 1228079.743693371070549 ], [ 285166.539368659257889, 1227965.803198061650619 ], [ 285149.464194081025198, 1227845.764543612254784 ], [ 284943.757106131641194, 1227622.311125988839194 ], [ 284789.589936940348707, 1227261.659501895541325 ], [ 284664.985845544491895, 1227144.991224745521322 ], [ 284532.513119005365297, 1227020.956534368684515 ], [ 284532.44759450503625, 1226978.089952206937596 ], [ 284532.382016603951342, 1226935.213746092980728 ], [ 284395.514821723802015, 1226729.118805883917958 ], [ 284380.262585222488269, 1226621.81865124264732 ], [ 284378.431348130106926, 1226608.963022653246298 ], [ 284376.231705493410118, 1226606.107344631338492 ], [ 284190.473538583377376, 1226360.728838510811329 ], [ 284187.94589100475423, 1226357.39042037865147 ], [ 284002.177633498678915, 1226112.048648834927008 ], [ 284001.185363243101165, 1226110.72758723073639 ], [ 283933.593306901282631, 1225937.36496881605126 ], [ 283847.963293197564781, 1225717.813090629642829 ], [ 283846.772219971637242, 1225715.338959784945473 ], [ 283770.660455810488202, 1225616.695046532200649 ], [ 283573.293679682770744, 1225360.957472404465079 ], [ 283497.949233904597349, 1225263.330998989054933 ], [ 283436.05698527477216, 1225183.135849746409804 ], [ 283301.415797243826091, 1224853.66727673378773 ], [ 283281.766540937125683, 1224805.485271903453395 ], [ 283272.560458764375653, 1224798.225402075564489 ], [ 283251.321541061159223, 1224781.532853812444955 ], [ 283199.02838302985765, 1224740.28104544361122 ], [ 283042.58814412530046, 1224616.965611814288422 ], [ 283041.374291276501026, 1224615.203489517327398 ], [ 283017.832213422516361, 1224496.430750469909981 ], [ 283013.556742850516457, 1224474.989279384957626 ], [ 283009.680173406610265, 1224455.339144801720977 ], [ 283007.557418872485869, 1224444.652939010877162 ], [ 282853.448454416007735, 1224152.671107201837003 ], [ 282743.607723855879158, 1224020.908234043978155 ], [ 282681.52450442884583, 1223946.471362541429698 ], [ 282647.366023894865066, 1223826.299449476180598 ], [ 282554.531880863942206, 1223733.122848420171067 ], [ 282535.589408352505416, 1223714.063987063476816 ], [ 282493.357954808743671, 1223671.57354281633161 ], [ 282321.873972290661186, 1223276.743725122418255 ], [ 282219.92914790235227, 1223181.722157077165321 ], [ 282081.802299477509223, 1223052.976517890347168 ], [ 281954.253774725191761, 1222773.802964953705668 ], [ 281905.118629019358195, 1222666.148231072351336 ], [ 281902.738273943308741, 1222660.93127390416339 ], [ 281893.474285886331927, 1222640.889853857457638 ], [ 281891.207514006644487, 1222638.621205415576696 ], [ 281726.887843598611653, 1222474.184820238500834 ], [ 281653.17432133492548, 1222400.419705405831337 ], [ 281652.289555012364872, 1222398.87657350115478 ], [ 281535.201577161788009, 1222178.782521564979106 ], [ 281513.908919833251275, 1222138.780119402101263 ], [ 281444.000440681120381, 1222007.443970913765952 ], [ 281242.422291582566686, 1221628.808991119731218 ], [ 281241.88150410191156, 1221627.732336246175691 ], [ 281224.64663312851917, 1221617.275356752797961 ], [ 281197.423778987373225, 1221600.786882815184072 ], [ 281190.070973759691697, 1221596.299949689069763 ], [ 281185.022888494073413, 1221593.23588200728409 ], [ 281184.020122903748415, 1221589.860924846725538 ], [ 281133.803436231217347, 1221420.857241231482476 ], [ 279945.616040656808764, 1219141.051021880935878 ], [ 277266.070180741604418, 1215010.837905377149582 ], [ 274777.915695289731957, 1213045.885687318397686 ], [ 274494.237602584995329, 1213024.974778930190951 ], [ 274458.608431195258163, 1213022.348620753269643 ], [ 261792.661925832071574, 1212091.201662192353979 ], [ 260763.648767887119902, 1212324.661931475391611 ], [ 254912.507742585032247, 1213652.858045247849077 ], [ 255402.237030194577528, 1217717.721787492046133 ], [ 252795.177383316447958, 1222270.853693740675226 ], [ 251078.99855182072497, 1223097.621638822834939 ], [ 245896.487844823772321, 1221161.313813487766311 ], [ 243382.911717681592563, 1222808.492303162347525 ], [ 240735.498291132127633, 1225119.827236486133188 ], [ 235690.065404203545768, 1222986.152197340968996 ], [ 235658.924713025160599, 1222980.043142599519342 ], [ 236064.984409910102841, 1241541.788766004610807 ], [ 235272.72474415844772, 1244426.358209955738857 ], [ 240166.466987906518625, 1244213.620334961218759 ], [ 241457.031801522738533, 1244157.643543448997661 ], [ 242533.376419397915015, 1244679.959474071161821 ], [ 242687.762258246657439, 1244754.88202068884857 ], [ 258884.150225658609997, 1252620.516373493475839 ], [ 265414.361099154339172, 1255795.025843714131042 ], [ 267334.63363942457363, 1263813.344172661891207 ], [ 270024.653430056758225, 1267636.447727231308818 ], [ 272627.79181040963158, 1267782.388081744546071 ], [ 292919.470882493362296, 1268927.336579857394099 ], [ 299267.175907635886688, 1264815.388728417921811 ] ] ] ] } },
{ "type": "Feature", "properties": { "ADM0_EN": "Djibouti", "ADM0_PCODE": "DJ", "ADM1_EN": "Djiboutii", "ADM1_PCODE": "DJ04", "ADM1_AR": "مدينة جيبوتي" }, "geometry": { "type": "MultiPolygon", "coordinates": [ [ [ [ 275304.350950351799838, 1275874.167187613202259 ], [ 271732.454835598357022, 1276153.339346715016291 ], [ 271629.949740549665876, 1282071.376643065363169 ], [ 271872.561772164073773, 1282069.595099932746962 ], [ 271872.788334007142112, 1282100.464528776705265 ], [ 271903.114785398938693, 1282100.241964200045913 ], [ 271902.888253726181574, 1282069.372540418989956 ], [ 271933.323818364122417, 1282069.149210130795836 ], [ 271933.550319757894613, 1282100.018628831487149 ], [ 271963.549497453728691, 1282099.798524618381634 ], [ 271961.733341401035432, 1282134.776938792318106 ], [ 272024.536246784438845, 1282130.000920396996662 ], [ 272022.611754952231422, 1282165.090763140004128 ], [ 272115.413678893935867, 1282160.094890706706792 ], [ 272115.889885182492435, 1282225.042317492654547 ], [ 272116.089460824150592, 1282252.260490213986486 ], [ 272143.143104510148987, 1282252.062130676349625 ], [ 272176.851066280039959, 1282251.815014099469408 ], [ 272175.885511361586396, 1282283.799621523125097 ], [ 272237.838073046063073, 1282282.128385325195268 ], [ 272238.063499632640742, 1282312.887114151380956 ], [ 272298.38859691482503, 1282312.445052976952866 ], [ 272297.937868694658391, 1282250.927615846507251 ], [ 272328.373187657387462, 1282250.704641417134553 ], [ 272328.598518925893586, 1282281.463354686507955 ], [ 272631.533002648036927, 1282279.245577162830159 ], [ 272632.160387413576245, 1282305.354055874282494 ], [ 272662.084156066528521, 1282309.782381170429289 ], [ 272661.85914987383876, 1282279.023722702870145 ], [ 272692.294378959632013, 1282278.801100009121001 ], [ 272692.103240032214671, 1282312.329011004185304 ], [ 272753.280651148234028, 1282309.115385208278894 ], [ 272753.055735371541232, 1282278.356741856085137 ], [ 272845.028822649095673, 1282279.454728438984603 ], [ 272843.258015174884349, 1282216.287403173977509 ], [ 273206.953585809969809, 1282213.631307177944109 ], [ 273206.729136407491751, 1282182.872740575345233 ], [ 273509.663086821325123, 1282180.663693940266967 ], [ 273510.110583983536344, 1282242.070085390703753 ], [ 273661.631617767503485, 1282240.966224053874612 ], [ 273661.8556272314745, 1282271.724716622848064 ], [ 273692.18160642782459, 1282271.503869279753417 ], [ 273692.405591128394008, 1282302.262357329949737 ], [ 273722.840621432522312, 1282302.040740352589637 ], [ 273722.634682165225968, 1282333.687537299003452 ], [ 273783.389136708399747, 1282332.360039867460728 ], [ 273783.165236688917503, 1282301.601566266268492 ], [ 273843.926176647772081, 1282301.15933408588171 ], [ 273844.150016426399816, 1282331.917797665577382 ], [ 273904.910876323701814, 1282331.475674465764314 ], [ 273905.13385616755113, 1282362.12348662968725 ], [ 273965.930851191864349, 1282366.660357316257432 ], [ 273965.235372981755063, 1282331.036844021175057 ], [ 274025.996193449595012, 1282330.594957970548421 ], [ 274026.676315104705282, 1282364.116265379358083 ], [ 274147.288894231372979, 1282358.26029268046841 ], [ 274147.081432030361611, 1282329.714714069152251 ], [ 274268.602934882626869, 1282328.831773267826065 ], [ 274268.769297040300444, 1282351.734606300247833 ], [ 274294.527161253034137, 1282353.428522692061961 ], [ 274327.535285847843625, 1282362.040600422536954 ], [ 274328.927314051426947, 1282328.393650006270036 ], [ 274389.688016212778166, 1282327.952476253267378 ], [ 274389.910517150070518, 1282358.600208864780143 ], [ 274420.345373570686206, 1282358.379265704657882 ], [ 274419.498174801119603, 1282422.007699235109612 ], [ 274450.681302250653971, 1282419.679041303461418 ], [ 274451.74913522915449, 1282446.558616588125005 ], [ 274542.45106939075049, 1282453.092463293112814 ], [ 274541.876560915028676, 1282419.017240376211703 ], [ 274724.5155953206704, 1282421.897235895972699 ], [ 274723.275556272012182, 1282356.181756538338959 ], [ 274874.685921155731194, 1282355.08450633008033 ], [ 274874.463899118709378, 1282324.436853099614382 ], [ 274904.898706779931672, 1282324.216390496585518 ], [ 274905.12069875135785, 1282354.864038748899475 ], [ 274935.446386223600712, 1282354.64439107128419 ], [ 274936.124727178132161, 1282388.054907447192818 ], [ 274997.721737185376696, 1282382.629724928410724 ], [ 274996.215913727413863, 1282415.724105058936402 ], [ 275025.782738096953835, 1282416.173911971971393 ], [ 275026.873300451668911, 1282446.262017536442727 ], [ 275045.963143091299571, 1282446.12381176953204 ], [ 275087.633535674074665, 1282445.822169133462012 ], [ 275087.410906778124627, 1282415.06390784191899 ], [ 275147.734843101061415, 1282414.627345757558942 ], [ 275147.95741218526382, 1282445.385597156360745 ], [ 275227.807432290283032, 1282444.807892052922398 ], [ 275269.041445762617514, 1282444.509649398969486 ], [ 275268.818996734160464, 1282413.75141784758307 ], [ 275299.144565338850953, 1282413.532115313224494 ], [ 275299.366984299384058, 1282444.290341895306483 ], [ 275390.561739665456116, 1282443.631020251428708 ], [ 275390.784073467482813, 1282474.389232370303944 ], [ 275421.109562305733562, 1282474.170038694050163 ], [ 275421.33187130081933, 1282504.928246399154887 ], [ 275451.330072083859704, 1282504.711442378116772 ], [ 275451.107792833470739, 1282473.953239585040137 ], [ 275481.433271903370041, 1282473.734104881295934 ], [ 275481.655521084496286, 1282504.492302709026262 ], [ 275512.090049526421353, 1282504.272404574090615 ], [ 275512.312273788847961, 1282535.030597892589867 ], [ 275573.072171350417193, 1282534.591669156681746 ], [ 275569.223471267556306, 1282575.669403456151485 ], [ 275664.40747770795133, 1282568.564493394689634 ], [ 275663.721102314011659, 1282533.937043389771134 ], [ 275694.155571132199839, 1282533.717318687820807 ], [ 275694.827535032469314, 1282566.353227713843808 ], [ 275845.711121066706255, 1282552.982556901639327 ], [ 275845.342359384521842, 1282501.866512976586819 ], [ 275957.589894845092203, 1282501.056954864878207 ], [ 276027.185514879180118, 1282500.555217088898644 ], [ 276026.963806615152862, 1282469.79710846580565 ], [ 276178.481604990491178, 1282468.705331880832091 ], [ 276178.703163019206841, 1282499.463415766367689 ], [ 276209.028494795609731, 1282499.244987179758027 ], [ 276208.806966835516505, 1282468.486908243270591 ], [ 276299.564855185511988, 1282467.833385848673061 ], [ 276299.786293156270403, 1282498.591449977830052 ], [ 276360.545996733009815, 1282498.154074061894789 ], [ 276360.767379697354045, 1282528.912128754425794 ], [ 276602.93308869889006, 1282527.170049920212477 ], [ 276602.490808243223, 1282465.654019949492067 ], [ 276724.010121252620593, 1282464.780593595467508 ], [ 276723.789109361590818, 1282434.022599191172048 ], [ 276754.22349743481027, 1282433.803930073976517 ], [ 276754.002520948881283, 1282403.045941101154312 ], [ 276814.325923288823105, 1282402.612619727384299 ], [ 276814.546839965740219, 1282433.370598881039768 ], [ 277026.714681970828678, 1282431.847427315078676 ], [ 277026.9353935130639, 1282462.605372432619333 ], [ 277057.369702646858059, 1282462.386995552573353 ], [ 277057.590389236807823, 1282493.144936276366934 ], [ 277148.238696496118791, 1282492.49466408835724 ], [ 277148.018099785316736, 1282461.736738097853959 ], [ 277178.452389443060383, 1282461.518480008468032 ], [ 277178.672955977846868, 1282492.276401053881273 ], [ 277208.998127216822468, 1282492.058950022328645 ], [ 277209.438422464765608, 1282553.464143751421943 ], [ 277330.520652690785937, 1282552.596160252578557 ], [ 277330.301018757396378, 1282521.948902710340917 ], [ 277421.494521208747756, 1282521.295504985144362 ], [ 277421.274190001422539, 1282490.537622862495482 ], [ 277511.922323179780506, 1282489.888413419248536 ], [ 277511.702087064739317, 1282459.13054647995159 ], [ 277602.45935001980979, 1282458.480835884576663 ], [ 277602.67949614871759, 1282489.238688102690503 ], [ 277633.004599536303431, 1282489.021651567192748 ], [ 277632.784483474795707, 1282458.263804266927764 ], [ 277663.218695266579743, 1282458.046021763468161 ], [ 277662.784080525510944, 1282397.304816643940285 ], [ 277753.863159582833759, 1282395.878760200226679 ], [ 277753.649509912298527, 1282366.006051468430087 ], [ 277874.725781351444311, 1282364.255197706632316 ], [ 277874.505926643207204, 1282333.497391817159951 ], [ 278026.02284540142864, 1282332.414741526124999 ], [ 278026.242549896298442, 1282363.172522881999612 ], [ 278056.567705780733377, 1282362.955920896260068 ], [ 278056.348031350062229, 1282332.198144448455423 ], [ 278177.43056003737729, 1282331.333609842695296 ], [ 278177.21180057968013, 1282300.686492886161432 ], [ 278237.971262589795515, 1282300.25285571324639 ], [ 278237.751778807374649, 1282269.495109699899331 ], [ 278328.509233738994226, 1282268.847615052480251 ], [ 278328.289845121267717, 1282238.089884240645915 ], [ 278389.0493792030029, 1282237.656563429627568 ], [ 278388.830056008533575, 1282206.898842927999794 ], [ 278419.155304109212011, 1282206.682620911393315 ], [ 278418.936804962868337, 1282176.035545099992305 ], [ 278570.454039042408112, 1282174.955681164050475 ], [ 278570.234906462137587, 1282144.197991091525182 ], [ 278600.232934414525516, 1282143.984287720406428 ], [ 278600.013836755708326, 1282113.22660298156552 ], [ 278721.424109226092696, 1282112.362002958776429 ], [ 278721.643086541735101, 1282143.119668101659045 ], [ 278842.834994190954603, 1282142.257075913716108 ], [ 278843.053856560785789, 1282173.014721997082233 ], [ 279024.895935113891028, 1282171.72130411490798 ], [ 279035.931958053144626, 1282204.946834372356534 ], [ 279115.762012222316116, 1282201.723896770272404 ], [ 279115.982973871636204, 1282232.813416581833735 ], [ 279176.739897898514755, 1282232.049721657298505 ], [ 279177.791015684313606, 1282257.158534630434588 ], [ 279298.04050152702257, 1282261.947194969747216 ], [ 279294.556405311042909, 1282293.616219648858532 ], [ 279359.015682404860854, 1282291.941411955049261 ], [ 279358.7996665154933, 1282261.515762941213325 ], [ 279722.481589928269386, 1282258.935854786541313 ], [ 279722.263583157153334, 1282228.178348594112322 ], [ 279752.697672162204981, 1282227.962651638314128 ], [ 279752.479700719355606, 1282197.205150824971497 ], [ 279903.886644678888842, 1282196.132545763393864 ], [ 279903.66961197782075, 1282165.485708189662546 ], [ 279994.426544368965551, 1282164.843132031382993 ], [ 279994.208823262248188, 1282134.085671146865934 ], [ 280024.53387646068586, 1282133.871028239838779 ], [ 280024.316190565295983, 1282103.113572710892186 ], [ 280085.075425660528708, 1282102.683613718021661 ], [ 280084.857805140374694, 1282071.926168463425711 ], [ 280145.180748936836608, 1282071.499424506910145 ], [ 280145.398309667711146, 1282102.256860088789836 ], [ 280266.480352357786614, 1282101.400619917083532 ], [ 280266.262911637837533, 1282070.643203741870821 ], [ 280296.697064841457177, 1282070.428065793123096 ], [ 280296.914475396624766, 1282101.185477092396468 ], [ 280418.432753704779316, 1282100.326745554571971 ], [ 280418.635979328188114, 1282129.092652056133375 ], [ 280751.976992734824307, 1282140.01663394132629 ], [ 280842.830319237546064, 1282153.095643148757517 ], [ 280842.654007003642619, 1282128.091486857971177 ], [ 280872.978926253446843, 1282127.877673093928024 ], [ 280873.168474775855429, 1282154.76266877958551 ], [ 280933.623476658132859, 1282157.655793665442616 ], [ 280963.535414696438238, 1282160.764272608794272 ], [ 280964.168236198835075, 1282188.641921202884987 ], [ 281114.841818751185201, 1282192.00611450150609 ], [ 281115.899927402031608, 1282218.331742822192609 ], [ 281206.977901558624581, 1282216.915914565790445 ], [ 281206.766823924030177, 1282186.933110149810091 ], [ 281237.200707909360062, 1282186.718874312704429 ], [ 281237.000349700916559, 1282220.245149764930829 ], [ 281297.739491553977132, 1282217.051583746913821 ], [ 281297.902214154833928, 1282240.174843039596453 ], [ 281327.827989105600864, 1282245.275129564804956 ], [ 281449.338800211029593, 1282243.535235351650044 ], [ 281449.145068623358384, 1282215.986493479926139 ], [ 281509.903613316593692, 1282215.559283853275701 ], [ 281510.100402281270362, 1282243.550566974794492 ], [ 281540.53651404514676, 1282243.668531394097954 ], [ 281540.337419369025156, 1282215.345340269617736 ], [ 281630.984318651491776, 1282214.708287314279005 ], [ 281630.7682090428425, 1282183.951086878310889 ], [ 281751.84895850677276, 1282183.10058208857663 ], [ 281752.070078259333968, 1282152.45097483927384 ], [ 281886.458845566492528, 1282151.507567546563223 ], [ 281903.584680144849699, 1282151.387386187445372 ], [ 281933.47307573229773, 1282151.177665564697236 ], [ 282027.461153467767872, 1282144.764941866975278 ], [ 282024.860917168669403, 1282178.418536353623495 ], [ 282105.625481126480736, 1282184.158823985373601 ], [ 282115.756312203244306, 1282151.005670378915966 ], [ 282145.278653682675213, 1282145.266592032741755 ], [ 282145.530411700252444, 1282118.931900740833953 ], [ 282223.749738167738542, 1282119.490160598652437 ], [ 282266.611078261106741, 1282118.083444635150954 ], [ 282268.496844211244024, 1282091.405398724600673 ], [ 282327.154142961429898, 1282086.900777779985219 ], [ 282328.599765695631504, 1282059.672615699004382 ], [ 282479.201433580950834, 1282052.864901752909645 ], [ 282478.55951313325204, 1282085.840810658643022 ], [ 282570.179552372777835, 1282083.982685266761109 ], [ 282570.18207060568966, 1282146.71684276079759 ], [ 282600.07036330353003, 1282146.507764187408611 ], [ 282600.284732937463559, 1282177.15417319862172 ], [ 282690.15914784593042, 1282175.308565782383084 ], [ 282691.906753166113049, 1282238.03048251895234 ], [ 282628.181010869448073, 1282235.267519120126963 ], [ 282631.363768288923893, 1282269.212430330691859 ], [ 282607.693210968282074, 1282269.378003865713254 ], [ 282571.042019758664537, 1282269.634411416715011 ], [ 282571.471637788577937, 1282331.037880407879129 ], [ 282690.50265170680359, 1282333.63518053223379 ], [ 282692.766283646749798, 1282360.947980685159564 ], [ 282725.587147589598317, 1282358.948204036802053 ], [ 282722.875619036727585, 1282329.978905089432374 ], [ 282752.872791519563179, 1282329.769181387731805 ], [ 282753.092456241138279, 1282361.190027040429413 ], [ 282844.151464750873856, 1282357.23429071996361 ], [ 282843.955086796428077, 1282329.132561687380075 ], [ 282874.388562767824624, 1282328.919906437164173 ], [ 282874.140087881649379, 1282355.807675905991346 ], [ 282904.56425758311525, 1282354.267405530437827 ], [ 282904.712953456153627, 1282328.708043083315715 ], [ 283238.069723434979096, 1282327.376752560026944 ], [ 283238.277320769382641, 1282357.137972217984498 ], [ 283268.274383995973039, 1282356.928741863695905 ], [ 283268.056012740707956, 1282325.61861599702388 ], [ 283267.845362769963685, 1282295.414855500683188 ], [ 283298.169722124002874, 1282295.203381695784628 ], [ 283298.369541407504585, 1282323.858226908138022 ], [ 283480.077616746886633, 1282304.114466735860333 ], [ 283571.255613167013507, 1282301.59841483598575 ], [ 283571.412031276617199, 1282324.057586430571973 ], [ 283631.733350259368308, 1282323.637530301231891 ], [ 283631.569272708438803, 1282300.07200288772583 ], [ 283631.30583047051914, 1282262.234396093292162 ], [ 283692.063571421080269, 1282261.811439266661182 ], [ 283692.288434974150732, 1282294.117222074186429 ], [ 283836.569926050957292, 1282288.576975057367235 ], [ 283903.966817162348889, 1282286.006054840283468 ], [ 283904.65163449535612, 1282321.738488785224035 ], [ 283995.406151222879998, 1282321.107524834340438 ], [ 283995.619943357014563, 1282351.864353524986655 ], [ 284056.377390607492998, 1282351.442080136621371 ], [ 284056.804869594983757, 1282412.955719939200208 ], [ 284147.449966514715925, 1282412.325914023909718 ], [ 284147.663623734377325, 1282443.082720455015078 ], [ 284178.096775516751222, 1282442.871323965955526 ], [ 284178.310407621727791, 1282473.628126085037366 ], [ 284328.098472457320895, 1282475.796665238216519 ], [ 284329.925109349540435, 1282503.223010306945071 ], [ 284360.766846754238941, 1282499.025862885871902 ], [ 284360.145483546948526, 1282472.365644456353039 ], [ 284390.469492973061278, 1282472.155208315467462 ], [ 284392.045609462598804, 1282510.647404772462323 ], [ 284420.724947292823344, 1282509.231351652415469 ], [ 284420.466260247747414, 1282471.947072230046615 ], [ 284511.547325431369245, 1282471.315273122629151 ], [ 284511.382631356711499, 1282510.483369716443121 ], [ 284572.516851172666065, 1282501.540075134253129 ], [ 284572.304371702368371, 1282470.893970181467012 ], [ 284632.625082994054537, 1282470.475810463307425 ], [ 284632.837502877460793, 1282501.121905975742266 ], [ 284753.98787770717172, 1282510.793284315150231 ], [ 284784.424696402333211, 1282511.13564913882874 ], [ 284876.329075709683821, 1282503.41817885520868 ], [ 284875.641820690245368, 1282530.198033185908571 ], [ 284966.395258287899196, 1282529.569805393228307 ], [ 284965.27684284892166, 1282494.061837086221203 ], [ 285148.016562127973884, 1282497.555232460377738 ], [ 285146.555824047594797, 1282459.836846538586542 ], [ 285268.882015828974545, 1282466.072237927932292 ], [ 285267.765487511758693, 1282430.785587596474215 ], [ 285329.426336773554794, 1282434.895796724129468 ], [ 285330.117054981179535, 1282408.558560232166201 ], [ 285480.724323452683166, 1282403.092830049339682 ], [ 285481.30685962876305, 1282376.86700700270012 ], [ 285662.346401689923368, 1282371.081473086494952 ], [ 285658.340915188426152, 1282343.891562869306654 ], [ 285965.04609320347663, 1282338.237055358011276 ], [ 285964.838063330040313, 1282308.033710270421579 ], [ 286116.235607739363331, 1282306.438118432182819 ], [ 286116.090169074130245, 1282285.306856921408325 ], [ 286146.956426789867692, 1282284.651872521964833 ], [ 286146.668574907933362, 1282306.228672770317644 ], [ 286176.992458647233434, 1282306.020007498562336 ], [ 286177.253688410681207, 1282280.57099154102616 ], [ 286207.235894592246041, 1282278.262549807783216 ], [ 286207.425416450132616, 1282305.810621427139267 ], [ 286237.749290842562914, 1282305.602015532320365 ], [ 286239.611745387664996, 1282275.052552499808371 ], [ 286418.935662049450912, 1282273.598302409285679 ], [ 286419.197094417992048, 1282248.149321544449776 ], [ 286782.393401260604151, 1282240.455266994656995 ], [ 286782.181628108315635, 1282209.588241576449946 ], [ 286933.69264285475947, 1282208.659772979561239 ], [ 286933.481783898547292, 1282177.903406142489985 ], [ 286994.238623923331033, 1282177.48693481227383 ], [ 286994.027830174542032, 1282146.730577909387648 ], [ 287054.784711809130386, 1282146.314234968973324 ], [ 287054.57474127272144, 1282115.668522376101464 ], [ 287084.462350221234374, 1282115.463762812083587 ], [ 287084.251656268024817, 1282084.707421052036807 ], [ 287114.684685084328521, 1282084.498959300573915 ], [ 287114.895348876714706, 1282115.255296336254105 ], [ 287145.219264051993378, 1282115.047606735723093 ], [ 287145.008630312280729, 1282084.291274407412857 ], [ 287205.765585693356115, 1282083.875246708747 ], [ 287205.555017151520588, 1282053.118924304842949 ], [ 287265.87569826329127, 1282052.706011263886467 ], [ 287265.665194484288804, 1282021.949698753189296 ], [ 287326.422233180259354, 1282021.533926939126104 ], [ 287326.212551558041014, 1281990.888258567312732 ], [ 287356.645633498614188, 1281990.680048847803846 ], [ 287356.434473195462488, 1281959.813117346260697 ], [ 287416.755287552368827, 1281959.400526840472594 ], [ 287416.545705465017818, 1281928.754873516270891 ], [ 287477.30287815828342, 1281928.339426521910354 ], [ 287476.883092437055893, 1281866.937506103422493 ], [ 287507.207192185160238, 1281866.730209412518889 ], [ 287506.996202417765744, 1281835.863303568447009 ], [ 287537.429407247691415, 1281835.655295723350719 ], [ 287537.219964957155753, 1281805.009663258912042 ], [ 287567.544115485041402, 1281804.802435320103541 ], [ 287567.333952098037116, 1281774.046173982787877 ], [ 287627.764139890670776, 1281773.633306651376188 ], [ 287627.554797094024252, 1281742.987689212430269 ], [ 287657.878993771388195, 1281742.780559305567294 ], [ 287657.668174618971534, 1281711.913679119665176 ], [ 287748.422667493694462, 1281711.293970629107207 ], [ 287748.633396407589316, 1281742.160836714552715 ], [ 287782.326209197402932, 1281740.04996640374884 ], [ 287850.077571461908519, 1281741.468431991757825 ], [ 287903.417552419006824, 1281741.104494100436568 ], [ 288082.325526450527832, 1281742.429170548683032 ], [ 288081.661465676035732, 1281709.020754184108227 ], [ 288112.094702896603849, 1281708.813329370226711 ], [ 288112.300546127837151, 1281739.016336661530659 ], [ 288142.15819502301747, 1281734.387305206619203 ], [ 288142.418855802156031, 1281708.606677687959746 ], [ 288263.505549970490392, 1281708.998822973109782 ], [ 288263.288557048595976, 1281677.136334520066157 ], [ 288387.799682135228068, 1281683.812068238388747 ], [ 288385.011912680056412, 1281706.954530587419868 ], [ 288474.020801939070225, 1281706.348822499159724 ], [ 288506.090171416988596, 1281706.130651976214722 ], [ 288509.210670466243755, 1281731.888224406167865 ], [ 288566.621029891481157, 1281736.587112640263513 ], [ 288566.847432090784423, 1281705.717406142270193 ], [ 288596.844277491327375, 1281705.513423768570647 ], [ 288596.635901653557085, 1281674.867956617614254 ], [ 288626.960010732756928, 1281674.661783099872991 ], [ 288626.750917620491236, 1281643.905687702819705 ], [ 288687.50826159020653, 1281643.492697526700795 ], [ 288687.299233619007282, 1281612.736612028442323 ], [ 288838.810884475009516, 1281611.707272979896516 ], [ 288838.393894877575804, 1281550.305783500894904 ], [ 288868.718087146058679, 1281550.099865601630881 ], [ 288868.50925413047662, 1281519.343809676356614 ], [ 288898.506232113577425, 1281519.140147670172155 ], [ 288899.151354627101682, 1281549.89323676773347 ], [ 288929.039218513178639, 1281549.690339992754161 ], [ 288929.664816922624595, 1281641.847849816549569 ], [ 288899.777041753055528, 1281642.050760376267135 ], [ 288899.549546899215784, 1281672.809776194626465 ], [ 288869.552717388025485, 1281673.013461274793372 ], [ 288869.760823819087818, 1281703.658886531367898 ], [ 288778.679603847151157, 1281704.277540087932721 ], [ 288778.889308375888504, 1281735.14424652652815 ], [ 288657.811335468082689, 1281735.967080710921437 ], [ 288658.01966119534336, 1281766.612539557507262 ], [ 288688.343670995265711, 1281766.406411383999512 ], [ 288688.97084395471029, 1281858.674677312606946 ], [ 288658.646924289874732, 1281858.88081950484775 ], [ 288648.056473340606317, 1281889.599699611542746 ], [ 288631.353887305245735, 1281951.89213932515122 ], [ 288507.76334102510009, 1281952.068953922716901 ], [ 288507.972603594127577, 1281982.825073218671605 ], [ 288447.215865961683448, 1281983.238522272789851 ], [ 288447.424440705275629, 1282013.884017877280712 ], [ 288387.10405843728222, 1282014.294624746311456 ], [ 288387.522848282475024, 1282075.806903288699687 ], [ 288357.199092664697673, 1282076.013374125817791 ], [ 288357.71062875847565, 1282151.133599043823779 ], [ 288358.165687193803024, 1282217.956305395113304 ], [ 288358.454254584736191, 1282260.328983074985445 ], [ 288328.021596834296361, 1282260.53625455009751 ], [ 288328.44058636133559, 1282322.048560167197138 ], [ 288358.873183783085551, 1282321.841279298532754 ], [ 288364.002436319249682, 1282354.223502271110192 ], [ 288389.406141162267886, 1282352.390915300231427 ], [ 288390.249293327040505, 1282412.130096110515296 ], [ 288419.821229464025237, 1282413.698940851492807 ], [ 288420.00880963326199, 1282441.246707550017163 ], [ 288420.239335286663845, 1282475.100590070709586 ], [ 288453.507765212620143, 1282474.874065885553136 ], [ 288480.995119510684162, 1282474.686931833392009 ], [ 288480.75463259301614, 1282503.4546306328848 ], [ 288541.960201802081428, 1282505.02951605594717 ], [ 288543.7725413760636, 1282530.906628840370104 ], [ 288619.129441358265467, 1282544.223679822171107 ], [ 288638.757937026326545, 1282543.315673335455358 ], [ 288754.351123815984465, 1282538.435897960560396 ], [ 288753.677874777698889, 1282503.58933644881472 ], [ 288875.189101380412467, 1282502.763425346463919 ], [ 288875.397340756724589, 1282533.408864633180201 ], [ 289026.428983737365343, 1282526.629746542777866 ], [ 289027.113950211612973, 1282563.24639713880606 ], [ 289117.756229360587895, 1282562.631024762988091 ], [ 289117.948485514731146, 1282526.672266088658944 ], [ 289238.608545127033722, 1282529.062046274077147 ], [ 289239.266993981203996, 1282561.806500618811697 ], [ 289420.660394945065491, 1282560.576521125854924 ], [ 289420.868105753790587, 1282591.221877977484837 ], [ 289663.452650742256083, 1282589.578595099970698 ], [ 289663.647029734333046, 1282553.841207165271044 ], [ 289716.552551067841705, 1282554.036273954203352 ], [ 289743.952290488348808, 1282557.0593379533384 ], [ 289784.428386047133245, 1282558.113101793220267 ], [ 289784.289156396524049, 1282537.535390794277191 ], [ 289815.433200700965244, 1282529.690671083983034 ], [ 289814.335320002050139, 1282496.396090616937727 ], [ 289922.538643384235911, 1282495.664305384969339 ], [ 289965.705660577281378, 1282475.236388808349147 ], [ 289997.611073652573396, 1282467.054809867171571 ], [ 289995.74986610992346, 1282433.765415816335008 ], [ 290026.073013305198401, 1282433.560487832175568 ], [ 290025.865178228239529, 1282402.804593533510342 ], [ 290056.297427088546101, 1282402.598962853429839 ], [ 290056.089627095556352, 1282371.843073695898056 ], [ 290086.085596513701603, 1282371.640424927696586 ], [ 290085.877831171324942, 1282340.884540924802423 ], [ 290116.201054835226387, 1282340.679715558188036 ], [ 290115.993324465875048, 1282309.923836681991816 ], [ 290176.748894645425025, 1282309.513547630282119 ], [ 290176.956564794760197, 1282340.269417209317908 ], [ 290207.388851020019501, 1282340.063944441732019 ], [ 290208.218713117879815, 1282462.976776658557355 ], [ 290329.292875024373643, 1282462.159525946015492 ], [ 290329.086081954941619, 1282431.514310013502836 ], [ 290389.841347077745013, 1282431.104399417061359 ], [ 290389.633872589445673, 1282400.348560766549781 ], [ 290449.952875874936581, 1282399.941720780450851 ], [ 290449.745466086664237, 1282369.185891830828041 ], [ 290480.068604864412919, 1282368.981417218688875 ], [ 290479.861230041424278, 1282338.225593464914709 ], [ 290510.293470447941218, 1282338.020417775725946 ], [ 290510.500815106439404, 1282368.776236880337819 ], [ 290540.823944769450463, 1282368.571821642108262 ], [ 290540.616630167351104, 1282337.816007169429213 ], [ 290570.61255701672053, 1282337.613831588765606 ], [ 290569.990731841127854, 1282245.346404992975295 ], [ 290600.313972625299357, 1282245.14206722471863 ], [ 290600.107482873369008, 1282214.496896411059424 ], [ 290660.863087124656886, 1282214.087584249675274 ], [ 290660.65591703238897, 1282183.331790861207992 ], [ 290691.08828067232389, 1282183.126816712552682 ], [ 290690.881145643885247, 1282152.371028506197035 ], [ 290751.200536233431194, 1282151.964850983116776 ], [ 290750.993465886102058, 1282121.209072479978204 ], [ 290811.749205099069513, 1282120.80008474807255 ], [ 290811.956215235695709, 1282151.555853982688859 ], [ 291024.110103331622668, 1282150.12860159878619 ], [ 291024.316908113658428, 1282180.884338985895738 ], [ 291054.749216870230157, 1282180.679721457650885 ], [ 291054.542442248028237, 1282149.923988707596436 ], [ 291114.861724096699618, 1282149.518518017837778 ], [ 291114.655014146468602, 1282118.762794955167919 ], [ 291175.410643855517264, 1282118.354519152548164 ], [ 291175.204742325120606, 1282087.709437940502539 ], [ 291205.528041991987266, 1282087.505715630482882 ], [ 291205.114827032899484, 1282025.994299886748195 ], [ 291265.434302580077201, 1282025.589160158066079 ], [ 291265.021969651570544, 1281964.188396892277524 ], [ 291295.454452805919573, 1281963.984049212886021 ], [ 291295.247209552035201, 1281933.117724989075214 ], [ 291356.003145560738631, 1281932.709860584698617 ], [ 291355.797452776110731, 1281902.064810080686584 ], [ 291416.117121970630251, 1281901.660001471405849 ], [ 291415.910751257324591, 1281870.904328734613955 ], [ 291476.666771058924496, 1281870.496719766408205 ], [ 291476.461207525921054, 1281839.851688634371385 ], [ 291506.784701939672232, 1281839.648299128282815 ], [ 291506.577689247438684, 1281808.782009406713769 ], [ 291566.897492548217997, 1281808.377522514900193 ], [ 291566.692028230696451, 1281777.732506196713075 ], [ 291627.448182969412301, 1281777.325221224687994 ], [ 291627.242041969031561, 1281746.569582795724273 ], [ 291657.674681360542309, 1281746.365624024765566 ], [ 291657.262474301271141, 1281684.854358040494844 ], [ 291718.018782211001962, 1281684.447279224172235 ], [ 291717.607456157391425, 1281623.0466655024793 ], [ 291777.927554347261321, 1281622.642645962070674 ], [ 291777.721587818814442, 1281591.887033198727295 ], [ 291808.045277049764991, 1281591.683976404136047 ], [ 291807.839345436310396, 1281560.928368742344901 ], [ 291868.595848482102156, 1281560.52162307058461 ], [ 291868.184860748995561, 1281499.121059448691085 ], [ 291898.181391512625851, 1281498.920295392163098 ], [ 291897.769742166856304, 1281437.40911130909808 ], [ 291928.202641846961342, 1281437.205465898150578 ], [ 291927.79181249870453, 1281375.804924741620198 ], [ 291961.427274770452641, 1281381.443630751222372 ], [ 291957.909941631834954, 1281344.84646711521782 ], [ 291989.110173836059403, 1281345.190945754759014 ], [ 291988.028131197730545, 1281313.888048802036792 ], [ 292017.114458412164822, 1281308.051055704941973 ], [ 292018.050527274841443, 1281252.284001735504717 ], [ 292050.127912123221904, 1281253.286509953439236 ], [ 292047.963239563920069, 1281190.570102761033922 ], [ 292077.960040286707226, 1281190.369559818413109 ], [ 292077.548848483595066, 1281128.858441391726956 ], [ 292138.306111603335012, 1281128.452357966918498 ], [ 292138.101322471047752, 1281097.807440201286227 ], [ 292166.738239602418616, 1281089.982174066128209 ], [ 292167.808971325750463, 1281005.338181318016723 ], [ 292189.07954409532249, 1281005.196077403379604 ], [ 292228.239208081737161, 1281004.934498544549569 ], [ 292227.829113599727862, 1280943.534063746687025 ], [ 292196.189984861819539, 1280942.860302152112126 ], [ 292199.027131548617035, 1280877.676533422898501 ], [ 292257.742611106601544, 1280881.820492216618732 ], [ 292257.53798018861562, 1280851.175596923567355 ], [ 292318.295729594887234, 1280850.769951923983172 ], [ 292318.090424942900427, 1280820.014434951124713 ], [ 292348.414782720385119, 1280819.812025629915297 ], [ 292348.209512952773366, 1280789.056513799121603 ], [ 292530.155744559364393, 1280787.842706991126761 ], [ 292529.950659767840989, 1280757.087223201757297 ], [ 292559.838723815628327, 1280756.887939289677888 ], [ 292559.175223475845996, 1280722.816433022031561 ], [ 292620.392310280236416, 1280725.83807591884397 ], [ 292620.248525075381622, 1280704.264995077392086 ], [ 292651.410206274711527, 1280698.746787141310051 ], [ 292650.415887747658417, 1280664.124320773873478 ], [ 292711.173879984067753, 1280663.719501615967602 ], [ 292710.968994600814767, 1280632.964047450339422 ], [ 292801.615175481070764, 1280632.360323793254793 ], [ 292801.411121322773397, 1280601.715514909243211 ], [ 292983.248944934515748, 1280600.50525974528864 ], [ 292983.044338939769659, 1280569.749847762752324 ], [ 293104.124143334804103, 1280568.944587445352226 ], [ 293104.32862948969705, 1280599.699981153476983 ], [ 293165.086606237106025, 1280599.296068680472672 ], [ 293165.494737421278842, 1280660.696208418114111 ], [ 293225.816254093719181, 1280660.295295934658498 ], [ 293226.020634922257159, 1280691.050672951387241 ], [ 293256.454057596623898, 1280690.848444122588262 ], [ 293256.862038416205905, 1280752.248559676110744 ], [ 293317.619669772451743, 1280751.844897727714851 ], [ 293317.823974844068289, 1280782.600262568565086 ], [ 293408.469437943829689, 1280781.99823802895844 ], [ 293408.673658124636859, 1280812.753589711617678 ], [ 293439.106933297356591, 1280812.551520665874705 ], [ 293439.514593381318264, 1280873.951585721457377 ], [ 293469.838724285538774, 1280873.750261469744146 ], [ 293467.572262426081579, 1280910.275059459032491 ], [ 293500.47680899745319, 1280904.41421302780509 ], [ 293500.650115251191892, 1280930.523062840569764 ], [ 293531.021173510933295, 1280937.402154483832419 ], [ 293531.20840978808701, 1280965.612984302220866 ], [ 293595.783311427978333, 1280965.184460788033903 ], [ 293713.04342693160288, 1280964.406657394720241 ], [ 293713.246642156853341, 1280995.051335958996788 ], [ 293773.567341456073336, 1280994.651382795535028 ], [ 293773.771968851215206, 1281025.517313998425379 ], [ 293834.528905894665513, 1281025.11457710317336 ], [ 293834.873528009280562, 1281077.110934433992952 ], [ 293867.410497847187798, 1281081.65261995466426 ], [ 293865.571880749659613, 1281116.957494642119855 ], [ 293928.838148948096205, 1281116.648917987011373 ], [ 293927.350161793758161, 1281155.491787150967866 ], [ 293926.299828005838208, 1281178.068359858589247 ], [ 293956.623586960951798, 1281177.867463235277683 ], [ 293956.827329825318884, 1281208.622739674756303 ], [ 294017.583852350071538, 1281208.220303734065965 ], [ 294017.485673755058087, 1281193.395822315476835 ], [ 294017.380169648677111, 1281177.465036422247067 ], [ 294047.812993331463076, 1281177.263506446033716 ], [ 294047.651100309216417, 1281152.81417926074937 ], [ 294138.254142478341237, 1281146.018808969063684 ], [ 294138.049857100239024, 1281115.152930502314121 ], [ 294350.316276075667702, 1281113.748789489967749 ], [ 294350.722966858651489, 1281175.259222461143509 ], [ 294381.046663023007568, 1281175.058740210020915 ], [ 294381.452581617515534, 1281236.45853593852371 ], [ 294411.449711198685691, 1281236.370867573888972 ], [ 294411.855589721293654, 1281297.770656411070377 ], [ 294442.288234538864344, 1281297.569493924966082 ], [ 294442.491516533540562, 1281328.324699711287394 ], [ 294472.855261499411426, 1281334.208945518825203 ], [ 294473.221567581640556, 1281389.634687392273918 ], [ 294484.454328756895848, 1281389.228545890888199 ], [ 294595.587186061078683, 1281385.949692821595818 ], [ 294594.094117299770005, 1281358.079538502497599 ], [ 294624.52667485846905, 1281357.878545080777258 ], [ 294624.120466200867668, 1281296.368187494343147 ], [ 294745.196427985094488, 1281295.568867850815877 ], [ 294744.994180897832848, 1281264.924338045297191 ], [ 294805.750349760404788, 1281264.523424927843735 ], [ 294805.547437503002584, 1281233.768274679314345 ], [ 294866.303648530272767, 1281233.367489507189021 ], [ 294866.506500623072498, 1281264.122630665777251 ], [ 294926.826323881687131, 1281263.724832216510549 ], [ 294927.028391551226377, 1281294.36933491542004 ], [ 295018.107928926940076, 1281293.76888926862739 ], [ 295018.31064068118576, 1281324.524008860113099 ], [ 295109.062816195131745, 1281323.925972611410543 ], [ 295109.265442876145244, 1281354.681079143891111 ], [ 295230.340879472787492, 1281353.883613117737696 ], [ 295230.138372696179431, 1281323.128524670377374 ], [ 295290.894278299354482, 1281322.728541718330234 ], [ 295290.69183648575563, 1281291.973462845431641 ], [ 295351.447784302406944, 1281291.573607821483165 ], [ 295351.246135414694436, 1281260.929168299073353 ], [ 295381.133285291783977, 1281260.732519272249192 ], [ 295380.962582247448154, 1281168.464457622729242 ], [ 295441.28243375744205, 1281168.067686528433114 ], [ 295441.686256392335054, 1281229.467165691545233 ], [ 295472.119536537444219, 1281229.377651510061696 ], [ 295472.321788719156757, 1281260.132702177390456 ], [ 295533.077742924797349, 1281259.73321189545095 ], [ 295533.279212397406809, 1281290.377624391112477 ], [ 295593.598780886735767, 1281289.981111595407128 ], [ 295593.80092273268383, 1281320.7361452835612 ], [ 295563.368478379794396, 1281320.936184128280729 ], [ 295563.570655151386745, 1281351.691222856752574 ], [ 295624.326402377686463, 1281351.291882757563144 ], [ 295624.528523769287858, 1281382.046912980498746 ], [ 295685.284192912629806, 1281381.647682688664645 ], [ 295685.687602833146229, 1281443.047096990514547 ], [ 295746.006828632613178, 1281442.650833348743618 ], [ 295746.208844454609789, 1281473.405847110319883 ], [ 295806.964297664060723, 1281473.006826579803601 ], [ 295807.166258095763624, 1281503.761831793468446 ], [ 295897.917548022815026, 1281503.166016188915819 ], [ 295898.118697173369583, 1281533.810378962662071 ], [ 295928.441805699898396, 1281533.611350965220481 ], [ 295928.643655758525711, 1281564.366339234402403 ], [ 296110.472957685939036, 1281563.173481297213584 ], [ 296110.674632421694696, 1281593.928443019744009 ], [ 296141.106725370278582, 1281593.728898023720831 ], [ 296141.308374738320708, 1281624.48385576182045 ], [ 296231.950083676609211, 1281623.889675316633657 ], [ 296232.150922974396963, 1281654.533990825060755 ], [ 296292.905873118550517, 1281654.135864602401853 ], [ 296293.108106910949573, 1281685.00143014988862 ], [ 296323.540082691819407, 1281684.80204980657436 ], [ 296323.740841496677604, 1281715.446352853672579 ], [ 296354.063707730965689, 1281715.247712316690013 ], [ 296354.265166020952165, 1281746.00264065945521 ], [ 296384.260772989480756, 1281745.806168409530073 ], [ 296384.663644448737614, 1281807.31601770920679 ], [ 296414.986411703634076, 1281807.117422578856349 ], [ 296415.187100031820592, 1281837.761714333901182 ], [ 296475.941635970957577, 1281837.363889837404713 ], [ 296476.339285218040459, 1281898.099310983205214 ], [ 296505.490377269918099, 1281902.223183558322489 ], [ 296506.977430584141985, 1281929.429390564095229 ], [ 296567.720174790360034, 1281927.261651271488518 ], [ 296567.496020202350337, 1281959.67884430103004 ], [ 296597.927684937021695, 1281959.479690556181595 ], [ 296598.531468396191485, 1282051.744381888536736 ], [ 296628.853964500187431, 1282051.545958139235154 ], [ 296629.205776784918271, 1282105.311707846820354 ], [ 296629.456976769026369, 1282143.700011607725173 ], [ 296702.317991912248544, 1282143.223312345566228 ], [ 296750.528410021041054, 1282142.90798561135307 ], [ 296750.126154436613433, 1282081.398232594598085 ], [ 296780.557671990536619, 1282081.199239085661247 ], [ 296780.357304832199588, 1282050.554996910504997 ], [ 296901.42900916968938, 1282049.763615669449791 ], [ 296901.228043380600866, 1282019.008762936107814 ], [ 296992.304549373104237, 1282018.41376935550943 ], [ 296992.103678582469001, 1281987.658930609701201 ], [ 297022.535250927787274, 1281987.460188440512866 ], [ 297022.736091566155665, 1282018.215022681746632 ], [ 297357.576688750239555, 1282013.706864125560969 ], [ 297356.241361030144617, 1282059.849709343630821 ], [ 297356.556572182569653, 1282108.194463485386223 ], [ 297386.5516783867497, 1282107.998904155101627 ], [ 297386.752178109891247, 1282138.753686768235639 ], [ 297417.074469245737419, 1282138.556019047740847 ], [ 297417.274943667231128, 1282169.310797722544521 ], [ 297447.706273157149553, 1282169.112444257130846 ], [ 297446.581986021366902, 1282197.441918761469424 ], [ 297478.228223399783019, 1282199.558972985483706 ], [ 297479.230389281990938, 1282353.332832049112767 ], [ 297509.661529086122755, 1282353.134511208860204 ], [ 297510.662941750313621, 1282506.797732302220538 ], [ 297540.984854759939481, 1282506.60012960457243 ], [ 297541.184544738498516, 1282537.244268029229715 ], [ 297510.862661676772404, 1282537.441875187680125 ], [ 297515.649154154933058, 1282568.941191079327837 ], [ 297480.632178466126788, 1282568.394999495241791 ], [ 297480.710062444559298, 1282580.342898458242416 ], [ 297480.834101369604468, 1282599.371033989591524 ], [ 297511.263557762373239, 1282598.951419826596975 ], [ 297511.864216359448619, 1282691.105112092802301 ], [ 297602.50290975155076, 1282690.625072958879173 ], [ 297602.702568483306095, 1282721.26920564728789 ], [ 297693.885765752522275, 1282720.675237673800439 ], [ 297694.086059607565403, 1282751.429986091796309 ], [ 297754.402135874202941, 1282751.037224608939141 ], [ 297755.20239913451951, 1282873.945559320738539 ], [ 297815.95449971902417, 1282873.550039639230818 ], [ 297816.354899435536936, 1282935.059506539255381 ], [ 297846.676347879110835, 1282934.862137317890301 ], [ 297846.875804706127383, 1282965.506238565547392 ], [ 297877.306288613239303, 1282965.308184715453535 ], [ 297878.106202750466764, 1283088.216462648008019 ], [ 297907.991214732988738, 1283088.021969608264044 ], [ 297908.391500914585777, 1283149.531417177757248 ], [ 297938.821795077412389, 1283149.33339561894536 ], [ 297940.221294624381699, 1283364.395190372364596 ], [ 297909.7919315865729, 1283364.703871815698221 ], [ 297910.39105546567589, 1283456.746801175177097 ], [ 297880.50639884872362, 1283456.941347013693303 ], [ 297880.707346221082844, 1283487.806709819240496 ], [ 297759.205571026017424, 1283488.597988171270117 ], [ 297759.004502692434471, 1283457.732607390033081 ], [ 297728.574483518023044, 1283457.930852188263088 ], [ 297728.374831177876331, 1283427.286724672652781 ], [ 297576.987996781419497, 1283428.273396419594064 ], [ 297576.787478237820324, 1283397.518618494970724 ], [ 297546.793646202073433, 1283397.714187918929383 ], [ 297544.491393062344287, 1283429.370358418207616 ], [ 297516.673182721133344, 1283428.666707147844136 ], [ 297516.873044305830263, 1283459.31086578941904 ], [ 297425.691935699491296, 1283459.905691068386659 ], [ 297425.491983991581947, 1283429.261519010411575 ], [ 297213.790027637616731, 1283430.643569616600871 ], [ 297213.589148822415154, 1283399.888738038716838 ], [ 297183.158989742863923, 1283400.087508787633851 ], [ 297183.359898743336089, 1283430.842344864970073 ], [ 297031.972668019472621, 1283431.831677804235369 ], [ 297031.571277644718066, 1283370.432590348878875 ], [ 296940.388962347875349, 1283370.918171694502234 ], [ 296940.187822244362906, 1283340.163300779182464 ], [ 296909.866631877666805, 1283340.361617034301162 ], [ 296909.465029381448403, 1283278.962496804073453 ], [ 296939.786279789113905, 1283278.764189511770383 ], [ 296939.384032842703164, 1283217.25445134122856 ], [ 296909.062722288595978, 1283217.452749653952196 ], [ 296908.862299417727627, 1283186.808505909051746 ], [ 296873.412512462586164, 1283186.708474687533453 ], [ 296875.091897255217191, 1283126.623342714738101 ], [ 296908.460020833648741, 1283125.298761923331767 ], [ 296908.321832402027212, 1283104.168616544920951 ], [ 296938.141869713785127, 1283094.016576048452407 ], [ 296938.379945441149175, 1283063.701373198768124 ], [ 296968.810471716511529, 1283063.502413884969428 ], [ 296968.609409302705899, 1283032.747552717337385 ], [ 296889.528516700374894, 1283032.49020872823894 ], [ 296756.358912018826231, 1283034.135866841534153 ], [ 296756.560184912988916, 1283064.890759447123855 ], [ 296514.424443616066128, 1283066.476360164349899 ], [ 296514.826759028830566, 1283127.87558947596699 ], [ 296545.148217206005938, 1283127.676919742953032 ], [ 296545.349714429001324, 1283158.431845335755497 ], [ 296575.343928531510755, 1283158.235344239743426 ], [ 296575.545400772825815, 1283188.990265879314393 ], [ 296666.618624864495359, 1283188.393781369086355 ], [ 296666.81928712449735, 1283219.038060878403485 ], [ 296727.243835462431889, 1283218.642448154743761 ], [ 296727.0432329151663, 1283187.998177570523694 ], [ 296756.927597303816583, 1283187.691932348301634 ], [ 296755.054400598572101, 1283218.128504269989207 ], [ 296787.995574821135961, 1283218.244811825221404 ], [ 296792.871157041518018, 1283263.240878318436444 ], [ 296788.599402830179315, 1283310.509487158618867 ], [ 296818.920640839613043, 1283310.311056987848133 ], [ 296819.121172338433098, 1283340.955316225765273 ], [ 296788.799964295991231, 1283341.153750872705132 ], [ 296789.001254561822861, 1283371.908644210081547 ], [ 296758.57172732707113, 1283372.218456114875153 ], [ 296759.376332550193183, 1283495.127423702506348 ], [ 296789.806463224755134, 1283494.928222905145958 ], [ 296790.208371939195786, 1283556.327386308461428 ], [ 296820.52936954452889, 1283556.128920232411474 ], [ 296820.729938946547918, 1283586.773183681536466 ], [ 296850.722249592887238, 1283586.355625886935741 ], [ 296851.453443220816553, 1283648.084520490840077 ], [ 296881.883409835514612, 1283647.885386581765488 ], [ 296882.084657309926115, 1283678.640271708136424 ], [ 296912.078317864798009, 1283678.444017556495965 ], [ 296912.278816507779993, 1283709.088269712869078 ], [ 296882.285909542231821, 1283709.395157391438261 ], [ 296882.487166532082483, 1283740.150043572066352 ], [ 296973.231429862673394, 1283739.556347607867792 ], [ 296973.402932064374909, 1283765.775430214358494 ], [ 297034.182462366123218, 1283769.803269032621756 ], [ 297034.383578534878325, 1283800.558133871061727 ], [ 297064.26803095114883, 1283800.362721699988469 ], [ 297064.469122220529243, 1283831.117582614300773 ], [ 297034.584699457627721, 1283831.312999207526445 ], [ 297034.666451407771092, 1283843.81407774053514 ], [ 297034.785825134895276, 1283862.067865104647353 ], [ 296943.605679453350604, 1283862.664291247259825 ], [ 296943.806176539510489, 1283893.308542084414512 ], [ 296883.492074768641032, 1283893.703224294586107 ], [ 296883.291518046986312, 1283863.058964559109882 ], [ 296852.861762675805949, 1283863.258129999507219 ], [ 296852.807452980836388, 1283854.960946636507288 ], [ 296852.66045647644205, 1283832.503237168770283 ], [ 296883.09024204290472, 1283832.304076235275716 ], [ 296882.223923211917281, 1283766.593250800389796 ], [ 296852.257858353317715, 1283770.993453126167879 ], [ 296852.057290492579341, 1283740.349191001383588 ], [ 296700.671317685802933, 1283741.340375611325726 ], [ 296701.34308753896039, 1283777.292003482114524 ], [ 296609.833886945969425, 1283777.670256386045367 ], [ 296610.203618667437695, 1283834.091167445061728 ], [ 296579.773793100262992, 1283834.290596297709271 ], [ 296580.176226710784249, 1283895.689834100427106 ], [ 296610.605991994845681, 1283895.490396238397807 ], [ 296610.807548294542357, 1283926.245326023548841 ], [ 296624.877209245110862, 1283926.153120833216235 ], [ 296641.12821180280298, 1283926.046628213254735 ], [ 296641.329742777510546, 1283956.801554064033553 ], [ 296671.650371739990078, 1283956.602881422499195 ], [ 296671.851877387845889, 1283987.357803270686418 ], [ 296641.53127851546742, 1283987.556480407016352 ], [ 296641.732094042410608, 1284018.200778062222525 ], [ 296589.276756663806736, 1284019.429644306423143 ], [ 296580.116593376384117, 1284019.710957519710064 ], [ 296580.781000495539047, 1283987.954638609662652 ], [ 296549.162464105291292, 1283989.821424582274631 ], [ 296550.585963379242457, 1283957.396319930674508 ], [ 296518.206824368098751, 1283959.710655167233199 ], [ 296515.705856224521995, 1283894.342329213395715 ], [ 296456.187748380354606, 1283899.711156401550397 ], [ 296458.910548567480873, 1283865.839270028984174 ], [ 296425.231928382301703, 1283869.600453233113512 ], [ 296428.2790036436636, 1283835.28389638196677 ], [ 296394.276774073834531, 1283839.600401426665485 ], [ 296397.55471847334411, 1283773.972869464661926 ], [ 296367.561072596115991, 1283774.16963540087454 ], [ 296366.553707477229182, 1283620.616083872970194 ], [ 296396.547501936671324, 1283620.41934016905725 ], [ 296396.345057055295911, 1283589.55375481583178 ], [ 296308.981214847182855, 1283590.126883390825242 ], [ 296275.279048637952656, 1283590.348043744452298 ], [ 296274.608268887270242, 1283554.617610349087045 ], [ 296214.762986745452508, 1283560.099580510286614 ], [ 296214.561097061145119, 1283529.344598595751449 ], [ 296153.809791220584884, 1283529.743452543858439 ], [ 296154.212969437881839, 1283591.142805480631068 ], [ 296123.782835692400113, 1283591.342644273303449 ], [ 296120.766539657139219, 1283630.305713104084134 ], [ 296093.664512511808425, 1283622.407427019905299 ], [ 296098.461943275528029, 1283655.344927557045594 ], [ 296124.186819820082746, 1283652.852637807605788 ], [ 296124.388819047249854, 1283683.607635354623199 ], [ 296092.426001559128053, 1283682.932512278202921 ], [ 296094.269146995269693, 1283714.451174201676622 ], [ 296124.590096408384852, 1283714.252003952628002 ], [ 296125.191776860738173, 1283805.853224401827902 ], [ 296125.398160106444266, 1283837.272001575911418 ], [ 296155.391781594429631, 1283837.074991995235905 ], [ 296186.148872554709669, 1283836.872997769154608 ], [ 296186.026543449028395, 1283868.072656098287553 ], [ 296246.665204298391473, 1283867.231959888711572 ], [ 296245.875830404518638, 1283929.745468716835603 ], [ 296277.498091778485104, 1283928.431527843000367 ], [ 296276.509685441444162, 1283960.632566017098725 ], [ 296308.020665769930929, 1283958.98747924901545 ], [ 296308.257387416844722, 1283995.052666772389784 ], [ 296308.423677404818591, 1284020.38680198835209 ], [ 296332.636545112880412, 1284020.227879759157076 ], [ 296369.173975242767483, 1284019.988100497284904 ], [ 296366.558928551501594, 1284053.638040946563706 ], [ 296429.689743471273687, 1284050.347338943509385 ], [ 296426.843045727349818, 1284115.197605085093528 ], [ 296460.522845791885629, 1284111.657640120945871 ], [ 296457.03954853117466, 1284145.977060174336657 ], [ 296491.044335334096104, 1284142.103089267853647 ], [ 296491.320787195116282, 1284184.252861723303795 ], [ 296491.44776939728763, 1284203.612993782851845 ], [ 296517.761025412124582, 1284207.755145013099536 ], [ 296522.078940190491267, 1284234.168370233150199 ], [ 296548.281645720941015, 1284238.089999398915097 ], [ 296552.600259442289826, 1284264.613853967515752 ], [ 296572.571664946386591, 1284266.363679589470848 ], [ 296643.343139177595731, 1284264.018953673774377 ], [ 296643.545447626733221, 1284294.884514561854303 ], [ 296734.328786390018649, 1284300.48510191612877 ], [ 296734.488970445585437, 1284324.934156045084819 ], [ 296768.208378271840047, 1284327.479099597316235 ], [ 296765.010698043508455, 1284355.490433080354705 ], [ 296800.353729717084207, 1284356.143992805853486 ], [ 296795.943265178357251, 1284382.171852556290105 ], [ 296840.135048312135041, 1284384.980171234114096 ], [ 296850.501332538202405, 1284385.686724273487926 ], [ 296946.635714747011662, 1284392.359180893516168 ], [ 296947.225487105664797, 1284415.809693965362385 ], [ 297099.017469223123044, 1284410.723072427324951 ], [ 297098.917478378571104, 1284445.462724065640941 ], [ 297159.666702084476128, 1284445.065441003534943 ], [ 297159.867802571505308, 1284475.820299518760294 ], [ 297311.249841650133021, 1284474.830797434551641 ], [ 297311.048891451675445, 1284444.075961298542097 ], [ 297341.478007023688406, 1284443.877156614791602 ], [ 297341.076181286131032, 1284382.36749488953501 ], [ 297371.396287674200721, 1284382.169441455276683 ], [ 297372.097558981040493, 1284355.944700619671494 ], [ 297613.32080635544844, 1284349.944767196429893 ], [ 297613.520719947176985, 1284380.588928295997903 ], [ 297795.337757912231609, 1284380.288392628310248 ], [ 297795.533169990754686, 1284410.268755687400699 ], [ 297849.576675015152432, 1284401.840310996165499 ], [ 297857.35372996685328, 1284440.400660316459835 ], [ 297886.910969545948319, 1284440.318705558544025 ], [ 297888.909334828960709, 1284562.887381849810481 ], [ 297917.595380917889997, 1284563.032380571123213 ], [ 297920.465487685636617, 1284685.48473477223888 ], [ 297948.825665863696486, 1284685.853133748052642 ], [ 297949.075031111482531, 1284724.130624100798741 ], [ 297949.431073968997225, 1284778.781146430410445 ], [ 297949.487292628502473, 1284787.410176442936063 ], [ 297950.027154875220731, 1284870.270992208039388 ], [ 297975.773249656544067, 1284871.209587058052421 ], [ 297979.78432640817482, 1284900.943807577248663 ], [ 298010.974891153397039, 1284900.519359642406926 ], [ 298011.375554354279302, 1284962.028842703672126 ], [ 298041.694992164964788, 1284961.831356771290302 ], [ 298041.895300749922171, 1284992.586094638798386 ], [ 298007.002469415194355, 1284993.919710042187944 ], [ 298014.019222643226385, 1285049.743800690863281 ], [ 298013.177331383689307, 1285238.600285575957969 ], [ 297982.749098230327945, 1285238.798552032792941 ], [ 297983.349625896371435, 1285330.952179734129459 ], [ 298013.777768474479672, 1285330.753899850184098 ], [ 298014.177843177283648, 1285392.152769154170528 ], [ 298044.49685978150228, 1285391.955220785457641 ], [ 298044.697955307376105, 1285422.820594626478851 ], [ 298105.008731635054573, 1285422.42770908260718 ], [ 298105.40865490725264, 1285483.826554909581318 ], [ 298166.155537475482561, 1285483.430928453570232 ], [ 298166.355085731367581, 1285514.07502897339873 ], [ 298196.783020663424395, 1285513.876900957664475 ], [ 298196.983984103542753, 1285544.742254579439759 ], [ 298287.61330808524508, 1285544.152295198524371 ], [ 298287.812745908217039, 1285574.796379011124372 ], [ 298408.869784574373625, 1285574.008742857258767 ], [ 298408.670466604991816, 1285543.364676777040586 ], [ 298469.417140492703766, 1285542.969626837875694 ], [ 298468.018151640484575, 1285327.797470995457843 ], [ 298437.699136390874628, 1285327.994595271535218 ], [ 298438.487369170761667, 1285264.707370336633176 ], [ 298406.871060656791087, 1285266.683078486705199 ], [ 298406.721427156182472, 1285243.672375723486766 ], [ 298406.47180407482665, 1285205.284328997600824 ], [ 298370.738428314798512, 1285211.490892929723486 ], [ 298376.389615225722082, 1285174.834593681618571 ], [ 298345.960655094182584, 1285174.921865419950336 ], [ 298345.760619001172017, 1285144.167168938787654 ], [ 298312.060485860274639, 1285144.386378610972315 ], [ 298311.896554503822699, 1285052.119439772330225 ], [ 298345.161258557927795, 1285052.013711069710553 ], [ 298344.961241341894493, 1285021.259016704978421 ], [ 298311.69722386309877, 1285021.475368932355195 ], [ 298311.170228809467517, 1284806.297442997340113 ], [ 298343.562691806000657, 1284806.197427756618708 ], [ 298343.362712343921885, 1284775.442737609613687 ], [ 298310.970936656580307, 1284775.653376502217725 ], [ 298310.687044498627074, 1284664.911516722757369 ], [ 298310.21862309135031, 1284542.554393145954236 ], [ 298309.735968929599039, 1284468.322749603539705 ], [ 298341.364615864411462, 1284468.11712212418206 ], [ 298337.910469984286465, 1284372.995166490785778 ], [ 298371.193873173382599, 1284375.655286867870018 ], [ 298368.030548733833712, 1284342.04341041482985 ], [ 298431.30748405813938, 1284344.619310794631019 ], [ 298429.567447877838276, 1284278.250831356737763 ], [ 298461.228608422912657, 1284283.023628963623196 ], [ 298461.084163376595825, 1284260.787343553267419 ], [ 298521.768678234075196, 1284250.436242160620168 ], [ 298521.578303442103788, 1284221.119755535619333 ], [ 298582.77241236390546, 1284222.050033922540024 ], [ 298581.492698025656864, 1284159.329499220242724 ], [ 298611.92189967748709, 1284159.131984340026975 ], [ 298611.721571825328283, 1284128.266717165242881 ], [ 298679.151216234720778, 1284132.033197533106431 ], [ 298672.272130166704301, 1284097.228492300026119 ], [ 298732.58529643563088, 1284096.837226491421461 ], [ 298733.233241347130388, 1284129.469695646781474 ], [ 298793.525523098418489, 1284125.870323776267469 ], [ 298793.334706777357496, 1284096.443249217001721 ], [ 298854.08409949002089, 1284096.049391036387533 ], [ 298853.884739815839566, 1284065.294788696104661 ], [ 298892.602963722951245, 1284065.043833795003593 ], [ 298914.197913663461804, 1284064.903885597595945 ], [ 298913.560205869027413, 1284033.820235572289675 ], [ 298944.427892628358677, 1284033.952122931368649 ], [ 298948.193942017504014, 1283975.513680659700185 ], [ 298974.35035790828988, 1283972.357151090633124 ], [ 298974.151137200766243, 1283941.602568645728752 ], [ 299004.471427173935808, 1283941.406178316334262 ], [ 298999.342780958395451, 1283907.364548536483198 ], [ 299034.701622799620964, 1283910.454538322519511 ], [ 299034.309056253754534, 1283849.830417497316375 ], [ 299034.10490022553131, 1283818.301450363360345 ], [ 299054.936543400632218, 1283818.166570158908144 ], [ 299094.418500163068529, 1283817.910971745615825 ], [ 299094.036820588691626, 1283758.94629024178721 ], [ 299093.423877959372476, 1283664.248794564278796 ], [ 299123.853487669199239, 1283664.051856794161722 ], [ 299122.660849747015163, 1283479.745790656423196 ], [ 299164.625292529992294, 1283475.380885625723749 ], [ 299183.302283132565208, 1283479.353469151537865 ], [ 299183.065422203741036, 1283442.735650121467188 ], [ 299182.70549222943373, 1283387.089841993292794 ], [ 299216.423128252732567, 1283389.305685517378151 ], [ 299212.936469493084587, 1283356.13849678914994 ], [ 299247.036754403088707, 1283350.054471228271723 ], [ 299242.334252997883596, 1283263.791577244410291 ], [ 299209.84127576573519, 1283265.439900626661256 ], [ 299204.615965884062462, 1283233.279647146817297 ], [ 299184.64504371653311, 1283231.638677943032235 ], [ 299179.122551584034227, 1283204.126909736776724 ], [ 299120.87077837518882, 1283203.065471363486722 ], [ 299123.06846829992719, 1283171.852890611160547 ], [ 299086.556310970219783, 1283176.071876079309732 ], [ 299059.92142082034843, 1283172.814609311986715 ], [ 299059.659820493194275, 1283199.810639836126938 ], [ 298817.8787800000282, 1283205.02704495145008 ], [ 298817.680243412556592, 1283174.383081525331363 ], [ 298757.038103887229227, 1283174.776025373954326 ], [ 298756.838795124960598, 1283144.02142556826584 ], [ 298717.246845948742703, 1283144.278028018306941 ], [ 298605.342287985840812, 1283145.003574392525479 ], [ 298604.943384128913749, 1283083.494331864640117 ], [ 298574.513126621488482, 1283083.691690458217636 ], [ 298574.314369120518677, 1283053.047693658620119 ], [ 298544.429422913002782, 1283053.241540046408772 ], [ 298544.030427707592025, 1282991.732282972196117 ], [ 298513.600071018794551, 1282991.929687352385372 ], [ 298513.201752015796956, 1282930.531051598954946 ], [ 298482.880400261899922, 1282930.727769238874316 ], [ 298482.082980934355874, 1282807.819858148926869 ], [ 298451.652434604940936, 1282808.017295336583629 ], [ 298451.053790827048942, 1282715.753382981056347 ], [ 298481.484427663963288, 1282715.555959208169952 ], [ 298481.285636995104142, 1282684.911955463932827 ], [ 298511.606511490012053, 1282684.60464527644217 ], [ 298511.208286640816368, 1282623.206020092591643 ], [ 298480.8866344896378, 1282623.402693214127794 ], [ 298479.889928359654732, 1282469.740175000391901 ], [ 298510.211730682814959, 1282469.543524138629436 ], [ 298509.215292545210104, 1282315.881041383370757 ], [ 298539.646312356926501, 1282315.683735272847116 ], [ 298539.247543487232178, 1282254.1745035557542 ], [ 298569.13325943693053, 1282253.980771221220493 ], [ 298568.535947407362983, 1282161.827568870736286 ], [ 298598.96710913075367, 1282161.630344239529222 ], [ 298598.36921294091735, 1282069.366531957639381 ], [ 298628.691388157196343, 1282069.170057260897011 ], [ 298628.492845658329315, 1282038.526086728321388 ], [ 298684.329447865136899, 1282036.836783471982926 ], [ 298698.247167167603038, 1281945.806599946925417 ], [ 298718.643809710396454, 1281945.674513769801706 ], [ 298722.199036156293005, 1281854.600836221128702 ], [ 298748.478529709740542, 1281853.324362447252497 ], [ 298749.606849544565193, 1281774.878537460695952 ], [ 298778.203678690071683, 1281760.864350507734343 ], [ 298778.013925204402767, 1281731.547942827222869 ], [ 298777.607938735629432, 1281668.821894800057635 ], [ 298811.325369638158008, 1281670.705705227563158 ], [ 298807.333438143192325, 1281576.361961989430711 ], [ 298870.169469598913565, 1281577.393649972043931 ], [ 298867.689874871517532, 1281514.459784799488261 ], [ 298903.490595141542144, 1281517.989732665708289 ], [ 298897.288239004497882, 1281452.867303272010759 ], [ 298927.720045163412578, 1281452.670508018694818 ], [ 298926.726482969126664, 1281299.008423340739682 ], [ 298957.04936017311411, 1281298.812385322060436 ], [ 298956.850548820220865, 1281268.057848835596815 ], [ 299047.60109399544308, 1281267.471335313981399 ], [ 299047.204379921080545, 1281206.072918341029435 ], [ 299077.526614924136084, 1281205.766384072601795 ], [ 299077.129979583725799, 1281144.367978068999946 ], [ 299139.091322140302509, 1281144.963468394475058 ], [ 299137.487850601784885, 1281082.4665534181986 ], [ 299172.410659031069372, 1281085.11749517545104 ], [ 299166.819540839816909, 1280928.719505813438445 ], [ 299197.251819237775635, 1280928.52305369451642 ], [ 299197.053304487490095, 1280897.768559113144875 ], [ 299227.049303198466077, 1280897.574957076692954 ], [ 299226.256123898667283, 1280774.667629190487787 ], [ 299256.579467304632999, 1280774.471962310140952 ], [ 299255.984900515293702, 1280682.319142159074545 ], [ 299286.417406532447785, 1280682.122814543079585 ], [ 299286.020636562083382, 1280620.613860902376473 ], [ 299316.344121124595404, 1280620.418275491567329 ], [ 299315.948143436748069, 1280559.019960445584729 ], [ 299346.380761025007814, 1280558.823710130993277 ], [ 299345.785849862440955, 1280466.560313461581245 ], [ 299372.728064322494902, 1280466.386608841363341 ], [ 299372.37204787513474, 1280343.476584778865799 ], [ 299405.313666385249235, 1280343.264252451248467 ], [ 299404.880164431408048, 1280276.002714404836297 ], [ 299404.719745886046439, 1280251.111520886886865 ], [ 299433.833729117002804, 1280249.37505329051055 ], [ 299434.84540096076671, 1280220.161659250501543 ], [ 299463.960123324301094, 1280218.53585208253935 ], [ 299465.080907801748253, 1280189.321761363418773 ], [ 299494.19708150671795, 1280187.917242135154083 ], [ 299495.20597094448749, 1280158.261350333224982 ], [ 299522.693826296483167, 1280158.084303734824061 ], [ 299585.959511516615748, 1280157.676907880697399 ], [ 299585.762215979280882, 1280127.033111501950771 ], [ 299616.086136541212909, 1280126.837892517680302 ], [ 299615.689482905552723, 1280065.218427971936762 ], [ 299646.123250228236429, 1280065.133172782603651 ], [ 299645.928876526188105, 1280034.931896369671449 ], [ 299645.728099651751108, 1280003.734974029008299 ], [ 299677.361082237272058, 1280003.531409285729751 ], [ 299706.048920940200333, 1280003.34682495216839 ], [ 299705.866002801107243, 1279974.915595812955871 ], [ 299705.455341274326202, 1279911.083616110729054 ], [ 299735.779454262403306, 1279910.88854621979408 ], [ 299735.58163375093136, 1279880.134148777695373 ], [ 299797.655766449926887, 1279880.951888553565368 ], [ 299796.141941800713539, 1279849.099644408561289 ], [ 299827.78359274729155, 1279850.223784100729972 ], [ 299825.98203244805336, 1279756.640823211055249 ], [ 299886.303278778097592, 1279756.253097333945334 ], [ 299886.105631547980011, 1279725.498724651057273 ], [ 299916.429898173897527, 1279725.303858637576923 ], [ 299916.232285620586481, 1279694.549490882083774 ], [ 299946.665658069658093, 1279694.353958082385361 ], [ 299946.27121790201636, 1279632.955860279267654 ], [ 299976.595565676572733, 1279632.761066769016907 ], [ 299976.200493506970815, 1279571.252352713840082 ], [ 300011.556811878690496, 1279573.237918052822351 ], [ 300006.239694617106579, 1279509.658821191638708 ], [ 300050.308331239968538, 1279509.375861493172124 ], [ 300066.561365667614155, 1279509.271518355701119 ], [ 300070.095410400244873, 1279482.033436360536143 ], [ 300096.688415884796996, 1279478.322523069567978 ], [ 300099.893831492459867, 1279450.865295697934926 ], [ 300126.924607331282459, 1279447.372866668039933 ], [ 300126.786880427855067, 1279425.911210447084159 ], [ 300126.530600866768509, 1279385.974830243736506 ], [ 300158.502026210131589, 1279387.429157346719876 ], [ 300156.657840928179212, 1279355.025922794127837 ], [ 300188.299209050484933, 1279356.039876478724182 ], [ 300186.894222640898079, 1279324.07635456812568 ], [ 300219.707129188580438, 1279320.657566187204793 ], [ 300216.585967170423828, 1279293.240950628882274 ], [ 300244.064556118973996, 1279291.515880475286394 ], [ 300246.62525645934511, 1279231.537148881237954 ], [ 300275.745087243965827, 1279230.576012230943888 ], [ 300276.161974947666749, 1279108.436113175703213 ], [ 300306.595866103365552, 1279108.241020417073742 ], [ 300306.398736769275274, 1279077.486720709362999 ], [ 300336.723571504233405, 1279077.29236123431474 ], [ 300336.133010418736376, 1278985.140105426311493 ], [ 300366.1306832798291, 1278984.947885523550212 ], [ 300365.539544247090816, 1278892.685020595323294 ], [ 300395.864550020720344, 1278892.490746387979016 ], [ 300395.471249285212252, 1278831.092808186542243 ], [ 300426.341725301812403, 1278830.895079164300114 ], [ 300423.678964114515111, 1278738.756149025866762 ], [ 300455.640359866723884, 1278738.551477188710123 ], [ 300455.443436228553765, 1278707.79720582277514 ], [ 300423.046383846318349, 1278708.115294236922637 ], [ 300421.016941061243415, 1278646.72784883226268 ], [ 300455.049602974322625, 1278646.288664710940793 ], [ 300454.459596413711552, 1278554.136483871378005 ], [ 300424.134270026814193, 1278554.330650363350287 ], [ 300423.01755942334421, 1278124.313542356714606 ], [ 300390.945026568719186, 1278124.297595336567611 ], [ 300390.3550780788064, 1278032.1454148797784 ], [ 300420.790003395988606, 1278031.950595500646159 ], [ 300419.80652729794383, 1277878.289909530663863 ], [ 300480.567578875459731, 1277877.901102208765224 ], [ 300480.370816063310485, 1277847.146850048564374 ], [ 300635.182692829577718, 1277849.033186768414453 ], [ 300631.586728908645455, 1277815.534907857421786 ], [ 300668.239752712310292, 1277815.300613155588508 ], [ 300691.911493869731203, 1277815.149320751894265 ], [ 300691.742521958891302, 1277788.70954139623791 ], [ 300691.518409726850223, 1277753.640880693681538 ], [ 300722.391321659320965, 1277753.664862441364676 ], [ 300721.560556340904441, 1277691.937968088546768 ], [ 300751.88667727750726, 1277691.744220038177446 ], [ 300751.493750464520417, 1277630.23580189421773 ], [ 300781.929013929504436, 1277630.041395439067855 ], [ 300781.53687242482556, 1277568.643614857923239 ], [ 300811.863104315241799, 1277568.449943575076759 ], [ 300811.470334775513038, 1277506.941547298338264 ], [ 300871.795643255580217, 1277506.55640001129359 ], [ 300871.600031208712608, 1277475.912838005227968 ], [ 300932.361731523822527, 1277475.525031720753759 ], [ 300932.164771994051989, 1277444.660225945757702 ], [ 300962.600189482909627, 1277444.466023665154353 ], [ 300962.404676431207918, 1277413.822475907159969 ], [ 300992.731031851784792, 1277413.629003651672974 ], [ 300992.534847565926611, 1277382.874834297923371 ], [ 301022.533965514798183, 1277382.683483270229772 ], [ 301022.338521069439594, 1277352.039945301832631 ], [ 301052.774015438742936, 1277351.845844905823469 ], [ 301052.381789444305468, 1277290.337526365416124 ], [ 301113.034709235420451, 1277289.950823236024007 ], [ 301112.643326786754187, 1277228.553150857100263 ], [ 301173.405436922446825, 1277228.165888199117035 ], [ 301173.208755106315948, 1277197.301121995551512 ], [ 301203.20802485931199, 1277197.109972151229158 ], [ 301203.012787089915946, 1277166.466463612625375 ], [ 301263.774991147452965, 1277166.079395559150726 ], [ 301263.579113163403235, 1277135.325269973138347 ], [ 301293.905694441869855, 1277135.132132123922929 ], [ 301294.101542496180627, 1277165.886253314092755 ], [ 301415.298616329557262, 1277165.114673749776557 ], [ 301415.435910639702342, 1277186.68679711362347 ], [ 301536.581442689697724, 1277194.987719821976498 ], [ 301536.386532753997017, 1277164.344259411795065 ], [ 301566.713045163138304, 1277164.151382471667603 ], [ 301562.848742939298972, 1277071.135566833196208 ], [ 301596.562008423847146, 1277071.69561110669747 ], [ 301589.311153724207543, 1276977.926926280604675 ], [ 301626.302803767495789, 1276979.351220229640603 ], [ 301626.107312583946623, 1276948.597150475950912 ], [ 301656.543110248167068, 1276948.40369956381619 ], [ 301656.152904939895961, 1276887.006196618080139 ], [ 301686.043312855996192, 1276886.816250127973035 ], [ 301685.652482025441714, 1276825.308131796307862 ], [ 301716.088391066004988, 1276825.114757389063016 ], [ 301711.466277492931113, 1276698.582764447666705 ], [ 301745.634542990999762, 1276702.016536534531042 ], [ 301745.352791575132869, 1276657.655482615809888 ], [ 301744.853953664307483, 1276579.110975896008313 ], [ 301775.290094027121086, 1276578.917695998214185 ], [ 301774.509698847075924, 1276456.012161356396973 ], [ 301804.836864291050006, 1276455.819621296366677 ], [ 301804.056662805494852, 1276332.914112646365538 ], [ 301773.729377821902744, 1276333.106635181931779 ], [ 301773.338893971173093, 1276271.598562236176804 ], [ 301833.66630581492791, 1276271.215641209622845 ], [ 301833.517861238564365, 1276179.061418754747137 ], [ 301863.408921215799637, 1276178.871745952405035 ], [ 301862.824242054077331, 1276086.720310534583405 ], [ 301893.260143143124878, 1276086.416593202855438 ], [ 301892.870674078701995, 1276025.019189683720469 ], [ 301927.789925347897224, 1276026.346532580442727 ], [ 301923.003893717657775, 1275994.183445068076253 ], [ 301948.848890513530932, 1275992.470718004275113 ], [ 301957.641548554995097, 1275933.891501544276252 ], [ 301983.378202169435099, 1275932.290128655731678 ], [ 301978.591529390309006, 1275900.016415145713836 ], [ 302013.183623492484912, 1275901.345949071692303 ], [ 302012.989384184824303, 1275870.702580602606758 ], [ 302043.317082823661622, 1275870.51035923906602 ], [ 302042.927275451598689, 1275809.002380886580795 ], [ 302073.364122185157612, 1275808.80950651364401 ], [ 302073.169255459564738, 1275778.055522538954392 ], [ 302103.497035114676692, 1275777.863373387604952 ], [ 302103.051310739363544, 1275707.505350064951926 ], [ 275258.801195219275542, 1275412.21413799514994 ], [ 275304.350950351799838, 1275874.167187613202259 ] ] ], [ [ [ 296692.422804840549361, 1282481.385031939484179 ], [ 296722.417650737043004, 1282481.188775109825656 ], [ 296722.015230372780934, 1282419.679001507116482 ], [ 296752.337348508473951, 1282419.480642155045643 ], [ 296751.935730915574823, 1282358.081508738687262 ], [ 296721.613552781112958, 1282358.279859118629247 ], [ 296721.21117047482403, 1282296.770089730620384 ], [ 296539.713939671812113, 1282297.95790368062444 ], [ 296539.915308322000783, 1282328.712815005797893 ], [ 296479.16175279696472, 1282329.11066474346444 ], [ 296479.363186426518951, 1282359.86558565008454 ], [ 296418.609673269675113, 1282360.263563349843025 ], [ 296418.811171880690381, 1282391.018493760377169 ], [ 296388.488975085318089, 1282391.217174359131604 ], [ 296388.891321756644174, 1282452.616416560253128 ], [ 296328.574252219870687, 1282453.01173969800584 ], [ 296328.977462474722415, 1282514.521631143055856 ], [ 296359.299548018898349, 1282514.322873606812209 ], [ 296359.701992100686766, 1282575.722128885798156 ], [ 296420.018813836504705, 1282575.32682890468277 ], [ 296419.817286647798028, 1282544.57189533370547 ], [ 296541.323573364410549, 1282543.775950820650905 ], [ 296541.524980106740259, 1282574.530866359826177 ], [ 296662.594787692883983, 1282573.738235152093694 ], [ 296662.192943025380373, 1282512.339069597423077 ], [ 296692.624051896680612, 1282512.139923978596926 ], [ 296692.422804840549361, 1282481.385031939484179 ] ] ], [ [ [ 289997.827292218513321, 1282741.103168725501746 ], [ 290054.011375496862456, 1282742.272331489715725 ], [ 290057.156035473395605, 1282771.791363677941263 ], [ 290123.28453840711154, 1282775.659377525793388 ], [ 290118.900502093019895, 1282740.284922947641462 ], [ 290212.17897207592614, 1282742.531423177802935 ], [ 290240.813368470524438, 1282734.593422495992854 ], [ 290239.765217814943753, 1282708.600649992004037 ], [ 290271.860146233346313, 1282712.36690818099305 ], [ 290269.990241021674592, 1282677.749951222678646 ], [ 290331.554115611244924, 1282684.083280575927347 ], [ 290330.53746914176736, 1282646.583995260763913 ], [ 290269.782606817432679, 1282646.994089788990095 ], [ 290269.574977526091971, 1282616.238228879403323 ], [ 290174.677965929615311, 1282616.657729777507484 ], [ 290087.746401256590616, 1282617.466250558383763 ], [ 290087.954210818221327, 1282648.22213928680867 ], [ 290057.958508809329942, 1282648.424829347059131 ], [ 290057.750669509056024, 1282617.6689360269811 ], [ 290027.318631610949524, 1282617.874599287286401 ], [ 290027.734375472762622, 1282679.386395769426599 ], [ 289997.411468552658334, 1282679.591360863763839 ], [ 289997.618630041717552, 1282710.236631784820929 ], [ 289967.295748496660963, 1282710.441631147172302 ], [ 289967.088557051087264, 1282679.796355599304661 ], [ 289936.656565695360769, 1282680.002117527415976 ], [ 289936.863787205191329, 1282710.647397719323635 ], [ 289876.545226683956571, 1282711.055331523763016 ], [ 289876.753261004108936, 1282741.811254259897396 ], [ 289815.999190349481069, 1282742.332899487810209 ], [ 289816.414645688026212, 1282803.73413231712766 ], [ 289937.487725508399308, 1282802.915139793651178 ], [ 289937.279741153353825, 1282772.15922523336485 ], [ 289998.034463510673959, 1282771.748440689407289 ], [ 289997.827292218513321, 1282741.103168725501746 ] ] ], [ [ [ 302511.213236046547536, 1277987.885459722951055 ], [ 302511.454797323967796, 1277957.128514659125358 ], [ 302571.778622411889955, 1277956.746524008689448 ], [ 302571.584611265163403, 1277926.10330927814357 ], [ 302632.345036612940021, 1277925.718681036029011 ], [ 302631.955745967454277, 1277864.210797999287024 ], [ 302662.281415024830494, 1277864.018882568925619 ], [ 302661.892902065417729, 1277802.621525400551036 ], [ 302691.891370619414374, 1277802.431718671927229 ], [ 302690.724023069895338, 1277617.908251262037084 ], [ 302721.049813940771855, 1277617.716430156724527 ], [ 302719.88351128238719, 1277433.303522969596088 ], [ 302538.036165730969515, 1277434.45404831902124 ], [ 302537.842202931293286, 1277403.81083820364438 ], [ 302507.952415130625013, 1277404.000044140499085 ], [ 302507.321377385931555, 1277373.248634916497394 ], [ 302477.322468860249501, 1277373.438556316774338 ], [ 302477.128455931087956, 1277342.795338593656197 ], [ 302416.366848595906049, 1277343.180096222786233 ], [ 302416.171378599363379, 1277312.315508123720065 ], [ 302264.758299459470436, 1277313.274785652989522 ], [ 302265.148141047451645, 1277374.782643860438839 ], [ 302234.712959296652116, 1277374.975563840707764 ], [ 302234.907918833428994, 1277405.729774706065655 ], [ 302113.821354301180691, 1277406.497620469424874 ], [ 302114.015734148444608, 1277437.140891504241154 ], [ 302083.68956858839374, 1277437.333276873687282 ], [ 302083.885387302609161, 1277468.197915325406939 ], [ 302053.450160617940128, 1277468.391026817262173 ], [ 302054.034927834698465, 1277560.542565366718918 ], [ 302023.708982442098204, 1277560.73502670484595 ], [ 302024.098674961016513, 1277622.132337415358052 ], [ 302054.424560583080165, 1277621.939867335138842 ], [ 302055.985385752283037, 1277867.861416745698079 ], [ 302086.420222126878798, 1277867.668248179368675 ], [ 302086.615403840434738, 1277898.422268079128116 ], [ 302116.941120499861427, 1277898.229817077517509 ], [ 302117.136276902398095, 1277928.983833125559613 ], [ 302177.460490998229943, 1277928.601086326874793 ], [ 302178.091230174701195, 1277959.241589520825073 ], [ 302268.849760824057739, 1277958.665949802612886 ], [ 302269.044778250157833, 1277989.420166298747063 ], [ 302329.805170014151372, 1277989.034929544664919 ], [ 302330.000129962223582, 1278019.788805942982435 ], [ 302481.409729876322672, 1278018.829322071978822 ], [ 302481.214919455582276, 1277988.075467495247722 ], [ 302511.213236046547536, 1277987.885459722951055 ] ] ], [ [ [ 298744.148633695265744, 1295861.497576123801991 ], [ 299895.381509208644275, 1295895.690693121403456 ], [ 300098.178141512034927, 1295477.285364612005651 ], [ 298699.49694026610814, 1295319.574449688661844 ], [ 298166.968201321957167, 1295615.027755837654695 ], [ 298744.148633695265744, 1295861.497576123801991 ] ] ], [ [ [ 304703.337598639307544, 1295656.230367422569543 ], [ 304246.977280214428902, 1294991.698937825160101 ], [ 303096.00821593159344, 1294999.044871686957777 ], [ 302608.830149644636549, 1295961.562829074449837 ], [ 301378.381822183378972, 1296386.683077313005924 ], [ 301175.847106720728334, 1296846.785109526710585 ], [ 301794.342586383630987, 1297134.856274891877547 ], [ 302369.737033782585058, 1297131.147888795472682 ], [ 303515.827850829926319, 1296372.940954185789451 ], [ 304419.345960997277871, 1296242.053708069259301 ], [ 304587.460970118874684, 1296824.891376999672502 ], [ 303518.228379062609747, 1296748.296525962883607 ], [ 303727.726351913413964, 1297372.685614771675318 ], [ 304549.812850538408384, 1297367.441351191839203 ], [ 305330.533150577568449, 1297320.773836301174015 ], [ 305324.18873148097191, 1296319.723251102259383 ], [ 305321.810381987248547, 1295944.260287741897628 ], [ 304703.337598639307544, 1295656.230367422569543 ] ] ] ] } }
]
}
