{
"type": "FeatureCollection",
"name": "djibouti_level_2_pcs",
"crs": { "type": "name", "properties": { "name": "urn:ogc:def:crs:EPSG::32638" } },
"features": [
{ "type": "Feature", "properties": { "ADM0_EN": "Djibouti", "ADM0_PCODE": "DJ", "ADM1_EN": "Ali Sabieh", "ADM1_PCODE": "DJ05", "ADM1_AR": "إقليم على صبيح", "ADM2_EN": "Ali Adde", "ADM2_PCODE": "DJ0511", "x": 0 }, "geometry": { "type": "MultiPolygon", "coordinates": [ [ [ [ 260763.648767884995323, 1212324.661931473994628 ], [ 260569.135836607194506, 1220503.128251648973674 ], [ 260527.054415939055616, 1220533.294173107948154 ], [ 260569.396893380850088, 1226300.535184631356969 ], [ 267640.178028142719995, 1242212.932592692086473 ], [ 291134.222011342528276, 1237352.866095793666318 ], [ 291093.855130064766854, 1237276.347761841490865 ], [ 290887.934885123628192, 1237086.999968088697642 ], [ 290815.042728320462629, 1236955.270230867434293 ], [ 290716.663595500285737, 1236777.401724412105978 ], [ 290615.691403368953615, 1236563.979099079035223 ], [ 290562.636996391811408, 1236451.697866177419201 ], [ 290562.839317525387742, 1236419.326771915657446 ], [ 290563.238552703289315, 1236348.801663630409166 ], [ 290477.171343595371582, 1236314.331521221902221 ], [ 290393.805707353283651, 1236222.265323844272643 ], [ 290389.391025931981858, 1236217.393460611114278 ], [ 290305.876520652673207, 1236125.205018518958241 ], [ 290297.182842946436722, 1236055.2927480568178 ], [ 290288.778764459304512, 1235988.055280248634517 ], [ 290066.239333907084074, 1235730.160572051303461 ], [ 289843.637183144805022, 1235335.105227736057714 ], [ 289774.99751588923391, 1235276.181471419055015 ], [ 289745.241082059859764, 1235250.655558546772227 ], [ 289723.379340475366917, 1235231.87829793128185 ], [ 289723.42714008607436, 1235212.02450421708636 ], [ 289723.585725611425005, 1235146.136278103804216 ], [ 289603.716696643386967, 1234974.317604888230562 ], [ 289598.144895971752703, 1234940.509112446568906 ], [ 289593.691499707754701, 1234913.201636760961264 ], [ 289586.827893228386529, 1234871.481337100500241 ], [ 289346.579982272232883, 1234647.890031069284305 ], [ 289315.217832004185766, 1234571.034109070431441 ], [ 289302.649403808522038, 1234540.27795623941347 ], [ 289260.795013646362349, 1234437.771206591511145 ], [ 289245.479191198479384, 1234400.23524500313215 ], [ 289192.392716649570502, 1234270.147283853497356 ], [ 289189.201794643013272, 1234266.357725131325424 ], [ 289005.454239184386097, 1234048.121693965047598 ], [ 289004.243283671850804, 1234046.691455550026149 ], [ 289000.708535265061073, 1234039.005489013157785 ], [ 288903.356799072935246, 1233827.445041618309915 ], [ 288901.512399464263581, 1233823.43705323827453 ], [ 288781.323301611235365, 1233737.484213559888303 ], [ 288685.244104925426655, 1233501.333845767891034 ], [ 288627.614236229448579, 1233359.773187551181763 ], [ 288589.921051529701799, 1233322.021377006778494 ], [ 288542.756319442647509, 1233274.818666631123051 ], [ 288369.991174185706768, 1233101.808667742647231 ], [ 288370.156755795003846, 1233060.319376785773784 ], [ 288370.30307903373614, 1233016.402323168236762 ], [ 288232.70623656414682, 1232758.078164149075747 ], [ 288103.381720886100084, 1232628.192083852831274 ], [ 288097.105573425418697, 1232621.888684632489458 ], [ 288010.444332293525804, 1232534.943654611939564 ], [ 287919.631356204976328, 1232348.011541955173016 ], [ 287835.98612019396387, 1232176.345491966232657 ], [ 287752.296269799233414, 1232004.589312555966899 ], [ 287750.656922318506986, 1232001.227888374356553 ], [ 287650.854028209112585, 1231796.595766003243625 ], [ 287610.453171831555665, 1231759.130766775459051 ], [ 287569.908439850492869, 1231721.532655612565577 ], [ 287429.57439932320267, 1231591.49067787011154 ], [ 287427.940933868056163, 1231589.41591566754505 ], [ 287370.83086444606306, 1231451.877278628526255 ], [ 287257.183366463519633, 1231178.181041914271191 ], [ 286828.66520255128853, 1230662.557027252390981 ], [ 286763.055434641661122, 1230456.196033053798601 ], [ 286710.681889832601883, 1230291.467499539721757 ], [ 286708.6164989193785, 1230284.971593875205144 ], [ 286509.394996430259198, 1230113.469042078126222 ], [ 286468.843445798731409, 1230078.545542811742052 ], [ 286297.72989361116197, 1229666.581694741966203 ], [ 286074.590358678833582, 1229460.150035882601514 ], [ 286065.912447526934557, 1229442.276084513869137 ], [ 286011.745109481969848, 1229330.783088800031692 ], [ 285943.439814840792678, 1229190.19759678770788 ], [ 285749.257826828456018, 1228790.552209038753062 ], [ 285509.147637178306468, 1228601.248863206710666 ], [ 285355.531648181437049, 1228173.767972707282752 ], [ 285354.974355595535599, 1228172.112104843137786 ], [ 285270.608763099706266, 1228079.743693370604888 ], [ 285166.539368659141473, 1227965.803198050009087 ], [ 285149.464194080268499, 1227845.764543597586453 ], [ 284943.757106128148735, 1227622.31112598720938 ], [ 284789.589936944539659, 1227261.659501895541325 ], [ 284664.985845544491895, 1227144.991224749246612 ], [ 284532.513119005365297, 1227020.956534368684515 ], [ 284532.44759450503625, 1226978.089952204143628 ], [ 284532.382016603951342, 1226935.213746091583744 ], [ 284395.514821710588876, 1226729.118805879494175 ], [ 284380.26258521899581, 1226621.818651241715997 ], [ 284378.431348126614466, 1226608.963022649753839 ], [ 284376.231705493410118, 1226606.107344631338492 ], [ 284190.473538587451912, 1226360.728838507086039 ], [ 284187.945891003357247, 1226357.390420377720147 ], [ 284002.1776334985625, 1226112.048648820724338 ], [ 284001.185363243101165, 1226110.727587228873745 ], [ 283933.593306898488663, 1225937.36496881605126 ], [ 283847.963293192675337, 1225717.813090626848862 ], [ 283846.772219971637242, 1225715.338959784945473 ], [ 283770.660455807694234, 1225616.695046531967819 ], [ 283573.293679679278284, 1225360.957472402136773 ], [ 283497.949233899591491, 1225263.330998986260965 ], [ 283436.056985272676684, 1225183.135849743615836 ], [ 283301.415797243826091, 1224853.66727673378773 ], [ 283281.766540932294447, 1224805.485271899728104 ], [ 283272.560458767809905, 1224798.225402074633166 ], [ 283251.321541058365256, 1224781.532853812444955 ], [ 283199.02838302985765, 1224740.28104544361122 ], [ 283042.58814412530046, 1224616.965611814288422 ], [ 283041.374291275686119, 1224615.203489515697584 ], [ 283017.832213418325409, 1224496.430750465719029 ], [ 283013.55674284696579, 1224474.989279381697997 ], [ 283009.68017340451479, 1224455.339144800556824 ], [ 283007.557418872485869, 1224444.652939008781686 ], [ 282853.448454415192828, 1224152.671107201371342 ], [ 282743.60772385308519, 1224020.908234043279663 ], [ 282681.524504423956387, 1223946.471362529322505 ], [ 282647.366023890615907, 1223826.299449472455308 ], [ 282554.531880863243714, 1223733.122848419472575 ], [ 282535.589408348198049, 1223714.063987062545493 ], [ 282493.357954807346687, 1223671.573542812373489 ], [ 282321.873972285771742, 1223276.743725119158626 ], [ 282219.92914790235227, 1223181.722157074138522 ], [ 282081.802299477509223, 1223052.976517885923386 ], [ 281954.253774723736569, 1222773.802964950213209 ], [ 281905.11862901924178, 1222666.14823105931282 ], [ 281902.738273940514773, 1222660.931273901602253 ], [ 281893.474285886331927, 1222640.889853856060654 ], [ 281891.20751400385052, 1222638.621205419301987 ], [ 281726.887843598611653, 1222474.184820237802342 ], [ 281653.17432133492548, 1222400.419705404434353 ], [ 281652.289555012364872, 1222398.87657350115478 ], [ 281535.201577159692533, 1222178.782521561253816 ], [ 281513.908919832552783, 1222138.780119400005788 ], [ 281444.000440684554633, 1222007.443970910273492 ], [ 281242.422291582566686, 1221628.808991116005927 ], [ 281241.881504097720608, 1221627.732336244545877 ], [ 281224.646633126481902, 1221617.275356757221743 ], [ 281197.423778974101879, 1221600.786882815416902 ], [ 281190.070973759691697, 1221596.299949689069763 ], [ 281185.02288849814795, 1221593.23588200728409 ], [ 281184.02012290712446, 1221589.860924844630063 ], [ 281133.803436226327904, 1221420.857241227291524 ], [ 279945.616040656808764, 1219141.051021879073232 ], [ 277266.070180744980462, 1215010.837905375985429 ], [ 274777.915695286297705, 1213045.885687322821468 ], [ 274494.237602582783438, 1213024.97477892646566 ], [ 274458.608431191183627, 1213022.348620751406997 ], [ 261792.661925829976099, 1212091.201662191888317 ], [ 260763.648767884995323, 1212324.661931473994628 ] ] ] ] } },
{ "type": "Feature", "properties": { "ADM0_EN": "Djibouti", "ADM0_PCODE": "DJ", "ADM1_EN": "Ali Sabieh", "ADM1_PCODE": "DJ05", "ADM1_AR": "إقليم على صبيح", "ADM2_EN": "Ali Sabieh", "ADM2_PCODE": "DJ0512", "x": 1 }, "geometry": { "type": "MultiPolygon", "coordinates": [ [ [ [ 267640.178028142719995, 1242212.932592692086473 ], [ 260569.396893380850088, 1226300.535184631356969 ], [ 260527.054415939055616, 1220533.294173107948154 ], [ 260569.135836607194506, 1220503.128251648973674 ], [ 260763.648767884995323, 1212324.661931473994628 ], [ 254912.507742580812192, 1213652.858045245986432 ], [ 255402.237030194548424, 1217717.721787488320842 ], [ 252795.177383315749466, 1222270.853693737182766 ], [ 251078.99855181723251, 1223097.621638821670786 ], [ 245896.487844820192549, 1221161.313813484506682 ], [ 243382.911717676790431, 1222808.492303166305646 ], [ 240735.498291132185841, 1225119.827236490091309 ], [ 235690.065404200053308, 1222986.152197340503335 ], [ 235658.924713023763616, 1222980.043142603477463 ], [ 236064.98440990538802, 1241541.788766009733081 ], [ 235272.724744154198561, 1244426.35820995294489 ], [ 240166.466987900988897, 1244213.62033496494405 ], [ 241457.031801521981834, 1244157.643543447135016 ], [ 242533.376419395877747, 1244679.959474071161821 ], [ 242687.762258241826203, 1244754.882020692806691 ], [ 258884.15022565642721, 1252620.516373491846025 ], [ 267640.178028142719995, 1242212.932592692086473 ] ] ] ] } },
{ "type": "Feature", "properties": { "ADM0_EN": "Djibouti", "ADM0_PCODE": "DJ", "ADM1_EN": "Ali Sabieh", "ADM1_PCODE": "DJ05", "ADM1_AR": "إقليم على صبيح", "ADM2_EN": "Holhol", "ADM2_PCODE": "DJ0513", "x": 2 }, "geometry": { "type": "MultiPolygon", "coordinates": [ [ [ [ 291134.222011342528276, 1237352.866095793666318 ], [ 267640.178028142719995, 1242212.932592692086473 ], [ 258884.15022565642721, 1252620.516373491846025 ], [ 265414.361099148751236, 1255795.025843719020486 ], [ 267334.63363942806609, 1263813.344172657700256 ], [ 270024.653430056001525, 1267636.447727230144665 ], [ 272627.791810408176389, 1267782.388081740355119 ], [ 292919.470882493362296, 1268927.336579857161269 ], [ 299267.175907633733004, 1264815.388728416757658 ], [ 305061.005615545553155, 1261064.452791929012164 ], [ 305124.660034922184423, 1261168.025627127150074 ], [ 305730.069067857926711, 1260631.407830201089382 ], [ 303496.249828070052899, 1257079.107826442457736 ], [ 303495.148663610685617, 1257077.565855364315212 ], [ 303392.056869587453548, 1256929.6311229262501 ], [ 303332.029703640379012, 1256843.491995208663866 ], [ 303331.140383923309855, 1256841.629330321447924 ], [ 303134.357030315324664, 1256429.538870415417477 ], [ 303126.978762950282544, 1256414.087945401901379 ], [ 303048.32769629888935, 1256335.144869931740686 ], [ 302887.288898590719327, 1256173.410338499583304 ], [ 302835.696450775954872, 1256054.317355154082179 ], [ 302716.103994330216665, 1255778.335324409184977 ], [ 302699.564908412983641, 1255757.763850088231266 ], [ 302480.407770080957562, 1255485.174936242867261 ], [ 302356.856851987307891, 1255331.505936575355008 ], [ 302244.762331837322563, 1255061.086258721072227 ], [ 302186.063552165869623, 1254919.481546783354133 ], [ 301999.95479715464171, 1254748.281165937660262 ], [ 301980.403828043665271, 1254730.245601946255192 ], [ 301979.398468489176594, 1254728.03619307721965 ], [ 301962.575693957740441, 1254691.126950161065906 ], [ 301792.529975670098793, 1254318.083429883234203 ], [ 301787.563127034227364, 1254313.481816470157355 ], [ 301779.511569858586881, 1254306.033597915666178 ], [ 301741.189319373108447, 1254270.539454874815419 ], [ 301569.67189010605216, 1254111.640780207933858 ], [ 301406.545026858337224, 1253775.90374864381738 ], [ 301227.80829847836867, 1253408.17440678877756 ], [ 301226.959159492049366, 1253407.025076348567382 ], [ 301089.452401800896041, 1253278.726435662712902 ], [ 300987.872524179285392, 1253183.999281621072441 ], [ 300811.947950246976689, 1252776.103452752577141 ], [ 300765.640509219141677, 1252668.86155827366747 ], [ 300543.152510046260431, 1252462.382196729071438 ], [ 300269.600742156675551, 1251878.534752184292302 ], [ 300198.724869510333519, 1251822.562940190080553 ], [ 300127.836670357384719, 1251766.581920725991949 ], [ 300046.870597071829252, 1251702.642407942330465 ], [ 300029.687980383227114, 1251688.386217901250347 ], [ 300009.791290632507298, 1251589.430151905398816 ], [ 299995.035630189697258, 1251517.281576459761709 ], [ 299959.249191104318015, 1251469.161058790283278 ], [ 299892.852181447437033, 1251379.967894342727959 ], [ 299864.918955653323792, 1251295.843439772957936 ], [ 299824.521311863267329, 1251174.183152686338872 ], [ 299464.896699746605009, 1250744.434020177228376 ], [ 299311.298749317473266, 1250366.716158107621595 ], [ 298985.49817211763002, 1250074.268353883409873 ], [ 298985.855774068855681, 1249977.743249429157004 ], [ 298985.942674254649319, 1249954.262218982214108 ], [ 298894.791287363739684, 1249751.674814305268228 ], [ 298747.263520558422897, 1249423.84388360613957 ], [ 298746.411584133980796, 1249421.950840300181881 ], [ 298657.744280414539389, 1249351.927953525679186 ], [ 298506.526842522493098, 1249232.627006197813898 ], [ 298443.735645083826967, 1249058.669871611986309 ], [ 298370.234701453300659, 1248855.408673640573397 ], [ 298369.615342025121208, 1248854.471562144113705 ], [ 298331.231059071957134, 1248810.791686843382195 ], [ 298316.016179710044526, 1248793.501651855418459 ], [ 298112.91644868516596, 1248562.701726873638108 ], [ 297976.211306281620637, 1248356.462060576770455 ], [ 297965.076540059992112, 1248277.973989528138191 ], [ 297958.893011670035776, 1248236.061401018174365 ], [ 297836.195803936745506, 1248080.7806256422773 ], [ 297655.831630121159833, 1247852.506305161165074 ], [ 297565.305888938135467, 1247737.935613910201937 ], [ 297559.413457315415144, 1247723.752671007066965 ], [ 297548.914983837050386, 1247698.482939133886248 ], [ 297469.517118645191658, 1247507.041397493565455 ], [ 297429.517367897147778, 1247410.508865933399647 ], [ 297394.410868437844329, 1247325.859182137530297 ], [ 297265.881346302223392, 1247224.469109331257641 ], [ 297154.534901849110611, 1247136.654584606178105 ], [ 296829.455115784308873, 1246398.263922207755968 ], [ 296698.071627894241828, 1246275.74467821419239 ], [ 296589.534628842549864, 1246174.211159495636821 ], [ 296479.262974796292838, 1245937.38679200457409 ], [ 296469.855841018317733, 1245917.099515394540504 ], [ 296195.965051606355701, 1245556.183366172248498 ], [ 295978.815958293387666, 1245085.660607339348644 ], [ 295871.07416803605156, 1244852.208648549858481 ], [ 295648.28182100423146, 1244662.893211039714515 ], [ 295648.124025993281975, 1244661.781926014926285 ], [ 295641.074122832738794, 1244612.131336269900203 ], [ 295631.47458890551934, 1244544.73508216207847 ], [ 295631.244076789647806, 1244542.855812850641087 ], [ 295627.431468918453902, 1244535.419899754226208 ], [ 295343.500181519426405, 1243981.686669439543039 ], [ 295340.624803544953465, 1243976.062800807878375 ], [ 295304.876941133756191, 1243942.631175328744575 ], [ 295235.701935658580624, 1243877.938498415984213 ], [ 295234.788935906020924, 1243877.084166412940249 ], [ 295083.314684839220718, 1243735.311788364313543 ], [ 294996.991534239030443, 1243523.118163843173534 ], [ 294930.507437725609634, 1243359.729216781677678 ], [ 294929.39158421009779, 1243357.368050553835928 ], [ 294790.420235299156047, 1243227.984550952911377 ], [ 294689.470530087593943, 1243134.000715165631846 ], [ 294685.02424697263632, 1243123.459593324223533 ], [ 294502.484404005925171, 1242690.712305581197143 ], [ 294501.177685636968818, 1242687.615114756627008 ], [ 294470.642215253552422, 1242649.650157359428704 ], [ 294392.064985906588845, 1242551.98786711320281 ], [ 294141.574167152866721, 1242240.41073722508736 ], [ 294085.611704740847927, 1242112.694623397896066 ], [ 293953.615253902971745, 1241811.459518585819751 ], [ 293828.04170358448755, 1241685.422500162618235 ], [ 293713.753514944459312, 1241570.713811149587855 ], [ 293405.81758281996008, 1240918.18918801471591 ], [ 293011.706110838800669, 1240471.33376943343319 ], [ 293011.571040780632757, 1240433.387527076061815 ], [ 293011.481102676712908, 1240385.484137952094898 ], [ 292827.689496394130401, 1240104.816579564008862 ], [ 292722.863475761143491, 1239944.804489734116942 ], [ 292635.062051265966147, 1239810.818145538214594 ], [ 292620.824608569615521, 1239789.095942451385781 ], [ 292617.673832502914593, 1239784.296299043111503 ], [ 292615.972788583138026, 1239780.356112130451947 ], [ 292589.581989705795422, 1239719.359825095860288 ], [ 292446.793782939668745, 1239389.319357755826786 ], [ 292445.118670927244239, 1239387.897903981618583 ], [ 292233.409134482266381, 1239208.27389268996194 ], [ 292223.853788841632195, 1239200.14870974374935 ], [ 292196.833423923235387, 1239133.690116392681375 ], [ 292149.129869812168181, 1239016.414311543107033 ], [ 292070.241373132448643, 1238822.442399984458461 ], [ 292029.337666675099172, 1238781.470197324175388 ], [ 291889.603793978341855, 1238641.492498898413032 ], [ 291829.893104285001755, 1238581.67810994037427 ], [ 291742.326101349201053, 1238405.897139016306028 ], [ 291470.564904243452474, 1237860.377885319758207 ], [ 291264.966821733803954, 1237705.494193294085562 ], [ 291254.365694238804281, 1237620.477821397129446 ], [ 291250.975962427444756, 1237593.079296597512439 ], [ 291247.877248734526802, 1237568.263845785520971 ], [ 291224.865540846367367, 1237524.642954752314836 ], [ 291200.135637001949362, 1237477.787315191933885 ], [ 291199.355734676821157, 1237476.309099694946781 ], [ 291134.222011342528276, 1237352.866095793666318 ] ] ] ] } },
{ "type": "Feature", "properties": { "ADM0_EN": "Djibouti", "ADM0_PCODE": "DJ", "ADM1_EN": "Arta", "ADM1_PCODE": "DJ06", "ADM1_AR": "إقليم عرتا", "ADM2_EN": "Arta", "ADM2_PCODE": "DJ0611", "x": 3 }, "geometry": { "type": "MultiPolygon", "coordinates": [ [ [ [ 231729.65073728596326, 1276764.20423028129153 ], [ 231729.386376996117178, 1276733.438055237522349 ], [ 231790.173709629045334, 1276732.915801689494401 ], [ 231789.909418520925101, 1276702.149971023434773 ], [ 231850.260580342262983, 1276701.631594310281798 ], [ 231849.996354178758338, 1276670.865665249759331 ], [ 231910.78376006660983, 1276670.343671897193417 ], [ 231910.520551380759571, 1276639.688534665619954 ], [ 231971.308211871888489, 1276639.166669911937788 ], [ 231971.044118329475168, 1276608.400765587808564 ], [ 232000.946812616835814, 1276608.144099191064015 ], [ 231998.308415315928869, 1276300.706256902310997 ], [ 231968.405425940232817, 1276300.962864870671183 ], [ 231968.14235211070627, 1276270.307745207101107 ], [ 231907.353021970891859, 1276270.718798671383411 ], [ 231907.088943734474014, 1276239.95288822776638 ], [ 231876.640201630070806, 1276240.214255804661661 ], [ 231876.377049608447123, 1276209.55900863558054 ], [ 231815.588514098606538, 1276210.080885070608929 ], [ 231815.060207882430404, 1276148.548920177388936 ], [ 231785.15703638229752, 1276148.805673511233181 ], [ 231784.629648387839552, 1276087.3845889873337 ], [ 231723.841056241188198, 1276087.906592927640304 ], [ 231723.576836998166982, 1276057.140760419424623 ], [ 231662.787943055096548, 1276057.662872912362218 ], [ 231662.523669136979152, 1276026.896918318001553 ], [ 231238.310734509024769, 1276030.54366870271042 ], [ 231238.575427217176184, 1276061.309706412721425 ], [ 231208.126484797219746, 1276061.571688985684887 ], [ 231208.391212911985349, 1276092.337622479535639 ], [ 231178.051321835955605, 1276092.598702523857355 ], [ 231178.315134751086589, 1276123.254083872772753 ], [ 231147.866131451621186, 1276123.516138702165335 ], [ 231148.130932157975622, 1276154.282085085753351 ], [ 231118.227742806542665, 1276154.539477475918829 ], [ 231118.757425026560668, 1276216.071715410100296 ], [ 231088.308281905076001, 1276216.333849010523409 ], [ 231088.572209237259813, 1276246.989250010112301 ], [ 231058.232553425943479, 1276247.250476776855066 ], [ 231058.497469811991323, 1276278.016553514404222 ], [ 231028.049546217138413, 1276278.389425944769755 ], [ 231028.313544962322339, 1276309.044729101704434 ], [ 231058.762391547672451, 1276308.782520075561479 ], [ 231059.821193217474502, 1276431.736275087110698 ], [ 231090.160669382021297, 1276431.475012625567615 ], [ 231091.21945101278834, 1276554.428640839643776 ], [ 231121.668263708474115, 1276554.166441596345976 ], [ 231121.933182083012071, 1276584.932400530669838 ], [ 231151.8359583519632, 1276584.674926084699109 ], [ 231152.100856352131814, 1276615.441211630124599 ], [ 231212.888761091046035, 1276614.91788020520471 ], [ 231213.153603446437046, 1276645.68393299006857 ], [ 231243.601975024852436, 1276645.421837060246617 ], [ 231243.865840055979788, 1276676.077104423427954 ], [ 231274.205368931405246, 1276675.815968767972663 ], [ 231274.470163819380105, 1276706.58201059140265 ], [ 231304.918463530717418, 1276706.319962165318429 ], [ 231305.183233687945176, 1276737.085887816268951 ], [ 231395.873422065225895, 1276736.305534710176289 ], [ 231396.138111793552525, 1276767.071775068761781 ], [ 231729.65073728596326, 1276764.20423028129153 ] ] ], [ [ [ 231067.503884272126015, 1277285.547675486188382 ], [ 231066.971446092531551, 1277261.756576373009011 ], [ 231097.310222816537134, 1277261.495152389165014 ], [ 231097.045134895364754, 1277230.729066279018298 ], [ 231127.493068093433976, 1277230.466737617971376 ], [ 231127.228969972580671, 1277199.811327320989221 ], [ 231157.131265007541515, 1277199.553734714863822 ], [ 231155.542218437418342, 1277015.067971398355439 ], [ 231095.191602657258045, 1277015.587815729668364 ], [ 231094.926565102825407, 1276984.821733441436663 ], [ 231064.58751879830379, 1276985.08310389937833 ], [ 231064.322457571979612, 1276954.317016167100519 ], [ 231003.535153959412128, 1276954.840774277690798 ], [ 231003.270038980990648, 1276924.07467506849207 ], [ 230912.470916856778786, 1276924.857224283972755 ], [ 230912.206672420084942, 1276894.201777228387073 ], [ 230760.619890814647079, 1276895.508780827512965 ], [ 230760.884284467960242, 1276926.164257542463019 ], [ 230730.545113657310139, 1276926.425941009540111 ], [ 230730.810498071834445, 1276957.19209376629442 ], [ 230700.471351353393402, 1276957.453812750987709 ], [ 230700.736772051954176, 1276988.219971918966621 ], [ 230670.288515854917932, 1276988.482668038690463 ], [ 230670.818481435417198, 1277049.904330152552575 ], [ 230701.266677574603818, 1277049.641622089548036 ], [ 230701.533072013000492, 1277080.518452345393598 ], [ 230731.87209883070318, 1277080.256709520239383 ], [ 230732.136560050596017, 1277110.912195035954937 ], [ 230762.47555111796828, 1277110.650475832866505 ], [ 230763.005387293873355, 1277172.072105994448066 ], [ 230793.45344548416324, 1277171.809463137295097 ], [ 230793.719774864672218, 1277202.686277350410819 ], [ 230823.731266160903033, 1277202.427423205925152 ], [ 230823.995663106674328, 1277233.082892853301018 ], [ 230854.334516794770025, 1277232.821238312870264 ], [ 230854.163314780395012, 1277263.591136746807024 ], [ 230885.103145503788255, 1277269.743632530793548 ], [ 230885.31214447360253, 1277293.980258769588545 ], [ 231067.503884272126015, 1277285.547675486188382 ] ] ], [ [ [ 249352.642682046833215, 1278000.942960832733661 ], [ 249351.40836970237433, 1277847.351069076918066 ], [ 249381.852020058751805, 1277847.106443773023784 ], [ 249380.864262347429758, 1277724.166567306499928 ], [ 249411.199018714338308, 1277723.922869700239971 ], [ 249409.470212337619159, 1277508.695261577377096 ], [ 249439.914291517954553, 1277508.450756014557555 ], [ 249439.667243851261446, 1277477.687917127506807 ], [ 249469.565645286871586, 1277477.447828698670492 ], [ 249469.072519583365647, 1277416.033373496495187 ], [ 249439.174059175158618, 1277416.273451015818864 ], [ 249439.420203832851257, 1277446.925300064496696 ], [ 249408.976064493646845, 1277447.169794497545809 ], [ 249409.223134590982227, 1277477.932417125441134 ], [ 249348.444127393886447, 1277478.420628937659785 ], [ 249348.691265192494029, 1277509.183484501438215 ], [ 249379.13524625543505, 1277508.938920384971425 ], [ 249380.616226314334199, 1277693.293278218712658 ], [ 249350.172425527533051, 1277693.537875692127272 ], [ 249350.913975302828476, 1277785.825900913914666 ], [ 249320.579049588297494, 1277786.069670574506745 ], [ 249322.061595512932399, 1277970.534778599394485 ], [ 249291.61805439266027, 1277970.779485597740859 ], [ 249291.864454848924652, 1278001.431481826119125 ], [ 249352.642682046833215, 1278000.942960832733661 ] ] ], [ [ [ 230070.009535791759845, 1277670.023332057287917 ], [ 230069.74334711645497, 1277639.257037157192826 ], [ 230190.879493013140745, 1277638.209220147458836 ], [ 230190.613430406665429, 1277607.442949586780742 ], [ 230220.952048016595654, 1277607.180603142129257 ], [ 230220.420958643662743, 1277545.758745370199904 ], [ 230250.868762129219249, 1277545.495496927993372 ], [ 230250.60277855116874, 1277514.729239762760699 ], [ 230371.739262019633316, 1277513.682226048782468 ], [ 230371.473404493532144, 1277482.91599316848442 ], [ 230405.195198961591814, 1277482.624617704655975 ], [ 230432.25993489951361, 1277482.39078938937746 ], [ 230431.995099843596108, 1277451.735238812630996 ], [ 230462.333820070431102, 1277451.47315873275511 ], [ 230461.802316690271255, 1277389.940731228096411 ], [ 230522.261594954528846, 1277389.418568485649303 ], [ 230521.995912490878254, 1277358.652367349248379 ], [ 230582.673491764289793, 1277358.128449526615441 ], [ 230582.408831023785751, 1277327.472930528922006 ], [ 230552.070014445809647, 1277327.734868714818731 ], [ 230551.911253116908483, 1277258.783837859285995 ], [ 230521.159722932672594, 1277261.816305696032941 ], [ 230520.934201375523116, 1277235.698237310163677 ], [ 230490.486150276148692, 1277235.961159159662202 ], [ 230490.221424952382222, 1277205.305624215630814 ], [ 230460.209869709040504, 1277205.564799836603925 ], [ 230459.678467301127966, 1277144.03237997693941 ], [ 230429.339447470847517, 1277144.294400439830497 ], [ 230428.542301300854888, 1277051.995756352087483 ], [ 230398.094052105327137, 1277052.258731091860682 ], [ 230397.032114449306391, 1276929.304524865467101 ], [ 230366.69287311140215, 1276929.566562807187438 ], [ 230366.438606103707571, 1276900.128377445274964 ], [ 230335.97968022711575, 1276899.174013159703463 ], [ 230335.713918879628181, 1276868.407783870352432 ], [ 230305.811142802122049, 1276868.666097896639258 ], [ 230304.842086175573058, 1276807.026730085723102 ], [ 230274.831066792830825, 1276807.396674261661246 ], [ 230274.566220897133462, 1276776.741104446118698 ], [ 230244.226806415186729, 1276777.003230596194044 ], [ 230243.695161380281206, 1276715.470740596298128 ], [ 230213.246546221256722, 1276715.733827374642715 ], [ 230212.96444672200596, 1276683.086187698179856 ], [ 230212.715822557220235, 1276654.31199725321494 ], [ 230182.376276485039853, 1276654.574158752104267 ], [ 230181.844561895588413, 1276593.041648644255474 ], [ 230151.395814706513193, 1276593.304770892951638 ], [ 230151.129936823097523, 1276562.538510577753186 ], [ 230090.77804179006489, 1276563.060115700820461 ], [ 230090.513067199673969, 1276532.404514001216739 ], [ 230060.173377871862613, 1276532.66676961700432 ], [ 230059.906466383603401, 1276501.789822322316468 ], [ 229999.117874147952534, 1276502.315353816607967 ], [ 229998.852822488057427, 1276471.659735191613436 ], [ 229938.500690304965246, 1276472.181598168797791 ], [ 229938.234628493490163, 1276441.415298009756953 ], [ 229907.78568382881349, 1276441.678627108922228 ], [ 229907.520555407158099, 1276411.02299160673283 ], [ 229846.731724519340787, 1276411.548783050151542 ], [ 229846.464627918612678, 1276380.671795676462352 ], [ 229725.323320009279996, 1276381.719932423206046 ], [ 229725.058025190141052, 1276351.064262140076607 ], [ 229634.365597931551747, 1276351.849238799884915 ], [ 229634.099262134404853, 1276321.082880831556395 ], [ 229512.521004034788348, 1276322.135574259329587 ], [ 229512.204715745290741, 1276285.614330080104992 ], [ 229511.722632899240125, 1276229.947101646335796 ], [ 229542.062727715529036, 1276229.684374288888648 ], [ 229540.465377548767719, 1276045.196807377971709 ], [ 229570.914783750311472, 1276044.933200687170029 ], [ 229570.116763241414446, 1275952.744776871986687 ], [ 229600.457115637022071, 1275952.482162535656244 ], [ 229600.190832079271786, 1275921.71580476150848 ], [ 229630.640346539614256, 1275921.452281472273171 ], [ 229630.374099376262166, 1275890.685930147999898 ], [ 229659.513980508549139, 1275890.433774799108505 ], [ 229660.011736028653104, 1275859.660819434328005 ], [ 229690.461298824287951, 1275859.397367120720446 ], [ 229690.195123907411471, 1275828.631028656847775 ], [ 229713.878136461484246, 1275828.42614653846249 ], [ 229720.269433901994489, 1275797.602224217960611 ], [ 229750.719044943747576, 1275797.338843301171437 ], [ 229750.453899889427703, 1275766.683188023976982 ], [ 229780.794396481302101, 1275766.420786671573296 ], [ 229780.262270837090909, 1275704.888149052858353 ], [ 229810.27540541003691, 1275704.628620259696618 ], [ 229810.009381708456203, 1275673.862308062147349 ], [ 229840.349956412508618, 1275673.599983398104087 ], [ 229840.084925765055232, 1275642.944347840733826 ], [ 229870.534663221216761, 1275642.681115232640877 ], [ 229870.268712155637331, 1275611.914816007949412 ], [ 229900.609334790729918, 1275611.652562448289245 ], [ 229899.546670046576764, 1275488.698064255760983 ], [ 229869.204971195547841, 1275488.849623785354197 ], [ 229868.142287985887378, 1275365.895109341945499 ], [ 229898.483150036889128, 1275365.632903597550467 ], [ 229897.952384321659338, 1275304.210996232926846 ], [ 229928.402440231642686, 1275303.947888965019956 ], [ 229927.870803563972004, 1275242.41532542463392 ], [ 229958.211773468414322, 1275242.153202725108713 ], [ 229957.946950589888729, 1275211.497597672976553 ], [ 229987.960523643705528, 1275211.238338572904468 ], [ 229987.429043991141953, 1275149.705801674863324 ], [ 230017.770091832673643, 1275149.443755608750507 ], [ 230017.504391429596581, 1275118.677493823459372 ], [ 230068.363882702426054, 1275118.238312978064641 ], [ 230078.03194675949635, 1275087.607650498161092 ], [ 230108.481221750029363, 1275087.234092848841101 ], [ 230108.388506511750165, 1275025.919178900541738 ], [ 230137.854613222007174, 1275025.443471930455416 ], [ 230137.589057605306152, 1274994.677235948154703 ], [ 230168.03936646564398, 1274994.414425190072507 ], [ 230167.774802302883472, 1274963.758865554118529 ], [ 230198.115994200925343, 1274963.497032290324569 ], [ 230197.787483756255824, 1274925.426598042948171 ], [ 230197.585034466523211, 1274901.96458660857752 ], [ 230228.476760269666556, 1274902.251435785088688 ], [ 230227.769981133576948, 1274870.935637013055384 ], [ 230260.652049918775447, 1274874.193660214077681 ], [ 230257.846801563049667, 1274840.018340937560424 ], [ 230321.991362829925492, 1274835.923375397687778 ], [ 230317.936621064087376, 1274808.731555487029254 ], [ 230409.177868024038617, 1274807.834124192129821 ], [ 230408.913580172869842, 1274777.178614990785718 ], [ 230590.852295934979338, 1274775.610629757167771 ], [ 230590.587239713408053, 1274744.844487111549824 ], [ 230620.928558569634333, 1274744.583108668914065 ], [ 230620.398524910386186, 1274683.050836758920923 ], [ 230650.412472888652701, 1274682.792319778352976 ], [ 230649.883476798480842, 1274621.370731075294316 ], [ 230680.334045381227043, 1274621.108495302032679 ], [ 230680.070063239429146, 1274590.453042382374406 ], [ 230740.752958658500575, 1274589.930551169672981 ], [ 230740.487136894953437, 1274559.053771697217599 ], [ 230770.937747807009146, 1274558.791636833455414 ], [ 230770.673867780598812, 1274528.136202729772776 ], [ 230834.00578065845184, 1274531.022121496265754 ], [ 230830.764654620026704, 1274496.850639187730849 ], [ 230869.115439064567909, 1274501.390439996263012 ], [ 230860.951529549667612, 1274465.933189470088109 ], [ 230891.292112361639738, 1274465.561460503842682 ], [ 230891.027418063138612, 1274434.795382195385173 ], [ 230953.474892913072836, 1274436.361059779534116 ], [ 230951.555996535578743, 1274403.61702803755179 ], [ 230984.438304550189059, 1274406.875897016841918 ], [ 230981.30555446667131, 1274372.592825328931212 ], [ 231040.0023019076325, 1274369.54250605404377 ], [ 231041.833367604936939, 1274341.304021391319111 ], [ 231071.717485880595632, 1274338.612192981643602 ], [ 231071.910497278964613, 1274310.277121779508889 ], [ 231096.057649435824715, 1274313.168511552736163 ], [ 231130.59687186148949, 1274306.009637725539505 ], [ 231132.002877835766412, 1274279.102959354873747 ], [ 231192.338797482138034, 1274276.260233097942546 ], [ 231192.53098001825856, 1274247.814517418155447 ], [ 231242.546870736347046, 1274250.705117421690375 ], [ 231281.989980198617559, 1274242.618887046584859 ], [ 231283.510025484487414, 1274216.264652010053396 ], [ 231342.975726972450502, 1274213.761750786798075 ], [ 231343.601779699034523, 1274184.980309722945094 ], [ 231432.619571876071859, 1274179.235556503990665 ], [ 231434.472886028641369, 1274153.542559835361317 ], [ 231494.355283854703885, 1274148.712178919231519 ], [ 231494.56486266083084, 1274122.258564742049202 ], [ 231545.435920238494873, 1274123.039482447551563 ], [ 231585.808352844091132, 1274121.475654495880008 ], [ 231586.317910364537966, 1274091.809852353995666 ], [ 231615.886168248718604, 1274090.449437477393076 ], [ 231618.601405373658054, 1274063.42097020871006 ], [ 231643.096899522584863, 1274056.016868014121428 ], [ 231645.37369830114767, 1274028.770815819734707 ], [ 231675.265640133235138, 1274026.964986729901284 ], [ 231675.450720960681792, 1273997.634019760182127 ], [ 231707.119345322775189, 1273999.354652533540502 ], [ 231705.638845252455212, 1273966.717667289776728 ], [ 231739.403985738579649, 1273971.076607761206105 ], [ 231735.716937476943713, 1273935.691623833728954 ], [ 231766.167954022705089, 1273935.43058448121883 ], [ 231765.905182115500793, 1273904.775355341844261 ], [ 231795.810505118279252, 1273904.519028856186196 ], [ 231795.545871827169321, 1273873.642468696460128 ], [ 231825.996936669340357, 1273873.381500137038529 ], [ 231825.734236554475501, 1273842.726283760741353 ], [ 231856.076181754644495, 1273842.466286030597985 ], [ 231855.812569436966442, 1273811.700407376978546 ], [ 231886.263682423625141, 1273811.439510009018704 ], [ 231886.001054501102772, 1273780.78430642792955 ], [ 231946.7941787429736, 1273780.263547494076192 ], [ 231946.529721016064286, 1273749.387019093846902 ], [ 232006.88630632130662, 1273748.870128849055618 ], [ 232006.623809867363889, 1273718.214949820423499 ], [ 232070.7282746215933, 1273721.982490208465606 ], [ 232067.153629203327, 1273686.928615376818925 ], [ 232127.508392421586905, 1273686.190646027913317 ], [ 232127.246974601992406, 1273655.646159982075915 ], [ 232158.492498934851028, 1273658.920409340877086 ], [ 232188.029828507162165, 1273653.908568155020475 ], [ 232187.776998837129213, 1273624.360109825618565 ], [ 232249.813492694986053, 1273628.809805437922478 ], [ 232248.308072385203559, 1273593.184870605589822 ], [ 232278.650174623820931, 1273592.925332989310846 ], [ 232278.387030945625156, 1273562.159541208529845 ], [ 232308.401724264374934, 1273561.902839228045195 ], [ 232308.138616430864204, 1273531.137053789105266 ], [ 232338.480766863853205, 1273530.877586673246697 ], [ 232338.217695196275599, 1273500.111807652050629 ], [ 232368.669014159415383, 1273499.851442789426073 ], [ 232368.40597876382526, 1273469.085670189466327 ], [ 232398.748177239089273, 1273468.826273993356153 ], [ 232398.486124035378452, 1273438.171175990719348 ], [ 232428.937491141783539, 1273437.910882279044017 ], [ 232428.673582256713416, 1273407.034454297740012 ], [ 232458.579249775677454, 1273406.778860105900094 ], [ 232458.317268312210217, 1273376.123774841427803 ], [ 232488.768683768401388, 1273375.863551870686933 ], [ 232488.505792777927127, 1273345.097804808057845 ], [ 232518.848087385413237, 1273344.838549989974126 ], [ 232518.585232552199159, 1273314.072809350211173 ], [ 232549.036696225404739, 1273313.812657540431246 ], [ 232548.773877655621618, 1273283.046923337737098 ], [ 232579.116220363881439, 1273282.787739423103631 ], [ 232578.85438319738023, 1273252.132679674541578 ], [ 232609.305895017459989, 1273251.87259899941273 ], [ 232609.043148839497007, 1273221.106877600308508 ], [ 232638.94895835936768, 1273220.85149259865284 ], [ 232638.686247902805917, 1273190.085777528351173 ], [ 232669.137808056082577, 1273189.825767577858642 ], [ 232668.875133856665343, 1273159.060058896662667 ], [ 232699.217572686146013, 1273158.801016327226534 ], [ 232698.955879365268629, 1273128.145982051501051 ], [ 232729.407487653428689, 1273127.886043224483728 ], [ 232729.144885834655724, 1273097.120347387623042 ], [ 232759.487372597388458, 1273096.861375683918595 ], [ 232759.224806923943106, 1273066.095686213113368 ], [ 232789.23988062288845, 1273065.839544017333537 ], [ 232788.977350771310739, 1273035.073860906297341 ], [ 232819.429031492443755, 1273034.814028414199129 ], [ 232819.167482101242058, 1273004.159019608981907 ], [ 232849.510040971043054, 1273003.900153833674267 ], [ 232849.247583488060627, 1272973.134483503177762 ], [ 232910.040945516200736, 1272972.505253481678665 ], [ 232909.779498025018256, 1272941.850263332715258 ], [ 232940.12209913280094, 1272941.591497899498791 ], [ 232939.859743914101273, 1272910.825846292311326 ], [ 232970.287925079232082, 1272907.799490879755467 ], [ 232972.566164476855192, 1272880.553811023710296 ], [ 233000.065350203774869, 1272879.65530513972044 ], [ 232999.802123565168586, 1272848.778998519526795 ], [ 233030.144796822627541, 1272848.520339013775811 ], [ 233029.883493116532918, 1272817.865374292479828 ], [ 233060.226190343266353, 1272817.606750142294914 ], [ 233059.980956919200253, 1272788.833143007010221 ], [ 233090.007553923584055, 1272789.90535661415197 ], [ 233090.154615526786074, 1272755.926653214963153 ], [ 233150.51266043074429, 1272755.412365717114881 ], [ 233150.249608579615597, 1272724.536090635228902 ], [ 233180.701518763788044, 1272724.276672096922994 ], [ 233180.440388692833949, 1272693.621738699264824 ], [ 233210.783176191733219, 1272693.363285379484296 ], [ 233210.52113952691434, 1272662.597690731054172 ], [ 233271.31590351019986, 1272662.079954890534282 ], [ 233271.054875277564861, 1272631.425040128408 ], [ 233301.070264321519062, 1272631.169474917231128 ], [ 233300.807387336506508, 1272600.293231374584138 ], [ 233361.602236126724165, 1272599.775695859454572 ], [ 233361.079446986317635, 1272538.355236461153254 ], [ 233391.422348775493447, 1272538.096989307785407 ], [ 233390.637830319639761, 1272445.910987712442875 ], [ 233421.089963215752505, 1272445.651858982630074 ], [ 233420.566414209373761, 1272384.120760513469577 ], [ 233450.472863138245884, 1272383.866316179512069 ], [ 233449.42689924291335, 1272260.914815662661567 ], [ 233479.879200247989502, 1272260.655781257431954 ], [ 233479.495152923103888, 1272215.503485655644909 ], [ 233479.094176689744927, 1272168.359178129816428 ], [ 233509.437413393869065, 1272168.1011193736922 ], [ 233509.17672233725898, 1272137.446259211516008 ], [ 233569.972386229434051, 1272136.929313826840371 ], [ 233569.710820110049099, 1272106.163798592286184 ], [ 233599.726653546560556, 1272105.908623639959842 ], [ 233599.902658278529998, 1272075.250070690875873 ], [ 233660.261812362470664, 1272074.737036832375452 ], [ 233659.999407559051178, 1272043.860872967168689 ], [ 233685.758486349717714, 1272043.641969542019069 ], [ 233690.256212247011717, 1272033.421629067044705 ], [ 233690.082240940071642, 1272012.948191373841837 ], [ 233699.250734317523893, 1272012.87028483604081 ], [ 233750.878073991567362, 1272012.431647026678547 ], [ 233750.616711855691392, 1271981.666169100441039 ], [ 233780.632628820487298, 1271981.411192138912156 ], [ 233780.372242468991317, 1271950.756387666333467 ], [ 233841.168160105356947, 1271950.240043473662809 ], [ 233840.645645682758186, 1271888.709125269437209 ], [ 233870.989081029489171, 1271888.451472686836496 ], [ 233870.727863027132116, 1271857.686020178720355 ], [ 233901.180471551197115, 1271857.427476305747405 ], [ 233900.919289745681453, 1271826.662030221428722 ], [ 233930.826176341273822, 1271826.408154421951622 ], [ 233931.001627458375879, 1271795.639008676167578 ], [ 234021.813833887455985, 1271794.868309919722378 ], [ 234022.07489026436815, 1271825.633732030401006 ], [ 234082.870954017329495, 1271825.117907014675438 ], [ 234083.13195681408979, 1271855.883317776257172 ], [ 234143.491341585409828, 1271855.371302282437682 ], [ 234143.75229122932069, 1271886.136701841838658 ], [ 234295.250822333153337, 1271884.852054538670927 ], [ 234294.990021740435623, 1271854.086684365058318 ], [ 234476.941055171890184, 1271852.544817233225331 ], [ 234476.680439812247641, 1271821.779482839396223 ], [ 234535.402502273558639, 1271821.28210500208661 ], [ 234597.835600589634851, 1271820.753415306098759 ], [ 234593.181958065018989, 1271761.028577483724803 ], [ 234627.768122555338778, 1271759.075643570860848 ], [ 234625.417916394129861, 1271726.446564611513168 ], [ 234657.851108739618212, 1271728.053481563925743 ], [ 234656.34134709101636, 1271691.543687068857253 ], [ 234688.043304156512022, 1271697.030437429435551 ], [ 234683.360836268751882, 1271633.874960417393595 ], [ 234717.867007837747224, 1271635.353740866761655 ], [ 234713.833075589151122, 1271545.6309263643343 ], [ 234747.53877219959395, 1271542.800231961533427 ], [ 234752.341505940479692, 1271516.972468454623595 ], [ 234746.758873652492184, 1271450.61506975418888 ], [ 234776.665952941111755, 1271450.362075265962631 ], [ 234775.885262287280057, 1271358.066268294351175 ], [ 234836.681932163890451, 1271357.55209272261709 ], [ 234836.422709973470774, 1271326.897502843523398 ], [ 234897.219416201463901, 1271326.383457145188004 ], [ 234896.959324179973919, 1271295.618213101755828 ], [ 234964.157871289935429, 1271303.461429103743285 ], [ 234957.059439169766847, 1271264.342755635501817 ], [ 234994.646462228614837, 1271268.673413479002193 ], [ 234987.252416718343738, 1271233.320160778006539 ], [ 235048.049244331719819, 1271232.806444981601089 ], [ 235052.810246873297729, 1271201.998812627745792 ], [ 235138.602580756240059, 1271201.274123647715896 ], [ 235138.862415763083845, 1271232.0393193338532 ], [ 235260.01933057513088, 1271231.016280873212963 ], [ 235260.279052651545499, 1271261.781453658593819 ], [ 235412.216093180410098, 1271260.499141884269193 ], [ 235411.95652050798526, 1271229.733998446725309 ], [ 235441.972830411745235, 1271229.480761253973469 ], [ 235441.713293454784434, 1271198.715624126372859 ], [ 235472.057078077225015, 1271198.459659475134686 ], [ 235471.539015856047627, 1271137.040064255008474 ], [ 235501.992004784930032, 1271136.783220190787688 ], [ 235501.473093774868175, 1271075.252972729504108 ], [ 235531.816986058140174, 1271074.997090447926894 ], [ 235531.558502824860625, 1271044.342639182694256 ], [ 235622.37193277530605, 1271043.57702649012208 ], [ 235622.111679061141331, 1271012.701261518057436 ], [ 235652.455607939336915, 1271012.445508434670046 ], [ 235652.197255740640685, 1270981.791081422241405 ], [ 235712.994306556589436, 1270981.27875550207682 ], [ 235712.735087631561328, 1270950.513674914138392 ], [ 235743.188209689338692, 1270950.257102329516783 ], [ 235742.929959195957053, 1270919.602693813387305 ], [ 235772.837350032117683, 1270919.35075389361009 ], [ 235772.577270634821616, 1270888.475020157406107 ], [ 235803.03044107434107, 1270888.218518055509776 ], [ 235802.772262043610681, 1270857.564122110372409 ], [ 235863.569493922870606, 1270857.052137582097203 ], [ 235863.310448781063315, 1270826.287088114069775 ], [ 235923.671112157637253, 1270825.778908785432577 ], [ 235923.413064108404797, 1270795.124537051189691 ], [ 235953.757143860682845, 1270794.869118759408593 ], [ 235953.239262794144452, 1270733.339057221775874 ], [ 236014.036675767507404, 1270732.82741381903179 ], [ 236013.777804272889625, 1270702.062395486282185 ], [ 236044.23110777529655, 1270701.806164758047089 ], [ 236043.972272398474161, 1270671.041152783669531 ], [ 236074.316448340658098, 1270670.785875760018826 ], [ 236074.057648972549941, 1270640.020870109088719 ], [ 236104.074393573682755, 1270639.768382597249001 ], [ 236103.557803164119832, 1270578.349049737211317 ], [ 236133.902056982798968, 1270578.093848739750683 ], [ 236133.126841583230998, 1270485.909537835046649 ], [ 236163.580331286648288, 1270485.653465993469581 ], [ 236163.321658225089777, 1270454.888480712193996 ], [ 236193.666019658674486, 1270454.633361999178305 ], [ 236193.148751719214488, 1270393.103404544526711 ], [ 236253.510118979669642, 1270392.596030880697072 ], [ 236252.992994390544482, 1270331.066098573850468 ], [ 236283.446610604529269, 1270330.810173900565132 ], [ 236282.930500487738755, 1270269.390920577337965 ], [ 236343.728682117478456, 1270268.880100478651002 ], [ 236343.471160757879261, 1270238.225818853359669 ], [ 236373.815696137899067, 1270237.970917331520468 ], [ 236373.556351539329626, 1270207.095311506418511 ], [ 236433.918005736486521, 1270206.58835828024894 ], [ 236433.660585484292824, 1270175.934094990370795 ], [ 236494.458888458728325, 1270175.4236041076947 ], [ 236494.200604787736665, 1270144.65868779271841 ], [ 236554.998944417398889, 1270144.148326644673944 ], [ 236554.741655480407644, 1270113.494087641825899 ], [ 236615.103418472106569, 1270112.987519899616018 ], [ 236615.360648322210182, 1270143.641747338930145 ], [ 236736.957212378678378, 1270142.621613546274602 ], [ 236737.215257556177676, 1270173.386483194306493 ], [ 236888.828648455499206, 1270172.115153293823823 ], [ 236888.313789817621, 1270110.696137636434287 ], [ 236918.221728654403705, 1270110.445447885897011 ], [ 236917.962946593761444, 1270079.569949198514223 ], [ 236948.416675044922158, 1270079.314720035297796 ], [ 236947.901971711951774, 1270017.895730371354148 ], [ 236978.246600730286445, 1270017.641457094345242 ], [ 236977.731054252712056, 1269956.111816154560074 ], [ 237008.184890683798585, 1269955.856669477187097 ], [ 237007.928083693783265, 1269925.20252038910985 ], [ 237038.272790551825892, 1269924.948323471704498 ], [ 237037.242961881507654, 1269801.999760762788355 ], [ 237067.69693610368995, 1269801.744702384108678 ], [ 237067.181655067775864, 1269740.215103192487732 ], [ 237127.543934822373558, 1269739.70966804260388 ], [ 237127.029723476618528, 1269678.290758660528809 ], [ 237157.374645609757863, 1269678.036725660320371 ], [ 237157.117115711967926, 1269647.271945161279291 ], [ 237233.712990712141618, 1269642.978679087478667 ], [ 237278.355304132390302, 1269642.383782914374024 ], [ 237278.130306881386787, 1269615.492286910535768 ], [ 237490.435703228286002, 1269613.716695160605013 ], [ 237490.178513214515988, 1269582.951979579403996 ], [ 237520.523455921735149, 1269582.698316529160365 ], [ 237520.78061613754835, 1269613.463026296114549 ], [ 237552.464048328751232, 1269616.629035523161292 ], [ 237550.977547314774711, 1269582.443770571844652 ], [ 237580.121779916167725, 1269582.200200547697023 ], [ 237611.339940777281299, 1269581.939327899599448 ], [ 237607.348505295463838, 1269548.43903749762103 ], [ 237671.882848294219002, 1269550.777338088490069 ], [ 237671.624924787029158, 1269519.9019940267317 ], [ 237641.279951135336887, 1269520.155498606385663 ], [ 237641.065456956799608, 1269494.481372861424461 ], [ 237640.252821734757163, 1269397.207425421569496 ], [ 237705.189878959557973, 1269395.447631107177585 ], [ 237700.430054712516721, 1269335.281813776353374 ], [ 237736.722247236524709, 1269341.287045211996883 ], [ 237730.370564029261004, 1269273.498162233969197 ], [ 237790.733481398609001, 1269272.994185596937314 ], [ 237790.477580403676257, 1269242.340197590645403 ], [ 237849.624123224115465, 1269239.965078915003687 ], [ 237850.763643891608808, 1269180.30342488642782 ], [ 237881.2180604430323, 1269180.049278867198154 ], [ 237880.705556341708871, 1269118.630676817614585 ], [ 237910.614247831952525, 1269118.381125612650067 ], [ 237910.100903561076848, 1269056.85187279782258 ], [ 237940.555428145715268, 1269056.597808717517182 ], [ 237940.298795114184031, 1269025.833188835764304 ], [ 237970.64418773559737, 1269025.580070616211742 ], [ 237970.131922640663106, 1268964.161508024670184 ], [ 238000.586525281862123, 1268963.907520473236218 ], [ 238000.329970322782174, 1268933.142913662828505 ], [ 238030.675440741382772, 1268932.889871693216264 ], [ 238030.418921703821979, 1268902.125271194847301 ], [ 238060.873572617507307, 1268901.871354361297563 ], [ 238060.61708960661781, 1268871.106760162860155 ], [ 238181.780816344806226, 1268870.096869584871456 ], [ 238181.524458378786221, 1268839.332298999652267 ], [ 238211.869983803364448, 1268839.079450580524281 ], [ 238211.613661752140615, 1268808.314886297332123 ], [ 238271.977285177708836, 1268807.812016904121265 ], [ 238271.721950272854883, 1268777.158128512557596 ], [ 238332.522236817458179, 1268776.65175079414621 ], [ 238332.266045910655521, 1268745.887210599146783 ], [ 238396.476946624519769, 1268748.562039769720286 ], [ 238392.810244078806136, 1268714.6164343256969 ], [ 238425.690406700916355, 1268717.220173111651093 ], [ 238422.57228847531951, 1268683.602018679492176 ], [ 238455.449710707180202, 1268685.873803427442908 ], [ 238452.662784445070429, 1268652.695581896230578 ], [ 238488.456157425738638, 1268651.180311939679086 ], [ 238482.861576341296313, 1268621.677614440442994 ], [ 238520.302464237203822, 1268621.366063029039651 ], [ 238816.336233676847769, 1268618.904292008141056 ], [ 238816.080549364851322, 1268588.139846824342385 ], [ 238998.045168424519943, 1268586.628078142879531 ], [ 238997.806211722752778, 1268557.85560830659233 ], [ 239058.639715681463713, 1268561.334601341746747 ], [ 239058.845538323861547, 1268586.123181443428621 ], [ 239234.541120865818812, 1268579.020625738659874 ], [ 239259.148210827581352, 1268584.460666327737272 ], [ 239361.973791505675763, 1268583.60770872887224 ], [ 239362.228940212342422, 1268614.372049945639446 ], [ 239392.683607969927834, 1268614.119481307687238 ], [ 239390.839982557517942, 1268641.913113510003313 ], [ 239393.192946194059914, 1268675.537490563932806 ], [ 239422.774298421107233, 1268675.292181123746559 ], [ 239453.556363984942436, 1268675.036944105289876 ], [ 239453.376652404112974, 1268706.026215831516311 ], [ 239514.611402286886005, 1268705.297208361094818 ], [ 239512.154065349430311, 1268764.415683621307835 ], [ 239575.461722626700066, 1268763.558915810193866 ], [ 239575.738712060818216, 1268796.979130716994405 ], [ 239606.193160864058882, 1268796.726733280578628 ], [ 239605.916203894594219, 1268763.306524662300944 ], [ 239636.258772715867963, 1268762.723078805021942 ], [ 239636.02953598590102, 1268735.057348815957084 ], [ 239696.82936839965987, 1268734.553628996480256 ], [ 239696.574522608629195, 1268703.789349260972813 ], [ 239756.937768066331046, 1268703.289374926593155 ], [ 239756.682987604173832, 1268672.52510715671815 ], [ 239817.482893852342386, 1268672.021645399741828 ], [ 239817.229095373040764, 1268641.36805242090486 ], [ 239999.192231519380584, 1268639.862021538196132 ], [ 239994.323963008093415, 1268658.384231284027919 ], [ 239999.700394363666419, 1268701.27980177057907 ], [ 240203.732538258191198, 1268702.027030523167923 ], [ 240242.026034621929284, 1268699.275717558572069 ], [ 240244.758268569334177, 1268673.245667435461655 ], [ 240333.025885893352097, 1268667.757353424094617 ], [ 240332.772591434273636, 1268637.103857908165082 ], [ 240363.117891168454662, 1268636.853127765934914 ], [ 240361.982242786878487, 1268605.100228996714577 ], [ 240392.881574496801477, 1268605.840986222028732 ], [ 240395.502057141915429, 1268579.479892053641379 ], [ 240453.427283274882939, 1268574.574648127425462 ], [ 240453.196059442532714, 1268546.57707334915176 ], [ 240452.665086228633299, 1268482.282248969189823 ], [ 240786.136992113461019, 1268479.530139337526634 ], [ 240786.3916372814856, 1268510.404870884958655 ], [ 240816.846126959775575, 1268510.153703490504995 ], [ 240817.098922996257897, 1268540.807105537736788 ], [ 240847.444221444457071, 1268540.556862082798034 ], [ 240847.794636785431067, 1268583.051101827993989 ], [ 240847.951597413892159, 1268602.084980346262455 ], [ 240879.178286853828467, 1268602.82351304939948 ], [ 240908.314591837930493, 1268601.587258376413956 ], [ 240908.568229707307182, 1268632.35130681633018 ], [ 240939.022577289113542, 1268632.100234076147899 ], [ 240939.275279057415901, 1268662.753615227993578 ], [ 241030.419887908734381, 1268662.002356375101954 ], [ 241030.673418587772176, 1268692.766382773406804 ], [ 241121.490421885362593, 1268692.01806941209361 ], [ 241121.743869522993919, 1268722.782079144613817 ], [ 241152.088932947226567, 1268722.532094645081088 ], [ 241152.277632921410259, 1268745.43910513096489 ], [ 241339.305269872333156, 1268749.432442774996161 ], [ 241485.919044543290511, 1268750.549941070377827 ], [ 241485.665947927016532, 1268719.785999553976581 ], [ 241516.010943563363981, 1268719.536367275053635 ], [ 241516.264010404614965, 1268750.300303065916523 ], [ 241546.718125132814748, 1268750.049796611536294 ], [ 241546.46508817357244, 1268719.28586656646803 ], [ 241576.373454027227126, 1268719.03988390811719 ], [ 241576.626461639767513, 1268749.803808311000466 ], [ 241697.023833850660594, 1268748.813859331887215 ], [ 241697.971644192060921, 1268718.0400876251515 ], [ 241785.841016047255835, 1268717.317907171789557 ], [ 241909.949601066269679, 1268716.298302895156667 ], [ 241910.454058768460527, 1268777.715365002164617 ], [ 241940.90807019683416, 1268777.465235479408875 ], [ 241933.490609564847546, 1268844.591463807038963 ], [ 241971.75819328657235, 1268838.743734433082864 ], [ 241967.42637798038777, 1268869.545236574951559 ], [ 241929.986615457542939, 1268869.852738044224679 ], [ 241850.850062890909612, 1268870.502851845696568 ], [ 241850.597299184504664, 1268839.738977046683431 ], [ 241759.344530408125138, 1268840.488856299780309 ], [ 241758.212935272342293, 1268902.030098587507382 ], [ 241729.505470958625665, 1268902.266072824131697 ], [ 241735.622691577038495, 1268982.450799043988809 ], [ 241732.155299130565254, 1269025.418871469330043 ], [ 241760.860831030237023, 1269024.961554097477347 ], [ 241761.366616156970849, 1269086.48934438591823 ], [ 241791.820357110205805, 1269086.239010209450498 ], [ 241792.072319238417549, 1269116.892238885862753 ], [ 241822.416871659952449, 1269116.642825695918873 ], [ 241822.669719654018991, 1269147.4067105834838 ], [ 241853.123389593500178, 1269147.156424021581188 ], [ 241853.376213745534187, 1269177.920303669059649 ], [ 241883.720695323718246, 1269177.670937905088067 ], [ 241883.973495739512146, 1269208.43481234065257 ], [ 241913.990483864035923, 1269208.188160824589431 ], [ 241919.693615011550719, 1269238.021895214682445 ], [ 241943.022208824986592, 1269247.458412158302963 ], [ 241944.948668143100804, 1269269.355017126072198 ], [ 241971.9420461806003, 1269273.117328888736665 ], [ 241975.545772960118484, 1269299.869580942671746 ], [ 241996.830472502886551, 1269299.694729293929413 ], [ 242036.343599641928449, 1269299.370171227958053 ], [ 242036.642630236165132, 1269335.77774652838707 ], [ 242036.848048254672904, 1269360.787205956876278 ], [ 242065.999824618775165, 1269361.543794705765322 ], [ 242067.370184144179802, 1269422.068358150776476 ], [ 242097.714388231630437, 1269421.81915195658803 ], [ 242097.967028881190345, 1269452.582990312715992 ], [ 242130.815325363102602, 1269451.538564430782571 ], [ 242128.925588863785379, 1269513.860578229650855 ], [ 242156.765569552866509, 1269514.406655764440075 ], [ 242160.025690329930512, 1269605.681577864801511 ], [ 242185.021294965350535, 1269605.476338882232085 ], [ 242250.840305583842564, 1269605.04666267358698 ], [ 242251.09283360268455, 1269635.810475417645648 ], [ 242221.076319005369442, 1269636.056886461330578 ], [ 242218.640741439390695, 1269698.383349023759365 ], [ 242191.127479197544744, 1269697.723899509524927 ], [ 242191.632696229760768, 1269759.251551163615659 ], [ 242161.288836585066747, 1269759.500731872394681 ], [ 242162.520322383439634, 1269909.446753354975954 ], [ 242162.8029936196981, 1269943.862410119967535 ], [ 242193.146674676827388, 1269943.613195191370323 ], [ 242193.651988276571501, 1270005.140854557510465 ], [ 242163.308366825745907, 1270005.390080906450748 ], [ 242165.075545120955212, 1270220.515621420461684 ], [ 242195.418958141672192, 1270220.266355143627152 ], [ 242195.671666245674714, 1270251.030188973527402 ], [ 242226.124192668648902, 1270250.780049885855988 ], [ 242226.629567164141918, 1270312.30770750856027 ], [ 242317.441190142126288, 1270311.56191469123587 ], [ 242317.692888561286964, 1270342.215065948432311 ], [ 242287.240468697098549, 1270342.465133887249976 ], [ 242288.199271910707466, 1270459.212721671909094 ], [ 242288.502835318446159, 1270496.173570850398391 ], [ 242313.52133871926344, 1270498.845483707962558 ], [ 242321.272469310875749, 1270525.563646617345512 ], [ 242349.550835941132391, 1270526.438113251933828 ], [ 242345.673109495372046, 1270559.33854516223073 ], [ 242410.162110011646291, 1270556.706335624447092 ], [ 242410.413767709338572, 1270587.359473773976788 ], [ 242440.865925865655299, 1270587.109477904858068 ], [ 242441.859789162233938, 1270615.10047163348645 ], [ 242501.913560268498259, 1270617.374253410845995 ], [ 242501.661077701515751, 1270586.61047080764547 ], [ 242624.887616741034435, 1270585.488719509448856 ], [ 242651.022173899196787, 1270577.859560903860256 ], [ 242652.906275386485504, 1270554.714405498234555 ], [ 242683.361140813969541, 1270554.796634336700663 ], [ 242683.106126475555357, 1270523.700903999153525 ], [ 242713.449146005790681, 1270523.452080284012482 ], [ 242713.196890117396833, 1270492.688339016633108 ], [ 242743.212490969512146, 1270492.442235018592328 ], [ 242742.960270602343371, 1270461.678499844390899 ], [ 242804.96524371826672, 1270462.276894711889327 ], [ 242803.504301097273128, 1270430.527064594905823 ], [ 242833.392658123979345, 1270428.068736330140382 ], [ 242833.59526874407311, 1270399.514658298110589 ], [ 242851.932113255374134, 1270399.364388977643102 ], [ 242894.390632268768968, 1270399.016485163476318 ], [ 242894.764249883737648, 1270338.035225400002673 ], [ 242954.245400557672838, 1270336.994619121076539 ], [ 242953.994325274892617, 1270306.341587003786117 ], [ 242987.312596511445008, 1270309.499415102414787 ], [ 242984.697696402203292, 1270336.745199861004949 ], [ 243015.040838609449565, 1270336.496704033343121 ], [ 243014.821539304102771, 1270309.716808599187061 ], [ 243045.27747423137771, 1270309.910096249775961 ], [ 243044.989345130132278, 1270274.719992828788236 ], [ 243166.143777586490614, 1270273.728253595530987 ], [ 243165.892922219674801, 1270243.075262150960043 ], [ 243226.688460537639912, 1270242.577793593751267 ], [ 243226.93925639425288, 1270273.230773684335873 ], [ 243287.29812059350661, 1270272.736983102513477 ], [ 243287.047383819852257, 1270242.084014281630516 ], [ 243314.107970455370378, 1270240.866665683221072 ], [ 243317.641266396152787, 1270272.488792359596118 ], [ 243348.093554528197274, 1270272.239738405216485 ], [ 243347.842877264571143, 1270241.586780933197588 ], [ 243378.186041515960824, 1270241.338654762832448 ], [ 243377.934495091176359, 1270210.575042927404866 ], [ 243407.950239108002279, 1270210.329628926003352 ], [ 243407.699632886855397, 1270179.676683667348698 ], [ 243498.838402097520884, 1270178.931710817385465 ], [ 243498.586082328343764, 1270148.057462280150503 ], [ 243537.770318768481957, 1270147.73725745617412 ], [ 243650.193006554211024, 1270146.818836063379422 ], [ 243650.445176862471271, 1270177.693056124029681 ], [ 243771.59951842695591, 1270176.703730086330324 ], [ 243771.347467557672644, 1270145.82953276974149 ], [ 244104.903792976605473, 1270143.108250760938972 ], [ 244104.653881372301839, 1270112.455436431337148 ], [ 244226.135570025624475, 1270111.465246385661885 ], [ 244225.884881523728836, 1270080.701795257627964 ], [ 244255.900588479533326, 1270080.457217336399481 ], [ 244255.650837072025752, 1270049.80443218909204 ], [ 244286.103160346334334, 1270049.556331830099225 ], [ 244286.352881950500887, 1270080.209111314034089 ], [ 244316.696021838608431, 1270079.96192401018925 ], [ 244316.446329930797219, 1270049.309150168905035 ], [ 244346.789493893418694, 1270049.06199790420942 ], [ 244347.039156104816357, 1270079.714766103541479 ], [ 244468.302489549270831, 1270078.727317025419325 ], [ 244468.525011720339535, 1270106.060271159512922 ], [ 244548.43917950859759, 1270107.623111597029492 ], [ 244571.567153046635212, 1270079.21480486029759 ], [ 244650.251896402827697, 1270077.2465797488112 ], [ 244651.666781688603805, 1270103.573799659730867 ], [ 244680.414921853982378, 1270108.541279920609668 ], [ 244680.594969352328917, 1270076.999744993634522 ], [ 244801.748910003632773, 1270076.014474775642157 ], [ 244801.499692807963584, 1270045.361791042145342 ], [ 244922.65366316420841, 1270044.377011955250055 ], [ 244922.402771990775364, 1270013.503032320877537 ], [ 245041.466787689947523, 1270010.543720523128286 ], [ 245043.744396041438449, 1269981.862560598645359 ], [ 245135.004522837902186, 1269982.670798633247614 ], [ 245134.305581894004717, 1269950.361833783565089 ], [ 245255.9142162608332, 1269951.588053463492543 ], [ 245255.21001834233175, 1269918.615155838895589 ], [ 245316.005381712893723, 1269918.12186115141958 ], [ 245315.7558009714121, 1269887.35861622961238 ], [ 245406.457728150737239, 1269886.622895715758204 ], [ 245406.209139870567014, 1269855.970327261602506 ], [ 245497.456845808745129, 1269855.230461922939867 ], [ 245498.498087417072384, 1269889.417908426374197 ], [ 245523.473202556750039, 1269886.780785463983193 ], [ 245527.799971353757428, 1269854.984489035326988 ], [ 245772.658012625586707, 1269857.869959305040538 ], [ 245769.859062078699935, 1269822.258140104589984 ], [ 245859.464065278618364, 1269820.868652361212298 ], [ 245891.418397074245149, 1269817.400680091930553 ], [ 245891.200748907082016, 1269790.510600412730128 ], [ 246072.713604463730007, 1269789.04197666910477 ], [ 246072.644825748720905, 1269821.02497302275151 ], [ 246164.209851754305419, 1269819.067173911025748 ], [ 246164.458586899796501, 1269849.830260283080861 ], [ 246255.160138402075972, 1269849.09701461205259 ], [ 246256.137866055883933, 1269916.041894103167579 ], [ 246346.971568886889145, 1269918.185113984160125 ], [ 246347.152188199223019, 1269940.538124610902742 ], [ 246407.510503537603654, 1269940.050464387517422 ], [ 246407.327245495194802, 1269917.365486615104601 ], [ 246437.332864063762827, 1269915.905784165021032 ], [ 246437.465556230774382, 1269878.278399608330801 ], [ 246498.151398664573207, 1269877.788292556768283 ], [ 246497.9038786070887, 1269847.135925801005214 ], [ 246558.69890549822594, 1269846.645066349767148 ], [ 246558.450557495991234, 1269815.882052961736917 ], [ 246618.918179939792026, 1269815.393965493887663 ], [ 246618.66989725313033, 1269784.630963749717921 ], [ 246649.012877334171208, 1269784.386088580591604 ], [ 246648.764630379708251, 1269753.623092955909669 ], [ 246769.918319643329596, 1269752.645669305464253 ], [ 246769.671090102870949, 1269721.993354761740193 ], [ 247012.415030665142694, 1269720.036439664429054 ], [ 247012.66202271002112, 1269750.688709524692968 ], [ 247103.472525727149332, 1269749.957092879805714 ], [ 247103.720326187642058, 1269780.720004496630281 ], [ 247256.100301462749485, 1269780.820893678814173 ], [ 247254.722028676449554, 1269718.084919890388846 ], [ 247315.517017494072206, 1269717.59557589981705 ], [ 247315.269437307841145, 1269686.832704407861456 ], [ 247345.721526911627734, 1269686.587643105303869 ], [ 247345.473982545750914, 1269655.824777738424018 ], [ 247405.832468158012489, 1269655.339145514648408 ], [ 247405.584988973801956, 1269624.576291765784845 ], [ 247527.175192159076687, 1269623.598377353511751 ], [ 247527.039947573532118, 1269606.778412237064913 ], [ 247526.928728022030555, 1269592.946204168954864 ], [ 247587.287266147206537, 1269592.460944657213986 ], [ 247587.533671237470116, 1269623.113106759963557 ], [ 247678.671658903593197, 1269622.380594819085672 ], [ 247678.918869965535123, 1269653.143398246960714 ], [ 247739.27723505551694, 1269652.658408376155421 ], [ 247739.524392767198151, 1269683.42120117880404 ], [ 247769.976404954737518, 1269683.176552226766944 ], [ 247770.469789308001054, 1269744.59147057402879 ], [ 247800.812589531444246, 1269744.347716786665842 ], [ 247801.059705258812755, 1269775.110499862814322 ], [ 247770.784500820853282, 1269783.764230342116207 ], [ 247770.247387374227401, 1269825.599786623613909 ], [ 247771.704686906159623, 1269898.294761274242774 ], [ 247711.34769588150084, 1269898.890438847709447 ], [ 247711.62694661700516, 1269933.636913348222151 ], [ 247712.335779322165763, 1270021.830993115901947 ], [ 247681.884084824763704, 1270022.075762377819046 ], [ 247681.906501608027611, 1270079.178588351234794 ], [ 247621.583636446943274, 1270083.979496941436082 ], [ 247622.572219633409986, 1270206.92013008473441 ], [ 247642.982383047055919, 1270206.756007852498442 ], [ 247653.518458085338352, 1270268.200905205216259 ], [ 247683.860774005908752, 1270267.956939142430201 ], [ 247684.107219430821715, 1270298.609095230232924 ], [ 247714.558645056153182, 1270298.364275561412796 ], [ 247714.805956162890652, 1270329.127084118081257 ], [ 247744.768551513378043, 1270335.9687594412826 ], [ 247744.958910148154246, 1270359.649478789651766 ], [ 247866.54600681111333, 1270358.67232160223648 ], [ 247866.298838615941349, 1270327.909540405031294 ], [ 247896.313622534245951, 1270327.668399349087849 ], [ 247896.997339436376933, 1270358.427667649229988 ], [ 247987.696437097270973, 1270357.699142616707832 ], [ 247987.943492181948386, 1270388.461901986273006 ], [ 248048.736903596989578, 1270387.973724449286237 ], [ 248049.2300235046132, 1270449.3885649505537 ], [ 248065.929074735933682, 1270449.254484037868679 ], [ 248079.244656913302606, 1270449.147576228016987 ], [ 248079.738629940140527, 1270510.673064990201965 ], [ 248110.080630612763343, 1270510.429465386085212 ], [ 248110.326707793021342, 1270541.081547615351155 ], [ 248140.777817007270642, 1270540.837095738388598 ], [ 248141.024758524523349, 1270571.599830166669562 ], [ 248231.723101697425591, 1270570.871890369569883 ], [ 248232.406533906643745, 1270601.631105250213295 ], [ 248353.555749364662915, 1270600.659156195120886 ], [ 248353.802494097268209, 1270631.421852607047185 ], [ 248414.158722941298038, 1270630.937793208751827 ], [ 248417.456135495740455, 1270729.070549347437918 ], [ 248415.390463553572772, 1270784.529912897618487 ], [ 248388.006290498567978, 1270786.077518331818283 ], [ 248381.897913062857697, 1270813.792587182717398 ], [ 248234.199538404354826, 1270825.048127146204934 ], [ 248233.943262462853454, 1270847.515057784505188 ], [ 248203.95202057439019, 1270837.021339270519093 ], [ 248112.604754491010681, 1270824.806981454603374 ], [ 248112.300867451442173, 1270786.962166885845363 ], [ 248051.944825470651267, 1270787.44686600449495 ], [ 248051.698642187693622, 1270756.7947688549757 ], [ 247990.905946918588597, 1270757.283080433029681 ], [ 247990.658821039367467, 1270726.520315167028457 ], [ 247960.317006853001658, 1270726.764071200508624 ], [ 247960.070746080251411, 1270696.111958306981251 ], [ 247818.075209291622741, 1270697.253066287608817 ], [ 247771.907533752382733, 1270697.624218619195744 ], [ 247747.677684742055135, 1270697.819035029504448 ], [ 247747.92415347599308, 1270728.471186867915094 ], [ 247718.018868790881243, 1270728.711667293449864 ], [ 247719.007589480141178, 1270851.652274315943941 ], [ 247688.556701987661654, 1270851.897194833727553 ], [ 247688.090986700699432, 1270997.535819003591314 ], [ 247686.766314547770889, 1271036.389823337784037 ], [ 247659.699013360979734, 1271036.607588054379448 ], [ 247662.914466868969612, 1271436.192462770966813 ], [ 247693.255650618608342, 1271435.948284561280161 ], [ 247693.50321020980482, 1271466.711116859689355 ], [ 247723.953499457973521, 1271466.466084287269041 ], [ 247724.201035019330448, 1271497.228911431971937 ], [ 247755.409041319071548, 1271496.203152681235224 ], [ 247754.599725009407848, 1271558.403280631639063 ], [ 247787.113789338298375, 1271556.924373370129615 ], [ 247785.792413009534357, 1271650.446744018699974 ], [ 247755.342314340523444, 1271650.691751459147781 ], [ 247756.578300366818439, 1271804.284564048051834 ], [ 247783.204801970743574, 1271803.627635662443936 ], [ 247788.501917686371598, 1271892.227514014579356 ], [ 247818.111605252546724, 1271896.083849956281483 ], [ 247820.841732395347208, 1271923.396083058323711 ], [ 247879.14873601050931, 1271926.24692000518553 ], [ 247877.344825635023881, 1271959.792848056415096 ], [ 247909.410322723095305, 1271956.878950682701543 ], [ 247908.793564581224928, 1271988.755351163214073 ], [ 247927.123552721983287, 1271987.943922113161534 ], [ 247939.99748722743243, 1271987.287051086546853 ], [ 247940.238684543437557, 1272017.275244791992009 ], [ 247970.694621282600565, 1272017.804950108751655 ], [ 247972.550625819567358, 1272045.013534768484533 ], [ 247972.119934020098299, 1272140.741949889343232 ], [ 248032.473399467678973, 1272140.2565878611058 ], [ 248032.720766793005168, 1272171.019370045047253 ], [ 248063.061168886197265, 1272170.77541091828607 ], [ 248063.308512265182799, 1272201.538187986938283 ], [ 248093.321464983950136, 1272201.296884960262105 ], [ 248094.556343306408962, 1272354.889435227029026 ], [ 248064.54353802499827, 1272355.130765801761299 ], [ 248064.790916780068073, 1272385.893545808969066 ], [ 248034.450723437068518, 1272386.137543944176286 ], [ 248034.945558367384365, 1272447.66311661247164 ], [ 248004.496282067033462, 1272447.90803324081935 ], [ 248005.237778450944461, 1272540.085755185922608 ], [ 247948.59839970478788, 1272540.873435619287193 ], [ 247947.018086998752551, 1272602.194415739737451 ], [ 247915.039249049965292, 1272602.230428299168125 ], [ 247915.097858977969736, 1272663.759565772954375 ], [ 247854.745358363317791, 1272664.245351071935147 ], [ 247854.993005029304186, 1272695.008175022667274 ], [ 247824.543935126683209, 1272695.253313639434054 ], [ 247825.039306123187998, 1272756.778974239714444 ], [ 247734.347060731292004, 1272757.509327433770522 ], [ 247734.098391735780751, 1272726.635822473326698 ], [ 247642.860325167770498, 1272727.370818783761933 ], [ 247643.109084290656028, 1272758.244340603239834 ], [ 247582.756663391453912, 1272758.730685871094465 ], [ 247583.003704378352268, 1272789.382903686258942 ], [ 247522.214775526343146, 1272789.872895791893825 ], [ 247522.710778586828383, 1272851.398670938797295 ], [ 247492.3709337709588, 1272851.64328255597502 ], [ 247492.866127964720363, 1272913.058412962825969 ], [ 247462.417201333504636, 1272913.303945293882862 ], [ 247462.665283390320837, 1272944.066845768596977 ], [ 247432.32551699920441, 1272944.311533156782389 ], [ 247432.821758602134651, 1273005.837346785934642 ], [ 247402.809453461290104, 1273006.079433707753196 ], [ 247403.056720017339103, 1273036.73168882727623 ], [ 247160.339062788407318, 1273038.690615626284853 ], [ 247160.091558132437058, 1273008.038315907120705 ], [ 247099.307361863582628, 1273009.082503290381283 ], [ 247099.550457534525776, 1273039.181523368461058 ], [ 247039.198373308754526, 1273039.669022731715813 ], [ 247039.446896665467648, 1273070.432003433117643 ], [ 247009.107172506744973, 1273070.677125076996163 ], [ 247009.355731662013568, 1273101.440111838048324 ], [ 246948.567190849164035, 1273101.931336727924645 ], [ 246944.986234125128249, 1273131.507965801749378 ], [ 246827.675329785939539, 1273133.673632409190759 ], [ 246827.92318513293867, 1273164.325995427556336 ], [ 246737.122419725783402, 1273165.060351886320859 ], [ 246737.371265185647644, 1273195.823390490375459 ], [ 246706.92336494079791, 1273196.180370200891048 ], [ 246707.17135107103968, 1273226.83275649161078 ], [ 246676.831715415144572, 1273227.078230007784441 ], [ 246677.080632602155674, 1273257.841280863620341 ], [ 246646.741021264664596, 1273258.08678945270367 ], [ 246646.989078738261014, 1273288.739187885075808 ], [ 246616.540356435987633, 1273288.98561483155936 ], [ 246617.287340941897128, 1273381.274805462686345 ], [ 246526.487085244123591, 1273382.009896632749587 ], [ 246526.98528344676015, 1273443.536059729522094 ], [ 246496.645823621627642, 1273443.78174918750301 ], [ 246496.894961512414739, 1273474.54483708855696 ], [ 246436.106950378307374, 1273475.037199696991593 ], [ 246436.355257652408909, 1273505.689640700817108 ], [ 246315.215826626110356, 1273506.671205225866288 ], [ 246314.967400470311986, 1273476.018741883803159 ], [ 246284.518797017022735, 1273476.265527724521235 ], [ 246284.269449961167993, 1273445.502400521654636 ], [ 246132.790143995778635, 1273446.730551058892161 ], [ 246133.039640241186135, 1273477.49370631412603 ], [ 246102.591003438952612, 1273477.74066950334236 ], [ 246102.341477205074625, 1273446.977508607087657 ], [ 245920.849845694174292, 1273448.450132948346436 ], [ 245921.099550677026855, 1273479.213327481178567 ], [ 245829.971777047088835, 1273479.953153555514291 ], [ 245830.470485786063364, 1273541.368918846361339 ], [ 245800.021853253390873, 1273541.616188750835136 ], [ 245800.271695823437767, 1273572.379407294793054 ], [ 245709.580663722445024, 1273573.1160920758266 ], [ 245709.830601578840287, 1273603.879327933769673 ], [ 245679.382006778236246, 1273604.126727235736325 ], [ 245679.881960351864109, 1273665.65321173123084 ], [ 245589.191129979328252, 1273666.390298772370443 ], [ 245589.690386482252507, 1273727.806159675354138 ], [ 245554.228004376491299, 1273728.869130187202245 ], [ 245559.491106546367519, 1273758.70630685496144 ], [ 245498.764484729646938, 1273766.725430260645226 ], [ 245489.787096352316439, 1273790.14909237367101 ], [ 245460.320849051699042, 1273790.388752428581938 ], [ 245438.166592997789849, 1273790.568959596101195 ], [ 245443.480221349454951, 1273826.603059257147834 ], [ 245378.06473638874013, 1273821.712590371724218 ], [ 245378.315050444740336, 1273852.475892053451389 ], [ 245347.975768234638963, 1273852.722773615270853 ], [ 245348.225217597704614, 1273883.375422038137913 ], [ 245317.776825564680621, 1273883.62322693830356 ], [ 245319.159680750453845, 1273946.249343143543229 ], [ 245287.938399427599506, 1273945.396812882740051 ], [ 245288.188827113539446, 1273976.160133447963744 ], [ 245318.52800104059861, 1273975.913170289015397 ], [ 245319.028814529214287, 1274037.439801651751623 ], [ 245349.477056559087941, 1274037.191968461265787 ], [ 245351.374350142345065, 1274069.159208676312119 ], [ 245380.065614746650681, 1274067.597698818426579 ], [ 245380.433054171007825, 1274112.746723028831184 ], [ 245380.566344197344733, 1274129.124310520943254 ], [ 245411.014485149091342, 1274128.876519664656371 ], [ 245408.152771563414717, 1274192.975819393293932 ], [ 245441.416688988159876, 1274190.049130270024762 ], [ 245443.1792137020675, 1274245.700121665606275 ], [ 245466.196119301137514, 1274257.686164562823251 ], [ 245472.429449414863484, 1274312.858104664599523 ], [ 245412.514835377776762, 1274313.235013783210889 ], [ 245413.015600181010086, 1274374.761621973011643 ], [ 245352.22892467485508, 1274375.256435348186642 ], [ 245351.9793802498898, 1274344.603779104538262 ], [ 245321.531438064062968, 1274344.851668832357973 ], [ 245321.781012391031254, 1274375.504330713767558 ], [ 245139.857348056131741, 1274376.986102230614051 ], [ 245140.357773509371327, 1274438.402154337149113 ], [ 245110.019014317484107, 1274438.649378830567002 ], [ 245110.270618547452614, 1274469.523400622187182 ], [ 245080.25928023661254, 1274469.767991843400523 ], [ 245081.852974583511241, 1274504.615091349231079 ], [ 245080.759860219724942, 1274531.184069304959849 ], [ 245052.510923991532763, 1274533.406339805573225 ], [ 245050.922745255898917, 1274592.958119712537155 ], [ 245020.47498718299903, 1274593.206350351450965 ], [ 245020.724906719464343, 1274623.859072235180065 ], [ 244990.386304640211165, 1274624.106448330683634 ], [ 244990.888025907886913, 1274685.633224196499214 ], [ 244960.440346586925443, 1274685.881531120277941 ], [ 244960.69124620166258, 1274716.644925425527617 ], [ 244930.789248215063708, 1274716.888816885650158 ], [ 244931.290221658855444, 1274778.304958428721875 ], [ 244900.842621168878395, 1274778.553341219900176 ], [ 244901.344581193989143, 1274840.080155748641118 ], [ 244871.006166155071696, 1274840.327689125435427 ], [ 244871.256282091344474, 1274870.980443005217239 ], [ 244841.778435642510885, 1274883.062374112661928 ], [ 244841.310876076488057, 1274932.755742186214775 ], [ 244810.972539479029365, 1274933.003351595252752 ], [ 244811.223636224574875, 1274963.766778000630438 ], [ 244794.092839532968355, 1274964.238610670436174 ], [ 244782.090277610521298, 1274964.557922269916162 ], [ 244775.986544235260226, 1274992.274550787173212 ], [ 244751.124656912201317, 1274994.912202027859166 ], [ 244752.580777334282175, 1275026.219138875370845 ], [ 244690.591065572603839, 1275026.282650342443958 ], [ 244691.092636089160806, 1275087.698891835985705 ], [ 244721.430845452763606, 1275087.451136393472552 ], [ 244722.937328400381375, 1275271.921158491633832 ], [ 244744.981504920724547, 1275271.741128642810509 ], [ 244746.790812628809363, 1275332.925343888346106 ], [ 244783.787470243434655, 1275332.844557149801403 ], [ 244784.037771066825371, 1275363.497335725463927 ], [ 244844.822742120304611, 1275363.00103828124702 ], [ 244845.074795995751629, 1275393.875125726917759 ], [ 244875.521807577228174, 1275393.626570341177285 ], [ 244876.424264515924733, 1275504.175705746747553 ], [ 244877.529179262171965, 1275639.512643912574276 ], [ 244907.866816947178449, 1275639.264963839901611 ], [ 244908.117057798954193, 1275669.917724756058306 ], [ 244937.254251504171407, 1275669.679867360275239 ], [ 244968.464872767537599, 1275669.425113986711949 ], [ 244968.715963438560721, 1275700.18852392421104 ], [ 245029.500208348006709, 1275699.69245673250407 ], [ 245029.751245019462658, 1275730.455855884356424 ], [ 245060.197892999829492, 1275730.207415867131203 ], [ 245060.448905603116145, 1275760.970809815218672 ], [ 245120.796486615465255, 1275760.478458757977933 ], [ 245121.047445644944673, 1275791.241842003539205 ], [ 245181.831454925384605, 1275790.746036416850984 ], [ 245185.075507516565267, 1275934.254646390676498 ], [ 245213.422420098882867, 1275944.204802199732512 ], [ 245213.591193610947812, 1275964.898147634463385 ], [ 245213.923333330516471, 1276005.620881517184898 ], [ 245240.081248329457594, 1276001.423531821696088 ], [ 245274.659967487532413, 1275999.370877293171361 ], [ 245274.456941143085714, 1275974.472475736401975 ], [ 245365.250380081910407, 1275973.732267759041861 ], [ 245364.999624756717822, 1275942.968926716130227 ], [ 245428.656611646292731, 1275946.876794988522306 ], [ 245425.532555848592892, 1275911.710208615520969 ], [ 245455.433316888083937, 1275911.466565497219563 ], [ 245455.18266298645176, 1275880.703242282150313 ], [ 245519.394374541763682, 1275885.713466043584049 ], [ 245515.716683571547037, 1275849.555400800192729 ], [ 245546.16312218492385, 1275849.307411760324612 ], [ 245545.411484161653789, 1275757.017497271997854 ], [ 245575.748880012601148, 1275756.770443551940843 ], [ 245575.498375863593537, 1275726.007145351963118 ], [ 245635.845828585792333, 1275725.51580292545259 ], [ 245635.595389941940084, 1275694.752516386564821 ], [ 245757.163367874716641, 1275693.763100716518238 ], [ 245757.413686569809215, 1275724.526364700170234 ], [ 245817.761073115572799, 1275724.035374382277951 ], [ 245817.510813963977853, 1275693.272121591260657 ], [ 245878.294747380801709, 1275692.777709153713658 ], [ 245878.544946558307856, 1275723.540950674097985 ], [ 245908.991438538592774, 1275723.29333953675814 ], [ 245909.241613628837513, 1275754.056575872935355 ], [ 245999.926203729526605, 1275753.319226784398779 ], [ 246000.176295293204021, 1275784.082446834072471 ], [ 246182.090781988459639, 1275782.60407372075133 ], [ 246182.340700000349898, 1275813.367260527564213 ], [ 246303.471291946276324, 1275812.383427195250988 ], [ 246303.721096378372749, 1275843.146592095959932 ], [ 246357.520458051410969, 1275842.709769260836765 ], [ 246455.297752385871718, 1275841.916105822194368 ], [ 246455.546515117661329, 1275872.568584390450269 ], [ 246485.992751470621442, 1275872.321507351938635 ], [ 246486.682409704662859, 1275957.307427670108154 ], [ 246487.489762548793806, 1276056.789649066282436 ], [ 246454.540103622537572, 1276057.831743805902079 ], [ 246458.119705902558053, 1276082.038557892432436 ], [ 246447.175301213457715, 1276118.536535404389724 ], [ 246427.740239372302312, 1276144.258174795890227 ], [ 246428.281968143419363, 1276210.985434635775164 ], [ 246458.291379199596122, 1276210.741809796541929 ], [ 246459.03969473921461, 1276302.920582110527903 ], [ 246489.485510727536166, 1276302.673426292836666 ], [ 246489.735230503138155, 1276333.436565359355882 ], [ 246520.071886201039888, 1276333.190319378860295 ], [ 246520.320683772239136, 1276363.842794551281258 ], [ 246611.43965268341708, 1276363.103331610094756 ], [ 246611.69016231194837, 1276393.977107877377421 ], [ 246672.145055453962414, 1276393.486629952909425 ], [ 246671.89460572093958, 1276362.612864900147542 ], [ 246702.231198443012545, 1276362.36679041874595 ], [ 246701.982579802745022, 1276331.714348752982914 ], [ 246732.319196810538415, 1276331.468309389892966 ], [ 246732.069716500816867, 1276300.70521516748704 ], [ 246792.52474469342269, 1276300.215005741920322 ], [ 246792.276227159192786, 1276269.562581764766946 ], [ 246837.562966168043204, 1276269.19545228802599 ], [ 246853.058666822820669, 1276269.06984719238244 ], [ 246853.171682975807926, 1276283.012821919983253 ], [ 246853.307124573504552, 1276299.722259982954711 ], [ 246871.530921753088478, 1276299.574547819793224 ], [ 246883.643743914086372, 1276299.476373774698004 ], [ 246883.731636788055766, 1276310.320907865650952 ], [ 246883.893074598803651, 1276330.239439998986199 ], [ 246905.93620444519911, 1276330.060788935050368 ], [ 246914.399763789697317, 1276337.517470844322816 ], [ 246914.587192640465219, 1276360.645095957675949 ], [ 246944.958712086401647, 1276364.714938204502687 ], [ 246945.422312127426267, 1276421.925370159093291 ], [ 246975.431423118221574, 1276421.682202843483537 ], [ 246976.926203820388764, 1276606.149860168807209 ], [ 246946.917270489939256, 1276606.393060702364892 ], [ 246947.415039387415163, 1276667.808522497070953 ], [ 246977.423913563165115, 1276667.565310903592035 ], [ 246977.922543773544021, 1276729.091422060737386 ], [ 247008.258722072583623, 1276728.845575431361794 ], [ 247008.75641931098653, 1276790.261018879944459 ], [ 247039.20165501406882, 1276790.014306392287835 ], [ 247039.450930825027172, 1276820.777352482546121 ], [ 247069.787008302519098, 1276820.531548266299069 ], [ 247070.036260082037188, 1276851.294589222176 ], [ 247100.481424520752626, 1276851.047924902522936 ], [ 247100.978989190829452, 1276912.463338690344244 ], [ 247130.878477015095996, 1276912.221112826373428 ], [ 247131.128583404410165, 1276943.09480251930654 ], [ 247161.573646634729812, 1276942.848180329892784 ], [ 247161.821936089691008, 1276973.50054815155454 ], [ 247192.157841848907992, 1276973.254833935527131 ], [ 247192.655274992197519, 1277034.670218219514936 ], [ 247223.100237150239991, 1277034.423638635547832 ], [ 247223.350276873999974, 1277065.297313415445387 ], [ 247253.686081678373739, 1277065.051641615573317 ], [ 247254.183430442935787, 1277126.467006493825465 ], [ 247284.628291280154372, 1277126.220469483640045 ], [ 247285.126499688805779, 1277187.74648340465501 ], [ 247315.025689239642816, 1277187.504382563056424 ], [ 247315.522966246120632, 1277248.919729127781466 ], [ 247345.967695883271517, 1277248.673228680854663 ], [ 247346.465832393470919, 1277310.199224282056093 ], [ 247376.801375666662352, 1277309.953625772381201 ], [ 247377.298580032133032, 1277371.368953920667991 ], [ 247407.743178405245999, 1277371.122490474721417 ], [ 247408.241242131887702, 1277432.648467590101063 ], [ 247377.79670391685795, 1277432.894942256389186 ], [ 247378.044878789514769, 1277463.547278925543651 ], [ 247408.489387032546801, 1277463.300798669224605 ], [ 247408.987486227793852, 1277524.826778731076047 ], [ 247439.322808874159819, 1277524.581200347281992 ], [ 247439.571837375231553, 1277555.34418553323485 ], [ 247469.579765347269131, 1277555.101280828472227 ], [ 247470.077780798717868, 1277616.627241618232802 ], [ 247500.413002585817594, 1277616.381705266190693 ], [ 247500.910086084710201, 1277677.796998659614474 ], [ 247592.133777219249168, 1277677.058767717331648 ], [ 247592.381790142069804, 1277707.711069314740598 ], [ 247656.900711521448102, 1277710.841052299132571 ], [ 247652.227851112431381, 1277645.807639085687697 ], [ 247681.771430087304907, 1277642.13805226655677 ], [ 247690.467602121236268, 1277583.968438415788114 ], [ 247712.509734975319589, 1277583.790184465236962 ], [ 247711.138358761323616, 1277522.160714952042326 ], [ 247742.348373420274584, 1277522.129688939545304 ], [ 247739.124786589614814, 1277487.849524071440101 ], [ 247772.544062113331165, 1277491.120629916898906 ], [ 247772.246174932923168, 1277454.271517407614738 ], [ 247771.798912809055764, 1277398.942520971875638 ], [ 247801.697808988625184, 1277398.700847238302231 ], [ 247801.200535034382483, 1277337.175016072345898 ], [ 247831.645086167787667, 1277336.928972936235368 ], [ 247831.397382358467439, 1277306.276721638161689 ], [ 247861.73283761672792, 1277306.031595543492585 ], [ 247861.48427543634898, 1277275.268692382145673 ], [ 247891.928875541430898, 1277275.022719850298017 ], [ 247891.680349344213028, 1277244.259822754887864 ], [ 247952.023990691377549, 1277243.772384861949831 ], [ 247951.775530011800583, 1277213.009499379433692 ], [ 248012.099551791267004, 1277210.087717446731403 ], [ 248011.811418371100444, 1277120.34070290112868 ], [ 248042.147020329663064, 1277120.095787449739873 ], [ 248041.651225379639072, 1277058.680712167639285 ], [ 248072.09600268813665, 1277058.434956604382023 ], [ 248071.653880585829029, 1277003.659360548015684 ], [ 248079.019644431537017, 1276996.849346522474661 ], [ 248131.943450320221018, 1276996.422239920357242 ], [ 248131.695216503052507, 1276965.659391809953377 ], [ 248253.256344846216962, 1276964.678730392828584 ], [ 248253.009129450452747, 1276934.026562728919089 ], [ 248434.914350995240966, 1276932.560011226683855 ], [ 248434.665536865184549, 1276901.686562289483845 ], [ 248464.564786183240358, 1276901.445616592885926 ], [ 248464.317790961620631, 1276870.793488658498973 ], [ 248525.098425099626184, 1276870.30378257157281 ], [ 248524.850604104809463, 1276839.541008761851117 ], [ 248676.420318180549657, 1276838.320365107152611 ], [ 248676.667989494715584, 1276869.083111119456589 ], [ 248797.792596960207447, 1276868.108158698305488 ], [ 248798.039264039951377, 1276898.760225700447336 ], [ 248889.155375528993318, 1276898.027109314920381 ], [ 248889.403739197499817, 1276928.90047461935319 ], [ 248980.192348282056628, 1276928.17024058313109 ], [ 248980.43884808808798, 1276958.822275370359421 ], [ 249010.883545043092454, 1276958.577454907353967 ], [ 249011.130910543026403, 1276989.340141756460071 ], [ 249162.59031827157014, 1276988.122596420580521 ], [ 249162.836650766665116, 1277018.774599004071206 ], [ 249223.616732798749581, 1277018.286197915906087 ], [ 249223.864789519662736, 1277049.159503931878135 ], [ 249284.208308230503462, 1277048.674716465407982 ], [ 249284.701653003401589, 1277110.089336915872991 ], [ 249345.481511162506649, 1277109.601138840429485 ], [ 249345.727688034472521, 1277140.253110237186775 ], [ 249436.951904257904971, 1277139.520580880343914 ], [ 249437.199774042353965, 1277170.393849900458008 ], [ 249467.098579656070797, 1277170.153815182857215 ], [ 249467.344649018836208, 1277200.805765493540093 ], [ 249497.789017831004458, 1277200.561374531127512 ], [ 249498.035951317084255, 1277231.323976620798931 ], [ 249528.371165069111157, 1277231.080485670594499 ], [ 249527.015923169645248, 1277266.17183649702929 ], [ 249556.627225918287877, 1277270.914053649175912 ], [ 249562.447011429030681, 1277384.187216057442129 ], [ 249590.384113036707276, 1277384.294994692783803 ], [ 249590.876988150266698, 1277445.709515227237716 ], [ 249620.884619988879422, 1277445.468701186124235 ], [ 249621.131480719981482, 1277476.231285088695586 ], [ 249803.0319948590477, 1277474.772099933121353 ], [ 249803.278681735042483, 1277505.534651129739359 ], [ 249894.392452715575928, 1277504.804128386080265 ], [ 249894.63905542952125, 1277535.566663450328633 ], [ 250015.760159875266254, 1277534.595940106082708 ], [ 250015.831745737115853, 1277598.005625890567899 ], [ 250047.173390161100542, 1277600.853083682479337 ], [ 250046.942606905737193, 1277626.528890296351165 ], [ 250075.221826582535869, 1277628.515597961843014 ], [ 250078.016689926327672, 1277718.573372150305659 ], [ 250094.711649308534106, 1277718.439621033845469 ], [ 250138.358594177785562, 1277718.089987214654684 ], [ 250138.604112149914727, 1277748.741825089789927 ], [ 250169.047819537780015, 1277748.497986200964078 ], [ 250169.294199614960235, 1277779.260475488146767 ], [ 250199.628754346078495, 1277779.017534659011289 ], [ 250199.382404246542137, 1277748.255050899926573 ], [ 250260.160674435202964, 1277747.768395377090201 ], [ 250259.915276154031744, 1277717.116579572437331 ], [ 250289.922522597917123, 1277716.876358993118629 ], [ 250289.67538811970735, 1277686.003236394841224 ], [ 250320.010011026868597, 1277685.760430172551423 ], [ 250319.76468381943414, 1277655.108626291621476 ], [ 250350.208448551245965, 1277654.864981908816844 ], [ 250350.453745783859631, 1277685.516780265141279 ], [ 250380.788357741665095, 1277685.274033266818151 ], [ 250380.543090376653709, 1277654.622240414610133 ], [ 250562.441709783102851, 1277653.167284647002816 ], [ 250562.715996679879026, 1277687.470698261400685 ], [ 250623.028588925546501, 1277683.336610541446134 ], [ 250623.275392807554454, 1277714.209672239609063 ], [ 250653.71904279262526, 1277713.966313103679568 ], [ 250653.472269102494465, 1277683.093256963416934 ], [ 250683.806826713203918, 1277682.850805231602862 ], [ 250684.298550975479884, 1277744.37559471372515 ], [ 250775.520244903222192, 1277743.646640183171257 ], [ 250775.275354067940498, 1277712.994917831849307 ], [ 250805.173392127791885, 1277712.756065692054108 ], [ 250804.926768638542853, 1277681.883037190884352 ], [ 250986.933869725995464, 1277680.429655650863424 ], [ 250987.180312715354376, 1277711.302650960162282 ], [ 251017.514780443976633, 1277711.060518627753481 ], [ 251017.759432761988137, 1277741.712197118671611 ], [ 251078.537408862583106, 1277741.227139418479055 ], [ 251079.027494240028318, 1277802.641131748445332 ], [ 251109.361855938681401, 1277802.39907171507366 ], [ 251102.425822914316086, 1277863.09767308156006 ], [ 251139.859735536767403, 1277863.684281161287799 ], [ 251136.221884070459055, 1277927.45511227613315 ], [ 251170.793978260073345, 1277924.96601758687757 ], [ 251171.039404807554092, 1277955.728327910648659 ], [ 251201.373600362800062, 1277955.486328817438334 ], [ 251201.618120006140089, 1277986.13797836820595 ], [ 251231.952280254743528, 1277985.896003354806453 ], [ 251232.443042527971556, 1278047.420604438753799 ], [ 251262.886252855707426, 1278047.177777686621994 ], [ 251263.131612644036068, 1278077.940073472447693 ], [ 251293.13832612519036, 1278077.70075180567801 ], [ 251293.383662080566864, 1278108.463042604271322 ], [ 251323.717686164862243, 1278108.221134059829637 ], [ 251323.962115535599878, 1278138.872764163650572 ], [ 251384.739202712778933, 1278138.388154884334654 ], [ 251384.985342468804447, 1278169.261085843201727 ], [ 251415.319290288491175, 1278169.019255105173215 ], [ 251415.563641527318396, 1278199.670869718538597 ], [ 251506.347133319766726, 1278198.9472775622271 ], [ 251506.592282761819661, 1278229.709531892323866 ], [ 251627.709486345556797, 1278228.744552973425016 ], [ 251627.953640441497555, 1278259.396130312466994 ], [ 251779.950884095567744, 1278258.296420236118138 ], [ 251780.195775179192424, 1278289.058626045938581 ], [ 251870.86968899104977, 1278288.33691452536732 ], [ 251871.113615635869792, 1278318.988449087832123 ], [ 251931.890147221885854, 1278318.504839564440772 ], [ 251932.134900184348226, 1278349.267018953338265 ], [ 252417.036526868236251, 1278345.412725873291492 ], [ 252417.525091402960243, 1278406.936910827178508 ], [ 252508.307421188394073, 1278406.216122038662434 ], [ 252508.550743967673043, 1278436.867543932283297 ], [ 252538.884222149587004, 1278436.626757031306624 ], [ 252539.128399146866286, 1278467.388828872237355 ], [ 252599.904392426164122, 1278466.906466947402805 ], [ 252600.148515128850704, 1278497.668528327951208 ], [ 252812.045764352165861, 1278495.987646923167631 ], [ 252812.289683331939159, 1278526.749670594930649 ], [ 252873.06545924936654, 1278526.26781940786168 ], [ 252872.821600363356993, 1278495.505806692875922 ], [ 252993.936756554991007, 1278494.545940529787913 ], [ 252994.180495685403002, 1278525.30793141759932 ], [ 253115.731896321696695, 1278524.345058425795287 ], [ 253115.97464469136321, 1278554.996373310917988 ], [ 253237.089389703178313, 1278554.037408294621855 ], [ 253237.332900434790645, 1278584.799356454983354 ], [ 253267.666099429159658, 1278584.559251608327031 ], [ 253267.909585947840242, 1278615.321194823365659 ], [ 253297.915413320879452, 1278615.083704735152423 ], [ 253298.15887594857486, 1278645.845643010688946 ], [ 253358.934239141439321, 1278645.364695374155417 ], [ 253359.17677187002846, 1278676.015968811465427 ], [ 253510.733044537453679, 1278674.817111907526851 ], [ 253510.977183789975243, 1278705.68966732150875 ], [ 253874.754974192503141, 1278702.815013149054721 ], [ 253874.997010641731322, 1278733.466195295797661 ], [ 253935.771989173314068, 1278732.986340502509847 ], [ 253935.530012609611731, 1278702.335169226396829 ], [ 253965.426522722613299, 1278702.099167492473498 ], [ 253965.668469827214722, 1278732.750333422562107 ], [ 253996.110501329036197, 1278732.510049169650301 ], [ 253995.868584220850607, 1278701.85888868290931 ], [ 254116.982108679192606, 1278700.903235768666491 ], [ 254117.17501627173624, 1278670.02734670531936 ], [ 254138.342617388814688, 1278669.860375199001282 ], [ 254207.846526466251817, 1278669.312224690802395 ], [ 254208.089973864407511, 1278700.18465449498035 ], [ 254238.531992283998989, 1278699.944613162428141 ], [ 254238.77367028145818, 1278730.59573028376326 ], [ 254269.1065422524116, 1278730.356573527911678 ], [ 254269.349068484269083, 1278761.118339580949396 ], [ 254299.354572370677488, 1278760.881787377176806 ], [ 254299.596202364889905, 1278791.532894709147513 ], [ 254360.370910658035427, 1278791.053846805356443 ], [ 254360.614230728882831, 1278821.92625132529065 ], [ 254421.388857152807759, 1278821.447311240714043 ], [ 254421.6303788383957, 1278852.098397886613384 ], [ 254451.963098812033422, 1278851.859396783169359 ], [ 254452.456561898085056, 1278914.489405409432948 ], [ 254452.690224116755417, 1278944.144604550208896 ], [ 254482.695518272405025, 1278943.908195578027517 ], [ 254483.664108646393288, 1279066.844471065094694 ], [ 254513.996608030720381, 1279066.605490803020075 ], [ 254514.2380861719721, 1279097.256565193179995 ], [ 254544.679659893241478, 1279097.016749604605138 ], [ 254544.347532601328567, 1279221.069843361852691 ], [ 254575.98046364961192, 1279219.714043417945504 ], [ 254569.999209765228443, 1279249.971486434340477 ], [ 254636.560056843532948, 1279250.000522703165188 ], [ 254647.955467466235859, 1279311.438012019498274 ], [ 254667.970430916495388, 1279372.80761728528887 ], [ 254698.302598362526624, 1279372.568760195514187 ], [ 254698.543954456865322, 1279403.219807126093656 ], [ 254759.317321809183341, 1279402.741311959922314 ], [ 254759.800802437821403, 1279464.154039173386991 ], [ 254789.805539601045894, 1279463.917831383412704 ], [ 254790.72628658785834, 1279525.43776774359867 ], [ 254820.621851186995627, 1279525.202437418978661 ], [ 254820.863987463526428, 1279555.964118782663718 ], [ 254851.305056081706425, 1279555.724518207833171 ], [ 254845.170305512205232, 1279621.947704932186753 ], [ 254882.121181061142124, 1279617.009148526238278 ], [ 254876.407158082845854, 1279681.237123663304374 ], [ 254913.045440143556334, 1279678.182276649633422 ], [ 254913.286644067033194, 1279708.833290696842596 ], [ 254943.619309663132299, 1279708.705264263320714 ], [ 254943.861360091890674, 1279739.466926851077005 ], [ 254951.826175135007361, 1279739.40425538783893 ], [ 255064.970151793444529, 1279738.514197641750798 ], [ 255064.728221226425376, 1279707.752556695137173 ], [ 255125.063560920534655, 1279707.167442248435691 ], [ 255124.822565834212583, 1279676.516465905122459 ], [ 255216.036126551276539, 1279675.799436086555943 ], [ 255215.794357443170156, 1279645.037823200458661 ], [ 255276.56706219210173, 1279644.560248647117987 ], [ 255276.326228387188166, 1279613.909300336614251 ], [ 255336.662542699166806, 1279613.435283673694357 ], [ 255336.420035699993605, 1279582.563040185021237 ], [ 255397.19281805184437, 1279582.085724101401865 ], [ 255396.952115088526625, 1279551.434798312373459 ], [ 255669.611335954861715, 1279549.294813747284934 ], [ 255669.129616824939149, 1279487.882407549535856 ], [ 255729.793354248511605, 1279487.406631346326321 ], [ 255729.551261599990539, 1279456.534460377879441 ], [ 255759.992259981721872, 1279456.295766610419378 ], [ 255759.510755101888208, 1279394.88339584111236 ], [ 255819.847317524749087, 1279394.410395518643782 ], [ 255819.607066888536792, 1279363.759548031724989 ], [ 255880.380098770634504, 1279363.283255520276725 ], [ 255880.138179558911361, 1279332.411113644717261 ], [ 255940.911250407167245, 1279331.934950783150271 ], [ 255940.671130992879625, 1279301.284125861013308 ], [ 255970.675810661748983, 1279301.049085600534454 ], [ 255970.434859783039428, 1279270.287613697815686 ], [ 256000.766887919337023, 1279270.05004419083707 ], [ 256001.007808789581759, 1279300.811510694911703 ], [ 256031.448909504455514, 1279300.573110952973366 ], [ 256031.20801875073812, 1279269.811649865936488 ], [ 256268.029320335801458, 1279275.26155975763686 ], [ 256273.623364664090332, 1279237.15097919316031 ], [ 256394.733136813039891, 1279236.203790473751724 ], [ 256394.492617359035648, 1279205.442395069636405 ], [ 256515.602424576005433, 1279204.495699574938044 ], [ 256515.84282421899843, 1279235.25707346550189 ], [ 256606.947803527960787, 1279234.545214351732284 ], [ 256607.188118745427346, 1279265.306572529021651 ], [ 256637.19271246160497, 1279265.072181016672403 ], [ 256637.43300369795179, 1279295.833534403936937 ], [ 256698.205868433142314, 1279295.358862976543605 ], [ 256698.445241074456135, 1279326.009553741198033 ], [ 256759.218024589965353, 1279325.534990352345631 ], [ 256758.978711857576855, 1279294.884310332126915 ], [ 256940.86068508066819, 1279293.464770034188405 ], [ 256940.620694030774757, 1279262.703470473410562 ], [ 257031.288930727459956, 1279261.996242660330608 ], [ 257024.133702830848051, 1279295.913648288929835 ], [ 257122.30603892612271, 1279292.049696056405082 ], [ 257122.544993498217082, 1279322.700311896391213 ], [ 257152.876760100276442, 1279322.463855078443885 ], [ 257153.356351580732735, 1279383.986381601076573 ], [ 257214.128855691058561, 1279383.512684909394011 ], [ 257214.368599837151123, 1279414.273938136408105 ], [ 257275.141022530762712, 1279413.800349474186078 ], [ 257275.620407627109671, 1279475.322835945757106 ], [ 257305.624678379041143, 1279475.089050666196272 ], [ 257305.863487631693715, 1279505.739637401653454 ], [ 257366.635698433878133, 1279505.266193950548768 ], [ 257366.875315355922794, 1279536.027422381564975 ], [ 257427.64744474683539, 1279535.554086977383122 ], [ 257427.88614547252655, 1279566.204653279390186 ], [ 257488.221769767755177, 1279565.734823942184448 ], [ 257488.462139748473419, 1279596.606683755060658 ], [ 257610.00605213054223, 1279595.660562264267355 ], [ 257610.244584847299848, 1279626.311097505269572 ], [ 257670.580026610987261, 1279625.841599844861776 ], [ 257670.341553385456791, 1279595.191075231181458 ], [ 257761.444847498176387, 1279594.482397190760821 ], [ 257761.683230895607267, 1279625.132905763341114 ], [ 257882.79041069073719, 1279624.191222821827978 ], [ 257883.029540497343987, 1279654.952362143667415 ], [ 258064.164215582597535, 1279656.089911752613261 ], [ 258095.348561356309801, 1279653.302548935171217 ], [ 258095.109641656832537, 1279622.541447090683505 ], [ 258155.444915480387863, 1279622.072890534996986 ], [ 258155.206920331664151, 1279591.422451226040721 ], [ 258215.978654517384712, 1279590.950634533539414 ], [ 258216.216589745687088, 1279621.601063162554055 ], [ 258246.547866259061266, 1279621.365617466159165 ], [ 258246.786636098840972, 1279652.126692599849775 ], [ 258307.23090300190961, 1279651.657572658965364 ], [ 258307.468759990559192, 1279682.307986338157207 ], [ 258368.241119885031367, 1279681.947085146093741 ], [ 258362.132597997726407, 1279752.483587897615507 ], [ 258459.383650123199914, 1279742.655213764403015 ], [ 258460.09941545012407, 1279834.93833469832316 ], [ 258490.539544276514789, 1279834.702241797465831 ], [ 258490.777255735039944, 1279865.352626538602635 ], [ 258521.108244945586193, 1279865.117404179181904 ], [ 258521.585341103869723, 1279926.639466881752014 ], [ 258552.025369056762429, 1279926.403417437337339 ], [ 258552.263895492418669, 1279957.164444168331102 ], [ 258582.59478411715827, 1279956.929265093058348 ], [ 258582.83242825610796, 1279987.57963583804667 ], [ 258643.166818559489911, 1279987.111893018241972 ], [ 258642.690797232848126, 1279925.700522089609876 ], [ 258703.461701714375522, 1279925.229535724269226 ], [ 258703.937602952792076, 1279986.640885298606008 ], [ 258734.377539067238104, 1279986.405003302497789 ], [ 258735.330146302148933, 1280109.338338163215667 ], [ 258765.660853430599673, 1280109.103309950325638 ], [ 258765.900061078194994, 1280139.974953399971128 ], [ 258795.903423446201487, 1280139.742485293420032 ], [ 258796.140892379422439, 1280170.392821874003857 ], [ 258887.241889431781601, 1280169.68712573312223 ], [ 258887.718378426565323, 1280231.209070424549282 ], [ 258918.158041923335986, 1280230.973323776153848 ], [ 258918.63449324038811, 1280292.49525976087898 ], [ 258948.96498868681374, 1280292.260377078782767 ], [ 258949.440545656834729, 1280353.671653445111588 ], [ 259070.544030616787495, 1280352.734065162949264 ], [ 259070.782126083038747, 1280383.495008305180818 ], [ 259161.555043853499228, 1280382.792533013271168 ], [ 259161.793055084301159, 1280413.553460684604943 ], [ 259192.123388549109222, 1280413.318793162005022 ], [ 259192.599367872549919, 1280474.840639380272478 ], [ 259223.038737677765312, 1280474.605146810645238 ], [ 259224.09422857593745, 1280611.037569804117084 ], [ 259224.226921820663847, 1280628.188442831160501 ], [ 259193.787702516536228, 1280628.423962090164423 ], [ 259194.959908099903259, 1280779.904931651894003 ], [ 259195.928429506340763, 1280905.051015767268836 ], [ 259226.367377689835848, 1280904.815448438050225 ], [ 259226.605424568348099, 1280935.576373981777579 ], [ 259256.935237265657634, 1280935.341675330651924 ], [ 259257.410431629163213, 1280996.752866440452635 ], [ 259317.742621994519141, 1280996.286068785469979 ], [ 259318.218575568025699, 1281057.807891524629667 ], [ 259378.98702371949912, 1281057.337814562255517 ], [ 259379.224948761722771, 1281088.098716033389792 ], [ 259409.663684541679686, 1281087.863294944632798 ], [ 259409.900729297689395, 1281118.513540852349252 ], [ 259500.562219362909673, 1281117.812501359498128 ], [ 259500.325264104030794, 1281087.162271299166605 ], [ 259561.0935890446126, 1281086.692539616022259 ], [ 259560.855844178789994, 1281055.931670048041269 ], [ 259621.624208266235655, 1281055.462067951913923 ], [ 259621.386529235227499, 1281024.701209565624595 ], [ 259681.718534667132189, 1281024.235108063090593 ], [ 259681.495451203576522, 1280995.355319724883884 ], [ 259711.919694710813928, 1280993.239152654306963 ], [ 259711.682971449248726, 1280962.588961678324267 ], [ 259742.012670245458139, 1280962.354731256840751 ], [ 259742.249363569921115, 1280993.004916937323287 ], [ 259833.020139846630627, 1280992.304071934660897 ], [ 259835.263785276183626, 1280957.872417363803834 ], [ 259863.113213997945422, 1280961.419789958512411 ], [ 259863.294273583072936, 1280984.877677598036826 ], [ 259893.844037420727545, 1280999.0273004071787 ], [ 259894.025933267635992, 1281022.595834842417389 ], [ 259925.21894250594778, 1281021.137882091803476 ], [ 259924.592919568764046, 1281053.122576761059463 ], [ 259959.616317279054783, 1281053.184291116660461 ], [ 259955.505451385775814, 1281114.298647007672116 ], [ 259985.398562536487589, 1281114.067994049284607 ], [ 259985.873240104643628, 1281175.58958707912825 ], [ 260016.311780445335899, 1281175.354744042735547 ], [ 260014.650375637866091, 1281228.704196332022548 ], [ 260014.289960486727068, 1281238.555443017976359 ], [ 260027.157605202344712, 1281237.681569734355435 ], [ 260047.114942896907451, 1281236.53169585741125 ], [ 260047.23188413027674, 1281251.690788981504738 ], [ 260047.353094732883619, 1281267.403133808868006 ], [ 260069.500060080492403, 1281267.232291116379201 ], [ 260077.836769277695566, 1281273.032800137065351 ], [ 260078.383021821500733, 1281343.848991742357612 ], [ 260078.739809097489342, 1281390.100818345090374 ], [ 260048.301490291458322, 1281390.335639069322497 ], [ 260048.775294880353613, 1281451.746569528477266 ], [ 260079.213553468289319, 1281451.51173817156814 ], [ 260079.450860872340854, 1281482.272524007828906 ], [ 260049.012632448517252, 1281482.507360690971836 ], [ 260049.249975638347678, 1281513.268152332864702 ], [ 260079.688173897215165, 1281513.033310323953629 ], [ 260080.161963116319384, 1281574.444234183058143 ], [ 260102.199608169263229, 1281574.274216132936999 ], [ 260110.965603899239795, 1281635.731818555854261 ], [ 260140.967283039324684, 1281635.500381008954719 ], [ 260141.440997727040667, 1281696.911287782946602 ], [ 260171.878999506356195, 1281696.676502880407497 ], [ 260169.959933012956753, 1281730.77361475629732 ], [ 260232.77399597511976, 1281726.969468516297638 ], [ 260233.011203832691535, 1281757.730232362868264 ], [ 260293.777953410462942, 1281757.261690895538777 ], [ 260294.014253572007874, 1281787.91179443965666 ], [ 260354.453633121418534, 1281787.445884038927034 ], [ 260352.01635802097735, 1281853.416083503281698 ], [ 260446.023071530042216, 1281848.265332899289206 ], [ 260446.260091381584061, 1281879.026061663636938 ], [ 260567.356558012397727, 1281878.093205107841641 ], [ 260567.119658204523148, 1281847.332497492898256 ], [ 260597.557435802475084, 1281847.098102372139692 ], [ 260597.083713359868852, 1281785.576699279714376 ], [ 260930.372240283002611, 1281783.012184301158413 ], [ 260930.136568629968679, 1281752.362191449385136 ], [ 260960.574373843061039, 1281752.128168999683112 ], [ 260960.810015433991794, 1281782.778156564570963 ], [ 261051.468734007503372, 1281782.081283093662933 ], [ 261051.233181956224144, 1281751.431311272550374 ], [ 261081.670966297038831, 1281751.197407595114782 ], [ 261081.434599635453196, 1281720.43679187586531 ], [ 261111.763312834285898, 1281720.203761539654806 ], [ 261111.9996494341176, 1281750.964371975278482 ], [ 261142.001039463415509, 1281750.733880290295929 ], [ 261141.764732600655407, 1281719.973275080788881 ], [ 261202.531229068990797, 1281719.50652409857139 ], [ 261202.294988032110268, 1281688.745929949916899 ], [ 261263.061523821437731, 1281688.279308531433344 ], [ 261262.825348607933847, 1281657.518725491827354 ], [ 261323.155539032508386, 1281657.055583239765838 ], [ 261322.92027851252351, 1281626.405660734511912 ], [ 261353.249040204304038, 1281626.172882901504636 ], [ 261353.012966008711373, 1281595.412316623143852 ], [ 261474.109888314967975, 1281594.483196432702243 ], [ 261474.34584249285399, 1281625.243741641286761 ], [ 261565.550226206658408, 1281624.544267904479057 ], [ 261565.785247118241386, 1281655.194148351438344 ], [ 261686.881784466793761, 1281654.265814454061911 ], [ 261687.115843284351286, 1281684.805025101173669 ], [ 261869.054773059993749, 1281693.370135979959741 ], [ 261869.21578174518072, 1281714.393484456464648 ], [ 261899.544359813269693, 1281714.161223984556273 ], [ 261899.779915576975327, 1281744.921697407029569 ], [ 262013.016760419646744, 1281743.501476959791034 ], [ 262041.035362734750379, 1281712.30346829071641 ], [ 262050.842676866071997, 1281682.240754442755133 ], [ 262111.608921304694377, 1281681.775794458109885 ], [ 262110.903781927481759, 1281589.605138271348551 ], [ 262140.796055090293521, 1281589.376473885495216 ], [ 262140.56076722429134, 1281558.616045011440292 ], [ 262170.998544828617014, 1281558.383242778480053 ], [ 262170.528892343805637, 1281496.973046069266275 ], [ 262231.295456190709956, 1281496.508386336732656 ], [ 262230.825100188143551, 1281434.987563726259395 ], [ 262443.01739819184877, 1281433.366015173960477 ], [ 262443.251517929311376, 1281464.01574062067084 ], [ 262564.34901933663059, 1281463.201610409654677 ], [ 262564.583869844791479, 1281493.961964204907417 ], [ 262595.021634874981828, 1281493.729588764952496 ], [ 262594.879728389845695, 1281475.14060111832805 ], [ 262594.786814529681578, 1281462.969240239821374 ], [ 262625.551892532967031, 1281462.734401795081794 ], [ 262655.116064843256027, 1281462.398103737272322 ], [ 262655.028242185595445, 1281450.890639272984117 ], [ 262654.882154295919463, 1281431.748414846137166 ], [ 262685.319964104914106, 1281431.516138947568834 ], [ 262685.085244826972485, 1281400.755807131761685 ], [ 262715.413983425416518, 1281400.524398696841672 ], [ 262715.648672650218941, 1281431.284725264180452 ], [ 262745.977375995367765, 1281431.053341212449595 ], [ 262745.849916547129396, 1281414.345396853983402 ], [ 262745.742716823646333, 1281400.293019893346354 ], [ 262781.198963365866803, 1281400.022560658864677 ], [ 262836.510693835560232, 1281399.600725118303671 ], [ 262836.978994045522995, 1281461.010688273934647 ], [ 262897.746233806305099, 1281460.657992785563692 ], [ 262897.980753930984065, 1281491.418288892367855 ], [ 262958.310686146433, 1281490.958379481220618 ], [ 262958.778780055930838, 1281552.368303868221119 ], [ 262989.216417467861902, 1281552.136304004816338 ], [ 262989.45086428464856, 1281582.896585932467133 ], [ 263050.216967835556716, 1281582.433496521087363 ], [ 263050.45135998306796, 1281613.193768476368859 ], [ 263080.779826290381607, 1281612.962678735144436 ], [ 263081.01335087249754, 1281643.612297495594248 ], [ 263141.342922907322645, 1281643.152689511887729 ], [ 263141.577236286480911, 1281673.912946787895635 ], [ 263202.343107732362114, 1281673.450122382957488 ], [ 263202.577366434736177, 1281704.210369693581015 ], [ 263263.343156892224215, 1281703.747653770726174 ], [ 263255.960133405169472, 1281765.770530743990093 ], [ 263293.811724507017061, 1281764.929063665214926 ], [ 263294.280100770178251, 1281826.449530449230224 ], [ 263324.60831563861575, 1281826.218640758190304 ], [ 263324.842482026317157, 1281856.978869672631845 ], [ 263385.607930258032866, 1281856.516338452231139 ], [ 263385.841199817950837, 1281887.165909128729254 ], [ 263476.607414410857018, 1281886.475224697031081 ], [ 263476.374234500573948, 1281855.825669623212889 ], [ 263567.467774626798928, 1281855.132777326041833 ], [ 263568.168743997870479, 1281947.302693377016112 ], [ 263598.605885969416704, 1281947.071219948120415 ], [ 263598.839803821989335, 1281977.831403799820691 ], [ 263659.168544113752432, 1281977.372683047549799 ], [ 263659.40156645141542, 1282008.022208857582882 ], [ 263689.729539300664328, 1282007.791643308242783 ], [ 263689.964219492860138, 1282038.662460615159944 ], [ 263750.72918261680752, 1282038.200578834163025 ], [ 263750.962126004509628, 1282068.850090050371364 ], [ 263811.290635936835315, 1282068.391632564598694 ], [ 263811.057752143766265, 1282037.742131703300402 ], [ 263871.822674063849263, 1282037.280487075680867 ], [ 263871.35536206769757, 1281975.760211820248514 ], [ 263901.792422219470609, 1281975.529030318604782 ], [ 263901.705865440191701, 1281964.132290819659829 ], [ 263901.326033018180169, 1281914.11941548017785 ], [ 263931.654054627986625, 1281913.88910270598717 ], [ 263930.95334195898613, 1281821.608727998333052 ], [ 263991.282268468989059, 1281821.150707118678838 ], [ 263990.677810771856457, 1281784.639387730509043 ], [ 264021.453236360044684, 1281785.844295355957001 ], [ 264021.252524551935494, 1281759.399454539641738 ], [ 264084.527079132793006, 1281758.919280821923167 ], [ 264112.346057270886377, 1281758.708210790762678 ], [ 264112.579431313439272, 1281789.468302895082161 ], [ 264269.892787861754186, 1281788.275164729449898 ], [ 264294.002520297828596, 1281788.092375608161092 ], [ 264293.823010587948374, 1281764.413767540361732 ], [ 264300.860430261993315, 1281757.2785579781048 ], [ 264384.971813863434363, 1281756.641044134041294 ], [ 264384.73955403250875, 1281725.991647061659023 ], [ 264596.927189956768416, 1281724.384441521018744 ], [ 264597.159240236971527, 1281755.033802282530814 ], [ 264627.1600128710852, 1281754.806674350751564 ], [ 264626.927992218872532, 1281724.157318720826879 ], [ 264748.458463556482457, 1281723.237561590503901 ], [ 264748.225731239421293, 1281692.477579839760438 ], [ 264838.991792696644552, 1281691.790977722033858 ], [ 264838.526524508488365, 1281630.271046848734841 ], [ 264899.18278521776665, 1281629.812380547169596 ], [ 264898.951056057703681, 1281599.163073589559644 ], [ 264929.38830273412168, 1281598.932965364307165 ], [ 264929.155772668425925, 1281568.173016797518358 ], [ 265019.922101646254305, 1281567.487008698051795 ], [ 265019.689667035825551, 1281536.727076218929142 ], [ 265050.01785926730372, 1281536.497921522939578 ], [ 265049.78546021587681, 1281505.737994723487645 ], [ 265140.551907845772803, 1281505.052371828584 ], [ 265140.320439856674057, 1281474.403108256170526 ], [ 265201.085992619977333, 1281473.944262192817405 ], [ 265201.317400611354969, 1281504.593515396350995 ], [ 265231.645592210523318, 1281504.364543580682948 ], [ 265231.877811047248542, 1281535.124439232051373 ], [ 265262.315061531262472, 1281534.89466835767962 ], [ 265262.779455379408319, 1281596.41445073694922 ], [ 265232.34226522105746, 1281596.644232032820582 ], [ 265232.573665169649757, 1281627.293482076842338 ], [ 265202.245593681640457, 1281627.522474644705653 ], [ 265202.710140931303613, 1281689.042280864901841 ], [ 265233.038152305409312, 1281688.813277911627665 ], [ 265233.501825974090025, 1281750.22242863685824 ], [ 265263.938865522504784, 1281749.992621325189248 ], [ 265264.171098153921776, 1281780.752515815198421 ], [ 265324.499635562882759, 1281780.297097496455535 ], [ 265324.731813897844404, 1281811.05698214028962 ], [ 265506.589868958340958, 1281809.684817337896675 ], [ 265506.82187253551092, 1281840.444671391276643 ], [ 265595.405245831585489, 1281839.7766572101973 ], [ 265627.914896527596284, 1281839.531562724150717 ], [ 265628.145951426646207, 1281870.180749710416421 ], [ 265688.910558343748562, 1281869.722717834170908 ], [ 265689.04315353767015, 1281887.315566737903282 ], [ 265689.837094400601927, 1281992.65136992209591 ], [ 265720.164723732043058, 1281992.422788947355002 ], [ 265720.397383803850971, 1282023.293256608303636 ], [ 265750.834069897595327, 1282023.063877983950078 ], [ 265751.760474898386747, 1282145.992498737294227 ], [ 265782.087943629303481, 1282145.76395125198178 ], [ 265782.782506315503269, 1282237.932744890218601 ], [ 265812.782606072432827, 1282237.706677559297532 ], [ 265813.014386122929864, 1282268.466486918739974 ], [ 265843.3417245663004, 1282268.237977707292885 ], [ 265843.572646369924769, 1282298.887135627912357 ], [ 265874.00904073251877, 1282298.657829070696607 ], [ 265875.19776088843355, 1282456.440117941237986 ], [ 265875.630437497165985, 1282513.86579302768223 ], [ 265845.194254300207831, 1282514.095135942799971 ], [ 265845.426053613889962, 1282544.854944677557796 ], [ 265785.099183137761429, 1282545.309618989005685 ], [ 265785.331047768064309, 1282576.06943857180886 ], [ 265724.567856437293813, 1282576.527530661085621 ], [ 265725.030888377921656, 1282637.93654517037794 ], [ 265694.703890121949371, 1282638.165234880521894 ], [ 265694.912497264682315, 1282665.826958456542343 ], [ 265695.1678384495317, 1282699.684908671770245 ], [ 265664.731805528281257, 1282699.914461223874241 ], [ 265664.963818115415052, 1282730.674304081127048 ], [ 265630.476468615350313, 1282728.942696155514568 ], [ 265635.100166953518055, 1282792.312119416892529 ], [ 265601.816200684814248, 1282791.014090271899477 ], [ 265605.564755269500893, 1282854.058164704358205 ], [ 265571.88624049705686, 1282858.295820934465155 ], [ 265571.079102342482656, 1282968.180628079222515 ], [ 265606.492352708126418, 1282976.986943595344201 ], [ 265606.723639536299743, 1283007.636154332198203 ], [ 265636.723026359803043, 1283007.409783070674166 ], [ 265636.955958769947756, 1283038.280283150263131 ], [ 265606.956601817044429, 1283038.506659557344392 ], [ 265607.187899588781875, 1283069.155871320981532 ], [ 265637.18722688453272, 1283068.929489805595949 ], [ 265637.650614419544581, 1283130.33855157205835 ], [ 265667.977141969022341, 1283130.109719599829987 ], [ 265668.441326197120361, 1283191.629420006182045 ], [ 265698.876876438385807, 1283191.399784323759377 ], [ 265699.880909657164011, 1283223.260338160209358 ], [ 265759.87088341510389, 1283221.701260808156803 ], [ 265759.542065314773936, 1283178.106386329047382 ], [ 265759.407703730510548, 1283160.292237414279953 ], [ 265789.278636547387578, 1283157.521931856172159 ], [ 265789.501377373700961, 1283129.193043065955862 ], [ 265814.01951021514833, 1283125.467256023548543 ], [ 265822.120826745347586, 1283100.287908110069111 ], [ 265849.596042638993822, 1283098.089001656742766 ], [ 265849.332446800544858, 1283063.12460439838469 ], [ 265848.900365157402121, 1283005.809549550525844 ], [ 265881.858445744437631, 1283007.331560482503846 ], [ 265878.873202545160893, 1282944.171148559544235 ], [ 265909.19986953784246, 1282943.94258494512178 ], [ 265908.968893087469041, 1282913.293426756747067 ], [ 265942.254322384367697, 1282914.813052464975044 ], [ 265939.172065437480342, 1282882.193629943067208 ], [ 265968.732659281697124, 1282881.638948986306787 ], [ 265968.368058371299412, 1282789.799690867308527 ], [ 265998.803949645371176, 1282789.570420071016997 ], [ 265998.341402809950523, 1282728.161493403837085 ], [ 266062.393546047271229, 1282729.892173623433337 ], [ 266058.8725794457132, 1282696.944108053576201 ], [ 266089.198623273230623, 1282696.605117018334568 ], [ 266088.736289641819894, 1282635.196224394720048 ], [ 266122.463325107819401, 1282637.376689328346401 ], [ 266118.941599188372493, 1282604.317981765372679 ], [ 266088.505547513952479, 1282604.547102175652981 ], [ 266088.273977852426469, 1282573.787333832588047 ], [ 266118.710059713048395, 1282573.558218613732606 ], [ 266118.246997200301848, 1282512.038693789159879 ], [ 266148.137683843728155, 1282511.813723842613399 ], [ 266147.906190449430142, 1282481.053967271000147 ], [ 266178.342352686915547, 1282480.824926821980625 ], [ 266177.879442700534128, 1282419.305425630882382 ], [ 266208.206569811620284, 1282419.077246162109077 ], [ 266207.975985533208586, 1282388.42814804171212 ], [ 266268.739374783239327, 1282387.971067855367437 ], [ 266268.508023791946471, 1282357.211334048304707 ], [ 266391.68619017500896, 1282358.276886707404628 ], [ 266389.136054125498049, 1282294.78140687639825 ], [ 266419.572356427204795, 1282294.552635586820543 ], [ 266419.342003696830943, 1282263.903575544944033 ], [ 266449.669240184943192, 1282263.675659072119743 ], [ 266449.438091388670728, 1282232.915958289057016 ], [ 266478.934377287863754, 1282223.7314569929149 ], [ 266477.797957291826606, 1282014.385227923747152 ], [ 266477.590156008314807, 1281986.723634754773229 ], [ 266507.917652826174162, 1281986.495823715580627 ], [ 266507.456409808364697, 1281925.087098656222224 ], [ 266537.89305347611662, 1281924.858508299570531 ], [ 266537.662885719328187, 1281894.209474866045639 ], [ 266567.990462340123486, 1281893.981738667236641 ], [ 266567.758668381022289, 1281863.111418277025223 ], [ 266628.086590459104627, 1281862.658501889323816 ], [ 266627.856523135560565, 1281832.009484828682616 ], [ 266650.329509351868182, 1281831.840801123296842 ], [ 266719.057556671672501, 1281831.325024759396911 ], [ 266719.287533923052251, 1281861.974026357987896 ], [ 266749.615110174519941, 1281861.746473065111786 ], [ 266749.846723227237817, 1281892.616762398742139 ], [ 266840.611147357849404, 1281891.935901186428964 ], [ 266840.841015901940409, 1281922.584883261937648 ], [ 266901.605094167520292, 1281922.129204382188618 ], [ 266901.835737782297656, 1281952.888822798850015 ], [ 267083.691303665633313, 1281951.525738560594618 ], [ 267083.920943437668029, 1281982.17468054429628 ], [ 267174.684931101859547, 1281981.494748301338404 ], [ 267174.916144101531245, 1282012.364967345492914 ], [ 267205.243493920541368, 1282012.137832454172894 ], [ 267205.703390072390903, 1282073.546323945745826 ], [ 267236.030674768844619, 1282073.319208418484777 ], [ 267236.260186698520556, 1282103.968126826453954 ], [ 267266.696527192252688, 1282103.740218992112204 ], [ 267266.927671437792014, 1282134.610424567945302 ], [ 267539.545146879740059, 1282132.570341527694836 ], [ 267539.774370305472985, 1282163.219209714094177 ], [ 267660.394442094082478, 1282157.780588023364544 ], [ 267660.63561081897933, 1282131.66495048138313 ], [ 267691.855330300400965, 1282134.087241473374888 ], [ 267721.398993383452762, 1282131.210801698034629 ], [ 267721.168301316152792, 1282100.340673454338685 ], [ 267751.495469918125309, 1282100.114056410267949 ], [ 267750.348029118962586, 1281946.537967878393829 ], [ 267780.348069631494582, 1281946.313850873149931 ], [ 267779.804219853598624, 1281815.084945253329352 ], [ 267779.176967935287394, 1281731.10496251587756 ], [ 267809.068119686562568, 1281730.881725159706548 ], [ 267808.60954202641733, 1281669.473449911456555 ], [ 267839.046207900508307, 1281669.24617874994874 ], [ 267838.8165442502941, 1281638.486724250484258 ], [ 267990.236303963698447, 1281637.356539808679372 ], [ 267990.504620749794412, 1281673.316303812665865 ], [ 268020.942076564300805, 1281673.199855542741716 ], [ 268020.672969547682442, 1281637.129452129127458 ], [ 268111.764751876587979, 1281636.449995287694037 ], [ 268112.036228539189324, 1281672.852316679432988 ], [ 268153.716716421768069, 1281673.537364098243415 ], [ 268233.086024327203631, 1281666.306566974846646 ], [ 268233.315302909875754, 1281697.065955301048234 ], [ 268263.751867591170594, 1281696.839095246279612 ], [ 268264.438820720592048, 1281789.006602613488212 ], [ 268294.329833507421426, 1281788.783822065917775 ], [ 268294.559073997777887, 1281819.543202242348343 ], [ 268385.759269674425013, 1281818.863640164490789 ], [ 268385.987600890104659, 1281849.512360256398097 ], [ 268416.314898619952146, 1281849.286435755202547 ], [ 268416.0865973548498, 1281818.637720766710117 ], [ 268476.413964382954873, 1281818.1884080611635 ], [ 268476.184904133202508, 1281787.429058600915596 ], [ 268506.621337930206209, 1281787.202420642599463 ], [ 268506.392313270189334, 1281756.443076842464507 ], [ 268536.71968092105817, 1281756.217286014929414 ], [ 268536.49069174088072, 1281725.457947816001251 ], [ 268627.254671957925893, 1281724.782392108812928 ], [ 268627.026601500983816, 1281694.133714793249965 ], [ 268718.11790019471664, 1281693.456005366053432 ], [ 268718.801175657776184, 1281726.646256211912259 ], [ 268748.787271914421581, 1281724.54214746505022 ], [ 268748.55438384891022, 1281693.229620725149289 ], [ 268930.881263105780818, 1281696.632100777234882 ], [ 268930.180952959111892, 1281661.118344023125246 ], [ 268960.071974826627411, 1281660.896225676173344 ], [ 268959.614874814578798, 1281599.377695881295949 ], [ 268990.051408599130809, 1281599.151564114028588 ], [ 268990.279925737180747, 1281629.910823616897687 ], [ 269020.607332864601631, 1281629.685526933521032 ], [ 269020.151185973198153, 1281568.277663441840559 ], [ 269080.915196735179052, 1281567.826369248097762 ], [ 269080.686780665244441, 1281537.067126079229638 ], [ 269262.542505997524131, 1281535.717225703643635 ], [ 269262.31427553598769, 1281504.958013680530712 ], [ 269383.405989919556305, 1281504.059771057683975 ], [ 269383.634100393508561, 1281534.818962710676715 ], [ 269504.834706056513824, 1281533.920363476965576 ], [ 269505.062701835529879, 1281564.679535285336897 ], [ 269717.245176790689584, 1281563.107483757426962 ], [ 269717.526228958508, 1281601.058504943270236 ], [ 269777.871591975388583, 1281603.045969024067745 ], [ 269778.027239818417002, 1281624.0683940181043 ], [ 269838.790878780651838, 1281623.618562132585794 ], [ 269839.01856047619367, 1281654.377679488621652 ], [ 269869.454887674655765, 1281654.152399352518842 ], [ 269869.682544600218534, 1281684.911512083606794 ], [ 269900.009745914954692, 1281684.687063999008387 ], [ 269900.236559346492868, 1281715.335527888732031 ], [ 269960.563615593942814, 1281714.889131834497675 ], [ 269960.791193441138603, 1281745.648230399005115 ], [ 269991.227410149178468, 1281745.423053703503683 ], [ 269991.454963221272919, 1281776.182147645624354 ], [ 270052.218230912403669, 1281775.732680422952399 ], [ 270052.445729151600972, 1281806.491764697479084 ], [ 270082.772780314378906, 1281806.267473977291957 ], [ 270083.227732838655356, 1281867.785633885767311 ], [ 270143.554430286632851, 1281867.339540729066357 ], [ 270143.781036751694046, 1281897.987967194756493 ], [ 270265.306970404752064, 1281897.089663221733645 ], [ 270265.534279865096323, 1281927.848713990999386 ], [ 270414.14688997506164, 1281931.176809397293255 ], [ 270416.832460827892646, 1281895.970272188307717 ], [ 270477.158989200601354, 1281895.524817019701004 ], [ 270476.932711975532584, 1281864.876446193549782 ], [ 270561.812608021893539, 1281865.35639952449128 ], [ 270567.794734547031112, 1281833.334427584661171 ], [ 270809.973725315881893, 1281831.548134902724996 ], [ 270810.201299417181872, 1281862.417737138923258 ], [ 270901.400061327731237, 1281861.745535691268742 ], [ 270901.625919358048122, 1281892.393835792783648 ], [ 270931.952740437467583, 1281892.170359018957242 ], [ 270932.179389138647821, 1281922.929298266535625 ], [ 270962.178907699708361, 1281922.70825725980103 ], [ 270961.952288732863963, 1281891.94932302320376 ], [ 270992.279099848121405, 1281891.725905201863497 ], [ 270992.505688756238669, 1281922.484834373695776 ], [ 271083.704180182307027, 1281921.813136923592538 ], [ 271077.337366648134775, 1281960.919323473004624 ], [ 271113.82024457823718, 1281952.241311462828889 ], [ 271109.499210176581983, 1281987.680987424682826 ], [ 271174.810014744929504, 1281982.663521516602486 ], [ 271175.035625004325993, 1282013.311778335599229 ], [ 271205.47136976046022, 1282013.087744702585042 ], [ 271205.697769678663462, 1282043.846640440868214 ], [ 271266.460095231246669, 1282043.399455316131935 ], [ 271266.685626076883636, 1282074.047697971109301 ], [ 271387.77374368859455, 1282073.156873804051429 ], [ 271387.548332442936953, 1282042.508651267969981 ], [ 271478.309914006502368, 1282041.841259321663529 ], [ 271478.535235606366768, 1282072.489466783823445 ], [ 271508.861781832063571, 1282072.26652216934599 ], [ 271508.636490186036099, 1282041.618319741915911 ], [ 271629.724568502861075, 1282040.728460735874251 ], [ 271629.949740549665876, 1282071.376643065363169 ], [ 271732.454835598357022, 1276153.339346715016291 ], [ 275304.350950351799838, 1275874.167187613202259 ], [ 275258.801195219275542, 1275412.21413799514994 ], [ 302103.051310739363544, 1275707.505350064951926 ], [ 302102.328812231891789, 1275593.450132618658245 ], [ 301981.235137475654483, 1275594.217418151674792 ], [ 301981.430065867491066, 1275624.971412094542757 ], [ 301920.665075605968013, 1275625.356623223284259 ], [ 301920.860068531823345, 1275656.110626448644325 ], [ 301860.095120854035486, 1275656.495964703382924 ], [ 301859.900068032089621, 1275625.741952695883811 ], [ 301830.00847801589407, 1275625.931547783780843 ], [ 301829.813400371116586, 1275595.177531958790496 ], [ 301859.705019850865938, 1275594.987941191531718 ], [ 301859.510677897953428, 1275564.344556165626273 ], [ 301889.94779042241862, 1275564.151539521990344 ], [ 301889.752781506511383, 1275533.397533495910466 ], [ 301920.08082602074137, 1275533.205242582364008 ], [ 301919.885851636412553, 1275502.451241442700848 ], [ 301980.651081252493896, 1275502.06606540014036 ], [ 301980.914982222195249, 1275474.849335810635239 ], [ 302007.951327729271725, 1275471.690982933854684 ], [ 302101.550323131028563, 1275470.544857952278107 ], [ 302098.815547999809496, 1275434.939240850275382 ], [ 302131.793435683939606, 1275439.708747539203614 ], [ 302132.373550930758938, 1275410.719955396139994 ], [ 302160.681952445302159, 1275401.690289748599753 ], [ 302161.147974694904406, 1275285.74688830319792 ], [ 302194.425269256578758, 1275286.089381432626396 ], [ 302199.245449745561928, 1275254.750531452009454 ], [ 302251.71989819558803, 1275254.418436824576929 ], [ 302251.525994076859206, 1275223.775114292278886 ], [ 302281.854285451001488, 1275223.58322061621584 ], [ 302274.49784760386683, 1274854.014548478415236 ], [ 302309.959595847292803, 1274854.675310733960941 ], [ 302309.570632239221595, 1274793.167446027044207 ], [ 302339.462948825443164, 1274792.978431705385447 ], [ 302339.268503411440179, 1274762.224504454992712 ], [ 302369.706325902370736, 1274762.032074763206765 ], [ 302369.512614410021342, 1274731.388778066029772 ], [ 302399.841366208973341, 1274731.197071957401931 ], [ 302399.64629070344381, 1274700.332528923405334 ], [ 302430.084164496161975, 1274700.140167247038335 ], [ 302429.307524497970007, 1274577.235145904356614 ], [ 302459.636417003115639, 1274577.043520677834749 ], [ 302456.340252939378843, 1274452.494993241503835 ], [ 302488.861686443502549, 1274453.949014206184074 ], [ 302488.911685996106826, 1274392.770335930865258 ], [ 302518.802962098794524, 1274392.36030060518533 ], [ 302521.809850918012671, 1274332.9330415178556 ], [ 302548.852770211407915, 1274330.660321722039953 ], [ 302546.187073347973637, 1274305.896052185911685 ], [ 302578.988445473485626, 1274299.825590142048895 ], [ 302578.600185091549065, 1274238.317822985583916 ], [ 302609.038482118048705, 1274238.125704287085682 ], [ 302609.069936749176122, 1274173.960182952461764 ], [ 302638.971876258030534, 1274175.209676270373166 ], [ 302638.785500569152646, 1274145.672683187294751 ], [ 302668.787486351036932, 1274145.483389995526522 ], [ 302668.594164236215875, 1274114.840147268259898 ], [ 302729.36186941008782, 1274114.456839516758919 ], [ 302728.974660505715292, 1274053.059747718041763 ], [ 302759.304017128539272, 1274052.868490861263126 ], [ 302758.916188729170244, 1273991.360784523189068 ], [ 302789.354699357412755, 1273991.168878055876121 ], [ 302788.967646737757605, 1273929.771807915763929 ], [ 302849.298583581345156, 1273929.280913818627596 ], [ 302848.911667961394414, 1273867.883863145951182 ], [ 302909.679799528268632, 1273867.500979027245194 ], [ 302909.292324840324, 1273805.993322605732828 ], [ 302939.62189440743532, 1273805.80227718455717 ], [ 302939.42819383891765, 1273775.048454109579325 ], [ 302969.86688818980474, 1273774.856755448970944 ], [ 302969.480257429881021, 1273713.459744931897148 ], [ 302939.041503272252157, 1273713.651434856001288 ], [ 302938.847816534165759, 1273682.897613363107666 ], [ 302908.518127674935386, 1273683.088641355745494 ], [ 302908.131405131425709, 1273621.691616553813219 ], [ 302938.461153578711674, 1273621.50059726764448 ], [ 302938.267480671056546, 1273590.746777356602252 ], [ 302968.706354541121982, 1273590.55510492133908 ], [ 302968.899997494765557, 1273621.308920456329361 ], [ 303059.561904798494652, 1273620.738187764771283 ], [ 303059.368351062468719, 1273589.984385260147974 ], [ 303089.807207705569454, 1273589.792830775026232 ], [ 303089.6136885357555, 1273559.039033190347254 ], [ 303124.52775578177534, 1273559.151246094843373 ], [ 303127.714288638322614, 1273528.044301356887445 ], [ 303149.752493989071809, 1273527.905665000434965 ], [ 303149.559739267395344, 1273497.262502261437476 ], [ 303179.889572633313946, 1273497.071735442383215 ], [ 303179.067238032701425, 1273366.31284888391383 ], [ 303178.343763821234461, 1273251.262736603384838 ], [ 303148.013691940810531, 1273251.453468606574461 ], [ 303147.81958710111212, 1273220.58906035986729 ], [ 303117.816784283262677, 1273220.777758731506765 ], [ 303117.430616636527702, 1273159.380810596048832 ], [ 303147.433478378108703, 1273159.192120828200132 ], [ 303147.240083078853786, 1273128.438339295331389 ], [ 303208.009562653605826, 1273128.056253697257489 ], [ 303207.816231742675882, 1273097.30248141894117 ], [ 303268.58575382566778, 1273096.920522667001933 ], [ 303268.393182495143265, 1273066.27738468744792 ], [ 303298.72341610584408, 1273066.08679670910351 ], [ 303297.95051534724189, 1272943.071767312474549 ], [ 303327.953558076638728, 1272942.883282210910693 ], [ 303327.761068812571466, 1272912.240155465900898 ], [ 303297.757996680447832, 1272912.428636277560145 ], [ 303297.371583126136102, 1272850.921125808963552 ], [ 303327.374714273726568, 1272850.732653609476984 ], [ 303327.18154391401913, 1272819.978903440758586 ], [ 303357.621109884232283, 1272819.787723613437265 ], [ 303357.814250308147166, 1272850.541469413787127 ], [ 303388.144679750839714, 1272850.350999937858433 ], [ 303388.337100283824839, 1272880.994116900488734 ], [ 303418.667495744535699, 1272880.80367250717245 ], [ 303419.246779434732161, 1272973.064888496417552 ], [ 303388.916473465971649, 1272973.255345942219719 ], [ 303389.495888094068505, 1273065.516579709481448 ], [ 303359.16566736396635, 1273065.707079630112275 ], [ 303359.551331570488401, 1273127.103955156635493 ], [ 303329.112064775777981, 1273127.295178630622104 ], [ 303329.305281167849898, 1273158.048934052698314 ], [ 303299.302444913657382, 1273158.237449279520661 ], [ 303299.495695426710881, 1273188.991209535393864 ], [ 303390.267810570658185, 1273188.420940483687446 ], [ 303390.654146822867915, 1273249.928436542395502 ], [ 303451.423318468150683, 1273249.546787716681138 ], [ 303451.22951318800915, 1273218.68242317205295 ], [ 303511.562323949707206, 1273218.303640636382625 ], [ 303511.36997168045491, 1273187.660535174654797 ], [ 303572.13922858168371, 1273187.279139185789973 ], [ 303571.946246273815632, 1273156.525418032426387 ], [ 303693.048423853120767, 1273155.765734596643597 ], [ 303692.855565273261163, 1273125.01203132304363 ], [ 303723.294780456461012, 1273124.821161997970194 ], [ 303723.101956416678149, 1273094.067463611718267 ], [ 303753.432096001808532, 1273093.877312226453796 ], [ 303753.239999872865155, 1273063.234243508195505 ], [ 303783.679266220366117, 1273063.043442050227895 ], [ 303783.486511132563464, 1273032.28975342027843 ], [ 303813.380296135786921, 1273032.102404465666041 ], [ 303813.1875750470208, 1273001.348720643436536 ], [ 303904.396413676557131, 1273000.777290895814076 ], [ 303904.781681022956036, 1273062.284632961731404 ], [ 303935.111824692867231, 1273062.094662334537134 ], [ 303935.303742569230963, 1273092.737705116393045 ], [ 303995.636654292466119, 1273092.359892782056704 ], [ 303995.444795548333786, 1273061.716858598636463 ], [ 304025.88402759435121, 1273061.526292944094166 ], [ 304025.691510742297396, 1273030.772638968890533 ], [ 304056.021667161025107, 1273030.582790157059208 ], [ 304055.829184731643181, 1272999.829141047084704 ], [ 304146.601515092654154, 1272999.261149196419865 ], [ 304146.409126533078961, 1272968.507513601798564 ], [ 304328.281155072152615, 1272967.370300773298368 ], [ 304328.08894997718744, 1272936.616691681556404 ], [ 304419.18864820030285, 1272936.047472635051236 ], [ 304418.997228323773015, 1272905.404501488897949 ], [ 304479.330359788029455, 1272905.027676360914484 ], [ 304479.137621966074221, 1272874.163465517107397 ], [ 304570.346536937518977, 1272873.594032663851976 ], [ 304570.15527468919754, 1272842.951084153726697 ], [ 304660.818732405663468, 1272842.385333530604839 ], [ 304660.626873409957625, 1272811.631774068111554 ], [ 304721.396521869814023, 1272811.252720365067944 ], [ 304721.204727210570127, 1272780.499170112423599 ], [ 304781.974418353987858, 1272780.120243156794459 ], [ 304781.591651927679777, 1272718.723785798531026 ], [ 304811.594693856895901, 1272718.5367554447148 ], [ 304811.403002162347548, 1272687.783219707198441 ], [ 304872.172846788540483, 1272687.404495070921257 ], [ 304872.364478726463858, 1272718.158022154821083 ], [ 304933.134246512898244, 1272717.779406946850941 ], [ 304933.32513413002016, 1272748.422301753889769 ], [ 304963.655430973623879, 1272748.233373893192038 ], [ 304964.230099108419381, 1272840.493921001441777 ], [ 304994.232997845683713, 1272840.307048063725233 ], [ 304994.423844535194803, 1272870.949936384567991 ], [ 305115.962698170216754, 1272870.193208364304155 ], [ 305116.154807438608259, 1272901.057328178314492 ], [ 305146.048525017511565, 1272900.871271090582013 ], [ 305146.239232412423007, 1272931.514139046659693 ], [ 305116.345544127980247, 1272931.700200370047241 ], [ 305116.728408343915362, 1272993.207194449612871 ], [ 305086.289270442794077, 1272993.396689075278118 ], [ 305086.480739336693659, 1273024.150191247696057 ], [ 305025.711611354723573, 1273024.528598583303392 ], [ 305025.903144585841801, 1273055.282109928084537 ], [ 304965.570462119183503, 1273055.657925219973549 ], [ 304965.761370054737199, 1273086.300821503158659 ], [ 304935.43140112166293, 1273086.489796814741567 ], [ 304935.623032649338711, 1273117.243322116788477 ], [ 304905.183988804463297, 1273117.433011109475046 ], [ 304905.37565484282095, 1273148.186541272792965 ], [ 304875.045737055130303, 1273148.375584170920774 ], [ 304875.237437498406507, 1273179.129119180841371 ], [ 304844.798444962187205, 1273179.318876006407663 ], [ 304844.989490216830745, 1273209.96179163409397 ], [ 304814.659623487095814, 1273210.150902108754963 ], [ 304814.852082661294844, 1273241.015071102185175 ], [ 304754.519696781644598, 1273241.391347399214283 ], [ 304754.71084001485724, 1273272.034276934806257 ], [ 304724.271920131111983, 1273272.22416466427967 ], [ 304724.463787922868505, 1273302.977723391493782 ], [ 304694.13399369479157, 1273303.166964320931584 ], [ 304694.325205595116131, 1273333.809903527610004 ], [ 304633.992963499389589, 1273334.18643927690573 ], [ 304633.80169245658908, 1273303.543491502525285 ], [ 304603.362785436504055, 1273303.733501489507034 ], [ 304602.595555719104595, 1273180.829825143329799 ], [ 304633.034582409716677, 1273180.63983249780722 ], [ 304632.650709591573104, 1273119.132693998282775 ], [ 304571.881632849108428, 1273119.512010461883619 ], [ 304571.689643528545275, 1273088.758433341281489 ], [ 304026.075856504961848, 1273092.169322789879516 ], [ 304027.230388822266832, 1273276.580636225175112 ], [ 303996.791366163583007, 1273276.771232319064438 ], [ 303996.983949650195427, 1273307.524894890608266 ], [ 303936.651453172788024, 1273307.902767601422966 ], [ 303936.843407622422092, 1273338.545814570505172 ], [ 303330.463285995589104, 1273342.350227611139417 ], [ 303330.657229747273959, 1273373.214611759409308 ], [ 303361.096257085679099, 1273373.023353360127658 ], [ 303361.482013176660985, 1273434.420239432249218 ], [ 303328.555290743126534, 1273438.056651608785614 ], [ 303331.235612855758518, 1273465.254642198095098 ], [ 303361.240235309116542, 1273465.397987833479419 ], [ 303361.86848273006035, 1273495.927752610761672 ], [ 303394.25311636319384, 1273492.847918725805357 ], [ 303392.584019294125028, 1273557.134073406690732 ], [ 303422.913758760900237, 1273556.943533362122253 ], [ 303423.106949950102717, 1273587.697283102199435 ], [ 303513.877853767888155, 1273587.127196606481448 ], [ 303514.070960237411782, 1273617.88093387731351 ], [ 303544.509722368035, 1273617.689817709382623 ], [ 303544.316645852115471, 1273586.936084802029654 ], [ 303604.976017918204889, 1273586.555319578619674 ], [ 303604.783005694742315, 1273555.801595911150798 ], [ 303635.221814809599891, 1273555.610577194718644 ], [ 303635.414797080215067, 1273586.364296500571072 ], [ 303660.398594692407642, 1273586.207529102219269 ], [ 303660.590862859855406, 1273616.85062049003318 ], [ 303726.378508668858558, 1273616.54853349388577 ], [ 303726.570716911519412, 1273647.191615989198908 ], [ 303969.207420194405131, 1273645.670604185201228 ], [ 303969.015449866419658, 1273615.027556290384382 ], [ 304059.67693449917715, 1273614.459724968066439 ], [ 304059.484364936128259, 1273583.706065806560218 ], [ 304179.789755802834406, 1273577.974689899245277 ], [ 304180.392156720161438, 1273552.194377042585984 ], [ 304220.761003449908458, 1273552.273678363533691 ], [ 304331.931155835976824, 1273551.246475967345759 ], [ 304362.260762707272079, 1273551.056847512023523 ], [ 304359.227084603626281, 1273589.353392654564232 ], [ 304392.891701500746422, 1273581.620177522068843 ], [ 304393.08394297567429, 1273612.373789058998227 ], [ 304423.413481633819174, 1273612.184210919076577 ], [ 304423.605006410332862, 1273642.82719413144514 ], [ 304454.043609973567072, 1273642.636959321331233 ], [ 304454.235800793685485, 1273673.390563224675134 ], [ 304423.797227184753865, 1273673.580802377779037 ], [ 304418.659518858185038, 1273706.912189568392932 ], [ 304484.321042040013708, 1273703.957362416898832 ], [ 304484.513212601537816, 1273734.710963095072657 ], [ 304514.951717783522326, 1273734.520774022676051 ], [ 304515.143171790114138, 1273765.163746456149966 ], [ 304545.47254438517848, 1273764.974264245247468 ], [ 304545.856788757315371, 1273826.481450944440439 ], [ 304576.295195595186669, 1273826.291308059124276 ], [ 304576.487294689810369, 1273857.044897881569341 ], [ 304606.816569162299857, 1273856.855461679399014 ], [ 304606.624499918776564, 1273826.101876181084663 ], [ 304697.394191032741219, 1273825.535119259497151 ], [ 304697.202215702389367, 1273794.781547265127301 ], [ 304818.301262371242046, 1273794.025845045689493 ], [ 304818.109410798817407, 1273763.272290794411674 ], [ 304878.877164817182347, 1273762.893263551639393 ], [ 304878.686067495378666, 1273732.250342762563378 ], [ 304939.45386402332224, 1273731.87144231190905 ], [ 304939.262141184997745, 1273701.117906455881894 ], [ 304999.593586670234799, 1273700.741852499777451 ], [ 304999.401927772909403, 1273669.98832572158426 ], [ 305029.731321695027873, 1273669.799327015411109 ], [ 305029.348766567534767, 1273608.402907907031476 ], [ 305059.787314542918466, 1273608.213267587358132 ], [ 305059.595729129039682, 1273577.459751039277762 ], [ 305089.925203930179123, 1273577.270824234234169 ], [ 305089.733652926748618, 1273546.517312546959147 ], [ 305120.172252249671146, 1273546.327740070410073 ], [ 305119.980735762568656, 1273515.574233252555132 ], [ 305149.873865732748527, 1273515.388091234257445 ], [ 305149.683072001440451, 1273484.745213278569281 ], [ 305180.121722624404356, 1273484.555708198109642 ], [ 305180.312486513168551, 1273515.198581842472777 ], [ 305209.856276619830169, 1273511.474564291303977 ], [ 305210.451269871555269, 1273484.366911831777543 ], [ 305241.32768514554482, 1273484.395998197374865 ], [ 305240.697835309430957, 1273453.313353313133121 ], [ 305279.755336645932402, 1273453.070314016891643 ], [ 305301.466067568864673, 1273452.935237859608606 ], [ 305305.015087052132003, 1273427.136763256508857 ], [ 305391.936891296994872, 1273421.728496562223881 ], [ 305391.745661188731901, 1273390.975030579604208 ], [ 305422.184367557056248, 1273390.785774759715423 ], [ 305421.993859699810855, 1273360.142937559168786 ], [ 305452.323492210940458, 1273359.954393847612664 ], [ 305452.131643366185017, 1273329.090313597815111 ], [ 305482.134003145212773, 1273328.903837757650763 ], [ 305478.64376291341614, 1273293.96701799123548 ], [ 305542.712026354856789, 1273297.883408670313656 ], [ 305542.52096354396781, 1273267.129966282518581 ], [ 305572.850668623228557, 1273266.941552981035784 ], [ 305575.436987619148567, 1273209.066969497594982 ], [ 305602.90747673122678, 1273205.245625614654273 ], [ 305602.781753001734614, 1273185.001459781546146 ], [ 305630.187693939078599, 1273170.781502505764365 ], [ 305632.85600535327103, 1273143.661048528505489 ], [ 305662.407694428577088, 1273141.154381712432951 ], [ 305662.66759589134017, 1273112.721350194886327 ], [ 305693.877100617799442, 1273113.633896394167095 ], [ 305692.915646815556102, 1273081.778980978997424 ], [ 305726.212497508153319, 1273085.001797094941139 ], [ 305723.055344054824673, 1273050.947951399954036 ], [ 305757.67446385679068, 1273056.264532298315316 ], [ 305753.194414649799, 1273020.006336566293612 ], [ 305783.633428929722868, 1273019.817486668704078 ], [ 305783.251867074286565, 1272958.310680807335302 ], [ 305813.254534567589872, 1272958.124575936235487 ], [ 305813.06378997117281, 1272927.371178052853793 ], [ 305904.162862687837332, 1272926.806285304017365 ], [ 305903.972898018429987, 1272896.163524509640411 ], [ 305963.863727846299298, 1272894.907279819715768 ], [ 305964.550746651017107, 1272864.922861004481092 ], [ 305999.899418222135864, 1272864.703819263027981 ], [ 306055.322632427676581, 1272864.360463885357603 ], [ 306050.515640358440578, 1272828.104304949287325 ], [ 306085.462875746365171, 1272833.529872223734856 ], [ 306085.223776349332184, 1272794.922240511514246 ], [ 306084.891515434137546, 1272741.269802427617833 ], [ 306115.330752278328873, 1272741.081315850839019 ], [ 306115.141022792318836, 1272710.438588169170544 ], [ 306236.243439465819392, 1272709.689005804946646 ], [ 306235.86286237090826, 1272648.182339196326211 ], [ 306266.193066251231357, 1272647.994687959784642 ], [ 306265.813251288374886, 1272586.598655494395643 ], [ 306296.252612117794342, 1272586.410367413889617 ], [ 306295.872190793510526, 1272524.903722203336656 ], [ 306325.76609803410247, 1272524.718845742288977 ], [ 306325.386437693960033, 1272463.322834555990994 ], [ 306355.825909692794085, 1272463.134622379904613 ], [ 306355.635774207650684, 1272432.381310136988759 ], [ 306410.995000154827721, 1272439.229894564254209 ], [ 306416.215591944695916, 1272401.252354461699724 ], [ 306476.549114901456051, 1272400.879524876596406 ], [ 306476.738443292619195, 1272431.522196103818715 ], [ 306598.27813712117495, 1272430.771479584742337 ], [ 306598.088927782839164, 1272400.128825452644378 ], [ 306658.422400350333191, 1272399.756346633424982 ], [ 306658.232571778178681, 1272369.003078227629885 ], [ 306688.562984781921841, 1272368.815876707201824 ], [ 306688.37387325882446, 1272338.173236372182146 ], [ 306718.813414017320611, 1272337.985395307652652 ], [ 306718.244148215046152, 1272245.725620619021356 ], [ 306748.574671877664514, 1272245.538495110115036 ], [ 306748.385637901956216, 1272214.895865425933152 ], [ 306778.825289756117854, 1272214.708100642077625 ], [ 306778.445930338697508, 1272153.201605015434325 ], [ 306808.340123368194327, 1272153.01724244421348 ], [ 306808.150479829579126, 1272122.263999629532918 ], [ 306838.590213002404198, 1272122.076306416420266 ], [ 306838.022081291477662, 1272029.92721720947884 ], [ 306868.352796590828802, 1272029.740238993894309 ], [ 306868.163230858277529, 1271998.987006887793541 ], [ 306928.933811789145693, 1271998.612474895548075 ], [ 306928.744310300855432, 1271967.859251850983128 ], [ 306959.18417602853151, 1271967.671698299702257 ], [ 306958.99470897577703, 1271936.918480101972818 ], [ 306988.889082616311498, 1271936.734320753952488 ], [ 306988.510902217123657, 1271875.338517395313829 ], [ 307018.950849131448194, 1271875.151035376358777 ], [ 307018.761454913008492, 1271844.397827263223007 ], [ 307079.532292056188453, 1271844.023632314987481 ], [ 307079.154317623586394, 1271782.627857764950022 ], [ 307109.485237424843945, 1271782.441148861078545 ], [ 307109.106659618206322, 1271720.934761962620541 ], [ 307139.1103221680969, 1271720.750105267390609 ], [ 307138.921069520351011, 1271689.99691684753634 ], [ 307169.252070384216495, 1271689.810279216617346 ], [ 307169.063532686559483, 1271659.167718546232209 ], [ 307260.274807777372189, 1271658.606652807677165 ], [ 307260.463256184419151, 1271689.249200692633167 ], [ 307290.794240181276109, 1271689.062680836301297 ], [ 307290.605821466480847, 1271658.420137201435864 ], [ 307350.940523209632374, 1271658.049206126248464 ], [ 307350.373431309999432, 1271565.789735124213621 ], [ 307380.813626429007854, 1271565.602649657288566 ], [ 307380.435647530655842, 1271504.096346871228889 ], [ 307410.766793418326415, 1271503.909969928208739 ], [ 307410.578520210110582, 1271473.267446420155466 ], [ 307441.018796485208441, 1271473.080432864138857 ], [ 307440.829877994721755, 1271442.327291350346059 ], [ 307470.724654836347327, 1271442.143662299029529 ], [ 307470.536449653794989, 1271411.501148288138211 ], [ 307561.748314636119176, 1271410.941067809471861 ], [ 307561.55884501239052, 1271380.07732160622254 ], [ 307622.33042542822659, 1271379.704314005794004 ], [ 307622.14237797743408, 1271349.061822324059904 ], [ 307652.037217992241494, 1271348.878379516769201 ], [ 307651.6605162989581, 1271287.482783380430192 ], [ 307621.764938833890483, 1271287.555595115525648 ], [ 307621.576226020872127, 1271256.802482292521745 ], [ 307651.471154121682048, 1271256.619052074383944 ], [ 307650.905809458694421, 1271164.470352102536708 ], [ 307681.346350852283649, 1271164.283616747008637 ], [ 307681.157715299515985, 1271133.530514542711899 ], [ 307711.489176353206858, 1271133.344482178334147 ], [ 307711.301253504934721, 1271102.702007388928905 ], [ 307741.741846117714886, 1271102.515339636011049 ], [ 307741.553279235959053, 1271071.76224698452279 ], [ 307801.888980903662741, 1271071.39235268952325 ], [ 307801.511979144939687, 1271009.886185931041837 ], [ 307771.50773069774732, 1271010.070106801111251 ], [ 307770.942851539934054, 1270917.921470619738102 ], [ 307800.947188265272416, 1270917.73756236047484 ], [ 307799.44014707399765, 1270671.823551809880883 ], [ 307829.881145298539195, 1270671.637032033177093 ], [ 307829.316592237795703, 1270579.48843870125711 ], [ 307859.648567944066599, 1270579.302629620302469 ], [ 307857.954741389956325, 1270302.746293844655156 ], [ 307888.286980654112995, 1270302.560552374226972 ], [ 307886.593785707838833, 1270026.004297703970224 ], [ 307856.261278779944405, 1270026.190000928007066 ], [ 307854.756434702489059, 1269780.386803700122982 ], [ 307885.089179481845349, 1269780.201134470524266 ], [ 307884.900954650656786, 1269749.448085807729512 ], [ 307915.34283564821817, 1269749.261782478773966 ], [ 307913.650636994570959, 1269472.705651806667447 ], [ 307943.983670642133802, 1269472.520083869341761 ], [ 307943.795550378388725, 1269441.767049012938514 ], [ 308004.243441216007341, 1269441.397344129160047 ], [ 308003.868009180645458, 1269380.001915398519486 ], [ 308034.201119446894154, 1269379.816448010737076 ], [ 308034.0131016849773, 1269349.06342746107839 ], [ 308064.346237468358595, 1269348.877993662608787 ], [ 308064.158253947505727, 1269318.124977912055328 ], [ 308094.600527386181056, 1269317.938910846598446 ], [ 308094.22530958452262, 1269256.543511800002307 ], [ 308124.23118926899042, 1269256.360149669693783 ], [ 308123.855372205027379, 1269194.854138802271336 ], [ 308154.188644092180766, 1269194.668814031407237 ], [ 308154.00144783325959, 1269164.026435941224918 ], [ 308184.443857719306834, 1269163.840478275902569 ], [ 308184.256019994383678, 1269133.087482672650367 ], [ 308214.588667272182647, 1269132.79160289815627 ], [ 308214.213740339619108, 1269071.396244029980153 ], [ 308244.656231346889399, 1269071.210358134005219 ], [ 308244.469142088259105, 1269040.567994874669239 ], [ 308274.802545674669091, 1269040.382808851310983 ], [ 308274.614139943267219, 1269009.51920590386726 ], [ 308304.620230036671273, 1269009.336051363497972 ], [ 308304.24551661440637, 1268947.940722084371373 ], [ 308334.579001052130479, 1268947.755607139784843 ], [ 308334.392018243554048, 1268917.113258616998792 ], [ 308395.168147190473974, 1268916.742459571221843 ], [ 308394.979878621641546, 1268885.878875728929415 ], [ 308425.422523396788165, 1268885.693191883154213 ], [ 308425.235638628713787, 1268855.050857150927186 ], [ 308455.132741373497993, 1268854.868533888366073 ], [ 308454.945215715561062, 1268824.115581713616848 ], [ 308485.387911709898617, 1268823.929964914452285 ], [ 308485.201094798801932, 1268793.287639607209712 ], [ 308515.534028324647807, 1268792.992099608527496 ], [ 308515.346571209840477, 1268762.239156979136169 ], [ 308606.129231592523865, 1268761.6859215721488 ], [ 308606.378997337422334, 1268731.040955133736134 ], [ 308636.276192513352726, 1268730.85882189264521 ], [ 308636.088863059470896, 1268700.105897220550105 ], [ 308666.531653138692491, 1268699.920473903417587 ], [ 308666.344358003581874, 1268669.167554033221677 ], [ 308696.678059674915858, 1268668.982828928856179 ], [ 308696.490798749960959, 1268638.229913838207722 ], [ 308726.933640102564823, 1268638.044557987712324 ], [ 308726.747086961986497, 1268607.402269626036286 ], [ 308757.080839635978919, 1268607.217611728236079 ], [ 308756.893647217773832, 1268576.464706164319068 ], [ 308726.559864816605113, 1268576.649359827628359 ], [ 308726.372647151118144, 1268545.896450573345646 ], [ 308695.929716402897611, 1268546.081793688237667 ], [ 308695.181444692541845, 1268423.180766871664673 ], [ 308725.624494660645723, 1268422.99544074293226 ], [ 308725.250108577020001, 1268361.489628044189885 ], [ 308755.584098942985293, 1268361.305004006950185 ], [ 308755.209790221648291, 1268299.799201852642 ], [ 308785.216490053688176, 1268299.61660738196224 ], [ 308785.030044890765566, 1268268.974333245307207 ], [ 308815.36411597818369, 1268268.789780210470781 ], [ 308815.177031917788554, 1268238.036888865521178 ], [ 308845.620244013844058, 1268237.851705692242831 ], [ 308845.433194257086143, 1268207.09881914476864 ], [ 308875.767316449200734, 1268206.914333309279755 ], [ 308875.580300887697376, 1268176.161451538093388 ], [ 308906.023564237868413, 1268175.976335803046823 ], [ 308905.650278762099333, 1268114.581204154063016 ], [ 308935.5480182878091, 1268114.39944296493195 ], [ 308935.797538999468088, 1268083.643918019952253 ], [ 308965.80441963521298, 1268083.461526700994 ], [ 308965.617510895011947, 1268052.70865967660211 ], [ 308995.951764900120907, 1268052.524312015855685 ], [ 308995.765562551328912, 1268021.882071570958942 ], [ 309026.208958081144374, 1268021.697094486560673 ], [ 309026.021445728605613, 1267990.833615218289196 ], [ 309056.355750778224319, 1267990.649334739893675 ], [ 309056.169616663188208, 1267960.007103790994734 ], [ 309116.510924677830189, 1267959.640626988140866 ], [ 309116.324182166485116, 1267928.887783216545358 ], [ 309152.574323807260953, 1267932.539585583144799 ], [ 309146.581613834714517, 1267898.060719013912603 ], [ 309177.354471493919846, 1267898.205783893121406 ], [ 309176.728645617957227, 1267867.013112235581502 ], [ 309198.004360549850389, 1267866.552097072592005 ], [ 309239.13794190104818, 1267865.749339538859203 ], [ 309219.40938371757511, 1267833.455713482806459 ], [ 309254.432289797114208, 1267778.70470783021301 ], [ 309261.45978391089011, 1267767.931376012740657 ], [ 309628.340094034327194, 1267644.462121045449749 ], [ 309690.630533927003853, 1267623.50869754399173 ], [ 309706.856852944125421, 1267618.100468498421833 ], [ 309724.389904732583091, 1267612.241839225869626 ], [ 309751.287628745078109, 1267603.118420099839568 ], [ 309799.856862823478878, 1267586.783902628812939 ], [ 309901.678800841444172, 1267552.648672241717577 ], [ 309929.992456910957117, 1267543.074360576458275 ], [ 309962.661460069124587, 1267531.925000797957182 ], [ 309985.966443200828508, 1267524.151020189980045 ], [ 310039.545247020781972, 1267506.127261057496071 ], [ 309890.330988858244382, 1267191.746732272207737 ], [ 309830.865474280901253, 1267066.435778375482187 ], [ 309660.338041515788063, 1266909.383362780790776 ], [ 309625.332747268490493, 1266877.181902147131041 ], [ 309582.359601796604693, 1266790.600952771725133 ], [ 309566.894654734409414, 1266759.608785766875371 ], [ 309542.262214692425914, 1266710.418902958743274 ], [ 309507.684968861634843, 1266640.823509547393769 ], [ 309437.424797295359895, 1266499.316333726514131 ], [ 309349.66144358261954, 1266422.852460923604667 ], [ 309275.830527889891528, 1266358.583788161864504 ], [ 309180.38826510857325, 1266275.639886554563418 ], [ 309126.775643132044934, 1266144.430993975372985 ], [ 309027.082397753780242, 1265900.552746509667486 ], [ 308838.773818776069675, 1265674.359378112480044 ], [ 308838.836286840145476, 1265648.693811708129942 ], [ 308839.017315012519248, 1265588.62290138239041 ], [ 308700.263647974468768, 1265436.469803783576936 ], [ 308650.93578953720862, 1265382.341483789030463 ], [ 308479.92947138834279, 1264987.339765318436548 ], [ 308379.831231009913608, 1264893.473714204272255 ], [ 308223.206506179063581, 1264746.519423444988206 ], [ 308092.006924119661562, 1264384.243063709931448 ], [ 308086.456186734023504, 1264368.789195842575282 ], [ 307864.098838318022899, 1264145.240423831390217 ], [ 307522.472229615843389, 1263423.93795970780775 ], [ 307316.903092179680243, 1263234.693946679588407 ], [ 307155.391129249357618, 1262897.273993949173018 ], [ 307115.591545007773675, 1262813.883509614970535 ], [ 307095.029436762444675, 1262770.975430832477286 ], [ 306752.648319105384871, 1262341.293440274894238 ], [ 306718.519969106302597, 1262203.993292093975469 ], [ 306547.565525073092431, 1261894.731817043153569 ], [ 306393.711800339980982, 1261722.7645766553469 ], [ 306313.837019965983927, 1261529.878318082075566 ], [ 306308.408469067304395, 1261516.746991851134226 ], [ 306149.057505792181473, 1261356.540638850070536 ], [ 306068.778091130079702, 1261275.943558025173843 ], [ 306049.083236028673127, 1261196.855464359978214 ], [ 306000.405088284634985, 1261001.344343666685745 ], [ 305849.651134587067645, 1260873.168005325598642 ], [ 305777.784945060382597, 1260812.100716880289838 ], [ 305743.982873336528428, 1260657.651615530485287 ], [ 305730.069067857926711, 1260631.407830201089382 ], [ 305124.660034922184423, 1261168.025627127150074 ], [ 305061.005615545553155, 1261064.452791929012164 ], [ 299267.175907633733004, 1264815.388728416757658 ], [ 292919.470882493362296, 1268927.336579857161269 ], [ 272627.791810408176389, 1267782.388081740355119 ], [ 270024.653430056001525, 1267636.447727230144665 ], [ 267334.63363942806609, 1263813.344172657700256 ], [ 265414.361099148751236, 1255795.025843719020486 ], [ 258884.15022565642721, 1252620.516373491846025 ], [ 242687.762258241826203, 1244754.882020692806691 ], [ 242533.376419395877747, 1244679.959474071161821 ], [ 241457.031801521981834, 1244157.643543447135016 ], [ 240166.466987900988897, 1244213.62033496494405 ], [ 235272.724744154198561, 1244426.35820995294489 ], [ 223415.16510857391404, 1244944.993196942610666 ], [ 222804.341974221984856, 1245574.567485427251086 ], [ 211118.967489788017701, 1257626.819348075427115 ], [ 209658.43869981681928, 1259134.353031147038564 ], [ 207001.384236735233571, 1261877.550105174072087 ], [ 206756.213666403549723, 1279531.314907107269391 ], [ 206690.3738779911655, 1284306.799551546573639 ], [ 208177.56818416994065, 1286143.392983699450269 ], [ 211157.773814531450626, 1289824.484382702503353 ], [ 218899.922588126442861, 1284945.547439299989492 ], [ 230313.060718301159795, 1277760.227027660235763 ], [ 230191.943806667579338, 1277761.274307224433869 ], [ 230191.676761630515102, 1277730.397364694159478 ], [ 230161.229126679128967, 1277730.66070851450786 ], [ 230160.963972252036911, 1277700.005100578768179 ], [ 230100.614281927293632, 1277700.527144992724061 ], [ 230100.348116917477455, 1277669.760855588130653 ], [ 230070.009535791759845, 1277670.023332057287917 ] ] ] ] } },
{ "type": "Feature", "properties": { "ADM0_EN": "Djibouti", "ADM0_PCODE": "DJ", "ADM1_EN": "Dikhil", "ADM1_PCODE": "DJ03", "ADM1_AR": "إقليم دخيل", "ADM2_EN": "As Eyla", "ADM2_PCODE": "DJ0311", "x": 4 }, "geometry": { "type": "MultiPolygon", "coordinates": [ [ [ [ 194230.582483896403573, 1255530.765782839385793 ], [ 192104.687173407175578, 1246136.867763888789341 ], [ 192489.382396518718451, 1216426.519651155220345 ], [ 192493.215155722282361, 1216426.856035942211747 ], [ 192541.027982624480501, 1216435.140091687673703 ], [ 192664.622754167474341, 1212658.750358328223228 ], [ 190793.552564686222468, 1212332.557283173082396 ], [ 189657.617143370036501, 1213738.811284110881388 ], [ 186671.16125119512435, 1213883.425473953364417 ], [ 184490.138526132854167, 1214136.881187583552673 ], [ 179298.768372957943939, 1212093.577498495345935 ], [ 177003.768514543771744, 1212464.929732866818085 ], [ 175819.117208255513106, 1208870.953734605805948 ], [ 171220.497727195324842, 1208800.094610922038555 ], [ 168454.929323613352608, 1208129.833604488987476 ], [ 165478.129459426214453, 1209323.031024298397824 ], [ 163966.124743987456895, 1207593.55822976725176 ], [ 162816.618592984566931, 1207605.259657138958573 ], [ 161558.103630788275041, 1208199.737261171918362 ], [ 161699.27523781027412, 1210757.421849817736074 ], [ 156765.181247915199492, 1211622.710162449395284 ], [ 151031.453384189400822, 1212962.613662781892344 ], [ 148045.361201491148677, 1213227.08050043694675 ], [ 147579.479473469255026, 1214032.402905041584745 ], [ 147368.153045015991665, 1214397.721373460022733 ], [ 145304.189224623318296, 1214885.287024102639407 ], [ 145123.232213035982568, 1215390.326666371896863 ], [ 145083.941055751638487, 1215499.989474825328216 ], [ 144948.483699768199585, 1216401.57229944341816 ], [ 145303.820603890577331, 1217371.326669211033732 ], [ 146006.492228839371819, 1218321.27026735804975 ], [ 146394.068169386417139, 1227296.188939775107428 ], [ 146829.192936768871732, 1229700.327020726166666 ], [ 147966.445942633436061, 1247716.446098977467045 ], [ 148066.230646324111149, 1249500.716133184498176 ], [ 147643.626193693140522, 1253595.361963473958895 ], [ 147865.718617062608246, 1258595.814241131069139 ], [ 169446.069148800510447, 1252470.959142779465765 ], [ 194230.582483896403573, 1255530.765782839385793 ] ] ] ] } },
{ "type": "Feature", "properties": { "ADM0_EN": "Djibouti", "ADM0_PCODE": "DJ", "ADM1_EN": "Dikhil", "ADM1_PCODE": "DJ03", "ADM1_AR": "إقليم دخيل", "ADM2_EN": "Dikhil", "ADM2_PCODE": "DJ0312", "x": 5 }, "geometry": { "type": "MultiPolygon", "coordinates": [ [ [ [ 235272.724744154198561, 1244426.35820995294489 ], [ 236064.98440990538802, 1241541.788766009733081 ], [ 235658.924713023763616, 1222980.043142603477463 ], [ 231979.642363874299917, 1222258.485712469089776 ], [ 228115.211373480327893, 1221501.07955336314626 ], [ 227253.740882840764243, 1221326.103345417650416 ], [ 224032.105354680039454, 1220672.006821069866419 ], [ 219437.687525177781936, 1216145.556007859529927 ], [ 215281.093429496861063, 1213739.58254050812684 ], [ 210241.516555933107156, 1215527.78428717632778 ], [ 207138.653494075697381, 1215439.028114580316469 ], [ 204836.773794997599907, 1214994.500525823095813 ], [ 201619.885097950871568, 1215023.55888797598891 ], [ 198615.654866182710975, 1213190.352867352543399 ], [ 193325.858435704256408, 1212774.052851397544146 ], [ 192664.622754167474341, 1212658.750358328223228 ], [ 192541.027982624480501, 1216435.140091687673703 ], [ 192493.215155722282361, 1216426.856035942211747 ], [ 192489.382396518718451, 1216426.519651155220345 ], [ 192104.687173407175578, 1246136.867763888789341 ], [ 194230.582483896403573, 1255530.765782839385793 ], [ 211118.967489788017701, 1257626.819348075427115 ], [ 222804.341974221984856, 1245574.567485427251086 ], [ 223415.16510857391404, 1244944.993196942610666 ], [ 235272.724744154198561, 1244426.35820995294489 ] ] ] ] } },
{ "type": "Feature", "properties": { "ADM0_EN": "Djibouti", "ADM0_PCODE": "DJ", "ADM1_EN": "Dikhil", "ADM1_PCODE": "DJ03", "ADM1_AR": "إقليم دخيل", "ADM2_EN": "Galafi", "ADM2_PCODE": "DJ0313", "x": 6 }, "geometry": { "type": "MultiPolygon", "coordinates": [ [ [ [ 174358.409712346794549, 1319707.359737803926691 ], [ 187130.949927445268258, 1316589.300931019010022 ], [ 176886.911902487627231, 1299378.31448499020189 ], [ 173507.026971913699526, 1286258.140728280181065 ], [ 150091.458374190959148, 1285311.466312213800848 ], [ 150086.008553207619116, 1285275.706251330673695 ], [ 148591.21589874336496, 1285198.462836839491501 ], [ 148979.264789630542509, 1286554.972220164025202 ], [ 149000.791331558139063, 1288454.052146783331409 ], [ 149381.839760215254501, 1289548.248413164168596 ], [ 152870.609650899306871, 1299568.589560877764598 ], [ 157699.569825808925088, 1301077.208916240604594 ], [ 158423.755714656843338, 1302220.353819446172565 ], [ 159362.84280024364125, 1302883.705964570399374 ], [ 159961.781834578607231, 1306136.210238104918972 ], [ 166766.162516522454098, 1308950.68860920611769 ], [ 169216.099575324798934, 1312450.803339334903285 ], [ 170970.131695565069094, 1313975.325690940255299 ], [ 172819.809659375925548, 1316783.290912262396887 ], [ 174307.207575353386346, 1319620.748440531780943 ], [ 174358.409712346794549, 1319707.359737803926691 ] ] ] ] } },
{ "type": "Feature", "properties": { "ADM0_EN": "Djibouti", "ADM0_PCODE": "DJ", "ADM1_EN": "Dikhil", "ADM1_PCODE": "DJ03", "ADM1_AR": "إقليم دخيل", "ADM2_EN": "Yuboki", "ADM2_PCODE": "DJ0314", "x": 7 }, "geometry": { "type": "MultiPolygon", "coordinates": [ [ [ [ 211157.773814531450626, 1289824.484382702503353 ], [ 208177.56818416994065, 1286143.392983699450269 ], [ 206690.3738779911655, 1284306.799551546573639 ], [ 206756.213666403549723, 1279531.314907107269391 ], [ 207001.384236735233571, 1261877.550105174072087 ], [ 209658.43869981681928, 1259134.353031147038564 ], [ 211118.967489788017701, 1257626.819348075427115 ], [ 194230.582483896403573, 1255530.765782839385793 ], [ 169446.069148800510447, 1252470.959142779465765 ], [ 147865.718617062608246, 1258595.814241131069139 ], [ 145191.082636276201811, 1272471.484094297979027 ], [ 145208.560728054842912, 1274014.524304959457368 ], [ 146697.038475977256894, 1277666.141398068983108 ], [ 147135.169869209465105, 1278741.099229357670993 ], [ 147151.295474109181669, 1280165.425441594328731 ], [ 148591.21589874336496, 1285198.462836839491501 ], [ 150086.008553207619116, 1285275.706251330673695 ], [ 150091.458374190959148, 1285311.466312213800848 ], [ 173507.026971913699526, 1286258.140728280181065 ], [ 176886.911902487627231, 1299378.31448499020189 ], [ 187130.949927445268258, 1316589.300931019010022 ], [ 205595.073513181472663, 1300028.800054517574608 ], [ 205320.503859657212161, 1297725.693297440418974 ], [ 211157.773814531450626, 1289824.484382702503353 ] ] ] ] } },
{ "type": "Feature", "properties": { "ADM0_EN": "Djibouti", "ADM0_PCODE": "DJ", "ADM1_EN": "Djiboutii", "ADM1_PCODE": "DJ04", "ADM1_AR": "مدينة جيبوتي", "ADM2_EN": "Djiboutii", "ADM2_PCODE": "DJ0411", "x": 8 }, "geometry": { "type": "MultiPolygon", "coordinates": [ [ [ [ 275304.350950351799838, 1275874.167187613202259 ], [ 271732.454835598357022, 1276153.339346715016291 ], [ 271629.949740549665876, 1282071.376643065363169 ], [ 271872.561772164073773, 1282069.595099932746962 ], [ 271872.788334007142112, 1282100.464528776705265 ], [ 271903.114785398938693, 1282100.241964200045913 ], [ 271902.888253726181574, 1282069.372540418989956 ], [ 271933.323818364122417, 1282069.149210130795836 ], [ 271933.550319757894613, 1282100.018628831487149 ], [ 271963.549497453728691, 1282099.798524618381634 ], [ 271961.733341401035432, 1282134.776938792318106 ], [ 272024.536246784438845, 1282130.000920396996662 ], [ 272022.611754952231422, 1282165.090763140004128 ], [ 272115.413678893935867, 1282160.094890706706792 ], [ 272115.889885182492435, 1282225.042317492654547 ], [ 272116.089460824150592, 1282252.260490213986486 ], [ 272143.143104510148987, 1282252.062130676349625 ], [ 272176.851066280039959, 1282251.815014099469408 ], [ 272175.885511361586396, 1282283.799621523125097 ], [ 272237.838073046063073, 1282282.128385325195268 ], [ 272238.063499632640742, 1282312.887114151380956 ], [ 272298.38859691482503, 1282312.445052976952866 ], [ 272297.937868694658391, 1282250.927615846507251 ], [ 272328.373187657387462, 1282250.704641417134553 ], [ 272328.598518925893586, 1282281.463354686507955 ], [ 272631.533002648036927, 1282279.245577162830159 ], [ 272632.160387413576245, 1282305.354055874282494 ], [ 272662.084156066528521, 1282309.782381170429289 ], [ 272661.85914987383876, 1282279.023722702870145 ], [ 272692.294378959632013, 1282278.801100009121001 ], [ 272692.103240032214671, 1282312.329011004185304 ], [ 272753.280651148234028, 1282309.115385208278894 ], [ 272753.055735371541232, 1282278.356741856085137 ], [ 272845.028822649095673, 1282279.454728438984603 ], [ 272843.258015174884349, 1282216.287403173977509 ], [ 273206.953585809969809, 1282213.631307177944109 ], [ 273206.729136407491751, 1282182.872740575345233 ], [ 273509.663086821325123, 1282180.663693940266967 ], [ 273510.110583983536344, 1282242.070085390703753 ], [ 273661.631617767503485, 1282240.966224053874612 ], [ 273661.8556272314745, 1282271.724716622848064 ], [ 273692.18160642782459, 1282271.503869279753417 ], [ 273692.405591128394008, 1282302.262357329949737 ], [ 273722.840621432522312, 1282302.040740352589637 ], [ 273722.634682165225968, 1282333.687537299003452 ], [ 273783.389136708399747, 1282332.360039867460728 ], [ 273783.165236688917503, 1282301.601566266268492 ], [ 273843.926176647772081, 1282301.15933408588171 ], [ 273844.150016426399816, 1282331.917797665577382 ], [ 273904.910876323701814, 1282331.475674465764314 ], [ 273905.13385616755113, 1282362.12348662968725 ], [ 273965.930851191864349, 1282366.660357316257432 ], [ 273965.235372981755063, 1282331.036844021175057 ], [ 274025.996193449595012, 1282330.594957970548421 ], [ 274026.676315104705282, 1282364.116265379358083 ], [ 274147.288894231372979, 1282358.26029268046841 ], [ 274147.081432030361611, 1282329.714714069152251 ], [ 274268.602934882626869, 1282328.831773267826065 ], [ 274268.769297040300444, 1282351.734606300247833 ], [ 274294.527161253034137, 1282353.428522692061961 ], [ 274327.535285847843625, 1282362.040600422536954 ], [ 274328.927314051426947, 1282328.393650006270036 ], [ 274389.688016212778166, 1282327.952476253267378 ], [ 274389.910517150070518, 1282358.600208864780143 ], [ 274420.345373570686206, 1282358.379265704657882 ], [ 274419.498174801119603, 1282422.007699235109612 ], [ 274450.681302250653971, 1282419.679041303461418 ], [ 274451.74913522915449, 1282446.558616588125005 ], [ 274542.45106939075049, 1282453.092463293112814 ], [ 274541.876560915028676, 1282419.017240376211703 ], [ 274724.5155953206704, 1282421.897235895972699 ], [ 274723.275556272012182, 1282356.181756538338959 ], [ 274874.685921155731194, 1282355.08450633008033 ], [ 274874.463899118709378, 1282324.436853099614382 ], [ 274904.898706779931672, 1282324.216390496585518 ], [ 274905.12069875135785, 1282354.864038748899475 ], [ 274935.446386223600712, 1282354.64439107128419 ], [ 274936.124727178132161, 1282388.054907447192818 ], [ 274997.721737185376696, 1282382.629724928410724 ], [ 274996.215913727413863, 1282415.724105058936402 ], [ 275025.782738096953835, 1282416.173911971971393 ], [ 275026.873300451668911, 1282446.262017536442727 ], [ 275045.963143091299571, 1282446.12381176953204 ], [ 275087.633535674074665, 1282445.822169133462012 ], [ 275087.410906778124627, 1282415.06390784191899 ], [ 275147.734843101061415, 1282414.627345757558942 ], [ 275147.95741218526382, 1282445.385597156360745 ], [ 275227.807432290283032, 1282444.807892052922398 ], [ 275269.041445762617514, 1282444.509649398969486 ], [ 275268.818996734160464, 1282413.75141784758307 ], [ 275299.144565338850953, 1282413.532115313224494 ], [ 275299.366984299384058, 1282444.290341895306483 ], [ 275390.561739665456116, 1282443.631020251428708 ], [ 275390.784073467482813, 1282474.389232370303944 ], [ 275421.109562305733562, 1282474.170038694050163 ], [ 275421.33187130081933, 1282504.928246399154887 ], [ 275451.330072083859704, 1282504.711442378116772 ], [ 275451.107792833470739, 1282473.953239585040137 ], [ 275481.433271903370041, 1282473.734104881295934 ], [ 275481.655521084496286, 1282504.492302709026262 ], [ 275512.090049526421353, 1282504.272404574090615 ], [ 275512.312273788847961, 1282535.030597892589867 ], [ 275573.072171350417193, 1282534.591669156681746 ], [ 275569.223471267556306, 1282575.669403456151485 ], [ 275664.40747770795133, 1282568.564493394689634 ], [ 275663.721102314011659, 1282533.937043389771134 ], [ 275694.155571132199839, 1282533.717318687820807 ], [ 275694.827535032469314, 1282566.353227713843808 ], [ 275845.711121066706255, 1282552.982556901639327 ], [ 275845.342359384521842, 1282501.866512976586819 ], [ 275957.589894845092203, 1282501.056954864878207 ], [ 276027.185514879180118, 1282500.555217088898644 ], [ 276026.963806615152862, 1282469.79710846580565 ], [ 276178.481604990491178, 1282468.705331880832091 ], [ 276178.703163019206841, 1282499.463415766367689 ], [ 276209.028494795609731, 1282499.244987179758027 ], [ 276208.806966835516505, 1282468.486908243270591 ], [ 276299.564855185511988, 1282467.833385848673061 ], [ 276299.786293156270403, 1282498.591449977830052 ], [ 276360.545996733009815, 1282498.154074061894789 ], [ 276360.767379697354045, 1282528.912128754425794 ], [ 276602.93308869889006, 1282527.170049920212477 ], [ 276602.490808243223, 1282465.654019949492067 ], [ 276724.010121252620593, 1282464.780593595467508 ], [ 276723.789109361590818, 1282434.022599191172048 ], [ 276754.22349743481027, 1282433.803930073976517 ], [ 276754.002520948881283, 1282403.045941101154312 ], [ 276814.325923288823105, 1282402.612619727384299 ], [ 276814.546839965740219, 1282433.370598881039768 ], [ 277026.714681970828678, 1282431.847427315078676 ], [ 277026.9353935130639, 1282462.605372432619333 ], [ 277057.369702646858059, 1282462.386995552573353 ], [ 277057.590389236807823, 1282493.144936276366934 ], [ 277148.238696496118791, 1282492.49466408835724 ], [ 277148.018099785316736, 1282461.736738097853959 ], [ 277178.452389443060383, 1282461.518480008468032 ], [ 277178.672955977846868, 1282492.276401053881273 ], [ 277208.998127216822468, 1282492.058950022328645 ], [ 277209.438422464765608, 1282553.464143751421943 ], [ 277330.520652690785937, 1282552.596160252578557 ], [ 277330.301018757396378, 1282521.948902710340917 ], [ 277421.494521208747756, 1282521.295504985144362 ], [ 277421.274190001422539, 1282490.537622862495482 ], [ 277511.922323179780506, 1282489.888413419248536 ], [ 277511.702087064739317, 1282459.13054647995159 ], [ 277602.45935001980979, 1282458.480835884576663 ], [ 277602.67949614871759, 1282489.238688102690503 ], [ 277633.004599536303431, 1282489.021651567192748 ], [ 277632.784483474795707, 1282458.263804266927764 ], [ 277663.218695266579743, 1282458.046021763468161 ], [ 277662.784080525510944, 1282397.304816643940285 ], [ 277753.863159582833759, 1282395.878760200226679 ], [ 277753.649509912298527, 1282366.006051468430087 ], [ 277874.725781351444311, 1282364.255197706632316 ], [ 277874.505926643207204, 1282333.497391817159951 ], [ 278026.02284540142864, 1282332.414741526124999 ], [ 278026.242549896298442, 1282363.172522881999612 ], [ 278056.567705780733377, 1282362.955920896260068 ], [ 278056.348031350062229, 1282332.198144448455423 ], [ 278177.43056003737729, 1282331.333609842695296 ], [ 278177.21180057968013, 1282300.686492886161432 ], [ 278237.971262589795515, 1282300.25285571324639 ], [ 278237.751778807374649, 1282269.495109699899331 ], [ 278328.509233738994226, 1282268.847615052480251 ], [ 278328.289845121267717, 1282238.089884240645915 ], [ 278389.0493792030029, 1282237.656563429627568 ], [ 278388.830056008533575, 1282206.898842927999794 ], [ 278419.155304109212011, 1282206.682620911393315 ], [ 278418.936804962868337, 1282176.035545099992305 ], [ 278570.454039042408112, 1282174.955681164050475 ], [ 278570.234906462137587, 1282144.197991091525182 ], [ 278600.232934414525516, 1282143.984287720406428 ], [ 278600.013836755708326, 1282113.22660298156552 ], [ 278721.424109226092696, 1282112.362002958776429 ], [ 278721.643086541735101, 1282143.119668101659045 ], [ 278842.834994190954603, 1282142.257075913716108 ], [ 278843.053856560785789, 1282173.014721997082233 ], [ 279024.895935113891028, 1282171.72130411490798 ], [ 279035.931958053144626, 1282204.946834372356534 ], [ 279115.762012222316116, 1282201.723896770272404 ], [ 279115.982973871636204, 1282232.813416581833735 ], [ 279176.739897898514755, 1282232.049721657298505 ], [ 279177.791015684313606, 1282257.158534630434588 ], [ 279298.04050152702257, 1282261.947194969747216 ], [ 279294.556405311042909, 1282293.616219648858532 ], [ 279359.015682404860854, 1282291.941411955049261 ], [ 279358.7996665154933, 1282261.515762941213325 ], [ 279722.481589928269386, 1282258.935854786541313 ], [ 279722.263583157153334, 1282228.178348594112322 ], [ 279752.697672162204981, 1282227.962651638314128 ], [ 279752.479700719355606, 1282197.205150824971497 ], [ 279903.886644678888842, 1282196.132545763393864 ], [ 279903.66961197782075, 1282165.485708189662546 ], [ 279994.426544368965551, 1282164.843132031382993 ], [ 279994.208823262248188, 1282134.085671146865934 ], [ 280024.53387646068586, 1282133.871028239838779 ], [ 280024.316190565295983, 1282103.113572710892186 ], [ 280085.075425660528708, 1282102.683613718021661 ], [ 280084.857805140374694, 1282071.926168463425711 ], [ 280145.180748936836608, 1282071.499424506910145 ], [ 280145.398309667711146, 1282102.256860088789836 ], [ 280266.480352357786614, 1282101.400619917083532 ], [ 280266.262911637837533, 1282070.643203741870821 ], [ 280296.697064841457177, 1282070.428065793123096 ], [ 280296.914475396624766, 1282101.185477092396468 ], [ 280418.432753704779316, 1282100.326745554571971 ], [ 280418.635979328188114, 1282129.092652056133375 ], [ 280751.976992734824307, 1282140.01663394132629 ], [ 280842.830319237546064, 1282153.095643148757517 ], [ 280842.654007003642619, 1282128.091486857971177 ], [ 280872.978926253446843, 1282127.877673093928024 ], [ 280873.168474775855429, 1282154.76266877958551 ], [ 280933.623476658132859, 1282157.655793665442616 ], [ 280963.535414696438238, 1282160.764272608794272 ], [ 280964.168236198835075, 1282188.641921202884987 ], [ 281114.841818751185201, 1282192.00611450150609 ], [ 281115.899927402031608, 1282218.331742822192609 ], [ 281206.977901558624581, 1282216.915914565790445 ], [ 281206.766823924030177, 1282186.933110149810091 ], [ 281237.200707909360062, 1282186.718874312704429 ], [ 281237.000349700916559, 1282220.245149764930829 ], [ 281297.739491553977132, 1282217.051583746913821 ], [ 281297.902214154833928, 1282240.174843039596453 ], [ 281327.827989105600864, 1282245.275129564804956 ], [ 281449.338800211029593, 1282243.535235351650044 ], [ 281449.145068623358384, 1282215.986493479926139 ], [ 281509.903613316593692, 1282215.559283853275701 ], [ 281510.100402281270362, 1282243.550566974794492 ], [ 281540.53651404514676, 1282243.668531394097954 ], [ 281540.337419369025156, 1282215.345340269617736 ], [ 281630.984318651491776, 1282214.708287314279005 ], [ 281630.7682090428425, 1282183.951086878310889 ], [ 281751.84895850677276, 1282183.10058208857663 ], [ 281752.070078259333968, 1282152.45097483927384 ], [ 281886.458845566492528, 1282151.507567546563223 ], [ 281903.584680144849699, 1282151.387386187445372 ], [ 281933.47307573229773, 1282151.177665564697236 ], [ 282027.461153467767872, 1282144.764941866975278 ], [ 282024.860917168669403, 1282178.418536353623495 ], [ 282105.625481126480736, 1282184.158823985373601 ], [ 282115.756312203244306, 1282151.005670378915966 ], [ 282145.278653682675213, 1282145.266592032741755 ], [ 282145.530411700252444, 1282118.931900740833953 ], [ 282223.749738167738542, 1282119.490160598652437 ], [ 282266.611078261106741, 1282118.083444635150954 ], [ 282268.496844211244024, 1282091.405398724600673 ], [ 282327.154142961429898, 1282086.900777779985219 ], [ 282328.599765695631504, 1282059.672615699004382 ], [ 282479.201433580950834, 1282052.864901752909645 ], [ 282478.55951313325204, 1282085.840810658643022 ], [ 282570.179552372777835, 1282083.982685266761109 ], [ 282570.18207060568966, 1282146.71684276079759 ], [ 282600.07036330353003, 1282146.507764187408611 ], [ 282600.284732937463559, 1282177.15417319862172 ], [ 282690.15914784593042, 1282175.308565782383084 ], [ 282691.906753166113049, 1282238.03048251895234 ], [ 282628.181010869448073, 1282235.267519120126963 ], [ 282631.363768288923893, 1282269.212430330691859 ], [ 282607.693210968282074, 1282269.378003865713254 ], [ 282571.042019758664537, 1282269.634411416715011 ], [ 282571.471637788577937, 1282331.037880407879129 ], [ 282690.50265170680359, 1282333.63518053223379 ], [ 282692.766283646749798, 1282360.947980685159564 ], [ 282725.587147589598317, 1282358.948204036802053 ], [ 282722.875619036727585, 1282329.978905089432374 ], [ 282752.872791519563179, 1282329.769181387731805 ], [ 282753.092456241138279, 1282361.190027040429413 ], [ 282844.151464750873856, 1282357.23429071996361 ], [ 282843.955086796428077, 1282329.132561687380075 ], [ 282874.388562767824624, 1282328.919906437164173 ], [ 282874.140087881649379, 1282355.807675905991346 ], [ 282904.56425758311525, 1282354.267405530437827 ], [ 282904.712953456153627, 1282328.708043083315715 ], [ 283238.069723434979096, 1282327.376752560026944 ], [ 283238.277320769382641, 1282357.137972217984498 ], [ 283268.274383995973039, 1282356.928741863695905 ], [ 283268.056012740707956, 1282325.61861599702388 ], [ 283267.845362769963685, 1282295.414855500683188 ], [ 283298.169722124002874, 1282295.203381695784628 ], [ 283298.369541407504585, 1282323.858226908138022 ], [ 283480.077616746886633, 1282304.114466735860333 ], [ 283571.255613167013507, 1282301.59841483598575 ], [ 283571.412031276617199, 1282324.057586430571973 ], [ 283631.733350259368308, 1282323.637530301231891 ], [ 283631.569272708438803, 1282300.07200288772583 ], [ 283631.30583047051914, 1282262.234396093292162 ], [ 283692.063571421080269, 1282261.811439266661182 ], [ 283692.288434974150732, 1282294.117222074186429 ], [ 283836.569926050957292, 1282288.576975057367235 ], [ 283903.966817162348889, 1282286.006054840283468 ], [ 283904.65163449535612, 1282321.738488785224035 ], [ 283995.406151222879998, 1282321.107524834340438 ], [ 283995.619943357014563, 1282351.864353524986655 ], [ 284056.377390607492998, 1282351.442080136621371 ], [ 284056.804869594983757, 1282412.955719939200208 ], [ 284147.449966514715925, 1282412.325914023909718 ], [ 284147.663623734377325, 1282443.082720455015078 ], [ 284178.096775516751222, 1282442.871323965955526 ], [ 284178.310407621727791, 1282473.628126085037366 ], [ 284328.098472457320895, 1282475.796665238216519 ], [ 284329.925109349540435, 1282503.223010306945071 ], [ 284360.766846754238941, 1282499.025862885871902 ], [ 284360.145483546948526, 1282472.365644456353039 ], [ 284390.469492973061278, 1282472.155208315467462 ], [ 284392.045609462598804, 1282510.647404772462323 ], [ 284420.724947292823344, 1282509.231351652415469 ], [ 284420.466260247747414, 1282471.947072230046615 ], [ 284511.547325431369245, 1282471.315273122629151 ], [ 284511.382631356711499, 1282510.483369716443121 ], [ 284572.516851172666065, 1282501.540075134253129 ], [ 284572.304371702368371, 1282470.893970181467012 ], [ 284632.625082994054537, 1282470.475810463307425 ], [ 284632.837502877460793, 1282501.121905975742266 ], [ 284753.98787770717172, 1282510.793284315150231 ], [ 284784.424696402333211, 1282511.13564913882874 ], [ 284876.329075709683821, 1282503.41817885520868 ], [ 284875.641820690245368, 1282530.198033185908571 ], [ 284966.395258287899196, 1282529.569805393228307 ], [ 284965.27684284892166, 1282494.061837086221203 ], [ 285148.016562127973884, 1282497.555232460377738 ], [ 285146.555824047594797, 1282459.836846538586542 ], [ 285268.882015828974545, 1282466.072237927932292 ], [ 285267.765487511758693, 1282430.785587596474215 ], [ 285329.426336773554794, 1282434.895796724129468 ], [ 285330.117054981179535, 1282408.558560232166201 ], [ 285480.724323452683166, 1282403.092830049339682 ], [ 285481.30685962876305, 1282376.86700700270012 ], [ 285662.346401689923368, 1282371.081473086494952 ], [ 285658.340915188426152, 1282343.891562869306654 ], [ 285965.04609320347663, 1282338.237055358011276 ], [ 285964.838063330040313, 1282308.033710270421579 ], [ 286116.235607739363331, 1282306.438118432182819 ], [ 286116.090169074130245, 1282285.306856921408325 ], [ 286146.956426789867692, 1282284.651872521964833 ], [ 286146.668574907933362, 1282306.228672770317644 ], [ 286176.992458647233434, 1282306.020007498562336 ], [ 286177.253688410681207, 1282280.57099154102616 ], [ 286207.235894592246041, 1282278.262549807783216 ], [ 286207.425416450132616, 1282305.810621427139267 ], [ 286237.749290842562914, 1282305.602015532320365 ], [ 286239.611745387664996, 1282275.052552499808371 ], [ 286418.935662049450912, 1282273.598302409285679 ], [ 286419.197094417992048, 1282248.149321544449776 ], [ 286782.393401260604151, 1282240.455266994656995 ], [ 286782.181628108315635, 1282209.588241576449946 ], [ 286933.69264285475947, 1282208.659772979561239 ], [ 286933.481783898547292, 1282177.903406142489985 ], [ 286994.238623923331033, 1282177.48693481227383 ], [ 286994.027830174542032, 1282146.730577909387648 ], [ 287054.784711809130386, 1282146.314234968973324 ], [ 287054.57474127272144, 1282115.668522376101464 ], [ 287084.462350221234374, 1282115.463762812083587 ], [ 287084.251656268024817, 1282084.707421052036807 ], [ 287114.684685084328521, 1282084.498959300573915 ], [ 287114.895348876714706, 1282115.255296336254105 ], [ 287145.219264051993378, 1282115.047606735723093 ], [ 287145.008630312280729, 1282084.291274407412857 ], [ 287205.765585693356115, 1282083.875246708747 ], [ 287205.555017151520588, 1282053.118924304842949 ], [ 287265.87569826329127, 1282052.706011263886467 ], [ 287265.665194484288804, 1282021.949698753189296 ], [ 287326.422233180259354, 1282021.533926939126104 ], [ 287326.212551558041014, 1281990.888258567312732 ], [ 287356.645633498614188, 1281990.680048847803846 ], [ 287356.434473195462488, 1281959.813117346260697 ], [ 287416.755287552368827, 1281959.400526840472594 ], [ 287416.545705465017818, 1281928.754873516270891 ], [ 287477.30287815828342, 1281928.339426521910354 ], [ 287476.883092437055893, 1281866.937506103422493 ], [ 287507.207192185160238, 1281866.730209412518889 ], [ 287506.996202417765744, 1281835.863303568447009 ], [ 287537.429407247691415, 1281835.655295723350719 ], [ 287537.219964957155753, 1281805.009663258912042 ], [ 287567.544115485041402, 1281804.802435320103541 ], [ 287567.333952098037116, 1281774.046173982787877 ], [ 287627.764139890670776, 1281773.633306651376188 ], [ 287627.554797094024252, 1281742.987689212430269 ], [ 287657.878993771388195, 1281742.780559305567294 ], [ 287657.668174618971534, 1281711.913679119665176 ], [ 287748.422667493694462, 1281711.293970629107207 ], [ 287748.633396407589316, 1281742.160836714552715 ], [ 287782.326209197402932, 1281740.04996640374884 ], [ 287850.077571461908519, 1281741.468431991757825 ], [ 287903.417552419006824, 1281741.104494100436568 ], [ 288082.325526450527832, 1281742.429170548683032 ], [ 288081.661465676035732, 1281709.020754184108227 ], [ 288112.094702896603849, 1281708.813329370226711 ], [ 288112.300546127837151, 1281739.016336661530659 ], [ 288142.15819502301747, 1281734.387305206619203 ], [ 288142.418855802156031, 1281708.606677687959746 ], [ 288263.505549970490392, 1281708.998822973109782 ], [ 288263.288557048595976, 1281677.136334520066157 ], [ 288387.799682135228068, 1281683.812068238388747 ], [ 288385.011912680056412, 1281706.954530587419868 ], [ 288474.020801939070225, 1281706.348822499159724 ], [ 288506.090171416988596, 1281706.130651976214722 ], [ 288509.210670466243755, 1281731.888224406167865 ], [ 288566.621029891481157, 1281736.587112640263513 ], [ 288566.847432090784423, 1281705.717406142270193 ], [ 288596.844277491327375, 1281705.513423768570647 ], [ 288596.635901653557085, 1281674.867956617614254 ], [ 288626.960010732756928, 1281674.661783099872991 ], [ 288626.750917620491236, 1281643.905687702819705 ], [ 288687.50826159020653, 1281643.492697526700795 ], [ 288687.299233619007282, 1281612.736612028442323 ], [ 288838.810884475009516, 1281611.707272979896516 ], [ 288838.393894877575804, 1281550.305783500894904 ], [ 288868.718087146058679, 1281550.099865601630881 ], [ 288868.50925413047662, 1281519.343809676356614 ], [ 288898.506232113577425, 1281519.140147670172155 ], [ 288899.151354627101682, 1281549.89323676773347 ], [ 288929.039218513178639, 1281549.690339992754161 ], [ 288929.664816922624595, 1281641.847849816549569 ], [ 288899.777041753055528, 1281642.050760376267135 ], [ 288899.549546899215784, 1281672.809776194626465 ], [ 288869.552717388025485, 1281673.013461274793372 ], [ 288869.760823819087818, 1281703.658886531367898 ], [ 288778.679603847151157, 1281704.277540087932721 ], [ 288778.889308375888504, 1281735.14424652652815 ], [ 288657.811335468082689, 1281735.967080710921437 ], [ 288658.01966119534336, 1281766.612539557507262 ], [ 288688.343670995265711, 1281766.406411383999512 ], [ 288688.97084395471029, 1281858.674677312606946 ], [ 288658.646924289874732, 1281858.88081950484775 ], [ 288648.056473340606317, 1281889.599699611542746 ], [ 288631.353887305245735, 1281951.89213932515122 ], [ 288507.76334102510009, 1281952.068953922716901 ], [ 288507.972603594127577, 1281982.825073218671605 ], [ 288447.215865961683448, 1281983.238522272789851 ], [ 288447.424440705275629, 1282013.884017877280712 ], [ 288387.10405843728222, 1282014.294624746311456 ], [ 288387.522848282475024, 1282075.806903288699687 ], [ 288357.199092664697673, 1282076.013374125817791 ], [ 288357.71062875847565, 1282151.133599043823779 ], [ 288358.165687193803024, 1282217.956305395113304 ], [ 288358.454254584736191, 1282260.328983074985445 ], [ 288328.021596834296361, 1282260.53625455009751 ], [ 288328.44058636133559, 1282322.048560167197138 ], [ 288358.873183783085551, 1282321.841279298532754 ], [ 288364.002436319249682, 1282354.223502271110192 ], [ 288389.406141162267886, 1282352.390915300231427 ], [ 288390.249293327040505, 1282412.130096110515296 ], [ 288419.821229464025237, 1282413.698940851492807 ], [ 288420.00880963326199, 1282441.246707550017163 ], [ 288420.239335286663845, 1282475.100590070709586 ], [ 288453.507765212620143, 1282474.874065885553136 ], [ 288480.995119510684162, 1282474.686931833392009 ], [ 288480.75463259301614, 1282503.4546306328848 ], [ 288541.960201802081428, 1282505.02951605594717 ], [ 288543.7725413760636, 1282530.906628840370104 ], [ 288619.129441358265467, 1282544.223679822171107 ], [ 288638.757937026326545, 1282543.315673335455358 ], [ 288754.351123815984465, 1282538.435897960560396 ], [ 288753.677874777698889, 1282503.58933644881472 ], [ 288875.189101380412467, 1282502.763425346463919 ], [ 288875.397340756724589, 1282533.408864633180201 ], [ 289026.428983737365343, 1282526.629746542777866 ], [ 289027.113950211612973, 1282563.24639713880606 ], [ 289117.756229360587895, 1282562.631024762988091 ], [ 289117.948485514731146, 1282526.672266088658944 ], [ 289238.608545127033722, 1282529.062046274077147 ], [ 289239.266993981203996, 1282561.806500618811697 ], [ 289420.660394945065491, 1282560.576521125854924 ], [ 289420.868105753790587, 1282591.221877977484837 ], [ 289663.452650742256083, 1282589.578595099970698 ], [ 289663.647029734333046, 1282553.841207165271044 ], [ 289716.552551067841705, 1282554.036273954203352 ], [ 289743.952290488348808, 1282557.0593379533384 ], [ 289784.428386047133245, 1282558.113101793220267 ], [ 289784.289156396524049, 1282537.535390794277191 ], [ 289815.433200700965244, 1282529.690671083983034 ], [ 289814.335320002050139, 1282496.396090616937727 ], [ 289922.538643384235911, 1282495.664305384969339 ], [ 289965.705660577281378, 1282475.236388808349147 ], [ 289997.611073652573396, 1282467.054809867171571 ], [ 289995.74986610992346, 1282433.765415816335008 ], [ 290026.073013305198401, 1282433.560487832175568 ], [ 290025.865178228239529, 1282402.804593533510342 ], [ 290056.297427088546101, 1282402.598962853429839 ], [ 290056.089627095556352, 1282371.843073695898056 ], [ 290086.085596513701603, 1282371.640424927696586 ], [ 290085.877831171324942, 1282340.884540924802423 ], [ 290116.201054835226387, 1282340.679715558188036 ], [ 290115.993324465875048, 1282309.923836681991816 ], [ 290176.748894645425025, 1282309.513547630282119 ], [ 290176.956564794760197, 1282340.269417209317908 ], [ 290207.388851020019501, 1282340.063944441732019 ], [ 290208.218713117879815, 1282462.976776658557355 ], [ 290329.292875024373643, 1282462.159525946015492 ], [ 290329.086081954941619, 1282431.514310013502836 ], [ 290389.841347077745013, 1282431.104399417061359 ], [ 290389.633872589445673, 1282400.348560766549781 ], [ 290449.952875874936581, 1282399.941720780450851 ], [ 290449.745466086664237, 1282369.185891830828041 ], [ 290480.068604864412919, 1282368.981417218688875 ], [ 290479.861230041424278, 1282338.225593464914709 ], [ 290510.293470447941218, 1282338.020417775725946 ], [ 290510.500815106439404, 1282368.776236880337819 ], [ 290540.823944769450463, 1282368.571821642108262 ], [ 290540.616630167351104, 1282337.816007169429213 ], [ 290570.61255701672053, 1282337.613831588765606 ], [ 290569.990731841127854, 1282245.346404992975295 ], [ 290600.313972625299357, 1282245.14206722471863 ], [ 290600.107482873369008, 1282214.496896411059424 ], [ 290660.863087124656886, 1282214.087584249675274 ], [ 290660.65591703238897, 1282183.331790861207992 ], [ 290691.08828067232389, 1282183.126816712552682 ], [ 290690.881145643885247, 1282152.371028506197035 ], [ 290751.200536233431194, 1282151.964850983116776 ], [ 290750.993465886102058, 1282121.209072479978204 ], [ 290811.749205099069513, 1282120.80008474807255 ], [ 290811.956215235695709, 1282151.555853982688859 ], [ 291024.110103331622668, 1282150.12860159878619 ], [ 291024.316908113658428, 1282180.884338985895738 ], [ 291054.749216870230157, 1282180.679721457650885 ], [ 291054.542442248028237, 1282149.923988707596436 ], [ 291114.861724096699618, 1282149.518518017837778 ], [ 291114.655014146468602, 1282118.762794955167919 ], [ 291175.410643855517264, 1282118.354519152548164 ], [ 291175.204742325120606, 1282087.709437940502539 ], [ 291205.528041991987266, 1282087.505715630482882 ], [ 291205.114827032899484, 1282025.994299886748195 ], [ 291265.434302580077201, 1282025.589160158066079 ], [ 291265.021969651570544, 1281964.188396892277524 ], [ 291295.454452805919573, 1281963.984049212886021 ], [ 291295.247209552035201, 1281933.117724989075214 ], [ 291356.003145560738631, 1281932.709860584698617 ], [ 291355.797452776110731, 1281902.064810080686584 ], [ 291416.117121970630251, 1281901.660001471405849 ], [ 291415.910751257324591, 1281870.904328734613955 ], [ 291476.666771058924496, 1281870.496719766408205 ], [ 291476.461207525921054, 1281839.851688634371385 ], [ 291506.784701939672232, 1281839.648299128282815 ], [ 291506.577689247438684, 1281808.782009406713769 ], [ 291566.897492548217997, 1281808.377522514900193 ], [ 291566.692028230696451, 1281777.732506196713075 ], [ 291627.448182969412301, 1281777.325221224687994 ], [ 291627.242041969031561, 1281746.569582795724273 ], [ 291657.674681360542309, 1281746.365624024765566 ], [ 291657.262474301271141, 1281684.854358040494844 ], [ 291718.018782211001962, 1281684.447279224172235 ], [ 291717.607456157391425, 1281623.0466655024793 ], [ 291777.927554347261321, 1281622.642645962070674 ], [ 291777.721587818814442, 1281591.887033198727295 ], [ 291808.045277049764991, 1281591.683976404136047 ], [ 291807.839345436310396, 1281560.928368742344901 ], [ 291868.595848482102156, 1281560.52162307058461 ], [ 291868.184860748995561, 1281499.121059448691085 ], [ 291898.181391512625851, 1281498.920295392163098 ], [ 291897.769742166856304, 1281437.40911130909808 ], [ 291928.202641846961342, 1281437.205465898150578 ], [ 291927.79181249870453, 1281375.804924741620198 ], [ 291961.427274770452641, 1281381.443630751222372 ], [ 291957.909941631834954, 1281344.84646711521782 ], [ 291989.110173836059403, 1281345.190945754759014 ], [ 291988.028131197730545, 1281313.888048802036792 ], [ 292017.114458412164822, 1281308.051055704941973 ], [ 292018.050527274841443, 1281252.284001735504717 ], [ 292050.127912123221904, 1281253.286509953439236 ], [ 292047.963239563920069, 1281190.570102761033922 ], [ 292077.960040286707226, 1281190.369559818413109 ], [ 292077.548848483595066, 1281128.858441391726956 ], [ 292138.306111603335012, 1281128.452357966918498 ], [ 292138.101322471047752, 1281097.807440201286227 ], [ 292166.738239602418616, 1281089.982174066128209 ], [ 292167.808971325750463, 1281005.338181318016723 ], [ 292189.07954409532249, 1281005.196077403379604 ], [ 292228.239208081737161, 1281004.934498544549569 ], [ 292227.829113599727862, 1280943.534063746687025 ], [ 292196.189984861819539, 1280942.860302152112126 ], [ 292199.027131548617035, 1280877.676533422898501 ], [ 292257.742611106601544, 1280881.820492216618732 ], [ 292257.53798018861562, 1280851.175596923567355 ], [ 292318.295729594887234, 1280850.769951923983172 ], [ 292318.090424942900427, 1280820.014434951124713 ], [ 292348.414782720385119, 1280819.812025629915297 ], [ 292348.209512952773366, 1280789.056513799121603 ], [ 292530.155744559364393, 1280787.842706991126761 ], [ 292529.950659767840989, 1280757.087223201757297 ], [ 292559.838723815628327, 1280756.887939289677888 ], [ 292559.175223475845996, 1280722.816433022031561 ], [ 292620.392310280236416, 1280725.83807591884397 ], [ 292620.248525075381622, 1280704.264995077392086 ], [ 292651.410206274711527, 1280698.746787141310051 ], [ 292650.415887747658417, 1280664.124320773873478 ], [ 292711.173879984067753, 1280663.719501615967602 ], [ 292710.968994600814767, 1280632.964047450339422 ], [ 292801.615175481070764, 1280632.360323793254793 ], [ 292801.411121322773397, 1280601.715514909243211 ], [ 292983.248944934515748, 1280600.50525974528864 ], [ 292983.044338939769659, 1280569.749847762752324 ], [ 293104.124143334804103, 1280568.944587445352226 ], [ 293104.32862948969705, 1280599.699981153476983 ], [ 293165.086606237106025, 1280599.296068680472672 ], [ 293165.494737421278842, 1280660.696208418114111 ], [ 293225.816254093719181, 1280660.295295934658498 ], [ 293226.020634922257159, 1280691.050672951387241 ], [ 293256.454057596623898, 1280690.848444122588262 ], [ 293256.862038416205905, 1280752.248559676110744 ], [ 293317.619669772451743, 1280751.844897727714851 ], [ 293317.823974844068289, 1280782.600262568565086 ], [ 293408.469437943829689, 1280781.99823802895844 ], [ 293408.673658124636859, 1280812.753589711617678 ], [ 293439.106933297356591, 1280812.551520665874705 ], [ 293439.514593381318264, 1280873.951585721457377 ], [ 293469.838724285538774, 1280873.750261469744146 ], [ 293467.572262426081579, 1280910.275059459032491 ], [ 293500.47680899745319, 1280904.41421302780509 ], [ 293500.650115251191892, 1280930.523062840569764 ], [ 293531.021173510933295, 1280937.402154483832419 ], [ 293531.20840978808701, 1280965.612984302220866 ], [ 293595.783311427978333, 1280965.184460788033903 ], [ 293713.04342693160288, 1280964.406657394720241 ], [ 293713.246642156853341, 1280995.051335958996788 ], [ 293773.567341456073336, 1280994.651382795535028 ], [ 293773.771968851215206, 1281025.517313998425379 ], [ 293834.528905894665513, 1281025.11457710317336 ], [ 293834.873528009280562, 1281077.110934433992952 ], [ 293867.410497847187798, 1281081.65261995466426 ], [ 293865.571880749659613, 1281116.957494642119855 ], [ 293928.838148948096205, 1281116.648917987011373 ], [ 293927.350161793758161, 1281155.491787150967866 ], [ 293926.299828005838208, 1281178.068359858589247 ], [ 293956.623586960951798, 1281177.867463235277683 ], [ 293956.827329825318884, 1281208.622739674756303 ], [ 294017.583852350071538, 1281208.220303734065965 ], [ 294017.485673755058087, 1281193.395822315476835 ], [ 294017.380169648677111, 1281177.465036422247067 ], [ 294047.812993331463076, 1281177.263506446033716 ], [ 294047.651100309216417, 1281152.81417926074937 ], [ 294138.254142478341237, 1281146.018808969063684 ], [ 294138.049857100239024, 1281115.152930502314121 ], [ 294350.316276075667702, 1281113.748789489967749 ], [ 294350.722966858651489, 1281175.259222461143509 ], [ 294381.046663023007568, 1281175.058740210020915 ], [ 294381.452581617515534, 1281236.45853593852371 ], [ 294411.449711198685691, 1281236.370867573888972 ], [ 294411.855589721293654, 1281297.770656411070377 ], [ 294442.288234538864344, 1281297.569493924966082 ], [ 294442.491516533540562, 1281328.324699711287394 ], [ 294472.855261499411426, 1281334.208945518825203 ], [ 294473.221567581640556, 1281389.634687392273918 ], [ 294484.454328756895848, 1281389.228545890888199 ], [ 294595.587186061078683, 1281385.949692821595818 ], [ 294594.094117299770005, 1281358.079538502497599 ], [ 294624.52667485846905, 1281357.878545080777258 ], [ 294624.120466200867668, 1281296.368187494343147 ], [ 294745.196427985094488, 1281295.568867850815877 ], [ 294744.994180897832848, 1281264.924338045297191 ], [ 294805.750349760404788, 1281264.523424927843735 ], [ 294805.547437503002584, 1281233.768274679314345 ], [ 294866.303648530272767, 1281233.367489507189021 ], [ 294866.506500623072498, 1281264.122630665777251 ], [ 294926.826323881687131, 1281263.724832216510549 ], [ 294927.028391551226377, 1281294.36933491542004 ], [ 295018.107928926940076, 1281293.76888926862739 ], [ 295018.31064068118576, 1281324.524008860113099 ], [ 295109.062816195131745, 1281323.925972611410543 ], [ 295109.265442876145244, 1281354.681079143891111 ], [ 295230.340879472787492, 1281353.883613117737696 ], [ 295230.138372696179431, 1281323.128524670377374 ], [ 295290.894278299354482, 1281322.728541718330234 ], [ 295290.69183648575563, 1281291.973462845431641 ], [ 295351.447784302406944, 1281291.573607821483165 ], [ 295351.246135414694436, 1281260.929168299073353 ], [ 295381.133285291783977, 1281260.732519272249192 ], [ 295380.962582247448154, 1281168.464457622729242 ], [ 295441.28243375744205, 1281168.067686528433114 ], [ 295441.686256392335054, 1281229.467165691545233 ], [ 295472.119536537444219, 1281229.377651510061696 ], [ 295472.321788719156757, 1281260.132702177390456 ], [ 295533.077742924797349, 1281259.73321189545095 ], [ 295533.279212397406809, 1281290.377624391112477 ], [ 295593.598780886735767, 1281289.981111595407128 ], [ 295593.80092273268383, 1281320.7361452835612 ], [ 295563.368478379794396, 1281320.936184128280729 ], [ 295563.570655151386745, 1281351.691222856752574 ], [ 295624.326402377686463, 1281351.291882757563144 ], [ 295624.528523769287858, 1281382.046912980498746 ], [ 295685.284192912629806, 1281381.647682688664645 ], [ 295685.687602833146229, 1281443.047096990514547 ], [ 295746.006828632613178, 1281442.650833348743618 ], [ 295746.208844454609789, 1281473.405847110319883 ], [ 295806.964297664060723, 1281473.006826579803601 ], [ 295807.166258095763624, 1281503.761831793468446 ], [ 295897.917548022815026, 1281503.166016188915819 ], [ 295898.118697173369583, 1281533.810378962662071 ], [ 295928.441805699898396, 1281533.611350965220481 ], [ 295928.643655758525711, 1281564.366339234402403 ], [ 296110.472957685939036, 1281563.173481297213584 ], [ 296110.674632421694696, 1281593.928443019744009 ], [ 296141.106725370278582, 1281593.728898023720831 ], [ 296141.308374738320708, 1281624.48385576182045 ], [ 296231.950083676609211, 1281623.889675316633657 ], [ 296232.150922974396963, 1281654.533990825060755 ], [ 296292.905873118550517, 1281654.135864602401853 ], [ 296293.108106910949573, 1281685.00143014988862 ], [ 296323.540082691819407, 1281684.80204980657436 ], [ 296323.740841496677604, 1281715.446352853672579 ], [ 296354.063707730965689, 1281715.247712316690013 ], [ 296354.265166020952165, 1281746.00264065945521 ], [ 296384.260772989480756, 1281745.806168409530073 ], [ 296384.663644448737614, 1281807.31601770920679 ], [ 296414.986411703634076, 1281807.117422578856349 ], [ 296415.187100031820592, 1281837.761714333901182 ], [ 296475.941635970957577, 1281837.363889837404713 ], [ 296476.339285218040459, 1281898.099310983205214 ], [ 296505.490377269918099, 1281902.223183558322489 ], [ 296506.977430584141985, 1281929.429390564095229 ], [ 296567.720174790360034, 1281927.261651271488518 ], [ 296567.496020202350337, 1281959.67884430103004 ], [ 296597.927684937021695, 1281959.479690556181595 ], [ 296598.531468396191485, 1282051.744381888536736 ], [ 296628.853964500187431, 1282051.545958139235154 ], [ 296629.205776784918271, 1282105.311707846820354 ], [ 296629.456976769026369, 1282143.700011607725173 ], [ 296702.317991912248544, 1282143.223312345566228 ], [ 296750.528410021041054, 1282142.90798561135307 ], [ 296750.126154436613433, 1282081.398232594598085 ], [ 296780.557671990536619, 1282081.199239085661247 ], [ 296780.357304832199588, 1282050.554996910504997 ], [ 296901.42900916968938, 1282049.763615669449791 ], [ 296901.228043380600866, 1282019.008762936107814 ], [ 296992.304549373104237, 1282018.41376935550943 ], [ 296992.103678582469001, 1281987.658930609701201 ], [ 297022.535250927787274, 1281987.460188440512866 ], [ 297022.736091566155665, 1282018.215022681746632 ], [ 297357.576688750239555, 1282013.706864125560969 ], [ 297356.241361030144617, 1282059.849709343630821 ], [ 297356.556572182569653, 1282108.194463485386223 ], [ 297386.5516783867497, 1282107.998904155101627 ], [ 297386.752178109891247, 1282138.753686768235639 ], [ 297417.074469245737419, 1282138.556019047740847 ], [ 297417.274943667231128, 1282169.310797722544521 ], [ 297447.706273157149553, 1282169.112444257130846 ], [ 297446.581986021366902, 1282197.441918761469424 ], [ 297478.228223399783019, 1282199.558972985483706 ], [ 297479.230389281990938, 1282353.332832049112767 ], [ 297509.661529086122755, 1282353.134511208860204 ], [ 297510.662941750313621, 1282506.797732302220538 ], [ 297540.984854759939481, 1282506.60012960457243 ], [ 297541.184544738498516, 1282537.244268029229715 ], [ 297510.862661676772404, 1282537.441875187680125 ], [ 297515.649154154933058, 1282568.941191079327837 ], [ 297480.632178466126788, 1282568.394999495241791 ], [ 297480.710062444559298, 1282580.342898458242416 ], [ 297480.834101369604468, 1282599.371033989591524 ], [ 297511.263557762373239, 1282598.951419826596975 ], [ 297511.864216359448619, 1282691.105112092802301 ], [ 297602.50290975155076, 1282690.625072958879173 ], [ 297602.702568483306095, 1282721.26920564728789 ], [ 297693.885765752522275, 1282720.675237673800439 ], [ 297694.086059607565403, 1282751.429986091796309 ], [ 297754.402135874202941, 1282751.037224608939141 ], [ 297755.20239913451951, 1282873.945559320738539 ], [ 297815.95449971902417, 1282873.550039639230818 ], [ 297816.354899435536936, 1282935.059506539255381 ], [ 297846.676347879110835, 1282934.862137317890301 ], [ 297846.875804706127383, 1282965.506238565547392 ], [ 297877.306288613239303, 1282965.308184715453535 ], [ 297878.106202750466764, 1283088.216462648008019 ], [ 297907.991214732988738, 1283088.021969608264044 ], [ 297908.391500914585777, 1283149.531417177757248 ], [ 297938.821795077412389, 1283149.33339561894536 ], [ 297940.221294624381699, 1283364.395190372364596 ], [ 297909.7919315865729, 1283364.703871815698221 ], [ 297910.39105546567589, 1283456.746801175177097 ], [ 297880.50639884872362, 1283456.941347013693303 ], [ 297880.707346221082844, 1283487.806709819240496 ], [ 297759.205571026017424, 1283488.597988171270117 ], [ 297759.004502692434471, 1283457.732607390033081 ], [ 297728.574483518023044, 1283457.930852188263088 ], [ 297728.374831177876331, 1283427.286724672652781 ], [ 297576.987996781419497, 1283428.273396419594064 ], [ 297576.787478237820324, 1283397.518618494970724 ], [ 297546.793646202073433, 1283397.714187918929383 ], [ 297544.491393062344287, 1283429.370358418207616 ], [ 297516.673182721133344, 1283428.666707147844136 ], [ 297516.873044305830263, 1283459.31086578941904 ], [ 297425.691935699491296, 1283459.905691068386659 ], [ 297425.491983991581947, 1283429.261519010411575 ], [ 297213.790027637616731, 1283430.643569616600871 ], [ 297213.589148822415154, 1283399.888738038716838 ], [ 297183.158989742863923, 1283400.087508787633851 ], [ 297183.359898743336089, 1283430.842344864970073 ], [ 297031.972668019472621, 1283431.831677804235369 ], [ 297031.571277644718066, 1283370.432590348878875 ], [ 296940.388962347875349, 1283370.918171694502234 ], [ 296940.187822244362906, 1283340.163300779182464 ], [ 296909.866631877666805, 1283340.361617034301162 ], [ 296909.465029381448403, 1283278.962496804073453 ], [ 296939.786279789113905, 1283278.764189511770383 ], [ 296939.384032842703164, 1283217.25445134122856 ], [ 296909.062722288595978, 1283217.452749653952196 ], [ 296908.862299417727627, 1283186.808505909051746 ], [ 296873.412512462586164, 1283186.708474687533453 ], [ 296875.091897255217191, 1283126.623342714738101 ], [ 296908.460020833648741, 1283125.298761923331767 ], [ 296908.321832402027212, 1283104.168616544920951 ], [ 296938.141869713785127, 1283094.016576048452407 ], [ 296938.379945441149175, 1283063.701373198768124 ], [ 296968.810471716511529, 1283063.502413884969428 ], [ 296968.609409302705899, 1283032.747552717337385 ], [ 296889.528516700374894, 1283032.49020872823894 ], [ 296756.358912018826231, 1283034.135866841534153 ], [ 296756.560184912988916, 1283064.890759447123855 ], [ 296514.424443616066128, 1283066.476360164349899 ], [ 296514.826759028830566, 1283127.87558947596699 ], [ 296545.148217206005938, 1283127.676919742953032 ], [ 296545.349714429001324, 1283158.431845335755497 ], [ 296575.343928531510755, 1283158.235344239743426 ], [ 296575.545400772825815, 1283188.990265879314393 ], [ 296666.618624864495359, 1283188.393781369086355 ], [ 296666.81928712449735, 1283219.038060878403485 ], [ 296727.243835462431889, 1283218.642448154743761 ], [ 296727.0432329151663, 1283187.998177570523694 ], [ 296756.927597303816583, 1283187.691932348301634 ], [ 296755.054400598572101, 1283218.128504269989207 ], [ 296787.995574821135961, 1283218.244811825221404 ], [ 296792.871157041518018, 1283263.240878318436444 ], [ 296788.599402830179315, 1283310.509487158618867 ], [ 296818.920640839613043, 1283310.311056987848133 ], [ 296819.121172338433098, 1283340.955316225765273 ], [ 296788.799964295991231, 1283341.153750872705132 ], [ 296789.001254561822861, 1283371.908644210081547 ], [ 296758.57172732707113, 1283372.218456114875153 ], [ 296759.376332550193183, 1283495.127423702506348 ], [ 296789.806463224755134, 1283494.928222905145958 ], [ 296790.208371939195786, 1283556.327386308461428 ], [ 296820.52936954452889, 1283556.128920232411474 ], [ 296820.729938946547918, 1283586.773183681536466 ], [ 296850.722249592887238, 1283586.355625886935741 ], [ 296851.453443220816553, 1283648.084520490840077 ], [ 296881.883409835514612, 1283647.885386581765488 ], [ 296882.084657309926115, 1283678.640271708136424 ], [ 296912.078317864798009, 1283678.444017556495965 ], [ 296912.278816507779993, 1283709.088269712869078 ], [ 296882.285909542231821, 1283709.395157391438261 ], [ 296882.487166532082483, 1283740.150043572066352 ], [ 296973.231429862673394, 1283739.556347607867792 ], [ 296973.402932064374909, 1283765.775430214358494 ], [ 297034.182462366123218, 1283769.803269032621756 ], [ 297034.383578534878325, 1283800.558133871061727 ], [ 297064.26803095114883, 1283800.362721699988469 ], [ 297064.469122220529243, 1283831.117582614300773 ], [ 297034.584699457627721, 1283831.312999207526445 ], [ 297034.666451407771092, 1283843.81407774053514 ], [ 297034.785825134895276, 1283862.067865104647353 ], [ 296943.605679453350604, 1283862.664291247259825 ], [ 296943.806176539510489, 1283893.308542084414512 ], [ 296883.492074768641032, 1283893.703224294586107 ], [ 296883.291518046986312, 1283863.058964559109882 ], [ 296852.861762675805949, 1283863.258129999507219 ], [ 296852.807452980836388, 1283854.960946636507288 ], [ 296852.66045647644205, 1283832.503237168770283 ], [ 296883.09024204290472, 1283832.304076235275716 ], [ 296882.223923211917281, 1283766.593250800389796 ], [ 296852.257858353317715, 1283770.993453126167879 ], [ 296852.057290492579341, 1283740.349191001383588 ], [ 296700.671317685802933, 1283741.340375611325726 ], [ 296701.34308753896039, 1283777.292003482114524 ], [ 296609.833886945969425, 1283777.670256386045367 ], [ 296610.203618667437695, 1283834.091167445061728 ], [ 296579.773793100262992, 1283834.290596297709271 ], [ 296580.176226710784249, 1283895.689834100427106 ], [ 296610.605991994845681, 1283895.490396238397807 ], [ 296610.807548294542357, 1283926.245326023548841 ], [ 296624.877209245110862, 1283926.153120833216235 ], [ 296641.12821180280298, 1283926.046628213254735 ], [ 296641.329742777510546, 1283956.801554064033553 ], [ 296671.650371739990078, 1283956.602881422499195 ], [ 296671.851877387845889, 1283987.357803270686418 ], [ 296641.53127851546742, 1283987.556480407016352 ], [ 296641.732094042410608, 1284018.200778062222525 ], [ 296589.276756663806736, 1284019.429644306423143 ], [ 296580.116593376384117, 1284019.710957519710064 ], [ 296580.781000495539047, 1283987.954638609662652 ], [ 296549.162464105291292, 1283989.821424582274631 ], [ 296550.585963379242457, 1283957.396319930674508 ], [ 296518.206824368098751, 1283959.710655167233199 ], [ 296515.705856224521995, 1283894.342329213395715 ], [ 296456.187748380354606, 1283899.711156401550397 ], [ 296458.910548567480873, 1283865.839270028984174 ], [ 296425.231928382301703, 1283869.600453233113512 ], [ 296428.2790036436636, 1283835.28389638196677 ], [ 296394.276774073834531, 1283839.600401426665485 ], [ 296397.55471847334411, 1283773.972869464661926 ], [ 296367.561072596115991, 1283774.16963540087454 ], [ 296366.553707477229182, 1283620.616083872970194 ], [ 296396.547501936671324, 1283620.41934016905725 ], [ 296396.345057055295911, 1283589.55375481583178 ], [ 296308.981214847182855, 1283590.126883390825242 ], [ 296275.279048637952656, 1283590.348043744452298 ], [ 296274.608268887270242, 1283554.617610349087045 ], [ 296214.762986745452508, 1283560.099580510286614 ], [ 296214.561097061145119, 1283529.344598595751449 ], [ 296153.809791220584884, 1283529.743452543858439 ], [ 296154.212969437881839, 1283591.142805480631068 ], [ 296123.782835692400113, 1283591.342644273303449 ], [ 296120.766539657139219, 1283630.305713104084134 ], [ 296093.664512511808425, 1283622.407427019905299 ], [ 296098.461943275528029, 1283655.344927557045594 ], [ 296124.186819820082746, 1283652.852637807605788 ], [ 296124.388819047249854, 1283683.607635354623199 ], [ 296092.426001559128053, 1283682.932512278202921 ], [ 296094.269146995269693, 1283714.451174201676622 ], [ 296124.590096408384852, 1283714.252003952628002 ], [ 296125.191776860738173, 1283805.853224401827902 ], [ 296125.398160106444266, 1283837.272001575911418 ], [ 296155.391781594429631, 1283837.074991995235905 ], [ 296186.148872554709669, 1283836.872997769154608 ], [ 296186.026543449028395, 1283868.072656098287553 ], [ 296246.665204298391473, 1283867.231959888711572 ], [ 296245.875830404518638, 1283929.745468716835603 ], [ 296277.498091778485104, 1283928.431527843000367 ], [ 296276.509685441444162, 1283960.632566017098725 ], [ 296308.020665769930929, 1283958.98747924901545 ], [ 296308.257387416844722, 1283995.052666772389784 ], [ 296308.423677404818591, 1284020.38680198835209 ], [ 296332.636545112880412, 1284020.227879759157076 ], [ 296369.173975242767483, 1284019.988100497284904 ], [ 296366.558928551501594, 1284053.638040946563706 ], [ 296429.689743471273687, 1284050.347338943509385 ], [ 296426.843045727349818, 1284115.197605085093528 ], [ 296460.522845791885629, 1284111.657640120945871 ], [ 296457.03954853117466, 1284145.977060174336657 ], [ 296491.044335334096104, 1284142.103089267853647 ], [ 296491.320787195116282, 1284184.252861723303795 ], [ 296491.44776939728763, 1284203.612993782851845 ], [ 296517.761025412124582, 1284207.755145013099536 ], [ 296522.078940190491267, 1284234.168370233150199 ], [ 296548.281645720941015, 1284238.089999398915097 ], [ 296552.600259442289826, 1284264.613853967515752 ], [ 296572.571664946386591, 1284266.363679589470848 ], [ 296643.343139177595731, 1284264.018953673774377 ], [ 296643.545447626733221, 1284294.884514561854303 ], [ 296734.328786390018649, 1284300.48510191612877 ], [ 296734.488970445585437, 1284324.934156045084819 ], [ 296768.208378271840047, 1284327.479099597316235 ], [ 296765.010698043508455, 1284355.490433080354705 ], [ 296800.353729717084207, 1284356.143992805853486 ], [ 296795.943265178357251, 1284382.171852556290105 ], [ 296840.135048312135041, 1284384.980171234114096 ], [ 296850.501332538202405, 1284385.686724273487926 ], [ 296946.635714747011662, 1284392.359180893516168 ], [ 296947.225487105664797, 1284415.809693965362385 ], [ 297099.017469223123044, 1284410.723072427324951 ], [ 297098.917478378571104, 1284445.462724065640941 ], [ 297159.666702084476128, 1284445.065441003534943 ], [ 297159.867802571505308, 1284475.820299518760294 ], [ 297311.249841650133021, 1284474.830797434551641 ], [ 297311.048891451675445, 1284444.075961298542097 ], [ 297341.478007023688406, 1284443.877156614791602 ], [ 297341.076181286131032, 1284382.36749488953501 ], [ 297371.396287674200721, 1284382.169441455276683 ], [ 297372.097558981040493, 1284355.944700619671494 ], [ 297613.32080635544844, 1284349.944767196429893 ], [ 297613.520719947176985, 1284380.588928295997903 ], [ 297795.337757912231609, 1284380.288392628310248 ], [ 297795.533169990754686, 1284410.268755687400699 ], [ 297849.576675015152432, 1284401.840310996165499 ], [ 297857.35372996685328, 1284440.400660316459835 ], [ 297886.910969545948319, 1284440.318705558544025 ], [ 297888.909334828960709, 1284562.887381849810481 ], [ 297917.595380917889997, 1284563.032380571123213 ], [ 297920.465487685636617, 1284685.48473477223888 ], [ 297948.825665863696486, 1284685.853133748052642 ], [ 297949.075031111482531, 1284724.130624100798741 ], [ 297949.431073968997225, 1284778.781146430410445 ], [ 297949.487292628502473, 1284787.410176442936063 ], [ 297950.027154875220731, 1284870.270992208039388 ], [ 297975.773249656544067, 1284871.209587058052421 ], [ 297979.78432640817482, 1284900.943807577248663 ], [ 298010.974891153397039, 1284900.519359642406926 ], [ 298011.375554354279302, 1284962.028842703672126 ], [ 298041.694992164964788, 1284961.831356771290302 ], [ 298041.895300749922171, 1284992.586094638798386 ], [ 298007.002469415194355, 1284993.919710042187944 ], [ 298014.019222643226385, 1285049.743800690863281 ], [ 298013.177331383689307, 1285238.600285575957969 ], [ 297982.749098230327945, 1285238.798552032792941 ], [ 297983.349625896371435, 1285330.952179734129459 ], [ 298013.777768474479672, 1285330.753899850184098 ], [ 298014.177843177283648, 1285392.152769154170528 ], [ 298044.49685978150228, 1285391.955220785457641 ], [ 298044.697955307376105, 1285422.820594626478851 ], [ 298105.008731635054573, 1285422.42770908260718 ], [ 298105.40865490725264, 1285483.826554909581318 ], [ 298166.155537475482561, 1285483.430928453570232 ], [ 298166.355085731367581, 1285514.07502897339873 ], [ 298196.783020663424395, 1285513.876900957664475 ], [ 298196.983984103542753, 1285544.742254579439759 ], [ 298287.61330808524508, 1285544.152295198524371 ], [ 298287.812745908217039, 1285574.796379011124372 ], [ 298408.869784574373625, 1285574.008742857258767 ], [ 298408.670466604991816, 1285543.364676777040586 ], [ 298469.417140492703766, 1285542.969626837875694 ], [ 298468.018151640484575, 1285327.797470995457843 ], [ 298437.699136390874628, 1285327.994595271535218 ], [ 298438.487369170761667, 1285264.707370336633176 ], [ 298406.871060656791087, 1285266.683078486705199 ], [ 298406.721427156182472, 1285243.672375723486766 ], [ 298406.47180407482665, 1285205.284328997600824 ], [ 298370.738428314798512, 1285211.490892929723486 ], [ 298376.389615225722082, 1285174.834593681618571 ], [ 298345.960655094182584, 1285174.921865419950336 ], [ 298345.760619001172017, 1285144.167168938787654 ], [ 298312.060485860274639, 1285144.386378610972315 ], [ 298311.896554503822699, 1285052.119439772330225 ], [ 298345.161258557927795, 1285052.013711069710553 ], [ 298344.961241341894493, 1285021.259016704978421 ], [ 298311.69722386309877, 1285021.475368932355195 ], [ 298311.170228809467517, 1284806.297442997340113 ], [ 298343.562691806000657, 1284806.197427756618708 ], [ 298343.362712343921885, 1284775.442737609613687 ], [ 298310.970936656580307, 1284775.653376502217725 ], [ 298310.687044498627074, 1284664.911516722757369 ], [ 298310.21862309135031, 1284542.554393145954236 ], [ 298309.735968929599039, 1284468.322749603539705 ], [ 298341.364615864411462, 1284468.11712212418206 ], [ 298337.910469984286465, 1284372.995166490785778 ], [ 298371.193873173382599, 1284375.655286867870018 ], [ 298368.030548733833712, 1284342.04341041482985 ], [ 298431.30748405813938, 1284344.619310794631019 ], [ 298429.567447877838276, 1284278.250831356737763 ], [ 298461.228608422912657, 1284283.023628963623196 ], [ 298461.084163376595825, 1284260.787343553267419 ], [ 298521.768678234075196, 1284250.436242160620168 ], [ 298521.578303442103788, 1284221.119755535619333 ], [ 298582.77241236390546, 1284222.050033922540024 ], [ 298581.492698025656864, 1284159.329499220242724 ], [ 298611.92189967748709, 1284159.131984340026975 ], [ 298611.721571825328283, 1284128.266717165242881 ], [ 298679.151216234720778, 1284132.033197533106431 ], [ 298672.272130166704301, 1284097.228492300026119 ], [ 298732.58529643563088, 1284096.837226491421461 ], [ 298733.233241347130388, 1284129.469695646781474 ], [ 298793.525523098418489, 1284125.870323776267469 ], [ 298793.334706777357496, 1284096.443249217001721 ], [ 298854.08409949002089, 1284096.049391036387533 ], [ 298853.884739815839566, 1284065.294788696104661 ], [ 298892.602963722951245, 1284065.043833795003593 ], [ 298914.197913663461804, 1284064.903885597595945 ], [ 298913.560205869027413, 1284033.820235572289675 ], [ 298944.427892628358677, 1284033.952122931368649 ], [ 298948.193942017504014, 1283975.513680659700185 ], [ 298974.35035790828988, 1283972.357151090633124 ], [ 298974.151137200766243, 1283941.602568645728752 ], [ 299004.471427173935808, 1283941.406178316334262 ], [ 298999.342780958395451, 1283907.364548536483198 ], [ 299034.701622799620964, 1283910.454538322519511 ], [ 299034.309056253754534, 1283849.830417497316375 ], [ 299034.10490022553131, 1283818.301450363360345 ], [ 299054.936543400632218, 1283818.166570158908144 ], [ 299094.418500163068529, 1283817.910971745615825 ], [ 299094.036820588691626, 1283758.94629024178721 ], [ 299093.423877959372476, 1283664.248794564278796 ], [ 299123.853487669199239, 1283664.051856794161722 ], [ 299122.660849747015163, 1283479.745790656423196 ], [ 299164.625292529992294, 1283475.380885625723749 ], [ 299183.302283132565208, 1283479.353469151537865 ], [ 299183.065422203741036, 1283442.735650121467188 ], [ 299182.70549222943373, 1283387.089841993292794 ], [ 299216.423128252732567, 1283389.305685517378151 ], [ 299212.936469493084587, 1283356.13849678914994 ], [ 299247.036754403088707, 1283350.054471228271723 ], [ 299242.334252997883596, 1283263.791577244410291 ], [ 299209.84127576573519, 1283265.439900626661256 ], [ 299204.615965884062462, 1283233.279647146817297 ], [ 299184.64504371653311, 1283231.638677943032235 ], [ 299179.122551584034227, 1283204.126909736776724 ], [ 299120.87077837518882, 1283203.065471363486722 ], [ 299123.06846829992719, 1283171.852890611160547 ], [ 299086.556310970219783, 1283176.071876079309732 ], [ 299059.92142082034843, 1283172.814609311986715 ], [ 299059.659820493194275, 1283199.810639836126938 ], [ 298817.8787800000282, 1283205.02704495145008 ], [ 298817.680243412556592, 1283174.383081525331363 ], [ 298757.038103887229227, 1283174.776025373954326 ], [ 298756.838795124960598, 1283144.02142556826584 ], [ 298717.246845948742703, 1283144.278028018306941 ], [ 298605.342287985840812, 1283145.003574392525479 ], [ 298604.943384128913749, 1283083.494331864640117 ], [ 298574.513126621488482, 1283083.691690458217636 ], [ 298574.314369120518677, 1283053.047693658620119 ], [ 298544.429422913002782, 1283053.241540046408772 ], [ 298544.030427707592025, 1282991.732282972196117 ], [ 298513.600071018794551, 1282991.929687352385372 ], [ 298513.201752015796956, 1282930.531051598954946 ], [ 298482.880400261899922, 1282930.727769238874316 ], [ 298482.082980934355874, 1282807.819858148926869 ], [ 298451.652434604940936, 1282808.017295336583629 ], [ 298451.053790827048942, 1282715.753382981056347 ], [ 298481.484427663963288, 1282715.555959208169952 ], [ 298481.285636995104142, 1282684.911955463932827 ], [ 298511.606511490012053, 1282684.60464527644217 ], [ 298511.208286640816368, 1282623.206020092591643 ], [ 298480.8866344896378, 1282623.402693214127794 ], [ 298479.889928359654732, 1282469.740175000391901 ], [ 298510.211730682814959, 1282469.543524138629436 ], [ 298509.215292545210104, 1282315.881041383370757 ], [ 298539.646312356926501, 1282315.683735272847116 ], [ 298539.247543487232178, 1282254.1745035557542 ], [ 298569.13325943693053, 1282253.980771221220493 ], [ 298568.535947407362983, 1282161.827568870736286 ], [ 298598.96710913075367, 1282161.630344239529222 ], [ 298598.36921294091735, 1282069.366531957639381 ], [ 298628.691388157196343, 1282069.170057260897011 ], [ 298628.492845658329315, 1282038.526086728321388 ], [ 298684.329447865136899, 1282036.836783471982926 ], [ 298698.247167167603038, 1281945.806599946925417 ], [ 298718.643809710396454, 1281945.674513769801706 ], [ 298722.199036156293005, 1281854.600836221128702 ], [ 298748.478529709740542, 1281853.324362447252497 ], [ 298749.606849544565193, 1281774.878537460695952 ], [ 298778.203678690071683, 1281760.864350507734343 ], [ 298778.013925204402767, 1281731.547942827222869 ], [ 298777.607938735629432, 1281668.821894800057635 ], [ 298811.325369638158008, 1281670.705705227563158 ], [ 298807.333438143192325, 1281576.361961989430711 ], [ 298870.169469598913565, 1281577.393649972043931 ], [ 298867.689874871517532, 1281514.459784799488261 ], [ 298903.490595141542144, 1281517.989732665708289 ], [ 298897.288239004497882, 1281452.867303272010759 ], [ 298927.720045163412578, 1281452.670508018694818 ], [ 298926.726482969126664, 1281299.008423340739682 ], [ 298957.04936017311411, 1281298.812385322060436 ], [ 298956.850548820220865, 1281268.057848835596815 ], [ 299047.60109399544308, 1281267.471335313981399 ], [ 299047.204379921080545, 1281206.072918341029435 ], [ 299077.526614924136084, 1281205.766384072601795 ], [ 299077.129979583725799, 1281144.367978068999946 ], [ 299139.091322140302509, 1281144.963468394475058 ], [ 299137.487850601784885, 1281082.4665534181986 ], [ 299172.410659031069372, 1281085.11749517545104 ], [ 299166.819540839816909, 1280928.719505813438445 ], [ 299197.251819237775635, 1280928.52305369451642 ], [ 299197.053304487490095, 1280897.768559113144875 ], [ 299227.049303198466077, 1280897.574957076692954 ], [ 299226.256123898667283, 1280774.667629190487787 ], [ 299256.579467304632999, 1280774.471962310140952 ], [ 299255.984900515293702, 1280682.319142159074545 ], [ 299286.417406532447785, 1280682.122814543079585 ], [ 299286.020636562083382, 1280620.613860902376473 ], [ 299316.344121124595404, 1280620.418275491567329 ], [ 299315.948143436748069, 1280559.019960445584729 ], [ 299346.380761025007814, 1280558.823710130993277 ], [ 299345.785849862440955, 1280466.560313461581245 ], [ 299372.728064322494902, 1280466.386608841363341 ], [ 299372.37204787513474, 1280343.476584778865799 ], [ 299405.313666385249235, 1280343.264252451248467 ], [ 299404.880164431408048, 1280276.002714404836297 ], [ 299404.719745886046439, 1280251.111520886886865 ], [ 299433.833729117002804, 1280249.37505329051055 ], [ 299434.84540096076671, 1280220.161659250501543 ], [ 299463.960123324301094, 1280218.53585208253935 ], [ 299465.080907801748253, 1280189.321761363418773 ], [ 299494.19708150671795, 1280187.917242135154083 ], [ 299495.20597094448749, 1280158.261350333224982 ], [ 299522.693826296483167, 1280158.084303734824061 ], [ 299585.959511516615748, 1280157.676907880697399 ], [ 299585.762215979280882, 1280127.033111501950771 ], [ 299616.086136541212909, 1280126.837892517680302 ], [ 299615.689482905552723, 1280065.218427971936762 ], [ 299646.123250228236429, 1280065.133172782603651 ], [ 299645.928876526188105, 1280034.931896369671449 ], [ 299645.728099651751108, 1280003.734974029008299 ], [ 299677.361082237272058, 1280003.531409285729751 ], [ 299706.048920940200333, 1280003.34682495216839 ], [ 299705.866002801107243, 1279974.915595812955871 ], [ 299705.455341274326202, 1279911.083616110729054 ], [ 299735.779454262403306, 1279910.88854621979408 ], [ 299735.58163375093136, 1279880.134148777695373 ], [ 299797.655766449926887, 1279880.951888553565368 ], [ 299796.141941800713539, 1279849.099644408561289 ], [ 299827.78359274729155, 1279850.223784100729972 ], [ 299825.98203244805336, 1279756.640823211055249 ], [ 299886.303278778097592, 1279756.253097333945334 ], [ 299886.105631547980011, 1279725.498724651057273 ], [ 299916.429898173897527, 1279725.303858637576923 ], [ 299916.232285620586481, 1279694.549490882083774 ], [ 299946.665658069658093, 1279694.353958082385361 ], [ 299946.27121790201636, 1279632.955860279267654 ], [ 299976.595565676572733, 1279632.761066769016907 ], [ 299976.200493506970815, 1279571.252352713840082 ], [ 300011.556811878690496, 1279573.237918052822351 ], [ 300006.239694617106579, 1279509.658821191638708 ], [ 300050.308331239968538, 1279509.375861493172124 ], [ 300066.561365667614155, 1279509.271518355701119 ], [ 300070.095410400244873, 1279482.033436360536143 ], [ 300096.688415884796996, 1279478.322523069567978 ], [ 300099.893831492459867, 1279450.865295697934926 ], [ 300126.924607331282459, 1279447.372866668039933 ], [ 300126.786880427855067, 1279425.911210447084159 ], [ 300126.530600866768509, 1279385.974830243736506 ], [ 300158.502026210131589, 1279387.429157346719876 ], [ 300156.657840928179212, 1279355.025922794127837 ], [ 300188.299209050484933, 1279356.039876478724182 ], [ 300186.894222640898079, 1279324.07635456812568 ], [ 300219.707129188580438, 1279320.657566187204793 ], [ 300216.585967170423828, 1279293.240950628882274 ], [ 300244.064556118973996, 1279291.515880475286394 ], [ 300246.62525645934511, 1279231.537148881237954 ], [ 300275.745087243965827, 1279230.576012230943888 ], [ 300276.161974947666749, 1279108.436113175703213 ], [ 300306.595866103365552, 1279108.241020417073742 ], [ 300306.398736769275274, 1279077.486720709362999 ], [ 300336.723571504233405, 1279077.29236123431474 ], [ 300336.133010418736376, 1278985.140105426311493 ], [ 300366.1306832798291, 1278984.947885523550212 ], [ 300365.539544247090816, 1278892.685020595323294 ], [ 300395.864550020720344, 1278892.490746387979016 ], [ 300395.471249285212252, 1278831.092808186542243 ], [ 300426.341725301812403, 1278830.895079164300114 ], [ 300423.678964114515111, 1278738.756149025866762 ], [ 300455.640359866723884, 1278738.551477188710123 ], [ 300455.443436228553765, 1278707.79720582277514 ], [ 300423.046383846318349, 1278708.115294236922637 ], [ 300421.016941061243415, 1278646.72784883226268 ], [ 300455.049602974322625, 1278646.288664710940793 ], [ 300454.459596413711552, 1278554.136483871378005 ], [ 300424.134270026814193, 1278554.330650363350287 ], [ 300423.01755942334421, 1278124.313542356714606 ], [ 300390.945026568719186, 1278124.297595336567611 ], [ 300390.3550780788064, 1278032.1454148797784 ], [ 300420.790003395988606, 1278031.950595500646159 ], [ 300419.80652729794383, 1277878.289909530663863 ], [ 300480.567578875459731, 1277877.901102208765224 ], [ 300480.370816063310485, 1277847.146850048564374 ], [ 300635.182692829577718, 1277849.033186768414453 ], [ 300631.586728908645455, 1277815.534907857421786 ], [ 300668.239752712310292, 1277815.300613155588508 ], [ 300691.911493869731203, 1277815.149320751894265 ], [ 300691.742521958891302, 1277788.70954139623791 ], [ 300691.518409726850223, 1277753.640880693681538 ], [ 300722.391321659320965, 1277753.664862441364676 ], [ 300721.560556340904441, 1277691.937968088546768 ], [ 300751.88667727750726, 1277691.744220038177446 ], [ 300751.493750464520417, 1277630.23580189421773 ], [ 300781.929013929504436, 1277630.041395439067855 ], [ 300781.53687242482556, 1277568.643614857923239 ], [ 300811.863104315241799, 1277568.449943575076759 ], [ 300811.470334775513038, 1277506.941547298338264 ], [ 300871.795643255580217, 1277506.55640001129359 ], [ 300871.600031208712608, 1277475.912838005227968 ], [ 300932.361731523822527, 1277475.525031720753759 ], [ 300932.164771994051989, 1277444.660225945757702 ], [ 300962.600189482909627, 1277444.466023665154353 ], [ 300962.404676431207918, 1277413.822475907159969 ], [ 300992.731031851784792, 1277413.629003651672974 ], [ 300992.534847565926611, 1277382.874834297923371 ], [ 301022.533965514798183, 1277382.683483270229772 ], [ 301022.338521069439594, 1277352.039945301832631 ], [ 301052.774015438742936, 1277351.845844905823469 ], [ 301052.381789444305468, 1277290.337526365416124 ], [ 301113.034709235420451, 1277289.950823236024007 ], [ 301112.643326786754187, 1277228.553150857100263 ], [ 301173.405436922446825, 1277228.165888199117035 ], [ 301173.208755106315948, 1277197.301121995551512 ], [ 301203.20802485931199, 1277197.109972151229158 ], [ 301203.012787089915946, 1277166.466463612625375 ], [ 301263.774991147452965, 1277166.079395559150726 ], [ 301263.579113163403235, 1277135.325269973138347 ], [ 301293.905694441869855, 1277135.132132123922929 ], [ 301294.101542496180627, 1277165.886253314092755 ], [ 301415.298616329557262, 1277165.114673749776557 ], [ 301415.435910639702342, 1277186.68679711362347 ], [ 301536.581442689697724, 1277194.987719821976498 ], [ 301536.386532753997017, 1277164.344259411795065 ], [ 301566.713045163138304, 1277164.151382471667603 ], [ 301562.848742939298972, 1277071.135566833196208 ], [ 301596.562008423847146, 1277071.69561110669747 ], [ 301589.311153724207543, 1276977.926926280604675 ], [ 301626.302803767495789, 1276979.351220229640603 ], [ 301626.107312583946623, 1276948.597150475950912 ], [ 301656.543110248167068, 1276948.40369956381619 ], [ 301656.152904939895961, 1276887.006196618080139 ], [ 301686.043312855996192, 1276886.816250127973035 ], [ 301685.652482025441714, 1276825.308131796307862 ], [ 301716.088391066004988, 1276825.114757389063016 ], [ 301711.466277492931113, 1276698.582764447666705 ], [ 301745.634542990999762, 1276702.016536534531042 ], [ 301745.352791575132869, 1276657.655482615809888 ], [ 301744.853953664307483, 1276579.110975896008313 ], [ 301775.290094027121086, 1276578.917695998214185 ], [ 301774.509698847075924, 1276456.012161356396973 ], [ 301804.836864291050006, 1276455.819621296366677 ], [ 301804.056662805494852, 1276332.914112646365538 ], [ 301773.729377821902744, 1276333.106635181931779 ], [ 301773.338893971173093, 1276271.598562236176804 ], [ 301833.66630581492791, 1276271.215641209622845 ], [ 301833.517861238564365, 1276179.061418754747137 ], [ 301863.408921215799637, 1276178.871745952405035 ], [ 301862.824242054077331, 1276086.720310534583405 ], [ 301893.260143143124878, 1276086.416593202855438 ], [ 301892.870674078701995, 1276025.019189683720469 ], [ 301927.789925347897224, 1276026.346532580442727 ], [ 301923.003893717657775, 1275994.183445068076253 ], [ 301948.848890513530932, 1275992.470718004275113 ], [ 301957.641548554995097, 1275933.891501544276252 ], [ 301983.378202169435099, 1275932.290128655731678 ], [ 301978.591529390309006, 1275900.016415145713836 ], [ 302013.183623492484912, 1275901.345949071692303 ], [ 302012.989384184824303, 1275870.702580602606758 ], [ 302043.317082823661622, 1275870.51035923906602 ], [ 302042.927275451598689, 1275809.002380886580795 ], [ 302073.364122185157612, 1275808.80950651364401 ], [ 302073.169255459564738, 1275778.055522538954392 ], [ 302103.497035114676692, 1275777.863373387604952 ], [ 302103.051310739363544, 1275707.505350064951926 ], [ 275258.801195219275542, 1275412.21413799514994 ], [ 275304.350950351799838, 1275874.167187613202259 ] ] ], [ [ [ 296692.422804840549361, 1282481.385031939484179 ], [ 296722.417650737043004, 1282481.188775109825656 ], [ 296722.015230372780934, 1282419.679001507116482 ], [ 296752.337348508473951, 1282419.480642155045643 ], [ 296751.935730915574823, 1282358.081508738687262 ], [ 296721.613552781112958, 1282358.279859118629247 ], [ 296721.21117047482403, 1282296.770089730620384 ], [ 296539.713939671812113, 1282297.95790368062444 ], [ 296539.915308322000783, 1282328.712815005797893 ], [ 296479.16175279696472, 1282329.11066474346444 ], [ 296479.363186426518951, 1282359.86558565008454 ], [ 296418.609673269675113, 1282360.263563349843025 ], [ 296418.811171880690381, 1282391.018493760377169 ], [ 296388.488975085318089, 1282391.217174359131604 ], [ 296388.891321756644174, 1282452.616416560253128 ], [ 296328.574252219870687, 1282453.01173969800584 ], [ 296328.977462474722415, 1282514.521631143055856 ], [ 296359.299548018898349, 1282514.322873606812209 ], [ 296359.701992100686766, 1282575.722128885798156 ], [ 296420.018813836504705, 1282575.32682890468277 ], [ 296419.817286647798028, 1282544.57189533370547 ], [ 296541.323573364410549, 1282543.775950820650905 ], [ 296541.524980106740259, 1282574.530866359826177 ], [ 296662.594787692883983, 1282573.738235152093694 ], [ 296662.192943025380373, 1282512.339069597423077 ], [ 296692.624051896680612, 1282512.139923978596926 ], [ 296692.422804840549361, 1282481.385031939484179 ] ] ], [ [ [ 289997.827292218513321, 1282741.103168725501746 ], [ 290054.011375496862456, 1282742.272331489715725 ], [ 290057.156035473395605, 1282771.791363677941263 ], [ 290123.28453840711154, 1282775.659377525793388 ], [ 290118.900502093019895, 1282740.284922947641462 ], [ 290212.17897207592614, 1282742.531423177802935 ], [ 290240.813368470524438, 1282734.593422495992854 ], [ 290239.765217814943753, 1282708.600649992004037 ], [ 290271.860146233346313, 1282712.36690818099305 ], [ 290269.990241021674592, 1282677.749951222678646 ], [ 290331.554115611244924, 1282684.083280575927347 ], [ 290330.53746914176736, 1282646.583995260763913 ], [ 290269.782606817432679, 1282646.994089788990095 ], [ 290269.574977526091971, 1282616.238228879403323 ], [ 290174.677965929615311, 1282616.657729777507484 ], [ 290087.746401256590616, 1282617.466250558383763 ], [ 290087.954210818221327, 1282648.22213928680867 ], [ 290057.958508809329942, 1282648.424829347059131 ], [ 290057.750669509056024, 1282617.6689360269811 ], [ 290027.318631610949524, 1282617.874599287286401 ], [ 290027.734375472762622, 1282679.386395769426599 ], [ 289997.411468552658334, 1282679.591360863763839 ], [ 289997.618630041717552, 1282710.236631784820929 ], [ 289967.295748496660963, 1282710.441631147172302 ], [ 289967.088557051087264, 1282679.796355599304661 ], [ 289936.656565695360769, 1282680.002117527415976 ], [ 289936.863787205191329, 1282710.647397719323635 ], [ 289876.545226683956571, 1282711.055331523763016 ], [ 289876.753261004108936, 1282741.811254259897396 ], [ 289815.999190349481069, 1282742.332899487810209 ], [ 289816.414645688026212, 1282803.73413231712766 ], [ 289937.487725508399308, 1282802.915139793651178 ], [ 289937.279741153353825, 1282772.15922523336485 ], [ 289998.034463510673959, 1282771.748440689407289 ], [ 289997.827292218513321, 1282741.103168725501746 ] ] ], [ [ [ 302511.213236046547536, 1277987.885459722951055 ], [ 302511.454797323967796, 1277957.128514659125358 ], [ 302571.778622411889955, 1277956.746524008689448 ], [ 302571.584611265163403, 1277926.10330927814357 ], [ 302632.345036612940021, 1277925.718681036029011 ], [ 302631.955745967454277, 1277864.210797999287024 ], [ 302662.281415024830494, 1277864.018882568925619 ], [ 302661.892902065417729, 1277802.621525400551036 ], [ 302691.891370619414374, 1277802.431718671927229 ], [ 302690.724023069895338, 1277617.908251262037084 ], [ 302721.049813940771855, 1277617.716430156724527 ], [ 302719.88351128238719, 1277433.303522969596088 ], [ 302538.036165730969515, 1277434.45404831902124 ], [ 302537.842202931293286, 1277403.81083820364438 ], [ 302507.952415130625013, 1277404.000044140499085 ], [ 302507.321377385931555, 1277373.248634916497394 ], [ 302477.322468860249501, 1277373.438556316774338 ], [ 302477.128455931087956, 1277342.795338593656197 ], [ 302416.366848595906049, 1277343.180096222786233 ], [ 302416.171378599363379, 1277312.315508123720065 ], [ 302264.758299459470436, 1277313.274785652989522 ], [ 302265.148141047451645, 1277374.782643860438839 ], [ 302234.712959296652116, 1277374.975563840707764 ], [ 302234.907918833428994, 1277405.729774706065655 ], [ 302113.821354301180691, 1277406.497620469424874 ], [ 302114.015734148444608, 1277437.140891504241154 ], [ 302083.68956858839374, 1277437.333276873687282 ], [ 302083.885387302609161, 1277468.197915325406939 ], [ 302053.450160617940128, 1277468.391026817262173 ], [ 302054.034927834698465, 1277560.542565366718918 ], [ 302023.708982442098204, 1277560.73502670484595 ], [ 302024.098674961016513, 1277622.132337415358052 ], [ 302054.424560583080165, 1277621.939867335138842 ], [ 302055.985385752283037, 1277867.861416745698079 ], [ 302086.420222126878798, 1277867.668248179368675 ], [ 302086.615403840434738, 1277898.422268079128116 ], [ 302116.941120499861427, 1277898.229817077517509 ], [ 302117.136276902398095, 1277928.983833125559613 ], [ 302177.460490998229943, 1277928.601086326874793 ], [ 302178.091230174701195, 1277959.241589520825073 ], [ 302268.849760824057739, 1277958.665949802612886 ], [ 302269.044778250157833, 1277989.420166298747063 ], [ 302329.805170014151372, 1277989.034929544664919 ], [ 302330.000129962223582, 1278019.788805942982435 ], [ 302481.409729876322672, 1278018.829322071978822 ], [ 302481.214919455582276, 1277988.075467495247722 ], [ 302511.213236046547536, 1277987.885459722951055 ] ] ], [ [ [ 298744.148633695265744, 1295861.497576123801991 ], [ 299895.381509208644275, 1295895.690693121403456 ], [ 300098.178141512034927, 1295477.285364612005651 ], [ 298699.49694026610814, 1295319.574449688661844 ], [ 298166.968201321957167, 1295615.027755837654695 ], [ 298744.148633695265744, 1295861.497576123801991 ] ] ], [ [ [ 304703.337598639307544, 1295656.230367422569543 ], [ 304246.977280214428902, 1294991.698937825160101 ], [ 303096.00821593159344, 1294999.044871686957777 ], [ 302608.830149644636549, 1295961.562829074449837 ], [ 301378.381822183378972, 1296386.683077313005924 ], [ 301175.847106720728334, 1296846.785109526710585 ], [ 301794.342586383630987, 1297134.856274891877547 ], [ 302369.737033782585058, 1297131.147888795472682 ], [ 303515.827850829926319, 1296372.940954185789451 ], [ 304419.345960997277871, 1296242.053708069259301 ], [ 304587.460970118874684, 1296824.891376999672502 ], [ 303518.228379062609747, 1296748.296525962883607 ], [ 303727.726351913413964, 1297372.685614771675318 ], [ 304549.812850538408384, 1297367.441351191839203 ], [ 305330.533150577568449, 1297320.773836301174015 ], [ 305324.18873148097191, 1296319.723251102259383 ], [ 305321.810381987248547, 1295944.260287741897628 ], [ 304703.337598639307544, 1295656.230367422569543 ] ] ] ] } },
{ "type": "Feature", "properties": { "ADM0_EN": "Djibouti", "ADM0_PCODE": "DJ", "ADM1_EN": "Obock", "ADM1_PCODE": "DJ01", "ADM1_AR": "إقليم أوبوخ", "ADM2_EN": "Adailou", "ADM2_PCODE": "DJ0111", "x": 9 }, "geometry": { "type": "MultiPolygon", "coordinates": [ [ [ [ 257898.645704790513264, 1355412.898554750951007 ], [ 279166.129989242122974, 1361856.391071191290393 ], [ 288749.280475480831228, 1346291.996505917515606 ], [ 288588.047320434940048, 1336678.557883480098099 ], [ 278353.303458778478671, 1329563.197424965910614 ], [ 274915.19777257181704, 1336692.64914085669443 ], [ 269508.457930939854123, 1342657.120525354053825 ], [ 268404.433321593562141, 1345722.845152564579621 ], [ 257898.645704790513264, 1355412.898554750951007 ] ] ] ] } },
{ "type": "Feature", "properties": { "ADM0_EN": "Djibouti", "ADM0_PCODE": "DJ", "ADM1_EN": "Obock", "ADM1_PCODE": "DJ01", "ADM1_AR": "إقليم أوبوخ", "ADM2_EN": "Dadda'to", "ADM2_PCODE": "DJ0112", "x": 10 }, "geometry": { "type": "MultiPolygon", "coordinates": [ [ [ [ 279166.129989242122974, 1361856.391071191290393 ], [ 257898.645704790513264, 1355412.898554750951007 ], [ 247520.188489228836261, 1364801.510720513295382 ], [ 247515.436178810195997, 1364820.298415759578347 ], [ 249640.366521441465011, 1367356.945452713640407 ], [ 249730.285140848485753, 1367291.647747338283807 ], [ 249800.531344038085081, 1367240.602074543945491 ], [ 249848.941003173065837, 1367205.468546165619045 ], [ 249881.085859728162177, 1367182.139394802739844 ], [ 249944.340188037022017, 1367136.220773705746979 ], [ 249990.834340863279067, 1367102.398744663456455 ], [ 250247.575627275655279, 1367136.825826096581295 ], [ 250315.993317299784394, 1367274.136725586373359 ], [ 250316.210263140819734, 1367409.287226848769933 ], [ 250316.254113305185456, 1367440.065706461202353 ], [ 250316.262106443929952, 1367445.687137051485479 ], [ 250169.770650469843531, 1367641.481467060977593 ], [ 250172.32221385059529, 1367645.546610285295174 ], [ 250181.346246680885088, 1367659.869427987607196 ], [ 250206.400798909075093, 1367700.896239219233394 ], [ 250052.08096067578299, 1367848.455886794021353 ], [ 250031.900648487004219, 1367867.664676225744188 ], [ 249852.683239500387572, 1368039.075274317758158 ], [ 249848.252863693196559, 1368043.312678014626727 ], [ 249871.075481831474463, 1368179.946384142618626 ], [ 249906.044811443134677, 1368389.120156588731334 ], [ 250059.998947689105989, 1368680.851897621061653 ], [ 250077.675572777370689, 1368699.513886803295463 ], [ 250210.213471669063438, 1368839.686510783620179 ], [ 250210.985983060847502, 1368840.504144439008087 ], [ 250358.200708730553742, 1368996.57700802013278 ], [ 250367.858459326147567, 1369006.891850325046107 ], [ 251001.392637500306591, 1369372.5389642897062 ], [ 251005.433781381434528, 1369374.8536262717098 ], [ 251013.267406438011676, 1369379.297165390104055 ], [ 251032.261587780230911, 1369390.184313672594726 ], [ 251052.298887661308981, 1369401.760637792758644 ], [ 251141.081765066337539, 1369490.86902028392069 ], [ 251225.790375273936661, 1369575.796618452761322 ], [ 251377.54601310758153, 1369727.880086937220767 ], [ 251378.174976124020759, 1369729.371731848223135 ], [ 251381.458147935278248, 1369737.15746111352928 ], [ 251406.333090468135197, 1369796.097039029467851 ], [ 251480.016374603408622, 1369968.134408625541255 ], [ 251685.275317205261672, 1370191.289771189913154 ], [ 251907.765224779956043, 1370294.402476540766656 ], [ 251922.9687721983355, 1370293.832296242238954 ], [ 252094.893380137713393, 1370287.715827116044238 ], [ 252125.577054375462467, 1370286.659411667846143 ], [ 252150.463644026429392, 1370285.785550505388528 ], [ 252188.614007664931705, 1370284.449534293962643 ], [ 252281.970858794229571, 1370281.138067844556645 ], [ 252335.47864272078732, 1370279.242903773207217 ], [ 252353.725433091662126, 1370278.612126107793301 ], [ 252386.524220171733759, 1370277.438231884269044 ], [ 252455.212442650081357, 1370244.153344292892143 ], [ 252571.639061612659134, 1370187.697779923444614 ], [ 252723.94825877645053, 1370113.91336811077781 ], [ 252916.814868213055888, 1370020.414815732045099 ], [ 252974.62409318741993, 1370012.122088620672002 ], [ 253036.554118277825182, 1370003.238431363133714 ], [ 253207.31176305358531, 1369883.260529019171372 ], [ 253434.630216122808633, 1369851.927321085240692 ], [ 253703.570724871999118, 1369814.859353095991537 ], [ 253707.824103720718995, 1369817.354034822434187 ], [ 253861.714907860266976, 1369907.550471600145102 ], [ 253908.681165104440879, 1369935.07755452231504 ], [ 254007.429641620372422, 1369963.910721596097574 ], [ 254438.697486831311835, 1370089.83963997499086 ], [ 254541.400714005896589, 1370158.451078788144514 ], [ 254662.473483519512229, 1370172.034293558914214 ], [ 255003.340349471603986, 1370210.233907653251663 ], [ 255192.830194301815936, 1370324.393067907076329 ], [ 255259.856512670405209, 1370364.774661000352353 ], [ 255281.272508424997795, 1370386.242557377321646 ], [ 255465.347826973040355, 1370570.764521344099194 ], [ 255522.99367734088446, 1370711.60047070379369 ], [ 255584.748621383594582, 1370862.472516156965867 ], [ 255577.639618319168221, 1370893.982710001291707 ], [ 255523.086936747364234, 1371135.785968835232779 ], [ 255502.305283561378019, 1371227.896690057124943 ], [ 255499.597264819574775, 1371239.900210000341758 ], [ 255505.919435094605433, 1371318.863125899806619 ], [ 255513.788098364311736, 1371417.304223134182394 ], [ 255533.912175500503508, 1371668.794898705091327 ], [ 255546.810456168430392, 1371678.515599293401465 ], [ 255738.961923234135611, 1371823.270484982989728 ], [ 255846.414161795837572, 1371844.90770696150139 ], [ 255973.101202098303474, 1371870.364739275537431 ], [ 256081.085069617722183, 1371892.142710733925924 ], [ 256121.349375992373098, 1371919.117823227308691 ], [ 256183.245391219417797, 1371960.585539048071951 ], [ 256477.573274052730994, 1372353.83882138133049 ], [ 256645.757948746118927, 1372578.729436466703191 ], [ 256714.134787286951905, 1372716.045388067839667 ], [ 256735.867158676614054, 1372957.404997913166881 ], [ 256741.606410616339417, 1373021.142935333773494 ], [ 256742.442012460640399, 1373029.989105921238661 ], [ 256743.238044816651382, 1373038.449604995083064 ], [ 256748.435653817927232, 1373093.489629970863461 ], [ 256769.570175757398829, 1373120.803190932609141 ], [ 256867.991612919373438, 1373247.955984951695427 ], [ 256898.650095433520619, 1373261.163381839403883 ], [ 256941.175080580986105, 1373279.474072606768459 ], [ 257000.84636896289885, 1373305.154729917878285 ], [ 257227.380499423888978, 1373402.617057948373258 ], [ 257615.001364522060612, 1373411.084969970630482 ], [ 257721.562743035261519, 1373413.465634373947978 ], [ 257865.724613688595127, 1373416.649661767063662 ], [ 258030.369095681497129, 1373420.348596739349887 ], [ 258247.386003900348442, 1373466.248288932954893 ], [ 258303.066259766084841, 1373477.956667036982253 ], [ 258337.16109744674759, 1373485.168678594287485 ], [ 258355.894846520968713, 1373489.112817807355896 ], [ 258578.328613739664434, 1373592.268278360599652 ], [ 259535.884225637768395, 1373730.153226828435436 ], [ 259985.392840381449787, 1373730.52512291399762 ], [ 260172.002211045590229, 1373730.666992217302322 ], [ 260174.434205468249274, 1373730.668425816111267 ], [ 260459.046569575555623, 1373730.835886616026983 ], [ 260664.381496874790173, 1373662.407580106053501 ], [ 261059.10022585268598, 1373648.523730898974463 ], [ 261143.046221569849877, 1373645.617815382545814 ], [ 261253.185391857579816, 1373718.17769042798318 ], [ 261324.042425867373822, 1373764.858681241283193 ], [ 262185.912124622263946, 1374332.658088796306401 ], [ 262459.832874912302941, 1374590.243642607005313 ], [ 262573.485942324041389, 1374841.288925719680265 ], [ 262630.53709046728909, 1374967.75040605594404 ], [ 262631.525989626825321, 1374968.720656289020553 ], [ 263382.936828532256186, 1375706.035962510621175 ], [ 263383.04136610950809, 1376120.54643625789322 ], [ 263383.106252411729656, 1376327.705007896292955 ], [ 263382.939055508642923, 1376666.790815366664901 ], [ 279166.129989242122974, 1361856.391071191290393 ] ] ] ] } },
{ "type": "Feature", "properties": { "ADM0_EN": "Djibouti", "ADM0_PCODE": "DJ", "ADM1_EN": "Obock", "ADM1_PCODE": "DJ01", "ADM1_AR": "إقليم أوبوخ", "ADM2_EN": "Khôr 'Angar", "ADM2_PCODE": "DJ0113", "x": 11 }, "geometry": { "type": "MultiPolygon", "coordinates": [ [ [ [ 288749.280475480831228, 1346291.996505917515606 ], [ 279166.129989242122974, 1361856.391071191290393 ], [ 311995.681482612388209, 1382227.60349750565365 ], [ 312015.395390246063471, 1382227.474647542927414 ], [ 312015.194739650411066, 1382196.773373628268018 ], [ 312045.464899907005019, 1382196.575558704556897 ], [ 312045.264284600794781, 1382165.874068195698783 ], [ 312075.534473151084967, 1382165.676289275987074 ], [ 312075.132632355089299, 1382104.168000349542126 ], [ 312105.402881655842066, 1382103.970261556562036 ], [ 312105.202344217686914, 1382073.268780991435051 ], [ 312135.472621792578138, 1382073.071078198263422 ], [ 312135.272122529975604, 1382042.369823575718328 ], [ 312165.127733970875852, 1382042.174864544533193 ], [ 312164.726121143146884, 1381980.666494183940813 ], [ 312194.996487812546548, 1381980.468867073068395 ], [ 312194.595647774112877, 1381919.066267541144043 ], [ 312224.866075094905682, 1381918.86868053372018 ], [ 312224.665004807175137, 1381888.061791382962838 ], [ 312254.935460529988632, 1381887.864240383030847 ], [ 312254.735115082934499, 1381857.162784320767969 ], [ 312285.005599096650258, 1381856.965269313426688 ], [ 312284.805291815195233, 1381826.264039209345356 ], [ 312314.661106834071688, 1381826.069265383295715 ], [ 312314.460833664692473, 1381795.367707984521985 ], [ 312344.731374291761313, 1381795.170264521613717 ], [ 312344.330221074284054, 1381733.662173871416599 ], [ 312374.600822462583892, 1381733.464770515449345 ], [ 312374.400627846771386, 1381702.763333687093109 ], [ 312404.671257525449619, 1381702.565966317197308 ], [ 312404.471101067669224, 1381671.864755426766351 ], [ 312434.741759035852738, 1381671.66742404201068 ], [ 312434.540950643655378, 1381640.86056827637367 ], [ 312464.811636993777938, 1381640.663272889563814 ], [ 312464.611551814363338, 1381609.961739473277703 ], [ 312494.467566433711909, 1381609.767182250740007 ], [ 312494.26751968532335, 1381579.065985352033749 ], [ 312524.538262669520918, 1381578.868761492427438 ], [ 312524.338251189095899, 1381548.167347990442067 ], [ 312554.608335763099603, 1381547.864731880137697 ], [ 312554.208392065949738, 1381486.462136054877192 ], [ 312584.479224089183845, 1381486.264988267561421 ], [ 312584.07867384707788, 1381424.756642860826105 ], [ 312614.349349189433269, 1381424.559536578599364 ], [ 312614.149458049039822, 1381393.8583595007658 ], [ 312644.005893607623875, 1381393.663985972758383 ], [ 312643.806037286878563, 1381362.962592283030972 ], [ 312674.076986669213511, 1381362.765556096564978 ], [ 312673.876482319203205, 1381331.95896014617756 ], [ 312704.147460099658929, 1381331.76195994601585 ], [ 312703.947677194781136, 1381301.060575575334951 ], [ 312734.218465839105193, 1381300.8636127600912 ], [ 312734.018033714266494, 1381270.056804950814694 ], [ 312764.289068180019967, 1381269.859876703936607 ], [ 312763.89034149760846, 1381208.562887228094041 ], [ 312794.16143646358978, 1381208.365999030414969 ], [ 312793.961082368274219, 1381177.559201148571447 ], [ 312823.817500068340451, 1381177.365045534679666 ], [ 312823.617867889872286, 1381146.663680360885337 ], [ 312853.889019594411366, 1381146.466863670852035 ], [ 312853.689424827112816, 1381115.765613803872839 ], [ 312883.960604817431886, 1381115.568833077559248 ], [ 312883.560806333902292, 1381054.060693928971887 ], [ 312913.832047023985069, 1381053.863953271880746 ], [ 312913.63253073731903, 1381023.162823927821591 ], [ 312943.903799730236642, 1381022.96611923025921 ], [ 312943.704318692907691, 1380992.264773323899135 ], [ 312973.560907925013453, 1380992.070798675063998 ], [ 312973.360778247006238, 1380961.264029356883839 ], [ 313003.632103975920472, 1380961.067396152764559 ], [ 313003.432696598756593, 1380930.366170129971579 ], [ 313063.975400593073573, 1380929.973007499007508 ], [ 313063.776061497395858, 1380899.271679603261873 ], [ 313094.047439744812436, 1380899.075150174554437 ], [ 313093.848138765781187, 1380868.374048187630251 ], [ 313124.119545316789299, 1380868.177554711466655 ], [ 313123.919595312327147, 1380837.370808234903961 ], [ 313153.776320327655412, 1380837.177041920134798 ], [ 313153.577090841310564, 1380806.47572794998996 ], [ 313183.848554128431715, 1380806.279305952601135 ], [ 313183.649362036259845, 1380775.578107281820849 ], [ 313213.920853608113248, 1380775.381721233250573 ], [ 313213.721013580798171, 1380744.574988713720813 ], [ 313239.845748741412535, 1380744.405534025281668 ], [ 313243.793414082727395, 1380713.677338638575748 ], [ 313264.527250432467554, 1380713.542874116916209 ], [ 313274.064962335629389, 1380713.481024497421458 ], [ 313273.988340202486143, 1380701.66491982107982 ], [ 313273.666804013773799, 1380652.078876923536882 ], [ 313303.523700552934315, 1380651.885291494894773 ], [ 313303.323974863335025, 1380621.078573540318757 ], [ 313333.5956121609197, 1380620.882334948750213 ], [ 313333.197606224217452, 1380559.479875173419714 ], [ 313363.469304115336854, 1380559.283676606370136 ], [ 313362.871741253533401, 1380467.074520394206047 ], [ 313393.143532152520493, 1380466.878365945536643 ], [ 313392.944613062776625, 1380436.177091494202614 ], [ 313423.21643224300351, 1380435.980972982477397 ], [ 313423.016866863123141, 1380405.174275429686531 ], [ 313453.288714416674338, 1380404.978192867944017 ], [ 313452.891028700047173, 1380343.575884422520176 ], [ 313482.7482204613043, 1380343.382527386303991 ], [ 313482.349932496610563, 1380281.874690938275307 ], [ 313512.62190138414735, 1380281.678687980864197 ], [ 313512.224378857412376, 1380220.276400344679132 ], [ 313542.496408344071824, 1380220.080437397118658 ], [ 313542.297685195168015, 1380189.379187880316749 ], [ 313572.569742960389704, 1380189.183260860852897 ], [ 313572.370374184916727, 1380158.376588331768289 ], [ 313602.642460339411628, 1380158.180697253206745 ], [ 313602.443811225297395, 1380127.47956768120639 ], [ 313632.301206417381763, 1380127.286395472008735 ], [ 313631.903302939841524, 1380065.778718436369672 ], [ 313662.175478114339057, 1380065.582902861991897 ], [ 313661.976905504940078, 1380034.881672479677945 ], [ 313692.249108938034624, 1380034.685892827808857 ], [ 313691.852042076410726, 1379973.283552580978721 ], [ 313722.124306100944523, 1379973.087812925921753 ], [ 313714.067675083584618, 1379881.560325010214001 ], [ 313751.800511075532995, 1379880.683251200709492 ], [ 313751.44930641236715, 1379826.349557828623801 ], [ 313781.675353846279904, 1379818.979960488155484 ], [ 313781.481036042561755, 1379788.911758770467713 ], [ 313811.334666690556332, 1379788.085700419964269 ], [ 313808.633742969017476, 1379755.185156636405736 ], [ 313841.408769956440665, 1379757.189132617786527 ], [ 313835.373262527864426, 1379721.672233470715582 ], [ 313871.482255762792192, 1379726.186956599354744 ], [ 313871.283956629340537, 1379695.485760991927236 ], [ 313901.556270151864737, 1379695.290250055259094 ], [ 313901.358009080460761, 1379664.589280350832269 ], [ 313931.630568292108364, 1379664.393803919199854 ], [ 313931.432341709616594, 1379633.692506982246414 ], [ 313961.290420895791613, 1379633.499742318876088 ], [ 313961.091550642857328, 1379602.693133160704747 ], [ 313991.363949145015795, 1379602.497729524504393 ], [ 313991.165797536959872, 1379571.796773699112236 ], [ 314051.711081901565194, 1379571.406067264964804 ], [ 314051.512997778656427, 1379540.70489889360033 ], [ 314081.785666238050908, 1379540.509597496828064 ], [ 314081.587620167818386, 1379509.808655018452555 ], [ 314099.004751413012855, 1379509.696306838421151 ], [ 314141.718282466754317, 1379509.420830292627215 ], [ 314141.519623585161753, 1379478.614247858058661 ], [ 314232.337775028834585, 1379478.028748807031661 ], [ 314232.139896487351507, 1379447.327495887875557 ], [ 314262.412637909234036, 1379447.132397267734632 ], [ 314262.214798125321977, 1379416.431480850093067 ], [ 314352.618367087910883, 1379415.849059387110174 ], [ 314352.816110467654653, 1379446.549963671946898 ], [ 314383.088835919508711, 1379446.354991944506764 ], [ 314382.887452523747925, 1379479.485270979115739 ], [ 314443.831927793566138, 1379476.666368527105078 ], [ 314443.634274791926146, 1379445.965143986744806 ], [ 314473.492260785540566, 1379445.772937289439142 ], [ 314474.585666539263912, 1379229.056355232838541 ], [ 314442.24947636644356, 1379230.847061344189569 ], [ 314441.860358529724181, 1379170.394573071738705 ], [ 314441.458355503971688, 1379107.93753215810284 ], [ 314408.293131248967256, 1379109.839135747170076 ], [ 314410.988330207765102, 1379077.536932877963409 ], [ 314384.429830776527524, 1379074.964695847593248 ], [ 314350.442108203889802, 1379077.926746976096183 ], [ 314347.473783417430241, 1378616.883665974251926 ], [ 314377.747381017543375, 1378616.688804009230807 ], [ 314377.351517410366796, 1378555.181386705953628 ], [ 314407.625175622932147, 1378554.986564692109823 ], [ 314407.230071706930175, 1378493.584474382689223 ], [ 314437.503790456452407, 1378493.389692302327603 ], [ 314437.305598650069442, 1378462.583169597666711 ], [ 314467.164604158955626, 1378462.391091154888272 ], [ 314466.967126768431626, 1378431.690000188071281 ], [ 314497.240902196499519, 1378431.495289428159595 ], [ 314497.04346281895414, 1378400.794424358056858 ], [ 314527.317266503116116, 1378400.59974946686998 ], [ 314527.119862291147001, 1378369.898667759029195 ], [ 314557.393694231519476, 1378369.704028735402972 ], [ 314557.195648856344633, 1378338.897524570580572 ], [ 314587.46950914489571, 1378338.702921427320689 ], [ 314587.272178831743076, 1378308.001959622371942 ], [ 314617.131323849665932, 1378307.810057644732296 ], [ 314616.934028967749327, 1378277.10898977634497 ], [ 314677.481858715415001, 1378276.719957882072777 ], [ 314677.283955407328904, 1378245.913471671519801 ], [ 314858.512798893032596, 1378244.749825462698936 ], [ 314858.710508449119516, 1378275.556287325918674 ], [ 315011.338113488047384, 1378276.792862714268267 ], [ 315009.467601805343293, 1378243.781434219796211 ], [ 315043.084150051232427, 1378247.469718659995124 ], [ 315039.544665097258985, 1378212.886530217248946 ], [ 315090.984349289094098, 1378214.983357173390687 ], [ 315095.337302670581266, 1378117.679223584709689 ], [ 315098.942863270582166, 1378033.146021110238507 ], [ 315129.643206517852377, 1378034.742733604973182 ], [ 315129.015242563502397, 1377936.732091114856303 ], [ 315158.45408504200168, 1377935.593951343093067 ], [ 315159.092107328062411, 1377905.731729053659365 ], [ 315188.530761083355173, 1377904.593625667272136 ], [ 315188.350350216845982, 1377876.424654563423246 ], [ 315188.137512405228335, 1377843.191880289232358 ], [ 315218.829931413580198, 1377843.522707366617396 ], [ 315218.215218471712433, 1377812.296919064130634 ], [ 315243.536056636599824, 1377815.722217936068773 ], [ 315250.786784502735827, 1377782.230256016133353 ], [ 315278.151914987247437, 1377781.105536542600021 ], [ 315277.955402759253047, 1377750.40478855650872 ], [ 315338.504154860158451, 1377750.01729021128267 ], [ 315338.307710013410542, 1377719.316329625900835 ], [ 315398.856510641810019, 1377718.92896654130891 ], [ 315398.660136004968081, 1377688.228235866408795 ], [ 315428.934562594629824, 1377688.03460605465807 ], [ 315428.737548873294145, 1377657.228232112480327 ], [ 315458.597252526553348, 1377657.037290113745257 ], [ 315458.400948439957574, 1377626.33623673627153 ], [ 315549.224386291811243, 1377625.755656402558088 ], [ 315549.028185353556182, 1377595.054947585565969 ], [ 315609.162436599610373, 1377594.670710746431723 ], [ 315609.358573500765488, 1377625.371411547297612 ], [ 315669.90749637153931, 1377624.984643249772489 ], [ 315669.71142394922208, 1377594.283950517652556 ], [ 315730.260395370074548, 1377593.897317455150187 ], [ 315730.456403313670307, 1377624.598002121318132 ], [ 315851.139418482489418, 1377623.827747629256919 ], [ 315851.335304326959886, 1377654.528748674551025 ], [ 315909.825368942925707, 1377656.476746790576726 ], [ 315912.080596619169228, 1377684.948789468733594 ], [ 315935.304749494651332, 1377684.80066239531152 ], [ 315972.214560975728091, 1377684.565284637501463 ], [ 315971.174149879370816, 1377716.539985451847315 ], [ 316002.68464379501529, 1377715.072907394729555 ], [ 316002.899887328967452, 1377748.833246619906276 ], [ 316003.076121240155771, 1377776.47443084535189 ], [ 316032.106126295751892, 1377776.289354907348752 ], [ 316063.624618366942741, 1377776.088447112124413 ], [ 316060.063577367342077, 1377803.015209515113384 ], [ 316123.954640350188129, 1377806.511516675818712 ], [ 316123.758351257361937, 1377775.705233189743012 ], [ 316154.032585984910838, 1377775.512352170655504 ], [ 316154.22884272353258, 1377806.318631619447842 ], [ 316184.503041129792109, 1377806.125778358895332 ], [ 316184.69859899149742, 1377836.826738696312532 ], [ 316245.24691941664787, 1377836.44111951882951 ], [ 316245.442414965829812, 1377867.141740475315601 ], [ 316275.301790247729514, 1377866.951615183381364 ], [ 316275.497259691706859, 1377897.652454022550955 ], [ 316305.772016673581675, 1377897.565141708124429 ], [ 316304.737996775540523, 1377930.594935212517157 ], [ 316336.241507718572393, 1377928.073266295250505 ], [ 316337.2306027157465, 1377953.177135383477435 ], [ 316365.072766450466588, 1377961.862288456643 ], [ 316366.906102040898986, 1377989.282134470064193 ], [ 316426.675791956600733, 1377996.920055129332468 ], [ 316427.845376716693863, 1378050.403703385265544 ], [ 316494.166497430414893, 1378044.812073357636109 ], [ 316488.368980896775611, 1378111.422581461956725 ], [ 316518.642813124344684, 1378111.230036901310086 ], [ 316518.838729822135065, 1378142.036274432903156 ], [ 316549.112525728764012, 1378141.843757645692676 ], [ 316549.502965835097712, 1378203.245263414690271 ], [ 316579.776693279389292, 1378203.052770402515307 ], [ 316580.754047587397508, 1378356.767321823863313 ], [ 316671.159982733195648, 1378356.192609193967655 ], [ 316671.355102418805473, 1378386.893405140610412 ], [ 316701.628620321978815, 1378386.70101481443271 ], [ 316701.823710623837542, 1378417.401586056686938 ], [ 316737.90174856944941, 1378416.961372756399214 ], [ 316761.955932171200402, 1378417.019527469063178 ], [ 316762.565701560291927, 1378447.717677866807207 ], [ 316792.424405682249926, 1378447.528009226312861 ], [ 316792.815086782968137, 1378509.034888620022684 ], [ 316823.088459799590055, 1378508.842609042301774 ], [ 316822.240464294678532, 1378571.201345246983692 ], [ 316884.025028268340975, 1378569.859466267749667 ], [ 316885.009809982497245, 1378659.638007440138608 ], [ 316944.742144085641485, 1378661.685355217894539 ], [ 316941.419151000212878, 1378726.169924212386832 ], [ 317005.678814190614503, 1378722.80804703431204 ], [ 317005.873629841080401, 1378753.508584656985477 ], [ 317036.146716922114138, 1378753.316495259990916 ], [ 317036.5369675377151, 1378814.823322084732354 ], [ 317066.809986046864651, 1378814.631256483495235 ], [ 317067.004751397413202, 1378845.332009081961587 ], [ 317096.86300256854156, 1378845.142601943109185 ], [ 317095.799233644152991, 1378938.9431844195351 ], [ 317157.99298591085244, 1378936.860514444764704 ], [ 317158.383699451980647, 1378998.472852810285985 ], [ 317188.656508398940787, 1378998.280890012625605 ], [ 317189.107381462992635, 1379069.388305188622326 ], [ 317209.558402885333635, 1379089.937440005131066 ], [ 317209.121153729502112, 1379151.766101674409583 ], [ 317196.873113980342168, 1379182.22911812691018 ], [ 317159.552597814763431, 1379182.782420114381239 ], [ 317159.747316666296683, 1379213.482946418691427 ], [ 317099.616864797601011, 1379213.864392213989049 ], [ 317099.396928058122285, 1379244.567779637174681 ], [ 317039.266524624021258, 1379244.949359812773764 ], [ 317039.462051225476898, 1379275.755550492089242 ], [ 316948.247789016924798, 1379279.183247064240277 ], [ 316948.448801827093121, 1379245.525915814097971 ], [ 316918.590945360367186, 1379245.715530829969794 ], [ 316914.636432545550633, 1379276.020502416417003 ], [ 316881.87764582055388, 1379276.545207780785859 ], [ 316858.241489783278666, 1379276.90633814712055 ], [ 316858.436544045689516, 1379307.607016723835841 ], [ 316828.164014744921587, 1379307.799368781968951 ], [ 316828.749970701814163, 1379400.006956744473428 ], [ 316798.477534397272393, 1379400.199352667666972 ], [ 316799.516298085683957, 1379563.620051468722522 ], [ 316800.235254356986843, 1379676.716757679125294 ], [ 316770.377824646420777, 1379676.90658462094143 ], [ 316771.135752449161373, 1379861.32460294989869 ], [ 316741.278510136646219, 1379861.514485042542219 ], [ 316736.273577963118441, 1379922.211758998921141 ], [ 316741.864987106993794, 1379953.722140118246898 ], [ 316709.089606975903735, 1379951.504180010175332 ], [ 316712.305249183787964, 1380065.85101772332564 ], [ 316712.375055541575421, 1380076.823088583769277 ], [ 316682.103314497857355, 1380077.015699699753895 ], [ 316682.298674055200536, 1380107.716527885058895 ], [ 316652.026961333816871, 1380107.909174856496975 ], [ 316652.222356763319112, 1380138.609896990470588 ], [ 316621.950672384584323, 1380138.802579818293452 ], [ 316622.182371038827114, 1380175.200418256223202 ], [ 316622.53765310253948, 1380231.01029861648567 ], [ 316592.680773901985958, 1380231.20038482430391 ], [ 316596.082531827501953, 1380374.665851868223399 ], [ 316834.185669128899463, 1380385.494778313441202 ], [ 316835.196692399447784, 1380414.08013588283211 ], [ 316891.17794782249257, 1380413.724174538161606 ], [ 317057.861750520649366, 1380410.132848342182115 ], [ 317103.886584537918679, 1380409.207630441756919 ], [ 317103.102957592927851, 1380351.079458658350632 ], [ 317164.842775367200375, 1380343.302049594465643 ], [ 317163.822494139545597, 1380313.239544136915356 ], [ 317197.370539616851602, 1380306.590940441004932 ], [ 317257.38623571296921, 1380288.485223895637318 ], [ 317252.214594168122858, 1380257.710612456081435 ], [ 317279.583311409805901, 1380257.536989003652707 ], [ 317283.931992133031599, 1380223.958809957839549 ], [ 317317.124319845170248, 1380226.596894174581394 ], [ 317315.234194698918145, 1380190.104366797255352 ], [ 317347.201150153123308, 1380195.704408681252971 ], [ 317347.008494030451402, 1380165.32027629762888 ], [ 317377.278043978090864, 1380164.811742328107357 ], [ 317380.852952846325934, 1380139.99551191017963 ], [ 317405.678768748650327, 1380131.186676502926275 ], [ 317407.159744707751088, 1380103.113068195525557 ], [ 317463.517960435012355, 1380096.742191374534741 ], [ 317467.093734905240126, 1380072.031298114685342 ], [ 317498.609403080306947, 1380071.831631923792884 ], [ 317527.571522944956087, 1380061.308835145784542 ], [ 317549.005338831222616, 1380040.705269085941836 ], [ 317581.764842544391286, 1380040.497821287252009 ], [ 317588.247514172515366, 1380016.401575958356261 ], [ 317598.378030797641259, 1379978.988982290029526 ], [ 317649.383917102066334, 1379978.666108673205599 ], [ 317677.927232072222978, 1379967.51300133485347 ], [ 317699.365890340413898, 1379947.647773025324568 ], [ 317738.345971210161224, 1379947.401158455526456 ], [ 317735.290465173427947, 1379923.260098738828674 ], [ 317798.279796862159856, 1379916.214743670774624 ], [ 317798.085656100302003, 1379885.514287744648755 ], [ 317828.357554364367388, 1379885.322875059675425 ], [ 317828.163448747247458, 1379854.622202447149903 ], [ 317858.435266672633588, 1379854.43082627421245 ], [ 317858.24119899654761, 1379823.730379495769739 ], [ 317881.463532885478344, 1379823.583594411611557 ], [ 317888.41769459657371, 1379808.452326824422926 ], [ 317888.318346450512763, 1379792.732949987752363 ], [ 317948.447376114956569, 1379792.352992963744327 ], [ 317948.688124869484454, 1379764.814810204552487 ], [ 318038.642281505977735, 1379759.182352786418051 ], [ 318034.324337569298223, 1379732.094910175539553 ], [ 318069.147155363461934, 1379730.187051955377683 ], [ 318068.758841059694532, 1379668.680351110175252 ], [ 318098.616104171844199, 1379668.491870891535655 ], [ 318098.422319432371296, 1379637.791459303582087 ], [ 318068.565024477487896, 1379637.979935596697032 ], [ 318068.176735030312557, 1379576.473127619363368 ], [ 318037.904653628589585, 1379576.664245489984751 ], [ 318037.710817518993281, 1379545.963827726664022 ], [ 318007.438699908845592, 1379546.15497344895266 ], [ 318007.244834367418662, 1379515.454331025946885 ], [ 317976.972680548788048, 1379515.645504598505795 ], [ 317976.77878837112803, 1379484.945080017670989 ], [ 317946.506598344887607, 1379485.136281438870355 ], [ 317946.305346064851619, 1379453.275065386667848 ], [ 317946.118092779885046, 1379423.629447315586731 ], [ 317916.260555421933532, 1379423.818052641348913 ], [ 317916.066611889516935, 1379393.117621878627688 ], [ 317885.794317127321847, 1379393.308874560054392 ], [ 317885.211746338987723, 1379301.101705669192597 ], [ 317854.939350683707744, 1379301.292978212004527 ], [ 317854.55070455459645, 1379239.786348430905491 ], [ 317824.278240305837244, 1379239.977644816040993 ], [ 317823.307537625252735, 1379086.369254308287054 ], [ 317793.034799262764864, 1379086.5605632616207 ], [ 317790.980065556126647, 1378761.408703984459862 ], [ 317790.898739593103528, 1378748.537704098504037 ], [ 317760.62575071665924, 1378748.729000289458781 ], [ 317759.829061320866458, 1378622.656180331716314 ], [ 317759.655065929051489, 1378595.120616014814004 ], [ 317729.796753939357586, 1378595.309302300913259 ], [ 317729.104692609165795, 1378485.800031923921779 ], [ 317727.272125656832941, 1378195.779945662710816 ], [ 317696.99854778603185, 1378195.971233185380697 ], [ 317696.221909019979648, 1378073.063515634043142 ], [ 317665.948089361074381, 1378073.25481967581436 ], [ 317664.977391465683468, 1377919.646439203526825 ], [ 317631.800746128312312, 1377919.856100058881566 ], [ 317631.05004984466359, 1377735.439008455257863 ], [ 317603.264235071488656, 1377735.614607621682808 ], [ 317602.681484294997063, 1377643.407424529083073 ], [ 317572.821948479744606, 1377643.596146479714662 ], [ 317572.433849633322097, 1377582.194932979531586 ], [ 317602.29344904248137, 1377582.006218903232366 ], [ 317601.322103438200429, 1377428.292418916942552 ], [ 317571.462344838189892, 1377428.481113281100988 ], [ 317570.880292823305354, 1377336.37936129886657 ], [ 317600.740146798430942, 1377336.190678746206686 ], [ 317600.3515306673944, 1377274.684058999409899 ], [ 317630.626088458229788, 1377274.492795905796811 ], [ 317628.879482883028686, 1376997.976690897718072 ], [ 317659.154109599650837, 1376997.785496904049069 ], [ 317658.571858865849208, 1376905.578268629265949 ], [ 317688.846904588514008, 1376905.387116337427869 ], [ 317688.264790422341321, 1376813.180126499151811 ], [ 317718.539820237550884, 1376812.989018651423976 ], [ 317718.151606769359205, 1376751.482339845737442 ], [ 317748.011828495073132, 1376751.29388981172815 ], [ 317745.103583318879828, 1376290.36391636589542 ], [ 317775.379153528716415, 1376290.172939500305802 ], [ 317774.798249754705466, 1376198.071556094801053 ], [ 317805.074021364911459, 1376197.880622269120067 ], [ 317803.717619002156425, 1375982.7657802014146 ], [ 317833.993503611069173, 1375982.574906760128215 ], [ 317833.412254789669532, 1375890.36791782756336 ], [ 317863.688232176296879, 1375890.177088115131482 ], [ 317863.300597736379132, 1375828.670704991789535 ], [ 317893.576635679346509, 1375828.479915018426254 ], [ 317892.253838340751827, 1375618.534920985577628 ], [ 317922.082753074239008, 1375613.177308809477836 ], [ 317921.695987549610436, 1375551.776377262081951 ], [ 317949.481761306058615, 1375551.284750907216221 ], [ 317951.700563581718598, 1375508.436183552024886 ], [ 317951.481977777206339, 1375473.726573227671906 ], [ 317950.230367949174251, 1375274.96472952561453 ], [ 317985.493980195606127, 1375276.325370139209554 ], [ 317979.927165046799928, 1375182.672641965094954 ], [ 318014.359218069410417, 1375183.722057896433398 ], [ 318009.04322582425084, 1374998.068212129874155 ], [ 318039.320114029804245, 1374997.877688120119274 ], [ 318037.580398539779708, 1374721.362578833242878 ], [ 318067.442784060549457, 1374721.174731412436813 ], [ 318067.055922308471054, 1374659.668337062234059 ], [ 318097.333156939595938, 1374659.477919929195195 ], [ 318096.36789586226223, 1374505.975582495331764 ], [ 318072.311831206316128, 1374506.126854738453403 ], [ 318065.123196516709868, 1374352.347471666987985 ], [ 318095.400753144989721, 1374352.157094397814944 ], [ 318095.01472084922716, 1374290.756147069158033 ], [ 318125.292337893682998, 1374290.565809483407065 ], [ 318124.712755479326006, 1374198.359034867491573 ], [ 318154.990465189213865, 1374198.168740957509726 ], [ 318154.411016963305883, 1374105.961872847052291 ], [ 318184.688819333561696, 1374105.771622608415782 ], [ 318184.495931185840163, 1374075.071109904674813 ], [ 318240.074344700318761, 1374074.721973704406992 ], [ 318244.057682189741172, 1373982.486492254771292 ], [ 318268.94354381802259, 1373982.330211436375976 ], [ 318273.756628334522247, 1373890.089654899435118 ], [ 318302.375548958661966, 1373889.909974492620677 ], [ 318303.649184798880015, 1373828.498684476362541 ], [ 318329.364773941226304, 1373828.337265002075583 ], [ 318333.773637034348212, 1373803.832976285368204 ], [ 318364.012006663600914, 1373797.312694835709408 ], [ 318363.819354849052615, 1373766.612432920839638 ], [ 318393.682682187063619, 1373766.425050550373271 ], [ 318392.897018226096407, 1373641.197036158991978 ], [ 318392.33313120296225, 1373551.311415011994541 ], [ 318425.106707843835466, 1373552.16068368172273 ], [ 318421.840624883072451, 1373428.214295646874234 ], [ 318452.119100003154017, 1373428.024417496519163 ], [ 318449.614872326026671, 1373028.603145855246112 ], [ 318479.893761618295684, 1373028.41335111274384 ], [ 318479.700681835762225, 1372997.607473207172006 ], [ 318509.979599469574168, 1372997.417714143404737 ], [ 318509.594839808065444, 1372936.017039166530594 ], [ 318539.873817784478888, 1372935.827319739852101 ], [ 318539.48847746377578, 1372874.321008823113516 ], [ 318629.910766984510701, 1372873.754662026651204 ], [ 318630.103668989322614, 1372904.560517750913277 ], [ 318660.797920256911311, 1372904.473868356319144 ], [ 318665.996645006118342, 1372873.528722233371809 ], [ 318690.46881652798038, 1372873.375523414928466 ], [ 318684.040117535856552, 1372840.393153411801904 ], [ 318750.419927797978744, 1372842.2988034801092 ], [ 318750.227822494343854, 1372811.598389599006623 ], [ 318780.506897874060087, 1372811.408938701963052 ], [ 318780.314830312505364, 1372780.708750615594909 ], [ 318810.593273077043705, 1372780.413689338136464 ], [ 318810.401241886196658, 1372749.713505794294178 ], [ 318780.122106056776829, 1372749.902917056810111 ], [ 318779.737990037945565, 1372688.502211887855083 ], [ 318810.017190117388964, 1372688.312808560207486 ], [ 318809.632495203171857, 1372626.806578233605251 ], [ 318839.911538257554639, 1372626.617215896490961 ], [ 318838.590203560772352, 1372415.30209176777862 ], [ 318868.845938830752857, 1372411.314841683954 ], [ 318868.359230158384889, 1372333.456410409649834 ], [ 318867.693841504049487, 1372227.007638901704922 ], [ 318897.159906244545709, 1372229.355315412394702 ], [ 318896.983338711143006, 1372134.719945763004944 ], [ 318867.118178409291431, 1372134.906591687118635 ], [ 318866.733766186167486, 1372073.400619206717238 ], [ 318896.598989938967861, 1372073.21398111875169 ], [ 318896.406491841422394, 1372042.408176681026816 ], [ 318926.686133973416872, 1372042.218984358478338 ], [ 318926.301872921874747, 1371980.71269923937507 ], [ 318995.592720267828554, 1371983.550511179026216 ], [ 318986.669320358196273, 1371949.528631996363401 ], [ 319012.386499401705805, 1371949.368035953259096 ], [ 319016.797755585517734, 1371925.074953779345378 ], [ 319046.623376082454342, 1371918.558368143159896 ], [ 319046.431719390384387, 1371887.858232288621366 ], [ 319076.711720126972068, 1371887.669216343900189 ], [ 319076.519440363859758, 1371856.863439172739163 ], [ 319106.799469427380245, 1371856.674458869034424 ], [ 319106.607883335789666, 1371825.974000219022855 ], [ 319136.887940598011483, 1371825.785055541666225 ], [ 319136.696392903802916, 1371795.084933294449002 ], [ 319166.976478362921625, 1371794.896024241577834 ], [ 319166.784966993494891, 1371764.195906521286815 ], [ 319197.065080631466117, 1371764.007033092202619 ], [ 319195.174916123505682, 1371726.987038982799277 ], [ 319226.738259452511556, 1371733.015023162355646 ], [ 319226.592869256623089, 1371709.699609283357859 ], [ 319258.101734317431692, 1371706.971088496036828 ], [ 319256.443528355797753, 1371640.619926466839388 ], [ 319286.723758979234844, 1371640.431163450703025 ], [ 319286.341037265607156, 1371579.030744642717764 ], [ 319316.621328184264712, 1371578.842021200573072 ], [ 319316.430005063826684, 1371548.141706011025235 ], [ 319346.710324178158771, 1371547.953018184518442 ], [ 319346.327098619309254, 1371486.447083580540493 ], [ 319376.192645665491, 1371486.261019550031051 ], [ 319376.00139896501787, 1371455.560713921440765 ], [ 319406.281806711456738, 1371455.37210085708648 ], [ 319405.898734935442917, 1371393.866296079941094 ], [ 319436.179203099687584, 1371393.677722594002262 ], [ 319435.605050447396934, 1371301.471522560343146 ], [ 319465.885611101228278, 1371301.282992604188621 ], [ 319465.312249138369225, 1371209.182234002975747 ], [ 319495.59290216548834, 1371208.993747559376061 ], [ 319495.019020331674255, 1371116.787913497304544 ], [ 319525.299765836971346, 1371116.599470575805753 ], [ 319525.108730213716626, 1371085.899191606091335 ], [ 319554.974666042253375, 1371085.713365197647363 ], [ 319554.783010395534802, 1371054.907666366780177 ], [ 319585.063812424137723, 1371054.719294225564227 ], [ 319584.872849661507644, 1371024.019134890055284 ], [ 319766.142934265546501, 1371022.8921681153588 ], [ 319766.333704953314736, 1371053.592303812503815 ], [ 319798.273613803670742, 1371053.393844577483833 ], [ 319923.129886073817033, 1371052.618385332869366 ], [ 319955.48461129842326, 1371052.417523824609816 ], [ 320098.59212195884902, 1371051.529530477942899 ], [ 320098.401703332667239, 1371020.829438048182055 ], [ 320128.68246758118039, 1371020.641638203058392 ], [ 320128.492084553116001, 1370989.941439651651308 ], [ 320158.772876982577145, 1370989.75367539236322 ], [ 320158.582531609223224, 1370959.053702623117715 ], [ 320218.728675765916705, 1370958.575202801497653 ], [ 320218.348123722942546, 1370897.175053361570463 ], [ 320291.768802582111675, 1370896.720102242426947 ], [ 320315.412787547102198, 1370896.573631898034364 ], [ 320339.471609269094188, 1370896.424611501395702 ], [ 320340.117027510539629, 1370866.668894287897274 ], [ 320399.428412044420838, 1370865.352098611649126 ], [ 320399.237685171305202, 1370834.546514307847247 ], [ 320459.799517792765982, 1370834.171624707290903 ], [ 320456.308978070679586, 1370739.346569804940373 ], [ 320519.791523896041326, 1370741.696652489481494 ], [ 320519.600942618213594, 1370710.891086273360997 ], [ 320549.467132409394253, 1370710.706333949230611 ], [ 320549.277239864575677, 1370680.006306699011475 ], [ 320579.558299266733229, 1370679.819023517658934 ], [ 320579.178590896190144, 1370618.418978572823107 ], [ 320609.459057390573435, 1370618.126089812023565 ], [ 320609.269242261187173, 1370587.426182754570618 ], [ 320639.550390268675983, 1370587.238974649691954 ], [ 320639.648936820100062, 1370536.069685103371739 ], [ 320639.587634928000625, 1370526.152766577200964 ], [ 320649.127522060996853, 1370525.988369283033535 ], [ 320669.452042950142641, 1370525.651669645216316 ], [ 320669.326202449621633, 1370505.290605696151033 ], [ 320669.246656242816243, 1370492.419831020990387 ], [ 320669.071917384513654, 1370464.146230244776234 ], [ 320697.686201537318993, 1370462.703272408107296 ], [ 320698.748641626094468, 1370433.261550836265087 ], [ 320726.943437524954788, 1370431.082670496543869 ], [ 320728.460309972928371, 1370340.868817849317566 ], [ 320758.741699317004532, 1370340.681767291855067 ], [ 320758.552081807982177, 1370309.981885011307895 ], [ 320788.83349936734885, 1370309.794870010577142 ], [ 320788.453687300847378, 1370248.289248754736036 ], [ 320818.735165234538727, 1370248.102273247437552 ], [ 320818.165901088446844, 1370155.896679966710508 ], [ 320848.447471459163353, 1370155.709747874177992 ], [ 320848.869964233017527, 1370089.76835700799711 ], [ 320877.935262926504947, 1370094.125460603972897 ], [ 320875.890007068635896, 1370031.575209317263216 ], [ 320907.837393806548789, 1370032.433238558936864 ], [ 320901.02067030989565, 1370003.356572031276301 ], [ 320937.929695241444279, 1370001.546231693122536 ], [ 320937.740315724862739, 1369970.846379194874316 ], [ 320968.022063157521188, 1369970.659596720477566 ], [ 320967.832718516176101, 1369939.959527493454516 ], [ 321026.318323721876368, 1369938.965979148633778 ], [ 321027.602216385770589, 1369878.083299445454031 ], [ 321053.724794670706615, 1369876.128554339287803 ], [ 321067.875391818757635, 1369816.327279219869524 ], [ 321094.063111261930317, 1369757.612209453480318 ], [ 321117.691039432422258, 1369754.723508946597576 ], [ 321117.410882567870431, 1369709.253657338907942 ], [ 321117.121636103547644, 1369662.30699237762019 ], [ 321142.414046956517268, 1369660.252262618159875 ], [ 321151.247781862388365, 1369612.721938927890733 ], [ 321177.308221287326887, 1369600.639710457529873 ], [ 321175.457775406888686, 1369569.633403473766521 ], [ 321191.452780161052942, 1369539.783215122995898 ], [ 321209.306127909570932, 1369474.895112840691581 ], [ 321237.533009861479513, 1369477.780831592390314 ], [ 321231.564989414706361, 1369384.342785683926195 ], [ 321264.341330906492658, 1369384.984900413546711 ], [ 321265.848154398496263, 1369292.766875556437299 ], [ 321289.493344189599156, 1369292.621367123909295 ], [ 321295.738919838797301, 1369228.965281302575022 ], [ 321301.596726593445055, 1369169.637100191786885 ], [ 321325.656657426909078, 1369169.48908301256597 ], [ 321320.294008548429701, 1369106.959368054755032 ], [ 321355.146260204957798, 1369107.800154245924205 ], [ 321351.293754370301031, 1368953.579821358434856 ], [ 321384.484128721640445, 1368954.008846024982631 ], [ 321382.293396862456575, 1368800.09483062196523 ], [ 321413.822635832824744, 1368800.217621566029266 ], [ 321413.255881516146474, 1368708.012344100512564 ], [ 321443.538882383960299, 1368707.82622680393979 ], [ 321443.34957257215865, 1368677.020820276113227 ], [ 321407.258919066982344, 1368677.242629712214693 ], [ 321382.783502696314827, 1368677.393078614957631 ], [ 321381.83928925631335, 1368523.788040688028559 ], [ 321412.122486376552843, 1368523.601915295235813 ], [ 321411.367190488032065, 1368400.697003279346973 ], [ 321441.650511960790027, 1368400.510925137903541 ], [ 321441.272627285507042, 1368339.005436863284558 ], [ 321475.294947267277166, 1368339.640513034770265 ], [ 321470.990284678642638, 1368246.719925206154585 ], [ 321494.221647224738263, 1368246.577239730861038 ], [ 321499.952805481152609, 1368031.423549301223829 ], [ 321537.299244026653469, 1368032.882527169771492 ], [ 321528.123564408509992, 1367754.62505535595119 ], [ 321558.407543510431424, 1367754.439185312017798 ], [ 321557.653302171849646, 1367631.534076950745657 ], [ 321587.937405558070168, 1367631.348254130221903 ], [ 321587.371702938806266, 1367539.143112506950274 ], [ 321617.655898594821338, 1367538.957332996884361 ], [ 321616.525446908141021, 1367354.652843751711771 ], [ 321646.809830830257852, 1367354.467119270935655 ], [ 321646.432680249912664, 1367292.962056702701375 ], [ 321676.312584394938312, 1367294.46679167682305 ], [ 321675.92581123567652, 1367231.379175206180662 ], [ 321699.157746730721556, 1367231.236758990678936 ], [ 321705.456997368601151, 1367108.288648395100608 ], [ 321729.933700218854938, 1367108.138640805147588 ], [ 321735.400288776610978, 1367052.400382774183527 ], [ 321733.105664122442249, 1366677.883603937691078 ], [ 321763.390737163950689, 1366677.69809128344059 ], [ 321763.01402432913892, 1366616.192863981239498 ], [ 321793.299157595029101, 1366616.007390701910481 ], [ 321792.923171762842685, 1366554.607707167509943 ], [ 321823.20836514106486, 1366554.422273246804252 ], [ 321822.643868471262977, 1366462.217396231833845 ], [ 321854.591118381358683, 1366462.443872524192557 ], [ 321859.60556741442997, 1366400.483863473404199 ], [ 321882.423138447338715, 1366400.344218800310045 ], [ 321881.973160153138451, 1366326.81229500612244 ], [ 321886.6495369306067, 1366277.408919508568943 ], [ 321911.956506213871762, 1366277.254078560275957 ], [ 321904.933925526565872, 1366214.418131824815646 ], [ 321941.866397011093795, 1366215.669173567090183 ], [ 321941.302420671039727, 1366123.464362255763263 ], [ 321971.588042958755977, 1366123.279140314087272 ], [ 321971.211928461561911, 1366061.774098937166855 ], [ 322001.082705831737258, 1366061.591453084954992 ], [ 322000.707316390122287, 1366000.191955230198801 ], [ 322030.993059023865499, 1366000.006811548257247 ], [ 322030.429456196608953, 1365907.801936666946858 ], [ 322060.715290976455435, 1365907.616836233297363 ], [ 322059.400803973549046, 1365692.507611518958583 ], [ 322089.686858890869189, 1365692.322569936513901 ], [ 322088.936033728998154, 1365569.417896171333268 ], [ 322119.222212749475148, 1365569.232901724055409 ], [ 322118.095972173032351, 1365384.823607461759821 ], [ 322148.382339304778725, 1365384.638667953200638 ], [ 322147.82001448306255, 1365292.539407752454281 ], [ 322177.691557868849486, 1365292.357044271193445 ], [ 322166.544148922257591, 1365165.401504577603191 ], [ 322207.227915617171675, 1365169.267818581312895 ], [ 322205.724700264865533, 1364922.93145830091089 ], [ 322205.165327852999326, 1364831.25427 ], [ 322228.389470500056632, 1364829.529964105691761 ], [ 322234.701894295169041, 1364708.059540370944887 ], [ 322257.520862733246759, 1364707.920359038515016 ], [ 322264.565604304894805, 1364638.457667941926047 ], [ 322283.739407460903749, 1364584.851729324087501 ], [ 322293.986305120633915, 1364496.16807052353397 ], [ 322293.018358422559686, 1364337.394665512489155 ], [ 322326.630042665812653, 1364338.03397319256328 ], [ 322353.187935191323049, 1364338.610545870149508 ], [ 322348.494439397763927, 1364249.279577274341136 ], [ 322382.913578409003094, 1364246.221348348073661 ], [ 322382.601208815700375, 1364194.949670501751825 ], [ 322382.35247980884742, 1364154.122466202126816 ], [ 322412.626596106274519, 1364151.722431361442432 ], [ 322411.703881401917897, 1364000.228387306910008 ], [ 322441.991431219328661, 1364000.043938759248704 ], [ 322441.429979796754196, 1363907.839339271420613 ], [ 322471.71783917263383, 1363907.654932578559965 ], [ 322466.952253528521396, 1363806.402962372405455 ], [ 322465.64196597127011, 1363454.77589028282091 ], [ 322498.785877876216546, 1363446.556253470946103 ], [ 322494.900914884347003, 1363353.633505360456184 ], [ 322528.513910514651798, 1363354.273077861173078 ], [ 322525.272319935669657, 1363230.645554978400469 ], [ 322558.053952680551447, 1363231.079163530375808 ], [ 322557.680538218817674, 1363169.679918833076954 ], [ 322587.969148824457079, 1363169.495731079252437 ], [ 322586.834443804458715, 1362982.871547824703157 ], [ 322585.914732560457196, 1362831.588792278897017 ], [ 322620.774224735447206, 1362832.431715534068644 ], [ 322616.016457357793115, 1362800.599538340466097 ], [ 322640.478730080300011, 1362797.496719948714599 ], [ 322641.965858133509755, 1362769.107872880762443 ], [ 322675.992949813138694, 1362769.534114409470931 ], [ 322674.312495024700183, 1362492.921038520056754 ], [ 322704.601792685920373, 1362492.737061815103516 ], [ 322703.668938460759819, 1362339.133476459188387 ], [ 322733.958391823747661, 1362338.949550657533109 ], [ 322732.279034863575362, 1362062.336727693676949 ], [ 322701.989294249331579, 1362062.520618482027203 ], [ 322703.03404032450635, 1361756.139952824218199 ], [ 322730.413688169443049, 1361755.024046841077507 ], [ 322730.227369323838502, 1361724.324585591908544 ], [ 322760.517457014648244, 1361724.140769035322592 ], [ 322760.33117417577887, 1361693.441312256036326 ], [ 322727.131605513510294, 1361692.798709058202803 ], [ 322728.735680738638621, 1361478.516854797955602 ], [ 322759.026023580227047, 1361478.333069352665916 ], [ 322758.839773196203168, 1361447.633506525307894 ], [ 322788.742691419785842, 1361451.988638592418283 ], [ 322788.757078677706886, 1361385.944996717618778 ], [ 322823.630407867371105, 1361388.792952579213306 ], [ 322818.446365406096447, 1361355.064359611365944 ], [ 322827.575065824901685, 1361355.00900147203356 ], [ 322848.320574085577391, 1361354.672134003136307 ], [ 322858.924089255277067, 1361324.118130167946219 ], [ 322878.708149166603107, 1361302.053966276813298 ], [ 322877.537260116194375, 1361108.889407668495551 ], [ 322908.242940433265176, 1361108.703310813754797 ], [ 322907.870222880912479, 1361047.198816126445308 ], [ 322937.746014450793155, 1361047.017787978984416 ], [ 322937.560012058354914, 1361016.31814577896148 ], [ 322967.435831331880763, 1361016.13715203339234 ], [ 322971.76020758622326, 1360907.972851545549929 ], [ 322965.016035668435507, 1360616.620991156669334 ], [ 322995.307240744819865, 1360616.437565124593675 ], [ 322994.191379164869431, 1360432.134724620264024 ], [ 323024.482771589537151, 1360431.951353303156793 ], [ 323054.774160185828805, 1360431.768013402353972 ], [ 323052.356630774680525, 1360032.252256083767861 ], [ 323019.160761631152127, 1360032.558766220230609 ], [ 323018.374446329078637, 1359971.162163062719628 ], [ 322991.401420682203025, 1359971.219746293267235 ], [ 322991.029199392069131, 1359909.715317127294838 ], [ 322960.737261442933232, 1359909.898653815034777 ], [ 322961.222355555742979, 1359510.048696015728638 ], [ 322928.442683009896427, 1359510.669099552789703 ], [ 322928.357127636205405, 1359496.532586710294709 ], [ 322928.256249448633753, 1359479.864063886459917 ], [ 322958.548637145082466, 1359479.680750626139343 ], [ 322955.875026371912099, 1359449.312804718036205 ], [ 322925.166332046617754, 1359449.287562884856015 ], [ 322897.77803539094748, 1359449.347902262117714 ], [ 322896.848345280159265, 1359295.744736097054556 ], [ 322914.679257926472928, 1359293.526868601096794 ], [ 322927.533584000892006, 1359291.866476757219061 ], [ 322923.723110882099718, 1358730.626962938113138 ], [ 322922.679216760559939, 1358558.034536690451205 ], [ 322952.557549490593374, 1358557.853849538834766 ], [ 322951.628775781835429, 1358404.250804859679192 ], [ 322921.750286149675958, 1358404.431472850264981 ], [ 322921.564640881377272, 1358373.732101059751585 ], [ 322951.443161870236509, 1358373.551436898298562 ], [ 322951.256913374760188, 1358342.746426309226081 ], [ 322921.378360922099091, 1358342.9270866275765 ], [ 322923.544019054621458, 1358220.638931369874626 ], [ 322950.514512299210764, 1358219.94840938039124 ], [ 322951.662854938651435, 1358066.649229982169345 ], [ 322979.879175663925707, 1358066.056649374775589 ], [ 322980.197862801433075, 1357912.762743593193591 ], [ 323009.244895386567805, 1357912.270617079222575 ], [ 323008.731258685002103, 1357758.559742070967332 ], [ 323038.610395954805426, 1357758.379247369710356 ], [ 323038.053473813983146, 1357666.175351741025224 ], [ 323068.347723985207267, 1357665.992392766056582 ], [ 323064.61366461426951, 1357459.972925443202257 ], [ 323072.27226497605443, 1357422.473895937437192 ], [ 323096.742933185072616, 1357420.005136659834534 ], [ 323098.099791478482075, 1357369.778804945526645 ], [ 323099.795806466019712, 1357306.995921690948308 ], [ 323128.72203890630044, 1357286.354371078079566 ], [ 323125.925103050307371, 1357235.520124728092924 ], [ 323153.312259004102089, 1357234.932823154842481 ], [ 323159.362730346503668, 1357205.989221140509471 ], [ 323182.178664772363845, 1357204.374611704377457 ], [ 323187.205756971379742, 1357143.365123867988586 ], [ 323220.838363911956549, 1357146.116386581677943 ], [ 323213.558791631949134, 1357108.918610107386485 ], [ 323246.362006115843542, 1357111.780224334448576 ], [ 323244.922248759539798, 1357079.505883879028261 ], [ 323269.001707388320938, 1357080.943291254341602 ], [ 323270.922078819596209, 1357055.295152749167755 ], [ 323275.500791236874647, 1356988.696879527298734 ], [ 323336.924285447224975, 1356988.959524589357898 ], [ 323335.90561285475269, 1356957.63215097784996 ], [ 323360.390434693312272, 1356957.484603206859902 ], [ 323396.495495665236376, 1356957.267068138578907 ], [ 323389.679475328419358, 1356928.084686361253262 ], [ 323426.190486798877828, 1356926.387794406386092 ], [ 323426.005576936120633, 1356895.68829449871555 ], [ 323456.300572355045006, 1356895.505838745739311 ], [ 323456.485450459644198, 1356926.20533478143625 ], [ 323486.780410299543291, 1356926.022906496189535 ], [ 323486.595563952927478, 1356895.323414332000539 ], [ 323547.185535669676028, 1356894.958659522701055 ], [ 323547.000122437253594, 1356864.153754052938893 ], [ 323607.175109749427065, 1356863.791629544692114 ], [ 323606.80569153057877, 1356802.392789559904486 ], [ 323637.100759464083239, 1356802.210533031262457 ], [ 323636.916089283768088, 1356771.511283685686067 ], [ 323690.461392716388218, 1356772.877148478990421 ], [ 323702.083159868896473, 1356773.12375973793678 ], [ 323701.164498357451521, 1356758.359335089568049 ], [ 323696.95162707567215, 1356678.943177667446434 ], [ 323736.822411015164107, 1356683.767531357007101 ], [ 323727.061617141880561, 1356647.956152404891327 ], [ 323756.942010707687587, 1356647.776533939642832 ], [ 323756.75748770928476, 1356617.077302871039137 ], [ 323787.052509773988277, 1356616.895227123051882 ], [ 323786.86802131019067, 1356586.195779263274744 ], [ 323828.36851058260072, 1356585.946414049249142 ], [ 323877.753812611219473, 1356585.649747685994953 ], [ 323877.569424839282874, 1356554.950533214723691 ], [ 323907.864712712471373, 1356554.768589216284454 ], [ 323907.495376632199623, 1356493.26419517211616 ], [ 323937.375686788582243, 1356493.084782075835392 ], [ 323937.191374424030073, 1356462.385576989501715 ], [ 323997.782121966360137, 1356462.021867983508855 ], [ 323997.597875877341721, 1356431.322449944913387 ], [ 324027.893275680893566, 1356431.140646296320483 ], [ 324027.708432878134772, 1356400.335811330471188 ], [ 324087.8842461805325, 1356399.974795299116522 ], [ 324087.700104451039806, 1356369.275611167075112 ], [ 324125.465822341735475, 1356369.049109367653728 ], [ 324148.291004707454704, 1356368.912237770389766 ], [ 324148.106928583525587, 1356338.212730078725144 ], [ 324208.697877105209045, 1356337.849489704240113 ], [ 324208.329234939534217, 1356276.345512621803209 ], [ 324238.624767063534819, 1356276.163947148947045 ], [ 324237.888289030641317, 1356153.261104731354862 ], [ 324267.768902728217654, 1356153.082072558579966 ], [ 324267.272772339056246, 1356070.267980358097702 ], [ 324297.938798154878896, 1356062.593909241259098 ], [ 324296.960025813488755, 1355968.494060814380646 ], [ 324327.255864323058631, 1355968.312627463368699 ], [ 324326.909682916826569, 1355910.500871069030836 ], [ 324326.704381758347154, 1355876.214750675251707 ], [ 324352.435246303211898, 1355876.06069056247361 ], [ 324387.296237778326031, 1355875.852001044200733 ], [ 324387.112482145079412, 1355845.152754505164921 ], [ 324447.289340640068986, 1355844.792621289379895 ], [ 324446.921335641294718, 1355783.288502844516188 ], [ 324473.478574143256992, 1355782.49651266890578 ], [ 324477.265208912664093, 1355721.706299223005772 ], [ 324507.144860024389345, 1355721.316504139453173 ], [ 324505.581716532935388, 1355668.154315812746063 ], [ 324503.319204543484375, 1355567.415725520579144 ], [ 324536.523082717671059, 1355567.639203725848347 ], [ 324535.604710064246319, 1355414.037458965089172 ], [ 324565.901198572362773, 1355413.856344407889992 ], [ 324565.382856856216677, 1355327.138937102397904 ], [ 324568.927472635579761, 1355295.256882777204737 ], [ 324590.850533605960663, 1355282.887950506294146 ], [ 324594.680376178876031, 1355229.271310812793672 ], [ 324634.986529131070711, 1355237.259366328129545 ], [ 324624.609479304286651, 1355167.586343404604122 ], [ 324654.906101771921385, 1355167.405353801324964 ], [ 324654.722724440391175, 1355136.706044326303527 ], [ 324706.600621159537695, 1355136.396209458587691 ], [ 324745.197608953109011, 1355136.165752814151347 ], [ 324775.494248009519652, 1355135.984891830012202 ], [ 324775.328004446520936, 1355108.134176739258692 ], [ 324775.127759802155197, 1355074.586526455823332 ], [ 324800.436666101275478, 1355073.16948983957991 ], [ 324811.581433013197966, 1354993.345488548977301 ], [ 324865.467906881356612, 1354981.8410023835022 ], [ 324865.107313478016295, 1354921.392117735464126 ], [ 324864.895874297246337, 1354885.945801204768941 ], [ 324864.73477974004345, 1354858.938799925381318 ], [ 324895.031471671361942, 1354858.758100040722638 ], [ 324894.847759841824882, 1354827.953406060347334 ], [ 324930.98350657732226, 1354832.485352743184194 ], [ 324924.546699112979695, 1354797.07594553171657 ], [ 324957.333696351968683, 1354796.880469957133755 ], [ 324985.140517555526458, 1354796.714714815607294 ], [ 324982.038610826421063, 1354763.712073004804552 ], [ 325015.254528270335868, 1354765.835110673913732 ], [ 325009.268717455677688, 1354736.436526129953563 ], [ 325043.297179529210553, 1354735.600656643975526 ], [ 325075.250554808590095, 1354734.777298924513161 ], [ 325070.891629911900964, 1354699.777534598251805 ], [ 325105.364092573465314, 1354703.792387713911012 ], [ 325101.005204709479585, 1354668.792623604647815 ], [ 325135.478320099762641, 1354672.912604997400194 ], [ 325131.118842141702771, 1354637.807530937716365 ], [ 325165.592613310378511, 1354642.0331936692819 ], [ 325165.279206585371867, 1354589.390953538240865 ], [ 325185.562981771305203, 1354580.408240351593122 ], [ 325189.32635295734508, 1354515.398447268409654 ], [ 325225.455368679831736, 1354518.77028592932038 ], [ 325224.672418193775229, 1354456.952513528056443 ], [ 325254.971579007920809, 1354457.088830533670262 ], [ 325251.869995044660755, 1354424.085980315459892 ], [ 325285.086232914705761, 1354426.209368851967156 ], [ 325284.723517807899043, 1354365.233063941588625 ], [ 325284.355172061012127, 1354303.307421980658546 ], [ 325319.656278977228794, 1354307.001049272483215 ], [ 325314.104285443318076, 1354210.924401227850467 ], [ 325344.401804723136593, 1354210.744248718721792 ], [ 325344.2192809676053, 1354180.044934386853129 ], [ 325374.516828160267323, 1354179.864816989284009 ], [ 325374.151232258882374, 1354118.361219567712396 ], [ 325404.033770684036426, 1354118.183607935206965 ], [ 325403.851324095739983, 1354087.484634794993326 ], [ 325434.148958966135979, 1354087.304591030580923 ], [ 325433.966546830080915, 1354056.60540106613189 ], [ 325464.26420961227268, 1354056.425392408389598 ], [ 325464.081206970498897, 1354025.620786231476814 ], [ 325494.37889775459189, 1354025.440812692278996 ], [ 325494.19655781891197, 1353994.741742141311988 ], [ 325516.193529082927853, 1353994.611098814988509 ], [ 325524.934755981317721, 1353928.938933153403923 ], [ 325519.395073708030395, 1353904.707097918493673 ], [ 325554.244559687678702, 1353902.179180079838261 ], [ 325551.714722707343753, 1353685.815945307724178 ], [ 325582.850523298839107, 1353686.897110120160505 ], [ 325579.753517089236993, 1353654.632887005340308 ], [ 325583.965896245732438, 1353595.106473385822028 ], [ 325612.601426906825509, 1353594.514516307041049 ], [ 325612.236492337600794, 1353533.011001758743078 ], [ 325589.823999363114126, 1353533.1439931220375 ], [ 325581.574577913735993, 1353471.897999810287729 ], [ 325607.302294593537226, 1353470.901501760585234 ], [ 325613.402842993615195, 1353379.819837283343077 ], [ 325641.624128174851649, 1353379.335928824963048 ], [ 325641.441405822057277, 1353348.531358265550807 ], [ 325615.712959568016231, 1353349.422502790112048 ], [ 325621.573126302682795, 1353287.776425569551066 ], [ 325640.530358460673597, 1353194.930527670308948 ], [ 325669.109862571698613, 1353184.844087661476806 ], [ 325670.100119750131853, 1353071.849077535094693 ], [ 325703.727124007826205, 1353073.021219045156613 ], [ 325699.670196684077382, 1352948.767809014301747 ], [ 325729.553882614767645, 1352948.590679320972413 ], [ 325728.766865390003659, 1352815.794598014093935 ], [ 288749.280475480831228, 1346291.996505917515606 ] ] ] ] } },
{ "type": "Feature", "properties": { "ADM0_EN": "Djibouti", "ADM0_PCODE": "DJ", "ADM1_EN": "Obock", "ADM1_PCODE": "DJ01", "ADM1_AR": "إقليم أوبوخ", "ADM2_EN": "Moulhoule", "ADM2_PCODE": "DJ0114", "x": 12 }, "geometry": { "type": "MultiPolygon", "coordinates": [ [ [ [ 279166.129989242122974, 1361856.391071191290393 ], [ 263382.939055508642923, 1376666.790815366664901 ], [ 263378.571028245554771, 1376676.159601648105308 ], [ 263371.19020875665592, 1376691.991048940690234 ], [ 263333.388578705606051, 1376769.953681024257094 ], [ 263276.540486856771167, 1376887.199715417111292 ], [ 263272.436963892891072, 1376895.697776985121891 ], [ 262922.373981108656153, 1377620.704490260221064 ], [ 262853.079504059802275, 1377764.22889547329396 ], [ 262853.10228731087409, 1377830.165681290905923 ], [ 262853.171682062151376, 1377975.053298114566132 ], [ 262853.413554471742827, 1378004.487512639723718 ], [ 262847.074924056185409, 1378013.945906552253291 ], [ 262814.09236934245564, 1378063.129768366226926 ], [ 262784.983789867023006, 1378107.302032035775483 ], [ 262787.296836482069921, 1378121.28691054135561 ], [ 262787.615891756140627, 1378123.215790470130742 ], [ 262836.319436209625565, 1378399.033469670452178 ], [ 262835.642961209174246, 1378406.872494112001732 ], [ 262830.958043648744933, 1378461.154648661147803 ], [ 262818.872346094227396, 1378604.893908080644906 ], [ 262737.328070041374303, 1378673.179324926109985 ], [ 262430.805230318394024, 1378929.120026293210685 ], [ 262423.177068704622798, 1378935.484116053441539 ], [ 262385.612957011209801, 1378966.823891965439543 ], [ 262305.954134913859889, 1379033.283487659413368 ], [ 262186.254803148389328, 1379256.300680387998 ], [ 262179.602364877588116, 1379285.222985329572111 ], [ 262174.97879144718172, 1379305.49075950216502 ], [ 262162.276771133881994, 1379360.816373802023008 ], [ 262161.786571442848071, 1379362.942602073540911 ], [ 262137.724577771528857, 1379467.322047293419018 ], [ 262134.97953850653721, 1379479.229684667196125 ], [ 262101.099227510683704, 1379524.659789166646078 ], [ 261981.496976388036273, 1379685.002019502688199 ], [ 261968.289342912874417, 1379692.193533394718543 ], [ 261961.285529280285118, 1379695.943541093962267 ], [ 261937.760305216681445, 1379708.823824574239552 ], [ 261793.23621079637087, 1379787.703532978892326 ], [ 261771.977337911579525, 1379781.239452026551589 ], [ 261571.151880021381658, 1379718.936803534161299 ], [ 261439.548463980347151, 1379731.425349210156128 ], [ 261307.826614618068561, 1379743.925676709739491 ], [ 261233.256832794082584, 1379751.001230369322002 ], [ 261212.156938475964125, 1379753.003316291375086 ], [ 261102.930882801563712, 1379835.790577408391982 ], [ 260797.049629877321422, 1380067.765961737604812 ], [ 260579.391114410507726, 1380232.945922217797488 ], [ 260306.167971241811756, 1380798.780598818324506 ], [ 260280.158810489723692, 1380929.127134985290468 ], [ 260254.809614542289637, 1381056.168793658725917 ], [ 260271.998714585293783, 1381279.12517005414702 ], [ 260284.130666660959832, 1381321.77724883845076 ], [ 260340.369549651019042, 1381519.32768088998273 ], [ 260501.749314118205803, 1381770.747254256624728 ], [ 260608.490183574438561, 1381936.608687699772418 ], [ 260640.718152316549094, 1381986.650537739042193 ], [ 260646.811500661540776, 1381996.09849270619452 ], [ 260682.503239299869165, 1382051.465709341224283 ], [ 260870.491283891111379, 1383513.546726509463042 ], [ 260874.093771044077585, 1383541.404133000876755 ], [ 260880.644608769041952, 1383592.793654882349074 ], [ 260886.45455596485408, 1383638.095394721254706 ], [ 260887.148919795959955, 1383642.813097577309236 ], [ 260887.803475615015486, 1383647.085044245468453 ], [ 260939.150799177470617, 1383780.893499582074583 ], [ 260952.884601248777471, 1383816.697846437105909 ], [ 260973.407289210066665, 1383870.168584330240265 ], [ 261121.010898938577157, 1384062.902420195750892 ], [ 261144.096588966902345, 1384093.253643297823146 ], [ 261288.381063693435863, 1384171.286009346367791 ], [ 261366.579124223528197, 1384213.577776435296983 ], [ 261434.842632481362671, 1384316.530961249489337 ], [ 261503.11339966772357, 1384419.495898693334311 ], [ 261520.296482375299092, 1384642.56218991195783 ], [ 261573.647970809426624, 1384726.839739573886618 ], [ 261585.001764905668097, 1384744.759212373290211 ], [ 261621.15103330387501, 1384801.630767360562459 ], [ 261640.050690538773779, 1384831.35629636910744 ], [ 261734.911930598056642, 1384878.910619812319055 ], [ 261757.966232966544339, 1384890.468031759606674 ], [ 261768.884055943082785, 1384895.910623209085315 ], [ 261982.007280380174052, 1385003.146606936119497 ], [ 262134.715275902970461, 1385141.206236555008218 ], [ 262152.899986237112898, 1385157.655075563350692 ], [ 262155.430291316937655, 1385181.608242034679279 ], [ 262161.040582740679383, 1385234.720055729849264 ], [ 262183.11653152492363, 1385445.240360681666061 ], [ 262185.529630965844262, 1385468.301996218506247 ], [ 262187.134096102556214, 1385483.590027058497071 ], [ 262192.875904732500203, 1385495.960436607478186 ], [ 262204.510430067195557, 1385520.978214284870774 ], [ 262306.685263636521995, 1385741.015878028003499 ], [ 262408.58562519249972, 1385744.266447517322376 ], [ 262524.406967215589248, 1385748.066132021835074 ], [ 262665.710940202348866, 1385752.626329832477495 ], [ 262692.42801293253433, 1385753.426435707835481 ], [ 262853.815368983428925, 1385758.621211684541777 ], [ 262914.785321317787748, 1385874.202830706257373 ], [ 263007.67553062364459, 1386051.297378059010953 ], [ 263007.512805004836991, 1386420.025177738862112 ], [ 263007.507465755799785, 1386437.600052487803623 ], [ 263161.182541793561541, 1386668.166473092278466 ], [ 263181.729986645455938, 1386793.302778066601604 ], [ 263318.701947853027377, 1387007.782244395231828 ], [ 263370.378754018514883, 1387088.407470248639584 ], [ 263434.349227686994709, 1387188.792359156301245 ], [ 263604.351884091738611, 1387455.468638507183641 ], [ 263605.721044792502653, 1387457.616261454531923 ], [ 264015.923136441095266, 1387869.656808970263228 ], [ 264201.582922021101695, 1387937.531415226869285 ], [ 264203.916301673161797, 1387938.384448088472709 ], [ 264648.307409859844483, 1387921.671773467678577 ], [ 265178.19812322279904, 1387699.098427405115217 ], [ 265383.450029885221738, 1387699.187488010851666 ], [ 265673.897201397572644, 1387974.017045795219019 ], [ 265798.298501735611353, 1388203.050071062520146 ], [ 265878.970759714720771, 1388351.576042277971283 ], [ 266067.957006217271555, 1388474.459231189917773 ], [ 266169.5750822275877, 1388540.534421667223796 ], [ 266425.107446416805033, 1388550.607148174429312 ], [ 266612.267893723095767, 1388557.986262869555503 ], [ 266613.796620262786746, 1388558.046395268989727 ], [ 266780.70054312387947, 1388468.932556377723813 ], [ 266870.213613498723134, 1388421.062237896956503 ], [ 267035.049906678905245, 1388444.839961399324238 ], [ 267228.94109115714673, 1388472.810116669395939 ], [ 267230.255047057522461, 1388474.787668826524168 ], [ 267295.853222964215092, 1388573.512529664672911 ], [ 267296.902710985508747, 1388575.092417343985289 ], [ 267399.858905901317485, 1388730.366051785647869 ], [ 267406.922626031795517, 1388750.258703518658876 ], [ 267415.100650290842168, 1388773.289035749388859 ], [ 267485.515320106525905, 1388970.577398933237419 ], [ 267485.13870489934925, 1389124.951510407961905 ], [ 267408.258594712475315, 1389199.622397841885686 ], [ 267397.083092122222297, 1389210.476485390216112 ], [ 267385.82662650779821, 1389221.372513189911842 ], [ 267265.032803982496262, 1389338.373236582614481 ], [ 267143.245327210635878, 1389456.084654812002555 ], [ 266989.781712536583655, 1389604.870487050153315 ], [ 266984.683489631977864, 1389645.717314051697031 ], [ 266976.29122884303797, 1389713.377583781024441 ], [ 266955.576029069139622, 1389879.315776103874668 ], [ 267179.904161313199438, 1390104.816325126215816 ], [ 267194.723063763929531, 1390119.71286780689843 ], [ 267231.333945755672175, 1390140.283319212496281 ], [ 267313.570058797427919, 1390186.784302300773561 ], [ 267355.910781298298389, 1390210.693915965501219 ], [ 267468.391586693702266, 1390274.294015682302415 ], [ 267690.419628459902015, 1390549.029103752225637 ], [ 267677.156708842434455, 1390602.364416948985308 ], [ 267655.911116774484981, 1390686.490200932137668 ], [ 267471.294175618269946, 1390871.725394229404628 ], [ 267322.286838109837845, 1391021.112426547100767 ], [ 267279.900541319337208, 1391063.536405154271051 ], [ 267263.038690169865731, 1391080.439113102154806 ], [ 267314.491220435593277, 1391492.130448844050989 ], [ 267336.152732734626625, 1391506.132518352009356 ], [ 267385.409335616161115, 1391537.935935411136597 ], [ 267553.797820574603975, 1391646.783054545288906 ], [ 267586.201044781540986, 1391654.59816250228323 ], [ 267618.599671349278651, 1391662.412234880728647 ], [ 267622.084943348949309, 1391663.269165157806128 ], [ 267624.344676944310777, 1391663.834515881026164 ], [ 267628.541161244502291, 1391664.866259003058076 ], [ 267713.279442271916196, 1391685.351248627528548 ], [ 267825.748298639955465, 1391712.51681099855341 ], [ 267883.485175161855295, 1391726.493049367563799 ], [ 267925.432146981125697, 1391736.664042774355039 ], [ 267980.837410412670579, 1391750.098358095390722 ], [ 267991.736119545355905, 1391762.604163977317512 ], [ 268100.555571102828253, 1391887.400025271577761 ], [ 268151.85223209054675, 1392179.206005379091948 ], [ 268080.857693447265774, 1392576.272472641430795 ], [ 268070.959910331293941, 1392633.868677000980824 ], [ 268066.191242162196431, 1392659.341090946691111 ], [ 268071.759411330916919, 1392783.297877548960969 ], [ 268083.080282221955713, 1393053.899818920297548 ], [ 268134.498347215645481, 1393105.509924925630912 ], [ 268380.649113117251545, 1393242.076562036760151 ], [ 268390.046938113926444, 1393247.287604894721881 ], [ 268414.726472407812253, 1393260.957059849984944 ], [ 268630.140747094294056, 1393380.381860509514809 ], [ 268632.263141732430086, 1393380.517248162999749 ], [ 268839.486590637825429, 1393393.724510033614933 ], [ 268993.51088228833396, 1393403.542332109762356 ], [ 268995.200025320460554, 1393403.649937602691352 ], [ 269028.299026911146939, 1393405.777726496104151 ], [ 269073.170845059794374, 1393408.662333585321903 ], [ 269450.29927300842246, 1393432.723679278511554 ], [ 269672.53097691887524, 1393535.833402005024254 ], [ 269777.499555721296929, 1393680.945293625583872 ], [ 269809.100809276162181, 1393724.547947011189535 ], [ 269860.152344909845851, 1394239.327494904631749 ], [ 270065.344321654003579, 1394754.52324324962683 ], [ 270055.719458319246769, 1394850.799909779801965 ], [ 270048.172333097725641, 1394925.666248286608607 ], [ 270108.601963719876949, 1395060.625184018397704 ], [ 270145.335925208288245, 1395142.726220299256966 ], [ 270201.8204317028285, 1395268.875957664567977 ], [ 270406.905958438233938, 1395457.919454812537879 ], [ 270526.306735552032478, 1395715.300424017012119 ], [ 270748.383489057887346, 1395904.20882830163464 ], [ 270885.332529069390148, 1395921.469072081614286 ], [ 270996.631312651443295, 1395977.548252116888762 ], [ 271124.294401395774912, 1396041.844202447682619 ], [ 272029.831796145997941, 1396059.920365616679192 ], [ 272423.036163064884022, 1395871.647671835264191 ], [ 272867.216219250636641, 1395477.589416072703898 ], [ 273009.424186777556315, 1395430.090643661329523 ], [ 273122.846805836656131, 1395392.238586901687086 ], [ 273584.877978047472425, 1395375.383468333864585 ], [ 273851.86086525087012, 1395644.039180998224765 ], [ 273909.591463021934032, 1395701.675492789130658 ], [ 273966.03100392781198, 1395815.756808089092374 ], [ 273988.671035913750529, 1395861.278335775714368 ], [ 273991.139534478308633, 1395866.251119805499911 ], [ 273994.651281862170435, 1395873.299506085691974 ], [ 274105.3759569239337, 1395977.415689905639738 ], [ 274293.324399198987521, 1396154.135054758284241 ], [ 274336.79877891932847, 1396195.02305005164817 ], [ 274355.655842170235701, 1396212.762382688233629 ], [ 274524.267030893475749, 1396371.317724542226642 ], [ 274564.736421210691333, 1396371.434179825475439 ], [ 274592.712946551735513, 1396371.48385177901946 ], [ 274716.073113819933496, 1396483.145924448501319 ], [ 274763.451375872711651, 1396526.031709169503301 ], [ 274772.596307338215411, 1396529.718547953991219 ], [ 274822.011805076501332, 1396549.595746577251703 ], [ 275104.638012077775784, 1396663.544292176840827 ], [ 275299.369178682565689, 1396638.218610231298953 ], [ 275493.784675857168622, 1396612.784711830085143 ], [ 275547.413425594335422, 1396605.722394039621577 ], [ 275632.09089068567846, 1396594.653112031985074 ], [ 275690.387834758264944, 1396587.000997214112431 ], [ 275754.221524710068479, 1396578.641450402559713 ], [ 276249.664731115102768, 1396579.279050512006506 ], [ 276420.481824405374937, 1396639.516141528496519 ], [ 276591.298047916148789, 1396699.754145655781031 ], [ 276666.167857345484663, 1396740.6620380776003 ], [ 277185.636084214318544, 1397024.442473468603566 ], [ 277189.158043636824004, 1397026.366505071753636 ], [ 277337.40966788912192, 1397168.50332815758884 ], [ 277565.150715263967868, 1397387.034366461215541 ], [ 277640.704181283363141, 1397514.263635613489896 ], [ 277667.170065551996231, 1397558.792568512726575 ], [ 278083.440101708285511, 1397936.587739804526791 ], [ 278123.495239142503124, 1397972.901593143586069 ], [ 278196.931259316392243, 1398039.716833803337067 ], [ 278209.32635082048364, 1398068.500802107388154 ], [ 278221.502377620781772, 1398097.065173467388377 ], [ 278320.022324336168822, 1398328.891153883887455 ], [ 278341.604529016185552, 1398379.771884905640036 ], [ 278350.250593181524891, 1398400.114117229823023 ], [ 278640.616118404781446, 1398692.061849714955315 ], [ 278828.512658276944421, 1398760.880075917113572 ], [ 278882.495439035701565, 1398760.960324514191598 ], [ 278954.070255113765597, 1398761.0345007579308 ], [ 278999.274471245764289, 1398761.12550055468455 ], [ 279066.759469542012084, 1398752.193377308314666 ], [ 279336.378758348873816, 1398716.509542914107442 ], [ 279354.560558717872482, 1398714.103176892036572 ], [ 279467.493816076195799, 1398699.136479556094855 ], [ 279474.29179438855499, 1398698.235566718969494 ], [ 279511.958385052508675, 1398693.185196340316907 ], [ 279665.64587332343217, 1398796.338935662759468 ], [ 279904.812020911253057, 1398796.587776322150603 ], [ 280399.996040163794532, 1399037.409290755866095 ], [ 280878.488317879615352, 1399158.087812656303868 ], [ 280997.811505968333222, 1399261.16412990540266 ], [ 281012.420151176920626, 1399264.332558885682374 ], [ 281071.515402123564854, 1399277.099732856731862 ], [ 281236.507751042721793, 1399312.907473664032295 ], [ 281441.963891580468044, 1399450.515443385578692 ], [ 281629.72654603223782, 1399450.730901417555287 ], [ 281747.223121778457426, 1399527.592679453315213 ], [ 281859.606432853965089, 1399601.110393470851704 ], [ 281932.834143334184773, 1399649.069504736689851 ], [ 281971.324496687215287, 1399674.278267120243981 ], [ 282059.590692927828059, 1399706.077585277380422 ], [ 282135.524165921960957, 1399733.433728545671329 ], [ 282136.637276666937396, 1399733.834598665358499 ], [ 282544.221126742777415, 1399880.565413617528975 ], [ 282682.813445592008065, 1399930.514457599492744 ], [ 282707.873013202799484, 1399939.506697663804516 ], [ 282753.089344103587791, 1399955.758334891870618 ], [ 282903.992774766404182, 1400010.150827472796664 ], [ 283166.682209696969949, 1400104.741447826381773 ], [ 283303.809102656727191, 1400205.018753613112494 ], [ 283354.616667538299225, 1400242.173306836746633 ], [ 283571.263155351683963, 1400302.544894129270688 ], [ 283849.502380106947385, 1400380.082653821446002 ], [ 283982.249139188206755, 1400477.058577025774866 ], [ 284037.749744132510386, 1400517.684484575176612 ], [ 284140.105033819389064, 1400517.793912579771131 ], [ 284272.053468069178052, 1400595.130940967705101 ], [ 284345.394592005410232, 1400638.169663701904938 ], [ 284533.146303197718225, 1400638.4031107716728 ], [ 284631.142538961605169, 1400719.206152618862689 ], [ 284720.798824753204826, 1400793.079646856058389 ], [ 284794.712287272559479, 1400793.203278826549649 ], [ 284857.558676332060713, 1400793.285654888721183 ], [ 285486.606332716706675, 1401068.506748103071004 ], [ 285762.456006655353121, 1401189.202277151867747 ], [ 285865.129767817212269, 1401189.312138736713678 ], [ 285899.143411807890516, 1401189.386321242665872 ], [ 285901.320738762035035, 1401191.014135021716356 ], [ 285947.476775188464671, 1401227.174176927655935 ], [ 286052.650926012662239, 1401309.566733069950715 ], [ 286095.983805993455462, 1401313.620700763072819 ], [ 286156.526692269428167, 1401319.228822068311274 ], [ 286240.405127136560623, 1401327.099661146523431 ], [ 286667.452646694786381, 1401602.182912267511711 ], [ 286872.579634609399363, 1401602.521381535800174 ], [ 287028.129912536707707, 1401666.723423498217016 ], [ 287248.028725793585181, 1401757.486663286108524 ], [ 287252.096512549498584, 1401760.352032587863505 ], [ 287356.074587185052224, 1401833.589623807929456 ], [ 287418.818373516201973, 1401877.768381250323728 ], [ 287447.408147540991195, 1401881.023945028195158 ], [ 287483.333346071420237, 1401885.069899879628792 ], [ 287572.71565730223665, 1401895.243530359817669 ], [ 288116.683925080462359, 1402169.341785396682099 ], [ 288118.938305318879429, 1402170.522918902570382 ], [ 288188.164631626103073, 1402195.914943083422258 ], [ 288857.683076468878426, 1402441.448990777367726 ], [ 288870.339130323496647, 1402446.090410675154999 ], [ 288871.499476063763723, 1402446.870019018650055 ], [ 288950.169296480016783, 1402499.71481842501089 ], [ 289023.991830626619048, 1402549.241050574928522 ], [ 289143.637173957074992, 1402532.31121491920203 ], [ 289245.940148487628903, 1402635.383296874817461 ], [ 289251.909832932054996, 1402636.679828295484185 ], [ 289253.308777094702236, 1402636.983218680368736 ], [ 289440.74155574454926, 1402677.644059673883021 ], [ 289485.087348674773239, 1402687.264370411634445 ], [ 289622.084245526697487, 1402775.207114421296865 ], [ 289674.383881227695383, 1402795.731102440273389 ], [ 289706.417559564055409, 1402808.328364615095779 ], [ 290543.511669186525978, 1403134.951996858930215 ], [ 290611.933750550728291, 1403203.709752370603383 ], [ 290682.333917652373202, 1403197.94812899758108 ], [ 290817.011542867519893, 1403186.92617295938544 ], [ 290825.194290648330934, 1403191.623535624705255 ], [ 291111.379446394857951, 1403357.736534545663744 ], [ 291380.091281981149223, 1403513.663347425404936 ], [ 291555.529622554895468, 1403500.446835652459413 ], [ 291601.944874890847132, 1403496.936498636147007 ], [ 291618.138687761151232, 1403506.334757800679654 ], [ 291946.588367584859952, 1403699.526274443138391 ], [ 292011.61591654876247, 1403737.774506124434993 ], [ 292506.842180056031793, 1403910.177545088808984 ], [ 292523.661549370619468, 1403921.471108444733545 ], [ 292660.555401668301784, 1404013.389979915693402 ], [ 292695.13433284254279, 1404018.405078522628173 ], [ 292898.860166259924881, 1404047.953784404322505 ], [ 292980.902566389646381, 1404081.828660167520866 ], [ 293190.081976202898659, 1404168.623441564152017 ], [ 293381.175640485598706, 1404284.186228969367221 ], [ 293616.697293670848012, 1404426.580031959572807 ], [ 293859.636382876546122, 1404492.15604370390065 ], [ 294003.334000568138435, 1404530.917894176673144 ], [ 294128.61408644518815, 1404564.748449754202738 ], [ 294129.645056273962837, 1404565.578638432314619 ], [ 294299.515663429861888, 1404702.36495763878338 ], [ 294301.143209031317383, 1404702.730753224808723 ], [ 294356.786184488330036, 1404715.229470069985837 ], [ 294453.128003006917424, 1404736.836880191462114 ], [ 294572.682120975921862, 1404822.810359469614923 ], [ 294636.991327076684684, 1404832.198164947796613 ], [ 294685.163863252731971, 1404839.195920036407188 ], [ 294811.633293032995425, 1404857.640988315455616 ], [ 295665.289886888407636, 1405270.801360591547564 ], [ 295892.110756259120535, 1405347.167038162238896 ], [ 295908.373174672364257, 1405348.15387774608098 ], [ 296170.75065311929211, 1405364.077113768318668 ], [ 297353.868046824936755, 1405435.864583819173276 ], [ 297352.125753020052798, 1405193.069996025646105 ], [ 297382.373650460503995, 1405192.853255915921181 ], [ 297381.272996994724963, 1405039.228119745384902 ], [ 297411.106664948863909, 1405039.014402462169528 ], [ 297410.886733078747056, 1405008.310623627156019 ], [ 297381.053032692987472, 1405008.524336550151929 ], [ 297379.731828582822345, 1404824.089779425878078 ], [ 297409.565723768551834, 1404823.876092692138627 ], [ 297408.905282717663795, 1404731.658779649995267 ], [ 297439.153665156103671, 1404731.442170250462368 ], [ 297438.493366301525384, 1404639.224986290792003 ], [ 297468.741843141091522, 1404639.008422552142292 ], [ 297468.522037779039238, 1404608.304549380205572 ], [ 297438.273528066289145, 1404608.521108699496835 ], [ 297437.83310931554297, 1404547.007696855580434 ], [ 297468.08168488566298, 1404546.791146390140057 ], [ 297467.642862824141048, 1404485.488951750099659 ], [ 297497.891499668709002, 1404485.272442491259426 ], [ 297497.670995418040548, 1404454.463028925936669 ], [ 297527.919660892337561, 1404454.246556482976303 ], [ 297527.259786124166567, 1404362.029427816392854 ], [ 297617.591653425595723, 1404361.383208454586565 ], [ 297617.372053745086305, 1404330.679251837311313 ], [ 297647.620833439228591, 1404330.462926155654714 ], [ 297647.399763419409283, 1404299.548100588610396 ], [ 297707.897375978413038, 1404299.115555251948535 ], [ 297707.459151995135471, 1404237.813218915136531 ], [ 297737.293616635142826, 1404237.599965495290235 ], [ 297736.853969858086202, 1404176.086876942776144 ], [ 297764.616595978615806, 1404175.888469603843987 ], [ 297827.600737570668571, 1404175.438450529240072 ], [ 297827.381395859702025, 1404144.734528168803081 ], [ 297857.630342605989426, 1404144.518455193378031 ], [ 297857.411039267200977, 1404113.814648465253413 ], [ 297887.24561229115352, 1404113.601571690523997 ], [ 297886.806331656640396, 1404052.088531828951091 ], [ 297917.055368467234075, 1404051.872536404523998 ], [ 297916.616925393638667, 1403990.464944462059066 ], [ 297946.866023577924352, 1403990.248990229098126 ], [ 297945.330342353845481, 1403775.111040629679337 ], [ 297975.579449161887169, 1403774.895151209784672 ], [ 297975.359580242307857, 1403744.085821531247348 ], [ 298005.608932903327513, 1403743.869967350969091 ], [ 298005.389855582732707, 1403713.1663006846793 ], [ 298035.639236771850847, 1403712.950483278138563 ], [ 298035.201159612974152, 1403651.542828584788367 ], [ 298065.036410772008821, 1403651.33000666112639 ], [ 298064.816659238073044, 1403620.520692510064691 ], [ 298095.065913218539208, 1403620.304954173974693 ], [ 298093.970401281025261, 1403466.680492742685601 ], [ 298124.220032523036934, 1403466.464807264273986 ], [ 298123.343690338660963, 1403343.544355737045407 ], [ 298153.593448731699027, 1403343.328720253892243 ], [ 298152.936150826397352, 1403251.111820454942062 ], [ 298122.686293793958612, 1403251.327442707959563 ], [ 298122.467421329929493, 1403220.623581513296813 ], [ 298152.717311203246936, 1403220.407963665435091 ], [ 298151.841250782250427, 1403097.487437518779188 ], [ 298182.091267785057425, 1403097.271869658958167 ], [ 298180.777139168232679, 1402912.838239832781255 ], [ 298210.612929898663424, 1402912.62568297283724 ], [ 298210.394207378732972, 1402881.921841229079291 ], [ 298240.644445832760539, 1402881.706368484068662 ], [ 298239.549568642978556, 1402727.976649179821834 ], [ 298269.79996713885339, 1402727.761230826377869 ], [ 298269.362716298899613, 1402666.353793691145256 ], [ 298299.613176113809459, 1402666.138416486326605 ], [ 298298.738110902602784, 1402543.218019543681294 ], [ 298328.988697797700297, 1402543.002692303387448 ], [ 298328.113837892829906, 1402420.082100860774517 ], [ 298358.364551857463084, 1402419.866823579650372 ], [ 298357.926841962209437, 1402358.353987825335935 ], [ 298387.763190433732234, 1402358.141700152307749 ], [ 298387.107131763885263, 1402265.924960848409683 ], [ 298417.358001442451496, 1402265.709769828477874 ], [ 298416.264580039307475, 1402111.980239818571135 ], [ 298446.515609690919518, 1402111.765103159239516 ], [ 298445.204905971535482, 1401927.437257141107693 ], [ 298475.45612827676814, 1401927.222179219592363 ], [ 298474.145792692317627, 1401742.894601468229666 ], [ 298504.397207626141608, 1401742.679582277545705 ], [ 298503.960031568887644, 1401681.166594468988478 ], [ 298533.797071391018108, 1401680.954561330378056 ], [ 298533.57889823889127, 1401650.250901430146769 ], [ 298563.830403094354551, 1401650.035959648201242 ], [ 298563.612266663578339, 1401619.332194081740454 ], [ 298593.863799972925335, 1401619.117289016954601 ], [ 298593.426859472529031, 1401557.604553368873894 ], [ 298623.678454186185263, 1401557.389689430361614 ], [ 298623.2423462679144, 1401495.982290526852012 ], [ 298653.494002252991777, 1401495.767467697383836 ], [ 298652.621226999443024, 1401372.847479328978807 ], [ 298682.873009962728247, 1401372.632706409553066 ], [ 298681.799720912938938, 1401221.435476028127596 ], [ 298681.563808739185333, 1401188.199717468814924 ], [ 298704.770682085189037, 1401188.035003177355975 ], [ 298711.211892482242547, 1401161.293551678070799 ], [ 298710.964792080922052, 1401126.474928147858009 ], [ 298733.757268376532011, 1401126.313185905804858 ], [ 298741.032659646123648, 1401100.30469440924935 ], [ 298740.563266079698224, 1401034.149510310031474 ], [ 298772.894890822819434, 1401034.97509823855944 ], [ 298770.37902670702897, 1400972.421889192191884 ], [ 298803.125912047631573, 1400973.350349400890991 ], [ 298799.977175582316704, 1400879.99115673894994 ], [ 298830.229462194489315, 1400879.776615287410095 ], [ 298829.357847078703344, 1400756.856446170248091 ], [ 298859.195811273530126, 1400756.64489285624586 ], [ 298858.978139860322699, 1400725.941408997867256 ], [ 298889.230581912852358, 1400725.72695367783308 ], [ 298889.012946409056894, 1400695.023253493476659 ], [ 298919.265416899695992, 1400694.808834864525124 ], [ 298918.829479119856842, 1400633.29611956095323 ], [ 298949.082010978949256, 1400633.081742024747655 ], [ 298948.211070316727273, 1400510.161771947750822 ], [ 298978.463729080220219, 1400509.947444278979674 ], [ 298977.592995650542434, 1400387.027611569035798 ], [ 299007.845781306212302, 1400386.813333762576804 ], [ 299007.410134658624884, 1400325.300656302366406 ], [ 299037.248526376788504, 1400325.089354342315346 ], [ 299036.596309067565016, 1400232.978564782068133 ], [ 299066.848503680317663, 1400232.65893709147349 ], [ 299066.413780911709182, 1400171.251718806102872 ], [ 299096.666783288470469, 1400171.037568168947473 ], [ 299096.449461318785325, 1400140.333908947184682 ], [ 299126.702492124808487, 1400140.119794984115288 ], [ 299126.267183231073432, 1400078.607272384688258 ], [ 299156.520058101392351, 1400078.393201031722128 ], [ 299156.085578876896761, 1400016.986014783615246 ], [ 299185.924490047909785, 1400016.774913367349654 ], [ 299185.489347590366378, 1399955.262191528454423 ], [ 299215.742562338884454, 1399955.048200317891315 ], [ 299215.3082515996648, 1399893.641146693378687 ], [ 299245.56131027941592, 1399893.427198069402948 ], [ 299244.908484980231151, 1399801.105542087927461 ], [ 299275.161855129932519, 1399800.891637386288494 ], [ 299274.293607578147203, 1399678.077468327945098 ], [ 299304.547104423749261, 1399677.863613433670253 ], [ 299304.329341193777509, 1399647.054558178177103 ], [ 299334.582866616081446, 1399646.840739957988262 ], [ 299334.148911780270282, 1399585.43373286142014 ], [ 299363.988032993103843, 1399585.222884146962315 ], [ 299363.771095690899529, 1399554.519496405264363 ], [ 299394.024710808997042, 1399554.305755436653271 ], [ 299392.938761765195522, 1399400.576979980338365 ], [ 299423.192536559770815, 1399400.363293213071302 ], [ 299422.7588515735697, 1399338.956210788805038 ], [ 299453.01268755516503, 1399338.742565050488338 ], [ 299452.578343105386011, 1399277.230168572394177 ], [ 299482.83224036602769, 1399277.016563875833526 ], [ 299482.398724647937343, 1399215.609614191111177 ], [ 299512.238212619675323, 1399215.398976061027497 ], [ 299512.020749096758664, 1399184.589960062876344 ], [ 299542.274736145162024, 1399184.376432607648894 ], [ 299542.05805348791182, 1399153.672746603842825 ], [ 299572.312068988161627, 1399153.459255791967735 ], [ 299572.095426098676398, 1399122.755906664533541 ], [ 299602.349470032495447, 1399122.542452494148165 ], [ 299601.915518417023122, 1399061.030107775004581 ], [ 299632.169623640715145, 1399060.816694634966552 ], [ 299631.736499278922565, 1398999.409685960737988 ], [ 299661.990665678167716, 1398999.19631383405067 ], [ 299661.773399337427691, 1398968.387323810020462 ], [ 299691.613120515481569, 1398968.176910751732066 ], [ 299691.396634689415805, 1398937.473361229524016 ], [ 299721.65085812372854, 1398937.260061947861686 ], [ 299721.434411274269223, 1398906.556738621089607 ], [ 299751.688663134060334, 1398906.34347597300075 ], [ 299751.038701846031472, 1398814.127533841412514 ], [ 299811.54738931893371, 1398813.701131586683914 ], [ 299811.114732597954571, 1398752.294295071391389 ], [ 299840.953914454206824, 1398751.978414106182754 ], [ 299840.737626187270507, 1398721.275111640570685 ], [ 299870.992057535448112, 1398721.062003843253478 ], [ 299870.77580511814449, 1398690.358485051197931 ], [ 299901.030264877248555, 1398690.145413880003616 ], [ 299900.814050646265969, 1398659.442010676022619 ], [ 299933.148138531134464, 1398660.26940452773124 ], [ 299930.851618905900978, 1398628.420031779911369 ], [ 299954.889506576873828, 1398628.250797565560788 ], [ 299960.930104730592575, 1398603.201246980577707 ], [ 299991.144540650420822, 1398597.290568618103862 ], [ 299990.756154688657261, 1398542.108906768029556 ], [ 300020.552468270761892, 1398535.673788855085149 ], [ 300012.889570329920389, 1398506.922068636631593 ], [ 300050.590300107025541, 1398504.651975783752277 ], [ 300050.548243868164718, 1398439.760613717371598 ], [ 300080.412954142666422, 1398443.03226660261862 ], [ 300080.196974019461777, 1398412.329004749190062 ], [ 300110.450956986285746, 1398412.010762899415568 ], [ 300110.01907389506232, 1398350.603917738189921 ], [ 300170.114159395801835, 1398350.181333123007789 ], [ 300169.681682931957766, 1398288.668961666757241 ], [ 300199.936525747994892, 1398288.456268947571516 ], [ 300199.504876252845861, 1398227.049565051449463 ], [ 300229.759780219523236, 1398226.836913304636255 ], [ 300229.543995192623697, 1398196.133566588163376 ], [ 300259.798927584779449, 1398195.920951448613778 ], [ 300259.582438298151828, 1398165.112063774140552 ], [ 300289.837399209325667, 1398164.899485256057233 ], [ 300289.621688193641603, 1398134.196037782123312 ], [ 300319.876460259314626, 1398133.983497394714504 ], [ 300319.445119211566634, 1398072.576834119157866 ], [ 300349.285901534953155, 1398072.367242626845837 ], [ 300348.853902447619475, 1398010.855044420575723 ], [ 300409.363904493744485, 1398010.430157355265692 ], [ 300408.932054435950704, 1397948.917868282878771 ], [ 300439.18722319311928, 1397948.705481079407036 ], [ 300438.971709538600408, 1397918.002280604327098 ], [ 300499.067829520790838, 1397917.580518589122221 ], [ 300498.852383957011625, 1397886.877106065861881 ], [ 300527.864141940022819, 1397886.673547832993791 ], [ 300528.89198063313961, 1397855.961528428364545 ], [ 300542.569114590296522, 1397855.865577064920217 ], [ 300559.147230444592424, 1397855.749282808275893 ], [ 300558.93112005351577, 1397824.940445065498352 ], [ 300589.186398401041515, 1397824.728236052906141 ], [ 300588.971066520782188, 1397794.025059581268579 ], [ 300619.226373291458003, 1397793.812887159641832 ], [ 300619.011077228817157, 1397763.109494365286082 ], [ 300649.266412404365838, 1397762.897358533460647 ], [ 300649.051155260414816, 1397732.194191920105368 ], [ 300678.892029126523994, 1397731.984998157480732 ], [ 300678.676068288739771, 1397701.176180128008127 ], [ 300708.931460500345565, 1397700.964117044582963 ], [ 300708.716275328653865, 1397670.260628320975229 ], [ 300738.971695963526145, 1397670.048601823626086 ], [ 300738.756550481135491, 1397639.345449924934655 ], [ 300769.011999538750388, 1397639.133460012031719 ], [ 300768.796151192160323, 1397608.324656824814156 ], [ 300799.051628760062158, 1397608.112703510094434 ], [ 300798.836556465597823, 1397577.409340184880421 ], [ 300828.677570797852241, 1397577.200326432008296 ], [ 300828.463274609996006, 1397546.602513538207859 ], [ 300858.718808975885622, 1397546.390632928814739 ], [ 300858.503072641673498, 1397515.581844478845596 ], [ 300888.75863556121476, 1397515.37000046367757 ], [ 300888.543676440836862, 1397484.666873115347698 ], [ 300918.799267783295363, 1397484.45506567787379 ], [ 300918.368687781854533, 1397422.942943995120004 ], [ 300948.624340363661759, 1397422.731177496025339 ], [ 300948.193106663180515, 1397361.113631948595867 ], [ 300978.448820576653816, 1397360.901906400453299 ], [ 300978.019886739435606, 1397299.601008290890604 ], [ 301038.116937009093817, 1397299.180570585187525 ], [ 301037.471919924020767, 1397206.965389976976439 ], [ 301067.727784577524289, 1397206.75378238921985 ], [ 301067.297615909599699, 1397145.241825075820088 ], [ 301097.55354179313872, 1397145.030258414102718 ], [ 301097.124195220065303, 1397083.623857486294582 ], [ 301127.380182218970731, 1397083.412331732921302 ], [ 301126.950181038933806, 1397021.900285785784945 ], [ 301156.791730127064511, 1397021.691698016831651 ], [ 301156.577138051972724, 1396990.988508174661547 ], [ 301186.833214732818305, 1396990.777059461921453 ], [ 301186.404109898139723, 1396929.370690209558234 ], [ 301216.659509517019615, 1396929.053626441629604 ], [ 301216.444997544051148, 1396898.350557640660554 ], [ 301246.701163881225511, 1396898.139186402317137 ], [ 301246.486687695782166, 1396867.43590125371702 ], [ 301276.742882448248565, 1396867.224566572345793 ], [ 301276.313273797160946, 1396805.712682648561895 ], [ 301306.569529768894427, 1396805.501388876466081 ], [ 301306.147372762556188, 1396745.044636741047725 ], [ 301305.711235493654385, 1396682.583079945296049 ], [ 301335.553114346403163, 1396682.37472952529788 ], [ 301334.91009240585845, 1396590.265258620493114 ], [ 301365.166568812914193, 1396590.054059218615294 ], [ 301364.951533461804502, 1396559.245362495305017 ], [ 301395.208038373733871, 1396559.034199655987322 ], [ 301394.779519543168135, 1396497.627796434564516 ], [ 301425.036085567204282, 1396497.416674478678033 ], [ 301424.60691581555875, 1396435.904958287486807 ], [ 301454.863543043611571, 1396435.693877226673067 ], [ 301454.43519206403289, 1396374.287495932308957 ], [ 301484.277372476179153, 1396374.079346721759066 ], [ 301484.062500451633241, 1396343.270671393256634 ], [ 301514.319217347889207, 1396343.059667324647307 ], [ 301513.891024804674089, 1396281.653417312074453 ], [ 301544.147802787425462, 1396281.442454116884619 ], [ 301541.214460257615428, 1396217.415588294621557 ], [ 301573.975796706974506, 1396219.719637024216354 ], [ 301570.840570250991732, 1396186.188134992029518 ], [ 301604.018432299082633, 1396188.805638424353674 ], [ 301603.755923424498178, 1396151.138766192598268 ], [ 301603.58974586345721, 1396127.293764448026195 ], [ 301626.386233626166359, 1396127.134904522914439 ], [ 301633.632739991415292, 1396096.379926244961098 ], [ 301656.000770090497099, 1396094.219178898027167 ], [ 301663.261503561283462, 1396065.468794447369874 ], [ 301689.37347810837673, 1396065.286894709803164 ], [ 301693.304410643235315, 1396034.554929481586441 ], [ 301719.00233194231987, 1396034.375945104053244 ], [ 301723.133045617607422, 1395972.832360091386363 ], [ 301753.390120839700103, 1395972.621665221173316 ], [ 301753.176339595462196, 1395941.918692038860172 ], [ 301783.43344324012287, 1395941.708033694187179 ], [ 301783.219697753607761, 1395911.004844141192734 ], [ 301836.687764122500084, 1395910.632671333150938 ], [ 301843.105035478773061, 1395879.778124067233875 ], [ 301866.316209030919708, 1395879.616599257104099 ], [ 301873.1485524099553, 1395848.864284437149763 ], [ 301895.945233031641692, 1395848.705671551870182 ], [ 301902.97780713008251, 1395787.142213827930391 ], [ 301940.330551134538837, 1395793.951800401089713 ], [ 301933.021493644453585, 1395756.22857259074226 ], [ 301969.95607986592222, 1395762.513582571409643 ], [ 301963.065247372142039, 1395725.31519402214326 ], [ 301999.168516865815036, 1395731.289267369080335 ], [ 301992.694547731429338, 1395694.404407154535875 ], [ 302028.794396152894478, 1395699.85134994215332 ], [ 302022.737697962031234, 1395663.385455430950969 ], [ 302058.420122767682187, 1395668.413253355771303 ], [ 302052.781648517178837, 1395632.47220063325949 ], [ 302088.046648272837047, 1395637.080631511984393 ], [ 302082.612295951636042, 1395570.855847112834454 ], [ 302112.869745148112997, 1395570.645593949593604 ], [ 302112.655681053292938, 1395539.837024576729164 ], [ 302142.498640050063841, 1395539.629687627777457 ], [ 302142.285344605450518, 1395508.92644662107341 ], [ 302172.542850757716224, 1395508.716266049537808 ], [ 302172.329594897688366, 1395478.013361834455281 ], [ 302202.587129470310174, 1395477.80321776936762 ], [ 302202.373909351183102, 1395447.100097194546834 ], [ 302232.630740250460804, 1395446.784555524354801 ], [ 302232.417557423468679, 1395416.081439843401313 ], [ 302262.675148911541328, 1395415.871368802618235 ], [ 302262.249596642912365, 1395354.570913739269599 ], [ 302292.507249052752741, 1395354.360883504617959 ], [ 302292.29268026369391, 1395323.446688784984872 ], [ 302352.393516685930081, 1395323.029609753517434 ], [ 302351.967454500030726, 1395261.623639207798988 ], [ 302382.225192418321967, 1395261.413718060124665 ], [ 302382.011470263591036, 1395230.605414607096463 ], [ 302412.269236694206484, 1395230.395529971225187 ], [ 302412.056281692057382, 1395199.692444127984345 ], [ 302472.157344094943255, 1395199.275654226308689 ], [ 302471.731578410952352, 1395137.869612044654787 ], [ 302501.989430100074969, 1395137.659836449660361 ], [ 302501.563018052140251, 1395076.148481877055019 ], [ 302531.820930903428234, 1395075.938747101696208 ], [ 302531.608129133703187, 1395045.235681340098381 ], [ 302561.866070365533233, 1395045.025983054423705 ], [ 302561.653306621359661, 1395014.323032784974203 ], [ 302591.911276270751841, 1395014.113370987353846 ], [ 302591.485095894779079, 1394952.601825674762949 ], [ 302621.328600405133329, 1394952.395076220156625 ], [ 302621.530442862422206, 1394921.689375402405858 ], [ 302651.373975381604396, 1394921.482661932706833 ], [ 302651.161326815607026, 1394890.779616210842505 ], [ 302681.419414459494874, 1394890.570067753782496 ], [ 302681.206073049805127, 1394859.76159309502691 ], [ 302711.464189220103435, 1394859.552081134868786 ], [ 302711.251615939778276, 1394828.849155793897808 ], [ 302741.509760510583874, 1394828.639680314576253 ], [ 302741.297223714296706, 1394797.936649258714169 ], [ 302801.39903722202871, 1394797.520672025624663 ], [ 302801.186571401078254, 1394766.817871340317652 ], [ 302861.702961511677131, 1394766.399161925073713 ], [ 302861.489834686042741, 1394735.590715423924848 ], [ 302891.747838810959365, 1394735.381414794828743 ], [ 302891.535477841913234, 1394704.67829629057087 ], [ 302921.793727665848564, 1394704.469030632404611 ], [ 302921.581406234705355, 1394673.766248890198767 ], [ 302951.42537210782757, 1394673.559884364251047 ], [ 302951.414390203310177, 1394612.045811622869223 ], [ 302981.258199075004086, 1394611.839488831348717 ], [ 302981.045954763074405, 1394581.136496092891321 ], [ 303011.30432260921225, 1394580.927343726158142 ], [ 303010.879185131634586, 1394519.416045570978895 ], [ 303041.137614124338143, 1394519.206933989888057 ], [ 303040.925448900205083, 1394488.503951576771215 ], [ 303071.183906265359838, 1394488.294876462081447 ], [ 303070.971779804094695, 1394457.592120189685374 ], [ 303101.230265588848852, 1394457.383081539766863 ], [ 303100.80536037805723, 1394395.871703210985288 ], [ 303130.649373944383115, 1394395.665568333584815 ], [ 303130.437325347273145, 1394364.962711702566594 ], [ 303160.695900729042478, 1394364.753749852534384 ], [ 303160.483888596820179, 1394334.050787449581549 ], [ 303190.742492374032736, 1394333.841862059896812 ], [ 303190.529789558320772, 1394303.033470982452855 ], [ 303220.788421842909884, 1394302.824582066852599 ], [ 303220.364552639308386, 1394241.418898606672883 ], [ 303250.623245931579731, 1394241.210050446912646 ], [ 303250.411350850597955, 1394210.507213857490569 ], [ 303280.255536810494959, 1394210.301262595923617 ], [ 303280.042950228322297, 1394179.492886698571965 ], [ 303310.301700479118153, 1394179.284111022949219 ], [ 303309.878062934090849, 1394117.87845782074146 ], [ 303340.136874224699568, 1394117.669722894206643 ], [ 303339.925094203907065, 1394086.966790822334588 ], [ 303370.183933887863532, 1394086.758092346601188 ], [ 303369.971463970665354, 1394055.949731681961566 ], [ 303400.230332159786485, 1394055.741069671232253 ], [ 303400.018627351382747, 1394025.038257943699136 ], [ 303430.277523933560587, 1394024.829632380744442 ], [ 303429.853466492786538, 1393963.318585863802582 ], [ 303459.697885189438239, 1393963.11285839159973 ], [ 303459.486258203629404, 1393932.409946287283674 ], [ 303489.745244364894461, 1393932.201397484866902 ], [ 303489.322070165944751, 1393870.795694224536419 ], [ 303519.581117341178469, 1393870.587186158169061 ], [ 303519.368842918425798, 1393839.778851002687588 ], [ 303579.886990046012215, 1393839.361939932685345 ], [ 303579.675513436261099, 1393808.659268552903086 ], [ 303614.929740457097068, 1393811.476278847083449 ], [ 303608.885037445579655, 1393716.239846562733874 ], [ 303639.144231085083447, 1393716.031488134758547 ], [ 303638.932835336483549, 1393685.328495679656044 ], [ 303669.192057348089293, 1393685.120173687813804 ], [ 303668.769347883528098, 1393623.71464161365293 ], [ 303699.02790525497403, 1393623.400927091948688 ], [ 303698.816589267575182, 1393592.698055559769273 ], [ 303734.06959635973908, 1393595.304492087569088 ], [ 303728.864732203597669, 1393561.787164589622989 ], [ 303752.491799084004015, 1393561.62458877870813 ], [ 303765.152233545552008, 1393533.99852622137405 ], [ 303788.757544801628683, 1393530.670664227800444 ], [ 303788.519487618817948, 1393496.064234173623845 ], [ 303795.79558302089572, 1393469.108416156377643 ], [ 303818.593845448107459, 1393468.951607178431004 ], [ 303818.405177217733581, 1393441.519507616758347 ], [ 303818.171525437268429, 1393407.546125878579915 ], [ 303844.285987649462186, 1393407.366537893656641 ], [ 303848.008053707540967, 1393345.827020681230351 ], [ 303871.635394528973848, 1393345.664567614207044 ], [ 303877.845561070251279, 1393284.213510130532086 ], [ 303905.61726830562111, 1393283.916942249285057 ], [ 303914.939973390777595, 1393253.148798631737009 ], [ 303937.738395280204713, 1393252.992108799284324 ], [ 303937.549871096969582, 1393225.559917444130406 ], [ 303967.787063824769575, 1393222.081341199576855 ], [ 303967.401389399834443, 1393165.951327966060489 ], [ 303997.624256424489431, 1393160.362470919732004 ], [ 303997.279970682866406, 1393110.246246307855472 ], [ 304027.462210085941479, 1393098.749196659307927 ], [ 304024.754712373367511, 1393066.691839515930042 ], [ 304057.510932486271486, 1393067.838564110221341 ], [ 304057.299364607781172, 1393037.030210507102311 ], [ 304087.559213087020908, 1393036.822427647886798 ], [ 304086.989108819689136, 1392953.788113220594823 ], [ 304086.504507758771069, 1392883.203306965529919 ], [ 304123.830209525534883, 1392885.690566834527999 ], [ 304115.716494414198678, 1392790.679384855320677 ], [ 304145.976378317805938, 1392790.471701588481665 ], [ 304145.55569814419141, 1392729.171661824919283 ], [ 304175.815860254864674, 1392728.964017734630033 ], [ 304175.604475572239608, 1392698.156019482994452 ], [ 304205.86466617253609, 1392697.948411810910329 ], [ 304205.654040558380075, 1392667.245630106655881 ], [ 304242.988670956168789, 1392670.998941861325875 ], [ 304235.703672604286112, 1392636.335503270616755 ], [ 304262.233235997729935, 1392636.153552941046655 ], [ 304272.385738881537691, 1392605.379714663373306 ], [ 304295.599087353446521, 1392605.220540377311409 ], [ 304295.39580705750268, 1392575.572876534657553 ], [ 304325.648154146387242, 1392574.204877771437168 ], [ 304325.820411698659882, 1392538.857129198964685 ], [ 304385.958338611293584, 1392543.087405967293307 ], [ 304385.747930962941609, 1392512.38465272448957 ], [ 304416.008287785807624, 1392512.177295137196779 ], [ 304415.797194892074913, 1392481.369113911874592 ], [ 304475.903402810450643, 1392480.957343256101012 ], [ 304475.693103146739304, 1392450.254825208568946 ], [ 304505.953512684209272, 1392450.047572099836543 ], [ 304505.743248657439835, 1392419.344837608281523 ], [ 304536.003686554497108, 1392419.137620888883248 ], [ 304535.582516231690533, 1392357.626840048236772 ], [ 304565.843015223857947, 1392357.419664002023637 ], [ 304565.632830076443497, 1392326.716939771780744 ], [ 304595.478796952287666, 1392326.512637649197131 ], [ 304595.058506136469077, 1392265.107420610729605 ], [ 304625.319094524893444, 1392264.90032116509974 ], [ 304624.89816488546785, 1392203.389571590116248 ], [ 304655.158814344962593, 1392203.182512810686603 ], [ 304654.948749326635152, 1392172.479804213624448 ], [ 304685.209427138150204, 1392172.272781815379858 ], [ 304684.788656249176711, 1392110.762163432314992 ], [ 304715.049395150621422, 1392110.555181695381179 ], [ 304714.839410502812825, 1392079.852704621851444 ], [ 304745.10017778078327, 1392079.645759262610227 ], [ 304744.679562598350458, 1392018.13482952862978 ], [ 304774.525826323078945, 1392017.930759144481272 ], [ 304774.315920076915063, 1391987.228292245883495 ], [ 304804.576776850270107, 1391987.021423478377983 ], [ 304804.366906226263382, 1391956.318740148795769 ], [ 304834.627791373757645, 1391956.111907755024731 ], [ 304834.417959395330399, 1391925.40945052402094 ], [ 304864.678872896707617, 1391925.202654502121732 ], [ 304864.468356107943691, 1391894.394548276206478 ], [ 304888.925697637605481, 1391894.227439588634297 ], [ 304894.657214411708992, 1391883.636899214470759 ], [ 304894.309784999117255, 1391832.782562220236287 ], [ 304922.912411255761981, 1391832.587171089136973 ], [ 304923.946502961043734, 1391801.876011539949104 ], [ 304939.698870314168744, 1391801.768418746534735 ], [ 304954.206814294622745, 1391801.56389594078064 ], [ 304954.02955844020471, 1391775.609130392549559 ], [ 304953.787458693608642, 1391740.158800519537181 ], [ 304973.68521440011682, 1391740.022922080941498 ], [ 304984.04855113197118, 1391739.952158083906397 ], [ 304983.921757878211793, 1391721.382761435350403 ], [ 304983.628556745999958, 1391678.441309083485976 ], [ 305007.671608774980996, 1391678.277157477103174 ], [ 305013.81264231109526, 1391666.945576406316832 ], [ 305013.470521374605596, 1391616.829633515328169 ], [ 305041.658994927885942, 1391616.637219718657434 ], [ 305043.311910698539577, 1391555.112576899118721 ], [ 305073.573186160996556, 1391554.906056359177455 ], [ 305073.15416325640399, 1391493.500893568154424 ], [ 305103.000928088906221, 1391493.297242143889889 ], [ 305102.791455204715021, 1391462.594610505038872 ], [ 305126.419383962522261, 1391462.327979946974665 ], [ 305132.97077338892268, 1391450.360463253688067 ], [ 305132.633235390065238, 1391400.877702271332964 ], [ 305160.407333118608221, 1391400.688262941548601 ], [ 305162.475159362133127, 1391339.160734874894843 ], [ 305192.736646289122291, 1391338.954372119624168 ], [ 305192.317947512026876, 1391277.54936194466427 ], [ 305222.579495367070194, 1391277.343039796687663 ], [ 305222.160158892162144, 1391215.832276167348027 ], [ 305252.007192472694442, 1391215.628820419311523 ], [ 305251.797924443380907, 1391184.926436410984024 ], [ 305279.157640510238707, 1391184.739967197878286 ], [ 305281.850329306325875, 1391154.017590346513316 ], [ 305295.944613709230907, 1391153.921544976066798 ], [ 305312.111994984326884, 1391153.811381070874631 ], [ 305311.915740808355622, 1391125.00811579823494 ], [ 305311.692892028426286, 1391092.300979398190975 ], [ 305329.93264834699221, 1391092.176710800500587 ], [ 305341.954401395109016, 1391092.094812215305865 ], [ 305341.808496034820564, 1391070.676790532656014 ], [ 305341.745246974169277, 1391061.392111357999966 ], [ 305372.007002048776485, 1391061.185979036614299 ], [ 305371.701594074664172, 1391016.345623295055702 ], [ 305371.588056884938851, 1390999.675597853027284 ], [ 305384.438894144608639, 1390999.588076021522284 ], [ 305401.849872989347205, 1390999.469506139867008 ], [ 305401.711208173423074, 1390979.106699177762493 ], [ 305401.640798079024535, 1390968.766926152165979 ], [ 305410.346296336036175, 1390968.707646417897195 ], [ 305461.749904317664914, 1390968.357669733231887 ], [ 305461.540900117077399, 1390937.655320024350658 ], [ 305491.802768814028241, 1390937.449332633987069 ], [ 305491.593799448455684, 1390906.746655868366361 ], [ 305521.855696508660913, 1390906.54070481355302 ], [ 305521.437122070230544, 1390845.030371841276065 ], [ 305551.699080156045966, 1390844.824461384443566 ], [ 305551.490190282580443, 1390814.121905457228422 ], [ 305581.33759624772938, 1390813.918851532274857 ], [ 305581.128744522517081, 1390783.216521629830822 ], [ 305611.390759389731102, 1390783.010683396831155 ], [ 305611.026949555554893, 1390729.518754228716716 ], [ 305610.972415346768685, 1390721.50026979460381 ], [ 305641.234491216950119, 1390721.294472153531387 ], [ 305641.04652249335777, 1390693.651675261789933 ], [ 305671.287820963712875, 1390690.386169892270118 ], [ 305671.078366750851274, 1390659.578201664611697 ], [ 305731.602628012129571, 1390659.166783799417317 ], [ 305731.393961741239764, 1390628.4644780238159 ], [ 305761.241535815468524, 1390628.261638674419373 ], [ 305761.03362185601145, 1390597.664659066824242 ], [ 305791.295807062590029, 1390597.459038367494941 ], [ 305791.08649668446742, 1390566.65108884498477 ], [ 305821.348710363614373, 1390566.445504481904209 ], [ 305820.930884771572892, 1390504.935047700535506 ], [ 305851.193159447982907, 1390504.729503915412351 ], [ 305850.778285066597164, 1390443.641339116496965 ], [ 305850.566196471510921, 1390412.411341093713418 ], [ 305877.097619401174597, 1390412.231175682274625 ], [ 305880.412347592820879, 1390350.906382707646117 ], [ 305910.260190186440013, 1390350.703738801879808 ], [ 305910.051046406268142, 1390319.895810854854062 ], [ 305940.313504080753773, 1390319.690388333983719 ], [ 305940.105114618316293, 1390288.988118424545974 ], [ 305970.367600650526583, 1390288.782732215709984 ], [ 305970.159246754134074, 1390258.080245878314599 ], [ 306000.421761144069023, 1390257.874895981047302 ], [ 305999.796111174160615, 1390165.662353069288656 ], [ 306030.058719085413031, 1390165.457047974923626 ], [ 306029.642183728632517, 1390104.052318664966151 ], [ 306059.904852548032068, 1390103.847054116427898 ], [ 306059.695908396446612, 1390073.03915204340592 ], [ 306089.544015461811796, 1390072.836735165910795 ], [ 306089.335822237888351, 1390042.134159096051008 ], [ 306119.598547936882824, 1390041.928966731997207 ], [ 306119.390394021756947, 1390011.226727363653481 ], [ 306210.178643632447347, 1390010.611355374800041 ], [ 306209.761827133945189, 1389949.101029446814209 ], [ 306239.6100421147421, 1389948.898786993231624 ], [ 306239.194023089134134, 1389887.494014149531722 ], [ 306269.456890730943996, 1389887.289002860430628 ], [ 306269.248205996118486, 1389856.481134472182021 ], [ 306299.511102104210295, 1389856.276159493485466 ], [ 306299.095241106231697, 1389794.871517643798143 ], [ 306329.358198094938416, 1389794.666583193000406 ], [ 306329.150307653704658, 1389763.964377996511757 ], [ 306359.41329297714401, 1389763.75947983795777 ], [ 306358.996873214840889, 1389702.249094767030329 ], [ 306419.10836675518658, 1389701.842217418830842 ], [ 306418.484324626566377, 1389609.629772436805069 ], [ 306479.010591911850497, 1389609.220242017880082 ], [ 306478.802890789695084, 1389578.518061359645799 ], [ 306509.065833351400215, 1389578.313349934061989 ], [ 306508.649794357712381, 1389516.803235283587128 ], [ 306538.913015232654288, 1389516.598562914412469 ], [ 306538.497773221693933, 1389455.194001273019239 ], [ 306568.346674099564552, 1389454.992171125253662 ], [ 306568.139091192977503, 1389424.289784693857655 ], [ 306598.402401364641264, 1389424.085188675671816 ], [ 306597.98660219355952, 1389362.575105062685907 ], [ 306628.249755992146675, 1389362.370551033411175 ], [ 306627.834753376315348, 1389300.966020377585664 ], [ 306658.098185389651917, 1389300.761505382368341 ], [ 306657.890010203002021, 1389269.953702965285629 ], [ 306688.15347067755647, 1389269.749224259285256 ], [ 306687.946044202661142, 1389239.046747556189075 ], [ 306718.209533025277779, 1389238.842305123806 ], [ 306718.002145817910787, 1389208.14016509661451 ], [ 306778.114574594073929, 1389207.734184473054484 ], [ 306777.90654305764474, 1389176.926400680327788 ], [ 306808.170084564597346, 1389176.722062413115054 ], [ 306807.962801990681328, 1389146.019714885158464 ], [ 306838.226371865253896, 1389145.815412887139246 ], [ 306837.811886014882475, 1389084.410838637268171 ], [ 306868.075516747892834, 1389084.206577128032222 ], [ 306867.660403186571784, 1389022.696692840894684 ], [ 306897.509491042932495, 1389022.495269384933636 ], [ 306897.09517118340591, 1388961.090827108826488 ], [ 306927.358923794934526, 1388960.886646145256236 ], [ 306927.151091142557561, 1388930.078888101736084 ], [ 306957.414872188004665, 1388929.874743414344266 ], [ 306957.00070868129842, 1388868.470210842089728 ], [ 306987.264550601015799, 1388868.266106633702293 ], [ 306985.597618619387504, 1388805.498478304594755 ], [ 307017.113662795163691, 1388806.552200347650796 ], [ 307013.15347097767517, 1388772.604350786423311 ], [ 307047.170592687441967, 1388775.645861723460257 ], [ 307041.99506522557931, 1388745.926747934194282 ], [ 307076.812981162976939, 1388744.74246919201687 ], [ 307076.605342818249483, 1388713.934736257651821 ], [ 307137.13331480929628, 1388713.52685754140839 ], [ 307136.926456563873217, 1388682.824564907932654 ], [ 307167.190468835411593, 1388682.620677819941193 ], [ 307166.983649082598276, 1388651.918611259199679 ], [ 307197.247689698706381, 1388651.71476042130962 ], [ 307197.04090545582585, 1388621.012477363226935 ], [ 307226.890365397674032, 1388620.811454759445041 ], [ 307226.682907747686841, 1388590.003745216876268 ], [ 307256.947005221736617, 1388589.799966451479122 ], [ 307256.740295290830545, 1388559.097803552867845 ], [ 307287.004421109333634, 1388558.894061034079641 ], [ 307286.797747429751325, 1388528.191792278783396 ], [ 307317.061901592649519, 1388527.988086004974321 ], [ 307316.855266397236846, 1388497.286043318919837 ], [ 307347.118737928452902, 1388496.976720873033628 ], [ 307346.912139741471037, 1388466.274682954652235 ], [ 307377.176350704336073, 1388466.071049181045964 ], [ 307376.76393988810014, 1388404.772082725306973 ], [ 307406.613599780714139, 1388404.571278342045844 ], [ 307406.405659753130749, 1388373.658167011337355 ], [ 307436.669960065511987, 1388373.454609503736719 ], [ 307436.256996771902777, 1388312.050342700211331 ], [ 307496.785714917001314, 1388311.643340605776757 ], [ 307496.372190778376535, 1388250.133661890635267 ], [ 307526.636608703120146, 1388249.930217314278707 ], [ 307526.429530868656002, 1388219.122556868707761 ], [ 307556.279363080859184, 1388218.921934959245846 ], [ 307556.073739739367738, 1388188.325251955306157 ], [ 307586.338214423623867, 1388188.121879405342042 ], [ 307586.131918767932802, 1388157.419659506995231 ], [ 307646.660920673864894, 1388157.013018891913816 ], [ 307646.453986314183567, 1388126.205377014121041 ], [ 307706.982819456141442, 1388125.798874392174184 ], [ 307706.776664230739698, 1388095.096893725218251 ], [ 307821.201541562215425, 1388094.328799668699503 ], [ 307887.534680615237448, 1388093.883737995987758 ], [ 307887.328721674508415, 1388063.181451106676832 ], [ 307947.857836088864133, 1388062.775474440539256 ], [ 307947.651240333216265, 1388031.967876312322915 ], [ 308008.180403406149708, 1388031.56203615758568 ], [ 308007.974585612188093, 1388000.860099096549675 ], [ 308068.089180760318413, 1388000.457173996139318 ], [ 308067.883430486661382, 1387969.755024577956647 ], [ 308128.412690498924349, 1387969.349456495605409 ], [ 308128.207011153222993, 1387938.647537298500538 ], [ 308218.586350687139202, 1387938.042214177781716 ], [ 308218.38006538967602, 1387907.234656141139567 ], [ 308278.909414350404404, 1387906.829424174968153 ], [ 308278.703903715941124, 1387876.12719515687786 ], [ 308308.968604461755604, 1387875.92463139211759 ], [ 308308.557664541644044, 1387814.520625947508961 ], [ 308338.822426135069691, 1387814.318102580262348 ], [ 308338.410863646073267, 1387752.808677206281573 ], [ 308368.675686177622993, 1387752.60619424842298 ], [ 308368.470295369974338, 1387721.903980643255636 ], [ 308398.320526524679735, 1387721.704307134961709 ], [ 308397.909120195312425, 1387660.194901880575344 ], [ 308428.174032066657674, 1387659.9924950923305 ], [ 308427.557404846069403, 1387567.78089811373502 ], [ 308457.822410099965055, 1387567.578535915119573 ], [ 308457.411883610417135, 1387506.174583745887503 ], [ 308487.676949706161395, 1387505.972261931747198 ], [ 308487.471726379706524, 1387475.270401510642841 ], [ 308517.736820819904096, 1387475.068115892354399 ], [ 308517.530928351450711, 1387444.260608450276777 ], [ 308547.3814277962083, 1387444.061129583278671 ], [ 308547.176275704230648, 1387413.358946750639006 ], [ 308577.441427001613192, 1387413.156733095878735 ], [ 308577.236314065870829, 1387382.454886895604432 ], [ 308607.501493707473855, 1387382.252709432737902 ], [ 308607.295712005347013, 1387351.445216258289292 ], [ 308637.560920084128156, 1387351.243075000587851 ], [ 308637.355879559239838, 1387320.541017083683982 ], [ 308667.621116000809707, 1387320.338912015315145 ], [ 308667.416113887738902, 1387289.637080087326467 ], [ 308697.681378673180006, 1387289.435011206427589 ], [ 308697.270745256333612, 1387227.925373881356791 ], [ 308727.121444726828486, 1387227.726112899370492 ], [ 308726.916520513943397, 1387197.024290999863297 ], [ 308757.181874620146118, 1387196.822298247832805 ], [ 308756.772103041294031, 1387135.418443298665807 ], [ 308787.037517953838687, 1387135.216490910155699 ], [ 308786.831967150326818, 1387104.40902746305801 ], [ 308817.097410516638774, 1387104.207111270166934 ], [ 308816.687794864643365, 1387042.803165844641626 ], [ 308846.953299015585799, 1387042.60129001038149 ], [ 308846.133548725629225, 1386919.688103039981797 ], [ 308875.984548320411704, 1386919.489040690707043 ], [ 308875.574411480687559, 1386857.979577821679413 ], [ 308905.840102444402874, 1386857.777790644206107 ], [ 308905.436379978200421, 1386797.218096134020016 ], [ 308935.696504607505631, 1386796.172243145527318 ], [ 308935.491165508225095, 1386765.364806939382106 ], [ 308965.756945714296307, 1386765.163096297066659 ], [ 308965.552346993237734, 1386734.461205763509497 ], [ 308995.817938168533146, 1386734.259532738709822 ], [ 308995.422877445700578, 1386674.965804829495028 ], [ 309025.673984521417879, 1386672.548476119991392 ], [ 309025.418861423037015, 1386634.250198296038434 ], [ 309025.264948133961298, 1386611.144715753151104 ], [ 309042.263660498894751, 1386611.031487656524405 ], [ 309055.116461222060025, 1386610.94588209153153 ], [ 309055.003330462321173, 1386593.959780470002443 ], [ 309054.911981721990742, 1386580.244006895227358 ], [ 309065.276985901698936, 1386580.174976901384071 ], [ 309085.177722971013281, 1386580.042450294364244 ], [ 309084.999274607864209, 1386553.24426279659383 ], [ 309115.238564663683064, 1386549.033517139730975 ], [ 309114.994823496439494, 1386512.423357514198869 ], [ 309114.829757776577026, 1386487.629786312580109 ], [ 309133.487080763326958, 1386487.505580454133451 ], [ 309145.095805630437098, 1386487.428304775850847 ], [ 309144.991165191167966, 1386471.708147689001635 ], [ 309144.686378225916997, 1386425.918933148961514 ], [ 309174.952486972557381, 1386425.717491958057508 ], [ 309174.748164033517241, 1386395.015636898111552 ], [ 309201.697637076606043, 1386394.836300939554349 ], [ 309204.395378020592034, 1386364.115251083625481 ], [ 309224.296469393186271, 1386363.982839924748987 ], [ 309234.661543465335853, 1386363.913881768472493 ], [ 309234.56889281317126, 1386349.987150421598926 ], [ 309234.252345907851122, 1386302.40453971689567 ], [ 309269.908547519240528, 1386302.167360327439383 ], [ 309294.784794514067471, 1386302.001913748914376 ], [ 309294.580619473941624, 1386271.300188231747597 ], [ 309354.698477681260556, 1386270.900455095339566 ], [ 309354.909008597838692, 1386240.195650042500347 ], [ 309384.760644188150764, 1386239.997213401133195 ], [ 309384.555872693366837, 1386209.189850187394768 ], [ 309414.822175980836619, 1386208.988693205174059 ], [ 309414.414114260696806, 1386147.585058174561709 ], [ 309444.680478341178969, 1386147.383941506501287 ], [ 309444.476487329578958, 1386116.682239640271291 ], [ 309474.742879741825163, 1386116.481159117305651 ], [ 309474.538223774346989, 1386085.673810749081895 ], [ 309504.804644630523399, 1386085.472766385180876 ], [ 309504.600725202821195, 1386054.770742112770677 ], [ 309534.452532763825729, 1386054.572487430647016 ], [ 309534.249352101702243, 1386023.976229670224711 ], [ 309564.515829567448236, 1386023.77525713830255 ], [ 309564.107444733264856, 1385962.266240573953837 ], [ 309594.373983078286983, 1385962.065308360150084 ], [ 309593.964979029027745, 1385900.450540676014498 ], [ 309624.231578344362788, 1385900.249648791272193 ], [ 309624.027815656270832, 1385869.547755183186382 ], [ 309654.294443320832215, 1385869.346899435389787 ], [ 309654.09001792606432, 1385838.539580686250702 ], [ 309683.942029569996521, 1385838.341512042097747 ], [ 309684.153686038567685, 1385807.7425280676689 ], [ 309714.005725514609367, 1385807.544495048234239 ], [ 309713.597726365143899, 1385746.035417499486357 ], [ 309743.864471619017422, 1385745.834673888981342 ], [ 309743.457255179528147, 1385684.431147440802306 ], [ 309773.724061192129739, 1385684.230444120010361 ], [ 309773.520492796902545, 1385653.52879653708078 ], [ 309803.787327119149268, 1385653.328129345318303 ], [ 309803.379565932380501, 1385591.818861280800775 ], [ 309833.646461141353939, 1385591.618234388530254 ], [ 309833.442970936652273, 1385560.916596845025197 ], [ 309863.295246351626702, 1385560.718753897352144 ], [ 309863.091092446702532, 1385529.91147002694197 ], [ 309893.358044477412477, 1385529.710914959665388 ], [ 309893.154626106610522, 1385499.009065559599549 ], [ 309923.421606465533841, 1385498.808546614833176 ], [ 309923.014848619000986, 1385437.404968488961458 ], [ 309953.281889703299385, 1385437.20448982086964 ], [ 309952.874516939395107, 1385375.695603211177513 ], [ 309983.141618908382952, 1385375.495164831867442 ], [ 309982.938320008048322, 1385344.793330793268979 ], [ 310012.790799350244924, 1385344.595673767849803 ], [ 310012.58753832714865, 1385313.894065632019192 ], [ 310042.854697003494948, 1385313.693699047202244 ], [ 310042.447551589575596, 1385252.184510020306334 ], [ 310072.714771122089587, 1385251.984183717984706 ], [ 310072.443860888364725, 1385211.04860908491537 ], [ 310072.307710651890375, 1385190.47533718473278 ], [ 310087.64867786585819, 1385190.373818248510361 ], [ 310102.574991038069129, 1385190.275051161879674 ], [ 310102.443052971619181, 1385170.334802566561848 ], [ 310102.37184800877003, 1385159.573237100150436 ], [ 310110.249611305771396, 1385159.521114380098879 ], [ 310132.639156718796585, 1385159.372987187700346 ], [ 310132.44233350304421, 1385129.620929341996089 ], [ 310132.029156247270294, 1385067.162463219603524 ], [ 310162.296340819215402, 1385066.962259171297774 ], [ 310161.890225808485411, 1385005.558874073904008 ], [ 310191.743250410887413, 1385005.361449396936223 ], [ 310191.336518457799684, 1384943.852423987351358 ], [ 310221.60404205112718, 1384943.652298589469865 ], [ 310221.198090550140478, 1384882.248823955655098 ], [ 310251.465457513229921, 1384882.048740246566013 ], [ 310251.058892423403449, 1384820.539957294007763 ], [ 310281.326537606539205, 1384820.339912411756814 ], [ 310281.123641828889959, 1384789.638130081584677 ], [ 310311.391315330925863, 1384789.438121298328042 ], [ 310311.188457121141255, 1384758.736454330151901 ], [ 310341.041717516083736, 1384758.53921956080012 ], [ 310340.838198484794702, 1384727.732017157133669 ], [ 310371.10571140947286, 1384727.532081579556689 ], [ 310370.700145897455513, 1384666.128766970476136 ], [ 310400.967936928616837, 1384665.928870198084041 ], [ 310400.765192487277091, 1384635.227107268990949 ], [ 310431.03301183541771, 1384635.027246589306742 ], [ 310430.829608136962634, 1384604.220058970618993 ], [ 310461.097455914015882, 1384604.020234396448359 ], [ 310460.692119535524398, 1384542.616838630987331 ], [ 310490.960136717360001, 1384542.417053574230522 ], [ 310490.757508662645705, 1384511.715526637388393 ], [ 310520.609979073749855, 1384511.413085995940492 ], [ 310520.407385955331847, 1384480.711342465830967 ], [ 310550.675351252662949, 1384480.511629878310487 ], [ 310550.472796418005601, 1384449.810112313833088 ], [ 310580.740790012758225, 1384449.610435812035576 ], [ 310580.426921743550338, 1384402.028058405499905 ], [ 310580.335059335106052, 1384388.101428219350055 ], [ 310610.603113775490783, 1384387.901791957207024 ], [ 310610.400637020589784, 1384357.20028441818431 ], [ 310640.668828462134115, 1384357.000683521851897 ], [ 310640.26395155134378, 1384295.597457159077749 ], [ 310670.11732150008902, 1384295.400631615892053 ], [ 310669.914225865039043, 1384264.593483455479145 ], [ 310700.182397814583965, 1384264.393959152512252 ], [ 310699.777675420977175, 1384202.990642060758546 ], [ 310730.045908055501059, 1384202.791157975094393 ], [ 310729.640572646865621, 1384141.282311578048393 ], [ 310759.908974828431383, 1384141.08286700444296 ], [ 310759.504417388059665, 1384079.679571059532464 ], [ 310789.772771569550969, 1384079.480167413596064 ], [ 310789.367602843733039, 1384017.971563440049067 ], [ 310819.636017820099369, 1384017.772200017701834 ], [ 310819.231625309796073, 1383956.368925214745104 ], [ 310849.085322933271527, 1383956.172333169262856 ], [ 310848.88247068261262, 1383925.365216221660376 ], [ 310879.151083536329679, 1383925.165927934227511 ], [ 310878.746846944559366, 1383863.762783623067662 ], [ 310909.015411813859828, 1383863.563536253524944 ], [ 310908.813331798301078, 1383832.861858465708792 ], [ 310939.081924976955634, 1383832.662647160468623 ], [ 310938.677149896277115, 1383771.15398308285512 ], [ 310968.945803862065077, 1383770.954811989329755 ], [ 310968.743803328485228, 1383740.253365473588929 ], [ 310998.597704717773013, 1383740.05695903301239 ], [ 310998.193084331520367, 1383678.54820421570912 ], [ 311028.4619361696532, 1383678.34910823777318 ], [ 311028.058092478022445, 1383616.945903723593801 ], [ 311058.326896316371858, 1383616.746848650742322 ], [ 311057.720568141550757, 1383524.536684835795313 ], [ 311087.989465156162623, 1383524.337674096459523 ], [ 311087.787629024591297, 1383493.63624862045981 ], [ 311118.056554344075266, 1383493.437273934250697 ], [ 311117.853366144001484, 1383462.524552596034482 ], [ 311148.122319991118275, 1383462.325613989960402 ], [ 311147.7194914490683, 1383401.028100832132623 ], [ 311177.573829094762914, 1383400.831927028018981 ], [ 311177.169694314943627, 1383339.323234433308244 ], [ 311207.438769577187486, 1383339.124375748215243 ], [ 311207.03541062574368, 1383277.72123331669718 ], [ 311237.3045465456089, 1383277.522414806997404 ], [ 311237.102213265490718, 1383246.715364301111549 ], [ 311267.371377617528196, 1383246.516581850592047 ], [ 311267.169775008340366, 1383215.815186261432245 ], [ 311297.438967662397772, 1383215.616439854027703 ], [ 311297.237401830032468, 1383184.915048990631476 ], [ 311327.091943185543641, 1383184.719060684321448 ], [ 311326.890412232489325, 1383154.017453184816986 ], [ 311357.159661546349525, 1383153.818778422661126 ], [ 311356.957475446513854, 1383123.011746728792787 ], [ 311387.226753173570614, 1383122.813108020229265 ], [ 311387.025296508334577, 1383092.11162056052126 ], [ 311417.29460251913406, 1383091.913017890416086 ], [ 311417.093181899166666, 1383061.211424489039928 ], [ 311447.36229883634951, 1383061.012859281152487 ], [ 311447.160916437162086, 1383030.311491832137108 ], [ 311477.429586187470704, 1383030.007311147637665 ], [ 311477.026897905627266, 1382968.604364991188049 ], [ 311506.881856342428364, 1382968.408592184074223 ], [ 311506.680550724733621, 1382937.707124006934464 ], [ 311536.94978509133216, 1382937.508670599665493 ], [ 311536.747824363643304, 1382906.70166772720404 ], [ 311567.017304543114733, 1382906.503248939523473 ], [ 311566.614844792406075, 1382845.100331975147128 ], [ 311596.884385615878273, 1382844.901953337714076 ], [ 311596.683193976117764, 1382814.200389206642285 ], [ 311626.952763117966242, 1382814.00204659672454 ], [ 311626.75091748253908, 1382783.195058432640508 ], [ 311656.605830275279004, 1382782.999468390597031 ], [ 311656.203598297201097, 1382721.596470005810261 ], [ 311686.473256564873736, 1382721.398203142918646 ], [ 311686.272180617204867, 1382690.696874869987369 ], [ 311716.541867183288559, 1382690.498644029721618 ], [ 311716.340136178012472, 1382659.691670493688434 ], [ 311746.609851135173813, 1382659.493475689319894 ], [ 311746.408847261744086, 1382628.791935560060665 ], [ 311776.678590536059346, 1382628.593776775756851 ], [ 311776.275971315335482, 1382567.085388412931934 ], [ 311806.545775355538353, 1382566.887269777711481 ], [ 311806.344850840745494, 1382536.185960839735344 ], [ 311836.199995208182372, 1382535.990591681096703 ], [ 311835.798221733188257, 1382474.587762396316975 ], [ 311866.068114777852315, 1382474.389719471568242 ], [ 311865.665731720102485, 1382412.88114022789523 ], [ 311895.935685525415465, 1382412.683137445477769 ], [ 311895.534076628508046, 1382351.28032922395505 ], [ 311925.804091062746011, 1382351.082366567105055 ], [ 311925.401874301955104, 1382289.574029661715031 ], [ 311955.671949509996921, 1382289.376107142306864 ], [ 311955.471224420936778, 1382258.674602631479502 ], [ 311985.326636232086457, 1382258.479426892241463 ], [ 311985.125258283107542, 1382227.672498471336439 ], [ 311995.681482612388209, 1382227.60349750565365 ], [ 279166.129989242122974, 1361856.391071191290393 ] ] ] ] } },
{ "type": "Feature", "properties": { "ADM0_EN": "Djibouti", "ADM0_PCODE": "DJ", "ADM1_EN": "Obock", "ADM1_PCODE": "DJ01", "ADM1_AR": "إقليم أوبوخ", "ADM2_EN": "Obock", "ADM2_PCODE": "DJ0115", "x": 13 }, "geometry": { "type": "MultiPolygon", "coordinates": [ [ [ [ 278353.303458778478671, 1329563.197424965910614 ], [ 288588.047320434940048, 1336678.557883480098099 ], [ 288749.280475480831228, 1346291.996505917515606 ], [ 325728.766865390003659, 1352815.794598014093935 ], [ 325728.461023483483586, 1352764.185394762083888 ], [ 325758.759980304574128, 1352764.005858742631972 ], [ 325758.031824717589188, 1352641.104279869003221 ], [ 325788.330904511909466, 1352640.924790402175859 ], [ 325787.967227069835644, 1352579.52677751891315 ], [ 325848.565501946373843, 1352579.167907611001283 ], [ 325848.38310779404128, 1352548.363378718262538 ], [ 325878.68227135122288, 1352548.183994464809075 ], [ 325878.500536467588972, 1352517.484779682010412 ], [ 325938.683825451531447, 1352517.128568939398974 ], [ 325938.320496247324627, 1352455.730598744004965 ], [ 325998.91898700594902, 1352455.372070998651907 ], [ 325998.736767559894361, 1352424.567563507007435 ], [ 326058.920215535152238, 1352424.211622919188812 ], [ 326058.738687935401686, 1352393.512765074381605 ], [ 326152.561718775308691, 1352396.333905645878986 ], [ 326149.454915439593606, 1352362.276240484090522 ], [ 326208.347788156359456, 1352354.226888520643115 ], [ 326209.327497763908468, 1352239.016962478635833 ], [ 326239.21183944697259, 1352238.840442103100941 ], [ 326238.848591391113587, 1352177.33702752366662 ], [ 326273.722518243186641, 1352178.608011132106185 ], [ 326268.603651359211653, 1352084.955753174843267 ], [ 326362.007072603679262, 1352086.830798550508916 ], [ 326359.140066915249918, 1352023.021215956425294 ], [ 326389.024608781735878, 1352022.844875532668084 ], [ 326388.843479908187874, 1351992.145845709135756 ], [ 326419.142524140654132, 1351991.861670698737726 ], [ 326418.961430976050906, 1351961.162645256845281 ], [ 326481.646658585756086, 1351962.58646691008471 ], [ 326479.198769100592472, 1351899.407423965865746 ], [ 326509.498518969281577, 1351899.228774129413068 ], [ 326509.316911384288687, 1351868.424341842997819 ], [ 326539.616689244401641, 1351868.245727055938914 ], [ 326539.254793175379746, 1351806.847822399344295 ], [ 326564.573768541857135, 1351806.698599653784186 ], [ 326572.931495881057344, 1351745.776991683989763 ], [ 326599.076990547473542, 1351744.989950931398198 ], [ 326598.715252576046623, 1351683.592065958771855 ], [ 326659.315161953447387, 1351683.235099808778614 ], [ 326659.13436198385898, 1351652.536110471235588 ], [ 326689.4337219389854, 1351652.252258130349219 ], [ 326689.252957664080895, 1351621.553273187717423 ], [ 326719.137864978285506, 1351621.37731957458891 ], [ 326718.776412918581627, 1351559.979690735694021 ], [ 326749.076481177355163, 1351559.801331740338355 ], [ 326748.895171392359771, 1351528.996936169918627 ], [ 326777.119863530970179, 1351528.830825509503484 ], [ 326782.298376629361883, 1351491.875905505381525 ], [ 326786.124645843170583, 1351436.677958256332204 ], [ 326808.953507588186767, 1351436.543639874551445 ], [ 326804.257242833380587, 1351343.838422587141395 ], [ 326838.711970616830513, 1351344.268837297335267 ], [ 326838.433256686548702, 1351085.167153223417699 ], [ 326838.204432377242483, 1350975.661523515591398 ], [ 326853.561694603122305, 1350975.465688741067424 ], [ 326866.843623130465858, 1350975.282174035906792 ], [ 326866.29473655950278, 1350881.919625708134845 ], [ 326865.579070375417359, 1350760.17925201007165 ], [ 326835.278194152284414, 1350760.3573872318957 ], [ 326834.73611949570477, 1350668.155231429962441 ], [ 326804.435144573217258, 1350668.333386441459879 ], [ 326803.893012085813098, 1350576.131334957201034 ], [ 326778.571763078216463, 1350576.069157373625785 ], [ 326777.381108020665124, 1350514.781664320966229 ], [ 326742.929124947753735, 1350514.98427101620473 ], [ 326742.387484669336118, 1350422.887846319703385 ], [ 326712.086245397222228, 1350423.066064489306882 ], [ 326711.724486443446949, 1350361.562617854448035 ], [ 326742.025789036066271, 1350361.384407303063199 ], [ 326740.942044465104118, 1350177.085828487295657 ], [ 326771.242913273046724, 1350176.802252185763791 ], [ 326769.617542933556251, 1349900.301470296224579 ], [ 326799.919312432059087, 1349900.123379214666784 ], [ 326807.861507783352863, 1349838.887892601313069 ], [ 326836.507386069279164, 1349839.45798387657851 ], [ 326832.880289522581734, 1349716.679663154296577 ], [ 326828.235311975236982, 1349561.941597479628399 ], [ 326858.537421809742227, 1349561.763610615162179 ], [ 326857.274171598139219, 1349346.660651144105941 ], [ 326887.161365836160257, 1349346.485159451141953 ], [ 326885.538114140275866, 1349069.984763257903978 ], [ 326909.614211411913857, 1349069.843443732475862 ], [ 326914.037328773527406, 1348762.50237273867242 ], [ 326942.264031878905371, 1348762.23111404129304 ], [ 326944.595990285160951, 1348664.420847408240661 ], [ 326938.153843562409747, 1348486.167501011863351 ], [ 326912.415052205557004, 1348486.001887009711936 ], [ 326915.302534157643095, 1348270.558512395480648 ], [ 326941.45666037267074, 1348270.72160731931217 ], [ 326940.375272306031547, 1348086.317779733333737 ], [ 326908.826823327573948, 1348086.608325614361092 ], [ 326906.391708590788767, 1348025.32836265489459 ], [ 326940.01525409752503, 1348024.920121471630409 ], [ 326939.474639310850762, 1347932.718274108599871 ], [ 326948.192198197124526, 1347932.667162726866081 ], [ 326969.778408805490471, 1347932.540613031480461 ], [ 326968.877416863979306, 1347778.835721099516377 ], [ 326999.181340543611441, 1347778.658110182732344 ], [ 326999.001433270575944, 1347747.959349374519661 ], [ 326968.697478045884054, 1347748.136956492904574 ], [ 326967.797225407208316, 1347594.53750121104531 ], [ 326937.493108591472264, 1347594.715120460139588 ], [ 326937.312543903011829, 1347563.910825309343636 ], [ 326907.008391687530093, 1347564.088471881346777 ], [ 326906.934174518682994, 1347551.429055935936049 ], [ 326906.468482362979557, 1347471.992058294592425 ], [ 326898.58110484899953, 1347472.038297038059682 ], [ 326876.164231777773239, 1347472.169724600156769 ], [ 326875.983620024111588, 1347441.36542410729453 ], [ 326846.094494074641261, 1347441.540683169849217 ], [ 326845.914474008022808, 1347410.841909676091745 ], [ 326815.610152785899118, 1347411.019630204886198 ], [ 326815.430104575469159, 1347380.320742846932262 ], [ 326747.804936732514761, 1347387.68034693133086 ], [ 326754.641281873569824, 1347349.97759653441608 ], [ 326719.35836937604472, 1347350.712064573541284 ], [ 326720.004839825793169, 1347319.375444574514404 ], [ 326663.962429409730248, 1347319.704347116407007 ], [ 326663.782236099068541, 1347289.005442499415949 ], [ 326627.258304695715196, 1347290.485922105843201 ], [ 326629.558309919666499, 1347257.979150814935565 ], [ 326602.993040755041875, 1347258.662455910583958 ], [ 326601.730153238866478, 1347043.55980404978618 ], [ 326571.425423327367753, 1347043.737727480242029 ], [ 326570.703823514922988, 1346920.836778203956783 ], [ 326601.008679643913638, 1346920.658870015991852 ], [ 326600.467463134380523, 1346828.456958842696622 ], [ 326630.77241021185182, 1346828.279093209421262 ], [ 326630.411476824432611, 1346766.77609678520821 ], [ 326656.565111280418932, 1346766.622627913951874 ], [ 326660.36057933489792, 1346705.938971962081268 ], [ 326690.246142266027164, 1346705.025239616632462 ], [ 326690.065442643361166, 1346674.220930552110076 ], [ 326716.631229992141016, 1346673.537660172907636 ], [ 326720.079124807089102, 1346624.355385619681329 ], [ 326718.92905124736717, 1346428.241825938690454 ], [ 326749.234393529943191, 1346428.06413386343047 ], [ 326748.523769304214511, 1346306.851361248875037 ], [ 326755.806543801561929, 1346274.420862833037972 ], [ 326808.944897770590615, 1346274.109415355138481 ], [ 326808.764999918406829, 1346243.410659675486386 ], [ 326839.070520118635613, 1346243.233083759201691 ], [ 326838.89065717055928, 1346212.534221820533276 ], [ 326868.781027855060529, 1346212.35911286319606 ], [ 326868.600582506856881, 1346181.554835774004459 ], [ 326898.906158379279077, 1346181.377329259878024 ], [ 326898.726367409690283, 1346150.678697270806879 ], [ 326959.337570915056858, 1346150.323785158107057 ], [ 326959.157845057547092, 1346119.62482944666408 ], [ 326989.463472673203796, 1346119.447423846228048 ], [ 326989.283165964472573, 1346088.643163723405451 ], [ 327019.1736427169526, 1346088.468222755705938 ], [ 327018.814338975120336, 1346027.07077178847976 ], [ 327049.12005378678441, 1346026.893439376028255 ], [ 327048.940440124017186, 1345996.194829147076234 ], [ 327068.037194937816821, 1345996.083103889366612 ], [ 327079.246182691829745, 1345996.017531633609906 ], [ 327079.104246545233764, 1345971.753821144811809 ], [ 327078.886410596140195, 1345934.514348059892654 ], [ 327096.322588595910929, 1345934.412359959911555 ], [ 327109.192212530469988, 1345934.337089253589511 ], [ 327109.027481739409268, 1345906.17043315898627 ], [ 327108.293940508330707, 1345780.73811788787134 ], [ 327138.599896308034658, 1345780.560909174149856 ], [ 327138.419791818247177, 1345749.756674346281216 ], [ 327168.725775459315628, 1345749.579500537365675 ], [ 327168.54632286936976, 1345718.88068937859498 ], [ 327194.70060693717096, 1345718.727815507911146 ], [ 327198.389059503911994, 1345710.477519721724093 ], [ 327197.898295506893191, 1345626.504360114224255 ], [ 327228.204397821973544, 1345626.327263260260224 ], [ 327228.025024588103406, 1345595.628572542220354 ], [ 327250.858255557017401, 1345595.495167707325891 ], [ 327258.236863224650733, 1345579.310969768557698 ], [ 327257.972483272023965, 1345534.05413842969574 ], [ 327279.145232275361195, 1345533.930461751762778 ], [ 327288.278672580607235, 1345533.877115139737725 ], [ 327288.160987586074043, 1345513.727658925112337 ], [ 327287.919463331927545, 1345472.374112354125828 ], [ 327307.016537044779398, 1345472.262584274401888 ], [ 327318.225494326441549, 1345472.197129023261368 ], [ 327318.085660543933045, 1345448.250150253530592 ], [ 327317.866364995017648, 1345410.694246744737029 ], [ 327335.302834140020423, 1345410.592438664985821 ], [ 327347.757702980714384, 1345410.519723456120118 ], [ 327347.600038553122431, 1345383.513268406037241 ], [ 327347.399268115870655, 1345349.122380779357627 ], [ 327363.590205838088877, 1345349.027865385869518 ], [ 327377.705635391175747, 1345348.945473107742146 ], [ 327377.525224253418855, 1345318.035857402952388 ], [ 327376.809159657161217, 1345195.346504884772003 ], [ 327407.115463088033721, 1345195.169648534618318 ], [ 327426.089968517655507, 1345102.854186073178425 ], [ 327434.912528376386035, 1344764.789234951604158 ], [ 327406.687707540462725, 1344766.008975057629868 ], [ 327401.991870160913095, 1344672.776632458437234 ], [ 327373.760911886172835, 1344672.9413158565294 ], [ 327373.40211859397823, 1344611.438588905613869 ], [ 327343.094995025545359, 1344611.615405497141182 ], [ 327342.55766340252012, 1344519.519436654401943 ], [ 327312.665424240811262, 1344519.693851394811645 ], [ 327312.485674938187003, 1344488.889662723522633 ], [ 327282.178635594900697, 1344489.066524576861411 ], [ 327281.993933049496263, 1344457.418315551942214 ], [ 327281.462015362631064, 1344366.271768951788545 ], [ 327251.154628731543198, 1344366.448647969868034 ], [ 327250.795048363273963, 1344304.840261673554778 ], [ 327220.487594838661607, 1344305.017164142103866 ], [ 327220.308393890387379, 1344274.318276629550382 ], [ 327250.615878879965749, 1344274.141377954976633 ], [ 327249.76257613056805, 1344127.927085119998083 ], [ 327249.002315045334399, 1343997.642381531884894 ], [ 327279.31007965648314, 1343997.465548089239746 ], [ 327278.95127527724253, 1343935.96271285507828 ], [ 327309.258881490910426, 1343935.785919339163229 ], [ 327309.079823993844911, 1343905.087160634342581 ], [ 327338.972684438806027, 1343904.912820777855814 ], [ 327338.614644876506645, 1343843.515533771831542 ], [ 327368.922555676312186, 1343843.338812048314139 ], [ 327368.385005038871896, 1343751.1372568779625 ], [ 327398.692788905813359, 1343750.96057886374183 ], [ 327397.796905437135138, 1343597.25635836343281 ], [ 327428.105060706730001, 1343597.079729111399502 ], [ 327427.388920902856626, 1343474.179585327859968 ], [ 327457.697198327630758, 1343474.003002296900377 ], [ 327456.802426844718866, 1343320.404485625680536 ], [ 327487.110857838299125, 1343320.227952600922436 ], [ 327486.573890874045901, 1343228.026471944991499 ], [ 327516.46719458908774, 1343227.852399002760649 ], [ 327525.652303352952003, 1342951.290710968663916 ], [ 327544.820522174763028, 1342891.784324632724747 ], [ 327543.914322736673057, 1342736.075880043907091 ], [ 327575.886695006047376, 1342736.311855481239036 ], [ 327572.793283867766149, 1342490.099511821987107 ], [ 327603.101322444388643, 1342489.712256436934695 ], [ 327606.358488016529009, 1342121.614160906989127 ], [ 327631.267353310482576, 1342120.941890560556203 ], [ 327635.367332599475048, 1341969.107764822663739 ], [ 327660.268966166535392, 1341967.169624025933444 ], [ 327659.913962887367234, 1341906.088858870090917 ], [ 327658.483076271251775, 1341659.867175553692505 ], [ 327688.793179676460568, 1341659.691063574049622 ], [ 327687.900849580881186, 1341506.092644283315167 ], [ 327721.1201409487403, 1341506.32170754740946 ], [ 327717.140142794814892, 1341321.514340405119583 ], [ 327747.450584448990412, 1341321.338332105660811 ], [ 327749.340995497535914, 1341289.361714505823329 ], [ 327750.591527112061158, 1341075.617626629536971 ], [ 327776.33420574280899, 1341075.362775619607419 ], [ 327774.72949899273226, 1340798.864813071908429 ], [ 327796.73608975391835, 1340798.737114905612543 ], [ 327805.040467236423865, 1340798.688931139186025 ], [ 327804.231338161509484, 1340659.226618159562349 ], [ 327803.614450138411485, 1340552.889570028753951 ], [ 327769.150394049007446, 1340552.983873411780223 ], [ 327770.223418471345212, 1340380.068448129342869 ], [ 327766.531056978623383, 1339385.360376161755994 ], [ 327736.218640683451667, 1339385.536114825634286 ], [ 327734.971565937506966, 1339170.435405355878174 ], [ 327709.649845572654158, 1339171.953805213561282 ], [ 327704.12495600967668, 1339078.515517686028033 ], [ 327673.812218562874477, 1339078.691280374536291 ], [ 327672.387002188246697, 1338832.892162720207125 ], [ 327642.07339745212812, 1338832.962286127731204 ], [ 327637.983187007950619, 1338127.423713193973526 ], [ 327635.661983523285016, 1337726.866015893872827 ], [ 327602.027661550440826, 1337727.37751295347698 ], [ 327601.25411951931892, 1337665.560818379046395 ], [ 327575.092558590346016, 1337665.712435017805547 ], [ 327573.622227455896791, 1337412.001288950908929 ], [ 327572.243850572675001, 1337174.114139803452417 ], [ 327541.894921720551793, 1337168.382257012650371 ], [ 327539.970770220214035, 1336836.289850915549323 ], [ 327509.655725694494322, 1336836.465490979375318 ], [ 327509.121500484179705, 1336744.264502600533888 ], [ 327478.806358251546044, 1336744.440162178594619 ], [ 327475.960342218866572, 1336468.266195764299482 ], [ 327447.304112960759085, 1336468.115640420699492 ], [ 327447.42137587745674, 1336345.000403133686632 ], [ 327416.276412667590193, 1336345.391835356131196 ], [ 327415.919997338671237, 1336283.889438858721405 ], [ 327385.604374192771502, 1336284.06513375416398 ], [ 327385.247911083977669, 1336222.562510663643479 ], [ 327354.932221524883062, 1336222.738228847505525 ], [ 327354.041896303533576, 1336069.140121802454814 ], [ 327323.726264237891883, 1336069.315850623184815 ], [ 327323.191778694919776, 1335977.114725841442123 ], [ 327292.875831236946397, 1335977.290475408080965 ], [ 327291.450873920985032, 1335731.491562232375145 ], [ 327261.549777858308516, 1335731.664905610727146 ], [ 327263.659322316409089, 1335594.084734593285248 ], [ 327264.865539524471387, 1335515.588137002894655 ], [ 327241.612787989084609, 1335516.356020149774849 ], [ 327229.98657411406748, 1335516.739801709773019 ], [ 327228.47576270007994, 1335471.06868820800446 ], [ 327223.762047577998601, 1335302.723017811542377 ], [ 327198.422910690424033, 1335301.815036253305152 ], [ 327197.819243503676262, 1335197.693199139088392 ], [ 327196.462844632100314, 1334963.709377614082769 ], [ 327166.145849507069215, 1334963.885124794673175 ], [ 327165.612555761937983, 1334871.895062641939148 ], [ 327135.294850733829662, 1334871.965189449954778 ], [ 327134.938871832331643, 1334810.568197485525161 ], [ 327105.037049344915431, 1334810.74157890630886 ], [ 327104.32440479984507, 1334687.842057547066361 ], [ 327074.0071171594318, 1334688.017862664302811 ], [ 327073.650449974695221, 1334626.51522251078859 ], [ 327043.333095968468115, 1334626.691050865920261 ], [ 327042.976994447060861, 1334565.293934614397585 ], [ 327012.659574202960357, 1334565.469786218134686 ], [ 327012.124748606933281, 1334473.268962572328746 ], [ 326981.807230780599639, 1334473.444833605317399 ], [ 326981.094262614264153, 1334350.545054960297421 ], [ 326957.829559795442037, 1334349.414180713472888 ], [ 326950.471811596304178, 1334298.185284626903012 ], [ 326949.528707812656648, 1334135.620328890858218 ], [ 326919.626184691907838, 1334135.793809869792312 ], [ 326919.26935122301802, 1334074.291152067249641 ], [ 326888.951415724703111, 1334074.467065704753622 ], [ 326888.595148244290613, 1334013.06993181980215 ], [ 326855.790677958342712, 1334014.209762912942097 ], [ 326857.742071758024395, 1333921.045018547447398 ], [ 326824.5221465973882, 1333922.187170879449695 ], [ 326827.067620531073771, 1333859.823831346118823 ], [ 326800.064471893478185, 1333858.714505105977878 ], [ 326786.840023628494237, 1333798.552582879085094 ], [ 326766.230497644050047, 1333754.047089151339605 ], [ 326765.597873180755414, 1333645.072479617083445 ], [ 326732.792983189458027, 1333646.212394506670535 ], [ 326734.565955076715909, 1333522.348875703988597 ], [ 326704.247434604912996, 1333522.524905342841521 ], [ 326703.890326231601648, 1333461.022216822719201 ], [ 326670.670483267807867, 1333462.270115255843848 ], [ 326664.672248328221031, 1333430.655811286764219 ], [ 326653.694339289097115, 1333399.809046979062259 ], [ 326642.71763598441612, 1333369.173121862811968 ], [ 326631.91921746917069, 1333369.235839856090024 ], [ 326612.398947931709699, 1333369.349224905949086 ], [ 326612.220625665329862, 1333338.650802357820794 ], [ 326582.317260446143337, 1333338.824519275687635 ], [ 326581.688456814037636, 1333230.58822952141054 ], [ 326581.465998165134806, 1333192.294236288871616 ], [ 326551.1060561100021, 1333185.402344417758286 ], [ 326550.570372707326896, 1333093.201093988260254 ], [ 326520.251392303674947, 1333093.377254736842588 ], [ 326519.894024518784136, 1333031.874757530167699 ], [ 326489.574977852520533, 1333032.050941456342116 ], [ 326489.218788388709072, 1332970.759165784576908 ], [ 326458.899675627588294, 1332970.935372912557796 ], [ 326458.541601285338402, 1332909.327224942855537 ], [ 326428.637786194332875, 1332909.501040718052536 ], [ 326428.28028046246618, 1332847.998527460731566 ], [ 326397.961035082524177, 1332848.174780496163294 ], [ 326397.782562849170063, 1332817.476119685685262 ], [ 326367.463282498007175, 1332817.652399719227105 ], [ 326367.106288430513814, 1332756.255182741675526 ], [ 326336.786941927392036, 1332756.431485953507945 ], [ 326336.429289294290356, 1332694.928955389885232 ], [ 326306.109876496717334, 1332695.105281764175743 ], [ 326305.931332231732085, 1332664.406833527376875 ], [ 326275.6118844646262, 1332664.583186894422397 ], [ 326274.897005492588505, 1332541.68319118116051 ], [ 326242.919128272449598, 1332542.396651204209775 ], [ 326244.635016213811468, 1332480.354598132427782 ], [ 326221.376126031624153, 1332480.489909418625757 ], [ 326214.164996841805987, 1332454.685009025735781 ], [ 326183.817085659189615, 1332450.008731429465115 ], [ 326183.873959772754461, 1332388.398116896860301 ], [ 326153.140071727510076, 1332388.787923988420516 ], [ 326155.682165710255504, 1332326.002419441007078 ], [ 326122.462332545546815, 1332327.461826042737812 ], [ 326127.489763984282035, 1332263.501316463109106 ], [ 326092.199853198311757, 1332266.133106573484838 ], [ 326092.021147646009922, 1332235.434528945246711 ], [ 326061.701236455352046, 1332235.611043555196375 ], [ 326061.522503131418489, 1332204.912352073471993 ], [ 326031.202556957898196, 1332205.088893660344183 ], [ 326031.023797795642167, 1332174.390420129755512 ], [ 326000.70403441390954, 1332174.566987425088882 ], [ 326000.345849391422234, 1332113.064173020655289 ], [ 325970.02580199635122, 1332113.240764718269929 ], [ 325969.668185456772335, 1332051.843474452616647 ], [ 325939.348071932792664, 1332052.020089295459911 ], [ 325938.632149451877922, 1331929.120191890746355 ], [ 325908.72667173598893, 1331929.188983269035816 ], [ 325908.368980776984245, 1331867.791795159922913 ], [ 325867.648238711175509, 1331865.180429555010051 ], [ 325877.869801235152408, 1331837.269740537041798 ], [ 325845.893361988244578, 1331838.405538313789293 ], [ 325847.369945272745099, 1331806.642290629679337 ], [ 325818.655534012999851, 1331797.314969653729349 ], [ 325816.512804763391614, 1331714.723188529023901 ], [ 325782.467132455320098, 1331717.136941659497097 ], [ 325785.654894261271693, 1331622.698459081584588 ], [ 325755.749704309506342, 1331622.872783029684797 ], [ 325755.391167979338206, 1331561.369927765568718 ], [ 325725.07052868581377, 1331561.546695974422619 ], [ 325724.891544021083973, 1331530.848196068778634 ], [ 325694.570869794115424, 1331531.024991232668981 ], [ 325694.212233039550483, 1331469.522123966366053 ], [ 325663.891492553811986, 1331469.698942236835137 ], [ 325663.354398467519786, 1331377.603094454156235 ], [ 325633.033560688607395, 1331377.779932007892057 ], [ 325632.316752074519172, 1331254.879931146744639 ], [ 325601.995785734790843, 1331255.056784130865708 ], [ 325601.63703508808976, 1331193.553903977153823 ], [ 325571.731391977285966, 1331193.728356698527932 ], [ 325571.552300779498182, 1331163.029844418633729 ], [ 325541.231233334401622, 1331163.206747021060437 ], [ 325540.693272397620603, 1331071.00522992038168 ], [ 325510.372107552248053, 1331071.182151777669787 ], [ 325509.834090407239273, 1330978.980738845653832 ], [ 325479.512828185339458, 1330979.157679953612387 ], [ 325479.333670103806071, 1330948.45882825134322 ], [ 325449.012372932163998, 1330948.635796295944601 ], [ 325448.653393961023539, 1330887.133110282709822 ], [ 325418.747424566070549, 1330887.307676475029439 ], [ 325418.38901575806085, 1330825.910404232796282 ], [ 325388.067586321034469, 1330826.087418032577261 ], [ 325387.529293478117324, 1330733.885862006340176 ], [ 325357.207766678358894, 1330734.062895043054596 ], [ 325356.848658520437311, 1330672.5601939286571 ], [ 325326.527065533911809, 1330672.737250039121136 ], [ 325326.347793545108289, 1330642.038495435845107 ], [ 325296.026165593764745, 1330642.215578473638743 ], [ 325295.847482880984899, 1330611.622350306715816 ], [ 325230.647428360418417, 1330614.113228112692013 ], [ 325235.080262814415619, 1330519.667263763258234 ], [ 325204.758498821989633, 1330519.844423294300213 ], [ 325204.219151921221055, 1330427.537285289028659 ], [ 325173.897290475724731, 1330427.71446402464062 ], [ 325173.539123248832766, 1330366.422677032882348 ], [ 325143.217195839621127, 1330366.599878854583949 ], [ 325142.678339759120718, 1330274.398255943553522 ], [ 325112.356314995151479, 1330274.575476975180209 ], [ 325111.996829888375942, 1330213.072510017082095 ], [ 325082.090142885223031, 1330213.247325701406226 ], [ 325081.731230161734857, 1330151.849993801675737 ], [ 325051.409073178423569, 1330152.027260529110208 ], [ 325050.510473283240572, 1329998.32286175317131 ], [ 325020.188156594987959, 1329998.500139969866723 ], [ 325020.008664527558722, 1329967.80146998190321 ], [ 324989.686312901088968, 1329967.978775103576481 ], [ 324989.147150720469654, 1329875.777227116981521 ], [ 324958.824701782432385, 1329875.954551429720595 ], [ 324958.10595594078768, 1329753.054101919289678 ], [ 324927.783378588617779, 1329753.231441568117589 ], [ 324927.424277162412181, 1329691.834088012576103 ], [ 324897.517045241780579, 1329692.009020682657138 ], [ 324897.157281469437294, 1329630.506131920730695 ], [ 324866.834571912302636, 1329630.683517225785181 ], [ 324866.475379549607169, 1329569.286152875516564 ], [ 324836.152603933063801, 1329569.463561221724376 ], [ 324835.972365298133809, 1329538.659346150234342 ], [ 324805.649772425647825, 1329538.836780100828037 ], [ 324805.110840098233894, 1329446.74071634747088 ], [ 324774.787823379272595, 1329446.918171391589567 ], [ 324774.067944552982226, 1329323.912352329352871 ], [ 324744.160216233227402, 1329324.087391179054976 ], [ 324743.463124431495089, 1329204.984844552353024 ], [ 324713.11794950888725, 1329201.364357884041965 ], [ 324714.001514954958111, 1329139.432249045232311 ], [ 324682.435330019972753, 1329140.144367785425857 ], [ 324685.803746677120216, 1329076.931856666924432 ], [ 324651.751873152214102, 1329078.819087174488232 ], [ 324651.572130553191528, 1329048.120277271606028 ], [ 324621.248798749526031, 1329048.297834769356996 ], [ 324621.069030424579978, 1329017.599242791766301 ], [ 324590.745663695968688, 1329017.776827165391296 ], [ 324590.205669320712332, 1328925.575070603284985 ], [ 324560.297736999462359, 1328925.750240157125518 ], [ 324559.757688046316616, 1328833.548587845172733 ], [ 324529.434126861859113, 1328833.726210078923032 ], [ 324528.771050047129393, 1328720.531169441528618 ], [ 324498.39040208410006, 1328711.003480841172859 ], [ 324498.067172097216826, 1328655.830002720700577 ], [ 324467.706335835740902, 1328649.678077699383721 ], [ 324475.015243867761455, 1328620.939850073773414 ], [ 324437.202674464904703, 1328619.157050515525043 ], [ 324437.022776010155212, 1328588.458222036482766 ], [ 324407.11448710761033, 1328588.633500782307237 ], [ 324406.754024594905786, 1328527.130639767972752 ], [ 324376.430024122586474, 1328527.308377194916829 ], [ 324375.890193291183095, 1328435.211986092152074 ], [ 324345.566204583854415, 1328435.389742012368515 ], [ 324345.205658541759476, 1328373.886871108785272 ], [ 324314.881603710877243, 1328374.064650006825104 ], [ 324314.521010524476878, 1328312.561552385101095 ], [ 324284.196889590471983, 1328312.739354258868843 ], [ 324284.016877743881196, 1328282.040622727246955 ], [ 324253.692721875268035, 1328282.218451452907175 ], [ 324253.332648293697275, 1328220.82098236726597 ], [ 324223.423859563888982, 1328220.996397352544591 ], [ 324223.063122094841674, 1328159.493392820935696 ], [ 324192.738834150019102, 1328159.671267078258097 ], [ 324192.378669891390018, 1328098.273787116631866 ], [ 324162.054315938847139, 1328098.45168435247615 ], [ 324161.51338730182033, 1328006.249816292198375 ], [ 324131.188936145568732, 1328006.427732621552423 ], [ 324131.008809666440357, 1327975.72887679352425 ], [ 324100.683704964700155, 1327975.801400490570813 ], [ 324100.503551514819264, 1327945.102541354252025 ], [ 324070.594467651448213, 1327945.278073008172214 ], [ 324070.05332254676614, 1327853.076289283577353 ], [ 324039.728704340755939, 1327853.254277945961803 ], [ 324039.368311575148255, 1327791.856659964425489 ], [ 324009.04362734692404, 1327792.034671591827646 ], [ 324008.863407013239339, 1327761.336025488562882 ], [ 323978.538687874097377, 1327761.514063950860873 ], [ 323978.177575813606381, 1327700.010903722140938 ], [ 323947.852790573728271, 1327700.188965131528676 ], [ 323947.492252408876084, 1327638.791329512139782 ], [ 323917.167401176586282, 1327638.969413879094645 ], [ 323916.806198827864137, 1327577.466463825432584 ], [ 323886.89672418916598, 1327577.642130907159299 ], [ 323886.535476922697853, 1327516.139175467193127 ], [ 323856.21049355098512, 1327516.317305293632671 ], [ 323855.849819131894037, 1327454.919653251301497 ], [ 323825.52476977405604, 1327455.097806027624756 ], [ 323825.344407328753732, 1327424.398921654094011 ], [ 323795.0193230638979, 1327424.577101253904402 ], [ 323794.83831420581555, 1327393.772793992422521 ], [ 323764.513194927247241, 1327393.951000400586054 ], [ 323764.332779867516365, 1327363.252330627990887 ], [ 323704.097913660225458, 1327363.606385411461815 ], [ 323703.9174390375847, 1327332.907376654446125 ], [ 323643.267049462418072, 1327333.263988001272082 ], [ 323643.08651875553187, 1327302.565303884446621 ], [ 323612.761287143686786, 1327302.743651722790673 ], [ 323612.580108147813007, 1327271.939323431812227 ], [ 323582.25505931529915, 1327272.117696791421622 ], [ 323582.074473406886682, 1327241.418784797424451 ], [ 323552.164402018999681, 1327241.594743277179077 ], [ 323551.80256236292189, 1327180.091714880196378 ], [ 323521.477194793289527, 1327180.27013883064501 ], [ 323521.29655888362322, 1327149.571110198274255 ], [ 323490.971374220331199, 1327149.749559677671641 ], [ 323490.610055221361108, 1327088.351938786450773 ], [ 323460.284586765628774, 1327088.53041247325018 ], [ 323460.103281262388919, 1327057.726068659452721 ], [ 323459.37996391125489, 1326934.825289982836694 ], [ 323429.0543360649026, 1326935.003774910932407 ], [ 323428.330960390623659, 1326812.102989616570994 ], [ 323398.420658508024644, 1326812.27904407097958 ], [ 323398.059244706411846, 1326750.881412261398509 ], [ 323367.733422743622214, 1326751.05993481609039 ], [ 323367.371341393562034, 1326689.556656537810341 ], [ 323337.045453361584805, 1326689.735201989999041 ], [ 323336.864698781515472, 1326659.03638028120622 ], [ 323306.538775867666118, 1326659.214952529408038 ], [ 323306.176594874123111, 1326597.711662017740309 ], [ 323275.850605875311885, 1326597.890257158549502 ], [ 323275.669802214833908, 1326567.191539980936795 ], [ 323245.34377831639722, 1326567.370161914499477 ], [ 323244.982119300868362, 1326505.97238956601359 ], [ 323215.070866477093659, 1326506.043056413065642 ], [ 323214.709162731654942, 1326444.645278628682718 ], [ 323184.383006867603399, 1326444.823945928830653 ], [ 323184.020637062028982, 1326383.320853435434401 ], [ 323153.694415138859767, 1326383.499543617945164 ], [ 323153.332620220142417, 1326322.101754740811884 ], [ 323123.006332365097478, 1326322.280467816628516 ], [ 323122.462956866831519, 1326230.078412530943751 ], [ 323092.136571887414902, 1326230.257144591771066 ], [ 323091.955631243414246, 1326199.558300198055804 ], [ 323062.044674624863546, 1326199.734609886771068 ], [ 323061.682121753459796, 1326138.231274022720754 ], [ 323031.355635880201589, 1326138.410055314889178 ], [ 323031.174646620056592, 1326107.711315494263545 ], [ 323000.848125851945952, 1326107.890123563818634 ], [ 323000.485473430366255, 1326046.386775453807786 ], [ 322970.1588866134407, 1326046.56560639035888 ], [ 322969.434130722074769, 1325923.66465301043354 ], [ 322939.107415771926753, 1325923.843499019276351 ], [ 322938.564264570595697, 1325831.746704750927165 ], [ 322908.652921296714339, 1325831.923119130777195 ], [ 322906.870486631523818, 1325600.15443595033139 ], [ 322906.606080449768342, 1325555.31936495937407 ], [ 322876.694457529112697, 1325555.49577494780533 ], [ 322869.450894638663158, 1325524.838350347708911 ], [ 322846.186259847600013, 1325524.975581293692812 ], [ 322845.987120999838226, 1325491.217551444191486 ], [ 322845.642370746587403, 1325432.773464651079848 ], [ 322809.120917273685336, 1325439.318752894643694 ], [ 322814.213829694665037, 1325316.699932641116902 ], [ 322807.943027350935154, 1325310.090596789261326 ], [ 322784.262743811821565, 1325310.230304861208424 ], [ 322784.117718734778464, 1325285.650216131936759 ], [ 322783.899872498004697, 1325248.726931283716112 ], [ 322753.572451090556569, 1325248.905874989926815 ], [ 322753.391302913078107, 1325218.207116312813014 ], [ 322723.479324048850685, 1325218.383634719764814 ], [ 322723.298147448571399, 1325187.684540911111981 ], [ 322692.970656331744976, 1325187.863537698984146 ], [ 322692.78945480164839, 1325157.164772388292477 ], [ 322662.461928785312921, 1325157.343795924680308 ], [ 322662.09885246574413, 1325095.840618038550019 ], [ 322631.771260437206365, 1325096.019664405845106 ], [ 322631.590007982915267, 1325065.320671727648005 ], [ 322601.262381073902361, 1325065.499744840199128 ], [ 322601.081102389434818, 1325034.800859445938841 ], [ 322571.168297608615831, 1325034.871974911773577 ], [ 322570.571511802496389, 1325004.175539976451546 ], [ 322540.659295758698136, 1325004.352212372701615 ], [ 322540.477963097626343, 1324973.653209727723151 ], [ 322510.150231517618522, 1324973.832362634595484 ], [ 322509.968873284175061, 1324943.133577864151448 ], [ 322479.641106800467242, 1324943.312757511623204 ], [ 322479.459097510785796, 1324912.508328161668032 ], [ 322449.131296040141024, 1324912.687534533906728 ], [ 322448.949882759712636, 1324881.988521824125201 ], [ 322388.709688911563717, 1324882.344562619458884 ], [ 322388.34675221145153, 1324820.946633975952864 ], [ 322327.69093625061214, 1324821.305236940970644 ], [ 322327.508788410690613, 1324790.500790273072198 ], [ 322297.181061322102323, 1324790.680132508045062 ], [ 322296.999511280504521, 1324759.981323790969327 ], [ 322206.430827238364145, 1324760.517069401917979 ], [ 322206.249187410925515, 1324729.818028304493055 ], [ 322055.02474026218988, 1324730.713162260595709 ], [ 322054.84295058529824, 1324700.014212831389159 ], [ 321933.530010790214874, 1324700.627182097872719 ], [ 321933.348101875511929, 1324669.928328162524849 ], [ 321873.107346092408989, 1324670.285346688469872 ], [ 321872.925378418527544, 1324639.586264288285747 ], [ 321842.597220457741059, 1324639.7660465775989 ], [ 321842.415227239252999, 1324609.067182074766606 ], [ 321812.08703439089004, 1324609.24699108209461 ], [ 321811.90438795404043, 1324578.442481690784916 ], [ 321721.335180957161356, 1324578.979615994496271 ], [ 321721.153070476138964, 1324548.280405079014599 ], [ 321241.716802932322025, 1324551.12825699755922 ], [ 321206.818413879605941, 1324551.335852178744972 ], [ 321206.769461200688966, 1324543.10729855322279 ], [ 321206.63578360050451, 1324520.636907074134797 ], [ 321176.307416337658651, 1324520.817346005933359 ], [ 321176.124757903802674, 1324490.118176259798929 ], [ 321085.139757511089556, 1324490.659663772443309 ], [ 321079.505974327097647, 1324521.393471974413842 ], [ 320510.744533590273932, 1324524.784826930845156 ], [ 320510.561194595065899, 1324494.085570652037859 ], [ 320419.575719876098447, 1324494.629076466662809 ], [ 320419.759151907637715, 1324525.328344599343836 ], [ 320238.619266242778394, 1324526.411236853105947 ], [ 320238.435648987651803, 1324495.711945101618767 ], [ 320086.792996296542697, 1324496.619315794669092 ], [ 320086.608598453516606, 1324465.814805029192939 ], [ 319935.381185342208482, 1324466.720432549715042 ], [ 319935.197266808361746, 1324436.021102368365973 ], [ 319874.955508561106399, 1324436.382064748322591 ], [ 319874.771533297374845, 1324405.6828378806822 ], [ 319783.785751250281464, 1324406.228231780929491 ], [ 319783.969819544814527, 1324436.927470545051619 ], [ 319753.64117609069217, 1324437.109334184788167 ], [ 319753.825280266115442, 1324467.808688102988526 ], [ 319421.041272398433648, 1324469.806261117570102 ], [ 319421.226353135949466, 1324500.610859241103753 ], [ 319391.313218362512998, 1324500.790600822074339 ], [ 319391.497701845131814, 1324531.49000334367156 ], [ 319361.169100693310611, 1324531.672275938792154 ], [ 319362.205311078811064, 1324565.84791743895039 ], [ 319300.696466014662292, 1324562.736106786411256 ], [ 319300.511886605876498, 1324532.036913045449182 ], [ 319270.183273686852772, 1324532.219277556752786 ], [ 319269.998666152590886, 1324501.519859129330143 ], [ 319209.756860296765808, 1324501.882172778015956 ], [ 319209.571562582568731, 1324471.077546830754727 ], [ 319148.914185039117001, 1324471.442473538452759 ], [ 319148.79928797937464, 1324452.347585342591628 ], [ 319148.729462334886193, 1324440.743040362140164 ], [ 319058.158768468769267, 1324441.28814694355242 ], [ 319057.967607069062069, 1324409.533823871752247 ], [ 319028.078469675616361, 1324413.722697348101065 ], [ 319027.460351726622321, 1324380.071957962587476 ], [ 318966.802741020452231, 1324380.437227578135207 ], [ 318967.818632003269158, 1324411.131678458768874 ], [ 318906.745572141255252, 1324411.499580257572234 ], [ 318906.894942696322687, 1324436.291234003612772 ], [ 318755.312158991000615, 1324447.332839988870546 ], [ 318755.471837565302849, 1324473.81247316673398 ], [ 318603.815553445077967, 1324472.617440097732469 ], [ 318604.429701398825273, 1324505.529510142514482 ], [ 318453.201485723606311, 1324506.442624398274347 ], [ 318453.386928490479477, 1324537.14215019531548 ], [ 318302.158769303176086, 1324538.056046156678349 ], [ 318302.363505179178901, 1324571.92045992705971 ], [ 318302.52997617732035, 1324599.455028647556901 ], [ 318272.201295564882457, 1324599.63840972725302 ], [ 318272.75886792485835, 1324691.842266161926091 ], [ 318000.632389834558126, 1324693.489150080597028 ], [ 318000.818320695543662, 1324724.188517814967781 ], [ 317970.490364783327095, 1324724.477863735053688 ], [ 317970.676331595692318, 1324755.177346639335155 ], [ 317940.347762889578007, 1324755.361083989264444 ], [ 317940.719771300442517, 1324816.760059481486678 ], [ 317910.806752581498586, 1324816.941317605087534 ], [ 317910.99343330017291, 1324847.746342794038355 ], [ 317668.793111244332977, 1324851.21973103005439 ], [ 317668.594017781084403, 1324818.410104325041175 ], [ 317638.265471608377993, 1324818.594155305996537 ], [ 317638.079156597144902, 1324787.894737919559702 ], [ 317607.750575439771637, 1324788.078815532382578 ], [ 317607.564232322503813, 1324757.379173427354544 ], [ 317396.094823371851817, 1324758.663496871013194 ], [ 317396.281382778077386, 1324789.363166982540861 ], [ 317305.295641397824511, 1324789.91622406267561 ], [ 317305.10898893175181, 1324759.216541891219094 ], [ 317274.780333227710798, 1324759.40095174126327 ], [ 317274.967016713810153, 1324790.100637933937833 ], [ 317245.053772627026774, 1324790.282556069316342 ], [ 317244.867058545874897, 1324759.582865909673274 ], [ 317153.881164680584334, 1324760.136369341053069 ], [ 317153.694362480484415, 1324729.436778299044818 ], [ 317123.365013008762617, 1324729.515693308319896 ], [ 317123.178184745833278, 1324698.816209405427799 ], [ 316518.264579493377823, 1324702.503588638734072 ], [ 316518.452026430051774, 1324733.203152953414246 ], [ 316427.881785388570279, 1324733.861951992614195 ], [ 316427.65383451449452, 1324764.564177829306573 ], [ 316185.85454689420294, 1324766.042324257548898 ], [ 316186.076548304641619, 1324802.333546797512099 ], [ 316155.747135824407451, 1324802.413448294391856 ], [ 316155.52574410662055, 1324766.227865038905293 ], [ 316125.197155160189141, 1324766.41343513247557 ], [ 316126.248711409105454, 1324802.488516536541283 ], [ 315943.827771766402293, 1324798.224825595272705 ], [ 315944.015819694148377, 1324828.924468235345557 ], [ 315853.444985221838579, 1324829.479394695954397 ], [ 315853.633777542388998, 1324860.284694218775257 ], [ 315823.305024028348271, 1324860.470583435846493 ], [ 315823.116200578864664, 1324829.66527984617278 ], [ 315792.787411931320094, 1324829.851195642957464 ], [ 315792.976266509736888, 1324860.656503300648183 ], [ 315732.734234872914385, 1324861.025886877905577 ], [ 315732.545318462944124, 1324830.220571138430387 ], [ 315641.558904609410092, 1324830.778685036115348 ], [ 315641.370547316328157, 1324800.079001964535564 ], [ 315611.041703679366037, 1324800.265097166644409 ], [ 315611.230091994046234, 1324830.96478429576382 ], [ 315520.659126242739148, 1324831.520714986836538 ], [ 315520.470645287947264, 1324800.821015735389665 ], [ 315399.570679500582628, 1324801.563516499940306 ], [ 315399.382077833288349, 1324770.863580350065604 ], [ 315348.280046591418795, 1324771.177559918724 ], [ 315308.395345829077996, 1324771.422678705537692 ], [ 315308.074381588841788, 1324719.201351027237251 ], [ 315279.297049213200808, 1324701.442886115750298 ], [ 315277.310921256314032, 1324648.704210702329874 ], [ 315241.187481219647452, 1324652.513235178310424 ], [ 315247.019259595603216, 1324587.382657465990633 ], [ 315214.203202787903138, 1324588.534142557065934 ], [ 315206.945748643949628, 1324556.928139217663556 ], [ 315185.926371547859162, 1324517.072253768565133 ], [ 315185.416487043956295, 1324434.150947873014957 ], [ 315155.087210834724829, 1324434.337452658219263 ], [ 315154.70897165639326, 1324372.832106018438935 ], [ 315128.52460267895367, 1324371.410624488256872 ], [ 315114.030766679730732, 1324311.680252747377381 ], [ 315095.557265623705462, 1324280.459857129026204 ], [ 315063.569156923796982, 1324281.184103873558342 ], [ 315063.604334034142084, 1324219.359691189602017 ], [ 315002.532401642762125, 1324220.157499765744433 ], [ 315002.343481027754024, 1324189.457742635626346 ], [ 314972.013932431465946, 1324189.644398228963837 ], [ 314971.635390593728516, 1324128.139011619612575 ], [ 314941.305775853223167, 1324128.325689686695114 ], [ 314941.116805515135638, 1324097.625815437640995 ], [ 314911.202663257019594, 1324097.809962056810036 ], [ 314911.013665976934135, 1324067.109973708167672 ], [ 314880.683981231297366, 1324067.296704471576959 ], [ 314880.494308168534189, 1324036.491289238678291 ], [ 314850.16458828561008, 1324036.678046543849632 ], [ 314849.975539015722461, 1324005.978272422216833 ], [ 314819.646001948742196, 1324006.165054940618575 ], [ 314822.509091708110645, 1323931.346636492060497 ], [ 314818.321256546827499, 1323791.054780542850494 ], [ 314787.991280387039296, 1323791.241566469427198 ], [ 314788.180361372476909, 1323821.941344897728413 ], [ 314758.26570597034879, 1323822.125607272377238 ], [ 314758.644594235694967, 1323883.631039698375389 ], [ 314728.31492100819014, 1323883.817897361237556 ], [ 314728.504076555254869, 1323914.517685547471046 ], [ 314577.270226525899488, 1323915.449898101156577 ], [ 314577.080916398321278, 1323884.750089571811259 ], [ 314546.751001214957796, 1323884.937131919898093 ], [ 314546.182350925402716, 1323792.731831438839436 ], [ 314576.512359214830212, 1323792.544801349751651 ], [ 314575.826108662644401, 1323681.244261224521324 ], [ 314575.185443191381637, 1323577.32868150412105 ], [ 314544.855217608390376, 1323577.515682977158576 ], [ 314544.666573503054678, 1323546.921189326094463 ], [ 314514.336312999832444, 1323547.108217351371422 ], [ 314514.146991505054757, 1323516.408186048036441 ], [ 314453.486396410851739, 1323516.782325790729374 ], [ 314453.296366943395697, 1323485.97686336748302 ], [ 314423.381549134850502, 1323486.161411485867575 ], [ 314423.192145129432902, 1323455.461590342456475 ], [ 314359.641228293883614, 1323458.80780763621442 ], [ 314362.341938068508171, 1323425.135735963704064 ], [ 314329.120596111170016, 1323428.189532567746937 ], [ 314331.442424000648316, 1323333.117569623980671 ], [ 314301.111918153590523, 1323333.304782929830253 ], [ 314300.542759530071635, 1323241.099524975288659 ], [ 314330.873358445125632, 1323240.912323945434764 ], [ 314330.683894800895359, 1323210.212273714831099 ], [ 314300.353264899924397, 1323210.399470656877384 ], [ 314299.836247654864565, 1323126.633857547305524 ], [ 314269.457338104548398, 1323119.014307997189462 ], [ 314265.162424356210977, 1323096.357844562735409 ], [ 314269.074419212993234, 1323056.981322781182826 ], [ 314321.426186445518397, 1323056.65821739542298 ], [ 314360.066773991449736, 1323056.419793310342357 ], [ 314359.876716934842989, 1323025.614326943643391 ], [ 314450.453605413786136, 1323025.055647579254583 ], [ 314450.264297000248916, 1322994.355838753283024 ], [ 314631.833674377819989, 1322993.236763546010479 ], [ 314631.644554387079552, 1322962.536758463131264 ], [ 314661.975388070219196, 1322962.34993009082973 ], [ 314661.785653397557326, 1322931.544395633041859 ], [ 314722.447370880574454, 1322931.170838896650821 ], [ 314722.258353856275789, 1322900.471068407874554 ], [ 314752.589019696693867, 1322900.284341368358582 ], [ 314752.211059214547276, 1322838.884588966611773 ], [ 314661.218428070773371, 1322839.444840110372752 ], [ 314661.407498399319593, 1322870.144617641111836 ], [ 314600.74564089870546, 1322870.518280481221154 ], [ 314600.934778871829621, 1322901.218287987401709 ], [ 314389.449417389696464, 1322902.521974693518132 ], [ 314389.638774327700958, 1322933.221789975417778 ], [ 314328.977620176970959, 1322933.701663173967972 ], [ 314329.167044103494845, 1322964.401597798801959 ], [ 314298.836166128574405, 1322964.588762011844665 ], [ 314299.025626051821746, 1322995.288811910431832 ], [ 314264.955386102141347, 1322995.499092063168064 ], [ 314208.448584931262303, 1322995.847934844903648 ], [ 314204.48323057347443, 1323026.573431224795058 ], [ 314144.220794826978818, 1323024.308131519239396 ], [ 314147.786854692734778, 1322996.22254608059302 ], [ 314119.93913499545306, 1322994.811926259892061 ], [ 314117.08647355454741, 1322936.592431557131931 ], [ 314116.886409866216127, 1322904.204363111406565 ], [ 314086.970967171830125, 1322904.38916583894752 ], [ 314086.781304268864915, 1322873.689089076826349 ], [ 314050.656949794734828, 1322877.710555338067934 ], [ 314056.260612858517561, 1322843.176625977503136 ], [ 314026.354228130076081, 1322844.838407733710483 ], [ 313995.598532316391356, 1322843.551501488080248 ], [ 314000.369353688089177, 1322808.706197341904044 ], [ 313965.077056148671545, 1322812.933469410287216 ], [ 313967.657617345685139, 1322759.849865036318079 ], [ 313934.366370196919888, 1322751.720899600768462 ], [ 313934.277016005187761, 1322737.267672940623015 ], [ 313934.081351516826544, 1322705.617990946164355 ], [ 313933.796344682981726, 1322659.51541539398022 ], [ 313904.296162782295141, 1322659.697797304717824 ], [ 313873.549388986313716, 1322659.887916926527396 ], [ 313877.083329728222452, 1322626.632863331120461 ], [ 313843.028265611850657, 1322629.375503538642079 ], [ 313842.838394443970174, 1322598.675399056868628 ], [ 313778.020784372813068, 1322599.076342248357832 ], [ 313502.532145152101293, 1322598.566568750189617 ], [ 313465.970976933720522, 1322599.214944148203358 ], [ 313308.508334046928212, 1322601.984780683647841 ], [ 313056.427891239873134, 1322624.017009464558214 ], [ 312997.949365548265632, 1322641.577015717513859 ], [ 312991.842138221778441, 1322661.766131403390318 ], [ 312814.446682232897729, 1322666.455954472068697 ], [ 312814.25575686735101, 1322635.755820650840178 ], [ 312754.008442054735497, 1322636.13055715453811 ], [ 312753.810896460083313, 1322604.375398778123781 ], [ 312662.823065594537184, 1322605.996503258589655 ], [ 312662.63133771304274, 1322575.19081507017836 ], [ 312572.052347553952131, 1322575.754688804037869 ], [ 312571.861189078190364, 1322545.054634396918118 ], [ 312329.624452285002917, 1322546.563915399368852 ], [ 312329.815858107467648, 1322577.26400278089568 ], [ 312269.152757215430029, 1322577.642284465488046 ], [ 312269.34488826803863, 1322608.448026395402849 ], [ 312239.428678140509874, 1322608.634626576909795 ], [ 312239.620186613989063, 1322639.33494863496162 ], [ 312058.04688503278885, 1322640.468162896111608 ], [ 312057.855191144160926, 1322609.767816081410274 ], [ 311966.860516936401837, 1322610.336120655993 ], [ 311966.668075946043245, 1322579.530337335309014 ], [ 311906.420411468250677, 1322579.906755137024447 ], [ 311906.228573315660469, 1322549.206610019085929 ], [ 311784.902003082097508, 1322549.964987802086398 ], [ 311784.710044052102603, 1322519.264605413423851 ], [ 311603.135415676166303, 1322520.400464524514973 ], [ 311603.327560110541526, 1322551.100871730130166 ], [ 311452.084668069554027, 1322552.047845523571596 ], [ 311452.276969952858053, 1322582.748052716022357 ], [ 311392.029167472850531, 1322583.125501309987158 ], [ 311392.222197265829891, 1322613.931363444775343 ], [ 311331.558905470941681, 1322614.311545657459646 ], [ 311331.751341028313618, 1322645.011991737410426 ], [ 311241.172000082675368, 1322645.579901106422767 ], [ 311241.364531849860214, 1322676.28024954511784 ], [ 311180.701323018060066, 1322676.660753558622673 ], [ 311180.893920447677374, 1322707.361000205855817 ], [ 311120.230974965903442, 1322707.74163357890211 ], [ 311120.424301760271192, 1322738.547535389428958 ], [ 311060.17650001286529, 1322738.925693651661277 ], [ 311060.369231143675279, 1322769.626179247396067 ], [ 310878.795717373606749, 1322770.766620164038613 ], [ 310878.988636965688784, 1322801.466909974114969 ], [ 310667.083391186781228, 1322802.799276938661933 ], [ 310666.697122192883398, 1322741.398418414406478 ], [ 310636.365503917098977, 1322741.589243670692667 ], [ 310636.558667877397966, 1322772.289787450106815 ], [ 310606.226967546157539, 1322772.480648165335879 ], [ 310606.420165512361564, 1322803.180975415976718 ], [ 310576.504243606352247, 1322803.369254125049338 ], [ 310576.697478636109736, 1322834.069917896063998 ], [ 310243.881405731255654, 1322836.1665819066111 ], [ 310243.687830782553647, 1322805.465872338274494 ], [ 309880.539152932877187, 1322807.757772815879434 ], [ 309880.345213617547415, 1322777.057345593348145 ], [ 309729.102454282518011, 1322778.013138570589945 ], [ 309729.296548064681701, 1322808.71358667104505 ], [ 309426.81059385772096, 1322810.627500067697838 ], [ 309426.61619113991037, 1322779.927010161336511 ], [ 309275.372905033407733, 1322780.88508740440011 ], [ 309274.762813873821869, 1322750.186989149544388 ], [ 308942.35931090824306, 1322752.295285892905667 ], [ 308942.554204957152251, 1322782.996063539059833 ], [ 308972.470486151287332, 1322782.806162317283452 ], [ 308972.628523214661982, 1322807.704410367645323 ], [ 309004.20970847964054, 1322807.925801073899493 ], [ 309003.580061362124979, 1322839.686770405387506 ], [ 308987.381587101961486, 1322840.739114884287119 ], [ 308822.89783722627908, 1322850.540578341577202 ], [ 308821.421911089215428, 1322814.467098340624943 ], [ 308730.842011403059587, 1322815.042637183330953 ], [ 308730.696513533708639, 1322792.149007743457332 ], [ 308706.983329577196855, 1322787.6574641559273 ], [ 308579.528617238742299, 1322805.03216451825574 ], [ 308549.26678099820856, 1322816.197175779379904 ], [ 308542.013921599369496, 1322786.490998990368098 ], [ 308505.830150471883826, 1322781.234835573239252 ], [ 308428.113823980267625, 1322779.091890565352514 ], [ 308427.964069961861242, 1322755.565119308419526 ], [ 308397.632145935902372, 1322755.758203492499888 ], [ 308397.776551453513093, 1322778.441124897683039 ], [ 308367.370752368879039, 1322767.029048724798486 ], [ 308246.388002143241465, 1322756.721436006017029 ], [ 308246.191730077378452, 1322725.915135832736269 ], [ 308124.863784717628732, 1322726.688372131437063 ], [ 308124.668066325131804, 1322695.987703279824927 ], [ 308003.755470543168485, 1322696.758761634118855 ], [ 308003.559632441145368, 1322666.057965831598267 ], [ 307761.733994764857925, 1322667.601507822982967 ], [ 307761.53791347699007, 1322636.900568248238415 ], [ 307579.96055465308018, 1322638.060804261825979 ], [ 307580.156821375712752, 1322668.761769183678553 ], [ 307428.911652593873441, 1322669.729048340814188 ], [ 307428.715231412556022, 1322639.028062287485227 ], [ 307398.383045839087572, 1322639.222136998083442 ], [ 307397.989481850760058, 1322577.714952486567199 ], [ 307339.408767316490412, 1322579.039383420487866 ], [ 307337.128691229736432, 1322547.402178184594959 ], [ 307276.879430556902662, 1322547.787857270566747 ], [ 307276.682197957998142, 1322516.981425420381129 ], [ 307246.35008520266274, 1322517.175634336192161 ], [ 307246.547348881606013, 1322547.98207044438459 ], [ 307216.215045193966944, 1322548.176315614487976 ], [ 307216.411669272405561, 1322578.877329676877707 ], [ 307186.0793923411984, 1322579.071609694743529 ], [ 307185.882737288018689, 1322548.370591387618333 ], [ 307155.550425188150257, 1322548.56489776307717 ], [ 307155.353068267926574, 1322517.758448877604678 ], [ 307127.521882101951633, 1322519.202926636906341 ], [ 307124.627310138312168, 1322456.550841377582401 ], [ 307090.970642574538942, 1322456.766498207580298 ], [ 307064.378024356090464, 1322456.936918398132548 ], [ 307063.787082157912664, 1322364.728615230880678 ], [ 307033.454567286535166, 1322364.923018079716712 ], [ 307033.26319940254325, 1322335.066061794292182 ], [ 307032.863571992143989, 1322272.714596503414214 ], [ 307002.530959909607191, 1322272.90901719010435 ], [ 307002.334165947861038, 1322242.208200189517811 ], [ 307032.666808997979388, 1322242.01378375152126 ], [ 307032.470049090334214, 1322211.312750296900049 ], [ 307002.137375073041767, 1322211.507162485737354 ], [ 307001.798582255083602, 1322158.650977548910305 ], [ 306970.591465652338229, 1322152.098547416506335 ], [ 306971.01678086258471, 1322088.792347883339971 ], [ 306850.101081086497288, 1322089.567691434407607 ], [ 306849.903482137015089, 1322058.761208255309612 ], [ 306819.570627940876875, 1322058.955782303353772 ], [ 306819.373680194257759, 1322028.25494368840009 ], [ 306789.040790833125357, 1322028.449544074479491 ], [ 306789.237769542494789, 1322059.150386942783371 ], [ 306729.378089026431553, 1322055.630675730993971 ], [ 306728.790551511978265, 1322028.836169606307521 ], [ 306689.759475693805143, 1322033.41226160293445 ], [ 306668.124743496708106, 1322029.225583679741248 ], [ 306667.024607575964183, 1322052.021770905004814 ], [ 306638.829553631367162, 1322061.592839369317517 ], [ 306637.791833172144834, 1322029.420336603419855 ], [ 306607.874470875132829, 1322029.612451433204114 ], [ 306608.071634512976743, 1322060.313319720327854 ], [ 306547.40585487120552, 1322060.702986204298213 ], [ 306554.656750918074977, 1322089.776191593613476 ], [ 306456.739418979850598, 1322112.983444448327646 ], [ 306456.999816827476025, 1322153.496257095132023 ], [ 306487.332628378644586, 1322153.301303983433172 ], [ 306487.591637395380531, 1322193.603146947687492 ], [ 306487.92523979418911, 1322245.509948483435437 ], [ 306518.257954105269164, 1322245.315013171173632 ], [ 306518.455242277937941, 1322276.015898067736998 ], [ 306548.787921436014585, 1322275.82098909188062 ], [ 306549.18312965799123, 1322337.328621663386002 ], [ 306488.517891246359795, 1322337.718487279489636 ], [ 306488.912563311401755, 1322399.120601289207116 ], [ 306367.997831285640132, 1322399.898061061743647 ], [ 306367.800369179109111, 1322369.196931476006284 ], [ 306277.2180707185762, 1322369.779664174420759 ], [ 306277.020521356957033, 1322339.078633039724082 ], [ 306186.022544012288563, 1322339.664301001001149 ], [ 306185.824905551620759, 1322308.963146976428106 ], [ 306064.909635661402717, 1322309.741772157140076 ], [ 306065.107397577201482, 1322340.442943196743727 ], [ 305913.859700756263919, 1322341.41759801725857 ], [ 305914.057620914594736, 1322372.118680263403803 ], [ 305853.392267847666517, 1322372.509836207143962 ], [ 305853.590255192713812, 1322403.211038185749203 ], [ 305792.924947157735005, 1322403.602325076935813 ], [ 305793.321738044265658, 1322465.109954075189307 ], [ 305702.739478502771817, 1322465.69445756659843 ], [ 305702.937633903231472, 1322496.39568248949945 ], [ 305642.272469780640677, 1322496.787300242809579 ], [ 305642.470690951216966, 1322527.488423668313771 ], [ 305339.976022090064362, 1322529.443017011508346 ], [ 305339.777492023538798, 1322498.741850880207494 ], [ 305127.864537593384739, 1322500.112923224689439 ], [ 305127.66579496167833, 1322469.411617081379518 ], [ 305067.415957608842291, 1322469.801695795729756 ], [ 305068.033912053680979, 1322436.87957597640343 ], [ 304946.301761631155387, 1322439.883797931484878 ], [ 304948.133212226326577, 1322401.889388673938811 ], [ 304915.769381477381103, 1322409.273582906462252 ], [ 304913.531760444398969, 1322384.59942062292248 ], [ 304824.085516845341772, 1322368.192484846804291 ], [ 304793.630915376590565, 1322349.609680401626974 ], [ 304793.876136675942689, 1322323.336710295174271 ], [ 304751.042562041722704, 1322318.233642429346219 ], [ 304692.038968710810877, 1322318.616343998350203 ], [ 304400.759972088737413, 1322320.507295668823645 ], [ 304400.959433138952591, 1322351.208701965864748 ], [ 304340.293595283466857, 1322351.602901736740023 ], [ 304340.493122124345973, 1322382.304206554079428 ], [ 304310.160227775457315, 1322382.501356647582725 ], [ 304310.359790875343606, 1322413.202776958001778 ], [ 304280.442474834853783, 1322413.397260375786573 ], [ 304280.242881186655723, 1322382.695835815975443 ], [ 304249.909978381474502, 1322382.893046691315249 ], [ 304249.710359049611725, 1322352.191729006590322 ], [ 304219.377421016572043, 1322352.388966172002256 ], [ 304218.777811262698378, 1322260.179464518325403 ], [ 304188.444775975425728, 1322260.376719336723909 ], [ 304188.390570916351862, 1322252.041908098850399 ], [ 304188.012520485615823, 1322193.90975107671693 ], [ 304189.893856524722651, 1322163.722501913318411 ], [ 304066.961752370116301, 1322174.12330947862938 ], [ 304067.127890487434343, 1322199.655008640140295 ], [ 304006.461649042903446, 1322200.049836728023365 ], [ 304006.658746294328012, 1322230.329251240706071 ], [ 304006.862028897390701, 1322261.558185746893287 ], [ 303976.528963815129828, 1322261.755654332228005 ], [ 303976.728847006801516, 1322292.456898519769311 ], [ 303916.478319984744303, 1322292.849229749757797 ], [ 303916.278375277703162, 1322262.147976988228038 ], [ 303885.945297459838912, 1322262.345536948181689 ], [ 303885.74532491969876, 1322231.644059161422774 ], [ 303855.412211865826976, 1322231.841645401436836 ], [ 303855.066513224272057, 1322178.773617153288797 ], [ 303854.861025257967412, 1322147.228266220772639 ], [ 303824.478332464466803, 1322139.829488389426842 ], [ 303824.077619365067221, 1322078.321313247317448 ], [ 303793.744342728867196, 1322078.518939055036753 ], [ 303793.544306234223768, 1322047.817672841018066 ], [ 303642.293479982297868, 1322048.803528102813289 ], [ 303642.093291506636888, 1322018.101909017423168 ], [ 303462.138256852515042, 1322014.317034187959507 ], [ 303460.708866267639678, 1322049.988103329436854 ], [ 303400.457811824860983, 1322050.381395756499842 ], [ 303400.286305313929915, 1322024.110955404816195 ], [ 303387.376033605192788, 1322019.763839654857293 ], [ 302916.169061901397072, 1322022.843962572980672 ], [ 302916.369991415529512, 1322053.545685312943533 ], [ 302825.369671810243744, 1322054.141387458890676 ], [ 302825.168649400235154, 1322023.439651697874069 ], [ 302673.916769670322537, 1322024.430355798918754 ], [ 302673.715599638584536, 1321993.728930796263739 ], [ 302552.797007676097564, 1321994.521479496033862 ], [ 302552.595026149007026, 1321963.714387358166277 ], [ 302401.342644981108606, 1321964.706416779430583 ], [ 302401.141204906976782, 1321934.004732628120109 ], [ 302280.222211952437647, 1321934.798340810695663 ], [ 302280.020654516469222, 1321904.09686108562164 ], [ 302249.687191914999858, 1321904.29601546539925 ], [ 302249.484914447064511, 1321873.488881431519985 ], [ 302219.151198619045317, 1321873.68806346389465 ], [ 302218.949586328468286, 1321842.986244250554591 ], [ 302188.615835239179432, 1321843.185452518053353 ], [ 302188.414198784332257, 1321812.483961364487186 ], [ 302158.080412447918206, 1321812.683195866178721 ], [ 302157.878748197574168, 1321781.981479645706713 ], [ 302097.62666538276244, 1321782.377301263390109 ], [ 302097.424251556629315, 1321751.570147640770301 ], [ 302036.75652479956625, 1321751.968812469625846 ], [ 302038.813673580414616, 1321685.590464513981715 ], [ 301975.685105495969765, 1321690.964228396536782 ], [ 301978.351907316711731, 1321654.124369500903413 ], [ 301915.230895666172728, 1321660.658860185882077 ], [ 301917.899494281853549, 1321624.135165139334276 ], [ 301824.026268659101333, 1321630.450222603045404 ], [ 301823.824292484088801, 1321599.748461831128225 ], [ 301672.569543225632515, 1321600.743882547365502 ], [ 301672.367418780457228, 1321570.042321795364842 ], [ 301642.033311490318738, 1321570.242040094453841 ], [ 301641.628316774615087, 1321508.73292882181704 ], [ 301581.375534722988959, 1321509.129702662583441 ], [ 301581.174026106949896, 1321478.533560049021617 ], [ 301550.839813047205098, 1321478.733356574550271 ], [ 301550.594497345678974, 1321441.490501227322966 ], [ 301550.434663164312951, 1321417.224554310087115 ], [ 301518.462643807171844, 1321421.127901633502916 ], [ 301519.897436812578235, 1321386.61714257649146 ], [ 301489.563122049090452, 1321386.816987124970183 ], [ 301489.360844036855269, 1321356.115293407114223 ], [ 301459.442065910901874, 1321356.312425786629319 ], [ 301459.239761277742218, 1321325.61061766045168 ], [ 301428.90537605364807, 1321325.81051420699805 ], [ 301428.500025474000722, 1321264.301682493649423 ], [ 301398.165573907201178, 1321264.50160085875541 ], [ 301397.963221298530698, 1321233.799785639159381 ], [ 301341.021083812462166, 1321232.170557015342638 ], [ 301334.607170335599221, 1321204.780358532676473 ], [ 301306.756611111864913, 1321203.592342955293134 ], [ 301303.453589712677058, 1321143.790749769890681 ], [ 301276.432727373670787, 1321142.386192929465324 ], [ 301278.714571960270405, 1321110.296560636488721 ], [ 301215.56101120938547, 1321112.084712146315724 ], [ 301215.155290402413812, 1321050.575494944350794 ], [ 301184.820591802243143, 1321050.775596263818443 ], [ 301184.618056961044203, 1321020.073975526727736 ], [ 301154.283540954813361, 1321020.274101603543386 ], [ 301154.080978352983948, 1320989.572255769278854 ], [ 301124.161568995506968, 1320989.769668659893796 ], [ 301123.755702479858883, 1320928.260761518031359 ], [ 301093.420867086388171, 1320928.460936605231836 ], [ 301093.378319418698084, 1320859.036406910512596 ], [ 301062.680968494154513, 1320867.257537445286289 ], [ 301062.477640897908714, 1320836.450251485686749 ], [ 301032.142703942372464, 1320836.650474555557594 ], [ 301031.940047355135903, 1320805.948835786897689 ], [ 301062.275015248626005, 1320805.748617097735405 ], [ 301061.869079182506539, 1320744.239477686351165 ], [ 301031.534049308625981, 1320744.439687598263845 ], [ 301031.331405941164121, 1320713.737939838552848 ], [ 301000.996340783429332, 1320713.938175935298204 ], [ 301000.591006112517789, 1320652.534673262853175 ], [ 300970.255874755210243, 1320652.734931161161512 ], [ 300969.849799320450984, 1320591.225770857650787 ], [ 300939.930185178294778, 1320591.423306558281183 ], [ 300939.524764091125689, 1320530.01968020061031 ], [ 300909.189500293694437, 1320530.219981259200722 ], [ 300908.783340497757308, 1320468.711029104189947 ], [ 300878.448010400868952, 1320468.911351940361783 ], [ 300878.245253912289627, 1320438.209476574789733 ], [ 300847.909888571070042, 1320438.40982558671385 ], [ 300849.564036700350698, 1320374.249509124783799 ], [ 300817.168200426618569, 1320377.10111929802224 ], [ 300817.377498904184904, 1320345.869010472903028 ], [ 300756.710045134299435, 1320346.797315284144133 ], [ 300756.507185432477854, 1320316.09564586286433 ], [ 300726.171678977261763, 1320316.296099130064249 ], [ 300725.822382394806482, 1320263.438438093988225 ], [ 300697.076437187381089, 1320252.655474421102554 ], [ 300695.023826607735828, 1320193.583671299507841 ], [ 300664.688187672523782, 1320193.784168109530583 ], [ 300664.281635625404306, 1320132.275157760130242 ], [ 300604.025811388040893, 1320132.673477781005204 ], [ 300603.822830089658964, 1320101.971790275536478 ], [ 300573.48708532541059, 1320102.172365142730996 ], [ 300573.283379175176378, 1320071.365022572921589 ], [ 300486.830456011462957, 1320069.404477556468919 ], [ 300481.869836929370649, 1320010.563177961390465 ], [ 300458.598509935080074, 1320010.717124422546476 ], [ 300421.613715181476437, 1320010.961826339131221 ], [ 300421.410565962316468, 1319980.259893474634737 ], [ 300391.074671422422398, 1319980.460633644135669 ], [ 300390.870798249379732, 1319949.653266860637814 ], [ 300360.534868340415414, 1319949.854033169569448 ], [ 300360.33166808320675, 1319919.152313831727952 ], [ 300329.995702912681736, 1319919.353106293594465 ], [ 300329.79247420176398, 1319888.65105122863315 ], [ 300299.456473787722643, 1319888.851869842037559 ], [ 300299.04927349742502, 1319827.342764972010627 ], [ 300269.128802180406637, 1319827.540853661019355 ], [ 300268.722257534624077, 1319766.137172354152426 ], [ 300238.386124725977425, 1319766.338034034939483 ], [ 300238.182827017968521, 1319735.635968541260809 ], [ 300177.509788890485652, 1319735.932455230271444 ], [ 300177.30643403501017, 1319705.230381480883807 ], [ 300146.970226224919315, 1319705.43132598255761 ], [ 300146.563471614615992, 1319644.027613835176453 ], [ 300116.642795889638364, 1319644.225826692068949 ], [ 300115.828521551680751, 1319521.312850726535544 ], [ 300085.492119550588541, 1319521.513829468749464 ], [ 300085.288007282768376, 1319490.706426829332486 ], [ 300054.951569898054004, 1319490.907431694213301 ], [ 300054.748131383443251, 1319460.205676635727286 ], [ 299994.075181744992733, 1319460.607769177295268 ], [ 299993.871683884528466, 1319429.905673940898851 ], [ 299963.535389511031099, 1319430.106760171009228 ], [ 299963.127650046022609, 1319368.597574843326584 ], [ 299902.869873255142011, 1319368.997069832403213 ], [ 299902.666297859279439, 1319338.295073701068759 ], [ 299841.993275239074137, 1319338.697434063535184 ], [ 299841.790343436761759, 1319308.101081195753068 ], [ 299781.532409606617875, 1319308.500800495967269 ], [ 299781.123636140604503, 1319246.885804571444169 ], [ 299750.787125755683519, 1319247.087077245349064 ], [ 299750.379010816570371, 1319185.577836868353188 ], [ 299720.042216306203045, 1319185.779132685624063 ], [ 299719.634056754410267, 1319124.269664363702759 ], [ 299658.960330805450212, 1319124.67232992243953 ], [ 299658.757246575085446, 1319094.075843905098736 ], [ 299628.420346267696004, 1319094.277218085480854 ], [ 299628.012030576064717, 1319032.767947764135897 ], [ 299567.753700885688886, 1319033.168010344030336 ], [ 299567.549837896367535, 1319002.465971798170358 ], [ 299537.212831764481962, 1319002.667423895793036 ], [ 299536.804359370144084, 1318941.158130417112261 ], [ 299476.130210239149164, 1318941.561108506983146 ], [ 299475.926269351271912, 1318910.859168963739648 ], [ 299415.667650759918615, 1318911.259498799685389 ], [ 299415.259660296898801, 1318849.855603769887239 ], [ 299324.248099791584536, 1318850.460442014038563 ], [ 299324.043317363306414, 1318819.652940940810367 ], [ 299233.44723596284166, 1318820.255276760319248 ], [ 299233.243066785915289, 1318789.553193509113044 ], [ 299202.905796265928075, 1318789.754949612077326 ], [ 299202.701601619541179, 1318759.052973121637478 ], [ 299172.364295849925838, 1318759.254755326546729 ], [ 299172.160074263694696, 1318728.552664312301204 ], [ 299141.822733225766569, 1318728.754472618224099 ], [ 299141.617784061003476, 1318697.946947138058022 ], [ 299111.696021041017957, 1318698.146016249200329 ], [ 299111.491748962667771, 1318667.444138796301559 ], [ 299081.154337354470044, 1318667.645998866762966 ], [ 299081.767927818989847, 1318634.933855961775407 ], [ 299050.477075545408297, 1318616.78328953217715 ], [ 298990.95977381488774, 1318603.77975038299337 ], [ 298989.528212008881383, 1318576.040096203796566 ], [ 298959.190690151473973, 1318576.242065066704527 ], [ 298958.986280939308926, 1318545.53994638286531 ], [ 298898.726778190117329, 1318545.941198916174471 ], [ 298898.522313794586807, 1318515.239293235121295 ], [ 298837.84711598145077, 1318515.643426049733534 ], [ 298837.641890714177862, 1318484.835860067047179 ], [ 298807.304254248505458, 1318485.037967807613313 ], [ 298807.099705129279755, 1318454.335828685667366 ], [ 298777.177650806726888, 1318454.535193131538108 ], [ 298776.768506472930312, 1318393.131018358282745 ], [ 298746.430768655962311, 1318393.333173420047387 ], [ 298745.816294040181674, 1318301.121747821802273 ], [ 298685.140619781741407, 1318301.526122864568606 ], [ 298684.935975020052865, 1318270.823858669726178 ], [ 298654.597616205050144, 1318270.920765917515382 ], [ 298644.628244514984544, 1318209.369310066336766 ], [ 298619.929783725063317, 1318182.73432326852344 ], [ 298597.438236166897696, 1318175.393052635714412 ], [ 298589.802710538962856, 1318152.23166746716015 ], [ 298566.894100912148133, 1318144.682103569386527 ], [ 298559.259955172776245, 1318121.731915465090424 ], [ 298536.350609999499284, 1318114.077050001360476 ], [ 298528.716434467351064, 1318091.126644146163017 ], [ 298471.756134892231785, 1318087.813700946513563 ], [ 298467.629913014301565, 1318030.021820114692673 ], [ 298445.137498928699642, 1318022.575099306646734 ], [ 298441.218407709733583, 1317995.801579619757831 ], [ 298415.451762305106968, 1317995.973506098380312 ], [ 298380.542027783230878, 1317996.206474391743541 ], [ 298379.105035497806966, 1317967.728312297025695 ], [ 298319.660665175295435, 1317965.909511154750362 ], [ 298320.69109257159289, 1317933.510875961743295 ], [ 298259.194086315692402, 1317935.504225047305226 ], [ 298258.989067062735558, 1317904.801905385917053 ], [ 298198.312449125573039, 1317905.207138726487756 ], [ 298198.107375054503791, 1317874.505142611218616 ], [ 298137.43067782180151, 1317874.910489086527377 ], [ 298137.225545240449719, 1317844.208263341570273 ], [ 298107.302786352811381, 1317844.408200553618371 ], [ 298106.481077751028351, 1317783.639769186731428 ], [ 298046.214862490654923, 1317783.304034090833738 ], [ 298046.009651137632318, 1317752.601686063222587 ], [ 298015.671159207820892, 1317752.804478348931298 ], [ 298015.054761267616414, 1317660.592767488909885 ], [ 297984.716172249405645, 1317660.795576913282275 ], [ 297984.51091803656891, 1317630.093222136376426 ], [ 297924.249295561574399, 1317630.496144176693633 ], [ 297923.837976618204266, 1317568.986429988406599 ], [ 297893.499281744123437, 1317569.189317129086703 ], [ 297893.088624981581233, 1317507.785027329344302 ], [ 297862.749863979814108, 1317507.987936064368114 ], [ 297862.543805901310407, 1317477.180245731957257 ], [ 297832.205009530240204, 1317477.383180496515706 ], [ 297831.794256919645704, 1317415.978765486972407 ], [ 297801.455394423508551, 1317416.181721841450781 ], [ 297801.249993966077454, 1317385.479455370921642 ], [ 297771.326730429660529, 1317385.679656760767102 ], [ 297771.120598832087126, 1317354.871955250389874 ], [ 297740.781665765098296, 1317355.07496325392276 ], [ 297740.370766631793231, 1317293.670525960391387 ], [ 297710.031767443055287, 1317293.873555546859279 ], [ 297709.826295211038087, 1317263.171499198302627 ], [ 297649.148221905750688, 1317263.577640938106924 ], [ 297648.94198541843798, 1317232.769923728192225 ], [ 297618.602911195717752, 1317232.973035864299163 ], [ 297618.397354372660629, 1317202.27074595913291 ], [ 297648.736459452426061, 1317202.067638281267136 ], [ 297648.53093969123438, 1317171.365574639523402 ], [ 297618.191803755413275, 1317171.568677859613672 ], [ 297617.780007168243174, 1317110.05855887546204 ], [ 297587.856443407712504, 1317110.25890069687739 ], [ 297587.239049645722844, 1317018.047037174226716 ], [ 297556.899750474432949, 1317018.25017863069661 ], [ 297557.802231387933716, 1316842.674505695467815 ], [ 297525.32541291275993, 1316834.02903138869442 ], [ 297525.133248645346612, 1316805.331367667065933 ], [ 297528.856297917896882, 1316740.628477297257632 ], [ 297494.812279183010105, 1316746.237441127188504 ], [ 297494.163476963061839, 1316711.423339519649744 ], [ 297462.996209530392662, 1316712.159583139466122 ], [ 297463.617737397551537, 1316680.818792087258771 ], [ 297433.693507648597006, 1316681.019223640207201 ], [ 297433.436261376540642, 1316642.614899392705411 ], [ 297433.076554807834327, 1316588.912415420170873 ], [ 297402.736801472259685, 1316589.115646370686591 ], [ 297402.530422624899074, 1316558.307905377121642 ], [ 297372.190633949066978, 1316558.511162326671183 ], [ 297375.557353279029485, 1316440.633322889218107 ], [ 297373.033348714816384, 1316374.073057437082753 ], [ 297401.295784102403559, 1316373.989180555799976 ], [ 297401.089438507508021, 1316343.181443352950737 ], [ 297371.576491218991578, 1316342.745959263760597 ], [ 297310.043470122851431, 1316339.887373741250485 ], [ 297309.863903124292847, 1316313.089112867135555 ], [ 297249.599451040907297, 1316313.492982642492279 ], [ 297249.393666577525437, 1316282.790544939925894 ], [ 297219.053578119026497, 1316282.993913625832647 ], [ 297218.84776977810543, 1316252.291803884319961 ], [ 297158.167517964320723, 1316252.698623734759167 ], [ 297155.919211329775862, 1316289.325718054315075 ], [ 297128.03045574913267, 1316283.182144840946421 ], [ 297127.827385424054228, 1316252.90207936684601 ], [ 297053.015945019782521, 1316253.403881898615509 ], [ 296998.570088802196551, 1316253.769197334069759 ], [ 296987.348372927983291, 1316253.844503880944103 ], [ 296946.20214891154319, 1316254.120663061970845 ], [ 296950.522479052771814, 1316216.635120744351298 ], [ 296825.050207261694595, 1316224.124908214434981 ], [ 296824.84400692320196, 1316193.42252027336508 ], [ 296794.503764125518501, 1316193.626301286974922 ], [ 296794.709995298064314, 1316224.328693704679608 ], [ 296583.159692802932113, 1316225.750455466099083 ], [ 296582.953246635035612, 1316195.048031815327704 ], [ 296491.932399023906328, 1316195.660195048898458 ], [ 296491.725866591790691, 1316164.95797974918969 ], [ 296401.120540467672981, 1316165.567606461234391 ], [ 296400.706592473085038, 1316104.057165754493326 ], [ 296370.366195234470069, 1316104.261358626419678 ], [ 296370.15955416765064, 1316073.559127084445208 ], [ 296339.819121663982514, 1316073.763345938641578 ], [ 296339.405079478223342, 1316012.25300111877732 ], [ 296309.064580773119815, 1316012.457241450436413 ], [ 296308.651206396403722, 1315951.052432273514569 ], [ 296278.310532651667017, 1315951.256694828858599 ], [ 296278.103822884964757, 1315920.554452517768368 ], [ 296217.838384875096381, 1315920.960258537903428 ], [ 296217.424144151853397, 1315859.449883260997012 ], [ 296187.083473516860977, 1315859.65422257501632 ], [ 296187.082007645745762, 1315797.719092175597325 ], [ 296125.98853353067534, 1315798.658355579944327 ], [ 296125.780982086085714, 1315767.850440374342725 ], [ 296095.855756537173875, 1315768.052057657390833 ], [ 296096.315289883699734, 1315712.866391971707344 ], [ 296065.10129561740905, 1315706.851742654573172 ], [ 296069.033630375284702, 1315673.588998267892748 ], [ 296034.552819155564066, 1315676.248284337110817 ], [ 296036.621977504575625, 1315613.244015967240557 ], [ 296003.798052377416752, 1315615.047892111819237 ], [ 296004.212560383370146, 1315553.21545601892285 ], [ 295973.042465499718674, 1315553.741971899056807 ], [ 295970.971592185785994, 1315493.192517716437578 ], [ 295942.287481301929802, 1315492.541608919389546 ], [ 295941.963148018694483, 1315444.430655800970271 ], [ 295941.665852349600755, 1315400.328885411377996 ], [ 295913.395784338819794, 1315399.464435839327052 ], [ 295906.97995867789723, 1315372.60238904831931 ], [ 295881.192143368243705, 1315370.032913290895522 ], [ 295880.983699941425584, 1315339.119316410506144 ], [ 295850.643168485141359, 1315339.429566749138758 ], [ 295850.43612156342715, 1315308.726940564112738 ], [ 295820.094842459191568, 1315308.931563555262983 ], [ 295818.0353289936902, 1315250.070097527466714 ], [ 295759.413677289732732, 1315247.933261519297957 ], [ 295760.853460168931633, 1315214.898574663093314 ], [ 295698.52306933311047, 1315217.534954618662596 ], [ 295696.05051911494229, 1315159.098107107216492 ], [ 295577.15853433002485, 1315156.946379554225132 ], [ 295576.951240317546763, 1315126.24382685800083 ], [ 295546.609736338141374, 1315126.448696035193279 ], [ 295546.401704362069722, 1315095.64070721459575 ], [ 295485.718621177424211, 1315096.050527870422229 ], [ 295485.511245793080889, 1315065.348183990456164 ], [ 295394.902166254003532, 1315065.96032098820433 ], [ 295394.486530411231797, 1315004.449733153684065 ], [ 295333.803217762557324, 1315004.859830360393971 ], [ 295333.59570235828869, 1314974.157354997005314 ], [ 295303.254008532909211, 1314974.362444758182392 ], [ 295302.838930445897859, 1314912.957486622733995 ], [ 295272.912843965808861, 1314913.159787636715919 ], [ 295274.982967738935258, 1314788.958465332398191 ], [ 295241.74002103949897, 1314790.449218944879249 ], [ 295245.468472308130004, 1314727.117040688637644 ], [ 295210.982211400580127, 1314729.143961585359648 ], [ 295210.774615500995424, 1314698.441362434299663 ], [ 295180.432626460096799, 1314698.646532909013331 ], [ 295180.224291578517295, 1314667.838497452670708 ], [ 295220.934536535234656, 1314664.186919341795146 ], [ 295208.301958353142254, 1314640.110187606187537 ], [ 295179.112766949809156, 1314626.380005188053474 ], [ 295179.601456803735346, 1314575.731023204047233 ], [ 295157.156791799876373, 1314575.882798091508448 ], [ 295147.598686359240673, 1314514.750623849686235 ], [ 295179.185544646985363, 1314514.220610754331574 ], [ 295177.939345895894803, 1314329.899808400310576 ], [ 295147.596270404290408, 1314329.99963340186514 ], [ 295143.294137776363641, 1314246.990830065216869 ], [ 295116.566829760908149, 1314228.60155750461854 ], [ 295116.257914026034996, 1314182.917052204255015 ], [ 295083.395325299759861, 1314179.235229053301737 ], [ 295086.083487796131521, 1314146.508403910091147 ], [ 295056.153756314539351, 1314146.288741548079997 ], [ 295025.395505801541731, 1314146.496793953934684 ], [ 295025.140713652363047, 1314108.830884065711871 ], [ 295015.419529830454849, 1314085.051019064383581 ], [ 294964.294151383044664, 1314085.396906396606937 ], [ 294964.086410111747682, 1314054.694282475858927 ], [ 294903.816747686185408, 1314055.102136641740799 ], [ 294903.608950801310129, 1314024.399614911992103 ], [ 294843.374924686737359, 1314030.083075382281095 ], [ 294842.715886588615831, 1313994.107751990202814 ], [ 294801.1504577427404, 1313994.389171885093674 ], [ 294782.030379447969608, 1313994.518644060473889 ], [ 294778.107935944222845, 1313967.745316872373223 ], [ 294721.551855092227925, 1313964.118751144502312 ], [ 294724.64476919407025, 1313929.806652133818716 ], [ 294660.658222916419618, 1313933.827431097393855 ], [ 294660.450200111372396, 1313903.124986029695719 ], [ 294630.107329568068963, 1313903.330585385207087 ], [ 294629.898564841598272, 1313872.522482500178739 ], [ 294569.628437705396209, 1313872.930945763131604 ], [ 294569.212230005301535, 1313811.525699386605993 ], [ 294538.869253634591587, 1313811.731375992530957 ], [ 294536.389785866369493, 1313752.555843763286248 ], [ 294508.109245614497922, 1313750.426277435850352 ], [ 294507.962612288654782, 1313728.797434572828934 ], [ 294507.692953200312331, 1313689.021017242455855 ], [ 294479.839594904042315, 1313688.576788068050519 ], [ 294476.516480994410813, 1313566.310993131948635 ], [ 294449.077983272145502, 1313565.758413296425715 ], [ 294446.010848052450456, 1313542.566479021217674 ], [ 294445.339832551544532, 1313443.600639857584611 ], [ 294415.41216403641738, 1313443.803564893314615 ], [ 294414.798333689803258, 1313353.278523420216516 ], [ 294380.705452637281269, 1313352.243354611564428 ], [ 294377.923030348494649, 1313309.740926759084687 ], [ 294380.386845612025354, 1313243.990298700286075 ], [ 294383.192815557995345, 1313167.369438560912386 ], [ 294352.849165544263087, 1313167.575202006613836 ], [ 294352.432749531813897, 1313106.170027669519186 ], [ 294318.358076436503325, 1313107.878238181117922 ], [ 294321.88008611270925, 1313075.56767824687995 ], [ 294299.021374070900492, 1313076.144799809902906 ], [ 294291.119823746033944, 1313014.368188993772492 ], [ 294262.432977443211712, 1313013.718616217141971 ], [ 294260.774439557222649, 1312953.060350896557793 ], [ 294228.352261518826708, 1312953.280304034706205 ], [ 294200.086668203934096, 1312953.472087053582072 ], [ 294203.602872168237809, 1312920.31737435143441 ], [ 294169.534415637026541, 1312922.975500551285222 ], [ 294171.188242627074942, 1312860.395531289512292 ], [ 294138.773001986905001, 1312861.670556941535324 ], [ 294138.564624752267264, 1312830.967943187104538 ], [ 294108.220600232481956, 1312831.173899504123256 ], [ 294112.771882902015932, 1312766.780477792024612 ], [ 294047.531318554363679, 1312770.177827746840194 ], [ 294047.466846488416195, 1312760.682017419720069 ], [ 294047.113696723128669, 1312708.666922810487449 ], [ 294016.769535694795195, 1312708.872951732482761 ], [ 294016.561059908242896, 1312678.170322566060349 ], [ 293986.216863620327786, 1312678.376377343898639 ], [ 293985.799148995487485, 1312616.86567870224826 ], [ 293948.804108178941533, 1312617.116926065878943 ], [ 293925.5263274962781, 1312617.275037442566827 ], [ 293925.317773563961964, 1312586.572285679867491 ], [ 293890.83606915071141, 1312589.655335806543007 ], [ 293893.807543536066078, 1312537.512071406003088 ], [ 293894.556317322945688, 1312525.373017244040966 ], [ 293885.41137108777184, 1312525.435142876347527 ], [ 293840.518379107350484, 1312525.740160663845018 ], [ 293828.694635076913983, 1312498.598425013013184 ], [ 293772.96940830280073, 1312495.389606656040996 ], [ 293772.76072138431482, 1312464.687055587768555 ], [ 293742.8319839987671, 1312464.890495274914429 ], [ 293742.623988279257901, 1312434.293373182183132 ], [ 293681.935018392861821, 1312434.705985804554075 ], [ 293681.72481243906077, 1312403.7921138019301 ], [ 293621.035980612388812, 1312404.204837343422696 ], [ 293620.618331620586105, 1312342.799361716257408 ], [ 293469.311033471662086, 1312343.82883110945113 ], [ 293468.892380306031555, 1312282.317989812698215 ], [ 293438.547703175107017, 1312282.524531214265153 ], [ 293438.337993464316241, 1312251.716279641492292 ], [ 293408.408994822530076, 1312251.920016744639724 ], [ 293408.200695803039707, 1312221.322738012997434 ], [ 293377.855948218842968, 1312221.529330664779991 ], [ 293377.228115988022182, 1312129.315641023684293 ], [ 293346.883271567872725, 1312129.522250381065533 ], [ 293346.674211847479455, 1312098.819420961197466 ], [ 293316.32933218346443, 1312099.026056146947667 ], [ 293316.119530064170249, 1312068.218010843265802 ], [ 293285.774615069851279, 1312068.424671840155497 ], [ 293285.356397576862946, 1312007.019108086591586 ], [ 293255.427134110941552, 1312007.222958659986034 ], [ 293255.008156399941072, 1311945.71184428781271 ], [ 293224.663109397166409, 1311945.91854738839902 ], [ 293224.453957633464597, 1311915.215924280928448 ], [ 293194.108875369885936, 1311915.422653203131631 ], [ 293193.690522589895409, 1311854.017067581648007 ], [ 293163.345374347874895, 1311854.223817765014246 ], [ 293163.135455704526976, 1311823.415532691637054 ], [ 293132.790272115264088, 1311823.622308677760884 ], [ 293132.371826151502319, 1311762.216818669578061 ], [ 293102.026576604810543, 1311762.423615912208334 ], [ 293101.816610835376196, 1311731.615323299076408 ], [ 293071.887047618860379, 1311731.819312719628215 ], [ 293071.468507822253741, 1311670.413697167532519 ], [ 293010.777801686781459, 1311670.827415296109393 ], [ 293010.358438742114231, 1311609.316239766776562 ], [ 292980.013017333694734, 1311609.523135250434279 ], [ 292980.602749191806652, 1311574.066996636800468 ], [ 292889.183014005131554, 1311579.43850079504773 ], [ 292888.976459759520367, 1311549.157567286165431 ], [ 292767.591550310084131, 1311549.563714100746438 ], [ 292766.982837852323428, 1311521.290493989130482 ], [ 292721.639247008017264, 1311516.746518951375037 ], [ 292646.415501171199139, 1311519.686870224075392 ], [ 292646.205112972762436, 1311488.878513372968882 ], [ 292585.929637578316033, 1311489.290185629623011 ], [ 292585.719913192791864, 1311458.587253663223237 ], [ 292555.374275016773026, 1311458.794550238410011 ], [ 292555.164526258013211, 1311428.091835522791371 ], [ 292494.473174912040122, 1311428.506510635372251 ], [ 292494.263368788175285, 1311397.803676643874496 ], [ 292433.571434395969845, 1311398.112918433500454 ], [ 292433.15171305835247, 1311336.707123149652034 ], [ 292403.22143987484742, 1311336.911712805507705 ], [ 292403.011557305464521, 1311306.208977393107489 ], [ 292372.665738331386819, 1311306.416432871948928 ], [ 292372.245202457532287, 1311244.905078437877819 ], [ 292341.899535350734368, 1311245.112553622107953 ], [ 292336.51092696399428, 1311125.814037231262773 ], [ 292310.713109440112021, 1311122.403086977312341 ], [ 292310.534910102025606, 1311096.342406182549894 ], [ 292310.293230481387582, 1311060.997264822246507 ], [ 292281.187638060364407, 1311060.246681029442698 ], [ 292279.73646765074227, 1311030.396370971109718 ], [ 292258.535609159036539, 1311030.541359478374943 ], [ 292219.459968507173471, 1311030.808628896251321 ], [ 292219.249949057004414, 1311000.105650157434866 ], [ 292158.557637362973765, 1311000.520863329991698 ], [ 292158.136770290730055, 1310939.009676771704108 ], [ 292127.790546113799792, 1310939.217319717863575 ], [ 292127.580449086963199, 1310908.514328837394714 ], [ 292067.303660851670429, 1310908.926851015537977 ], [ 292066.883360098931007, 1310847.520963293965906 ], [ 292036.537030251231045, 1310847.72868314688094 ], [ 292036.32613585202489, 1310816.920467742020264 ], [ 292005.979770654812455, 1310817.12821335112676 ], [ 292005.769570627366193, 1310786.425206359475851 ], [ 291975.423170185822528, 1310786.632977738510817 ], [ 291975.212945817154832, 1310755.930187934543937 ], [ 291944.866510131629184, 1310756.137985082808882 ], [ 291944.235048285103403, 1310663.923618223750964 ], [ 291914.304254652699456, 1310664.12858475628309 ], [ 291913.672745653253514, 1310571.914209121605381 ], [ 291883.326116496580653, 1310572.122039005625993 ], [ 291882.905555758974515, 1310510.716218771180138 ], [ 291913.2522463282221, 1310510.508398062549531 ], [ 291913.0412812307477, 1310479.69994894368574 ], [ 291882.694559850904625, 1310479.90776504855603 ], [ 291882.274027539417148, 1310418.501837373245507 ], [ 291851.927240216289647, 1310418.709674649639055 ], [ 291853.569266801234335, 1310354.968412726884708 ], [ 291821.159089697757736, 1310357.406053965445608 ], [ 291813.718238953617401, 1310302.906805928563699 ], [ 291790.391554930713028, 1310296.208102426957339 ], [ 291794.745412663731258, 1310264.207656036829576 ], [ 291759.833546131034382, 1310265.607543991878629 ], [ 291763.322757791611366, 1310168.089409664738923 ], [ 291763.627913634991273, 1310151.943794200662524 ], [ 291741.138051324174739, 1310146.083549542119727 ], [ 291729.060088612313848, 1310142.895377789856866 ], [ 291728.997195097152144, 1310133.716218645684421 ], [ 291728.218645920685958, 1310020.08356715599075 ], [ 291697.871436591260135, 1310020.291496010031551 ], [ 291697.027781013282947, 1309897.163263413123786 ], [ 291666.680444037192501, 1309897.371204187395051 ], [ 291666.470776296162512, 1309866.773707309970632 ], [ 291636.123404195066541, 1309866.981673842761666 ], [ 291637.766653364524245, 1309803.451334762852639 ], [ 291575.422723363968544, 1309805.883305380353704 ], [ 291575.212256853410508, 1309775.180473167914897 ], [ 291544.864779015537351, 1309775.388516488717869 ], [ 291544.544583330862224, 1309728.683846934698522 ], [ 288156.186240013223141, 1310803.61425508139655 ], [ 278353.303458778478671, 1329563.197424965910614 ] ] ] ] } },
{ "type": "Feature", "properties": { "ADM0_EN": "Djibouti", "ADM0_PCODE": "DJ", "ADM1_EN": "Tadjoura", "ADM1_PCODE": "DJ02", "ADM1_AR": "إقليم تاجورة‎", "ADM2_EN": "Balho", "ADM2_PCODE": "DJ0211", "x": 14 }, "geometry": { "type": "MultiPolygon", "coordinates": [ [ [ [ 187130.949927445268258, 1316589.300931019010022 ], [ 174358.409712346794549, 1319707.359737803926691 ], [ 175349.848104803997558, 1321384.524652876658365 ], [ 175857.440546615456697, 1322521.00215403852053 ], [ 176226.072355738258921, 1323345.981656309682876 ], [ 177351.66157640889287, 1325374.044236560584977 ], [ 177698.916674251086079, 1325999.76903032977134 ], [ 178741.622611066733953, 1327763.564167549600825 ], [ 180201.326788039994426, 1330233.672890205169097 ], [ 181840.694195391028188, 1332689.740436526946723 ], [ 183133.295688345155213, 1335357.74734639422968 ], [ 185564.417175065260381, 1338674.601746370084584 ], [ 186940.906402653665282, 1340042.994130774401128 ], [ 190543.930528997152578, 1344578.227932373760268 ], [ 192075.452573292364832, 1343773.887324783485383 ], [ 192023.008587738033384, 1343703.187149085337296 ], [ 194866.32164897385519, 1342308.496650681598112 ], [ 229885.942535871872678, 1325166.689498855732381 ], [ 215829.290969478199258, 1305568.641777481883764 ], [ 217628.087449840793852, 1299915.584307935554534 ], [ 205595.073513181472663, 1300028.800054517574608 ], [ 187130.949927445268258, 1316589.300931019010022 ] ] ] ] } },
{ "type": "Feature", "properties": { "ADM0_EN": "Djibouti", "ADM0_PCODE": "DJ", "ADM1_EN": "Tadjoura", "ADM1_PCODE": "DJ02", "ADM1_AR": "إقليم تاجورة‎", "ADM2_EN": "Dorra", "ADM2_PCODE": "DJ0212", "x": 15 }, "geometry": { "type": "MultiPolygon", "coordinates": [ [ [ [ 249640.366521441465011, 1367356.945452713640407 ], [ 247515.436178810195997, 1364820.298415759578347 ], [ 247520.188489228836261, 1364801.510720513295382 ], [ 257898.645704790513264, 1355412.898554750951007 ], [ 255054.634234411321813, 1354552.558335521724075 ], [ 255968.803641294012778, 1348422.828489768086001 ], [ 229885.942535871872678, 1325166.689498855732381 ], [ 194866.32164897385519, 1342308.496650681598112 ], [ 192023.008587738033384, 1343703.187149085337296 ], [ 192075.452573292364832, 1343773.887324783485383 ], [ 190543.930528997152578, 1344578.227932373760268 ], [ 191359.065921070287004, 1345604.470791920786723 ], [ 193150.776096108776983, 1347680.540109225083143 ], [ 195218.772438592626713, 1351025.879464616533369 ], [ 195361.146381963510066, 1351094.303395485971123 ], [ 196539.773784965917002, 1351660.944458808982745 ], [ 196562.936259609472472, 1351689.074416712159291 ], [ 198539.184753605979495, 1354089.366764521691948 ], [ 200163.22129103646148, 1356843.207448931643739 ], [ 200203.801792582729831, 1356912.024910997133702 ], [ 202618.851306759519503, 1360046.97807553736493 ], [ 204296.307554263214115, 1363053.288448894629255 ], [ 205806.897648831596598, 1366257.365034144837409 ], [ 207638.12325180193875, 1368883.578810037346557 ], [ 208057.424613486102317, 1369827.340560333803296 ], [ 209883.348164375056513, 1369773.712985389167443 ], [ 223359.548154659976717, 1368907.418674173066393 ], [ 235156.672387631202582, 1380705.96556820301339 ], [ 235237.549713345186319, 1380682.756918438710272 ], [ 235276.213087475975044, 1380671.661928130546585 ], [ 235513.948964197188616, 1380469.660419629421085 ], [ 235720.523242374998517, 1380294.140500618843362 ], [ 236062.267246959439944, 1380105.283908950397745 ], [ 236318.600658391311299, 1379865.08240963309072 ], [ 236479.067148977890611, 1379757.517397906864062 ], [ 236535.885635885526426, 1379719.430832178331912 ], [ 236622.660792379931081, 1379661.388987866928801 ], [ 236779.985500284470618, 1379556.159528037067503 ], [ 237205.511299778765533, 1379214.14717854000628 ], [ 237804.78406358306529, 1378732.544723652536049 ], [ 237856.252976158983074, 1378732.498747140169144 ], [ 237920.413993111171294, 1378671.126347566023469 ], [ 238214.952620406431379, 1378389.361270187422633 ], [ 238493.87975404370809, 1378019.226184180239215 ], [ 238692.90864808979677, 1377755.091323054162785 ], [ 238693.626393204496708, 1377754.234695463906974 ], [ 238725.094326109596295, 1377724.055181557778269 ], [ 238868.651218884362606, 1377586.307088528061286 ], [ 238950.442176388052758, 1377507.868335378123447 ], [ 238971.256469064566772, 1377487.889449666952714 ], [ 239068.955981155682821, 1377394.146476936060935 ], [ 239133.242291481292341, 1377301.007836136734113 ], [ 239185.302007736288942, 1377225.517969183158129 ], [ 239357.410103972360957, 1376975.882944089360535 ], [ 239376.560903152974788, 1376948.098471009870991 ], [ 239683.350092614156893, 1376648.358686905354261 ], [ 240008.737711209309055, 1376330.459341828944162 ], [ 240213.381935106066521, 1376056.46069878526032 ], [ 240247.203258960013045, 1376011.229726645164192 ], [ 240259.695095047471114, 1375994.502436286304146 ], [ 240470.033705674490193, 1375712.797505301656201 ], [ 240692.414327502134256, 1375524.082762634614483 ], [ 240763.692646727606189, 1375421.059349157148972 ], [ 240904.301869813672965, 1375218.003950690850616 ], [ 240948.881645461951848, 1375153.590472541050985 ], [ 240965.583006185566774, 1375129.497971164993942 ], [ 241922.537384236551588, 1374151.560109603218734 ], [ 241943.324588071322069, 1374116.068825723137707 ], [ 241959.058677461987827, 1374089.237152420217171 ], [ 241975.684742552315583, 1374060.884589367778972 ], [ 242093.445857591606909, 1373859.952780771069229 ], [ 243972.977951068489347, 1371767.111353470245376 ], [ 244451.454286702501122, 1371338.235484631499276 ], [ 244459.388033256109338, 1371334.259870629524812 ], [ 244656.766934822982876, 1371235.331958184484392 ], [ 245255.018958453467349, 1370789.41220657620579 ], [ 245386.840278187184595, 1370670.352193225175142 ], [ 245573.470846172363963, 1370501.743039488792419 ], [ 245596.785848993167747, 1370480.731958436546847 ], [ 245836.383144428895321, 1370360.654451428214088 ], [ 245837.224701798171736, 1370359.715319979470223 ], [ 245924.730215616436908, 1370262.045542910462245 ], [ 245990.129274993319996, 1370189.092632989631966 ], [ 246160.068290497059934, 1370051.540287382435054 ], [ 246185.830251466308255, 1370030.688175681978464 ], [ 246200.893342045834288, 1370018.472169733606279 ], [ 246430.241487517778296, 1369832.861212621442974 ], [ 246591.078267720469739, 1369702.728547652484849 ], [ 246681.33283520679106, 1369629.705123460618779 ], [ 246683.409337401331868, 1369628.026140216272324 ], [ 246844.145150281226961, 1369498.081250335555524 ], [ 247050.027946849440923, 1369331.641226589912549 ], [ 247192.511173741047969, 1369264.976260223193094 ], [ 247306.749261928722262, 1369211.513338996795937 ], [ 247509.171502329612849, 1369019.626240945886821 ], [ 247614.256018517946359, 1368920.012639537220821 ], [ 247731.753427191986702, 1368869.521829599747434 ], [ 247792.503838340227958, 1368843.466735344612971 ], [ 247853.660927331075072, 1368817.187690598424524 ], [ 248281.19122764308122, 1368439.852148562902585 ], [ 248657.20915935197263, 1368199.756284190109 ], [ 248879.658772761235014, 1368004.025844314601272 ], [ 248941.675135245197453, 1367949.435343621997163 ], [ 249139.009209889016347, 1367775.773275999585167 ], [ 249139.925855348905316, 1367774.966655289987102 ], [ 249380.2913822067203, 1367563.394108805106953 ], [ 249495.077240468090167, 1367462.469497296959162 ], [ 249503.261172496335348, 1367456.522840517573059 ], [ 249531.298812763794558, 1367436.149941673967987 ], [ 249640.366521441465011, 1367356.945452713640407 ] ] ] ] } },
{ "type": "Feature", "properties": { "ADM0_EN": "Djibouti", "ADM0_PCODE": "DJ", "ADM1_EN": "Tadjoura", "ADM1_PCODE": "DJ02", "ADM1_AR": "إقليم تاجورة‎", "ADM2_EN": "Lac 'Assal", "ADM2_PCODE": "DJ0213", "x": 16 }, "geometry": { "type": "MultiPolygon", "coordinates": [ [ [ [ 230313.060718301159795, 1277760.227027660235763 ], [ 218899.922588126442861, 1284945.547439299989492 ], [ 211157.773814531450626, 1289824.484382702503353 ], [ 205320.503859657212161, 1297725.693297440418974 ], [ 205595.073513181472663, 1300028.800054517574608 ], [ 217628.087449840793852, 1299915.584307935554534 ], [ 224944.396082463441417, 1289986.000965133076534 ], [ 228828.776979690534063, 1281339.373616290744394 ], [ 228858.747559565585107, 1281339.112364016007632 ], [ 228858.479849476541858, 1281308.398889142554253 ], [ 228888.866744936560281, 1281308.134043623460457 ], [ 228888.598152077931445, 1281277.315105602843687 ], [ 228949.371985532576218, 1281276.785515867406502 ], [ 228949.104380280594341, 1281246.072281287284568 ], [ 228979.491318192624021, 1281245.807537047425285 ], [ 228979.223746451432817, 1281215.093976930715144 ], [ 229002.950572379748337, 1281214.887284024385735 ], [ 229039.581372105400078, 1281214.568215525476262 ], [ 229039.313869318517391, 1281183.854999803705141 ], [ 229130.474792540364433, 1281183.061158870346844 ], [ 229130.206466103729326, 1281152.242270790971816 ], [ 229190.564152688661125, 1281151.716827914351597 ], [ 229190.296810594911221, 1281121.003421684494242 ], [ 229276.472737832460552, 1281121.414465012261644 ], [ 229271.163674847513903, 1281085.362060173414648 ], [ 229314.43002854619408, 1281082.135729679837823 ], [ 229311.310395428386983, 1281058.519015606027097 ], [ 229371.668190730328206, 1281057.993962176376954 ], [ 229371.400132180715445, 1281027.175345290917903 ], [ 229341.429354581516236, 1281027.436040735803545 ], [ 229341.162188147427514, 1280996.72266636416316 ], [ 229310.775080446444917, 1280996.987006425857544 ], [ 229310.507892191410065, 1280966.273847887990996 ], [ 229280.120748516987078, 1280966.538211708888412 ], [ 229279.852616993244737, 1280935.719356958288699 ], [ 229249.465437204344198, 1280935.983744516735896 ], [ 229248.930969195440412, 1280874.557073862059042 ], [ 229188.156471574620809, 1280875.085914255818352 ], [ 229187.88918644428486, 1280844.372512339614332 ], [ 229127.53090221376624, 1280844.897836113115773 ], [ 229127.262645665847231, 1280814.078953301301226 ], [ 229096.875315974582918, 1280814.343465193174779 ], [ 229096.340599752904382, 1280752.916849265340716 ], [ 229065.953203987271991, 1280753.181378913810477 ], [ 229066.928259596053977, 1280626.08813339821063 ], [ 229054.03874016267946, 1280627.889083463698626 ], [ 229034.495286112709437, 1280630.487084059743211 ], [ 229035.233292770164553, 1280476.163323744433001 ], [ 229063.545184750051703, 1280476.550305966055021 ], [ 229060.565486907784361, 1280373.34623175766319 ], [ 229056.112707972235512, 1280292.215485733468086 ], [ 229122.715198996418621, 1280291.530338916694745 ], [ 229122.447056815144606, 1280260.711464721476659 ], [ 229184.070079749857541, 1280261.864120464539155 ], [ 229182.539319086296018, 1280229.473085619742051 ], [ 229242.003049955528695, 1280221.672659566393122 ], [ 229253.476781638455577, 1280200.673765240469947 ], [ 229302.121161496150307, 1280193.390016830526292 ], [ 229303.556762166554108, 1280166.98951343796216 ], [ 229363.897943141928408, 1280164.353981460211799 ], [ 229363.648414183873683, 1280135.645980927860364 ], [ 229420.292736693983898, 1280138.74234647792764 ], [ 229424.165646024222951, 1280105.354328618850559 ], [ 229515.315743696468417, 1280102.979240840068087 ], [ 229515.706281393126119, 1280195.861227654153481 ], [ 229485.73473176592961, 1280196.121617279713973 ], [ 229486.06394097651355, 1280234.011833546450362 ], [ 229487.069052566890605, 1280349.687950549880043 ], [ 229456.681342419353314, 1280349.952016443246976 ], [ 229457.483934904448688, 1280442.302867042366415 ], [ 229487.87155468511628, 1280442.038783151190728 ], [ 229488.139373921614606, 1280472.857588266255334 ], [ 229526.852324968436733, 1280472.521188020007685 ], [ 229584.325596177717671, 1280475.293970710830763 ], [ 229578.351270488870796, 1280410.537008764687926 ], [ 229608.738896721915808, 1280410.273049392271787 ], [ 229607.937691773986444, 1280318.027980392100289 ], [ 229638.325402349699289, 1280317.764068722492084 ], [ 229638.125589572009631, 1280294.755430504446849 ], [ 229637.791050316707697, 1280256.231992733664811 ], [ 229675.255321428994648, 1280255.906678712461144 ], [ 229728.538023692381103, 1280255.444085997296497 ], [ 229728.805564446258359, 1280286.262840377166867 ], [ 229819.968697810953017, 1280285.471568077802658 ], [ 229820.235239146510139, 1280316.184835967142135 ], [ 229910.981926974956878, 1280315.397424980299547 ], [ 229911.247467932698783, 1280346.004985278006643 ], [ 230002.410096856707241, 1280345.214213041123003 ], [ 230002.678300359053537, 1280376.138383797137067 ], [ 230123.812258707708679, 1280375.088019474642351 ], [ 230124.078518327325583, 1280405.801118553150445 ], [ 230245.212263016379438, 1280404.751202922780067 ], [ 230245.478410095383879, 1280435.464389363303781 ], [ 230366.611941127863247, 1280434.414922445546836 ], [ 230366.878888268023729, 1280465.233554171165451 ], [ 230458.041108786535915, 1280464.444042608141899 ], [ 230457.774252118018921, 1280433.625428837956861 ], [ 230518.132797755708452, 1280433.102852296549827 ], [ 230517.866920333879534, 1280402.389719380764291 ], [ 230609.029233248613309, 1280401.600688458885998 ], [ 230611.696618678513914, 1280373.078743988182396 ], [ 230669.559360329410993, 1280372.789257480530068 ], [ 230669.270819636527449, 1280339.437785639660433 ], [ 230699.241994371986948, 1280339.178507398581132 ], [ 230698.179320562165231, 1280216.326459096744657 ], [ 230523.311944839428179, 1280213.828396238619462 ], [ 230517.616920577711426, 1280133.025673113530502 ], [ 230515.20575962041039, 1280094.942675143480301 ], [ 230545.593503959011286, 1280094.679694784805179 ], [ 230545.327726832241751, 1280063.96668377192691 ], [ 230575.71549531747587, 1280063.703739101998508 ], [ 230575.183105594071094, 1280002.172040668781847 ], [ 230606.392581464955583, 1280000.635539122624323 ], [ 230605.039538382086903, 1279940.483142809243873 ], [ 230622.10674173629377, 1279940.335504354676232 ], [ 230635.427415330894291, 1279940.220281455200166 ], [ 230635.161759814072866, 1279909.507290714653209 ], [ 230614.348227164999116, 1279909.687324569327757 ], [ 230604.773852823709603, 1279909.7701461086981 ], [ 230602.280784972885158, 1279862.188257234171033 ], [ 230601.328573660051916, 1279848.369359974283725 ], [ 230575.972473251109477, 1279852.81074571236968 ], [ 230573.321313782478683, 1279786.969867163570598 ], [ 230512.545229542069137, 1279787.495678790146485 ], [ 230512.279484411119483, 1279756.782555913552642 ], [ 230270.007288294495083, 1279758.879732903558761 ], [ 230269.74131093674805, 1279728.166673625120893 ], [ 230180.658255895832554, 1279728.938257802044973 ], [ 230148.604952391295228, 1279729.215946732321754 ], [ 230148.071863379096612, 1279667.684313294710591 ], [ 230178.043789240473416, 1279667.424667373532429 ], [ 230177.777739736251533, 1279636.711480964440852 ], [ 230208.165999867487699, 1279636.448264045873657 ], [ 230207.899988616409246, 1279605.735305396607146 ], [ 230238.288272875186522, 1279605.472124165156856 ], [ 230237.755411221936811, 1279543.940198278287426 ], [ 230268.143749745911919, 1279543.677058721659705 ], [ 230267.87781748350244, 1279512.964113443857059 ], [ 230298.266180116159376, 1279512.701009570853785 ], [ 230298.000282268563751, 1279481.987849400145933 ], [ 230328.388669047388248, 1279481.724781209370121 ], [ 230328.12189457565546, 1279450.906158942496404 ], [ 230358.093993127462454, 1279450.646729722386226 ], [ 230357.828169464017265, 1279419.933803704334423 ], [ 230388.216604681161698, 1279419.670806487556547 ], [ 230387.950814471347257, 1279388.957554906373844 ], [ 230448.727727239194792, 1279388.431661541806534 ], [ 230448.462006256682798, 1279357.718754375120625 ], [ 230472.19001553254202, 1279357.513476588297635 ], [ 230478.583884898922406, 1279326.637267704121768 ], [ 230508.556073004147038, 1279326.378008161438629 ], [ 230515.351808446168434, 1279293.809612943558022 ], [ 230569.067468479974195, 1279295.139271804830059 ], [ 230568.801886099332478, 1279264.426389842526987 ], [ 230599.19043033599155, 1279264.163630035240203 ], [ 230598.924881402868778, 1279233.45042250584811 ], [ 230629.313449749548454, 1279233.187698369147256 ], [ 230629.04702633729903, 1279202.369139598216861 ], [ 230689.407890767033678, 1279201.847390559269115 ], [ 230689.142446970683523, 1279171.134533790871501 ], [ 230719.531057878222782, 1279170.87191031081602 ], [ 230719.265648482076358, 1279140.158838635543361 ], [ 230749.654283517680597, 1279139.896250820718706 ], [ 230749.388001069077291, 1279109.077938681468368 ], [ 230801.423446172324475, 1279108.628380599431694 ], [ 230812.847009929420892, 1278985.24642227194272 ], [ 230839.075664800708182, 1278985.336424756096676 ], [ 230838.646343437139876, 1278935.625714822206646 ], [ 230838.279930662538391, 1278893.197623035172001 ], [ 230808.307391517504584, 1278893.456478736596182 ], [ 230808.041217916994356, 1278862.63796105212532 ], [ 230777.652324180060532, 1278862.900435779243708 ], [ 230777.121759555942845, 1278801.474547640886158 ], [ 230744.229626660293434, 1278801.125253203790635 ], [ 230747.313593803555705, 1278772.599919969914481 ], [ 230716.077589322754648, 1278771.181028163060546 ], [ 230715.281626472889911, 1278679.041943907272071 ], [ 230745.670712192135397, 1278678.779445551568642 ], [ 230745.404522560653277, 1278647.960919248173013 ], [ 230775.793632499990053, 1278647.698456567246467 ], [ 230777.365839818376116, 1278636.918681942857802 ], [ 230778.50794569554273, 1278624.559374151751399 ], [ 230775.263155027991161, 1278586.272464455571026 ], [ 230809.013561262865551, 1278589.569972358644009 ], [ 230805.38712123350706, 1278555.297219998436049 ], [ 230833.322328860755078, 1278560.122523402329534 ], [ 230835.093911865376867, 1278524.219922448741272 ], [ 230868.847095680539496, 1278527.834022654453292 ], [ 230865.217996776336804, 1278493.244540357030928 ], [ 230899.807494265085552, 1278497.273697017692029 ], [ 230895.342143988178577, 1278462.269421708071604 ], [ 230929.519892664975487, 1278466.829772713128477 ], [ 230925.466350670554675, 1278431.294234456960112 ], [ 230987.094754981109872, 1278432.767815711908042 ], [ 230985.979015791031998, 1278399.951302974950522 ], [ 231015.951994274510071, 1278399.692716673947871 ], [ 231014.891312941268552, 1278276.735471532214433 ], [ 230984.918215981684625, 1278276.994034327566624 ], [ 230983.32766088785138, 1278092.610990376677364 ], [ 231104.469710534147453, 1278091.566284836037084 ], [ 231104.998417007212993, 1278152.886441695503891 ], [ 231135.38771876815008, 1278152.624431731645018 ], [ 231135.653416811721399, 1278183.442872856277972 ], [ 231165.62679194152588, 1278183.184471804182976 ], [ 231166.157238376268651, 1278244.715875775320455 ], [ 231196.546656489488669, 1278244.453905003843829 ], [ 231196.811403572384734, 1278275.166757143568248 ], [ 231231.811662491876632, 1278278.559374815784395 ], [ 231226.935850436100736, 1278244.1919657997787 ], [ 231261.101187616819516, 1278247.275060076732188 ], [ 231257.059666120563634, 1278213.11163612967357 ], [ 231307.847561989445239, 1278212.673996703466401 ], [ 231319.672708560130559, 1278183.862480568932369 ], [ 231347.547028033295646, 1278181.616752366535366 ], [ 231348.959687467024196, 1278152.261772698257118 ], [ 231377.671012987499125, 1278150.536577670369297 ], [ 231378.246506760071497, 1278120.660885771038011 ], [ 231438.18636834906647, 1278119.405892021255568 ], [ 231437.234732352430001, 1278057.245045515475795 ], [ 231468.046058752108365, 1278057.61304129450582 ], [ 231466.913747757032979, 1278022.791294922819361 ], [ 231467.251868008286692, 1277965.369078304618597 ], [ 231497.225168518256396, 1277965.11104145902209 ], [ 231496.432030087511521, 1277872.97245738399215 ], [ 231466.4586408266332, 1277873.230476645985618 ], [ 231465.400186107784975, 1277750.273731225170195 ], [ 231435.010340509586968, 1277750.535340056754649 ], [ 231434.216248171695042, 1277658.291373571846634 ], [ 231252.292844543524552, 1277659.857956238323823 ], [ 231252.027373648015782, 1277629.039547059452161 ], [ 231171.265044142899569, 1277629.735333024989814 ], [ 230979.349988316593226, 1277631.389564419165254 ], [ 230979.127936296223197, 1277605.637218920281157 ], [ 230887.914878315117676, 1277601.463038335554302 ], [ 230888.179791543865576, 1277632.175829126732424 ], [ 230706.255574652284849, 1277633.745566137135029 ], [ 230706.521585961338133, 1277664.564082606928423 ], [ 230585.377555961662438, 1277665.609990151133388 ], [ 230585.642782765207812, 1277696.32306263782084 ], [ 230524.862624661473092, 1277696.848003209102899 ], [ 230525.127915826160461, 1277727.560866786865517 ], [ 230464.764129272778518, 1277728.082340920343995 ], [ 230465.03039946424542, 1277758.900906527414918 ], [ 230313.060718301159795, 1277760.227027660235763 ] ] ] ] } },
{ "type": "Feature", "properties": { "ADM0_EN": "Djibouti", "ADM0_PCODE": "DJ", "ADM1_EN": "Tadjoura", "ADM1_PCODE": "DJ02", "ADM1_AR": "إقليم تاجورة‎", "ADM2_EN": "Mousa Ali", "ADM2_PCODE": "DJ0214", "x": 17 }, "geometry": { "type": "MultiPolygon", "coordinates": [ [ [ [ 235156.672387631202582, 1380705.96556820301339 ], [ 223359.548154659976717, 1368907.418674173066393 ], [ 209883.348164375056513, 1369773.712985389167443 ], [ 208057.424613486102317, 1369827.340560333803296 ], [ 208509.698884941462893, 1370845.373604748398066 ], [ 210452.751312192762271, 1372539.480402646120638 ], [ 212179.541245817847084, 1376589.371849092422053 ], [ 216956.78848506975919, 1378319.863788606366143 ], [ 217027.443301467807032, 1378380.71819668659009 ], [ 217057.934932229283731, 1378439.420493717305362 ], [ 219132.118322290945798, 1380883.559810157399625 ], [ 219285.181606319500133, 1381063.939502180321142 ], [ 219417.112771446176339, 1381219.374323582742363 ], [ 220487.927969625103287, 1382222.055921345250681 ], [ 220730.679234587471001, 1382510.1513273823075 ], [ 220950.457326344272587, 1382770.947245543356985 ], [ 221475.5235182956676, 1383244.119815112790093 ], [ 221932.117641104094218, 1383655.583124125842005 ], [ 221939.544904154958203, 1383662.276278617791831 ], [ 221956.9905671410379, 1383678.047313538379967 ], [ 221977.619976957852487, 1383696.886964002391323 ], [ 221980.216545211325865, 1383706.713530565844849 ], [ 221989.053498336754274, 1383742.275203516939655 ], [ 221994.85212444717763, 1383765.495319140143692 ], [ 221999.314507193455938, 1383769.623843623092398 ], [ 222289.636841259605717, 1384043.770507169887424 ], [ 222594.004869968746789, 1384331.398565149167553 ], [ 222670.384300679317676, 1384458.511046955361962 ], [ 222693.090205286920536, 1384496.470812228973955 ], [ 222696.914404909475707, 1384502.864135092822835 ], [ 222745.345081443840172, 1384540.142665026010945 ], [ 222919.673497596930247, 1384674.390728243160993 ], [ 222965.099154952040408, 1384747.194450580980629 ], [ 223005.283529796521179, 1384811.598280568374321 ], [ 223501.529393649543636, 1385205.971240584505722 ], [ 223501.590112659148872, 1385257.442431542789564 ], [ 223743.582568116951734, 1385451.037197077879682 ], [ 223758.692368211224675, 1385463.166391140315682 ], [ 224182.340971847705077, 1385897.33207817398943 ], [ 224512.0543276934186, 1386234.983014891855419 ], [ 224566.311687131295912, 1386248.565847046207637 ], [ 224580.186699698271696, 1386252.039391232421622 ], [ 224793.532836086524185, 1386136.533502409700304 ], [ 225117.015970297215972, 1385961.308037759037688 ], [ 225259.934926919348072, 1385884.005390584934503 ], [ 225364.335889113950543, 1385827.55153497075662 ], [ 225468.743049985612743, 1385771.09498565364629 ], [ 225536.985229126061313, 1385788.263369859196246 ], [ 225929.507126327080186, 1385516.382598299765959 ], [ 226301.928939140401781, 1385258.435317805502564 ], [ 226305.558926922327373, 1385255.920926215825602 ], [ 226733.005025242338888, 1385135.624944977927953 ], [ 226785.48359708650969, 1385148.745044478913769 ], [ 226801.24381167901447, 1385152.685149980243295 ], [ 226972.09474227699684, 1385015.35538617009297 ], [ 227219.173183165956289, 1384903.560520787024871 ], [ 227655.280259460851084, 1384706.244296299526468 ], [ 227948.367055778158829, 1384660.07654534233734 ], [ 228201.918503497785423, 1384620.234136424493045 ], [ 228379.721719821100123, 1384483.973913584602997 ], [ 228492.906836242880672, 1384397.020333236083388 ], [ 228586.937780519423541, 1384381.188965725479648 ], [ 228595.600847501656972, 1384379.782512370496988 ], [ 228697.782321404665709, 1384259.627174977213144 ], [ 228973.60305843030801, 1384144.098015418741852 ], [ 229108.144948760571424, 1384087.81746882176958 ], [ 229569.28738388675265, 1383813.175450632115826 ], [ 229644.327831979899202, 1383813.133519046474248 ], [ 229688.80801138462266, 1383813.157846467103809 ], [ 229868.206361459044274, 1383744.450057264883071 ], [ 230047.604507274169009, 1383675.743562479037791 ], [ 230053.144833622442093, 1383670.975162956630811 ], [ 230167.355888347432483, 1383572.676854331744835 ], [ 230206.82836674246937, 1383582.614121548365802 ], [ 230235.597062592802104, 1383589.856617730110884 ], [ 230543.504554246901534, 1383418.171723707346246 ], [ 230862.606066705018748, 1383315.0114471828565 ], [ 231021.560891790606547, 1383263.604412758955732 ], [ 231123.277239747985732, 1383208.638235519872978 ], [ 231466.192831310618203, 1383023.24483462003991 ], [ 231863.576183558034245, 1382893.687324931379408 ], [ 232098.007832371280529, 1382817.324252230813727 ], [ 232142.773399836209137, 1382790.694067650008947 ], [ 232150.560940205759834, 1382786.083451111568138 ], [ 232184.089135929651093, 1382766.069276308640838 ], [ 232559.489631501142867, 1382542.623512499965727 ], [ 232581.708587464177981, 1382542.419485241174698 ], [ 232667.742787040479016, 1382542.3775211754255 ], [ 232679.359120719309431, 1382542.37504634517245 ], [ 232757.632574996969197, 1382500.823392608901486 ], [ 232893.113203832530417, 1382428.836803657701239 ], [ 232896.88273607508745, 1382426.833723229821771 ], [ 232968.74318463500822, 1382388.644583047833294 ], [ 232969.92651216260856, 1382388.028487635077909 ], [ 232985.020764191111084, 1382377.929115101229399 ], [ 233059.968993794696871, 1382327.696368688251823 ], [ 233633.430684729130007, 1381943.628304280107841 ], [ 233636.290601190121379, 1381941.712791792582721 ], [ 233648.870695652789436, 1381931.487046574475244 ], [ 234390.528513905184809, 1381328.640208055498078 ], [ 235143.894353716634214, 1380716.350531293312088 ], [ 235156.672387631202582, 1380705.96556820301339 ] ] ] ] } },
{ "type": "Feature", "properties": { "ADM0_EN": "Djibouti", "ADM0_PCODE": "DJ", "ADM1_EN": "Tadjoura", "ADM1_PCODE": "DJ02", "ADM1_AR": "إقليم تاجورة‎", "ADM2_EN": "Randa", "ADM2_PCODE": "DJ0215", "x": 18 }, "geometry": { "type": "MultiPolygon", "coordinates": [ [ [ [ 257898.645704790513264, 1355412.898554750951007 ], [ 268404.433321593562141, 1345722.845152564579621 ], [ 269508.457930939854123, 1342657.120525354053825 ], [ 274915.19777257181704, 1336692.64914085669443 ], [ 278353.303458778478671, 1329563.197424965910614 ], [ 266845.547446944518015, 1321570.35464237164706 ], [ 224944.396082463441417, 1289986.000965133076534 ], [ 217628.087449840793852, 1299915.584307935554534 ], [ 215829.290969478199258, 1305568.641777481883764 ], [ 229885.942535871872678, 1325166.689498855732381 ], [ 255968.803641294012778, 1348422.828489768086001 ], [ 255054.634234411321813, 1354552.558335521724075 ], [ 257898.645704790513264, 1355412.898554750951007 ] ] ] ] } },
{ "type": "Feature", "properties": { "ADM0_EN": "Djibouti", "ADM0_PCODE": "DJ", "ADM1_EN": "Tadjoura", "ADM1_PCODE": "DJ02", "ADM1_AR": "إقليم تاجورة‎", "ADM2_EN": "Tadjoura", "ADM2_PCODE": "DJ0216", "x": 19 }, "geometry": { "type": "MultiPolygon", "coordinates": [ [ [ [ 278353.303458778478671, 1329563.197424965910614 ], [ 288156.186240013223141, 1310803.61425508139655 ], [ 291544.544583330862224, 1309728.683846934698522 ], [ 291544.443796940031461, 1309713.982512586517259 ], [ 291514.096253202063963, 1309714.190577047877014 ], [ 291513.885015500709414, 1309683.382082075579092 ], [ 291483.537436407932546, 1309683.590172257041559 ], [ 291483.116361578577198, 1309622.184263813775033 ], [ 291452.768716569815297, 1309622.392375131137669 ], [ 291452.346876042953227, 1309560.88091505272314 ], [ 291392.067204447055701, 1309561.294358276063576 ], [ 291391.856591697083786, 1309530.591281543718651 ], [ 291361.508840955677442, 1309530.799469621153548 ], [ 291363.558728837466333, 1309466.000207945937291 ], [ 291300.391208867134992, 1309469.704544581705704 ], [ 291300.180518698820379, 1309439.001455647638068 ], [ 291269.832662162079941, 1309439.209720888640732 ], [ 291269.519849546952173, 1309393.63003249373287 ], [ 291269.411235839710571, 1309377.803646060172468 ], [ 291246.962167304009199, 1309377.957717441022396 ], [ 291240.278722622082569, 1309373.360955240903422 ], [ 291239.056881009950303, 1309316.497673575766385 ], [ 291175.477715360815637, 1309320.83790116594173 ], [ 291178.150111581897363, 1309286.211213405244052 ], [ 291124.937173950136639, 1309286.576582100009546 ], [ 291026.825902698270511, 1309287.250474216649309 ], [ 291026.614967282512225, 1309256.547457784181461 ], [ 290875.289548608940095, 1309257.481906211003661 ], [ 290874.682289185118861, 1309229.63044068380259 ], [ 290753.659043452586047, 1309223.709840425290167 ], [ 290753.474695490498561, 1309196.910506883403286 ], [ 290636.239112379727885, 1309197.71716797654517 ], [ 290572.217046708334237, 1309198.157874452415854 ], [ 290574.05956308869645, 1309163.853167661931366 ], [ 290541.657425936602522, 1309167.663850671611726 ], [ 290533.534106551203877, 1309135.11589334718883 ], [ 290390.119624890328851, 1309137.897531660972163 ], [ 290390.305659483827185, 1309104.553703838726506 ], [ 290360.766095687227789, 1309101.486304152291268 ], [ 290352.274428094620816, 1309136.153423656942323 ], [ 290299.074711152876262, 1309138.52500145835802 ], [ 290299.686591336678248, 1309106.655370103660971 ], [ 290224.859276609029621, 1309107.804450490744784 ], [ 290177.885423706786241, 1309108.65593132423237 ], [ 290177.686032149475068, 1309079.746504326816648 ], [ 290116.976869666599669, 1309078.371477177832276 ], [ 290116.76504958642181, 1309047.668215638259426 ], [ 290086.416616466245614, 1309047.877600501058623 ], [ 290088.949662068975158, 1308993.203784412005916 ], [ 290089.69238322833553, 1308980.325953778112307 ], [ 290079.31199668510817, 1308982.296814823057503 ], [ 290056.059470339154359, 1308986.572393352398649 ], [ 290058.38129791605752, 1308961.549474991858006 ], [ 290025.499069723533466, 1308956.078555395826697 ], [ 290025.286450805084314, 1308925.26995817781426 ], [ 289999.947144369245507, 1308928.3991427232977 ], [ 289996.378837027063128, 1308893.287578431656584 ], [ 289964.377358407364227, 1308894.98562023206614 ], [ 289964.120260611001868, 1308857.740964498836547 ], [ 289963.740816154400818, 1308802.770564173115417 ], [ 289933.392332500545308, 1308802.980061608133838 ], [ 289932.968419140554033, 1308741.573603854747489 ], [ 289903.035203067003749, 1308741.78025477915071 ], [ 289902.823224642779678, 1308711.077188074355945 ], [ 289872.474421932711266, 1308711.286733325803652 ], [ 289868.125947259017266, 1308623.423178814351559 ], [ 289811.140106907871086, 1308619.490686751436442 ], [ 289810.831139653979335, 1308574.754722416168079 ], [ 289810.71527904632967, 1308557.978653092170134 ], [ 289792.838384564442094, 1308558.102120803901926 ], [ 289750.01733452163171, 1308558.397909356281161 ], [ 289751.86565676756436, 1308525.042824369622394 ], [ 289721.108888678951189, 1308526.415699035394937 ], [ 289674.140585569024552, 1308528.21761528076604 ], [ 289628.824938450823538, 1308528.530806497205049 ], [ 289632.208391551801469, 1308476.699832601938397 ], [ 289598.050682916422375, 1308467.228500901488587 ], [ 289597.838441748812329, 1308436.52528206538409 ], [ 289537.555962031357922, 1308436.942049755016342 ], [ 289537.131372637872119, 1308375.53559522354044 ], [ 289506.78217745712027, 1308375.745452280854806 ], [ 289506.569129616487771, 1308344.936675667995587 ], [ 289445.870663983398117, 1308345.356471378356218 ], [ 289444.655661346507259, 1308229.826377744087949 ], [ 289414.671103571308777, 1308222.647894332651049 ], [ 289414.458717463770881, 1308191.944541316246614 ], [ 289384.525097839068621, 1308192.151615229435265 ], [ 289384.312687944970094, 1308161.44847943726927 ], [ 289353.963255082024261, 1308161.658455055672675 ], [ 289353.75008842360694, 1308130.849658962339163 ], [ 289323.400620211381465, 1308131.059660218656063 ], [ 289323.188156567513943, 1308100.356184279778972 ], [ 289353.537655431777239, 1308100.146187669131905 ], [ 289346.628302574856207, 1307882.728523669298738 ], [ 289376.578505975136068, 1307884.84268671926111 ], [ 289378.494566910434514, 1307861.299618375953287 ], [ 289381.974303701543249, 1307823.395945925265551 ], [ 289348.239988732617348, 1307815.188111068448052 ], [ 289352.651050332584418, 1307731.590070701437071 ], [ 289320.637533009634353, 1307731.705857472727075 ], [ 289320.424404736084398, 1307700.897064179880545 ], [ 289354.102335084055085, 1307700.980760955018923 ], [ 289355.136601559759583, 1307670.163346142275259 ], [ 289320.21201229467988, 1307670.193927590968087 ], [ 289324.132961080700625, 1307635.980136475991458 ], [ 289350.348852885770611, 1307639.175208483356982 ], [ 289350.136500173073728, 1307608.471966981422156 ], [ 289316.480765209067613, 1307611.659066481050104 ], [ 289319.360298509360291, 1307547.064307376975194 ], [ 289289.010242808726616, 1307547.274250557180494 ], [ 289278.820545808994211, 1307516.745573862688616 ], [ 289198.164075177512132, 1307517.303666747407988 ], [ 289197.951588617754169, 1307486.600293552037328 ], [ 289076.550911316880956, 1307487.440694527467713 ], [ 289076.338307895814069, 1307456.737413907889277 ], [ 289046.403290550573729, 1307456.839159083086997 ], [ 289045.781339662789833, 1307427.088333850260824 ], [ 288921.023119277437218, 1307423.415319845080376 ], [ 288886.943528865580447, 1307425.445297223748639 ], [ 288827.927186241489835, 1307428.914341745898128 ], [ 288773.454201685264707, 1307428.025849079946056 ], [ 288773.251545502454974, 1307398.799722139490768 ], [ 288773.028408466954716, 1307366.619197627995163 ], [ 288710.645056000910699, 1307364.202937659807503 ], [ 288702.135960038460325, 1307336.300472586415708 ], [ 288651.829139730893075, 1307336.649441811721772 ], [ 288652.847558789944742, 1307243.683730330551043 ], [ 288620.839888721995521, 1307244.749752933159471 ], [ 288622.966111266752705, 1307191.661004645982757 ], [ 288623.313828996033408, 1307181.845781495794654 ], [ 288612.506998002703767, 1307182.342851618072018 ], [ 288590.062588651082478, 1307183.448208248941228 ], [ 288592.006740544456989, 1307164.019974177470431 ], [ 288595.483546366449445, 1307125.79933748091571 ], [ 288559.701488425838761, 1307122.249118061037734 ], [ 288559.539676907006651, 1307098.931434819241986 ], [ 288529.137280466908123, 1307091.650845715077594 ], [ 288528.711107467766851, 1307030.244131639366969 ], [ 288498.360411358997226, 1307030.454780857544392 ], [ 288497.933464292669669, 1306968.942513616522774 ], [ 288437.231935524847358, 1306969.363884186372161 ], [ 288437.831693963264115, 1306876.084334930637851 ], [ 288406.656669233343564, 1306877.356061983155087 ], [ 288408.920374533743598, 1306844.102930930908769 ], [ 288376.092593559296802, 1306846.863321021199226 ], [ 288381.255769851151854, 1306812.007447675336152 ], [ 288345.528457752719987, 1306816.370712172007188 ], [ 288346.369813145429362, 1306757.90947196027264 ], [ 288314.750273672747426, 1306755.069083499955013 ], [ 288314.030671581393108, 1306651.458399115130305 ], [ 288313.68334665033035, 1306601.446511764079332 ], [ 288291.64904435176868, 1306601.810643962118775 ], [ 288283.332189178676344, 1306601.657307065790519 ], [ 288283.201011135941371, 1306582.770983437774703 ], [ 288282.691707680467516, 1306509.441604346502572 ], [ 288252.34045363846235, 1306509.652415888849646 ], [ 288251.913917415891774, 1306448.245527434861287 ], [ 288191.627077476470731, 1306448.664333665044978 ], [ 288191.199707662104629, 1306387.152103966567665 ], [ 288130.496922277437989, 1306387.573900661664084 ], [ 288130.283550608030055, 1306356.870605611475185 ], [ 288082.229304761509411, 1306353.919226311845705 ], [ 288071.631734017806593, 1306353.268416017061099 ], [ 288069.782329494133592, 1306326.480663034599274 ], [ 288009.48858848324744, 1306325.950207499088719 ], [ 288008.865898507763632, 1306296.199037749320269 ], [ 287933.610825503128581, 1306296.722382075618953 ], [ 287796.821038879686967, 1306297.674131480511278 ], [ 287796.607346192293335, 1306266.970786705380306 ], [ 287645.265243463451043, 1306268.024478532606736 ], [ 287645.051401560136583, 1306237.320889671333134 ], [ 287554.412316599977203, 1306237.952292998554185 ], [ 287554.197653627081309, 1306207.143254915717989 ], [ 287432.791159242100548, 1306207.989390580449253 ], [ 287432.577114972868003, 1306177.285991334822029 ], [ 287402.640986549318768, 1306177.494698971509933 ], [ 287402.429123150883242, 1306147.107713750330731 ], [ 287342.082550217688549, 1306139.087039772653952 ], [ 287341.509273433941416, 1306116.510842565214261 ], [ 287284.579515839111991, 1306121.444981791544706 ], [ 287129.462637864751741, 1306117.990377296926454 ], [ 287130.112675621290691, 1306151.539682496804744 ], [ 287100.194155163306277, 1306154.281027925899252 ], [ 287099.539557758776937, 1306179.609506723470986 ], [ 286989.358463351964019, 1306180.379012343473732 ], [ 286917.981815166422166, 1306200.503622239455581 ], [ 286888.123277381761, 1306211.791374093387276 ], [ 286888.338614393840544, 1306242.600515522295609 ], [ 286857.986872142471839, 1306242.812673173379153 ], [ 286858.172741458169185, 1306269.401387253310531 ], [ 286767.146345024346374, 1306274.15305233374238 ], [ 286766.931617519934662, 1306243.449327683309093 ], [ 286624.322161941672675, 1306244.763428601669148 ], [ 286403.957613773527555, 1306245.989930326584727 ], [ 286403.795742715185042, 1306222.882990038953722 ], [ 286342.643716199032497, 1306218.668687013909221 ], [ 286342.822944247280248, 1306184.902447449276224 ], [ 286016.461189205874689, 1306190.778475075960159 ], [ 285981.889355455292389, 1306182.15769431181252 ], [ 285979.216327636619098, 1306156.746949572348967 ], [ 285939.717114347964525, 1306157.024211781797931 ], [ 285888.576206390105654, 1306157.38326816726476 ], [ 285887.130213035736233, 1306129.115092042135075 ], [ 285859.206917474744841, 1306119.920208619674668 ], [ 285857.792238420224749, 1306096.083465792471543 ], [ 285826.212749961880036, 1306099.154169150162488 ], [ 285827.224541021336336, 1306065.592758923768997 ], [ 285764.880295691080391, 1306069.301705507328734 ], [ 285766.088964352966286, 1306004.61151983984746 ], [ 285705.799716845736839, 1306004.929775962140411 ], [ 285705.583965189172886, 1305974.225780869135633 ], [ 285614.527353219746146, 1305974.865748496958986 ], [ 285614.31151708564721, 1305944.162071673898026 ], [ 285494.545527284266427, 1305942.155283165397123 ], [ 285493.102375803166069, 1305914.308925366494805 ], [ 285441.960939532495104, 1305914.668665196746588 ], [ 285311.404364510788582, 1305915.58741721813567 ], [ 285311.208285554545, 1305887.732372352853417 ], [ 285250.510269208520185, 1305889.109341153176501 ], [ 285250.699717410490848, 1305916.014798060292378 ], [ 285190.410869881510735, 1305916.439371177460998 ], [ 285190.240690314967651, 1305892.277259524911642 ], [ 285069.200180927873589, 1305886.482386782066897 ], [ 285068.98381066066213, 1305855.778626550687477 ], [ 284887.285040961927734, 1305857.059589548502117 ], [ 284887.501594425586518, 1305887.763378171948716 ], [ 284826.796973065065686, 1305888.191592559451237 ], [ 284827.230964495392982, 1305949.705070110969245 ], [ 284796.878599093062803, 1305949.91923296218738 ], [ 284797.095259453752078, 1305980.623037380399182 ], [ 284736.806394198676571, 1305981.048528272658587 ], [ 284736.202658324502409, 1306013.341210013488308 ], [ 284713.716601415537298, 1306008.751487275352702 ], [ 284586.12942228873726, 1306017.988387496210635 ], [ 284585.479115342721343, 1306043.633787896251306 ], [ 284494.375938992016017, 1306037.735370303737 ], [ 284494.621008448360953, 1306013.570011613424867 ], [ 284464.268652837257832, 1306013.784515957115218 ], [ 284464.459560338989832, 1306040.795741167617962 ], [ 284434.128855934133753, 1306044.070067141437903 ], [ 284433.916292526759207, 1306013.999050557147712 ], [ 284286.311538020032458, 1306014.937439709203318 ], [ 284222.28053165943129, 1306015.390428694663569 ], [ 284222.06328409264097, 1305984.686201772186905 ], [ 284191.710855577955954, 1305984.900972814764827 ], [ 284191.493584791722242, 1305954.197073586750776 ], [ 284130.788652459043078, 1305954.626696915831417 ], [ 284130.571323935058899, 1305923.922567395260558 ], [ 284100.21882009098772, 1305924.137419680366293 ], [ 284100.000719620089512, 1305893.327848338987678 ], [ 284070.064001449383795, 1305893.53978213109076 ], [ 284069.846623800694942, 1305862.835865478729829 ], [ 284039.494049292348791, 1305863.0507683143951 ], [ 284036.586832986213267, 1305804.825711480341852 ], [ 283978.353960026637651, 1305802.072472539264709 ], [ 283978.043098059017211, 1305758.179433388402686 ], [ 283977.918308128952049, 1305740.558955447049811 ], [ 283957.128881974727847, 1305740.70619428390637 ], [ 283856.923258905182593, 1305741.416088479105383 ], [ 283857.178335285163485, 1305718.727771034231409 ], [ 283751.094745077309199, 1305711.460446540033445 ], [ 283705.357665720279329, 1305711.784725531702861 ], [ 283706.740406827768311, 1305672.205880800960585 ], [ 283644.43528301641345, 1305681.616583658847958 ], [ 283644.216015912825242, 1305650.701507169986144 ], [ 283583.510301645495929, 1305651.132121632108465 ], [ 283583.292474062182009, 1305620.42791175795719 ], [ 283459.42796015040949, 1305627.215810707071796 ], [ 283462.079498101491481, 1305590.687963738804683 ], [ 283373.515394133049995, 1305591.316730114864185 ], [ 283341.42815752630122, 1305581.520294046029449 ], [ 283340.863961039867718, 1305560.631923718145117 ], [ 283159.161755203735083, 1305561.922898221295327 ], [ 283159.381498681381345, 1305592.83804989233613 ], [ 283098.675511439330876, 1305593.269610723480582 ], [ 283098.893071035912726, 1305623.868236935464665 ], [ 283038.629968030902091, 1305628.09539933106862 ], [ 283038.768798188772053, 1305647.615285742795095 ], [ 282975.562022749043535, 1305647.220684478990734 ], [ 282977.896988973370753, 1305624.728782381629571 ], [ 282947.543999889865518, 1305624.944733515614644 ], [ 282949.437569896574132, 1305657.325438266852871 ], [ 282887.491888102493249, 1305658.821250651497394 ], [ 282887.691648942301981, 1305686.887844821205363 ], [ 282857.338707025861368, 1305687.103895881213248 ], [ 282857.119391545304097, 1305656.294132801936939 ], [ 282826.766414189361967, 1305656.510209304979071 ], [ 282826.985760374460369, 1305687.319977191276848 ], [ 282796.632809006201569, 1305687.536088750930503 ], [ 282796.851439428515732, 1305718.240313045680523 ], [ 282766.498513905447908, 1305718.456459646346048 ], [ 282766.935851164860651, 1305779.864919395884499 ], [ 282736.998807716125157, 1305780.078143935184926 ], [ 282737.218265970703214, 1305810.887928290525451 ], [ 282676.512575187603943, 1305811.320400708122179 ], [ 282676.950126481358893, 1305872.72900288971141 ], [ 282616.244539181527216, 1305873.161615494405851 ], [ 282616.682983937673271, 1305934.67556672077626 ], [ 282586.74606831476558, 1305934.888963719829917 ], [ 282586.549130115308799, 1305965.596300652716309 ], [ 282526.25952173495898, 1305966.02615840639919 ], [ 282526.697429032472428, 1306027.434813650790602 ], [ 282496.345518455957063, 1306027.75660751434043 ], [ 282496.564511529752053, 1306058.461106689181179 ], [ 282435.85945315338904, 1306058.894137604162097 ], [ 282436.297573815041687, 1306120.302714181132615 ], [ 282376.00800466403598, 1306120.732920855050907 ], [ 282376.447019761661068, 1306182.246957116760314 ], [ 282346.094705561059527, 1306182.463596503715962 ], [ 282346.313876682484988, 1306213.168122258037329 ], [ 282315.961370357894339, 1306213.384798262966797 ], [ 282316.180574803845957, 1306244.088997393380851 ], [ 282285.828094345517457, 1306244.30570846167393 ], [ 282283.332597406522837, 1306302.464203241048381 ], [ 282256.330731413851026, 1306306.033780416473746 ], [ 282250.703141864971258, 1306333.192218437790871 ], [ 282104.787865771329962, 1306337.822222133167088 ], [ 282074.851372557517607, 1306338.036186102312058 ], [ 281983.793970203667413, 1306338.687178003834561 ], [ 281983.574414569535293, 1306307.982924545183778 ], [ 281953.221943320240825, 1306308.199977305950597 ], [ 281953.002360579033848, 1306277.495498288422823 ], [ 281923.065783592581283, 1306277.70960161020048 ], [ 281922.429491572431289, 1306246.902654415229335 ], [ 281892.492879598867148, 1306247.116782824741676 ], [ 281892.273247832374182, 1306216.412516605574638 ], [ 281861.920561453443952, 1306216.6296460730955 ], [ 281861.700901791686192, 1306185.925043616909534 ], [ 281831.348289026820567, 1306186.142197755165398 ], [ 281831.128606220823713, 1306155.437922963639721 ], [ 281770.423305214731954, 1306155.872312397463247 ], [ 281770.202810119371861, 1306125.062368343351409 ], [ 281740.266053876490332, 1306125.276626575505361 ], [ 281740.046288279641885, 1306094.572117161238566 ], [ 281679.34072719537653, 1306095.006668817950413 ], [ 281679.120907058415469, 1306064.302371580386534 ], [ 281648.76814325817395, 1306064.519687592284754 ], [ 281648.548295232758392, 1306033.815054150763899 ], [ 281557.904953770223074, 1306034.358862397726625 ], [ 281557.536889745038934, 1305982.97368322731927 ], [ 281496.351828790328, 1305974.548468202352524 ], [ 281496.539353883592412, 1305942.680229571415111 ], [ 281438.723023036960512, 1305940.140072013484314 ], [ 281435.612723160185851, 1305912.305222130846232 ], [ 281408.564342172176111, 1305909.438968654954806 ], [ 281405.45553073141491, 1305881.815437980461866 ], [ 281378.405603441351559, 1305878.738217617850751 ], [ 281374.882448338903487, 1305851.328323002438992 ], [ 281354.50863443268463, 1305851.474368221126497 ], [ 281223.533099818741903, 1305852.413562741596252 ], [ 281223.312862688442692, 1305821.70919758733362 ], [ 281101.900731444125995, 1305822.580297587206587 ], [ 281101.679618728347123, 1305791.770253168884665 ], [ 281041.389183299499564, 1305792.202990733552724 ], [ 281043.262201889418066, 1305763.488236219389364 ], [ 280859.475364613521378, 1305764.174958584131673 ], [ 280859.686104694497772, 1305793.507894635898992 ], [ 280768.626586272963323, 1305794.162247529253364 ], [ 280768.848035947477911, 1305824.972345151705667 ], [ 280738.910713763791136, 1305825.187538894126192 ], [ 280738.689233800629154, 1305794.377436485141516 ], [ 280707.474043136229739, 1305790.381059549283236 ], [ 280708.557557383785024, 1305825.405751724727452 ], [ 280526.426371510955505, 1305825.02752528549172 ], [ 280527.075287982239388, 1305857.417147962609306 ], [ 280436.01579605077859, 1305858.072525840019807 ], [ 280435.865403691423126, 1305837.180885825306177 ], [ 280405.857390921795741, 1305827.58355641621165 ], [ 280405.211849284241907, 1305853.440609777346253 ], [ 280313.397601669887081, 1305864.759154960978776 ], [ 280314.797749896883033, 1305828.239281577058136 ], [ 280222.531847468810156, 1305834.60199259291403 ], [ 280223.931895588466432, 1305798.082097940612584 ], [ 280193.578627339098603, 1305798.300818987423554 ], [ 280193.357362446142361, 1305767.596290841232985 ], [ 280132.650750310043804, 1305768.033813998568803 ], [ 280132.429427747556474, 1305737.329055375652388 ], [ 280072.138567406393122, 1305737.763691700063646 ], [ 280071.917189988831524, 1305707.059034617384896 ], [ 279822.473212350858375, 1305713.817973766941577 ], [ 279829.727656708098948, 1305739.51243334193714 ], [ 279798.121434530476108, 1305739.001910157268867 ], [ 279799.595923356770072, 1305770.436349029187113 ], [ 279777.974383966997266, 1305770.592444625217468 ], [ 279739.305019220802933, 1305770.871654358459637 ], [ 279739.950737837119959, 1305802.733978468226269 ], [ 279659.277459396398626, 1305802.155859978403896 ], [ 279527.469059636699967, 1305803.108311814488843 ], [ 279527.247123133740388, 1305772.40367710380815 ], [ 279496.893714109319262, 1305772.62308747577481 ], [ 279496.671750550158322, 1305741.918227122165263 ], [ 279466.318306131637655, 1305742.137662883615121 ], [ 279466.096317917341366, 1305711.432908840477467 ], [ 279435.742838068748824, 1305711.65236999024637 ], [ 279435.520061214803718, 1305680.842060843249783 ], [ 279405.582380318664946, 1305681.058540256461129 ], [ 279405.360340835119132, 1305650.353666945826262 ], [ 279375.006790122948587, 1305650.573178436839953 ], [ 279374.785489348229021, 1305619.973962226184085 ], [ 279344.431903329328634, 1305620.193499118089676 ], [ 279344.20828763442114, 1305589.277736809337512 ], [ 279313.854665993188974, 1305589.4972990504466 ], [ 279313.63255017856136, 1305558.792412710143253 ], [ 279283.278893143986352, 1305559.012000332586467 ], [ 279283.056752683129162, 1305528.307220298796892 ], [ 279222.765199894085526, 1305528.74346729926765 ], [ 279222.542239995906129, 1305497.933127248426899 ], [ 279192.188507264712825, 1305498.152795446803793 ], [ 279183.45086620451184, 1305439.968703848076984 ], [ 279131.035702207009308, 1305437.076955019962043 ], [ 279133.702042785589583, 1305403.291212383890525 ], [ 279100.46035493753152, 1305406.697448015213013 ], [ 279100.193751790910028, 1305369.872900994960219 ], [ 279100.01500028593, 1305345.18228446226567 ], [ 279070.901738814485725, 1305344.443390046712011 ], [ 279069.854616554512177, 1305314.694117364939302 ], [ 279039.500676126044709, 1305314.913907129084691 ], [ 278978.792780812713318, 1305315.353577389381826 ], [ 278978.57037731690798, 1305284.64886358124204 ], [ 278948.21639183734078, 1305284.868739201687276 ], [ 278947.993197491276078, 1305254.058359410380945 ], [ 278887.70099213620415, 1305254.495178395882249 ], [ 278887.478506819694303, 1305223.790340444305912 ], [ 278857.1244456708082, 1305224.010296608321369 ], [ 278856.901934123190586, 1305193.305343650048599 ], [ 278765.839629906928167, 1305193.965378957567737 ], [ 278765.617033353890292, 1305163.260633188067004 ], [ 278674.970437142881565, 1305163.917910133488476 ], [ 278674.524308953841683, 1305102.402507906081155 ], [ 278613.816087446291931, 1305102.842832360882312 ], [ 278604.002025653491728, 1305068.408704654313624 ], [ 278553.300677783321589, 1305072.575373047497123 ], [ 278553.077887025196105, 1305041.870374020189047 ], [ 278522.723589259083383, 1305042.09063269244507 ], [ 278522.500007944530807, 1305011.280188748845831 ], [ 278492.145674673840404, 1305011.500472755869851 ], [ 278491.922834705677815, 1304980.795686288736761 ], [ 278461.568465999444015, 1304981.015995646826923 ], [ 278461.121971898013726, 1304919.500531335361302 ], [ 278430.76753708376782, 1304919.720861139008775 ], [ 278430.098893376532942, 1304827.606146762846038 ], [ 278400.160210360889323, 1304827.823473264696077 ], [ 278399.936543071060441, 1304797.013013445306569 ], [ 278369.581976218149066, 1304797.233383733546361 ], [ 278372.025299587054178, 1304732.847876615356654 ], [ 278338.781494850292802, 1304736.043838494922966 ], [ 278340.620725463377312, 1304703.002361553953961 ], [ 278277.8492060257704, 1304705.779673470184207 ], [ 278278.640580852748826, 1304642.98925976222381 ], [ 278217.108808183518704, 1304644.702324020443484 ], [ 278216.885754351562355, 1304613.997278666589409 ], [ 278186.530974966473877, 1304614.217800565063953 ], [ 278186.084056460531428, 1304552.70237156143412 ], [ 278155.729210995836183, 1304552.922913884278387 ], [ 278155.506113170064054, 1304522.21808159747161 ], [ 278125.151232272502966, 1304522.438649254618213 ], [ 278124.257998690707609, 1304399.513090524123982 ], [ 278093.902990550268441, 1304399.733668809989467 ], [ 278093.009720010217279, 1304276.808430759934708 ], [ 278063.070441300864331, 1304277.025997460819781 ], [ 278061.953241151873954, 1304123.289914339547977 ], [ 278031.59794795117341, 1304123.510508539387956 ], [ 278029.748636030242778, 1304040.690136962104589 ], [ 278000.573130070872139, 1304031.616254464956 ], [ 278000.126043111551553, 1303970.100897257681936 ], [ 277969.770587296690792, 1303970.321527386782691 ], [ 277968.877117264550179, 1303847.395908526610583 ], [ 277938.52153427223675, 1303847.616549258353189 ], [ 277939.535916396940593, 1303758.338459825376049 ], [ 277935.967853088513948, 1303725.125103437807411 ], [ 277907.688180904311594, 1303724.908768714871258 ], [ 277907.464977815165184, 1303694.203690200578421 ], [ 277877.10923230816843, 1303694.424366424325854 ], [ 277876.885237292619422, 1303663.613842686638236 ], [ 277907.241013461258262, 1303663.393171380273998 ], [ 277910.339052669820376, 1303631.925495904870331 ], [ 277876.662015644076746, 1303632.908981621032581 ], [ 277876.215585491037928, 1303571.498929098015651 ], [ 277845.859712786332238, 1303571.719615910202265 ], [ 277845.412474894255865, 1303510.204004165250808 ], [ 277815.056536131538451, 1303510.424711362924427 ], [ 277814.833279324579053, 1303479.719843078637496 ], [ 277784.477305162814446, 1303479.940575579646975 ], [ 277784.253254637820646, 1303449.130040776683018 ], [ 277814.609259456570726, 1303448.909313195617869 ], [ 277817.283067169249989, 1303416.28379773767665 ], [ 277784.029976063116919, 1303418.42494735470973 ], [ 277783.170634653186426, 1303357.439992081606761 ], [ 277723.287097774853464, 1303357.453364345477894 ], [ 277722.839690328517463, 1303295.937942043179646 ], [ 277692.483518178574741, 1303296.158735282951966 ], [ 277692.260942092514597, 1303265.559181397547945 ], [ 277661.904734649695456, 1303265.779999949736521 ], [ 277661.514035091851838, 1303212.072611927287653 ], [ 277639.833625463186763, 1303204.421867713797837 ], [ 277600.744684165576473, 1303204.706269195768982 ], [ 277600.110216060536914, 1303174.637263353681192 ], [ 277570.506340866093524, 1303163.98394069657661 ], [ 277570.132404273550492, 1303112.597891315119341 ], [ 277534.408608898345847, 1303118.133960780920461 ], [ 277539.329100538452622, 1303051.40866324538365 ], [ 277474.899007505737245, 1303055.359905785415322 ], [ 277478.392690109089017, 1303021.145648609381169 ], [ 277445.558948303107172, 1303023.811606466537341 ], [ 277447.812113479361869, 1302990.556056228466332 ], [ 277416.217183519271202, 1302992.052223098929971 ], [ 277417.232025630481075, 1302960.071927353972569 ], [ 277387.29112683958374, 1302960.28994130063802 ], [ 277387.06753638444934, 1302929.584903280250728 ], [ 277360.869601243117359, 1302929.775682560168207 ], [ 277326.354565085610375, 1302930.027063136687502 ], [ 277328.611143932910636, 1302897.299135906156152 ], [ 277295.774285449180752, 1302899.543026257306337 ], [ 277300.531376480590552, 1302867.535447156056762 ], [ 277204.895704114169348, 1302869.392921750200912 ], [ 277204.671947265393101, 1302838.687966523226351 ], [ 277143.880065392819233, 1302828.367823095293716 ], [ 277114.636905198800378, 1302810.220192104810849 ], [ 277053.080306447460316, 1302809.086193266324699 ], [ 277052.856406930019148, 1302778.381103912601247 ], [ 276992.142035454395227, 1302778.718326786067337 ], [ 276991.92346749920398, 1302748.751870292937383 ], [ 276962.001751348492689, 1302751.608067152090371 ], [ 276961.337259866530076, 1302717.52944213943556 ], [ 276870.682503463234752, 1302718.190856886096299 ], [ 276870.458437595982105, 1302687.48585028690286 ], [ 276809.744594312447589, 1302687.928956969175488 ], [ 276809.519701343495399, 1302657.118278361391276 ], [ 276756.706766646588221, 1302657.503811094444245 ], [ 276748.657864685519598, 1302637.302361815935001 ], [ 276748.357424983638339, 1302596.151113959727809 ], [ 276717.5891354601481, 1302597.008996569318697 ], [ 276718.192079964617733, 1302565.664692403515801 ], [ 276688.230863073142245, 1302563.139855507295579 ], [ 276687.610020074411295, 1302535.075665229465812 ], [ 276662.232405048620421, 1302533.783516688039526 ], [ 276657.028669351420831, 1302504.592100324342027 ], [ 276626.261043059756048, 1302505.555390431545675 ], [ 276626.222989128902555, 1302443.403403857490048 ], [ 276565.923694632248953, 1302443.73854452255182 ], [ 276565.69936882937327, 1302413.033161542378366 ], [ 276535.342125960916746, 1302413.25495641794987 ], [ 276535.117777271254454, 1302382.549900936195627 ], [ 276504.760498980991542, 1302382.771721062716097 ], [ 276504.536123364174273, 1302352.066439888207242 ], [ 276443.821491100185085, 1302352.51016082172282 ], [ 276447.753207445319276, 1302378.334352841833606 ], [ 276413.68863487028284, 1302383.437362533062696 ], [ 276415.112286829447839, 1302350.609525072621182 ], [ 276322.808054897701368, 1302353.394923373358324 ], [ 276326.063146135478746, 1302286.681422158144414 ], [ 276292.000780314789154, 1302292.101099356543273 ], [ 276293.423553908069152, 1302259.167795121436939 ], [ 276231.477210788521916, 1302261.836745084263384 ], [ 276228.146396947908215, 1302204.457385479705408 ], [ 276204.373864151188172, 1302195.239740523509681 ], [ 276200.445030097733252, 1302169.837642684578896 ], [ 276170.891469128080644, 1302166.255116426153108 ], [ 276169.862812032049987, 1302139.354648978449404 ], [ 276138.680617285543121, 1302140.532404971076176 ], [ 276139.280748868128285, 1302108.871342572150752 ], [ 276106.042899144056719, 1302113.335693924222142 ], [ 276108.697637707460672, 1302078.282948769861832 ], [ 276054.217061643139459, 1302078.259600504068658 ], [ 276017.892229045857675, 1302058.687365983147174 ], [ 275986.641610532649793, 1302050.579860044410452 ], [ 275987.233216480002739, 1302017.758356353733689 ], [ 275924.880561976111494, 1302021.802632125793025 ], [ 275926.29208264965564, 1301987.392181718721986 ], [ 275865.236394690000452, 1301998.180469318758696 ], [ 275865.767477776214946, 1301957.12850351841189 ], [ 275805.051846519520041, 1301957.57336001098156 ], [ 275805.276854484458454, 1301988.278747763251886 ], [ 275684.29249456821708, 1301993.386459154309705 ], [ 275684.487456548551563, 1302019.976643247995526 ], [ 275665.357911214581691, 1302020.116910448530689 ], [ 275654.129675211384892, 1302020.199246950447559 ], [ 275654.24109880742617, 1302035.393624691758305 ], [ 275654.354844223009422, 1302050.904439139878377 ], [ 275643.126509831228759, 1302050.986782400170341 ], [ 275593.639327922428492, 1302051.34974697092548 ], [ 275593.864564836490899, 1302082.055170846404508 ], [ 275533.564982319716364, 1302082.497557684313506 ], [ 275534.241677673649974, 1302174.718972109723836 ], [ 275503.884024636354297, 1302174.94175105704926 ], [ 275504.109373678744305, 1302205.647191821830347 ], [ 275473.751746267429553, 1302205.870005901902914 ], [ 275474.346586058149114, 1302286.906848846236244 ], [ 275474.428689619409852, 1302298.09167761914432 ], [ 275466.11155270843301, 1302298.152731938287616 ], [ 275414.129493157262914, 1302298.534372357651591 ], [ 275413.939063462079503, 1302329.242662482662126 ], [ 275383.997432885691524, 1302329.462532736128196 ], [ 275384.223704206990078, 1302360.273438005009666 ], [ 275353.866210104839411, 1302360.496397205628455 ], [ 275354.968010930635501, 1302453.875719621777534 ], [ 275355.188907916424796, 1302483.94798344024457 ], [ 275333.562078221526463, 1302483.790399322519079 ], [ 275324.41176951554371, 1302483.646615453762934 ], [ 275323.272743470268324, 1302498.427978017367423 ], [ 275320.545479283900931, 1302523.45686846319586 ], [ 275326.218134491413366, 1302729.500544913578779 ], [ 275356.575266793428455, 1302729.277495989575982 ], [ 275357.026462704408914, 1302790.688335521845147 ], [ 275387.383529031183571, 1302790.465306874597445 ], [ 275387.835460307484027, 1302851.981691405642778 ], [ 275357.478455162898172, 1302852.204729983117431 ], [ 275357.704070273321122, 1302882.909985594451427 ], [ 275388.061044878268149, 1302882.686942060710862 ], [ 275388.738608841900714, 1302974.908692580414936 ], [ 275328.024838187731802, 1302975.354839617619291 ], [ 275328.927540322416462, 1303098.176446592435241 ], [ 275380.076506757643074, 1303097.800542315701023 ], [ 275419.581943639961537, 1303097.510267341975123 ], [ 275420.224194759735838, 1303128.318125190678984 ], [ 275450.165036709164269, 1303128.098157512256876 ], [ 275450.390609463327564, 1303158.803624286316335 ], [ 275511.103974298282992, 1303158.357658501714468 ], [ 275511.330265632714145, 1303189.168558038771152 ], [ 275541.686910061805975, 1303188.945615475531667 ], [ 275542.364947763038799, 1303281.2726388880983 ], [ 275512.00839518790599, 1303281.495596344582736 ], [ 275512.233157793642022, 1303312.095503041055053 ], [ 275391.222896237042733, 1303312.984598258975893 ], [ 275390.998012270079926, 1303282.384671879466623 ], [ 275330.284853369696066, 1303282.830918188905343 ], [ 275330.058362718904391, 1303252.019987317500636 ], [ 275269.345122905739117, 1303252.466344485757872 ], [ 275268.89281173289055, 1303190.950127987889573 ], [ 275238.952001232188195, 1303191.170283768093213 ], [ 275243.991091537987813, 1303141.220925152534619 ], [ 275234.958024869672954, 1303100.450097321998328 ], [ 275268.213994411402382, 1303098.622754077427089 ], [ 275267.536777288420126, 1303006.50660130335018 ], [ 275237.595785821089521, 1303006.726727702887729 ], [ 275237.370026335818693, 1302976.021228944882751 ], [ 275176.241768515668809, 1302976.681731702294201 ], [ 275176.204582212434616, 1302915.056771965930238 ], [ 275147.091369662783109, 1302914.743311531841755 ], [ 275145.395164660818409, 1302853.763786761090159 ], [ 275115.370180191937834, 1302842.588158294558525 ], [ 275114.586415650381241, 1302792.576145635684952 ], [ 275057.217674348270521, 1302795.530797108076513 ], [ 275054.061392668751068, 1302762.208748828852549 ], [ 275023.704242012347095, 1302762.432103791972622 ], [ 275023.478311201906763, 1302731.726574526866898 ], [ 274902.465422218723688, 1302732.61721473839134 ], [ 274902.23937656218186, 1302701.911887505557388 ], [ 274851.08950249501504, 1302702.288479709299281 ], [ 274860.843021935375873, 1302671.403994975844398 ], [ 274871.001017075788695, 1302638.933599848067388 ], [ 274901.638941581128165, 1302620.347234051441774 ], [ 274932.353893065766897, 1302612.206896310904995 ], [ 274931.04927494272124, 1302547.953219212125987 ], [ 274991.763919721357524, 1302547.506428722525015 ], [ 274991.312077524489723, 1302486.095589358825237 ], [ 275021.669508125865832, 1302485.872248922009021 ], [ 275021.216969906876329, 1302424.355647274293005 ], [ 275040.320051969611086, 1302420.62745921802707 ], [ 275050.670346238301136, 1302301.205275999382138 ], [ 275080.612060006358661, 1302300.985084008891135 ], [ 275080.793624111043755, 1302269.115763554582372 ], [ 275050.444524000340607, 1302270.499648839235306 ], [ 275047.756837740773335, 1302244.349823073716834 ], [ 275020.678852574666962, 1302238.112216757843271 ], [ 275019.63442237250274, 1302209.206661882344633 ], [ 274970.119271327625029, 1302205.772098868852481 ], [ 274959.715857611736283, 1302204.898937553865835 ], [ 274959.050005388446152, 1302170.925430275034159 ], [ 274958.46721856307704, 1302148.242445584619418 ], [ 274923.119163957773708, 1302148.502508722245693 ], [ 274856.997312692052219, 1302148.989090928807855 ], [ 274808.682405736180954, 1302139.108948507579044 ], [ 274776.510417656390928, 1302118.874242971418425 ], [ 274776.296511425520293, 1302146.311933767283335 ], [ 274748.486787333036773, 1302153.692266001366079 ], [ 274746.152581192785874, 1302119.097764779580757 ], [ 274716.210633549839258, 1302119.318253963254392 ], [ 274716.436764429090545, 1302150.023933018092066 ], [ 274655.721128107281402, 1302150.471136637963355 ], [ 274656.416960798203945, 1302188.454276581527665 ], [ 274558.653178079868667, 1302184.214909559814259 ], [ 274535.370564315642696, 1302185.125311340903863 ], [ 274535.158329931786284, 1302212.773817320354283 ], [ 274424.123620292521082, 1302213.592437605140731 ], [ 274383.785253480891697, 1302213.889938208274543 ], [ 274383.890320912818424, 1302228.134772169636562 ], [ 274384.01251200970728, 1302244.701005481183529 ], [ 274369.873246687813662, 1302244.805299396626651 ], [ 274323.296951105818152, 1302245.148901276057586 ], [ 274323.523496598936617, 1302275.854315013159066 ], [ 274248.66893478971906, 1302276.406692343298346 ], [ 274202.508330573618878, 1302276.747418537270278 ], [ 274206.087522262940183, 1302310.910672395024449 ], [ 274142.019507693941705, 1302307.90146167925559 ], [ 274144.571042774885427, 1302371.829727025004104 ], [ 274112.116075688914862, 1302369.642209345009178 ], [ 274112.342857195530087, 1302400.347881275927648 ], [ 274082.401079057366587, 1302400.56903815921396 ], [ 274082.854717298876494, 1302461.980282754870132 ], [ 274052.497882180148736, 1302462.309883733512834 ], [ 274053.406124067725614, 1302585.237952645868063 ], [ 274023.048628158867359, 1302585.462271511787549 ], [ 274023.54533837136114, 1302652.676776313688606 ], [ 274023.957075205515139, 1302708.390147425467148 ], [ 273993.599696632125415, 1302708.614516443805769 ], [ 273994.50835049507441, 1302831.542420613812283 ], [ 273964.151089230494108, 1302831.766839790157974 ], [ 273964.378102198010311, 1302862.472544368356466 ], [ 273934.020866542530712, 1302862.696998726110905 ], [ 273935.73599536617985, 1302925.892830192577094 ], [ 273874.177268466854002, 1302924.659584273817018 ], [ 273873.77576740126824, 1302982.8060093219392 ], [ 273813.917251839768142, 1302986.520075408509001 ], [ 273818.345892087323591, 1303022.998501516878605 ], [ 273783.78733607486356, 1303017.450437348335981 ], [ 273786.532397446222603, 1303051.197551304707304 ], [ 273723.717058888752945, 1303048.707899927627295 ], [ 273723.944350720383227, 1303079.413426634855568 ], [ 273421.205504031386226, 1303081.65591935813427 ], [ 273421.432324992958456, 1303112.256163742626086 ], [ 273269.646876550687011, 1303113.381646822672337 ], [ 273269.875420074560679, 1303144.192914079409093 ], [ 273209.57715066493256, 1303144.640243066241965 ], [ 273209.804978039115667, 1303175.346077371388674 ], [ 273088.792618870967999, 1303176.244200089015067 ], [ 273089.021356118377298, 1303207.055498382542282 ], [ 272907.294911607750691, 1303208.405157333239913 ], [ 272907.06599085777998, 1303177.593828951474279 ], [ 272846.35178084380459, 1303178.044975984375924 ], [ 272846.580762901576236, 1303208.856314423959702 ], [ 272816.22368113452103, 1303209.081938272342086 ], [ 272815.994668422848918, 1303178.270594803150743 ], [ 272785.637551026477013, 1303178.496243823785335 ], [ 272785.866594391933177, 1303209.307592323515564 ], [ 272707.271048754337244, 1303209.8919586034026 ], [ 272664.774029795778915, 1303199.444521461846307 ], [ 272605.541977244894952, 1303175.508898872416466 ], [ 272603.682189698331058, 1303149.141743850894272 ], [ 272543.779958941857331, 1303146.949318466940895 ], [ 272542.926725571975112, 1303088.178612883901224 ], [ 272451.855168113601394, 1303088.856416713679209 ], [ 272451.626596291374881, 1303058.150680192513391 ], [ 272421.684965597989503, 1303058.373576135607436 ], [ 272421.22698936611414, 1302996.856208293465897 ], [ 272209.141435264493339, 1302998.435813640477136 ], [ 272209.370241614989936, 1303029.141810469795018 ], [ 272148.655498194275424, 1303029.594293174566701 ], [ 272148.885156910168007, 1303060.405744596617296 ], [ 272118.52780841384083, 1303060.632036292692646 ], [ 272118.756715409632307, 1303091.337827948154882 ], [ 272088.815279078087769, 1303091.561054054880515 ], [ 272089.043436147854663, 1303122.161517765605822 ], [ 272058.686138765304349, 1303122.38787948852405 ], [ 272058.915905034518801, 1303153.199347537243739 ], [ 271998.201356619596481, 1303153.652171681635082 ], [ 271998.43040300346911, 1303184.358206213219091 ], [ 271968.073151884425897, 1303184.584668619092554 ], [ 271968.761986398138106, 1303276.913457431131974 ], [ 271855.653489398420788, 1303278.179693601792678 ], [ 271817.392000226769596, 1303278.043193220626563 ], [ 271816.932729450694751, 1303216.52583835972473 ], [ 271851.448502587969415, 1303216.268179074861109 ], [ 271853.281975351041183, 1303183.330833387095481 ], [ 271877.417254549916834, 1303185.261133136460558 ], [ 271877.188086388283409, 1303154.555078544421121 ], [ 271846.830784886027686, 1303154.781656312290579 ], [ 271846.143223191611469, 1303062.663812428480014 ], [ 271815.78582506859675, 1303062.890405293786898 ], [ 271815.555830030585639, 1303032.078898473642766 ], [ 271694.541953524574637, 1303032.982445671223104 ], [ 271694.772070747683756, 1303063.79397263773717 ], [ 271664.414647797006182, 1303064.020716088823974 ], [ 271664.184499922557734, 1303033.209184067090973 ], [ 271633.827041339071002, 1303033.435952662024647 ], [ 271634.057219865033403, 1303064.247489739675075 ], [ 271513.043346674414352, 1303065.151777750812471 ], [ 271513.272862932644784, 1303095.857669832650572 ], [ 271452.558013481320813, 1303096.311558592598885 ], [ 271452.786808598088101, 1303126.912127492483705 ], [ 271392.487887864699587, 1303127.363036728464067 ], [ 271392.947982524638064, 1303188.880750707816333 ], [ 271362.590632061474025, 1303189.107815511291847 ], [ 271362.82111241138773, 1303219.919400581391528 ], [ 271332.463787614833564, 1303220.146500650327653 ], [ 271333.15456230007112, 1303312.475608356297016 ], [ 271272.440299521083944, 1303312.929927821271122 ], [ 271272.899124158080667, 1303374.236688746837899 ], [ 271151.886231597745791, 1303375.142619486665353 ], [ 271152.116956662212033, 1303405.954021767480299 ], [ 271091.818266088142991, 1303406.405621309531853 ], [ 271091.587480124668218, 1303375.59420896274969 ], [ 270997.224640185304452, 1303381.049747572513297 ], [ 271000.285948911798187, 1303345.570283369394019 ], [ 270940.392691720277071, 1303344.647267656167969 ], [ 270939.342070671264082, 1303315.424619572004303 ], [ 270903.578572404338047, 1303315.692681123269722 ], [ 270879.043346714926884, 1303315.876606550766155 ], [ 270875.930531795253046, 1303288.991095562232658 ], [ 270818.097669445676729, 1303285.520153686869889 ], [ 270814.102604926913045, 1303251.887539733434096 ], [ 270757.484642547788098, 1303244.081230463460088 ], [ 270666.257231226423755, 1303224.08252613293007 ], [ 270666.033965862065088, 1303194.326158665586263 ], [ 270635.676495782623533, 1303194.553946690401062 ], [ 270635.446078015607782, 1303163.847685636486858 ], [ 270514.431914808345027, 1303164.755997099913657 ], [ 270514.200588974519633, 1303133.94427140429616 ], [ 270483.843032734002918, 1303134.17219988675788 ], [ 270483.613265929161571, 1303103.571470233611763 ], [ 270415.428555642603897, 1303106.194076380925253 ], [ 270332.255418512620963, 1303106.607754532014951 ], [ 270332.471066602622159, 1303135.309170509222895 ], [ 270241.814183274051175, 1303135.99046290339902 ], [ 270241.600830105715431, 1303107.60570006002672 ], [ 270211.237648651527707, 1303107.095336350845173 ], [ 270211.456582083483227, 1303136.218662380240858 ], [ 270150.741364681336563, 1303136.675151941832155 ], [ 270150.524752774857916, 1303107.86826242483221 ], [ 270059.860550499754027, 1303107.600409704726189 ], [ 270059.623221179004759, 1303076.050049856305122 ], [ 270029.265528976509813, 1303076.278420003829524 ], [ 270029.502095554664265, 1303107.723229174502194 ], [ 269968.785388029180467, 1303107.968957001343369 ], [ 269969.011701094859745, 1303138.04221406695433 ], [ 269908.712076648545917, 1303138.4960570812691 ], [ 269908.944013897329569, 1303169.307884257985279 ], [ 269851.125474423926789, 1303167.843723777448758 ], [ 269849.347032585879788, 1303263.041596560273319 ], [ 269849.387459927296732, 1303323.613067358266562 ], [ 269819.029977403406519, 1303323.841689185239375 ], [ 269819.260449856286868, 1303354.442533364985138 ], [ 269758.961419139406644, 1303354.896744610508904 ], [ 269759.192752651753835, 1303385.603155419696122 ], [ 269640.273995861411095, 1303388.609765811590478 ], [ 269637.531520633900072, 1303355.811794246546924 ], [ 269546.874933030805551, 1303356.495262608630583 ], [ 269547.10648001160007, 1303387.201708927750587 ], [ 269516.749008367478382, 1303387.430642151273787 ], [ 269516.981384877930395, 1303418.242318330798298 ], [ 269456.26648784475401, 1303418.700285610510036 ], [ 269456.498137275571935, 1303449.406748221954331 ], [ 269426.556599784235004, 1303449.632644358091056 ], [ 269426.788283901812974, 1303480.339001845568419 ], [ 269366.073479057755321, 1303480.797169906785712 ], [ 269366.305230510188267, 1303511.503648743731901 ], [ 269335.947851091099437, 1303511.732783179730177 ], [ 269336.180434451322071, 1303542.544713256182149 ], [ 269245.524245186476037, 1303543.229172565042973 ], [ 269245.760909531905781, 1303574.568678960669786 ], [ 269216.222594007151201, 1303573.103313187137246 ], [ 269185.04144604539033, 1303574.394011787604541 ], [ 269185.274193139979616, 1303605.205968399997801 ], [ 269124.558756046229973, 1303605.559214039705694 ], [ 269124.791569881082978, 1303636.371181391412392 ], [ 269064.492856842640322, 1303636.826860581291839 ], [ 269064.724939202715177, 1303667.533282125601545 ], [ 269004.010380950174294, 1303667.992234816309065 ], [ 269004.242530664429069, 1303698.698777726851404 ], [ 268973.885274533880875, 1303698.928304491797462 ], [ 268974.117458531516604, 1303729.634631699649617 ], [ 268944.176113293739036, 1303729.861048639984801 ], [ 268943.993247009522747, 1303760.676193813094869 ], [ 268822.980282094562426, 1303761.591617895755917 ], [ 268823.212630979367532, 1303792.298192877788097 ], [ 268762.914121857495047, 1303792.754521273076534 ], [ 268763.119380734628066, 1303819.8732870942913 ], [ 268702.792943862674292, 1303816.6364766350016 ], [ 268702.664664571057074, 1303854.62719899835065 ], [ 268641.950570592598524, 1303855.086934831226245 ], [ 268641.594167149276473, 1303808.024568252498284 ], [ 268641.019634712603875, 1303732.155176269821823 ], [ 268550.363647990627214, 1303732.841797307599336 ], [ 268550.597064518951811, 1303763.653863693121821 ], [ 268489.882518779835664, 1303764.113871897105128 ], [ 268493.444250177999493, 1303795.11185436300002 ], [ 268217.731544554699212, 1303796.885771187022328 ], [ 268217.498586034751497, 1303766.179094332503155 ], [ 268126.426593474345282, 1303766.870146660599858 ], [ 268126.192748407309409, 1303736.058008606545627 ], [ 268032.648635742836632, 1303739.828310598619282 ], [ 268035.303376805270091, 1303706.039674825733528 ], [ 268001.646424615988508, 1303709.883039918961003 ], [ 268004.71280369895976, 1303675.563454966293648 ], [ 267971.059822937357239, 1303679.934633976779878 ], [ 267974.122170661808923, 1303645.087366258259863 ], [ 267939.235912667238154, 1303651.367413885425776 ], [ 267943.530566196423024, 1303614.505741742439568 ], [ 267913.589040298480541, 1303614.733148481929675 ], [ 267913.355809506494552, 1303584.026423682458699 ], [ 267853.439596522599459, 1303580.155022141290829 ], [ 267852.173317804234102, 1303522.968942445702851 ], [ 267795.182408710301388, 1303520.97488374938257 ], [ 267786.259310139692388, 1303496.032487957039848 ], [ 267761.282933105481789, 1303492.951047462876886 ], [ 267761.064809922478162, 1303464.249443639302626 ], [ 267760.582066156843212, 1303400.725689544109628 ], [ 267725.258991898212116, 1303404.265495049534366 ], [ 267729.990921743097715, 1303370.249648697907105 ], [ 267699.219520574028138, 1303370.799997294554487 ], [ 267699.400518917944282, 1303339.879185572499409 ], [ 267673.179522381164134, 1303337.229284608736634 ], [ 267663.844629794941284, 1303312.817957258783281 ], [ 267638.450466956768651, 1303309.528526172274724 ], [ 267638.229049957415555, 1303280.404676985926926 ], [ 267637.98277014051564, 1303248.009769982192665 ], [ 267610.936635406222194, 1303246.210244508460164 ], [ 267603.669594175473321, 1303220.305866678245366 ], [ 267577.448582818789873, 1303217.656027654884383 ], [ 267576.801708271203097, 1303187.269086852436885 ], [ 267546.856965195387602, 1303187.180110088083893 ], [ 267542.667356382997241, 1303128.433283225400373 ], [ 267516.031850901432335, 1303125.997539222007617 ], [ 267515.3850396029884, 1303095.61058956803754 ], [ 267485.440415374934673, 1303095.521876750281081 ], [ 267488.100954322202597, 1303062.5771287123207 ], [ 267454.847897253115661, 1303064.940568377729505 ], [ 267454.61430669145193, 1303034.23377608996816 ], [ 267424.67180084483698, 1303034.461564651457593 ], [ 267428.361053028726019, 1302972.699992208974436 ], [ 267393.846542294661049, 1302973.279051087098196 ], [ 267394.434964546235278, 1302941.299786772578955 ], [ 267363.253816974523943, 1302942.697799045592546 ], [ 267363.019354552088771, 1302911.885546746198088 ], [ 267332.661834910104517, 1302912.222235508495942 ], [ 267331.604378796531819, 1302882.576997769763693 ], [ 267272.127326920221094, 1302881.974381200503558 ], [ 267273.941659053380135, 1302847.136430802987888 ], [ 267241.534383808262646, 1302851.3932151326444 ], [ 267240.069783158833161, 1302822.911932226968929 ], [ 267214.632753197627608, 1302814.030328045599163 ], [ 267210.70839287515264, 1302790.210797866340727 ], [ 267179.102214515442029, 1302790.45144933485426 ], [ 267149.910282622091472, 1302780.015581470448524 ], [ 267120.222747534920927, 1302759.136029340792447 ], [ 267119.164414176368155, 1302729.385427564149722 ], [ 267059.661956735770218, 1302725.512103916611522 ], [ 267058.629292218480259, 1302699.1381194985006 ], [ 267026.628208003006876, 1302702.125469689723104 ], [ 267028.036751352017745, 1302668.66243690229021 ], [ 266997.67812735697953, 1302668.893747815396637 ], [ 266997.444152270676568, 1302638.187106670811772 ], [ 266933.862357551872265, 1302644.79223721451126 ], [ 266936.907897317316383, 1302607.834319808054715 ], [ 266873.730671853001695, 1302612.959142295643687 ], [ 266875.956403892720118, 1302577.590249640634283 ], [ 266813.189375473419204, 1302581.973334557842463 ], [ 266815.004775117267855, 1302547.34650149056688 ], [ 266784.645993329933845, 1302547.578002749709412 ], [ 266784.41182414686773, 1302516.870995788602158 ], [ 266754.468110459973104, 1302516.994013589341193 ], [ 266754.233916621771641, 1302486.28700206708163 ], [ 266693.516205382300541, 1302486.750134090427309 ], [ 266693.281958448700607, 1302456.043444712413475 ], [ 266632.564165793766733, 1302456.50668720016256 ], [ 266632.32986154750688, 1302425.799766743322834 ], [ 266572.027896211016923, 1302426.259945378871635 ], [ 266571.792731983703561, 1302395.447568016126752 ], [ 266541.433756718004588, 1302395.679284191224724 ], [ 266541.199373892042786, 1302364.972570698009804 ], [ 266480.481347010121681, 1302365.436083308653906 ], [ 266480.246906033018604, 1302334.729028046131134 ], [ 266419.944708107213955, 1302335.189474939368665 ], [ 266419.710214469290804, 1302304.482741929357871 ], [ 266116.535191851493437, 1302306.79943086579442 ], [ 266116.299590796232224, 1302275.986978092929348 ], [ 265920.420344852493145, 1302277.485338328639045 ], [ 265386.014681404805742, 1302281.579607922118157 ], [ 265238.3769586305134, 1302282.712359248194844 ], [ 265240.316675388021395, 1302318.68279581121169 ], [ 264995.739191784057766, 1302315.390010936651379 ], [ 264905.492790764255915, 1302316.08351122494787 ], [ 264907.299154490232468, 1302280.506380844861269 ], [ 264541.775142630329356, 1302288.066659162053838 ], [ 264541.538769806153141, 1302257.359385752584785 ], [ 264511.179299859795719, 1302257.593093677191064 ], [ 264510.94290370400995, 1302226.886036884272471 ], [ 264450.223887330736034, 1302227.353532899869606 ], [ 264449.987433053436689, 1302196.646134279668331 ], [ 264389.684252223582007, 1302197.110537197208032 ], [ 264389.446933200000785, 1302166.298012254061177 ], [ 264359.087345944019035, 1302166.531855083769187 ], [ 264358.614285988558549, 1302105.117471948033199 ], [ 264328.254632511525415, 1302105.351334561361 ], [ 264327.863631572923623, 1302054.594542533159256 ], [ 264298.217067804536782, 1302039.415693617193028 ], [ 264297.184427968517412, 1302013.357955476967618 ], [ 264266.827111668768339, 1302013.908429695293307 ], [ 264266.766591096413322, 1301952.068579282844439 ], [ 264209.771200355549809, 1301950.080641202861443 ], [ 264185.015972795023117, 1301921.989616834791377 ], [ 264175.254427358217072, 1301896.632201811298728 ], [ 264174.977096381830052, 1301860.648793296189979 ], [ 264150.855457362020388, 1301860.834710338618606 ], [ 264114.257233867654577, 1301861.116826734505594 ], [ 264111.299754118779674, 1301801.198883530916646 ], [ 264083.838905072771013, 1301799.827545731794089 ], [ 264083.539522684295662, 1301760.995016823988408 ], [ 264075.878745071473531, 1301738.365344881778583 ], [ 264053.004550247220322, 1301738.541703788097948 ], [ 264049.872102796332911, 1301709.861764366971329 ], [ 264022.4076865039533, 1301708.068341790698469 ], [ 264024.652402032166719, 1301675.548015258507803 ], [ 263991.810764658031985, 1301677.595332007389516 ], [ 263988.026343832665589, 1301618.316909418674186 ], [ 263960.976131243049167, 1301616.309311235090718 ], [ 263960.691285215376411, 1301579.376163671026006 ], [ 263950.937029365100898, 1301554.968473205575719 ], [ 263930.40023548580939, 1301534.654334516497329 ], [ 263930.08362877741456, 1301493.605696320068091 ], [ 263901.378864806494676, 1301492.771891531534493 ], [ 263899.486425176495686, 1301463.132728156633675 ], [ 263875.330243921314832, 1301458.886862406274304 ], [ 263865.165664406667929, 1301435.220974279101938 ], [ 263838.528751457924955, 1301432.893788512097672 ], [ 263839.533107699244283, 1301401.332639943808317 ], [ 263807.930575491278432, 1301402.315215798327699 ], [ 263803.318889204063453, 1301343.676310253562406 ], [ 263777.096402442024555, 1301341.134833127027377 ], [ 263776.83745329931844, 1301307.578337516635656 ], [ 263767.471838451863732, 1301279.685437895590439 ], [ 263716.316225341986865, 1301280.080240791430697 ], [ 263716.079212420154363, 1301249.372844086028636 ], [ 263685.718813739600591, 1301249.607191064860672 ], [ 263688.96826215472538, 1301185.631065268767998 ], [ 263654.884061376331374, 1301188.426867772825062 ], [ 263654.408324070915114, 1301126.801159396534786 ], [ 263624.048390636802651, 1301127.141217626165599 ], [ 263627.119721512543038, 1301093.98113807849586 ], [ 263593.866462990758009, 1301096.66500926669687 ], [ 263592.977147550613154, 1301035.359173128148541 ], [ 263563.030601333710365, 1301035.3792750290595 ], [ 263558.83342370740138, 1300976.631556506734341 ], [ 263532.195449625665788, 1300974.199111627414823 ], [ 263531.544818561873399, 1300943.811579448403791 ], [ 263440.875435155699961, 1300944.195210293866694 ], [ 263440.637395935249515, 1300913.38254466583021 ], [ 263380.331329867593013, 1300913.84848527261056 ], [ 263379.856773542589508, 1300852.433700725669041 ], [ 263319.134627917548642, 1300852.902954299701378 ], [ 263318.895664936047979, 1300821.984377713873982 ], [ 263258.589375801733695, 1300822.450525911757722 ], [ 263258.115427255746908, 1300761.141483777668327 ], [ 263227.754244815383572, 1300761.376200007041916 ], [ 263227.516838172916323, 1300730.668618007563055 ], [ 263166.793582216778304, 1300731.032792038749903 ], [ 263166.318666128790937, 1300669.617940610740334 ], [ 263135.957376584643498, 1300669.852731604827568 ], [ 263136.159502933209296, 1300642.202155569102615 ], [ 263137.060285902931355, 1300597.344995964784175 ], [ 263105.120249478146434, 1300608.567122698063031 ], [ 263106.519369190675206, 1300574.364622537279502 ], [ 263074.854861010855529, 1300567.433475643862039 ], [ 263074.462259110761806, 1300516.676594939548522 ], [ 263044.100801544380374, 1300516.91144981328398 ], [ 263043.862441764969844, 1300486.09850210044533 ], [ 262922.826665042783134, 1300486.296395788434893 ], [ 262922.594721315661445, 1300456.327463954919949 ], [ 262889.762123880558647, 1300459.747575947316363 ], [ 262891.995493552880362, 1300425.8551563648507 ], [ 262857.520536522148177, 1300432.031624796567485 ], [ 262861.396202597708907, 1300395.382536981953308 ], [ 262802.319590546889231, 1300393.623900342965499 ], [ 262800.434383970685303, 1300365.039668664801866 ], [ 262770.072727235965431, 1300365.274768261937425 ], [ 262740.127011396107264, 1300365.506676592864096 ], [ 262737.829183927853592, 1300337.348120178794488 ], [ 262709.527495170012116, 1300335.034503916511312 ], [ 262705.168923273275141, 1300309.318935541436076 ], [ 262648.566178254841361, 1300304.797339418204501 ], [ 262648.174586956505664, 1300254.251465145498514 ], [ 262621.887133520620409, 1300243.479988387553021 ], [ 262587.781900656351354, 1300243.744250916410238 ], [ 262586.718812583829276, 1300213.887271574931219 ], [ 262526.82025526126381, 1300213.50738656334579 ], [ 262526.582249557890464, 1300182.799804310780019 ], [ 262496.220363307045773, 1300183.035142935346812 ], [ 262493.772638502647169, 1300135.565485300030559 ], [ 262465.762312632927205, 1300117.209228673251346 ], [ 262465.14370744547341, 1300091.042506637983024 ], [ 262437.281075827893801, 1300091.786012658150867 ], [ 262404.427908532670699, 1300092.568572620628402 ], [ 262403.775488880462945, 1300062.07531693414785 ], [ 262379.171584302268457, 1300053.929115124279633 ], [ 262373.996595714474097, 1300030.224969741422683 ], [ 262293.765186899341643, 1300036.123689335770905 ], [ 262161.864880023291335, 1300030.182090915273875 ], [ 262161.639648274926003, 1300001.162970882374793 ], [ 262044.833436385757523, 1300010.723257724428549 ], [ 262040.368592369020917, 1299971.395152472890913 ], [ 262010.006409711932065, 1299971.630935347406194 ], [ 262009.76711255061673, 1299940.817818436538801 ], [ 261979.404894112667535, 1299941.053626178065315 ], [ 261979.644221860420657, 1299971.866748360916972 ], [ 261928.461510073131649, 1299969.098327736603096 ], [ 261920.524397439294262, 1299964.727623765124008 ], [ 261918.857830939406995, 1299910.814307539723814 ], [ 261858.133296871179482, 1299911.286122654099017 ], [ 261857.894679499411723, 1299880.578651575837284 ], [ 261797.170063703437336, 1299881.05057672644034 ], [ 261796.931389213044895, 1299850.342874343506992 ], [ 261706.260290635749698, 1299851.047738125082105 ], [ 261706.020710798533401, 1299820.234570670174435 ], [ 261675.658318514644634, 1299820.470657910918817 ], [ 261675.897928935737582, 1299851.28383064433001 ], [ 261615.234750624425942, 1299859.670495545957237 ], [ 261615.412046843499411, 1299882.463839967502281 ], [ 261494.378583924815757, 1299883.405536410398781 ], [ 261494.617566225584596, 1299914.113070476334542 ], [ 261403.946494733216241, 1299914.818863219115883 ], [ 261405.00105411579716, 1299943.409717692062259 ], [ 261433.32478095163242, 1299948.465684530325234 ], [ 261435.026829393435037, 1300006.81112968781963 ], [ 261464.973126018070616, 1300006.578008400043473 ], [ 261465.452026067272527, 1300068.098984267096967 ], [ 261344.419189557054779, 1300069.041405870346352 ], [ 261344.179204371495871, 1300038.2281715774443 ], [ 261313.816963324148674, 1300038.464656544150785 ], [ 261313.577774522622349, 1300007.756867637392133 ], [ 261283.215715861326316, 1300007.993375777034089 ], [ 261282.976503873738693, 1299977.285803384380415 ], [ 261131.580844865209656, 1299978.465536012081429 ], [ 261131.101307385019027, 1299916.944336706772447 ], [ 261161.463701664237306, 1299916.707692415453494 ], [ 261160.95217727086856, 1299851.071291490225121 ], [ 261160.744942918187007, 1299824.479025510838255 ], [ 261130.382457093510311, 1299824.715653965482488 ], [ 261129.944921128771966, 1299768.576515747001395 ], [ 261103.284435340814525, 1299763.507603013888001 ], [ 260978.506945565051865, 1299764.48042899928987 ], [ 260978.746425031858962, 1299795.188382359687239 ], [ 260948.38376848155167, 1299795.425186794949695 ], [ 260948.1686393871787, 1299821.176462000701576 ], [ 260680.767525566538097, 1299828.223227170528844 ], [ 260615.467166577989701, 1299828.733202585019171 ], [ 260614.003562123310985, 1299801.0954305306077 ], [ 260454.264092193974648, 1299799.283155193552375 ], [ 260403.600877515244065, 1299809.915704812388867 ], [ 260353.849856787128374, 1299830.777748164720833 ], [ 260282.310422632581322, 1299831.337219610577449 ], [ 260284.591504666343099, 1299857.069302576361224 ], [ 260222.19924714291119, 1299857.135219660354778 ], [ 260222.001103025831981, 1299831.808996166102588 ], [ 260161.275803151045693, 1299832.284146748483181 ], [ 260161.489687314460753, 1299859.615272326860577 ], [ 260131.141923953546211, 1299861.752451040316373 ], [ 260131.635009161836933, 1299924.750972412060946 ], [ 260071.325819551275345, 1299925.223079050891101 ], [ 260071.085408394807018, 1299894.515297440579161 ], [ 259979.997773651324678, 1299895.228549474850297 ], [ 259985.167511127365287, 1299864.900321866152808 ], [ 259919.447694277652772, 1299864.9929169844836 ], [ 259919.688253553962568, 1299895.700945806223899 ], [ 259889.325833121227333, 1299895.93881548801437 ], [ 259889.56642675132025, 1299926.646628816612065 ], [ 259828.841195019544102, 1299927.122472615912557 ], [ 259829.564023261744296, 1300019.351951718330383 ], [ 259769.254911725729471, 1300019.824687012005597 ], [ 259768.531901626556646, 1299927.595176276285201 ], [ 259738.169267473742366, 1299927.833203252404928 ], [ 259737.928521851223195, 1299897.125363485421985 ], [ 259707.565851972089149, 1299897.363415296655148 ], [ 259707.083486344694393, 1299835.841833005426452 ], [ 259676.720750171400141, 1299836.079904327867553 ], [ 259676.479960437776754, 1299805.372055481187999 ], [ 259646.117188520845957, 1299805.610151635948569 ], [ 259645.876371315913275, 1299774.901966038858518 ], [ 259615.513563672982855, 1299775.140087024308741 ], [ 259614.460663526377175, 1299746.971461641602218 ], [ 259524.600140762195224, 1299745.14349287445657 ], [ 259523.137820371775888, 1299717.822171380510554 ], [ 259403.322759956528898, 1299715.279784201644361 ], [ 259403.081719226727728, 1299684.571889749960974 ], [ 259009.195004881359637, 1299687.666188323637471 ], [ 259009.436440984776709, 1299718.374151733936742 ], [ 258918.763453231571475, 1299719.087195064406842 ], [ 258917.659504455717979, 1299684.481172928120941 ], [ 258888.148939326085383, 1299687.35162726812996 ], [ 258888.400458774936851, 1299719.326026606373489 ], [ 258676.711220737430267, 1299723.524863080121577 ], [ 258676.518141292355722, 1299751.809109807480127 ], [ 258536.348981901217485, 1299752.913049546303228 ], [ 258493.123729273764184, 1299757.263905809493735 ], [ 258404.082828420272563, 1299753.955335199367255 ], [ 258405.065997647150652, 1299720.38801725814119 ], [ 258343.11377295476268, 1299723.620307239471003 ], [ 258344.51284952214337, 1299690.049696493661031 ], [ 258312.508543194766389, 1299693.151624470716342 ], [ 258310.627726129780058, 1299665.622316829161718 ], [ 258251.956051906570792, 1299662.918912247754633 ], [ 258250.073518291494111, 1299635.178473307518288 ], [ 258222.988622617383953, 1299629.165836187312379 ], [ 258221.107621817587642, 1299601.636409885482863 ], [ 258162.018986882292666, 1299598.831093047047034 ], [ 258160.138875217729947, 1299571.407111780485138 ], [ 258101.465399799722945, 1299568.493165360065177 ], [ 258099.58596168787335, 1299541.174852254800498 ], [ 258037.964910723414505, 1299533.746122194454074 ], [ 258038.37373751756968, 1299480.131949380272999 ], [ 257978.885695300152292, 1299479.44059074553661 ], [ 257977.404524730314733, 1299449.903049990767613 ], [ 257947.866367443813942, 1299449.291916183661669 ], [ 257946.79864152049413, 1299419.434399231569842 ], [ 257917.26711532639456, 1299419.667570442892611 ], [ 257886.487671516893897, 1299419.910625092918053 ], [ 257885.830862283939496, 1299389.416769850766286 ], [ 257855.88082383107394, 1299389.336591339670122 ], [ 257854.813235425826861, 1299359.479060176992789 ], [ 257886.001834075665101, 1299358.388641868717968 ], [ 257885.759339347336208, 1299327.680266457377002 ], [ 257855.395769527181983, 1299327.920050610788167 ], [ 257855.153250855830265, 1299297.211780986282974 ], [ 257792.77653226145776, 1299299.498475758126006 ], [ 257794.182626599009382, 1299266.8775863237679 ], [ 257757.995899296132848, 1299267.16345419944264 ], [ 257733.871301219245652, 1299267.354057417018339 ], [ 257733.687036089570029, 1299244.032624962972477 ], [ 257733.386049276450649, 1299205.937478106003255 ], [ 257694.287526053434703, 1299206.246412994805723 ], [ 257672.575212686118903, 1299195.864692995557562 ], [ 257672.172421401221072, 1299144.895061881514266 ], [ 257620.568114549474558, 1299141.820437068352476 ], [ 257609.959404980501859, 1299115.309837017208338 ], [ 257581.254253497492755, 1299114.903436742257327 ], [ 257577.869032322254498, 1299054.987151766894385 ], [ 257550.404023705399595, 1299053.621393190929666 ], [ 257552.646159458759939, 1299021.521357479970902 ], [ 257489.433598406467354, 1299023.39311483129859 ], [ 257488.947949610592332, 1298961.976347474846989 ], [ 257458.583945260063047, 1298962.216458161594346 ], [ 257458.097425163286971, 1298900.694340378511697 ], [ 257428.149115495441947, 1298900.931182265048847 ], [ 257427.907085732469568, 1298870.328408116940409 ], [ 257397.54319755511824, 1298870.568560839630663 ], [ 257397.055754483066266, 1298808.940751055954024 ], [ 257366.691581827501068, 1298809.180924871470779 ], [ 257366.204933688190067, 1298747.658448156900704 ], [ 257335.840694696613355, 1298747.898641356267035 ], [ 257335.597767935367301, 1298717.190401249099523 ], [ 257305.233493188949069, 1298717.430619206046686 ], [ 257304.747594002576079, 1298656.013908493099734 ], [ 257274.38325304738828, 1298656.254145847866312 ], [ 257275.895400640700245, 1298531.923523132689297 ], [ 257243.46208028960973, 1298533.551879100501537 ], [ 257243.218266141979257, 1298502.737952752737328 ], [ 257212.853762184939114, 1298502.978223085170612 ], [ 257212.367761417408474, 1298441.561598084401339 ], [ 257182.003191258670995, 1298441.801887805340812 ], [ 257181.516315130371368, 1298380.279469614382833 ], [ 257151.151678685710067, 1298380.519778702873737 ], [ 257150.908637704065768, 1298349.81151257478632 ], [ 257120.543965490476694, 1298350.051846408983693 ], [ 257120.057837016531266, 1298288.634972986532375 ], [ 257090.109086831187597, 1298288.872033228632063 ], [ 257093.211195954907453, 1298102.685925867175683 ], [ 257058.284061538754031, 1298104.650838903384283 ], [ 257061.287574249930913, 1298011.123943387996405 ], [ 257027.188974655902712, 1298012.66047712857835 ], [ 257024.142723166994983, 1297890.581874368013814 ], [ 256995.850640546908835, 1297889.961500526871532 ], [ 256997.87104978368734, 1297829.896722352597862 ], [ 256964.998389113519806, 1297828.679650184698403 ], [ 256962.443251220014645, 1297768.651085517602041 ], [ 256904.197574826306663, 1297767.74030035873875 ], [ 256903.71040350041585, 1297706.218029321171343 ], [ 256873.345049109921092, 1297706.458490352146327 ], [ 256873.101858181529678, 1297675.749965890776366 ], [ 256842.736468049493851, 1297675.9904516460374 ], [ 256842.250043235428166, 1297614.573504151543602 ], [ 256811.884586929081706, 1297614.814009260386229 ], [ 256811.640516914223554, 1297584.000022873282433 ], [ 256781.275024764618138, 1297584.240552684757859 ], [ 256780.788513212581165, 1297522.823697397951037 ], [ 256750.83895436883904, 1297523.060950900660828 ], [ 256753.247578663402237, 1297459.510415839264169 ], [ 256719.985944728046888, 1297461.77909172908403 ], [ 256719.742647533566924, 1297431.070544521557167 ], [ 256659.011321700992994, 1297431.551760191330686 ], [ 256658.523788762075128, 1297370.029414334567264 ], [ 256628.158056918880902, 1297370.270056534791365 ], [ 256627.91468550945865, 1297339.56149474112317 ], [ 256597.548917945416179, 1297339.802161652594805 ], [ 256597.062132202379871, 1297278.385139455785975 ], [ 256567.112301687564468, 1297278.622528166975826 ], [ 256558.635353849065723, 1297153.842993779340759 ], [ 256535.771882659784751, 1297155.923820840427652 ], [ 256539.673968007147778, 1297123.388468910008669 ], [ 256505.161627680528909, 1297125.350512754637748 ], [ 256511.723716157779563, 1297061.028299375902861 ], [ 256474.308677997585619, 1297064.174314580159262 ], [ 256473.439423886011355, 1296954.531328728422523 ], [ 256472.846296702045947, 1296879.712246964685619 ], [ 256442.480045896722004, 1296879.952983148396015 ], [ 256423.101680451625725, 1296849.396327245049179 ], [ 256408.482463457621634, 1296789.46327889431268 ], [ 256381.432150484732119, 1296788.200116131920367 ], [ 256379.70067822636338, 1296727.215185649460182 ], [ 256350.578727485495619, 1296727.023946846136823 ], [ 256350.334366396040423, 1296696.209894453175366 ], [ 256319.967911701940466, 1296696.450718204956502 ], [ 256319.480819190153852, 1296635.033620678354055 ], [ 256289.114298355416395, 1296635.274463738314807 ], [ 256288.626332282146905, 1296573.7520151513163 ], [ 256258.259963295742637, 1296573.992875768337399 ], [ 256257.529220277705463, 1296481.867369986372069 ], [ 256227.578333434357774, 1296482.104947844287381 ], [ 256227.09030165465083, 1296420.582261573290452 ], [ 256196.723551889008377, 1296420.823156709084287 ], [ 256197.407321363018127, 1296297.237192709231749 ], [ 256165.381615476333536, 1296298.124455574434251 ], [ 256169.468350343144266, 1296236.460001401370391 ], [ 256134.526587331638439, 1296236.842676711967215 ], [ 256138.412663637340302, 1296202.302300373325124 ], [ 256103.915964214713313, 1296206.375216594897211 ], [ 256100.124863437609747, 1296148.044818325666711 ], [ 256073.477604106010403, 1296145.195725466823205 ], [ 256073.288347435358446, 1296121.346515320939943 ], [ 256072.989394225616707, 1296083.672996531706303 ], [ 256012.639141432824545, 1296080.141713949851692 ], [ 256012.011429772828706, 1296053.44657139480114 ], [ 255979.594436051353114, 1296057.502979989862069 ], [ 255981.155918513453798, 1295992.164742901688442 ], [ 255920.421476521063596, 1295992.646892407443374 ], [ 255920.177665435709059, 1295961.938451100839302 ], [ 255885.671453667804599, 1295964.850696741370484 ], [ 255889.737924724700861, 1295900.653695919318125 ], [ 255853.160958019725513, 1295904.743350501405075 ], [ 255859.126743097644066, 1295870.186157379765064 ], [ 255829.613839253841434, 1295873.269826292758808 ], [ 255828.271626870380715, 1295809.010073063429445 ], [ 255797.904199497919763, 1295809.251250282628462 ], [ 255797.415569896518718, 1295747.728656700346619 ], [ 255737.09660342807183, 1295748.207774746464565 ], [ 255736.608712594490498, 1295686.790504290955141 ], [ 255640.114749345666496, 1295689.667921720305458 ], [ 255645.261135260370793, 1295656.700171260163188 ], [ 255618.624864962795982, 1295655.32884085434489 ], [ 255612.161799531750148, 1295627.308045726269484 ], [ 255584.28182350876159, 1295626.474145232699811 ], [ 255583.764319733076263, 1295561.36341359699145 ], [ 255583.304711084405426, 1295503.534163797972724 ], [ 255554.938022142770933, 1295493.839299488812685 ], [ 255542.048039853951195, 1295442.335297247860581 ], [ 255522.25202202834771, 1295411.782208993798122 ], [ 255493.534630507754628, 1295410.322027415269986 ], [ 255491.640017463825643, 1295381.314887278946117 ], [ 255462.096618002571631, 1295380.599958712933585 ], [ 255461.027953386568697, 1295350.847695937147364 ], [ 255430.65916654560715, 1295350.983587827766314 ], [ 255430.170819170598406, 1295289.566443943418562 ], [ 255400.218838590168161, 1295289.804610756225884 ], [ 255399.97464218683308, 1295259.09586825966835 ], [ 255369.606592869269662, 1295259.337367642205209 ], [ 255369.117319579992909, 1295197.814641237258911 ], [ 255338.749204060877673, 1295198.056159835774451 ], [ 255338.260730649868492, 1295136.638767403783277 ], [ 255307.892549035546836, 1295136.88030523317866 ], [ 255307.647451312281191, 1295106.066095574758947 ], [ 255246.9110110909387, 1295106.549250500509515 ], [ 255246.666697124979692, 1295075.840483994456008 ], [ 255216.714475090353517, 1295076.07879081950523 ], [ 255216.47013864282053, 1295045.370240795658901 ], [ 255155.733544995659031, 1295045.85355349490419 ], [ 255155.489150876994245, 1295015.144661199301481 ], [ 255094.752475092100212, 1295015.628083226503804 ], [ 255094.507187404757133, 1294984.813837680965662 ], [ 255032.124031391518656, 1294987.526804173830897 ], [ 255033.697469182807254, 1294923.876673886552453 ], [ 255003.329021438927157, 1294924.118473361711949 ], [ 255002.839145698875654, 1294862.595628320006654 ], [ 254950.042464988626307, 1294867.553951154230163 ], [ 254911.733805876661791, 1294863.321172680938616 ], [ 254915.448288166517159, 1294807.357860366581008 ], [ 254881.291841761849355, 1294802.142225697403774 ], [ 254880.557160918891896, 1294709.910516289994121 ], [ 254850.188691795658087, 1294710.152425846783444 ], [ 254849.209356349194422, 1294587.211986794369295 ], [ 254879.577947031735675, 1294586.970098914578557 ], [ 254879.332527326594573, 1294556.155822562752292 ], [ 254848.963906177785248, 1294556.397705009207129 ], [ 254847.984683707909426, 1294433.457054700702429 ], [ 254817.615717561420752, 1294433.69894722965546 ], [ 254817.126500384823885, 1294372.281396431149915 ], [ 254847.495527247985592, 1294372.039514733012766 ], [ 254848.059303274290869, 1294338.369480478810146 ], [ 254848.250957736803684, 1294310.190002370858565 ], [ 254840.347546609496931, 1294310.358626602683216 ], [ 254816.636467064061435, 1294310.758504575584084 ], [ 254815.927933606901206, 1294221.798175443196669 ], [ 254815.680839911714429, 1294190.772765496978536 ], [ 254785.288091981463367, 1294188.059727833140641 ], [ 254791.455167208012426, 1294126.58927024435252 ], [ 254815.168181942834053, 1294126.400416547199711 ], [ 254813.45474501667195, 1293911.228291260777041 ], [ 254783.085257077676943, 1293911.470121660968289 ], [ 254782.839872488868423, 1293880.655840090010315 ], [ 254813.209390878851991, 1293880.414015124551952 ], [ 254812.964883016393287, 1293849.705303843831643 ], [ 254782.595334280544193, 1293849.947123392717913 ], [ 254782.350800916698063, 1293819.238296530907974 ], [ 254812.720379997801501, 1293818.996482398593798 ], [ 254812.475884466519346, 1293788.287882780190557 ], [ 254782.106275041121989, 1293788.529691495699808 ], [ 254787.027938283776166, 1293727.385672183707356 ], [ 254811.986067503428785, 1293726.764788725180551 ], [ 254809.692723575542914, 1293438.672661365009844 ], [ 254809.050172395218397, 1293357.943402243079618 ], [ 254778.680137804185506, 1293358.18513504974544 ], [ 254777.211897696979577, 1293173.721654231892899 ], [ 254746.841675547591876, 1293173.96338449511677 ], [ 254747.470375447184779, 1292834.769106925930828 ], [ 254714.196171134972246, 1292836.089070548303425 ], [ 254713.70737145995372, 1292774.671871550846845 ], [ 254683.336744124273537, 1292774.913590888725594 ], [ 254684.672706086537801, 1292681.39877715962939 ], [ 254652.231929147761548, 1292682.923505953280255 ], [ 254651.721224509819876, 1292618.762280723778531 ], [ 254651.253379307396244, 1292559.982848332729191 ], [ 254620.468978680146392, 1292560.544705454260111 ], [ 254620.148376944765914, 1292467.99286032631062 ], [ 254589.777430041518528, 1292468.234615354565904 ], [ 254589.288522795104655, 1292406.817053052131087 ], [ 254559.332745427498594, 1292406.950171672040597 ], [ 254558.363880716788117, 1292337.515895189484581 ], [ 254557.93796401435975, 1292284.012779421173036 ], [ 254527.982900222938042, 1292284.251249282620847 ], [ 254527.493941413558787, 1292222.833671453176066 ], [ 254497.122735798737267, 1292223.075472584692761 ], [ 254496.878236005344661, 1292192.36684498982504 ], [ 254477.740209126088303, 1292192.519224684685469 ], [ 254436.135748066066299, 1292192.850526328198612 ], [ 254435.645802913233638, 1292131.327575791627169 ], [ 254405.274490195646649, 1292131.569450551876798 ], [ 254405.029914939805167, 1292100.860586878377944 ], [ 254370.086229696316877, 1292101.666540845297277 ], [ 254374.584613184968475, 1292039.576092247851193 ], [ 254344.21319876954658, 1292039.818010243121535 ], [ 254343.737418420758331, 1291980.088854446774349 ], [ 254282.98184386457433, 1291978.98984422441572 ], [ 254282.735496138047893, 1291948.070053610717878 ], [ 254252.36397462230525, 1291948.312045212835073 ], [ 254251.981383304373594, 1291900.296433240175247 ], [ 254251.874597438029014, 1291886.894380875164643 ], [ 254236.896845353709068, 1291887.013724747113883 ], [ 254221.91909198751091, 1291887.133075906895101 ], [ 254221.813974838209106, 1291873.941929171094671 ], [ 254221.012753913906636, 1291825.613153817830607 ], [ 254160.68552441400243, 1291826.093927030684426 ], [ 254159.951266046526143, 1291733.967554603004828 ], [ 254099.207750381086953, 1291734.451730617089197 ], [ 254098.962106957187643, 1291703.637365293921903 ], [ 254026.985195681452751, 1291704.211222191806883 ], [ 254008.262787035026122, 1291704.36051959078759 ], [ 254008.132348784594797, 1291688.003633935237303 ], [ 254008.017899538826896, 1291673.651592538692057 ], [ 253991.791874168964569, 1291673.780989286489785 ], [ 253977.646056897734525, 1291673.893804086372256 ], [ 253977.545904543512734, 1291661.336028533056378 ], [ 253977.401146614924073, 1291643.185093418927863 ], [ 253957.014678414008813, 1291643.34768585767597 ], [ 253916.657384612568421, 1291643.669595531187952 ], [ 253916.411576516344212, 1291612.855199065990746 ], [ 253886.455743648257339, 1291613.094170096796006 ], [ 253886.206543564156163, 1291581.857620320282876 ], [ 253885.965768264606595, 1291551.676386805716902 ], [ 253855.593782924988773, 1291551.918696024222299 ], [ 253855.348773118923418, 1291521.209744357038289 ], [ 253817.07173451493145, 1291521.515155938221142 ], [ 253794.604725678625982, 1291521.694441797910258 ], [ 253794.447245023882715, 1291501.960680377203971 ], [ 253794.358821263129357, 1291490.880246900254861 ], [ 253781.87714804924326, 1291490.979854899458587 ], [ 253703.658707267139107, 1291491.60417971177958 ], [ 253703.413557933497941, 1291460.895201937295496 ], [ 253673.041449402779108, 1291461.137674164492637 ], [ 253672.796277296176413, 1291430.428912736009806 ], [ 253609.177604015771067, 1291435.68584446888417 ], [ 253611.56079790784861, 1291369.390384650556371 ], [ 253581.188582251197658, 1291369.632930402411148 ], [ 253580.943336553813424, 1291338.924154143314809 ], [ 253550.987285409704782, 1291339.163400190649554 ], [ 253550.742013825569302, 1291308.454397758701816 ], [ 253429.252724646008573, 1291309.424955818569288 ], [ 253429.006495020847069, 1291278.610477733425796 ], [ 253368.747911677724915, 1291287.851623411523178 ], [ 253368.432464701065328, 1291248.383786733960733 ], [ 253307.687699544680072, 1291248.869342226767913 ], [ 253307.442202485573944, 1291218.160187135450542 ], [ 253246.697355190786766, 1291218.645851542707533 ], [ 253246.451805974851595, 1291187.937017997261137 ], [ 253186.122970669530332, 1291188.419463429134339 ], [ 253185.630922299431404, 1291126.895879037445411 ], [ 253034.184296619670931, 1291128.107450031442568 ], [ 253033.938552669773344, 1291097.398469311185181 ], [ 253003.565962072636466, 1291097.641533454880118 ], [ 253003.320192720915657, 1291066.932437107898295 ], [ 252912.202297708601691, 1291067.661792870145291 ], [ 252911.955599026492564, 1291036.847225964767858 ], [ 252851.626344894291833, 1291037.330269922269508 ], [ 252851.380437876388896, 1291006.621368686435744 ], [ 252790.635004748182837, 1291007.10785271320492 ], [ 252790.389041166752577, 1290976.398719718679786 ], [ 252729.643525847437559, 1290976.885312617756426 ], [ 252729.397508364461828, 1290946.17627986217849 ], [ 252669.067163648403948, 1290946.554081890499219 ], [ 252668.821091814665124, 1290915.84503878117539 ], [ 252608.075412095960928, 1290916.331848550355062 ], [ 252607.829286366410088, 1290885.622905649477616 ], [ 252577.456408108875621, 1290885.866349988384172 ], [ 252577.210256104037398, 1290855.157180835492909 ], [ 252516.88052311190404, 1290855.640812353929505 ], [ 252516.633471284265397, 1290824.826177900889888 ], [ 252455.887555738823721, 1290825.313253473490477 ], [ 252455.64129638983286, 1290794.604284803615883 ], [ 252394.89551680572913, 1290795.091467468766496 ], [ 252394.649200022104196, 1290764.382156403968111 ], [ 252334.319222075195285, 1290764.866111359093338 ], [ 252334.072853599587688, 1290734.157121875323355 ], [ 252273.326691605092492, 1290734.644523137481883 ], [ 252273.079420376714552, 1290703.829846839886159 ], [ 252303.452534459443996, 1290703.586136729689315 ], [ 252303.206145519856364, 1290672.876921461429447 ], [ 252212.502799738722388, 1290673.604785493109375 ], [ 252212.256327953131404, 1290642.895775709766895 ], [ 252181.88313717051642, 1290643.139564288081601 ], [ 252181.6366382331762, 1290612.430217543616891 ], [ 252120.889334053790662, 1290612.812529077520594 ], [ 252120.642780378024327, 1290582.103171879192814 ], [ 251999.565782367426436, 1290583.075478898128495 ], [ 251999.319116473634494, 1290552.366432321723551 ], [ 251900.321027128666174, 1290556.538880126317963 ], [ 251907.952388785372023, 1290522.389182230923325 ], [ 251847.62175765138818, 1290522.873999210540205 ], [ 251847.127303667803062, 1290461.350177257321775 ], [ 251816.753866138024023, 1290461.594291380373761 ], [ 251816.507039561023703, 1290430.884882013313472 ], [ 251755.760087688773638, 1290431.373189104255289 ], [ 251756.006974804186029, 1290462.082609441829845 ], [ 251725.63352099902113, 1290462.326813380233943 ], [ 251725.386603614257183, 1290431.617387556470931 ], [ 251665.055727373081027, 1290432.102527803042904 ], [ 251664.808758332859725, 1290401.393423543777317 ], [ 251604.061691823066212, 1290401.882018215721473 ], [ 251603.81381799353403, 1290371.067226710729301 ], [ 251549.279744448693236, 1290368.023250289494172 ], [ 251539.508978497324279, 1290343.089588452596217 ], [ 251512.862085630215006, 1290341.087626403663307 ], [ 251505.743776283896295, 1290283.838353700237349 ], [ 251481.99420488323085, 1290279.91344432043843 ], [ 251481.737742774857907, 1290248.043524387059733 ], [ 251481.499117915111128, 1290218.389498731354252 ], [ 251461.111396857653745, 1290218.553562851622701 ], [ 251450.941078715783078, 1290195.733920015161857 ], [ 251450.135995472199284, 1290095.691364981234074 ], [ 251419.762124023836805, 1290095.935801512794569 ], [ 251419.514975377212977, 1290065.226437585195526 ], [ 251389.141068234283011, 1290065.470898553729057 ], [ 251388.645880856289295, 1290003.946926921606064 ], [ 251358.688022389920661, 1290004.188057305756956 ], [ 251358.193646452971734, 1289942.769421740667894 ], [ 251298.240410458121914, 1289938.608381403144449 ], [ 251297.537975747749442, 1289903.048181077465415 ], [ 251296.950239239638904, 1289881.734226688509807 ], [ 251266.576128671847982, 1289881.978773950133473 ], [ 251266.328871612029616, 1289851.269607398891822 ], [ 251240.510442945815157, 1289848.839161989744753 ], [ 251235.459533615416149, 1289789.989936469355598 ], [ 251220.890438177506439, 1289789.368460691766813 ], [ 251207.985922872758238, 1289788.733697485877201 ], [ 251205.016823311132612, 1289730.078958219382912 ], [ 251172.514575694629457, 1289724.430709903128445 ], [ 251174.384177292959066, 1289698.242246060632169 ], [ 251145.248022676125402, 1289697.210581801366061 ], [ 251143.762738696590532, 1289667.777692343341187 ], [ 251114.625479469192214, 1289666.640376032097265 ], [ 251112.893657754204469, 1289606.603637860389426 ], [ 251082.519242142501753, 1289606.848314724164084 ], [ 251082.023625014029676, 1289545.32424820936285 ], [ 251021.690778058691649, 1289545.810316778253764 ], [ 251021.442492324975319, 1289514.995434802025557 ], [ 250991.06796950622811, 1289515.240184470079839 ], [ 250990.820509040233446, 1289484.530753230908886 ], [ 250960.445950530498521, 1289484.775527313584462 ], [ 250960.197615782002686, 1289453.960635273251683 ], [ 250929.823021477262955, 1289454.205433750292286 ], [ 250929.576362992927898, 1289423.601558978203684 ], [ 250869.243221593438648, 1289424.087880094768479 ], [ 250868.995659786276519, 1289393.378649713937193 ], [ 250808.246312431234401, 1289393.86843327851966 ], [ 250807.997843859222485, 1289363.05351518583484 ], [ 250777.623131661996013, 1289363.298446315107867 ], [ 250777.375488992227474, 1289332.588979123160243 ], [ 250747.00074110244168, 1289332.833934659138322 ], [ 250746.753074900567299, 1289302.124573072418571 ], [ 250686.41962820381741, 1289302.611206101952121 ], [ 250686.171906858013244, 1289271.901723451213911 ], [ 250655.797082226607017, 1289272.146757299313322 ], [ 250655.54848571412731, 1289241.331813638564199 ], [ 250625.173625266936142, 1289241.576871870318428 ], [ 250624.678092542744707, 1289180.15810827142559 ], [ 250594.303166161465924, 1289180.403185391798615 ], [ 250594.055378293734975, 1289149.693798839580268 ], [ 250563.265991732419934, 1289150.153391749132425 ], [ 250562.936145012034103, 1289057.705160453449935 ], [ 250532.977216265309835, 1289057.946917119203135 ], [ 250532.728539739007829, 1289027.13195490068756 ], [ 250501.111235026910435, 1289028.125802624505013 ], [ 250501.361232668656157, 1288904.433927873848006 ], [ 250470.986012118140934, 1288904.67907454026863 ], [ 250470.49030611247872, 1288843.26026689261198 ], [ 250440.11501962156035, 1288843.505432433681563 ], [ 250439.867143339797622, 1288812.795802540145814 ], [ 250409.490970758954063, 1288812.935647013830021 ], [ 250408.995177933451487, 1288751.5167096410878 ], [ 250378.61978973064106, 1288751.761918420204893 ], [ 250378.371871382696554, 1288721.052389627089724 ], [ 250348.412582106539048, 1288721.294262964976951 ], [ 250348.163788351084804, 1288690.479273116216063 ], [ 250317.788328762253514, 1288690.724530234234408 ], [ 250317.540363834646996, 1288660.015212792903185 ], [ 250256.789367784804199, 1288660.505805692402646 ], [ 250256.541345549660036, 1288629.796145741129294 ], [ 250226.165809106460074, 1288630.041481520747766 ], [ 250225.917765156103997, 1288599.332148512126878 ], [ 250195.958329669985687, 1288599.574147104518488 ], [ 250195.709408093098318, 1288568.759131612721831 ], [ 250134.958186932839453, 1288569.249929723097011 ], [ 250134.710062614438357, 1288538.540359920589253 ], [ 250073.958759168162942, 1288539.031266577076167 ], [ 250073.710582020779839, 1288508.321907522156835 ], [ 250043.334891867038095, 1288508.567400172352791 ], [ 250043.086687647592044, 1288477.857704121386632 ], [ 250013.127100554935168, 1288478.099857428576797 ], [ 250012.629801203729585, 1288416.575442210771143 ], [ 249982.25400941746193, 1288416.820977648720145 ], [ 249981.508438814926194, 1288324.586959469132125 ], [ 249920.756875478109578, 1288325.078085066052154 ], [ 249920.01117511477787, 1288232.843927496345714 ], [ 249859.675114477751777, 1288233.331777834799141 ], [ 249859.178459665999981, 1288171.912771778879687 ], [ 249828.802616809494793, 1288172.158410244854167 ], [ 249828.305071232782211, 1288110.633828025776893 ], [ 249797.928944203071296, 1288110.879487066296861 ], [ 249797.43221529587754, 1288049.460462840506807 ], [ 249736.679823979909997, 1288049.951848462456837 ], [ 249736.430553914629854, 1288019.136758901411667 ], [ 249706.054319721326465, 1288019.38249099184759 ], [ 249705.557443731056992, 1287957.963325903518125 ], [ 249641.497976437327452, 1287961.225657119881362 ], [ 249644.972495070804143, 1287927.741842175135389 ], [ 249615.423960395040922, 1287927.453298682812601 ], [ 249614.346786454843823, 1287897.172537208534777 ], [ 249595.621452884981409, 1287897.324073520721868 ], [ 249553.594027042243397, 1287897.664225228363648 ], [ 249553.510483595717233, 1287835.925160278799012 ], [ 249523.136597787903156, 1287836.487628671107814 ], [ 249527.440552360087167, 1287802.680676174117252 ], [ 249492.511528019385878, 1287806.023972823983058 ], [ 249492.262063231610227, 1287775.208842964610085 ], [ 249461.885543487645919, 1287775.454768988769501 ], [ 249456.173514060850721, 1287686.74343034485355 ], [ 249430.762186890933663, 1287683.466439587762579 ], [ 249430.533191611699294, 1287655.184030506527051 ], [ 249430.264897546323482, 1287622.047186066629365 ], [ 249402.785679142776644, 1287620.370010021841154 ], [ 249395.502281557914102, 1287594.57215133914724 ], [ 249369.262833442480769, 1287591.829660975374281 ], [ 249366.91895916199428, 1287559.34272695472464 ], [ 249368.764603519783122, 1287530.304820945719257 ], [ 249337.566624603059608, 1287531.929495753720403 ], [ 249338.3065620411071, 1287469.128170130075887 ], [ 249307.929712731274776, 1287469.374189700931311 ], [ 249307.43141135663609, 1287407.849552884697914 ], [ 249277.05449604021851, 1287408.095591227058321 ], [ 249276.805750105675543, 1287377.385885741794482 ], [ 249246.428799106564838, 1287377.63194841449149 ], [ 249245.930411054519936, 1287316.107181700412184 ], [ 249215.553394070244394, 1287316.353263139957562 ], [ 249215.305461442942033, 1287285.749226118670776 ], [ 249185.344565807608888, 1287285.991960124345496 ], [ 249185.094898702431237, 1287255.176783269038424 ], [ 249154.717810429428937, 1287255.422912952722982 ], [ 249154.468973413662752, 1287224.713187817018479 ], [ 249124.091849477350479, 1287224.95934182475321 ], [ 249123.593278966727667, 1287163.434535816079006 ], [ 249093.216089029854629, 1287163.680708582280204 ], [ 249092.219753937708447, 1287040.73675842420198 ], [ 249067.253050990781048, 1287041.044441690202802 ], [ 249067.005880880664336, 1287010.545839344384149 ], [ 249058.029391980235232, 1286981.279078744584695 ], [ 249030.966432581742993, 1286979.704094435553998 ], [ 249030.644825860479614, 1286940.024322612676769 ], [ 249029.721114223182667, 1286826.050260227406397 ], [ 248999.759738992812345, 1286826.293088419130072 ], [ 248998.763301265367772, 1286703.349093736615032 ], [ 248968.385636191233061, 1286703.595302252098918 ], [ 248968.136723120871466, 1286672.88544216984883 ], [ 248937.75902237414266, 1286673.131674993783236 ], [ 248937.260302225477062, 1286611.606930947396904 ], [ 248906.882535536511568, 1286611.853182508610189 ], [ 248906.633580604044255, 1286581.143423479516059 ], [ 248937.011377475166228, 1286580.89717746945098 ], [ 248936.761605607054662, 1286550.082188904285431 ], [ 248906.383778451214312, 1286550.328429344575852 ], [ 248905.885898839042056, 1286488.909024393418804 ], [ 248875.50800581270596, 1286489.155283585656434 ], [ 248875.009233497519745, 1286427.630301926285028 ], [ 248820.059674007148715, 1286425.648477409733459 ], [ 248813.175601386668859, 1286397.842021861113608 ], [ 248784.042471357737668, 1286397.656293393811211 ], [ 248783.514458095654845, 1286332.543199512176216 ], [ 248783.045515759062255, 1286274.711839211871848 ], [ 248753.861989486846142, 1286268.299726759782061 ], [ 248751.919431141985115, 1286182.723600453231484 ], [ 248719.883473408757709, 1286183.827772624557838 ], [ 248721.043326822458766, 1286121.550491560250521 ], [ 248690.249721751228208, 1286121.905916491523385 ], [ 248690.166047229809919, 1286060.272047680104151 ], [ 248661.448749587114435, 1286060.082776616793126 ], [ 248658.957406520930817, 1285906.860971475252882 ], [ 248628.578895885177189, 1285907.107362997718155 ], [ 248627.581715992535464, 1285784.163050901144743 ], [ 248577.228249364154181, 1285784.571480770828202 ], [ 248571.483660294354195, 1285692.060526313725859 ], [ 248535.697697114170296, 1285692.667554426472634 ], [ 248534.700318747025449, 1285569.723078749608248 ], [ 248504.737635771249188, 1285569.966151926433668 ], [ 248494.601553356944351, 1284679.407904071733356 ], [ 248467.128208877489669, 1284678.786171549232677 ], [ 248466.417148968350375, 1284591.089494240703061 ], [ 248466.131369139940944, 1284555.84193823649548 ], [ 248439.06436606720672, 1284554.05603520385921 ], [ 248434.006827132834587, 1284340.909138954943046 ], [ 248403.62673905788688, 1284341.155454995576292 ], [ 248403.377737577568041, 1284310.445643832208589 ], [ 248372.997613887564512, 1284310.691984115401283 ], [ 248372.747733011929085, 1284279.876710782758892 ], [ 248342.367573565919884, 1284280.123075288720429 ], [ 248342.118525393481832, 1284249.413475323934108 ], [ 248285.516378506319597, 1284249.450364282820374 ], [ 248282.523656819801545, 1284188.367660234915093 ], [ 248220.515590638911817, 1284188.976257419213653 ], [ 248220.016436098638223, 1284127.451116699026898 ], [ 248250.396768233331386, 1284127.20466123521328 ], [ 248257.640012472256785, 1283942.664412474725395 ], [ 248279.280994640925201, 1283942.488902665441856 ], [ 248278.782911223912379, 1283881.069359966786578 ], [ 248252.561498331720941, 1283880.965285013429821 ], [ 248251.064570548303891, 1283850.371259931474924 ], [ 248217.772676507767756, 1283850.852314862189814 ], [ 248217.522733453923138, 1283820.037021107040346 ], [ 248249.567117291531758, 1283819.671664437046275 ], [ 248245.49236811712035, 1283727.78042028634809 ], [ 248216.774652191612404, 1283727.802278485614806 ], [ 248219.592201496299822, 1283510.686406469438225 ], [ 248214.531581721559633, 1283451.203534417087212 ], [ 248242.827354083856335, 1283450.44645555014722 ], [ 248242.919186924933456, 1283205.068146956618875 ], [ 248273.300417821446899, 1283204.821888459380716 ], [ 248271.556509194109822, 1282989.64283233275637 ], [ 248337.771543526934693, 1282994.277696999488398 ], [ 248340.479281447158428, 1282866.131765826838091 ], [ 248363.369549212628044, 1282865.946345573756844 ], [ 248360.790330298361368, 1282804.438379494938999 ], [ 248339.98089502035873, 1282804.606936904834583 ], [ 248340.562867818021914, 1282773.679484069580212 ], [ 248365.120537348062498, 1282773.797185780946165 ], [ 248358.301516739127692, 1282497.13023106334731 ], [ 248327.91960946447216, 1282497.376272497233003 ], [ 248327.421345442679012, 1282435.851451912429184 ], [ 248297.455596720625181, 1282436.094140807399526 ], [ 248297.206869991088752, 1282405.384343606885523 ], [ 248266.824861414643237, 1282405.63042744458653 ], [ 248266.326512137195095, 1282344.105477007105947 ], [ 248235.94443777934066, 1282344.35157945426181 ], [ 248235.446906961122295, 1282282.93218757212162 ], [ 248205.064766927447636, 1282283.178308644564822 ], [ 248203.179727844661102, 1281999.08341705519706 ], [ 248202.089967696956592, 1281915.927859213668853 ], [ 248201.827577075629961, 1281883.529744719620794 ], [ 248191.838882107374957, 1281883.61064323107712 ], [ 248171.445040121965576, 1281883.77582307276316 ], [ 248170.947565538604977, 1281822.356423693709075 ], [ 248140.981195846339688, 1281822.599149000598118 ], [ 248140.234083118702983, 1281730.364358709892258 ], [ 248109.851384756126208, 1281730.61046828655526 ], [ 248109.602613322233083, 1281699.900649078190327 ], [ 248079.219879358774051, 1281700.14678283338435 ], [ 248078.97022938678856, 1281669.331501419190317 ], [ 248048.587459737609606, 1281669.577659331494942 ], [ 248048.338641744019696, 1281638.868051302386448 ], [ 247987.573025769001106, 1281639.360445225611329 ], [ 247987.0752844720555, 1281577.940876341890544 ], [ 247896.342875623551663, 1281578.676282581174746 ], [ 247896.093068678543204, 1281547.860969658242539 ], [ 247865.7101456412056, 1281548.107283328659832 ], [ 247865.212200891081011, 1281486.687783590983599 ], [ 247804.862456327740801, 1281487.177102568792179 ], [ 247804.612577034713468, 1281456.361774439923465 ], [ 247769.663229247671552, 1281458.122687928844243 ], [ 247773.980500702222344, 1281425.898505546851084 ], [ 247804.363560580648482, 1281425.652125380001962 ], [ 247804.114547323697479, 1281394.942144853528589 ], [ 247773.73145738223684, 1281395.188519441289827 ], [ 247772.983512108854484, 1281302.953660024562851 ], [ 247742.600326378742466, 1281303.200047597056255 ], [ 247742.351279269496445, 1281272.490389864193276 ], [ 247711.968057940161088, 1281272.73680159705691 ], [ 247711.469061503914418, 1281211.211465784814209 ], [ 247651.118724251486128, 1281211.700979474931955 ], [ 247650.453362245141761, 1281180.994683088501915 ], [ 247620.486276972456835, 1281181.237790312385187 ], [ 247620.735426210274454, 1281211.947468837257475 ], [ 247529.58549896205659, 1281212.687115355627611 ], [ 247529.33625955064781, 1281181.977420079754665 ], [ 247498.952909354033181, 1281182.224022812210023 ], [ 247498.70364398410311, 1281151.514101122505963 ], [ 247440.017229524761206, 1281151.885030558565632 ], [ 247438.51832336440566, 1281121.079778771381825 ], [ 247407.719508414797019, 1281121.435295877512544 ], [ 247406.721317071351223, 1280998.490423752227798 ], [ 247376.337982539494988, 1280998.737109692767262 ], [ 247375.694485857879044, 1280919.482512335060164 ], [ 247374.590950363199227, 1280783.557171230670065 ], [ 247344.20718150009634, 1280783.803849518764764 ], [ 247343.708511358097894, 1280722.384074366185814 ], [ 247283.357086757547222, 1280722.874117487808689 ], [ 247283.107700404536445, 1280692.164164229063317 ], [ 247248.571934282197617, 1280693.711205309722573 ], [ 247242.067942109657452, 1280661.68000836041756 ], [ 247224.331284965242958, 1280630.373492739861831 ], [ 247191.456267114350339, 1280631.379329370567575 ], [ 247190.531328964338172, 1280517.509884509723634 ], [ 247189.209641414141515, 1280354.779157302342355 ], [ 247098.473211442847969, 1280355.516198362689465 ], [ 247098.223717941960786, 1280324.806438842555508 ], [ 246826.429900787625229, 1280327.01571856229566 ], [ 246734.444632118247682, 1280327.763959857402369 ], [ 246733.944082027825061, 1280266.238407651893795 ], [ 246703.559686057327781, 1280266.485613309778273 ], [ 246703.309819740708917, 1280235.775671957060695 ], [ 246672.92538818839239, 1280236.022901730146259 ], [ 246671.924144022312248, 1280112.971981624141335 ], [ 246702.308695921034086, 1280112.724774305475876 ], [ 246700.559102699917275, 1279897.649422395043075 ], [ 246730.943859374790918, 1279897.4022840349935 ], [ 246729.943975328467786, 1279774.456999002723023 ], [ 246790.712854135985253, 1279773.857287777820602 ], [ 246790.213496139389463, 1279712.437344218371436 ], [ 246856.008841360511724, 1279715.702103739371523 ], [ 246849.817396448575892, 1279619.711445468012244 ], [ 246880.14322045823792, 1279612.182719220174477 ], [ 246882.037376780441264, 1279589.159859441686422 ], [ 246910.337857812235598, 1279588.507703752722591 ], [ 246910.088332375016762, 1279557.797922977013513 ], [ 246940.473380911978893, 1279557.551053829258308 ], [ 246939.973547491012141, 1279496.025604627560824 ], [ 246970.358650612644851, 1279495.778776399092749 ], [ 246969.36003443194204, 1279372.833695955574512 ], [ 246999.328983512474224, 1279372.590300400042906 ], [ 247001.740439061832149, 1279310.724734743125737 ], [ 247012.739538441237528, 1279281.189985124859959 ], [ 247028.466570475808112, 1279218.688551151426509 ], [ 247081.284028100461001, 1279212.771620848448947 ], [ 247088.570017493068008, 1279187.277482266537845 ], [ 247119.372522237099474, 1279187.133158185984939 ], [ 247122.130177333281608, 1279065.318506649928167 ], [ 247148.343958278215723, 1279063.944793557282537 ], [ 247147.723999673151411, 1278987.539521073224023 ], [ 247167.742075293936068, 1278940.834510359913111 ], [ 247176.901359570591012, 1278889.679211095673963 ], [ 247176.734644797164947, 1278817.808575897943228 ], [ 247202.947663714236114, 1278816.329382629133761 ], [ 247207.288198518566787, 1278786.954367306083441 ], [ 247237.257028852589428, 1278786.605740660568699 ], [ 247236.489377382647945, 1278691.943429597653449 ], [ 247266.894888498063665, 1278694.124225037638098 ], [ 247265.898085592896678, 1278571.179419064661488 ], [ 247235.512136588979047, 1278571.425783177139238 ], [ 247234.764292435254902, 1278479.190775035880506 ], [ 247204.378247805201681, 1278479.4371520311106 ], [ 247204.12923176199547, 1278448.727112772874534 ], [ 247083.001158758241218, 1278449.709518120856956 ], [ 247082.75203174338094, 1278418.999789009569213 ], [ 246975.359731871954864, 1278419.871163993375376 ], [ 246961.623751164472196, 1278419.982643655268475 ], [ 246952.299186311982339, 1278450.770100469700992 ], [ 246840.32846728657023, 1278451.679123936453834 ], [ 246840.577842452999903, 1278482.389230211963877 ], [ 246719.449624624481658, 1278483.373074352508411 ], [ 246719.699122579972027, 1278514.082871492486447 ], [ 246689.313013997016242, 1278514.329757421510294 ], [ 246689.81294817395974, 1278575.855264809215441 ], [ 246599.07104983064346, 1278576.592750531388447 ], [ 246599.32068603055086, 1278607.302682132460177 ], [ 246447.806707937299507, 1278608.534698436269537 ], [ 246448.056500539561966, 1278639.244769163429737 ], [ 246326.513063242600765, 1278640.339105007704347 ], [ 246326.762981786654564, 1278671.049198671709746 ], [ 246266.407304602413205, 1278671.540437068091705 ], [ 246266.657286859059241, 1278702.250321049708873 ], [ 246175.499126852344489, 1278702.992501921020448 ], [ 246175.749206840846455, 1278733.702624559635296 ], [ 246115.39359381160466, 1278734.194179268786684 ], [ 246115.644598327431595, 1278765.009771727724001 ], [ 246054.872743868792895, 1278765.504846355644986 ], [ 246055.122954432008555, 1278796.214881716063246 ], [ 245994.351028620090801, 1278796.710087216459215 ], [ 245994.601306022610515, 1278827.42024493846111 ], [ 245964.631643479806371, 1278827.664504865650088 ], [ 245964.881954603362828, 1278858.374447316629812 ], [ 245934.496037880104268, 1278858.622135119978338 ], [ 245934.747246450046077, 1278889.437763318652287 ], [ 245904.361354291322641, 1278889.68548645125702 ], [ 245904.862128970911726, 1278951.105728263268247 ], [ 245874.476291244704043, 1278951.353492330294102 ], [ 245874.726717943354743, 1278982.063674927689135 ], [ 245844.340904661803506, 1278982.311474307905883 ], [ 245844.59222559328191, 1279013.12690006243065 ], [ 245814.206436859123642, 1279013.374734776327386 ], [ 245814.456935464579146, 1279044.084929601289332 ], [ 245784.487447450694162, 1279044.329403683310375 ], [ 245784.737979784898926, 1279075.039383221883327 ], [ 245754.352240016160067, 1279075.287288163090125 ], [ 245754.60367056724499, 1279106.102953580906615 ], [ 245693.832234578061616, 1279106.598863834049553 ], [ 245694.082871547812829, 1279137.309193204389885 ], [ 245633.72774870932335, 1279137.801835279911757 ], [ 245633.978448520880193, 1279168.511844341875985 ], [ 245603.592771130177425, 1279168.759914247551933 ], [ 245603.843508700869279, 1279199.470150731038302 ], [ 245543.072197237604996, 1279199.966390887042508 ], [ 245543.323862042656401, 1279230.782097721472383 ], [ 245482.552588555874536, 1279231.278467961819842 ], [ 245482.803456277935766, 1279261.988506640540436 ], [ 245422.448494810785633, 1279262.481605573091656 ], [ 245422.699430807435419, 1279293.191987903090194 ], [ 245301.57328697538469, 1279294.181962709175423 ], [ 245301.824345856264699, 1279324.89203601074405 ], [ 245119.927006316487677, 1279326.37961957254447 ], [ 245120.179115431295941, 1279357.195407274644822 ], [ 244938.281756244221469, 1279358.684089020127431 ], [ 244938.533188240107847, 1279389.394452140899375 ], [ 244816.990992880688282, 1279390.389791860245168 ], [ 244818.112051386240637, 1279425.631198145216331 ], [ 244787.273235572793055, 1279421.345461736200377 ], [ 244787.525693145347759, 1279452.16131306020543 ], [ 244726.754562111076666, 1279452.659243233967572 ], [ 244727.006222631462151, 1279483.369757910026237 ], [ 244666.235129260428948, 1279483.867818190716207 ], [ 244663.967277959716739, 1279207.158163096988574 ], [ 244696.434373546013376, 1279206.892115247668698 ], [ 244696.014123306114925, 1279155.602685146499425 ], [ 244693.34572686671163, 1279083.962202406488359 ], [ 244721.645301473879954, 1279083.097334107384086 ], [ 244722.976072887860937, 1278991.477052642963827 ], [ 244750.440571059822105, 1278990.302006001817062 ], [ 244752.607508346438408, 1278899.097097983816639 ], [ 244779.237796270957915, 1278897.718104278435931 ], [ 244782.767188747617183, 1278871.198502325452864 ], [ 244782.17263348569395, 1278798.591331831645221 ], [ 244781.986841797857778, 1278775.901591601315886 ], [ 244811.956777436396806, 1278775.656203640624881 ], [ 244811.704481240652967, 1278744.840368719305843 ], [ 244781.734515907854075, 1278745.085751091595739 ], [ 244781.231610875489423, 1278683.665210907813162 ], [ 244629.716270467470167, 1278684.906141934916377 ], [ 244629.967868698004168, 1278715.616329286945984 ], [ 244599.581557118595811, 1278715.865291880676523 ], [ 244599.833193128724815, 1278746.575706695904955 ], [ 244569.446905942488229, 1278746.824704627506435 ], [ 244569.699442168843234, 1278777.640584741020575 ], [ 244539.313179496821249, 1278777.889618030749261 ], [ 244539.816600490565179, 1278839.310362041462213 ], [ 244509.430392236739863, 1278839.559436324518174 ], [ 244509.682140326825902, 1278870.269648726563901 ], [ 244479.295956485584611, 1278870.518758352147415 ], [ 244479.800398866907926, 1278932.045097819762304 ], [ 244449.830550826096442, 1278932.290834969840944 ], [ 244450.082377347047441, 1278963.001170720672235 ], [ 244419.696272519795457, 1278963.250356302130967 ], [ 244420.200868408486713, 1279024.77649987116456 ], [ 244389.81481812678976, 1279025.025726475054398 ], [ 244390.066723498748615, 1279055.736185673624277 ], [ 244359.680697613017401, 1279055.985447626328096 ], [ 244359.764841927535599, 1279116.987403330393136 ], [ 244329.799478308850667, 1279117.760919785592705 ], [ 244330.051462540926877, 1279148.471502416068688 ], [ 244300.081794379017083, 1279148.717424683505669 ], [ 244297.896984643943142, 1279186.835644616978243 ], [ 244300.838732645788696, 1279240.954098317073658 ], [ 244241.744999273796566, 1279243.02233825228177 ], [ 244229.496760836802423, 1279272.252008280018345 ], [ 244058.420230227289721, 1279273.656890616286546 ], [ 244058.672513657453237, 1279304.36752647231333 ], [ 244028.286666646308731, 1279304.617159590823576 ], [ 244028.538983342848951, 1279335.327469619689509 ], [ 243998.153160770249087, 1279335.577138100983575 ], [ 243998.406381872599013, 1279366.393135165562853 ], [ 243968.436860524641816, 1279366.639417959144339 ], [ 243968.689250640920363, 1279397.349961541825905 ], [ 243938.303477051114896, 1279397.599700366845354 ], [ 243938.55590134637896, 1279428.31002878327854 ], [ 243908.17015217046719, 1279428.559802975738421 ], [ 243908.423481246310985, 1279459.375818505650386 ], [ 243878.037756587727927, 1279459.625628086272627 ], [ 243878.290255632979097, 1279490.336300778202713 ], [ 243847.904555407527369, 1279490.586145728826523 ], [ 243848.15708772582002, 1279521.296492609661072 ], [ 243817.771411895781057, 1279521.546372931916267 ], [ 243818.023982037528185, 1279552.256947262445465 ], [ 243788.054605351848295, 1279552.503438983811066 ], [ 243788.308078542875592, 1279583.319479143014178 ], [ 243757.922451722231926, 1279583.56942982506007 ], [ 243758.162938286492135, 1279612.802473332965747 ], [ 243727.78948925860459, 1279614.529781155986711 ], [ 243728.042166119616013, 1279645.24026323389262 ], [ 243667.271222754410701, 1279645.740334013709798 ], [ 243667.523966561013367, 1279676.450938592897728 ], [ 243607.585171424580039, 1279676.944289701757953 ], [ 243546.397969850862864, 1279677.448035388253629 ], [ 243545.225586607790319, 1279737.299775696592405 ], [ 243486.133532962936442, 1279739.474992117378861 ], [ 243485.880599236610578, 1279708.764573943335563 ], [ 243425.525741886987817, 1279709.26171453204006 ], [ 243424.765924459788948, 1279617.024415794294327 ], [ 243455.151582822407363, 1279616.774133482947946 ], [ 243454.898643463180633, 1279586.063711639493704 ], [ 243484.868051187833771, 1279585.816892820876092 ], [ 243484.614277144544758, 1279555.000795825151727 ], [ 243424.259121192444582, 1279555.497879965696484 ], [ 243424.512955076497747, 1279586.313988273963332 ], [ 243394.127261054381961, 1279586.564294615760446 ], [ 243394.38026046185405, 1279617.274727812502533 ], [ 243363.99459084670525, 1279617.525069537572563 ], [ 243364.247627182659926, 1279648.235619547078386 ], [ 243333.861981974565424, 1279648.485996657749638 ], [ 243334.115055240952643, 1279679.196663505397737 ], [ 243273.760082400694955, 1279679.694087021052837 ], [ 243266.15849532262655, 1279717.012906846823171 ], [ 243061.73103425456793, 1279712.260755931725726 ], [ 243061.476815570960753, 1279681.444577418966219 ], [ 243000.705467459600186, 1279681.945965247461572 ], [ 243000.959746403066674, 1279712.762155170086771 ], [ 242940.604710868443362, 1279713.260237514972687 ], [ 242940.858183438162087, 1279743.970757639501244 ], [ 242789.346234400378307, 1279745.221661315532401 ], [ 242789.599864530406194, 1279775.932431638007984 ], [ 242728.828595793689601, 1279776.434386784210801 ], [ 242729.08316318798461, 1279807.250629395013675 ], [ 242638.342582606332144, 1279808.000362059799954 ], [ 242638.596373593114549, 1279838.711051070364192 ], [ 242608.210774118168047, 1279838.962173343636096 ], [ 242608.718434183247155, 1279900.383564238902181 ], [ 242578.33288913598517, 1279900.634727614931762 ], [ 242578.587630927300779, 1279931.45100064505823 ], [ 242548.202110380632803, 1279931.702199450228363 ], [ 242548.456016440410167, 1279962.413018168183044 ], [ 242518.070520291104913, 1279962.664252383634448 ], [ 242518.324461481388425, 1279993.374966611620039 ], [ 242457.969784705404891, 1279993.874092653393745 ], [ 242458.223792480770499, 1280024.58492935821414 ], [ 242367.067635055602295, 1280025.339019754203036 ], [ 242367.322611550276633, 1280056.1553347078152 ], [ 242306.967780199542176, 1280056.654779555741698 ], [ 242307.2219479601481, 1280087.365424333838746 ], [ 242246.451318844046909, 1280087.868440144462511 ], [ 242246.705554527085042, 1280118.579318116186187 ], [ 242155.549331278249156, 1280119.334084538510069 ], [ 242155.803662176709622, 1280150.044869471574202 ], [ 242095.450024268997367, 1280150.650330397067592 ], [ 242095.95882441822323, 1280212.072035026736557 ], [ 242065.573484387452481, 1280212.323759440798312 ], [ 242065.82704840763472, 1280242.928991330321878 ], [ 242005.056411280296743, 1280243.432540696347132 ], [ 242005.312664929457242, 1280274.354388506850228 ], [ 241944.958335656381678, 1280274.854617716977373 ], [ 241944.702021927543683, 1280243.932758490089327 ], [ 241883.931339790666243, 1280244.43654481577687 ], [ 241883.42298315410153, 1280183.120331117184833 ], [ 241822.569894656393444, 1280173.703905405243859 ], [ 241822.14195598551305, 1280122.096946228062734 ], [ 241792.172747364791576, 1280122.345468392362818 ], [ 241791.663385220745113, 1280060.92376348352991 ], [ 241821.632653092034161, 1280060.675252586835995 ], [ 241821.122498067823472, 1279999.147878537187353 ], [ 241851.508093673939584, 1279998.895956780994311 ], [ 241851.253493383090245, 1279968.185117380227894 ], [ 241881.639113372628344, 1279967.93323105131276 ], [ 241881.384548226109473, 1279937.222287174547091 ], [ 241911.77019259906956, 1279936.970436271978542 ], [ 241911.514789473905694, 1279906.154037666972727 ], [ 241941.900458314834395, 1279905.902222209144384 ], [ 241941.645967142074369, 1279875.191512048477307 ], [ 241972.031660384614952, 1279874.939732013968751 ], [ 241971.777203435340198, 1279844.228806727565825 ], [ 242059.994298522098688, 1279840.331867795437574 ], [ 242062.263703637872823, 1279812.766312760766596 ], [ 242092.224418667261489, 1279811.462726991390809 ], [ 242092.394235901389038, 1279781.698300198884681 ], [ 242183.135208866908215, 1279780.946991158183664 ], [ 242182.880979395646136, 1279750.236107122618705 ], [ 242274.038267828611424, 1279749.481635338626802 ], [ 242273.819940969726304, 1279723.097867119591683 ], [ 242288.768889532744652, 1279718.646996023366228 ], [ 242364.525187740713591, 1279718.020246401429176 ], [ 242364.345353305689059, 1279696.279970885487273 ], [ 242364.270277712639654, 1279687.203936827834696 ], [ 242394.656072553800186, 1279686.952605798374861 ], [ 242394.402070940850535, 1279656.241763058584183 ], [ 242512.585546279675327, 1279651.676084232283756 ], [ 242515.274944062373834, 1279624.529493021545932 ], [ 242543.560412731661927, 1279621.973732116399333 ], [ 242545.152227298822254, 1279562.751456099795178 ], [ 242575.538108597393148, 1279562.500325721222907 ], [ 242575.284310798335355, 1279531.789519062731415 ], [ 242605.670216485275887, 1279531.538424085825682 ], [ 242605.416456548962742, 1279500.827844904968515 ], [ 242661.267402413883246, 1279509.337354049319401 ], [ 242665.518335641885642, 1279469.618294940795749 ], [ 242729.258107386966003, 1279475.635462834965438 ], [ 242725.782104571408127, 1279407.58954263292253 ], [ 242756.168102359079057, 1279407.338618564419448 ], [ 242755.914514345553471, 1279376.627848400501534 ], [ 242816.270273411646485, 1279376.129537248285487 ], [ 242813.878070925362408, 1279338.470818563830107 ], [ 242843.449960144760553, 1279340.442970258882269 ], [ 242907.17398688866524, 1279344.560935761313885 ], [ 242906.557404299092013, 1279320.291354694403708 ], [ 242967.636942309763981, 1279306.594663388095796 ], [ 242967.439304111409001, 1279282.638148013502359 ], [ 243021.135224077152088, 1279282.195213908562437 ], [ 243027.541871344379615, 1279251.429787111701444 ], [ 242997.155773866543313, 1279251.680416220333427 ], [ 242996.901585334097035, 1279220.864233639324084 ], [ 242875.773300257424125, 1279221.863588941516355 ], [ 242870.881874399230583, 1279133.565263161435723 ], [ 242874.758737869095057, 1279098.91526405676268 ], [ 242906.827337129012449, 1279100.761563102947548 ], [ 242904.891631637437968, 1279067.954029451590031 ], [ 242938.642690092587145, 1279071.897273468086496 ], [ 242935.024583998078015, 1279036.992615078575909 ], [ 242965.410902956384234, 1279036.741966829169542 ], [ 242965.156728742760606, 1279005.926003384171054 ], [ 242995.126788053748896, 1279005.678823658963665 ], [ 242994.873517476342386, 1278974.968105190899223 ], [ 243025.259885382693028, 1278974.717527315486223 ], [ 243025.006651729083387, 1278944.006925693247467 ], [ 243055.393044019379886, 1278943.75638319645077 ], [ 243055.139845462806989, 1278913.045677074464038 ], [ 243085.526262118131854, 1278912.795169955352321 ], [ 243085.272230223403312, 1278881.979009871836752 ], [ 243115.658671384910122, 1278881.728538147872314 ], [ 243115.405546688329196, 1278851.018065697047859 ], [ 243145.37572643099702, 1278850.771060053491965 ], [ 243145.122635504550999, 1278820.060372388223186 ], [ 243205.895609892293578, 1278819.559599312255159 ], [ 243205.642585887369933, 1278788.849034134764224 ], [ 243236.029094628582243, 1278788.598697812762111 ], [ 243235.775236963527277, 1278757.782568139256909 ], [ 243336.09225126268575, 1278756.956346195656806 ], [ 243387.291560608573491, 1278756.534787582233548 ], [ 243387.396802928065881, 1278718.749924370553344 ], [ 243447.811792160879122, 1278725.323881975142285 ], [ 243447.559026695002103, 1278694.613474289886653 ], [ 243507.915842150920071, 1278694.116765083279461 ], [ 243507.6622726850037, 1278663.30068798456341 ], [ 243538.048845643497771, 1278663.050670475699008 ], [ 243537.543521162995603, 1278601.629559464054182 ], [ 243567.930148510029539, 1278601.37958299019374 ], [ 243567.677524798520608, 1278570.668978572590277 ], [ 243506.904204488033429, 1278571.16894985595718 ], [ 243506.650659082573839, 1278540.352874714648351 ], [ 243446.293545257562073, 1278540.849527471698821 ], [ 243446.547150456841337, 1278571.665613926248625 ], [ 243416.160470741247991, 1278571.915703054750338 ], [ 243415.906835438887356, 1278541.099610903766006 ], [ 243355.133398910431424, 1278541.599866818170995 ], [ 243355.387094419362256, 1278572.415970364352688 ], [ 243325.000397830270231, 1278572.666148545453325 ], [ 243324.93262178770965, 1278564.434517045272514 ], [ 243324.746672218374442, 1278541.850039300275967 ], [ 243203.615999034635024, 1278542.847596946405247 ], [ 243203.869844647444552, 1278573.663728914456442 ], [ 243057.3476044346462, 1278574.871053952723742 ], [ 242961.608470193983521, 1278575.660304753808305 ], [ 242961.861692281352589, 1278606.371022475417703 ], [ 242598.053028127382277, 1278609.372929460601881 ], [ 242597.799446844495833, 1278578.662143596680835 ], [ 242294.7634075738315, 1278581.165779277449474 ], [ 242295.017288052360527, 1278611.876621974166483 ], [ 242234.243774412519997, 1278612.379089851398021 ], [ 242234.497719998907996, 1278643.089833786012605 ], [ 242113.36659979695105, 1278644.091708244755864 ], [ 242113.620671920391032, 1278674.802586080972105 ], [ 241962.10359520354541, 1278676.161943335318938 ], [ 241962.357822980120545, 1278706.872850120533258 ], [ 241931.970988015440525, 1278707.124412999721244 ], [ 241932.225249990064185, 1278737.835104653378949 ], [ 241841.064801226923009, 1278738.589988553198054 ], [ 241841.319161077699391, 1278769.300919154426083 ], [ 241780.961850812542252, 1278769.80088622844778 ], [ 241781.217149998003151, 1278800.617289612768218 ], [ 241750.830371321528219, 1278800.869047375395894 ], [ 241751.084831944084726, 1278831.5798853575252 ], [ 241690.311317667627009, 1278832.083501383895054 ], [ 241690.565845253615407, 1278862.794461917830631 ], [ 241660.179109629068989, 1278863.046320183668286 ], [ 241660.433671421429608, 1278893.757065609795973 ], [ 241630.46324939315673, 1278894.005508212605491 ], [ 241630.718722952122334, 1278924.82194216363132 ], [ 241569.945343819010304, 1278925.325829249573871 ], [ 241570.200009151885752, 1278956.036814051214606 ], [ 241539.8133411280578, 1278956.288807852193713 ], [ 241540.068041589023778, 1278986.999688184587285 ], [ 241509.681397899315925, 1278987.251717398641631 ], [ 241509.936135325318901, 1279017.962714609690011 ], [ 241479.965803978702752, 1279018.211325824959204 ], [ 241479.805162526085041, 1279049.031022491399199 ], [ 241419.448254836490378, 1279049.531798009527847 ], [ 241419.703093984455336, 1279080.242813277291134 ], [ 241389.316517873056, 1279080.494978048140183 ], [ 241389.571391236473573, 1279111.205778194591403 ], [ 241359.184839495515916, 1279111.457978384569287 ], [ 241359.440626121941023, 1279142.274467328563333 ], [ 241299.083852659357945, 1279142.7755121239461 ], [ 241299.3388305126864, 1279173.486662318231538 ], [ 241238.565807775768917, 1279173.991292705293745 ], [ 241238.820848946226761, 1279204.702122850809246 ], [ 241178.048081835295307, 1279205.206881672609597 ], [ 241178.303190920269117, 1279235.917945065768436 ], [ 241117.946310705388896, 1279236.419378932565451 ], [ 241118.202361736388411, 1279267.235915631288663 ], [ 241087.816127696074545, 1279267.488409152952954 ], [ 241088.071336695109494, 1279298.199269313598052 ], [ 241057.684908746479778, 1279298.451800078852102 ], [ 241057.940156569995452, 1279329.162998438812792 ], [ 240997.167343705135863, 1279329.668160534696653 ], [ 240997.42265485599637, 1279360.379038855666295 ], [ 240967.45255471082055, 1279360.628209011163563 ], [ 240967.708780233515427, 1279391.444776309654117 ], [ 240937.322419848263962, 1279391.697442689910531 ], [ 240937.577804588130675, 1279422.408554697409272 ], [ 240907.191468577570049, 1279422.661256513325498 ], [ 240907.446887548750965, 1279453.372153415577486 ], [ 240786.317890789941885, 1279454.379816813161597 ], [ 240786.829868425964378, 1279515.907672737026587 ], [ 240695.671028945653234, 1279516.666363334516063 ], [ 240696.182330648065545, 1279578.088461969513446 ], [ 240665.796099519211566, 1279578.341429723892361 ], [ 240666.05266845022561, 1279609.158057919237763 ], [ 240636.082744110724889, 1279609.407594867516309 ], [ 240636.338468841509894, 1279640.118546148762107 ], [ 240605.952286591840675, 1279640.371584409615025 ], [ 240606.463817043317249, 1279701.793831878341734 ], [ 240576.077689190133242, 1279702.046911327866837 ], [ 240576.334372432495002, 1279732.86355867004022 ], [ 240545.948269013868412, 1279733.116673590382561 ], [ 240546.204108080302831, 1279763.827644008677453 ], [ 240485.848224929708522, 1279764.330505771329626 ], [ 240486.104131548549049, 1279795.041709426091984 ], [ 240425.332005224539898, 1279795.548169404035434 ], [ 240425.588856983842561, 1279826.364846935728565 ], [ 240334.430715301568853, 1279827.12477704253979 ], [ 240334.686783299490344, 1279857.835899712983519 ], [ 240274.331000445847167, 1279858.339208069723099 ], [ 240274.587135084875626, 1279889.050453312229365 ], [ 240213.815109742281493, 1279889.55736298346892 ], [ 240214.071308667509584, 1279920.268398880958557 ], [ 240123.329597661388107, 1279921.025529535952955 ], [ 240123.586774320778204, 1279951.84226649440825 ], [ 240062.814812599186553, 1279952.349495546193793 ], [ 240063.071175289340317, 1279983.060782407876104 ], [ 239972.329559259844245, 1279983.818389967316762 ], [ 239972.586016792774899, 1280014.529583816416562 ], [ 239911.814118459034944, 1280015.037132237572223 ], [ 239912.070643062150339, 1280045.748448753962293 ], [ 239851.299000260478351, 1280046.256125735118985 ], [ 239851.556472151860362, 1280077.072916539851576 ], [ 239730.429080820264062, 1280078.085174245294183 ], [ 239730.685795560246333, 1280108.796304866904393 ], [ 239609.558433438505745, 1280109.80905779870227 ], [ 239609.815275851666229, 1280140.520433170953766 ], [ 239518.657575958583038, 1280141.282937006559223 ], [ 239518.914513647119747, 1280171.99421951174736 ], [ 239458.559906707552727, 1280172.604805218987167 ], [ 239458.816910169640323, 1280203.316099659074098 ], [ 239398.045179469161667, 1280203.82472532754764 ], [ 239398.302250024600653, 1280234.536142419325188 ], [ 239337.53044745742227, 1280235.044899425236508 ], [ 239337.786699315765873, 1280265.650644582463428 ], [ 239307.817260181996971, 1280265.901586251799017 ], [ 239308.076198880065931, 1280296.823946872260422 ], [ 239277.690398152684793, 1280297.078410375630483 ], [ 239277.947605822904734, 1280327.78974125534296 ], [ 239247.561720330733806, 1280328.04424116644077 ], [ 239247.818965060898336, 1280358.755688974866644 ], [ 239217.433213006675942, 1280359.010223467135802 ], [ 239217.69137738092104, 1280389.827140254201367 ], [ 239187.305649767775321, 1280390.081710262456909 ], [ 239187.562964934622869, 1280420.792949229944497 ], [ 239157.593646220164374, 1280421.044065598165616 ], [ 239157.851882723713061, 1280451.860994860064238 ], [ 239097.080410390655743, 1280452.370306737720966 ], [ 239097.336944433860481, 1280482.976211776724085 ], [ 239066.951284199836664, 1280483.230917603941634 ], [ 239067.208739274617983, 1280513.942402382846922 ], [ 239036.823103377624648, 1280514.197143712313846 ], [ 239037.081478826701641, 1280545.014097600476816 ], [ 239006.695867369155167, 1280545.268874453613535 ], [ 239006.953392895171419, 1280575.980150424176827 ], [ 238946.59848688938655, 1280576.486313407076523 ], [ 238946.856080055440543, 1280607.197822639485821 ], [ 238825.730045919539407, 1280608.214016621932387 ], [ 238825.472332962206565, 1280577.502484362339601 ], [ 238764.701084755710326, 1280578.012493957998231 ], [ 238763.670056309085339, 1280455.166655458975583 ], [ 238733.284303423948586, 1280455.421681735431775 ], [ 238733.025645642104791, 1280424.604671497829258 ], [ 238702.640075116651133, 1280424.859719871077687 ], [ 238702.382280445715878, 1280394.148388734087348 ], [ 238671.996455925225746, 1280394.40346288587898 ], [ 238671.479935760842636, 1280332.874884720891714 ], [ 238641.510105094610481, 1280333.126483957050368 ], [ 238641.252268143522087, 1280302.415032114833593 ], [ 238550.094690866448218, 1280303.180466956691816 ], [ 238549.834997578174807, 1280272.257961265277117 ], [ 238367.935350027837558, 1280273.786103860475123 ], [ 238367.678142564720474, 1280243.180174928624183 ], [ 238155.808318988070823, 1280244.961396355880424 ], [ 238155.550019990827423, 1280214.249742944957688 ], [ 238125.163912244111998, 1280214.505315769929439 ], [ 238124.6463863941608, 1280152.976646007737145 ], [ 238038.045312148140511, 1280151.172088920604438 ], [ 238031.573416709026787, 1280124.101361078443006 ], [ 237912.100812142278301, 1280124.051204362185672 ], [ 237912.023171901644673, 1280065.368571233237162 ], [ 237882.071810489695054, 1280067.837022022111341 ], [ 237880.679542252008105, 1280001.355054168496281 ], [ 237759.550313557265326, 1280002.374923883704469 ], [ 237759.291673855506815, 1279971.663199116708711 ], [ 237638.162234176648781, 1279972.683517962926999 ], [ 237637.902592317957897, 1279941.866306839277968 ], [ 237546.743147946312092, 1279942.634469833923504 ], [ 237546.484312536427751, 1279911.922926811501384 ], [ 237516.097789547115099, 1279912.179034772794694 ], [ 237515.838928364915773, 1279881.467265098588541 ], [ 237394.709164449304808, 1279882.48845869419165 ], [ 237394.190332668425981, 1279820.9595212766435 ], [ 237333.417043208493851, 1279821.472028378630057 ], [ 237332.639106361661106, 1279729.231378259370103 ], [ 237272.281903268827591, 1279729.740457732696086 ], [ 237272.022839476878289, 1279699.028644637204707 ], [ 237241.63605448306771, 1279699.284978514537215 ], [ 237241.3769677291275, 1279668.573270765366033 ], [ 237120.245941016939469, 1279669.595366699621081 ], [ 237119.726656438666396, 1279608.066442212788388 ], [ 237058.952842894184869, 1279608.579401060007513 ], [ 237058.43435286154272, 1279547.155919315060601 ], [ 236997.660396196471993, 1279547.668973734835163 ], [ 236997.401098466827534, 1279516.957000620895997 ], [ 236937.043352214735933, 1279517.466646754881367 ], [ 236936.78311132354429, 1279486.64930905145593 ], [ 236876.008988415298518, 1279487.16257701581344 ], [ 236875.749586100049783, 1279456.450913646258414 ], [ 236815.39167476631701, 1279456.96077185170725 ], [ 236815.13221708603669, 1279426.248876070370898 ], [ 236723.970775028399657, 1279427.019142924109474 ], [ 236723.710342167236377, 1279396.201765873003751 ], [ 236662.935958407004364, 1279396.715413956204429 ], [ 236662.676364789018407, 1279366.00371135212481 ], [ 236602.318194344639778, 1279366.51394705590792 ], [ 236602.058544433617499, 1279335.801901365164667 ], [ 236389.763816458405927, 1279337.597414551535621 ], [ 236390.02367612591479, 1279368.309500975301489 ], [ 236329.2491057162988, 1279368.823789327638224 ], [ 236329.509028779808432, 1279399.535555906360969 ], [ 236269.150792222877499, 1279400.046450656838715 ], [ 236269.411675771698356, 1279430.863915223162621 ], [ 236239.02443061908707, 1279431.121174658183008 ], [ 236239.284457558766007, 1279461.833180963527411 ], [ 236208.897454872436356, 1279462.090474095894024 ], [ 236209.157516124250833, 1279492.802265389589593 ], [ 236148.799194734892808, 1279493.313432038063183 ], [ 236149.060216955200303, 1279524.130921422736719 ], [ 236118.673038939421531, 1279524.38831681990996 ], [ 236118.933205018402077, 1279555.100458494154736 ], [ 236088.546269499289338, 1279555.357887592399493 ], [ 236088.806468957220204, 1279586.069703605491668 ], [ 236028.032204172573984, 1279586.584666311973706 ], [ 236028.29247172822943, 1279617.296715791802853 ], [ 235997.905360688513611, 1279617.554247554158792 ], [ 235998.16655832977267, 1279648.371768173063174 ], [ 235968.195766031974927, 1279648.625806710682809 ], [ 235968.456103713077027, 1279679.33764745364897 ], [ 235938.069041358307004, 1279679.59524993901141 ], [ 235938.329416175314691, 1279710.307207658188418 ], [ 235907.942378072591964, 1279710.564845700515434 ], [ 235908.017547087918501, 1279719.430090979905799 ], [ 235908.202790027193259, 1279741.276920421980321 ], [ 235877.815776192815974, 1279741.534594022436067 ], [ 235878.077118734479882, 1279772.352139947703108 ], [ 235847.690129237540532, 1279772.609849128406495 ], [ 235848.211102287168615, 1279834.033803004072979 ], [ 235818.24045939539792, 1279834.288022280670702 ], [ 235818.501880390802398, 1279865.105581306386739 ], [ 235788.11496961559169, 1279865.363367068581283 ], [ 235788.636099982482847, 1279926.787457736674696 ], [ 235758.249243497266434, 1279927.045284909429029 ], [ 235758.509846565197222, 1279957.757170821074396 ], [ 235728.123014352226164, 1279958.0150335598737 ], [ 235728.384550556482282, 1279988.832612094469368 ], [ 235697.997742681589443, 1279989.090510421665385 ], [ 235698.519102689577267, 1280050.514640027424321 ], [ 235668.132349108927883, 1280050.772579771233723 ], [ 235668.393068881821819, 1280081.48470648447983 ], [ 235638.422629053704441, 1280081.739147411193699 ], [ 235638.684280071407557, 1280112.55674542998895 ], [ 235608.297575182456058, 1280112.814755930565298 ], [ 235608.81916310347151, 1280174.238813654053956 ], [ 235578.432512512488756, 1280174.496865578228608 ], [ 235578.69334577821428, 1280205.20890102814883 ], [ 235548.307616197853349, 1280205.572564308764413 ], [ 235548.568485704308841, 1280236.284606092609465 ], [ 235488.211563788412604, 1280236.797345193801448 ], [ 235488.472500089614186, 1280267.509509722236544 ], [ 235458.085916682612151, 1280267.767697718227282 ], [ 235458.345991139591206, 1280298.374182076426223 ], [ 235397.572866789647378, 1280298.890658917371184 ], [ 235398.096742449270096, 1280360.525845318567008 ], [ 235367.326244419964496, 1280364.587194609455764 ], [ 235367.971313111775089, 1280391.496329970192164 ], [ 235337.584826824255288, 1280391.754660316510126 ], [ 235337.846840961952694, 1280422.57232181658037 ], [ 235277.490197181876283, 1280423.08554330538027 ], [ 235275.921436242992058, 1280238.601704793749377 ], [ 235245.444134349061642, 1280228.200460750842467 ], [ 235244.750394767324906, 1280146.618108945898712 ], [ 235214.363644788332749, 1280146.876510902307928 ], [ 235213.840392900863662, 1280085.346836905227974 ], [ 235153.483045941276941, 1280085.860165629535913 ], [ 235153.745178043318447, 1280116.677857398521155 ], [ 235062.584768666536547, 1280117.453401163918898 ], [ 235063.107435667945538, 1280178.877669209381565 ], [ 235032.720681023725774, 1280179.136254970449954 ], [ 235033.244331390422303, 1280240.666112820152193 ], [ 235002.857849374471698, 1280240.924738195026293 ], [ 235003.119265584042296, 1280271.636996284825727 ], [ 234973.148660111241043, 1280271.892117158509791 ], [ 234973.933929828112014, 1280364.134045215789229 ], [ 234943.547338345437311, 1280364.392754971049726 ], [ 234944.071243898419198, 1280425.922764351591468 ], [ 234913.684925068577286, 1280426.181513727409765 ], [ 234914.208913784765173, 1280487.711315431632102 ], [ 234823.465734608995263, 1280488.48423637682572 ], [ 234823.726480436627753, 1280519.090957071166486 ], [ 234793.340010371757671, 1280519.349844424752519 ], [ 234793.601691863092128, 1280550.062147763790563 ], [ 234763.215246064355597, 1280550.321070718346164 ], [ 234763.739584615279455, 1280611.850934908958152 ], [ 234733.353193202347029, 1280612.109899355098605 ], [ 234733.614953404176049, 1280642.822215856751427 ], [ 234703.228586239449214, 1280643.081215907121077 ], [ 234703.491281707771122, 1280673.899004486156628 ], [ 234673.521223097806796, 1280674.154491247842088 ], [ 234673.366770676337183, 1280704.870258707785979 ], [ 234643.396735982503742, 1280705.125780588947237 ], [ 234643.920477424748242, 1280766.550230720546097 ], [ 234613.534213246020954, 1280766.809343076543882 ], [ 234613.797023673949298, 1280797.627151179360226 ], [ 234583.410783847910352, 1280797.886299166362733 ], [ 234583.672731144062709, 1280828.598647829610854 ], [ 234553.286515585670713, 1280828.857831428293139 ], [ 234553.810487949405797, 1280890.282431302126497 ], [ 234523.42432668316178, 1280890.541656387038529 ], [ 234523.68725250143325, 1280921.359484099550173 ], [ 234493.717396965599619, 1280921.615192822413519 ], [ 234494.241525046818424, 1280983.03970825811848 ], [ 234463.855442526633851, 1280983.29901006189175 ], [ 234464.380556575662922, 1281044.829115700209513 ], [ 234433.994528475159314, 1281045.088459017919376 ], [ 234434.256673423282336, 1281075.800619507208467 ], [ 234373.484659931855276, 1281076.319407129427418 ], [ 234374.272216652752832, 1281168.561835353262722 ], [ 234344.30256996123353, 1281168.817736758617684 ], [ 234344.148554293788038, 1281199.533803469268605 ], [ 234314.178931523521896, 1281199.789740012260154 ], [ 234314.441227362724021, 1281230.501926327589899 ], [ 234253.669468373933341, 1281231.021009926917031 ], [ 234253.932733412308153, 1281261.838895841035992 ], [ 234223.546875384927262, 1281262.098488164367154 ], [ 234223.809275755425915, 1281292.810914417495951 ], [ 234193.423441962455399, 1281293.070542371133342 ], [ 234193.685876719187945, 1281323.782753647305071 ], [ 234163.716344076499809, 1281324.038859714753926 ], [ 234163.979717929381877, 1281354.856764697935432 ], [ 234133.593932825664524, 1281355.116463528480381 ], [ 234133.856442588556092, 1281385.829019466880709 ], [ 234103.470681738457642, 1281386.088753931457177 ], [ 234103.73322494502645, 1281416.800984195666388 ], [ 234073.347488347499166, 1281417.060754295904189 ], [ 234073.610069729795214, 1281447.77321228175424 ], [ 234043.224357386527117, 1281448.033018018817529 ], [ 234043.487876889819745, 1281478.850948562845588 ], [ 234013.518464130233042, 1281479.107230005087331 ], [ 234013.781115799909458, 1281509.819479307858273 ], [ 233983.3954521464766, 1281510.079355935566127 ], [ 233983.658142943226267, 1281540.791943590389565 ], [ 233953.272503569431137, 1281541.051855858648196 ], [ 233953.535227815445978, 1281571.764117893064395 ], [ 233923.149612670647912, 1281572.024065803736448 ], [ 233923.413277433777694, 1281602.842021793825552 ], [ 233832.672761652444024, 1281603.618499074596912 ], [ 233832.935618246265221, 1281634.330785538768396 ], [ 233802.550040161411744, 1281634.590863867430016 ], [ 233802.812934944347944, 1281665.303378033917397 ], [ 233772.427381093846634, 1281665.563492010813206 ], [ 233772.691215085797012, 1281696.381478934083134 ], [ 233742.305685591767542, 1281696.64162858016789 ], [ 233742.568652042711619, 1281727.354044809704646 ], [ 233712.183365035045426, 1281727.614228237653151 ], [ 233712.446368732897099, 1281758.326761516975239 ], [ 233560.935178230807651, 1281759.624597088200971 ], [ 233561.198336249275599, 1281790.336938872234896 ], [ 233500.843642929336056, 1281790.854151444276795 ], [ 233501.107772745483089, 1281821.672193349339068 ], [ 233470.722311372053809, 1281821.93263362464495 ], [ 233470.985573591955472, 1281852.64521533343941 ], [ 233440.600136487861164, 1281852.90569126768969 ], [ 233440.86343406769447, 1281883.618168673943728 ], [ 233410.478021195391193, 1281883.878680269233882 ], [ 233413.106645467109047, 1281947.713417918886989 ], [ 233320.265779494307935, 1281946.187514621531591 ], [ 233320.001443954766728, 1281915.369435360888019 ], [ 232592.415179293660913, 1281921.618597256718203 ], [ 232592.680237732944079, 1281952.43681845581159 ], [ 232501.939945762394927, 1281953.21739072422497 ], [ 232502.204191310913302, 1281983.929941524751484 ], [ 232441.433397295128088, 1281984.452868680702522 ], [ 232441.697711171640549, 1282015.165653156815097 ], [ 232350.957293492625467, 1282015.946705902926624 ], [ 232351.221702519920655, 1282046.659397857030854 ], [ 232260.066286633606069, 1282047.54989403556101 ], [ 232260.330792202090379, 1282078.262604235904291 ], [ 232169.590777163975872, 1282079.044221767457202 ], [ 232169.855379798216745, 1282109.757060817908496 ], [ 232109.084370784228668, 1282110.280691490508616 ], [ 232109.349037948879413, 1282140.99332153564319 ], [ 232018.609115340164863, 1282141.775417754659429 ], [ 232018.874789743800648, 1282172.593754900386557 ], [ 231958.103842820099089, 1282173.117706218035892 ], [ 231958.368674478726462, 1282203.830588097916916 ], [ 231867.212464035896119, 1282204.616754743969068 ], [ 231867.477391281398013, 1282235.329544251551852 ], [ 231807.122886350436602, 1282235.850224484456703 ], [ 231807.387880589114502, 1282266.563136896351352 ], [ 231777.002513903717045, 1282266.825322994031012 ], [ 231777.268452713440638, 1282297.643488250207156 ], [ 231746.883110356575344, 1282297.905710075749084 ], [ 231747.148177335679065, 1282328.618635334307328 ], [ 231716.76285920443479, 1282328.880892869085073 ], [ 231717.027961589512415, 1282359.593713860260323 ], [ 231687.058937517460436, 1282359.852413562359288 ], [ 231687.324076808523387, 1282390.565351566998288 ], [ 231656.939717807981651, 1282390.933147957315668 ], [ 231657.204893484944478, 1282421.646092378767207 ], [ 231626.819648214732297, 1282421.908456661039963 ], [ 231627.084858346031979, 1282452.621186136268079 ], [ 231596.699637319543399, 1282452.883586133131757 ], [ 231596.964885729539674, 1282483.596543386112899 ], [ 231536.194486218097154, 1282484.121444591321051 ], [ 231536.460712196130771, 1282514.939882128499448 ], [ 231476.106617923651356, 1282515.461317568318918 ], [ 231476.37199792813044, 1282546.174188773380592 ], [ 231355.247591177932918, 1282547.221034236485139 ], [ 231355.513098406139761, 1282577.934040284715593 ], [ 231325.12794514244888, 1282578.196731263771653 ], [ 231324.862407811859157, 1282547.48371927277185 ], [ 231294.477218565996736, 1282547.74643408996053 ], [ 231294.742785998969339, 1282578.459452024195343 ], [ 231233.972668319707736, 1282578.984981001820415 ], [ 231233.70704068231862, 1282548.271951178554446 ], [ 231173.352671513217501, 1282548.793990214122459 ], [ 231173.086991318501532, 1282518.08105974085629 ], [ 231061.979442141193431, 1282522.20876306318678 ], [ 231051.279471556306817, 1282488.314133275765926 ], [ 231021.310439081571531, 1282488.573500970611349 ], [ 231021.044620417640544, 1282457.860431115841493 ], [ 231051.013682580611203, 1282457.601069289026782 ], [ 231050.747901801252738, 1282426.888227143790573 ], [ 231081.133258510031737, 1282426.625298304948956 ], [ 231080.866599636501633, 1282395.806772996904328 ], [ 231141.63735585246468, 1282395.281016590306535 ], [ 231141.371676035632845, 1282364.56797188683413 ], [ 231232.109761452069506, 1282363.572241842746735 ], [ 231231.846002794045489, 1282333.07026230613701 ], [ 231262.65111827471992, 1282333.226136727724224 ], [ 231261.965649167483207, 1282302.094511426519603 ], [ 231293.192863143514842, 1282302.880182336317375 ], [ 231291.819159928010777, 1282240.300540948286653 ], [ 231140.308110184385441, 1282241.610661725979298 ], [ 231140.573764864355326, 1282272.323704493464902 ], [ 231110.188269206963014, 1282272.586543996818364 ], [ 231110.454870737623423, 1282303.404840068891644 ], [ 231049.683922191092279, 1282303.930620338302106 ], [ 231049.949679740879219, 1282334.643681929213926 ], [ 231019.980498731078114, 1282334.903020263416693 ], [ 231020.246291289222427, 1282365.615977519890293 ], [ 230928.67188950633863, 1282366.197662111837417 ], [ 230716.808011455403175, 1282368.243471579859033 ], [ 230717.074111825379077, 1282398.956599448574707 ], [ 230626.334908156946767, 1282399.848387605510652 ], [ 230626.601104723173194, 1282430.561533745843917 ], [ 230565.830209131003357, 1282431.088312107836828 ], [ 230566.096470269141719, 1282461.801249282434583 ], [ 230505.741883016657084, 1282462.324549021199346 ], [ 230506.008212155720685, 1282493.037719877203926 ], [ 230414.851970018120483, 1282493.828323982656002 ], [ 230415.119310669309925, 1282524.64698188775219 ], [ 230354.764784786500968, 1282525.170600304380059 ], [ 230355.031275674002245, 1282555.88369117048569 ], [ 230233.489731225883588, 1282556.938531320774928 ], [ 230232.95559845934622, 1282495.406722852960229 ], [ 230202.570137276605237, 1282495.670495389029384 ], [ 230191.481294274446554, 1282465.051216261228547 ], [ 230182.054780467471574, 1282434.101074921200052 ], [ 230201.5027425235603, 1282372.712329117348418 ], [ 230231.888324210420251, 1282372.448580472962931 ], [ 230231.35518264118582, 1282311.022246553795412 ], [ 230200.969540758407675, 1282311.285983262350783 ], [ 230200.168871388188563, 1282219.041165260132402 ], [ 230170.199409130495042, 1282219.301300338236615 ], [ 230169.398706489009783, 1282127.056358298286796 ], [ 230139.01287210022565, 1282127.320118295261636 ], [ 230138.479651688889135, 1282065.893756383564323 ], [ 230108.092834628303535, 1282066.051954667782411 ], [ 230107.559579287248198, 1282004.625582731561735 ], [ 230077.173612633952871, 1282004.889378369553015 ], [ 230076.639407650451176, 1281943.357638208195567 ], [ 230046.253593019384425, 1281943.621449757367373 ], [ 230045.986926773446612, 1281912.90819818014279 ], [ 229955.244764850765932, 1281913.69618558883667 ], [ 229954.978016018518247, 1281882.983027334790677 ], [ 229894.205995168536901, 1281883.51089552952908 ], [ 229893.939191507117357, 1281852.797615121817216 ], [ 229803.196980096457992, 1281853.586008202284575 ], [ 229802.929176418983843, 1281822.767241371097043 ], [ 229772.542970066366252, 1281823.031297985464334 ], [ 229772.276061034412123, 1281792.318216073326766 ], [ 229741.889818681695033, 1281792.582296475069597 ], [ 229741.622883951407857, 1281761.86898769880645 ], [ 229711.236605616228189, 1281762.133091886993498 ], [ 229710.969648074882571, 1281731.419888291042298 ], [ 229680.999617510824464, 1281731.680397585732862 ], [ 229680.464743318269029, 1281670.148289538919926 ], [ 229650.078362877422478, 1281670.412434886675328 ], [ 229649.811365503526758, 1281639.699331503361464 ], [ 229619.424949043779634, 1281639.96350063290447 ], [ 229619.157009034941439, 1281609.144701266195625 ], [ 229588.770556472591124, 1281609.408894155407324 ], [ 229588.503511585644446, 1281578.695779765490443 ], [ 229558.11702302377671, 1281578.959996433928609 ], [ 229557.582889148150571, 1281517.533425125293434 ], [ 229527.196334506617859, 1281517.797659587813541 ], [ 229526.661247630079743, 1281456.265498320339248 ], [ 229496.690914838865865, 1281456.52613017288968 ], [ 229496.231976809387561, 1281403.754214050015435 ], [ 229495.888702466385439, 1281364.280719445319846 ], [ 229465.501985469891224, 1281364.544983054511249 ], [ 229464.967761437699664, 1281303.118493356974795 ], [ 229434.580978369340301, 1281303.382774751400575 ], [ 229434.045802160922904, 1281241.850805741269141 ], [ 229403.658952919533476, 1281242.115104897413403 ], [ 229403.391800967161544, 1281211.401628412539139 ], [ 229343.034316284698434, 1281211.926682254765183 ], [ 229344.196863798424602, 1281345.54537266283296 ], [ 229344.371347917476669, 1281365.59871288575232 ], [ 229313.984601388103329, 1281365.863124868599698 ], [ 229314.252791634586174, 1281396.681980297900736 ], [ 229253.479341179598123, 1281397.21090555167757 ], [ 229253.746681066695601, 1281427.924414779758081 ], [ 229223.359977017738856, 1281428.188928032526746 ], [ 229223.627350415219553, 1281458.902111680712551 ], [ 229193.240670518134721, 1281459.166660681832582 ], [ 229193.508082245243713, 1281489.880072162719443 ], [ 229102.764385895628948, 1281490.670289941364899 ], [ 229103.032812402991112, 1281521.489189302781597 ], [ 228921.129152574401814, 1281523.074085236294195 ], [ 228920.860545382718556, 1281492.255149863660336 ], [ 228890.473836423712783, 1281492.5200016326271 ], [ 228890.206124731339514, 1281461.806530371541157 ], [ 228862.7277773405076, 1281461.412633169209585 ], [ 228853.020784018037375, 1281398.482688883552328 ], [ 228829.313395733595826, 1281400.905827625188977 ], [ 228828.776979690534063, 1281339.373616290744394 ], [ 224944.396082463441417, 1289986.000965133076534 ], [ 266845.547446944518015, 1321570.35464237164706 ], [ 278353.303458778478671, 1329563.197424965910614 ] ] ] ] } }
]
}
