{
"type": "FeatureCollection",
"name": "burundi_level_0_pcs",
"crs": { "type": "name", "properties": { "name": "urn:ogc:def:crs:EPSG::32735" } },
"features": [
{ "type": "Feature", "properties": { "iso2": "BI", "iso3": "BDI", "adm0_name": "Burundi", "adm0_name1": null, "adm0_name2": null, "adm0_name3": null, "adm0_pcode": "BDI", "valid_on": "2017-11-03T00:00:00", "valid_to": null, "version": "v01", "area_sqkm": 25099.340026990001, "lang": "fr", "lang1": null, "lang2": null, "lang3": null, "adm0_ref_name": "Burundi", "center_lat": -3.3894565, "center_lon": 30.0104656 }, "geometry": { "type": "Polygon", "coordinates": [ [ [ 879535.726012141210958, 9744150.489317059516907 ], [ 879312.628249829169363, 9744291.208484692499042 ], [ 879168.126776059856638, 9744322.227262958884239 ], [ 879067.157134562847205, 9744252.378112457692623 ], [ 878803.863364187884144, 9744073.407833019271493 ], [ 878681.168253355310299, 9744047.348814470693469 ], [ 878413.977386155747809, 9744100.585495810955763 ], [ 878225.424838301958516, 9744061.618133068084717 ], [ 878071.985444462159649, 9743987.576568407937884 ], [ 877905.407088732812554, 9743961.622364735230803 ], [ 877703.912018786068074, 9744005.952890157699585 ], [ 877537.386731575708836, 9744001.92224402539432 ], [ 877269.964368809363805, 9743910.658302716910839 ], [ 877133.681854178197682, 9743744.450878981500864 ], [ 877032.568271607393399, 9743613.260000059381127 ], [ 876826.287339448463172, 9743425.407488053664565 ], [ 876804.177770382724702, 9743355.370475834235549 ], [ 876773.055482055875473, 9743149.60432231798768 ], [ 876588.850816041231155, 9743110.626866091042757 ], [ 876452.366088341921568, 9742813.100100159645081 ], [ 876290.051420459523797, 9742752.146762426942587 ], [ 876180.345684214611538, 9742660.396321047097445 ], [ 876017.874283077544533, 9742533.783078471198678 ], [ 875973.903060254640877, 9742450.622690256685019 ], [ 876004.269541115383618, 9742341.042124111205339 ], [ 875955.902169788838364, 9742236.079397028312087 ], [ 875937.999472140450962, 9742109.009235344827175 ], [ 875924.646665743784979, 9742021.457259010523558 ], [ 875828.262842579046264, 9742004.19395324960351 ], [ 875753.635544955963269, 9741956.207444535568357 ], [ 875731.178693652153015, 9741741.564610254019499 ], [ 875783.517437575152144, 9741645.107664478942752 ], [ 875787.762028749100864, 9741557.513550749048591 ], [ 875743.679160852450877, 9741474.353932542726398 ], [ 875738.966613641707227, 9741321.010435437783599 ], [ 875695.005709358258173, 9741242.279660530388355 ], [ 875681.494371960754506, 9741089.06814600341022 ], [ 875620.06223444826901, 9741062.863395392894745 ], [ 875584.883622041903436, 9741023.529856177046895 ], [ 875558.450999917928129, 9740962.251661216840148 ], [ 875580.09698313951958, 9740839.626571394503117 ], [ 875540.542926154332235, 9740787.127339545637369 ], [ 875457.296460881247185, 9740813.569779772311449 ], [ 875382.759875988122076, 9740756.836573401466012 ], [ 875332.353750438545831, 9740637.928500005975366 ], [ 875248.508764768950641, 9740554.533120922744274 ], [ 875171.907516729552299, 9740334.2643420714885 ], [ 875163.985434376634657, 9740189.787405636161566 ], [ 875300.204520355560817, 9739961.475760957226157 ], [ 875166.112978669814765, 9739272.868999700993299 ], [ 875161.15027443645522, 9739247.192827297374606 ], [ 875146.264817884191871, 9739171.271565698087215 ], [ 874127.099600721267052, 9738998.903619728982449 ], [ 873693.376411318196915, 9738893.546108650043607 ], [ 871905.679165782639757, 9738456.959962753579021 ], [ 870422.295107634621672, 9738118.509962890297174 ], [ 868786.865042538382113, 9737757.500292057171464 ], [ 867204.644461929565296, 9737373.660165313631296 ], [ 866588.450080424663611, 9737230.75591541826725 ], [ 865622.742506738868542, 9737111.379516690969467 ], [ 864634.230429214425385, 9737045.306887993589044 ], [ 864003.322726489626803, 9737077.249312851577997 ], [ 862939.416357376030646, 9737239.41372693143785 ], [ 862658.135971011361107, 9737247.60594030469656 ], [ 862141.217548681655899, 9737256.463518932461739 ], [ 861860.100369588471949, 9737333.184232916682959 ], [ 861594.400426265317947, 9737478.176662519574165 ], [ 861557.14178331696894, 9737593.071755290031433 ], [ 861532.328414466697723, 9737743.918686823919415 ], [ 861507.523056644829921, 9737850.813189152628183 ], [ 861426.138480470981449, 9738001.903312504291534 ], [ 861370.303420005133376, 9738316.232096152380109 ], [ 861225.896481441450305, 9738423.516789842396975 ], [ 861119.351683927117847, 9738530.601865760982037 ], [ 860950.011520015075803, 9738738.358554780483246 ], [ 860793.10224502987694, 9738833.050072452053428 ], [ 860560.529492364265025, 9738858.723609358072281 ], [ 860309.532471985556185, 9739054.157985294237733 ], [ 860083.570859502302483, 9739192.960209582000971 ], [ 859864.00566564197652, 9739400.829432088881731 ], [ 859638.422409011167474, 9739703.035795163363218 ], [ 859519.277663295157254, 9739803.83578291721642 ], [ 859293.072692174348049, 9739886.062647216022015 ], [ 859098.32448714482598, 9739943.085253454744816 ], [ 858916.029341137269512, 9739943.506568517535925 ], [ 858746.173071669880301, 9739881.127273267135024 ], [ 858626.655803874251433, 9739868.78257205337286 ], [ 858569.824213576735929, 9739755.769987123087049 ], [ 858462.769913066877052, 9739642.873533427715302 ], [ 858223.383701127720997, 9739417.250165602192283 ], [ 858103.44622438820079, 9739222.681562399491668 ], [ 858134.631039104424417, 9739128.286402970552444 ], [ 858002.032382957171649, 9738852.045197959989309 ], [ 857995.583279309794307, 9738808.109170125797391 ], [ 858041.997924684779719, 9738462.261452654376626 ], [ 857968.624264614889398, 9738034.989192064851522 ], [ 857867.675306455232203, 9737865.619491502642632 ], [ 857552.872935720719397, 9737627.554635819047689 ], [ 857615.312839992111549, 9737470.315901353955269 ], [ 857602.218150237342343, 9737250.370870565995574 ], [ 857564.023954847361892, 9737011.55336089245975 ], [ 857500.712848225957714, 9736841.986533403396606 ], [ 857481.557214914122596, 9736697.558221327140927 ], [ 857441.17321293707937, 9736522.84567166864872 ], [ 857412.783147304086015, 9736286.552071407437325 ], [ 857241.900106568005867, 9736211.559236761182547 ], [ 857156.440105782588944, 9736189.949318148195744 ], [ 856977.488977084169164, 9736093.055394943803549 ], [ 856909.827373999869451, 9736063.43308499827981 ], [ 856844.174936848692596, 9735988.084265885874629 ], [ 856683.10626633791253, 9735919.046888014301658 ], [ 856593.661465481505729, 9735859.695405282080173 ], [ 856518.103117919294164, 9735833.966297443956137 ], [ 856349.184496567118913, 9735788.749110823497176 ], [ 856180.372661185218021, 9735741.428210994228721 ], [ 856075.092887978069484, 9735719.864432364702225 ], [ 855985.643961780238897, 9735706.234564851969481 ], [ 855842.726541176438332, 9735732.361785657703876 ], [ 855766.854651321307756, 9735571.683212727308273 ], [ 855726.79215590422973, 9735391.105090318247676 ], [ 855686.442327488446608, 9735135.137309959158301 ], [ 855705.920349785825238, 9734988.185666160658002 ], [ 855784.948565736645833, 9734783.527991827577353 ], [ 855818.275172937079333, 9734606.653249375522137 ], [ 855796.204235859913751, 9734501.534514943137765 ], [ 855742.179591078776866, 9734350.769166564568877 ], [ 855674.314603397273459, 9734186.087439019232988 ], [ 855609.858828567434102, 9733813.050256349146366 ], [ 855545.802033190149814, 9733563.00619332678616 ], [ 855545.443395490758121, 9733410.122900625690818 ], [ 855533.221454015467316, 9733279.187122225761414 ], [ 855485.166827259585261, 9733110.474299507215619 ], [ 855399.406341031659395, 9732959.784451272338629 ], [ 855198.173694630619138, 9732666.445896314457059 ], [ 854803.806537098251283, 9732161.009244259446859 ], [ 854690.245671645738184, 9732025.884671466425061 ], [ 854482.807616623817012, 9731744.740707542747259 ], [ 854400.59480211045593, 9731634.45133506692946 ], [ 854285.85814541624859, 9731378.109132735058665 ], [ 854157.207218803698197, 9731218.112693933770061 ], [ 853928.702238616067916, 9731068.868706207722425 ], [ 853650.40479063661769, 9731005.42685179412365 ], [ 853493.669573648367077, 9731023.619148481637239 ], [ 853215.928928648354486, 9731149.035123523324728 ], [ 852856.184112061979249, 9731299.550631146878004 ], [ 852549.796683123102412, 9731364.366238066926599 ], [ 852225.519414960406721, 9731397.229839647188783 ], [ 852004.371845129993744, 9731344.278592798858881 ], [ 851704.545382321346551, 9731166.750519566237926 ], [ 851418.922588864108548, 9730967.934859188273549 ], [ 851044.171718952711672, 9730794.125251008197665 ], [ 850730.513807205250487, 9730794.85876108892262 ], [ 850377.535704558948055, 9730788.598611986264586 ], [ 850202.848185077076778, 9730746.165445987135172 ], [ 849967.362437406671233, 9730654.059060493484139 ], [ 849728.173120686784387, 9730501.408528840169311 ], [ 849417.567046087933704, 9730281.176753658801317 ], [ 849167.889982624095865, 9730214.011146292090416 ], [ 848807.667577363667078, 9730154.298492712900043 ], [ 848340.785761631675996, 9730144.647971311584115 ], [ 847995.05821073660627, 9730188.181649157777429 ], [ 847628.164775242796168, 9730274.603464528918266 ], [ 847254.2247197504621, 9730442.956279765814543 ], [ 846848.478519419906661, 9730675.58494777418673 ], [ 846093.953779719071463, 9731172.694127636030316 ], [ 845730.808700344408862, 9731387.394800756126642 ], [ 845538.489935832680203, 9731469.751741457730532 ], [ 845317.545742688351311, 9731498.818593494594097 ], [ 845160.818968899082392, 9731516.44676423445344 ], [ 844993.294966317596845, 9731535.206436762586236 ], [ 844895.947235879488289, 9731567.863314785063267 ], [ 844822.296826475765556, 9731592.606426021084189 ], [ 844548.163412543013692, 9731732.156365163624287 ], [ 844373.795674788299948, 9731825.317432044073939 ], [ 844010.943439749418758, 9732168.302835972979665 ], [ 843449.040212673600763, 9732718.403419254347682 ], [ 842741.275813982239924, 9733414.941739663481712 ], [ 842410.544892464065924, 9733736.366587368771434 ], [ 841809.295719396090135, 9734272.255337532609701 ], [ 841353.846552168135531, 9734586.979390492662787 ], [ 841104.696678443462588, 9734747.819427438080311 ], [ 840802.240486877504736, 9735019.468892702832818 ], [ 840567.588031500694342, 9735290.854350153356791 ], [ 840471.773385224165395, 9735462.085706269368529 ], [ 840291.108726157224737, 9735979.193043505772948 ], [ 840071.613264216808602, 9736660.31743286550045 ], [ 839922.692494217422791, 9736984.970481552183628 ], [ 839695.386549212504178, 9737359.606340147554874 ], [ 839311.704752884572372, 9737962.716767933219671 ], [ 838682.640736616449431, 9738826.590801982209086 ], [ 838423.026312645990402, 9739094.362353021278977 ], [ 837957.053891182877123, 9739494.523206479847431 ], [ 837138.404426490888, 9740070.110924759879708 ], [ 836572.294961398467422, 9740349.273824870586395 ], [ 835998.936868927208707, 9740571.444004338234663 ], [ 835635.44684938644059, 9740636.426132392138243 ], [ 835286.197132988949306, 9740644.262361939996481 ], [ 834737.145636175409891, 9740570.620020935311913 ], [ 834188.097113791620359, 9740496.976416287943721 ], [ 833949.289270307053812, 9740501.030894 ], [ 833461.124284465913661, 9740573.358255669474602 ], [ 832916.246816048398614, 9740781.281839234754443 ], [ 832318.121509938966483, 9741131.764593124389648 ], [ 831969.402840416645631, 9741385.417634511366487 ], [ 831645.380762633867562, 9741525.123527631163597 ], [ 830954.307353141484782, 9741726.148506931960583 ], [ 830338.102887029061094, 9741898.454318584874272 ], [ 829504.647841388243251, 9742210.22831062041223 ], [ 829070.365010208915919, 9742435.711518196389079 ], [ 828935.90466733998619, 9742343.907652447000146 ], [ 828821.620096212136559, 9742263.682952500879765 ], [ 828741.035353535437025, 9742220.24407116509974 ], [ 828710.695486211683601, 9742139.843327535316348 ], [ 828690.297887512017041, 9742022.454615205526352 ], [ 828703.522695532534271, 9741905.105998363345861 ], [ 828716.579517801525071, 9741760.862450631335378 ], [ 828712.950343845644966, 9741623.294761259108782 ], [ 828759.734939709072933, 9741529.339645037427545 ], [ 828749.559748761588708, 9741455.537426695227623 ], [ 828651.966609359369613, 9741318.278198266401887 ], [ 828648.153533207252622, 9741093.605801587924361 ], [ 828684.784966337494552, 9740989.489381091669202 ], [ 828761.675944131566212, 9740865.254878904670477 ], [ 828778.338463425869122, 9740794.827166005969048 ], [ 828794.753015487920493, 9740606.96831339597702 ], [ 828851.492234270437621, 9740482.665300929918885 ], [ 828877.940261809621006, 9740301.536555053666234 ], [ 828843.999239572905935, 9740150.751206865534186 ], [ 828813.509124675416388, 9739999.847946750000119 ], [ 828763.102381911594421, 9739959.667064962908626 ], [ 828565.048095852835104, 9739856.157678769901395 ], [ 828517.910686357645318, 9739782.544602513313293 ], [ 828507.573683883529156, 9739685.278841581195593 ], [ 828467.220144458813593, 9739608.220404492691159 ], [ 828389.691939848009497, 9739430.632795056328177 ], [ 828339.26414006203413, 9739380.380331391468644 ], [ 828255.269372873473912, 9739303.414524780586362 ], [ 828130.873966939398088, 9739179.606233961880207 ], [ 828003.167260684305802, 9739069.197324397042394 ], [ 827865.42221918515861, 9739002.417470499873161 ], [ 827841.811002845643088, 9738945.4676433224231 ], [ 827838.336026177741587, 9738881.723718935623765 ], [ 827811.271352304611355, 9738771.212463349103928 ], [ 827697.156800297438167, 9738717.774960979819298 ], [ 827626.514898970723152, 9738637.350292095914483 ], [ 827629.662777801975608, 9738546.808084217831492 ], [ 827582.582594611099921, 9738499.979991972446442 ], [ 827485.307403167244047, 9738459.899118650704622 ], [ 827424.756584881455638, 9738413.099637119099498 ], [ 827407.943498199339956, 9738359.456004349514842 ], [ 827431.12332180980593, 9738265.551078239455819 ], [ 827367.109140494838357, 9738108.080131065100431 ], [ 827363.626907482394017, 9738041.016105683520436 ], [ 827423.638948717387393, 9737886.602199338376522 ], [ 827376.466183908749372, 9737796.167072040960193 ], [ 827329.36193174845539, 9737685.588296243920922 ], [ 827359.303440699819475, 9737578.166097424924374 ], [ 827415.803593639517203, 9737343.295830523595214 ], [ 827476.007585208397359, 9737279.527191983535886 ], [ 827633.46866531309206, 9737195.296886315569282 ], [ 827817.706631635082886, 9737033.976256091147661 ], [ 827840.845834393054247, 9736869.568026181310415 ], [ 828122.121305306209251, 9736637.535934183746576 ], [ 828135.12173227337189, 9736469.828486260026693 ], [ 828185.140008255606517, 9736328.826163815334439 ], [ 828312.351185538573191, 9736207.801909117028117 ], [ 828332.386580931488425, 9736154.189917935058475 ], [ 828305.132068557897583, 9735956.352915853261948 ], [ 828422.024433254729956, 9735748.134459402412176 ], [ 828582.696902196388692, 9735553.324288684874773 ], [ 828575.544843296986073, 9735385.548735681921244 ], [ 828605.50811053335201, 9735237.947697410359979 ], [ 828615.195084827952087, 9735083.638797972351313 ], [ 828584.512140620150603, 9734845.632130388170481 ], [ 828610.980034422129393, 9734677.894705601036549 ], [ 828711.148364100139588, 9734459.638487424701452 ], [ 828797.78763768740464, 9734214.626488098874688 ], [ 828961.534204839495942, 9733899.054284358397126 ], [ 829105.243680407758802, 9733687.453581443056464 ], [ 829155.060706190997735, 9733455.912345660850406 ], [ 829208.348340558935888, 9733284.794983830302954 ], [ 829204.82613712141756, 9733200.906712789088488 ], [ 829227.965852586552501, 9733039.92669933848083 ], [ 829391.669334017555229, 9732757.777002546936274 ], [ 829364.664390112622641, 9732677.370918609201908 ], [ 829320.814297045115381, 9732529.929053323343396 ], [ 829276.567295109038241, 9732251.663527242839336 ], [ 829326.5859915826004, 9732113.97813330963254 ], [ 829309.658589506987482, 9732060.33494015224278 ], [ 829319.532826109440066, 9731942.991753006353974 ], [ 829393.077478006249294, 9731822.078194536268711 ], [ 829329.141418192302808, 9731755.14546767808497 ], [ 829278.536270997021347, 9731624.431517271324992 ], [ 829325.185222613858059, 9731473.471535401418805 ], [ 829338.486599467229098, 9731396.297896100208163 ], [ 829304.55782525241375, 9731255.475590782240033 ], [ 829351.220752514898777, 9731111.156237965449691 ], [ 829401.068699944065884, 9730896.436741886660457 ], [ 829404.261208338430151, 9730829.35713117197156 ], [ 829404.010639091720805, 9730715.245708860456944 ], [ 829450.694838860887103, 9730580.997906556352973 ], [ 829470.682528034085408, 9730507.2404790725559 ], [ 829440.211124273831956, 9730369.731101889163256 ], [ 829476.897294118301943, 9730295.936906110495329 ], [ 829523.499472285853699, 9730124.721564713865519 ], [ 829560.2517288508825, 9730081.032313767820597 ], [ 829664.176822796696797, 9730057.338985092937946 ], [ 829704.335691517801024, 9729993.498151300475001 ], [ 829643.865036264527589, 9729933.310230683535337 ], [ 829633.579361812444404, 9729862.939730966463685 ], [ 829666.917775885318406, 9729785.721483016386628 ], [ 829723.893682520603761, 9729725.163883870467544 ], [ 829794.154480764409527, 9729681.51110983081162 ], [ 829851.167452586465515, 9729637.7768240198493 ], [ 829881.136071906425059, 9729547.062649251893163 ], [ 829914.326159703428857, 9729402.882211463525891 ], [ 829977.951567898970097, 9729328.917059302330017 ], [ 830007.972004999872297, 9729261.777716718614101 ], [ 829967.442817081115209, 9729157.937533985823393 ], [ 829883.467608877224848, 9729091.050445066764951 ], [ 829812.851326156873256, 9729024.133839638903737 ], [ 829772.322046795161441, 9728869.933885192498565 ], [ 829788.879402504302561, 9728806.144831212237477 ], [ 829849.134818562073633, 9728718.794519554823637 ], [ 829905.89469772670418, 9728611.418519452214241 ], [ 829976.161376272328198, 9728520.614649532362819 ], [ 830073.331969189224765, 9728513.758197506889701 ], [ 830066.481376624200493, 9728436.628389101475477 ], [ 830099.676904637133703, 9728295.657118109986186 ], [ 830096.13611645414494, 9728205.127486053854227 ], [ 830059.109378859167919, 9728124.744281988590956 ], [ 830045.467859343858436, 9728047.629591347649693 ], [ 830092.103163983440027, 9727893.235881740227342 ], [ 830172.246396515052766, 9727738.767458863556385 ], [ 830309.505379890324548, 9727587.491998206824064 ], [ 830171.671388236572966, 9727480.54853393137455 ], [ 830131.289565758313984, 9727393.421409169211984 ], [ 830060.344041984062642, 9727178.968017401173711 ], [ 830059.939938903786242, 9726997.783267891034484 ], [ 830002.688586231088266, 9726883.909072762355208 ], [ 829982.37451902590692, 9726810.12987400777638 ], [ 829928.328126827022061, 9726635.927282139658928 ], [ 829891.151059903320856, 9726488.472023092210293 ], [ 829954.452064782730304, 9726320.537529204040766 ], [ 829970.894262396031991, 9726156.249485448002815 ], [ 830091.334000434027985, 9726051.939296517521143 ], [ 830111.273013558471575, 9725958.036665899679065 ], [ 830084.151438034372404, 9725827.271805526688695 ], [ 829979.82410587684717, 9725669.895131396129727 ], [ 830006.419510504696518, 9725565.905591383576393 ], [ 830006.418517726822756, 9725565.462867625057697 ], [ 830006.133524305419996, 9725438.401144916191697 ], [ 829995.798708254937083, 9725297.637471659108996 ], [ 829962.029236621106975, 9725230.640297969803214 ], [ 829945.120136683573946, 9725136.70970469340682 ], [ 829995.248938114149496, 9725052.811237454414368 ], [ 829988.179577785078436, 9724928.75316608697176 ], [ 829907.46094970474951, 9724824.89402456395328 ], [ 829816.88950730371289, 9724794.881578920409083 ], [ 829729.554160130675882, 9724768.292969280853868 ], [ 829695.745277966605499, 9724634.223282411694527 ], [ 829628.468472490785643, 9724567.30170988664031 ], [ 829551.248320450773463, 9724533.938907852396369 ], [ 829467.394322474719957, 9724520.73496413230896 ], [ 829323.38581712602172, 9724588.131149699911475 ], [ 829219.241467788582668, 9724561.469562582671642 ], [ 829074.894498627982102, 9724478.008321350440383 ], [ 828964.086450706003234, 9724458.113177288323641 ], [ 828880.285592185100541, 9724468.373160986229777 ], [ 828809.940899632871151, 9724522.21099072881043 ], [ 828719.445803340873681, 9724525.73433780297637 ], [ 828648.732609417755157, 9724415.212581256404519 ], [ 828551.251928301295266, 9724331.646243613213301 ], [ 828396.873715454596095, 9724291.704828511923552 ], [ 828346.294377061887644, 9724174.386709041893482 ], [ 828265.600602511083707, 9724080.711043355986476 ], [ 828191.503090055892244, 9723950.053577529266477 ], [ 828130.830154385184869, 9723799.333055948838592 ], [ 828053.581182039459236, 9723752.467487417161465 ], [ 827895.954980942886323, 9723752.821104884147644 ], [ 827724.761775157880038, 9723709.597253929823637 ], [ 827614.074592219432816, 9723693.13279128447175 ], [ 827483.238825760548934, 9723676.602742878720164 ], [ 827426.101723900996149, 9723613.090213429182768 ], [ 827295.034668059786782, 9723542.881267769262195 ], [ 827207.730797280790284, 9723479.436410618945956 ], [ 827230.87291585537605, 9723325.097989030182362 ], [ 827234.001734900055453, 9723231.12447115406394 ], [ 827109.643020050600171, 9723124.155418857932091 ], [ 827059.064530534786172, 9723006.838539322838187 ], [ 827026.631669497815892, 9722790.755477169528604 ], [ 826941.031207621912472, 9722642.970064897090197 ], [ 826868.970380198210478, 9722526.476473325863481 ], [ 826850.463530944893137, 9722315.675093431025743 ], [ 826805.220146409003064, 9722145.331609822809696 ], [ 826697.315696128411219, 9722028.918964447453618 ], [ 826683.70540342410095, 9721966.194820852950215 ], [ 826750.737980187637731, 9721876.283678388223052 ], [ 826777.252245470997877, 9721687.848942508921027 ], [ 826682.594734441256151, 9721472.792250050231814 ], [ 826556.414666815893725, 9721248.73123668320477 ], [ 826484.455039386288263, 9721177.173809785395861 ], [ 826327.370007205288857, 9721168.562864879146218 ], [ 826268.909831606200896, 9721110.367149943485856 ], [ 826255.228551842505112, 9721016.210827153176069 ], [ 826393.683360047405586, 9720710.869244694709778 ], [ 826420.114954485557973, 9720535.827101819217205 ], [ 826410.551003570668399, 9720244.321930259466171 ], [ 826333.824594139121473, 9720083.015777729451656 ], [ 826302.109408174874261, 9719939.537807289510965 ], [ 826274.938105797162279, 9719836.447171086445451 ], [ 826292.63583254837431, 9719688.430284142494202 ], [ 826292.442794148810208, 9719603.208463132381439 ], [ 826103.126344965654425, 9719271.713633144274354 ], [ 826013.174446291755885, 9719168.765601711347699 ], [ 825923.080109298112802, 9719002.95291667804122 ], [ 825806.262123049004003, 9718931.49854807369411 ], [ 825729.718735727597959, 9718850.877321934327483 ], [ 825707.162020035670139, 9718770.244392218068242 ], [ 825688.956492077559233, 9718694.028725359588861 ], [ 825684.290305789094418, 9718599.85256215184927 ], [ 825719.897819643258117, 9718447.257791433483362 ], [ 825746.306091090897098, 9718263.251330668106675 ], [ 825539.638946831575595, 9718133.674643406644464 ], [ 825382.303344206651673, 9718012.840210722759366 ], [ 825310.212184875155799, 9717882.958027664572001 ], [ 825287.319549612468109, 9717703.601998891681433 ], [ 825219.547127404832281, 9717466.021170990541577 ], [ 825165.550426114816219, 9717412.354855438694358 ], [ 825035.265101394383237, 9717340.821751672774553 ], [ 824985.720952917938121, 9717287.145370073616505 ], [ 824967.585697723552585, 9717193.000402469187975 ], [ 824926.996243716916069, 9717112.298497263342142 ], [ 824792.228515921742655, 9717027.383914060890675 ], [ 824774.022756579564884, 9716951.168928924947977 ], [ 824773.685834088828415, 9716803.194614557549357 ], [ 824773.317966937087476, 9716641.717779740691185 ], [ 824799.968542480026372, 9716516.03867606818676 ], [ 824880.738372824620456, 9716497.924816461279988 ], [ 824943.312193059828132, 9716408.022955855354667 ], [ 824929.495648022159003, 9716255.541441781446338 ], [ 824888.914835589355789, 9716130.015614002943039 ], [ 824861.793725273571908, 9716049.393985031172633 ], [ 824955.664132755948231, 9715919.133912313729525 ], [ 825139.288891688454896, 9715757.235876057296991 ], [ 825134.641469854163006, 9715672.024996854364872 ], [ 825201.664904589764774, 9715532.750121634453535 ], [ 825179.005777055164799, 9715456.545341847464442 ], [ 825210.158517347415909, 9715353.322657784447074 ], [ 825268.052408405463211, 9715164.816972317174077 ], [ 825402.262539690826088, 9714958.20606954395771 ], [ 825348.244707154808566, 9714895.465308329090476 ], [ 825303.243166844826192, 9714832.81454711407423 ], [ 825280.532024958869442, 9714734.142439778894186 ], [ 825307.31404324399773, 9714666.789001388475299 ], [ 825473.242109778220765, 9714603.653318207710981 ], [ 825580.691645913408138, 9714522.611399678513408 ], [ 825665.499628653051332, 9714325.077686892822385 ], [ 825755.24302382778842, 9714289.011282140389085 ], [ 825777.347133144154213, 9714172.305839398875833 ], [ 825821.894044959335588, 9714037.618749443441629 ], [ 825893.519858942367136, 9713916.371745547279716 ], [ 825870.786910131573677, 9713808.734549626708031 ], [ 825861.387698747450486, 9713642.849969137459993 ], [ 825968.64655553153716, 9713431.760357551276684 ], [ 825963.872610105667263, 9713292.759738646447659 ], [ 825986.037753287819214, 9713202.94850630313158 ], [ 825981.325829828158021, 9713090.842505613341928 ], [ 825877.7695226065116, 9712929.603091632947326 ], [ 825868.52487427694723, 9712830.899732759222388 ], [ 825868.327364956494421, 9712745.678131053224206 ], [ 825939.70463532814756, 9712566.103520588949323 ], [ 825948.189585904940031, 9712337.312251605093479 ], [ 825921.044818793656304, 9712247.615371122956276 ], [ 825938.840333910658956, 9712193.7844995316118 ], [ 825911.706041406607255, 9712108.625429145991802 ], [ 825857.614623403875157, 9712014.564114252105355 ], [ 825835.064724745228887, 9711938.359382260590792 ], [ 825830.365568446344696, 9711880.043008083477616 ], [ 825901.772581996861845, 9711713.97060021944344 ], [ 825888.21748848608695, 9711628.780047159641981 ], [ 825901.240133392158896, 9711485.200309652835131 ], [ 825802.35101553471759, 9711368.77594943344593 ], [ 825784.131237347843125, 9711288.023471143096685 ], [ 825833.415596409933642, 9711229.692047784104943 ], [ 825869.057343765394762, 9711144.27623999491334 ], [ 825873.390999196562916, 9711045.652010248973966 ], [ 825859.49392932606861, 9710861.737537214532495 ], [ 825823.134034739341587, 9710686.95113167911768 ], [ 825822.725461586611345, 9710511.970170916989446 ], [ 825791.075376073014922, 9710399.927305582910776 ], [ 825786.392723153112456, 9710301.324174696579576 ], [ 825835.470251836930402, 9710202.484676947817206 ], [ 825866.512261120602489, 9710054.435542622581124 ], [ 825825.793512645410374, 9709919.946343194693327 ], [ 825789.732792254071683, 9709825.843775315210223 ], [ 825816.532060225959867, 9709767.453726904466748 ], [ 825892.649799604201689, 9709713.375243276357651 ], [ 825834.126309751765803, 9709628.290250018239021 ], [ 825780.034047919558361, 9709534.230012161657214 ], [ 825757.388648838270456, 9709417.739182760939002 ], [ 825739.157243265886791, 9709332.449220860376954 ], [ 825770.288366642547771, 9709175.434858726337552 ], [ 825734.158093417761847, 9709099.262514589354396 ], [ 825671.235159038798884, 9709036.655781546607614 ], [ 825644.109914870234206, 9708955.924585117027164 ], [ 825634.873189710080624, 9708861.759403720498085 ], [ 825612.174649136723019, 9708722.801320098340511 ], [ 825611.784632861381397, 9708556.785469062626362 ], [ 825683.14318397839088, 9708372.671073224395514 ], [ 825821.781688247923739, 9708210.865675687789917 ], [ 825915.992723713512532, 9708183.749063145369291 ], [ 826086.468142173602246, 9708165.417582465335727 ], [ 826292.514098273823038, 9707985.522086614742875 ], [ 826363.987549812765792, 9707850.768335517495871 ], [ 826430.749010980362073, 9707653.270758347585797 ], [ 826421.622089647455141, 9707559.104847947135568 ], [ 826380.87943357846234, 9707415.651067288592458 ], [ 826376.257410262711346, 9707343.831617021933198 ], [ 826358.109728286042809, 9707294.622591201215982 ], [ 826294.612742749741301, 9706989.742882214486599 ], [ 826181.622339444118552, 9706653.548047197982669 ], [ 826069.110226311138831, 9706519.229789955541492 ], [ 825987.97509559057653, 9706380.410187238827348 ], [ 825965.156693491968326, 9706192.089968115091324 ], [ 825893.260164816863835, 9706147.325133731588721 ], [ 825713.410760055063292, 9706013.16709166020155 ], [ 825618.941000722697936, 9705883.344534762203693 ], [ 825645.477491832105443, 9705762.199947599321604 ], [ 825613.845649347174913, 9705659.123195631429553 ], [ 825586.718907630536705, 9705578.392723767086864 ], [ 825658.093062130967155, 9705403.352125957608223 ], [ 825765.683452943572775, 9705340.231349127367139 ], [ 825814.851325101219118, 9705281.787114802747965 ], [ 825792.074356272350997, 9705111.397047620266676 ], [ 825684.046732094371691, 9704990.572306260466576 ], [ 825625.479550601448864, 9704887.559814779087901 ], [ 825607.079564071726054, 9704685.727089926600456 ], [ 825570.777015942963772, 9704537.837199602276087 ], [ 825583.731133762863465, 9704322.42715435102582 ], [ 825561.10325610358268, 9704214.902196960523725 ], [ 825466.275485832127742, 9703981.819495297968388 ], [ 825400.943273631855845, 9703842.410716570913792 ], [ 825387.111940865870565, 9703689.929807517677546 ], [ 825328.608817355241627, 9703613.812552930787206 ], [ 825242.764161399449222, 9703367.317112509161234 ], [ 825197.546105176443234, 9703214.911441948264837 ], [ 825237.686141701065935, 9703151.950617158785462 ], [ 825134.265252747107297, 9703049.046391857787967 ], [ 825156.543856310541742, 9702963.771417090669274 ], [ 825102.55711720418185, 9702914.53836709074676 ], [ 825070.559148884261958, 9702658.949942022562027 ], [ 824998.374419016297907, 9702493.217268157750368 ], [ 824894.86403070751112, 9702399.278675001114607 ], [ 824701.436638382263482, 9702170.9720100145787 ], [ 824602.371688798768446, 9702027.66106254607439 ], [ 824529.885981041006744, 9701736.200758507475257 ], [ 824480.244179592235014, 9701642.133647210896015 ], [ 824470.921051946468651, 9701467.286406252533197 ], [ 824412.246394298621453, 9701319.452114541083574 ], [ 824443.438226212747395, 9701238.583100911229849 ], [ 824483.46214779803995, 9701081.547070065513253 ], [ 824456.161930465488695, 9700929.099798617884517 ], [ 824397.637714976677671, 9700844.01920261234045 ], [ 824244.737533788895234, 9700714.230690009891987 ], [ 824123.180364732514136, 9700566.548055062070489 ], [ 823974.800844484940171, 9700418.81939036026597 ], [ 823844.52377841132693, 9700347.414130808785558 ], [ 823794.871277495287359, 9700248.810113340616226 ], [ 823767.765381773235276, 9700177.156982267275453 ], [ 823718.094852170208469, 9700024.764416517689824 ], [ 823672.843588167801499, 9699858.858812898397446 ], [ 823627.840713055920787, 9699796.213644947856665 ], [ 823573.542252155253664, 9699616.938164142891765 ], [ 823497.110893925651908, 9699536.328538611531258 ], [ 823312.892770958133042, 9699433.621837839484215 ], [ 823231.909568947739899, 9699357.56100925244391 ], [ 823123.755954179447144, 9699182.953473228961229 ], [ 823011.485062010935508, 9699147.254072733223438 ], [ 822926.093885905575007, 9699089.244164898991585 ], [ 822764.153244126588106, 9698901.153405260294676 ], [ 822665.446885131299496, 9698905.928618088364601 ], [ 822633.900253374828026, 9698838.713885150849819 ], [ 822651.4513890738599, 9698686.160959737375379 ], [ 822597.337150812614709, 9698583.141809685155749 ], [ 822623.934972018236294, 9698443.958814475685358 ], [ 822552.010783706326038, 9698385.916869917884469 ], [ 822538.339012438897043, 9698300.729826174676418 ], [ 822461.681795773794875, 9698125.936987783759832 ], [ 822335.632401452632621, 9697960.2280995529145 ], [ 822165.07881547883153, 9697938.282857103273273 ], [ 822110.986453538644128, 9697844.228839108720422 ], [ 822012.054165761801414, 9697754.709958329796791 ], [ 821931.140609368449077, 9697660.720722852274776 ], [ 821953.21831867727451, 9697539.589276202023029 ], [ 821930.621556223719381, 9697445.459530068561435 ], [ 821836.357668742537498, 9697445.686873385682702 ], [ 821760.047273085452616, 9697414.439273200929165 ], [ 821692.542857505963184, 9697342.774219220504165 ], [ 821669.70518608414568, 9697194.857405036687851 ], [ 821597.781783615238965, 9697136.705420419573784 ], [ 821548.285284654470161, 9697056.143128283321857 ], [ 821530.104510672623292, 9696993.323906993493438 ], [ 821570.351636304752901, 9696930.474369887262583 ], [ 821709.129196830210276, 9696791.021385338157415 ], [ 821673.055344913969748, 9696692.497485408559442 ], [ 821627.551755661377683, 9696468.270153552293777 ], [ 821492.850019540055655, 9696405.843355819582939 ], [ 821393.831991301034577, 9696280.467298340052366 ], [ 821393.593572218320332, 9696181.857047451660037 ], [ 821451.768462572945282, 9696123.390957832336426 ], [ 821581.833858375670388, 9696109.573965892195702 ], [ 821671.568906309315935, 9696077.925181208178401 ], [ 821568.085400806623511, 9695992.95633009262383 ], [ 821536.506291415193118, 9695912.351097730919719 ], [ 821406.115355790825561, 9695791.589027194306254 ], [ 821302.328756066854112, 9695673.197489749640226 ], [ 821253.113697435241193, 9695616.983481347560883 ], [ 821208.492088654311374, 9695711.27525514177978 ], [ 821042.459338214015588, 9695716.214675761759281 ], [ 820849.356416398077272, 9695617.960617052391171 ], [ 820678.753365568234585, 9695573.550271961838007 ], [ 820508.042045515379868, 9695484.206623760983348 ], [ 820404.801848219474778, 9695453.13553044013679 ], [ 820301.645119966939092, 9695502.6344283092767 ], [ 820131.118986880406737, 9695489.654742635786533 ], [ 820028.393566166749224, 9695395.055819367989898 ], [ 820024.122905746335164, 9695285.61039356701076 ], [ 820096.58524784562178, 9695106.919493788853288 ], [ 820229.990467482479289, 9694956.523957742378116 ], [ 820079.791542507475242, 9694835.257385803386569 ], [ 820047.069840231910348, 9694742.039052594453096 ], [ 819977.849190468434244, 9694604.307815738022327 ], [ 819815.772321817232296, 9694633.142907219007611 ], [ 819714.281518791103736, 9694588.67649126239121 ], [ 819637.104375630966388, 9694520.024607500061393 ], [ 819555.828974351752549, 9694459.351109839975834 ], [ 819361.33862614701502, 9694475.979446519166231 ], [ 819061.43729031062685, 9694529.494489677250385 ], [ 818810.426323293708265, 9694643.649691829457879 ], [ 818640.060330349369906, 9694603.443722553551197 ], [ 818368.303504603449255, 9694559.497673580422997 ], [ 818181.762988907517865, 9694503.172280801460147 ], [ 818112.61959323566407, 9694442.580068008974195 ], [ 818023.08926825853996, 9694280.551278447732329 ], [ 817945.943091746070422, 9694223.962615221738815 ], [ 817755.364189787534997, 9694200.073680818080902 ], [ 817601.29294489370659, 9694224.791988473385572 ], [ 817487.948032460873947, 9694294.012544061988592 ], [ 817419.189240946201608, 9694346.857141787186265 ], [ 817333.910049573751166, 9694286.19307748042047 ], [ 817228.231177658541128, 9694164.819823106750846 ], [ 817150.783716930425726, 9693982.509983854368329 ], [ 817166.836222593788989, 9693901.349799074232578 ], [ 816976.108920527389273, 9693861.302836710587144 ], [ 816858.466073158197105, 9693808.79572719335556 ], [ 816675.964599171886221, 9693764.634001132100821 ], [ 816315.143950574332848, 9693749.231622070074081 ], [ 816250.265693741384894, 9693749.387256946414709 ], [ 815885.003031976055354, 9693551.611020162701607 ], [ 815868.891811969922855, 9693608.423122227191925 ], [ 815824.413200527895242, 9693669.397952312603593 ], [ 815686.654470943380147, 9693673.712052481248975 ], [ 815621.698923402233049, 9693641.441487850621343 ], [ 815560.380376855377108, 9693454.999906884506345 ], [ 815503.470917958766222, 9693390.28406217135489 ], [ 815357.356230388977565, 9693297.339981766417623 ], [ 815271.982518142554909, 9693196.171621041372418 ], [ 815241.113567316439003, 9693131.504193738102913 ], [ 815194.586658409330994, 9693034.11629056558013 ], [ 815064.802859666058794, 9693022.253643224015832 ], [ 814935.043045070720837, 9692973.87014745362103 ], [ 814922.384557395707816, 9692799.597193250432611 ], [ 814910.089670468820259, 9692730.680030636489391 ], [ 814844.989068874507211, 9692637.542328467592597 ], [ 814767.719888832420111, 9692528.16556746698916 ], [ 814803.909106454462744, 9692398.375165190547705 ], [ 814637.854167660232633, 9692435.293903803452849 ], [ 814548.772078165551648, 9692504.453803960233927 ], [ 814407.461673679528758, 9692744.057098504155874 ], [ 814282.174522295827046, 9692890.328132187947631 ], [ 814253.99173781555146, 9692971.515261504799128 ], [ 814059.487133969319984, 9693024.657866315916181 ], [ 814035.034198690787889, 9692943.596625555306673 ], [ 813747.22374910407234, 9692928.126151507720351 ], [ 813661.997255055466667, 9692887.714451186358929 ], [ 813435.371994755929336, 9693050.493415467441082 ], [ 813309.721933748573065, 9693091.407664174214005 ], [ 813224.573014905210584, 9693083.421038446947932 ], [ 813103.315746302483603, 9693193.270179664716125 ], [ 813014.165359240723774, 9693233.986403843387961 ], [ 812904.680681171827018, 9693193.742605973035097 ], [ 812860.760792879853398, 9693489.881130658090115 ], [ 812775.775912544922903, 9693550.949724221602082 ], [ 812796.384823188534938, 9693700.85444337874651 ], [ 812768.287383774761111, 9693818.559993034228683 ], [ 812707.807156988303177, 9693936.342245703563094 ], [ 812574.13456220831722, 9693973.179039843380451 ], [ 812626.923863479751162, 9694037.904679737985134 ], [ 812619.088436930673197, 9694159.545982385054231 ], [ 812570.650838094297796, 9694240.779355833306909 ], [ 812473.497099606320262, 9694285.607921054586768 ], [ 812485.84737780271098, 9694378.870658289641142 ], [ 812469.999531954992563, 9694500.641401439905167 ], [ 812413.342074615648016, 9694541.279295023530722 ], [ 812291.769758044276386, 9694565.913185633718967 ], [ 812194.65419459855184, 9694627.009067393839359 ], [ 812024.500130051979795, 9694672.009196745231748 ], [ 811846.107869202503935, 9694668.335346680134535 ], [ 811744.846246050437912, 9694717.267128650099039 ], [ 811684.211313733598217, 9694770.08701147697866 ], [ 811501.784910276532173, 9694754.359510036185384 ], [ 811412.576277632149868, 9694770.726748460903764 ], [ 811222.227050548186526, 9694840.119335936382413 ], [ 810845.334934266866185, 9694893.7926010414958 ], [ 810752.127047299989499, 9694865.570565545931458 ], [ 810585.570907927816734, 9694736.262240784242749 ], [ 810439.159919078694656, 9694513.505593167617917 ], [ 810354.126563671277836, 9694554.208600098267198 ], [ 810248.669267289573327, 9694522.031391993165016 ], [ 810187.558754200348631, 9694372.11355397850275 ], [ 810106.06528990669176, 9694214.16518047824502 ], [ 810000.360775136039592, 9694076.525426225736737 ], [ 809902.951276611303911, 9694011.90483719855547 ], [ 809813.734786404762417, 9694024.287413358688354 ], [ 809615.293798082042485, 9694105.869995439425111 ], [ 809428.817642754875124, 9694069.788147311657667 ], [ 809165.283502466510981, 9694058.232726776972413 ], [ 808897.649145312025212, 9694006.183562619611621 ], [ 808743.859412462566979, 9694099.722100600600243 ], [ 808468.557643433799967, 9694242.346651764586568 ], [ 808245.416330985492095, 9694182.003052325919271 ], [ 808062.853859685361385, 9694105.4078099578619 ], [ 807896.332133499439806, 9693988.161886814981699 ], [ 807823.237958468031138, 9693899.138336207717657 ], [ 807778.019704866223037, 9693643.723866455256939 ], [ 807712.909068694687448, 9693542.508990405127406 ], [ 807659.96307884901762, 9693408.841646008193493 ], [ 807643.470414009527303, 9693303.418800000101328 ], [ 807683.529252882581204, 9693112.764271983876824 ], [ 807756.099040505010635, 9692930.111888233572245 ], [ 807764.022676453460008, 9692844.883122129365802 ], [ 807747.54870894504711, 9692747.649255767464638 ], [ 807666.115489655407146, 9692613.938258837908506 ], [ 807532.220638334169053, 9692553.498135009780526 ], [ 807378.102250053780153, 9692505.167534565553069 ], [ 807341.49974115146324, 9692460.656316742300987 ], [ 807308.729382003075443, 9692294.407667741179466 ], [ 807300.321465066168457, 9692172.80955221876502 ], [ 807336.391770030255429, 9691990.242943126708269 ], [ 807307.826645218767226, 9691909.194478264078498 ], [ 807202.20276967342943, 9691803.981070172041655 ], [ 807141.050454070791602, 9691682.396122707054019 ], [ 807140.165384184801951, 9691305.261681891977787 ], [ 807164.077013379428536, 9691110.550808809697628 ], [ 807139.574736967915669, 9691053.838712023571134 ], [ 807102.524290823494084, 9690818.768814358860254 ], [ 807021.193258352577686, 9690681.075155174359679 ], [ 806866.829157728934661, 9690527.28610417060554 ], [ 806801.575623484095559, 9690365.209286598488688 ], [ 806671.584202840225771, 9690260.165082577615976 ], [ 806610.562457432737574, 9690146.769724087789655 ], [ 806622.500219617271796, 9690065.626597441732883 ], [ 806654.600031375652179, 9689899.226438974961638 ], [ 806557.132119920803234, 9689854.859313618391752 ], [ 806520.548982639797032, 9689818.427117010578513 ], [ 806422.418819692917168, 9689445.618060501292348 ], [ 806276.045115963090211, 9689235.042270086705685 ], [ 806141.96302647376433, 9689093.490463186055422 ], [ 806049.736938248854131, 9689053.869797088205814 ], [ 805963.41429801855702, 9689016.780415767803788 ], [ 805829.638442087685689, 9689004.922891903668642 ], [ 805780.937442933325656, 9689067.33976623788476 ], [ 805717.361246767104603, 9689191.983056912198663 ], [ 805644.567733233212493, 9689277.141928529366851 ], [ 805516.864854724844918, 9689292.602780869230628 ], [ 805462.384047777857631, 9689405.162186209112406 ], [ 805352.929531279834919, 9689420.579852486029267 ], [ 805197.839956672629341, 9689430.018212391063571 ], [ 805088.278866944368929, 9689399.954414997249842 ], [ 804935.877772477339022, 9689227.239283820614219 ], [ 804747.025922442087904, 9689121.337999049574137 ], [ 804588.726767721236683, 9689042.808752492070198 ], [ 804305.687905196566135, 9688961.473512666299939 ], [ 804126.371934754191898, 9688983.140413513407111 ], [ 804023.095571849378757, 9689022.887787096202374 ], [ 803919.657955467933789, 9689041.278116565197706 ], [ 803728.050676831975579, 9688993.147041872143745 ], [ 803569.781646560761146, 9688926.679092865437269 ], [ 803472.102129837381653, 9688790.243532441556454 ], [ 803374.628790401737206, 9688741.892194939777255 ], [ 803292.290575228165835, 9688599.445351013913751 ], [ 803203.941214892547578, 9688550.962083730846643 ], [ 803076.241456405026838, 9688566.531612519174814 ], [ 802987.892589307622984, 9688518.158956473693252 ], [ 802859.970460968790576, 9688390.868549393489957 ], [ 802780.490220662672073, 9688233.144579909741879 ], [ 802795.94674442964606, 9688324.180425802245736 ], [ 802780.852344748564065, 9688388.065682027488947 ], [ 802747.530984150012955, 9688460.956842502579093 ], [ 802644.277030117111281, 9688509.777057349681854 ], [ 802510.569095555110835, 9688525.249374622479081 ], [ 802413.111122163245454, 9688482.984024906530976 ], [ 802257.438110163901001, 9688240.452642787247896 ], [ 802199.761392506188713, 9688270.907552130520344 ], [ 802102.686332606826909, 9688392.63647298514843 ], [ 801975.122020408511162, 9688465.857375591993332 ], [ 801841.393594305031002, 9688472.255083709955215 ], [ 801747.108243309892714, 9688454.21612592227757 ], [ 801731.638475827639922, 9688357.094717614352703 ], [ 801670.634247634676285, 9688296.485754702240229 ], [ 801506.417519422015175, 9688254.375643324106932 ], [ 801378.53537708427757, 9688190.823994373902678 ], [ 801317.736465217312798, 9688218.297852247953415 ], [ 801253.834516212577, 9688203.28648298792541 ], [ 801122.772259274031967, 9688063.941992925480008 ], [ 801086.474774401518516, 9688149.011114526540041 ], [ 800934.930409101769328, 9688340.689424924552441 ], [ 800771.040457539027557, 9688486.805136235430837 ], [ 800771.223786986200139, 9688565.813713097944856 ], [ 800832.334113878663629, 9688720.480940870940685 ], [ 800835.75235684751533, 9688851.04817147180438 ], [ 800717.290634917793795, 9688915.171746807172894 ], [ 800693.042818090645596, 9688966.793993931263685 ], [ 800635.450480437837541, 9689033.764066943898797 ], [ 800367.897883466095664, 9689052.641647262498736 ], [ 800316.278741630376317, 9689104.437626164406538 ], [ 800295.146177116199397, 9689156.052405988797545 ], [ 800201.044324075686745, 9689217.020291190594435 ], [ 800094.534731446066871, 9689205.094181517139077 ], [ 799879.043570922454819, 9689363.49808824621141 ], [ 799821.255555169889703, 9689394.06182648986578 ], [ 799766.680693800793961, 9689466.999359222128987 ], [ 799687.766159745049663, 9689503.697748919948936 ], [ 799611.631665674736723, 9689443.123113557696342 ], [ 799523.467877938877791, 9689473.645963054150343 ], [ 799480.629333070944995, 9689376.588864358142018 ], [ 799480.426354275783524, 9689288.507325403392315 ], [ 799419.808538028271869, 9689346.409316370263696 ], [ 799362.264404059736989, 9689434.513150742277503 ], [ 799201.222684354055673, 9689513.891960294917226 ], [ 799097.899179574917071, 9689532.387813843786716 ], [ 799016.357660867739469, 9689781.549985038116574 ], [ 798934.52279542805627, 9689903.237530019134283 ], [ 798846.567657723557204, 9689976.250604476779699 ], [ 798755.59470955398865, 9690091.872688749805093 ], [ 798615.93594631110318, 9690228.851886929944158 ], [ 798500.532863097963855, 9690268.620065331459045 ], [ 798311.889432901283726, 9690247.806194780394435 ], [ 798044.206368298036978, 9690208.914873581379652 ], [ 797880.145944491028786, 9690282.211252069100738 ], [ 797652.524707751348615, 9690440.634839540347457 ], [ 797585.66089886170812, 9690492.352283207699656 ], [ 797573.782379296608269, 9690601.705732772126794 ], [ 797497.926907114800997, 9690662.627815114334226 ], [ 797431.229044878389686, 9690787.265670945867896 ], [ 797355.297301636543125, 9690814.770161086693406 ], [ 797285.575056273490191, 9690881.763904822990298 ], [ 797087.850288180168718, 9690879.115500140935183 ], [ 796957.466329732793383, 9691034.327181754633784 ], [ 796890.768620498944074, 9691110.387129880487919 ], [ 796763.181329918792471, 9691174.413308504968882 ], [ 796741.932768943253905, 9691175.789383208379149 ], [ 796611.103271487401798, 9691183.942670214921236 ], [ 796456.063227980164811, 9691162.938245795667171 ], [ 796374.039575327187777, 9691202.627425104379654 ], [ 796146.476924090879038, 9691436.952911337837577 ], [ 796043.153532915515825, 9691455.444463640451431 ], [ 795958.187402638606727, 9691522.470999015495181 ], [ 795836.698971271282062, 9691577.408131701871753 ], [ 795654.300970084033906, 9691611.23730931058526 ], [ 795526.528436820721254, 9691593.268134288489819 ], [ 795188.885061334236525, 9691563.711209462955594 ], [ 795015.654093777877279, 9691567.089359344914556 ], [ 794915.218972099013627, 9691533.898769173771143 ], [ 794793.64903214527294, 9691552.430208316072822 ], [ 794596.132113404688425, 9691640.953708274289966 ], [ 794438.108729977277108, 9691677.713559169322252 ], [ 794279.826047286624089, 9691599.064197612926364 ], [ 794182.51857436739374, 9691620.527976304292679 ], [ 793954.313667113659903, 9691569.477082140743732 ], [ 793850.74605665053241, 9691478.643713617697358 ], [ 793759.449325521942228, 9691451.517873113974929 ], [ 793583.132240216247737, 9691467.072772847488523 ], [ 793428.059746194630861, 9691479.592188959941268 ], [ 793306.307184831472114, 9691416.130321698263288 ], [ 793178.197035995079204, 9691246.347453339025378 ], [ 793092.714014653000049, 9691082.554960142821074 ], [ 793052.91631621925626, 9690948.978367464616895 ], [ 792958.389569587307051, 9690870.296611238270998 ], [ 792921.636925512226298, 9690754.970652787014842 ], [ 792842.566448895726353, 9690721.731629787012935 ], [ 792748.198922915500589, 9690664.294493639841676 ], [ 792751.032690652529709, 9690588.382036345079541 ], [ 792762.812486337032169, 9690433.445179991424084 ], [ 792744.326968168839812, 9690327.151744611561298 ], [ 792655.881232008105144, 9690181.623971331864595 ], [ 792579.656251180684194, 9690127.133956778794527 ], [ 792469.930502178496681, 9690018.058039242401719 ], [ 792347.975209570955485, 9689863.4218695666641 ], [ 792177.540729992906563, 9689821.314975772053003 ], [ 792074.030310842674226, 9689754.714834708720446 ], [ 791912.667302107438445, 9689639.669337015599012 ], [ 791815.274514202494174, 9689621.741328405216336 ], [ 791699.684999018558301, 9689576.413014875724912 ], [ 791638.928376224590465, 9689622.136832274496555 ], [ 791474.79128252947703, 9689658.908354938030243 ], [ 791356.263838354032487, 9689692.589925674721599 ], [ 791310.545511872740462, 9689647.104847393929958 ], [ 791273.848606693092734, 9689556.122788280248642 ], [ 791234.195301820058376, 9689486.392015416175127 ], [ 791140.115385588491336, 9689556.422250600531697 ], [ 791079.120820110081695, 9689495.812500273808837 ], [ 791030.296887765056454, 9689404.85771875269711 ], [ 790963.199329427909106, 9689301.772522527724504 ], [ 790880.934262823779136, 9689232.137299893423915 ], [ 790731.830099431215785, 9689174.712448503822088 ], [ 790579.658761483267881, 9689138.649589151144028 ], [ 790524.811136458418332, 9689090.197587292641401 ], [ 790445.67542679887265, 9689026.641096204519272 ], [ 790394.015026855515316, 9689060.061841085553169 ], [ 790324.308145190821961, 9689133.135010022670031 ], [ 790233.110614088363945, 9689148.497669974341989 ], [ 790138.804824018152431, 9689166.965339852496982 ], [ 790114.631948292721063, 9689203.422597711905837 ], [ 790081.441794952843338, 9689337.159725777804852 ], [ 790035.988563865190372, 9689410.067657336592674 ], [ 789944.777635883772746, 9689419.454935232177377 ], [ 789844.456942857825197, 9689434.837440984323621 ], [ 789747.434226174023934, 9689532.202600557357073 ], [ 789656.23002722975798, 9689544.57705364562571 ], [ 789358.207948649069294, 9689511.824958270415664 ], [ 789212.055922277737409, 9689430.16033018194139 ], [ 789105.596340175252408, 9689436.482749044895172 ], [ 788990.286838124622591, 9689515.630676759406924 ], [ 788877.863295098301023, 9689591.784485751762986 ], [ 788777.496169679332525, 9689586.032427938655019 ], [ 788679.859602806391194, 9689407.000935416668653 ], [ 788597.792661414016038, 9689425.439928513020277 ], [ 788518.736303170444444, 9689446.859633907675743 ], [ 788421.410354882478714, 9689407.574672002345324 ], [ 788382.018766850698739, 9689504.920637041330338 ], [ 788318.315843134652823, 9689526.306091329082847 ], [ 788162.954959624446929, 9689405.1604481972754 ], [ 788083.811244445154443, 9689387.079193959012628 ], [ 788020.017576130339876, 9689417.648375460878015 ], [ 787962.443718982161954, 9689493.67943112552166 ], [ 787968.764470974565484, 9689584.727503092959523 ], [ 787960.205902387504466, 9689839.78661716170609 ], [ 787902.574187705293298, 9689940.159780170768499 ], [ 787683.62794384197332, 9689943.631164854392409 ], [ 787482.76467860606499, 9689822.696018658578396 ], [ 787321.346676385379396, 9689728.892716463655233 ], [ 787135.883092711912468, 9689729.302121669054031 ], [ 786977.607800860190764, 9689647.662823928520083 ], [ 786843.553090046625584, 9689550.811647513881326 ], [ 786733.829863596009091, 9689438.637769483029842 ], [ 786618.280104529112577, 9689408.575740244239569 ], [ 786526.890167420147918, 9689335.861931029707193 ], [ 786474.982665224233642, 9689257.086250863969326 ], [ 786450.601742597296834, 9689199.383157109841704 ], [ 786389.698523444822058, 9689178.273559723049402 ], [ 786258.880588999250904, 9689136.074197961017489 ], [ 786225.20564179867506, 9689051.172956388443708 ], [ 786155.163674650946632, 9688972.326761495321989 ], [ 786063.921681516105309, 9688966.442406129091978 ], [ 785972.726803568424657, 9688981.912364142015576 ], [ 785881.558521173428744, 9689009.442470330744982 ], [ 785620.084567123092711, 9688997.847120888531208 ], [ 785391.960767208132893, 9688974.117720153182745 ], [ 785154.674508583033457, 9688932.15181770734489 ], [ 784902.218249522149563, 9688871.962653663009405 ], [ 784564.329693347215652, 9688714.815344808623195 ], [ 784098.669372856267728, 9688481.935931913554668 ], [ 783922.168169152224436, 9688406.421408275142312 ], [ 783702.991451935959049, 9688300.684078009799123 ], [ 783532.63824654975906, 9688288.886383291333914 ], [ 783316.816530998679809, 9688292.346045006066561 ], [ 783082.764871397521347, 9688353.600671652704477 ], [ 782894.384746989468113, 9688390.524244381114841 ], [ 782748.403008740278892, 9688381.659605368971825 ], [ 782617.47768201562576, 9688287.899304132908583 ], [ 782544.364485354744829, 9688227.316218657419086 ], [ 782525.933663720963523, 9688142.272531602531672 ], [ 782634.714753828477114, 9687826.261792469769716 ], [ 782700.952105090371333, 9687540.659589108079672 ], [ 782697.396883066976443, 9687288.734592277556658 ], [ 782675.635745490435511, 9687054.884206688031554 ], [ 782639.039311956497841, 9687006.39239159040153 ], [ 782596.437371886218898, 9687009.583725269883871 ], [ 782471.872352550271899, 9687076.57385909743607 ], [ 782313.773273043218069, 9687070.945253236219287 ], [ 782225.776274602627382, 9687122.696989873424172 ], [ 782152.982496507000178, 9687207.939887821674347 ], [ 782079.976075841346756, 9687195.928857648745179 ], [ 782037.20156384841539, 9687120.121993878856301 ], [ 781930.833699736976996, 9687114.269156955182552 ], [ 781891.492645713384263, 9687184.170087080448866 ], [ 781806.486312251770869, 9687229.940130358561873 ], [ 781642.262099229963496, 9687221.115327980369329 ], [ 781499.313487423816696, 9687224.525141023099422 ], [ 781380.748355700168759, 9687236.954229256138206 ], [ 781301.701898378552869, 9687209.798114724457264 ], [ 781152.527546765515581, 9687112.869528042152524 ], [ 781045.989605268114246, 9687079.688014103099704 ], [ 780808.807390118483454, 9687080.204494770616293 ], [ 780723.557045394321904, 9687013.673567438498139 ], [ 780632.267118868185207, 9686983.445996481925249 ], [ 780440.644841754809022, 9686959.632507290691137 ], [ 780291.789120341534726, 9687008.527335805818439 ], [ 780133.764950116630644, 9687036.198837274685502 ], [ 779957.46332306205295, 9687048.752029666677117 ], [ 779790.422402122290805, 9687125.013607021421194 ], [ 779641.679263806552626, 9687277.134225308895111 ], [ 779426.712505015078932, 9687672.362842079252005 ], [ 779280.925569279701449, 9687751.564086573198438 ], [ 779168.499749840353616, 9687773.049716141074896 ], [ 779031.612561901332811, 9687749.115135625004768 ], [ 778931.352045260602608, 9687788.719148464500904 ], [ 778812.77509613649454, 9687795.060057323426008 ], [ 778849.395316795795225, 9687855.722142402082682 ], [ 778764.604805913986638, 9688001.616987444460392 ], [ 778698.098199598724023, 9688165.838366530835629 ], [ 778598.000907762208953, 9688281.450545219704509 ], [ 778400.71148929616902, 9688467.084641166031361 ], [ 778094.292606516974047, 9688759.165323520079255 ], [ 777954.785839756834321, 9688914.358590554445982 ], [ 777866.611697972519323, 9688935.79004567489028 ], [ 777830.226350391982123, 9688984.438307572156191 ], [ 777684.580764240818098, 9689130.460915483534336 ], [ 777420.078725748229772, 9689152.268798835575581 ], [ 777186.195150608196855, 9689237.848932933062315 ], [ 777040.458379226387478, 9689341.385103743523359 ], [ 776928.155132927582599, 9689420.509333427995443 ], [ 776861.508792584645562, 9689520.889239413663745 ], [ 776776.525745809078217, 9689630.380340915173292 ], [ 776658.09057384217158, 9689703.431937254965305 ], [ 776600.553187664132565, 9689797.706952333450317 ], [ 776479.404522537719458, 9690007.51199266128242 ], [ 776415.722291234415025, 9690089.629597837105393 ], [ 776260.526994860381819, 9690035.303941456601024 ], [ 776102.579251633025706, 9690099.365970036014915 ], [ 776044.719371687620878, 9690041.735942251980305 ], [ 775871.010033883387223, 9689859.995279895141721 ], [ 775663.856048241024837, 9689644.802682721987367 ], [ 775514.592433286015876, 9689554.0647843927145 ], [ 775444.536639312049374, 9689463.15909481421113 ], [ 775474.752430501044728, 9689390.185389595106244 ], [ 775419.909896359895356, 9689338.744870426133275 ], [ 775371.443142452277243, 9689408.659385684877634 ], [ 775268.281720547005534, 9689496.944709569215775 ], [ 775201.27929569943808, 9689481.929334221407771 ], [ 775116.047296077245846, 9689421.37025099620223 ], [ 775073.259910508757457, 9689336.381308065727353 ], [ 775045.811850170837715, 9689245.385551523417234 ], [ 774924.172869006521069, 9689275.957417530938983 ], [ 774796.597539622220211, 9689340.064482945948839 ], [ 774693.487429899978451, 9689452.578285932540894 ], [ 774602.227203612448648, 9689434.516128949820995 ], [ 774401.360378711717203, 9689349.97184307128191 ], [ 774243.113892223569565, 9689271.422490609809756 ], [ 774145.705830093938857, 9689186.549109634011984 ], [ 774133.360019549028948, 9689135.018868235871196 ], [ 774036.118845195043832, 9689129.139140322804451 ], [ 773963.193132636602968, 9689153.522234074771404 ], [ 773796.484425723203458, 9689387.646790755912662 ], [ 773577.873646704712883, 9689540.009572949260473 ], [ 773310.641653542872518, 9689689.265268351882696 ], [ 773198.396113828988746, 9689795.821390464901924 ], [ 773186.337491615209728, 9689880.814470864832401 ], [ 773223.367452164995484, 9690138.848526109009981 ], [ 773196.153712907456793, 9690211.703500049188733 ], [ 772953.187457748688757, 9690315.435038169845939 ], [ 772767.709791087312624, 9690300.666315868496895 ], [ 772609.604939085431397, 9690288.827256521210074 ], [ 772521.298762982711196, 9690246.528227644041181 ], [ 772448.372936303494498, 9690271.020302284508944 ], [ 772320.936467992607504, 9690401.835284108296037 ], [ 772190.477193006314337, 9690523.584204088896513 ], [ 772108.327633677050471, 9690499.416053084656596 ], [ 771886.280261991196312, 9690445.225841732695699 ], [ 771737.203564322553575, 9690387.896239260211587 ], [ 771417.87518788932357, 9690361.234822027385235 ], [ 771335.789596351562068, 9690367.49054066836834 ], [ 771299.44030136265792, 9690434.278301017358899 ], [ 771250.965551736881025, 9690501.201868519186974 ], [ 771178.071435750229284, 9690540.849635751917958 ], [ 771068.676554309437051, 9690574.488322585821152 ], [ 770977.517026521032676, 9690550.33833784237504 ], [ 770904.446245091734454, 9690504.909141547977924 ], [ 770837.357664684182964, 9690447.408490542322397 ], [ 770755.228205889929086, 9690432.422272926196456 ], [ 770682.243619508808479, 9690374.8232427444309 ], [ 770694.24950424884446, 9690317.158397184684873 ], [ 770657.591337612131611, 9690235.255303056910634 ], [ 770560.335208880947903, 9690274.953287919983268 ], [ 770475.20865064417012, 9690262.960331983864307 ], [ 770365.518307402264327, 9690153.882519982755184 ], [ 770304.447608764865436, 9690047.690966064110398 ], [ 770270.646117914933711, 9689841.320056572556496 ], [ 770227.895107692340389, 9689771.599460197612643 ], [ 770189.158926591277122, 9689760.284710895270109 ], [ 770042.339900745311752, 9689717.332079632207751 ], [ 769792.824700717465021, 9689611.531824957579374 ], [ 769625.50792071421165, 9689554.239288583397865 ], [ 769479.501521521946415, 9689527.215761218219995 ], [ 769321.344733937992714, 9689488.047747123986483 ], [ 769150.800852123182267, 9689376.109340194612741 ], [ 769035.218811697443016, 9689321.696442276239395 ], [ 768901.370020566275343, 9689309.803999230265617 ], [ 768861.577722208574414, 9689164.184126442298293 ], [ 768806.759048765175976, 9689121.814966220408678 ], [ 768730.768683357979171, 9689115.887502921745181 ], [ 768630.353607922559604, 9689079.586806263774633 ], [ 768596.662875448586419, 9688979.534807605668902 ], [ 768557.065415375283919, 9688927.951748590916395 ], [ 768486.975626798579469, 9688870.45769689232111 ], [ 768401.807300827582367, 9688837.223174639046192 ], [ 768319.680313920718618, 9688822.236543096601963 ], [ 768261.845982380677015, 9688773.788936153054237 ], [ 768176.608793518505991, 9688707.143826907500625 ], [ 768070.183046154095791, 9688722.520366821438074 ], [ 767972.791269320994616, 9688695.395727517083287 ], [ 767869.217067463556305, 9688583.319071535021067 ], [ 767778.000195000320673, 9688583.507537234574556 ], [ 767644.458947879029438, 9688665.760921481996775 ], [ 767531.819760744459927, 9688580.918190540745854 ], [ 767492.030456833308563, 9688489.951065612956882 ], [ 767400.619578584330156, 9688395.992873346433043 ], [ 767287.981043449603021, 9688311.260895593091846 ], [ 767099.447507410193793, 9688266.070036184042692 ], [ 767081.079213751014322, 9688205.482345117256045 ], [ 766971.557126064319164, 9688175.284835692495108 ], [ 766874.066463958704844, 9688099.593351399526 ], [ 766828.289460980799049, 9688017.710585102438927 ], [ 766843.328836047556251, 9687920.546038426458836 ], [ 766773.278188605327159, 9687881.195479962974787 ], [ 766591.283377669984475, 9688039.440132604911923 ], [ 766475.781347229378298, 9688076.075369440019131 ], [ 766415.077730640070513, 9688146.118591878563166 ], [ 766433.589515924919397, 9688276.624057264998555 ], [ 766397.377827239688486, 9688410.229101654142141 ], [ 766330.660620786715299, 9688477.186831295490265 ], [ 766245.506739348871633, 9688450.036212423816323 ], [ 766014.083571922732517, 9688265.317205956205726 ], [ 765895.434786083875224, 9688232.150706026703119 ], [ 765801.247028796235099, 9688247.500360568985343 ], [ 765621.924844567431137, 9688244.881343839690089 ], [ 765536.604338010540232, 9688190.405375279486179 ], [ 765530.261120163486339, 9688026.465490378439426 ], [ 765347.806074970867485, 9688014.670553477481008 ], [ 765329.419914167956449, 9687944.90114482678473 ], [ 765159.176424006698653, 9687920.911793434992433 ], [ 765082.978167157387361, 9687866.527796979993582 ], [ 764915.246968664578162, 9687602.689335606992245 ], [ 764878.418904999271035, 9687435.825641924515367 ], [ 764726.294912000652403, 9687351.063921250402927 ], [ 764680.401577426702715, 9687211.544362843036652 ], [ 764640.240773746743798, 9686938.373449368402362 ], [ 764545.817953878897242, 9686838.337523760274053 ], [ 764460.6101632732898, 9686783.861776882782578 ], [ 764305.684173986897804, 9686850.99928031489253 ], [ 764223.53600162116345, 9686823.842435395345092 ], [ 764141.325776704121381, 9686766.3734857942909 ], [ 764135.200670431600884, 9686708.637965369969606 ], [ 764180.565443187719211, 9686644.822926860302687 ], [ 764177.412553703878075, 9686571.925192303955555 ], [ 764174.178825718699954, 9686459.643869437277317 ], [ 764201.41813385207206, 9686398.852899864315987 ], [ 764240.719828002853319, 9686307.724904930219054 ], [ 764261.791307713836432, 9686222.718872275203466 ], [ 764237.354720463627018, 9686131.611116563901305 ], [ 764176.421730976551771, 9686089.254934789612889 ], [ 764076.043932060711086, 9686068.220443684607744 ], [ 763951.510317209875211, 9686092.703755885362625 ], [ 763829.819159033708274, 9686092.953481871634722 ], [ 763686.912699472391978, 9686053.862964034080505 ], [ 763577.146397154312581, 9685902.306265085935593 ], [ 763504.34452855377458, 9685984.430944474413991 ], [ 763380.190654971753247, 9686194.104110147804022 ], [ 763365.156437990721315, 9686294.253184203058481 ], [ 763310.944380067056045, 9686546.37449754960835 ], [ 763256.557920745108277, 9686713.423131227493286 ], [ 763211.057048844639212, 9686765.179283373057842 ], [ 763116.847003747010604, 9686768.358618544414639 ], [ 762985.861195224220864, 9686683.663940554484725 ], [ 762912.885011626407504, 9686680.825936639681458 ], [ 762730.620585692115128, 9686705.425172634422779 ], [ 762648.461253168294206, 9686672.183198232203722 ], [ 762612.100077949813567, 9686732.991762725636363 ], [ 762654.740320379612967, 9686805.808326564729214 ], [ 762886.338320971699432, 9687081.573237158358097 ], [ 762911.057669405359775, 9687257.642002174630761 ], [ 762832.21032820281107, 9687321.524048605933785 ], [ 762522.604785727802664, 9687577.149966264143586 ], [ 762461.96891666110605, 9687680.599023882299662 ], [ 762553.471577079035342, 9687823.011810382828116 ], [ 762641.977508302545175, 9687968.63897711597383 ], [ 762606.046384523040615, 9688241.850882776081562 ], [ 762472.4573529351037, 9688354.519053030759096 ], [ 762451.777017034590244, 9688633.89475416764617 ], [ 762291.14894976047799, 9688852.708404291421175 ], [ 762248.760324011323974, 9688959.106731951236725 ], [ 762267.229959313757718, 9689071.355918692424893 ], [ 762215.633927493123338, 9689135.291955797001719 ], [ 762048.457882577902637, 9689141.713912514969707 ], [ 761994.262151061440818, 9689405.889683788642287 ], [ 761982.284306435962208, 9689478.816949807107449 ], [ 761930.693692912813276, 9689545.628901751711965 ], [ 761833.491411123075522, 9689555.006698824465275 ], [ 761715.206468156073242, 9689700.940187849104404 ], [ 761566.382844313397072, 9689761.973502058535814 ], [ 761502.710036661941558, 9689850.160210769623518 ], [ 761603.379435485228896, 9690071.543004022911191 ], [ 761539.902818215545267, 9690202.209824290126562 ], [ 761479.348549970891327, 9690348.026473576202989 ], [ 761476.515761817339808, 9690433.103941485285759 ], [ 761531.33558284456376, 9690478.461515424773097 ], [ 761661.972448081360199, 9690444.900859083980322 ], [ 761783.798320956761017, 9690566.013871839269996 ], [ 761832.768658602144569, 9690745.130945652723312 ], [ 761991.166304723592475, 9690908.762139799073339 ], [ 762052.220475004403852, 9691011.854556299746037 ], [ 762037.534684766782448, 9691288.119379200041294 ], [ 761919.204290475463495, 9691412.922242531552911 ], [ 761901.125325379660353, 9691494.932894812896848 ], [ 761837.501141193322837, 9691552.696763323619962 ], [ 761740.786657957709394, 9691862.534288743510842 ], [ 761701.885014864150435, 9692157.100126748904586 ], [ 761604.629988281871192, 9692196.787872400134802 ], [ 761565.473128951620311, 9692363.801421575248241 ], [ 761492.657909832079895, 9692442.933858657255769 ], [ 761395.511259937076829, 9692537.159819021821022 ], [ 761353.235586265218444, 9692646.542845070362091 ], [ 761073.910676556406543, 9692868.793241558596492 ], [ 761278.249222118523903, 9693144.621112512424588 ], [ 761263.184310287702829, 9693232.709571231156588 ], [ 761284.569601483643055, 9693302.472317637875676 ], [ 761385.431925799464807, 9693566.447867650538683 ], [ 761382.524808993679471, 9693615.018618166446686 ], [ 761352.478380980785005, 9693833.565282326191664 ], [ 761267.3740048102336, 9693830.747040251269937 ], [ 761127.497460384154692, 9693806.686380974948406 ], [ 761039.1764386377763, 9693752.322603804990649 ], [ 760969.239821281982586, 9693712.967573495581746 ], [ 760963.325984522001818, 9693816.193415632471442 ], [ 760908.704274782212451, 9693870.950784832239151 ], [ 760838.863792451447807, 9693880.160284718498588 ], [ 760765.998745486955158, 9693934.953605702146888 ], [ 760674.938466628664173, 9694014.120481936261058 ], [ 760632.615386783145368, 9694156.800806000828743 ], [ 760392.485286713694222, 9694175.528000609949231 ], [ 760292.171337458887137, 9694187.894670464098454 ], [ 760237.597053311765194, 9694266.878292670473456 ], [ 760164.74724610010162, 9694273.10626008361578 ], [ 759979.146297240396962, 9694246.147368730977178 ], [ 759958.090825404040515, 9694343.317886963486671 ], [ 759997.670492538949475, 9694388.817629599943757 ], [ 760019.189792463555932, 9694470.748685702681541 ], [ 759994.971801130101085, 9694543.698465950787067 ], [ 760162.499444622313604, 9694713.400153694674373 ], [ 760214.417039213469252, 9694810.427206063643098 ], [ 760190.306367152719758, 9694938.025845551863313 ], [ 760239.144884395296685, 9695053.201618008315563 ], [ 760251.661788152996451, 9695195.883964389562607 ], [ 760300.464635066804476, 9695292.917311703786254 ], [ 760340.151877533062361, 9695393.066125510260463 ], [ 760316.116119688260369, 9695502.411419875919819 ], [ 760164.259015953168273, 9695609.02059961296618 ], [ 760103.646683547180146, 9695672.859740421175957 ], [ 760018.466195206856355, 9695688.18241797760129 ], [ 759966.945802869857289, 9695736.847916165366769 ], [ 759818.161265138420276, 9695822.099540231749415 ], [ 759754.362758489791304, 9695849.548847008496523 ], [ 759638.956268921261653, 9695937.832236314192414 ], [ 759453.749936929554678, 9696056.563019679859281 ], [ 759450.900726433144882, 9696135.554804995656013 ], [ 759514.94244614301715, 9696232.558467430993915 ], [ 759588.16536411177367, 9696359.966137852519751 ], [ 759658.036208263714798, 9696365.80344645678997 ], [ 759724.963230959605426, 9696402.179015126079321 ], [ 759801.117255151388235, 9696435.439049541950226 ], [ 759904.495560277020559, 9696453.379584718495607 ], [ 760077.732122104032896, 9696413.658264517784119 ], [ 760184.32795926311519, 9696540.890274692326784 ], [ 760293.771667850902304, 9696531.604874515905976 ], [ 760503.899822797509842, 9696698.127714958041906 ], [ 760582.881408211425878, 9696697.973102819174528 ], [ 760662.063531029736623, 9696743.395884815603495 ], [ 760692.563384714070708, 9696810.154159337282181 ], [ 760805.076410609530285, 9696834.160889465361834 ], [ 760954.342964878771454, 9696937.082517268136144 ], [ 761118.728776556323282, 9697091.636950589716434 ], [ 761200.962496908847243, 9697161.280926426872611 ], [ 761298.496176498243585, 9697261.317161876708269 ], [ 761456.732819704804569, 9697342.981128741055727 ], [ 761551.151845924556255, 9697442.912934763357043 ], [ 761408.559879998676479, 9697567.75763020478189 ], [ 761402.572138178162277, 9697634.477030389010906 ], [ 761427.0117004517233, 9697673.922780599445105 ], [ 761509.32922981469892, 9697786.158009173348546 ], [ 761509.721325069316663, 9697986.501645404845476 ], [ 761397.321028357138857, 9698077.766961077228189 ], [ 761473.767761445604265, 9698259.8191072717309 ], [ 761468.390478069661185, 9698639.278019715100527 ], [ 761285.926766654476523, 9698627.465165819972754 ], [ 761222.179396953433752, 9698682.238829763606191 ], [ 761173.707960987114348, 9698755.2359574791044 ], [ 761140.596187286777422, 9698946.573038928210735 ], [ 761061.997093587764539, 9699144.082967728376389 ], [ 761095.665587743977085, 9699295.79643283598125 ], [ 761065.673561852192506, 9699490.114105951040983 ], [ 761096.178936775773764, 9699559.85986845754087 ], [ 761358.257937665563077, 9699838.681639201939106 ], [ 761379.700465833768249, 9699938.86736567504704 ], [ 761253.180841644993052, 9700552.31397257745266 ], [ 761247.714645118219778, 9700831.655614489689469 ], [ 761272.042653721990064, 9700871.102055232971907 ], [ 761314.814233492361382, 9700955.980166286230087 ], [ 761293.777814003988169, 9701065.319557163864374 ], [ 761281.922492420300841, 9701262.6995900105685 ], [ 761221.299585058470257, 9701323.550536869093776 ], [ 761142.203702520928346, 9701323.703381087630987 ], [ 760977.846481021959335, 9701242.047003528103232 ], [ 760849.972372432705015, 9701157.333257131278515 ], [ 760713.028869611560367, 9701042.214951939880848 ], [ 760649.191533863777295, 9701051.409499913454056 ], [ 760591.466910638497211, 9701115.241300877183676 ], [ 760573.392530372366309, 9701203.334202770143747 ], [ 760479.202869516680948, 9701221.769054723903537 ], [ 760373.039467734401114, 9701319.102888911962509 ], [ 760129.956326450570486, 9701428.868798298761249 ], [ 760078.484474079450592, 9701504.856778336688876 ], [ 759996.788105743471533, 9701714.538079090416431 ], [ 760000.001669115619734, 9701823.829648854210973 ], [ 759921.203163249068893, 9701978.745590813457966 ], [ 759875.854523700079881, 9702115.454664327204227 ], [ 759815.201767179998569, 9702161.148505128920078 ], [ 759681.629250774276443, 9702295.039497157558799 ], [ 759566.336444083601236, 9702389.402052169665694 ], [ 759508.627942526247352, 9702462.303644269704819 ], [ 759414.426126163336448, 9702474.652520798146725 ], [ 759274.514939764630981, 9702435.426923939958215 ], [ 759088.883254455169663, 9702338.653179034590721 ], [ 759012.867870098911226, 9702320.545329527929425 ], [ 758979.510645182221197, 9702387.426239879801869 ], [ 758858.052815320203081, 9702457.462092783302069 ], [ 758785.284391754539683, 9702566.897786922752857 ], [ 758776.474775691283867, 9702730.859885200858116 ], [ 758831.577860968303867, 9702925.121933998540044 ], [ 758938.31031454843469, 9703125.259506287053227 ], [ 759005.586612629704177, 9703285.979421010240912 ], [ 759127.438706367625855, 9703422.368773529306054 ], [ 759267.425692288088612, 9703501.088237565010786 ], [ 759316.1964719472453, 9703582.968280805274844 ], [ 759316.641371418023482, 9703816.717478001490235 ], [ 759365.546327893971466, 9703910.65546765178442 ], [ 759435.588432658696547, 9704004.663916194811463 ], [ 759563.490655806846917, 9704104.646711066365242 ], [ 759636.601587257580832, 9704174.311936547979712 ], [ 759621.668086958001368, 9704277.442786006256938 ], [ 759582.313920245971531, 9704350.419436942785978 ], [ 759579.395174824865535, 9704453.638017224147916 ], [ 759616.068898227764294, 9704550.697001216933131 ], [ 759671.050694376928732, 9704681.129977101460099 ], [ 759492.053828203352168, 9704857.584613271057606 ], [ 759361.428196516120806, 9704964.142738899216056 ], [ 759316.000715094618499, 9705061.357327796518803 ], [ 759307.056726292474195, 9705155.51588655821979 ], [ 759361.997634620638564, 9705264.709057657048106 ], [ 759380.495088099036366, 9705398.198093274608254 ], [ 759183.28625744371675, 9705592.938660128042102 ], [ 758992.072782944189385, 9705781.582782881334424 ], [ 758961.833798464504071, 9705851.443876475095749 ], [ 759029.003248610533774, 9706015.262599300593138 ], [ 758780.164965292438865, 9706264.636442817747593 ], [ 758680.161662476835772, 9706446.912181058898568 ], [ 758558.74422253924422, 9706541.281657917425036 ], [ 758528.52163694659248, 9706620.213452786207199 ], [ 758470.837863812805153, 9706708.378579169511795 ], [ 758397.876152616576292, 9706717.697363151237369 ], [ 758224.519934417563491, 9706642.024067943915725 ], [ 758145.43390245095361, 9706648.256758902221918 ], [ 758048.103217279654928, 9706654.523610081523657 ], [ 757941.710279263206758, 9706633.483317153528333 ], [ 757811.084928383817896, 9706682.291870899498463 ], [ 757732.056026160018519, 9706718.945656778290868 ], [ 757710.961127575719729, 9706800.957190714776516 ], [ 757723.302875434746966, 9706916.203817769885063 ], [ 757592.620594855514355, 9706934.701140822842717 ], [ 757550.131746219471097, 9706998.499675905331969 ], [ 757450.222676470293663, 9707232.433520359918475 ], [ 757310.497169120935723, 9707293.426486805081367 ], [ 757176.767689242260531, 9707348.323751382529736 ], [ 757058.403644575970247, 9707470.008493293076754 ], [ 756906.529301694361493, 9707518.854785231873393 ], [ 756730.331193517893553, 9707588.985635846853256 ], [ 756581.202744747046381, 9707558.952247615903616 ], [ 756477.876209336332977, 9707571.312753571197391 ], [ 756298.635163161205128, 9707620.208931904286146 ], [ 756131.480765357264318, 9707647.84284782782197 ], [ 756043.328984569408931, 9707684.401081155985594 ], [ 755942.978244758211076, 9707681.600295042619109 ], [ 755848.734905004384927, 9707672.70390385389328 ], [ 755784.991418614517897, 9707733.553550722077489 ], [ 755651.42385835328605, 9707815.771780388429761 ], [ 755538.802326223580167, 9707794.74070224352181 ], [ 755471.976305491290987, 9707813.006289601325989 ], [ 755371.788582030450925, 9707898.259722359478474 ], [ 755241.162869004067034, 9707947.063989706337452 ], [ 755086.089947389438748, 9707950.337037293240428 ], [ 755010.20904976001475, 9708005.124123541638255 ], [ 754803.786362042184919, 9708154.290589017793536 ], [ 754715.712737901951186, 9708233.32585871219635 ], [ 754497.337034181458876, 9708537.383022606372833 ], [ 754451.948623500531539, 9708658.817881574854255 ], [ 754345.618926647119224, 9708731.912427058443427 ], [ 754266.783834021305665, 9708814.027295626699924 ], [ 754029.855352411512285, 9708951.078453930094838 ], [ 753947.988283722428605, 9709078.663587596267462 ], [ 753842.157882982166484, 9709364.258822130039334 ], [ 753745.149053534725681, 9709546.517749719321728 ], [ 753568.916303862817585, 9709598.49919056147337 ], [ 753514.332110991585068, 9709680.568564778193831 ], [ 753414.103750867419876, 9709683.738014373928308 ], [ 753371.440827878075652, 9709653.505757654085755 ], [ 753237.716311964788474, 9709650.762631630524993 ], [ 753155.743048509815708, 9709720.713313084095716 ], [ 753107.210064104059711, 9709826.997094454243779 ], [ 753064.912424919311889, 9709936.36682067066431 ], [ 752937.261389391263947, 9709970.006154203787446 ], [ 752849.003841364406981, 9709948.927454683929682 ], [ 752715.014697166858241, 9709800.386936319991946 ], [ 752638.927489455556497, 9709803.622499141842127 ], [ 752493.132581365061924, 9709831.21029912494123 ], [ 752331.985707052517682, 9709858.825738746672869 ], [ 752213.292152350419201, 9709801.297497382387519 ], [ 752146.51561601087451, 9709846.993821304291487 ], [ 752116.387213107431307, 9709980.566233845427632 ], [ 752080.079804438748397, 9710080.85329151712358 ], [ 751995.007818147540092, 9710159.989582927897573 ], [ 751989.093753331108019, 9710211.54895662330091 ], [ 751974.012202673242427, 9710299.629326792433858 ], [ 751907.317475461983122, 9710390.789686717092991 ], [ 751807.027871450642124, 9710421.391211472451687 ], [ 751639.824132648296654, 9710421.693127037957311 ], [ 751423.697464562486857, 9710312.791435169056058 ], [ 751046.262706948444247, 9710079.734325308352709 ], [ 750854.633382497122511, 9709982.845861682668328 ], [ 750669.01009498606436, 9709946.786756325513124 ], [ 750538.187286042026244, 9709886.29277266561985 ], [ 750465.013549644150771, 9709777.133497346192598 ], [ 750501.359946454642341, 9709698.19708757661283 ], [ 750501.244955730857328, 9709634.370446259155869 ], [ 750364.282335975556634, 9709561.830276967957616 ], [ 750218.558578888536431, 9709442.514346174895763 ], [ 750078.98841908830218, 9709589.777181917801499 ], [ 750039.923818446928635, 9709765.619676683098078 ], [ 750025.921276316279545, 9709959.337185056880116 ], [ 749871.806499365717173, 9709999.104580163955688 ], [ 749774.99098121537827, 9709981.247606724500656 ], [ 749728.316909844870679, 9709884.5406728759408 ], [ 749735.133931115735322, 9709715.946717767044902 ], [ 749695.695302924374118, 9709683.717108741402626 ], [ 749659.930676898220554, 9709777.03219704516232 ], [ 749538.349483204190619, 9709906.451947642490268 ], [ 749448.608904414344579, 9709863.471927585080266 ], [ 749111.561375497491099, 9709752.905199561268091 ], [ 749057.674161942792125, 9709727.891541598364711 ], [ 749039.616240522009321, 9709645.513877250254154 ], [ 749078.960076553514227, 9709562.922756634652615 ], [ 749035.760719610843807, 9709480.479544496163726 ], [ 748971.16207216703333, 9709437.565132528543472 ], [ 748971.348374083638191, 9709541.545163657516241 ], [ 748845.987106672138907, 9709609.909948417916894 ], [ 748706.316111784544773, 9709638.920377220958471 ], [ 748641.929331206483766, 9709714.365843260660768 ], [ 748577.459045609459281, 9709743.130936602130532 ], [ 748512.802942792186514, 9709667.916242068633437 ], [ 748526.659463309915736, 9709391.680563358590007 ], [ 748451.257904281956144, 9709341.705918284133077 ], [ 748386.723799811676145, 9709334.631241282448173 ], [ 748279.256089680711739, 9709331.173042450100183 ], [ 748017.33397238550242, 9709238.391105003654957 ], [ 747992.457959417719394, 9709324.495369387790561 ], [ 747906.543974821222946, 9709367.789265902712941 ], [ 747899.460226134397089, 9709450.211335629224777 ], [ 747731.274644367629662, 9709583.251194981858134 ], [ 747555.717380836606026, 9709637.323556791990995 ], [ 747423.032686681370251, 9709590.990270454436541 ], [ 747412.095216020708904, 9709508.48994361050427 ], [ 747404.764904512441717, 9709390.143506715074182 ], [ 747225.4251465392299, 9709318.783492427319288 ], [ 747160.78311241150368, 9709250.758986094966531 ], [ 747139.172689866740257, 9709171.817510867491364 ], [ 747196.21984083764255, 9709035.436759408563375 ], [ 747160.227321497513913, 9708938.711721457540989 ], [ 747070.508473726105876, 9708906.571668598800898 ], [ 746988.167415947420523, 9708956.938040031120181 ], [ 746916.5274277261924, 9708957.065591914579272 ], [ 746866.255016567418352, 9708899.745380282402039 ], [ 746805.568710924009793, 9709054.05202773027122 ], [ 746820.142246338305995, 9709179.575209897011518 ], [ 746845.299416344380006, 9709251.320237901061773 ], [ 746827.555141143267974, 9709344.601033804938197 ], [ 746767.036788808065467, 9709531.206999303773046 ], [ 746627.453021757421084, 9709671.273163940757513 ], [ 746534.168225196073763, 9709635.599093245342374 ], [ 746480.355351948761381, 9709589.014677461236715 ], [ 746394.434990008245222, 9709628.656793527305126 ], [ 746362.327185907051899, 9709714.772658376023173 ], [ 746247.941168771474622, 9709887.20367226190865 ], [ 746169.374674140010029, 9710059.46040396951139 ], [ 746087.064371970947832, 9710127.745022412389517 ], [ 745986.717353962594643, 9710124.382615292444825 ], [ 745889.879375860677101, 9710092.2539644818753 ], [ 745846.765289792791009, 9710056.490741899237037 ], [ 745810.843889950192533, 9709999.144849507138133 ], [ 745728.362610631855205, 9709970.530525088310242 ], [ 745642.2865485700313, 9709985.062431007623672 ], [ 745509.900913764024153, 9710107.193783469498158 ], [ 745449.139972757315263, 9710157.520109791308641 ], [ 745338.438555973465554, 9710401.621082860976458 ], [ 745105.896841148962267, 9710692.61517570912838 ], [ 745045.1731472609099, 9710764.400173308327794 ], [ 744880.255360725801438, 9710732.3901595659554 ], [ 744736.713238529744558, 9710646.583868727087975 ], [ 744682.658251349115744, 9710524.781519904732704 ], [ 744600.360105901025236, 9710600.254323098808527 ], [ 744485.619294533622451, 9710571.695747062563896 ], [ 744360.111592599190772, 9710493.047717589884996 ], [ 744199.037236326374114, 9710622.416630649939179 ], [ 744098.584215717506595, 9710557.993810003623366 ], [ 744055.420874255942181, 9710493.581347241997719 ], [ 743973.053654593648389, 9710529.564429096877575 ], [ 743897.743201673147269, 9710529.696162909269333 ], [ 743804.616899854736403, 9710583.617358678951859 ], [ 743740.132948647951707, 9710540.701268656179309 ], [ 743686.354973514331505, 9710576.74473968334496 ], [ 743607.603899140842259, 9710645.020386312156916 ], [ 743510.792709678062238, 9710627.269981509074569 ], [ 743439.190818873466924, 9710648.853998450562358 ], [ 743378.324424957740121, 9710702.718408210203052 ], [ 743292.403844963642769, 9710742.357280718162656 ], [ 743113.125612024101429, 9710703.180709056556225 ], [ 743048.655921417521313, 9710732.052499515935779 ], [ 743396.565819566138089, 9710892.831406099721789 ], [ 743411.040893195662647, 9710964.4838045258075 ], [ 743382.626840804470703, 9711064.970478899776936 ], [ 743307.591175857931376, 9711222.946716783568263 ], [ 743175.20962848351337, 9711348.723351031541824 ], [ 743107.067491916241124, 9711313.003073772415519 ], [ 743038.770328086335212, 9711252.063212599605322 ], [ 742959.992780407541431, 9711241.470647497102618 ], [ 742881.17245243920479, 9711270.256446518003941 ], [ 742780.733305608620867, 9711213.133253678679466 ], [ 742726.761751322541386, 9711137.899414617568254 ], [ 742683.779081639368087, 9711112.864881241694093 ], [ 742654.898107897373848, 9711008.82808861322701 ], [ 742654.748591965297237, 9710922.771337946876884 ], [ 742561.460345410858281, 9710883.555160492658615 ], [ 742479.01844730367884, 9710876.508511781692505 ], [ 742400.074074293486774, 9710833.61715136654675 ], [ 742314.06011248100549, 9710819.386801116168499 ], [ 742210.056341489078477, 9710823.106908243149519 ], [ 742052.503207651665434, 9710866.408537847921252 ], [ 741966.464712296146899, 9710837.908995108678937 ], [ 741951.953069891431369, 9710744.687674630433321 ], [ 741890.906357553321868, 9710694.57536892592907 ], [ 741804.948756360448897, 9710712.643591590225697 ], [ 741794.375954918097705, 9710838.207162605598569 ], [ 741812.47815426834859, 9710949.341436222195625 ], [ 741733.881903179804794, 9711107.321555335074663 ], [ 741798.550255251117051, 9711193.266231009736657 ], [ 741770.023894505691715, 9711293.751754818484187 ], [ 741691.32751415646635, 9711329.726250551640987 ], [ 741609.072082497994415, 9711494.902124473825097 ], [ 741555.398613269207999, 9711527.293611561879516 ], [ 741523.2934443668928, 9711616.945040490478277 ], [ 741444.510423789732158, 9711667.298939870670438 ], [ 741347.731061304686591, 9711667.465807426720858 ], [ 741276.055138713796623, 9711646.13058215379715 ], [ 741218.710674436530098, 9711678.528152596205473 ], [ 741197.40795811265707, 9711775.350478481501341 ], [ 741244.141412187484093, 9711847.057289358228445 ], [ 741251.433555635507219, 9711947.369975779205561 ], [ 741219.334209596272558, 9712040.671276500448585 ], [ 741180.096905297134072, 9712123.255433106794953 ], [ 741090.473874595714733, 9712144.978903267532587 ], [ 741008.106032075127587, 9712180.958774819970131 ], [ 740947.392795415828004, 9712259.929423749446869 ], [ 740872.206015181960538, 9712331.845669383183122 ], [ 740796.889729101210833, 9712328.324737681075931 ], [ 740718.075441653374583, 9712360.758609756827354 ], [ 740585.513497858541086, 9712382.555207984521985 ], [ 740546.146625177236274, 9712389.812443934381008 ], [ 740496.112212763400748, 9712468.764304909855127 ], [ 740596.881447095656767, 9712719.680282175540924 ], [ 740572.029511551372707, 9712888.295080982148647 ], [ 740497.020676687941886, 9712999.588122395798564 ], [ 740396.711853430373594, 9713017.678676936775446 ], [ 740224.57291327114217, 9712989.213776189833879 ], [ 740074.064018393051811, 9712989.470760177820921 ], [ 739944.902425094856881, 9712918.015046777203679 ], [ 739840.905737859546207, 9712860.785241251811385 ], [ 739708.152984932879917, 9712835.902926567941904 ], [ 739536.389205776853487, 9712961.739232376217842 ], [ 739464.822357081342489, 9713069.485592734068632 ], [ 739371.689635017071851, 9713055.264663456007838 ], [ 739314.130949419923127, 9712962.117616731673479 ], [ 739253.140793382422999, 9712944.302431892603636 ], [ 739178.040034885518253, 9713001.837184265255928 ], [ 739182.044732264126651, 9713263.646117985248566 ], [ 739146.371470101526938, 9713349.761895364150405 ], [ 739071.189532947144471, 9713425.215443700551987 ], [ 738938.566515392856672, 9713411.061086291447282 ], [ 738856.058424543007277, 9713364.6339719761163 ], [ 738884.58184485102538, 9713260.501024268567562 ], [ 738941.754925048095174, 9713192.267849372699857 ], [ 738887.867614481132478, 9713099.114586563780904 ], [ 738812.448604669189081, 9713034.756663637235761 ], [ 738450.498143440345302, 9713049.639400206506252 ], [ 738357.151575464988127, 9712974.472010154277086 ], [ 738346.302330413251184, 9712874.056292116641998 ], [ 738098.936196774244308, 9712892.504880340769887 ], [ 737987.840255545219406, 9712846.015544854104519 ], [ 737973.332511071581393, 9712752.795869598165154 ], [ 737869.220675446442328, 9712692.026054656133056 ], [ 737797.418670389917679, 9712595.253329513594508 ], [ 737779.308788305846974, 9712476.931413585320115 ], [ 737818.486846122075804, 9712358.512450100854039 ], [ 737961.6122468264075, 9712204.079486984759569 ], [ 738033.215232162037864, 9712117.903368609026074 ], [ 738040.169999482575804, 9712020.997148025780916 ], [ 737889.639872699510306, 9712006.984007436782122 ], [ 737824.847603367292322, 9711845.714077578857541 ], [ 737731.629822986433282, 9711845.872299507260323 ], [ 737685.14254563965369, 9711917.626353012397885 ], [ 737513.283547181985341, 9711986.053350914269686 ], [ 737366.289244662737474, 9711957.654480665922165 ], [ 737111.545771844103001, 9711821.81486371345818 ], [ 737000.20046791958157, 9711692.811529073864222 ], [ 736838.663048211601563, 9711549.624622965231538 ], [ 736788.385797697934322, 9711485.224505646154284 ], [ 736591.042632986325771, 9711349.28790133073926 ], [ 736533.777601646608673, 9711428.249052882194519 ], [ 736523.262628372642212, 9711525.16039047203958 ], [ 736458.841799261514097, 9711582.564747525379062 ], [ 736329.867240123683587, 9711618.730497844517231 ], [ 736243.868713632458821, 9711611.686087429523468 ], [ 736301.434218340320513, 9711776.506843589246273 ], [ 736294.538911724463105, 9711909.249193258583546 ], [ 736197.991983060142957, 9712045.682096924632788 ], [ 736122.774728018790483, 9712099.564693922176957 ], [ 735975.727442090865225, 9712038.866846287623048 ], [ 735907.6864754158305, 9712060.550058394670486 ], [ 735836.058955654967576, 9712132.344961961731315 ], [ 735729.001439121318981, 9712369.227283030748367 ], [ 735650.242532845353708, 9712433.954915139824152 ], [ 735517.695568316034041, 9712462.824941981583834 ], [ 735478.362662593484856, 9712556.133794896304607 ], [ 735414.070383815676905, 9712624.376326583325863 ], [ 735277.732453308417462, 9712581.578140193596482 ], [ 735381.967739125015214, 9712717.672943029552698 ], [ 735274.587170256185345, 9712829.014076825231314 ], [ 735055.864321080734953, 9712811.461478058248758 ], [ 734980.607944261399098, 9712775.750295547768474 ], [ 734901.74680455122143, 9712779.532190786674619 ], [ 734801.572478987742215, 9712876.481539398431778 ], [ 734737.108789770398289, 9712908.886694176122546 ], [ 734676.072868534596637, 9712862.312058046460152 ], [ 734575.82073452975601, 9712912.695314770564437 ], [ 734475.75995582039468, 9713077.888951361179352 ], [ 734368.262996512465179, 9713052.960126474499702 ], [ 734285.722809393308125, 9712984.96332429535687 ], [ 734084.856493432424031, 9712935.081987135112286 ], [ 734024.045648190774955, 9712956.641048602759838 ], [ 733962.998429187340662, 9712902.987424774095416 ], [ 733805.18715045938734, 9712856.573649100959301 ], [ 733686.942660314845853, 9712856.770256321877241 ], [ 733439.687868197099306, 9712871.559969192370772 ], [ 733432.612295656930655, 9712964.813475668430328 ], [ 733321.598334887763485, 9712964.997699895873666 ], [ 733246.237740698736161, 9712932.825479760766029 ], [ 733174.500493339379318, 9712872.000050447881222 ], [ 733099.169740831712261, 9712857.746080193668604 ], [ 732973.891475972020999, 9712976.302998326718807 ], [ 732913.029116736957803, 9713033.808700796216726 ], [ 732852.444130845600739, 9713191.744753995910287 ], [ 732770.302616847329773, 9713363.984556183218956 ], [ 732705.874538511037827, 9713417.956443333998322 ], [ 732601.809207264333963, 9713382.181207960471511 ], [ 732555.176371222361922, 9713299.856374675408006 ], [ 732454.818877169629559, 9713353.77682688832283 ], [ 732282.924675543210469, 9713400.625726265832782 ], [ 732089.303106155013666, 9713357.919098300859332 ], [ 731784.421705444576219, 9713232.994015488773584 ], [ 731508.174852172378451, 9713068.424708122387528 ], [ 731368.374934288556688, 9713014.900298753753304 ], [ 731325.244331061840057, 9712964.756239984184504 ], [ 731325.09675952012185, 9712875.055240627378225 ], [ 731041.739297357620671, 9712782.280718041583896 ], [ 730765.383180938893929, 9712549.689232936128974 ], [ 730664.849316133419052, 9712427.856743352487683 ], [ 730603.786997322691604, 9712363.474196381866932 ], [ 730514.125578289967962, 9712291.838712086901069 ], [ 730492.569087128853425, 9712238.119996406137943 ], [ 730467.247539039934054, 9712127.00338183157146 ], [ 730406.214665547944605, 9712080.428305638954043 ], [ 730327.431690064724535, 9712062.639729583635926 ], [ 730090.943620186299086, 9712127.621364651247859 ], [ 729901.109454971039668, 9712221.172611629590392 ], [ 729739.932347858324647, 9712289.569205965846777 ], [ 729671.868998029618524, 9712296.759341744706035 ], [ 729571.507052861736156, 9712279.005644105374813 ], [ 729489.030423986841924, 9712246.954648371785879 ], [ 729338.607835704926401, 9712293.765134889632463 ], [ 729238.216846471070312, 9712258.093366742134094 ], [ 729191.475304982741363, 9712175.658865170553327 ], [ 729194.729915417148732, 9711989.174541082233191 ], [ 729151.530280641978607, 9711896.00569717399776 ], [ 729076.137535848654807, 9711774.243020856752992 ], [ 729025.807311052223668, 9711673.896638652309775 ], [ 729036.350640958291478, 9711591.368582518771291 ], [ 728842.653365593636408, 9711430.313921604305506 ], [ 728785.028600201243535, 9711290.493935832753778 ], [ 728791.924100615433417, 9711086.086175080388784 ], [ 728906.416401731548831, 9710971.202055133879185 ], [ 728809.403518417384475, 9710824.257481876760721 ], [ 728816.387083413195796, 9710741.735318768769503 ], [ 728769.687047515297309, 9710684.518935499712825 ], [ 728758.867515956051648, 9710598.3760483302176 ], [ 728816.057808720972389, 9710540.989274263381958 ], [ 728776.546443851897493, 9710458.543399207293987 ], [ 728708.461505882558413, 9710519.597977241501212 ], [ 728618.9201548488345, 9710519.744811872020364 ], [ 728464.753002309240401, 9710451.865448528900743 ], [ 728303.373656388605013, 9710394.726421594619751 ], [ 728249.443768032244407, 9710337.411360355094075 ], [ 728274.394075084943324, 9710222.674304094165564 ], [ 728349.586253718007356, 9710222.551062971353531 ], [ 728320.852826975169592, 9710132.898418810218573 ], [ 728202.332711602561176, 9710029.12511708214879 ], [ 728148.349492714740336, 9709871.382020061835647 ], [ 728140.960239016450942, 9709706.483915841206908 ], [ 728190.995593189378269, 9709627.430697686970234 ], [ 728147.761125382734463, 9709512.80554323643446 ], [ 728144.007410828373395, 9709394.465664129704237 ], [ 728183.229733743704855, 9709301.162229226902127 ], [ 728244.219170914264396, 9709322.519136939197779 ], [ 728305.02605712634977, 9709232.830035831779242 ], [ 728311.926461278577335, 9709100.094022186473012 ], [ 728304.542152675916441, 9708938.735102821141481 ], [ 728297.164518378674984, 9708849.047498708590865 ], [ 728383.203295814455487, 9708816.609443046152592 ], [ 728368.565200402634218, 9708640.994516480714083 ], [ 728321.877157327020541, 9708590.857296181842685 ], [ 728404.103225265163928, 9708472.375502901151776 ], [ 728357.37375189748127, 9708397.131304178386927 ], [ 728407.372568793944083, 9708296.620415901765227 ], [ 728410.837153029162437, 9708239.211239313706756 ], [ 728310.259507832932286, 9708088.734735667705536 ], [ 728302.998739385278895, 9708002.696888430044055 ], [ 728392.419878740794957, 9707930.877813143655658 ], [ 728474.72812228964176, 9707862.609696831554174 ], [ 728499.836117729195394, 9707844.539720442146063 ], [ 728556.864064265275374, 9707690.263326508924365 ], [ 728617.740555570344441, 9707643.598226319998503 ], [ 728693.072388282045722, 9707661.391341380774975 ], [ 728732.287006426369771, 9707564.437125597149134 ], [ 728785.949572953628376, 9707460.380229704082012 ], [ 728925.522540324134752, 9707381.287866493687034 ], [ 728950.45192711148411, 9707255.710589461028576 ], [ 728925.034227480995469, 9707087.191828714683652 ], [ 728967.853357604937628, 9706950.856148110702634 ], [ 729103.979454147047363, 9706939.790564434602857 ], [ 729064.425605197553523, 9706832.348874980583787 ], [ 728863.44298389274627, 9706703.497305631637573 ], [ 728691.370497563155368, 9706635.651178369298577 ], [ 728601.708494142629206, 9706628.610907817259431 ], [ 728462.148631814052351, 9706714.892643498256803 ], [ 728390.364905032562092, 9706690.015284521505237 ], [ 728357.906240470358171, 9706568.072980925440788 ], [ 728347.049666504142806, 9706460.47335446998477 ], [ 728400.486877928371541, 9706288.284797178581357 ], [ 728378.876872652675956, 9706202.270813770592213 ], [ 728196.054033028543927, 9706224.031743509694934 ], [ 728124.40556727827061, 9706213.422149429097772 ], [ 728099.206703997449949, 9706109.496408509090543 ], [ 728027.250397397088818, 9705980.430696796625853 ], [ 728019.798305953852832, 9705779.697247574105859 ], [ 727847.515200594207272, 9705650.798412181437016 ], [ 727797.196894531371072, 9705557.643150670453906 ], [ 727739.60127066320274, 9705435.853685226291418 ], [ 727646.301738144597039, 9705314.013012202456594 ], [ 727635.274293255875818, 9705170.578558031469584 ], [ 727710.282459778012708, 9704994.81533451192081 ], [ 727781.703273567487486, 9704869.161336375400424 ], [ 727620.245951640070416, 9704761.812907701358199 ], [ 727512.622360680717975, 9704654.374875720590353 ], [ 727480.259472062578425, 9704589.946937764063478 ], [ 727505.123969109845348, 9704493.016906740143895 ], [ 727662.824490205850452, 9704482.025609489530325 ], [ 727684.392685262020677, 9704542.932228283956647 ], [ 727723.764359510503709, 9704474.734788399189711 ], [ 727820.459259817609563, 9704431.548713518306613 ], [ 727881.240119768306613, 9704395.611705327406526 ], [ 727992.109314040397294, 9704248.32361888512969 ], [ 728020.715812132344581, 9704194.522386150434613 ], [ 728002.634680603630841, 9704090.58504518866539 ], [ 728085.004996870295145, 9704061.690343171358109 ], [ 728088.408280881587416, 9703968.445617781952024 ], [ 728149.318041202612221, 9703943.236634472385049 ], [ 728206.623434904729947, 9703957.519236657768488 ], [ 728274.663704433711246, 9703939.4874980840832 ], [ 728349.999616147135384, 9703960.818516384810209 ], [ 728396.459153682808392, 9703874.690763581544161 ], [ 728636.770709231379442, 9703978.366423055529594 ], [ 728686.656891661230475, 9703813.261280030012131 ], [ 728675.458562703453936, 9703569.397787939757109 ], [ 728678.819001708878204, 9703451.045634105801582 ], [ 728628.457351830555126, 9703332.783756766468287 ], [ 728581.727247794158757, 9703257.540840616449714 ], [ 728495.774053970118985, 9703272.063786925747991 ], [ 728431.178928667213768, 9703221.958028886467218 ], [ 728406.026697232737206, 9703146.678912820294499 ], [ 728219.540854825638235, 9703103.967110693454742 ], [ 728169.336149677052163, 9703078.944291848689318 ], [ 728115.524194189347327, 9703025.281119830906391 ], [ 728061.775508321472444, 9703075.585459487512708 ], [ 727997.376189153757878, 9703075.69348425976932 ], [ 727925.557964471867308, 9703029.249738305807114 ], [ 727868.367221648222767, 9703083.099036270752549 ], [ 727793.092017826158553, 9703097.603668093681335 ], [ 727613.602344366023317, 9702914.966011382639408 ], [ 727595.514865192468278, 9702807.379058929160237 ], [ 727620.396164917270653, 9702721.287787806242704 ], [ 727727.890210166573524, 9702685.271963259205222 ], [ 727921.336754424846731, 9702634.733231320977211 ], [ 728000.19504676759243, 9702634.600795971229672 ], [ 728100.3267888299888, 9702519.625751674175262 ], [ 728229.456082640448585, 9702584.001319540664554 ], [ 728293.900052881799638, 9702544.407305862754583 ], [ 728369.154485260136425, 9702583.766320440918207 ], [ 728390.623402351280674, 9702519.137426950037479 ], [ 728411.818076004041359, 9702357.730416681617498 ], [ 728454.7593754529953, 9702296.715227335691452 ], [ 728411.600628735614009, 9702228.655834440141916 ], [ 728325.557503166026436, 9702189.315158355981112 ], [ 728235.94686784199439, 9702211.033860651776195 ], [ 728193.104703665245324, 9702264.859504440799356 ], [ 728035.358272870071232, 9702247.207112373784184 ], [ 727913.317631895304658, 9702164.90194427408278 ], [ 727870.174141330178827, 9702039.549858896061778 ], [ 727880.884360333206132, 9701992.857063794508576 ], [ 728031.086763673694804, 9701824.044024221599102 ], [ 728106.062658082460985, 9701698.38229394890368 ], [ 728084.523899877909571, 9701655.393694439902902 ], [ 728127.404360139975324, 9701558.542982012033463 ], [ 728077.091103667393327, 9701468.92809628508985 ], [ 728005.212616543169133, 9701386.538869364187121 ], [ 727840.318800398265012, 9701350.98130339756608 ], [ 727822.091221797047183, 9701160.88423839956522 ], [ 727882.848092622472905, 9701046.085647080093622 ], [ 727943.487418697215617, 9700927.637220669537783 ], [ 727964.925345117575489, 9700845.09056649543345 ], [ 728265.683163468493149, 9700719.046537671238184 ], [ 728441.268476607394405, 9700697.292046340182424 ], [ 728362.186319695785642, 9700564.701101955026388 ], [ 728433.785468473332003, 9700482.069118401035666 ], [ 728437.168343021650799, 9700378.095513449981809 ], [ 728501.598585770931095, 9700331.311288051307201 ], [ 728479.777906420757063, 9700187.894724786281586 ], [ 728436.663203763891943, 9700080.350076574832201 ], [ 728382.746123923454434, 9700030.227327113971114 ], [ 728257.325090966885909, 9699987.415181554853916 ], [ 728178.194471608148888, 9699826.178225623443723 ], [ 728059.825039494317025, 9699743.868531756103039 ], [ 728048.866263181553222, 9699643.569396927952766 ], [ 727991.391994332894683, 9699528.860117608681321 ], [ 727743.553511738777161, 9699245.913836847990751 ], [ 727575.103104516281746, 9699210.36401822976768 ], [ 727517.726651304517873, 9699153.058061022311449 ], [ 727513.874002037220635, 9699045.5579305421561 ], [ 727402.595359003171325, 9698880.836841955780983 ], [ 727352.239833154133521, 9698766.115860352292657 ], [ 727316.163226189790294, 9698676.477673146873713 ], [ 727237.264960530330427, 9698651.504567876458168 ], [ 727230.304974369937554, 9698744.75503645837307 ], [ 727169.44100513542071, 9698795.072168607264757 ], [ 727000.827786841895431, 9698662.744603019207716 ], [ 726982.805772950523533, 9698594.643547704443336 ], [ 726993.367464174400084, 9698526.49404457770288 ], [ 726925.196934227598831, 9698465.556634904816747 ], [ 726878.510401713661849, 9698415.421929283067584 ], [ 726882.065167868044227, 9698347.284342898055911 ], [ 727007.307264880044386, 9698286.129526250064373 ], [ 727021.612099976977333, 9698260.998309288173914 ], [ 726863.927593827596866, 9698211.051986871287227 ], [ 726860.068744778167456, 9698099.902343843132257 ], [ 726906.621410138206556, 9698071.177114151418209 ], [ 726859.934915431775153, 9698021.042507708072662 ], [ 726934.993383116321638, 9697881.002014825120568 ], [ 726945.495321695692837, 9697712.424849718809128 ], [ 726966.753366178832948, 9697590.393334209918976 ], [ 726891.43928584549576, 9697579.792873810976744 ], [ 726873.40484486031346, 9697504.502757435664535 ], [ 726891.158865270437673, 9697414.883973881602287 ], [ 726862.428855312056839, 9697328.772954806685448 ], [ 726819.185548400972039, 9697210.50112859159708 ], [ 726926.56381848314777, 9697109.890643414109945 ], [ 726797.433331365231425, 9697041.978935413062572 ], [ 726775.490483666304499, 9696826.893176794052124 ], [ 726814.747111520147882, 9696694.102499697357416 ], [ 726799.947447127662599, 9696428.790734233334661 ], [ 726810.40422365651466, 9696299.698993282392621 ], [ 726803.071953596547246, 9696174.176906939595938 ], [ 726706.011989464401267, 9695998.704832121729851 ], [ 726655.429770378046669, 9695751.261485543102026 ], [ 726644.470009196666069, 9695650.852611402049661 ], [ 726625.212722657131962, 9695576.117844104766846 ], [ 726574.62076751247514, 9695258.109955850988626 ], [ 726565.511888570850715, 9695069.547350211068988 ], [ 726580.066683830576949, 9694995.971405541524291 ], [ 726630.013769656186923, 9694872.121023053303361 ], [ 726591.411633909447119, 9694736.698398232460022 ], [ 726526.693246315233409, 9694742.671252816915512 ], [ 726414.788441863260232, 9694795.952340818941593 ], [ 726270.534689599997364, 9694793.212956599891186 ], [ 726164.600241065490991, 9694825.800787419080734 ], [ 725990.913931557093747, 9694911.482955800369382 ], [ 725899.619883561274037, 9694920.487084846943617 ], [ 725669.766013300744817, 9694808.949632851406932 ], [ 725569.660975607344881, 9694803.258481716737151 ], [ 725401.718785858247429, 9694800.558561019599438 ], [ 725313.332573258550838, 9694753.592607315629721 ], [ 725177.584171205176972, 9694650.742608644068241 ], [ 724971.214651893707924, 9694483.20006856136024 ], [ 724850.213412021286786, 9694353.780530339106917 ], [ 724593.410847691004165, 9694024.292254835367203 ], [ 724404.500763143529184, 9693724.219464160501957 ], [ 724251.202230177586898, 9693633.12346588820219 ], [ 724206.828403875697404, 9693568.386446602642536 ], [ 724050.67388873861637, 9693497.977792954072356 ], [ 723641.013148191617802, 9693333.767670799046755 ], [ 723599.758647911599837, 9693271.901068262755871 ], [ 723443.408901604707353, 9693151.390197515487671 ], [ 723319.529035582439974, 9693027.948575085029006 ], [ 723215.958620935794897, 9692748.30387525446713 ], [ 723154.003673291765153, 9692677.624508799985051 ], [ 722912.394720935844816, 9692580.92728529125452 ], [ 722700.111328440485522, 9692463.387186305597425 ], [ 722611.693460213253275, 9692395.849591113626957 ], [ 722508.17947677266784, 9692148.61164135299623 ], [ 722413.567468299996108, 9691904.234383214265108 ], [ 722386.562488448573276, 9691653.88063158094883 ], [ 722371.492097645299509, 9691424.188946144655347 ], [ 722444.818770907120779, 9691250.310761786997318 ], [ 722435.69211277528666, 9691050.028658807277679 ], [ 722400.075981176807545, 9690902.769361760467291 ], [ 722384.938536944915541, 9690699.511340217664838 ], [ 722387.49432967544999, 9690437.383677512407303 ], [ 722428.315695049590431, 9690245.864437649026513 ], [ 722560.360661041922867, 9689942.261336216703057 ], [ 722563.156445274245925, 9689886.292616754770279 ], [ 722565.977718528360128, 9689780.221745943650603 ], [ 722545.156821992830373, 9689635.923496631905437 ], [ 722509.6861130715115, 9689574.158433919772506 ], [ 722480.084202478639781, 9689497.562856703996658 ], [ 722494.612674286356196, 9689409.168080082163215 ], [ 722521.106112819747068, 9689359.020619127899408 ], [ 722523.715071013313718, 9689194.11056955717504 ], [ 722588.348591057234444, 9689076.210051842033863 ], [ 722697.192827758030035, 9688993.515192488208413 ], [ 722817.455987788154744, 9688760.604582358151674 ], [ 722914.430544774630107, 9688630.813655339181423 ], [ 722949.648381809238344, 9688545.369166903197765 ], [ 722990.800609640427865, 9688483.361823134124279 ], [ 723211.419654562021606, 9688341.633723208680749 ], [ 723505.557439065538347, 9688140.827495034784079 ], [ 723732.100227996474132, 9688016.673069262877107 ], [ 723926.317547996528447, 9687978.068904208019376 ], [ 724082.395122595829889, 9687942.516694152727723 ], [ 724150.055457518086769, 9687904.020668549463153 ], [ 724194.154797635157593, 9687874.524169931188226 ], [ 724303.161087403423153, 9687886.169519409537315 ], [ 724518.329445562441833, 9688000.600893922150135 ], [ 724594.852473578881472, 9688006.440563583746552 ], [ 724703.685067758662626, 9687917.880553582683206 ], [ 724848.066642331308685, 9687935.215346954762936 ], [ 724915.583702869829722, 9687814.320400042459369 ], [ 725009.727663858211599, 9687784.73639472015202 ], [ 725133.362800687667914, 9687766.824770405888557 ], [ 725180.346639293711632, 9687669.523494176566601 ], [ 725297.738439750159159, 9687451.432162096723914 ], [ 725418.384208095259964, 9687377.560370611026883 ], [ 725509.692875523585826, 9687380.276576042175293 ], [ 725606.942320281406865, 9687409.637562485411763 ], [ 725659.868234340217896, 9687403.683134570717812 ], [ 725733.386478521861136, 9687344.603400029242039 ], [ 725807.064478041720577, 9687376.881136430427432 ], [ 725877.840809062938206, 9687403.301987553015351 ], [ 726007.442400100873783, 9687426.633595738559961 ], [ 726075.714270707801916, 9687483.474562387913465 ], [ 726121.534696253016591, 9687611.361905144527555 ], [ 726486.687470570672303, 9687574.112675568088889 ], [ 726788.26216754433699, 9687683.191491359844804 ], [ 727025.955220935866237, 9687828.881316486746073 ], [ 727217.989094834541902, 9688002.080992490053177 ], [ 727300.166946326149628, 9687997.512480730190873 ], [ 727415.974025178235024, 9688017.438817964866757 ], [ 727521.958230967400596, 9688143.230157118290663 ], [ 727652.99274209770374, 9688158.041856542229652 ], [ 727854.292047990718856, 9688097.297861259430647 ], [ 727949.925772471353412, 9688092.041646961122751 ], [ 728014.852730754180811, 9687764.539186416193843 ], [ 728095.085957984556444, 9687603.247414154931903 ], [ 728084.836841391981579, 9687467.333034105598927 ], [ 728134.944431326468475, 9687376.54911332949996 ], [ 728336.184323663706891, 9687220.02009461261332 ], [ 728482.107541817822494, 9687164.3490034583956 ], [ 728708.423334209015593, 9687038.080057788640261 ], [ 728763.699600144987926, 9686977.4813212454319 ], [ 728703.070332933682948, 9686841.655910577625036 ], [ 728718.105830519692972, 9686791.304164085537195 ], [ 728808.618172110058367, 9686720.577749287709594 ], [ 728904.018784809508361, 9686584.475156823173165 ], [ 728939.210185150033794, 9686549.129705116152763 ], [ 729019.601983402273618, 9686478.420924121513963 ], [ 729039.663417840842158, 9686377.734912283718586 ], [ 729094.786674209288321, 9686231.527874363586307 ], [ 729195.128019206924364, 9686060.132817801088095 ], [ 729184.984301224700175, 9685984.607790755107999 ], [ 729194.80454933270812, 9685878.74143385514617 ], [ 729142.892733418149874, 9685705.184448173269629 ], [ 729117.53420463274233, 9685579.250814354047179 ], [ 729203.022917555528693, 9685498.577854899689555 ], [ 729288.394299768377095, 9685352.316249009221792 ], [ 729424.104955432820134, 9685246.335203040391207 ], [ 729534.771869169780985, 9685190.7240074519068 ], [ 729665.985818268265575, 9685306.29262844286859 ], [ 729726.40061162749771, 9685321.337341265752912 ], [ 729837.004433172754943, 9685230.442868907004595 ], [ 729912.227804546593688, 9685069.1560577172786 ], [ 730032.64397758920677, 9684807.026386728510261 ], [ 730012.397173047414981, 9684741.584365153685212 ], [ 729911.549782539019361, 9684691.440086636692286 ], [ 729755.412566948449239, 9684631.219373004510999 ], [ 729679.509225810063072, 9684475.291699839755893 ], [ 729674.215135362814181, 9684314.038845736533403 ], [ 729804.865285311243497, 9684177.870197849348187 ], [ 730056.545672629843466, 9684122.004050115123391 ], [ 730192.201974307186902, 9683925.324325302615762 ], [ 730176.923042643698864, 9683839.743201583623886 ], [ 730106.415805511409417, 9683839.870311534032226 ], [ 729975.348950004088692, 9683744.322229951620102 ], [ 729924.77133853523992, 9683633.697401076555252 ], [ 729964.838469863054343, 9683527.775830907747149 ], [ 730004.814879758167081, 9683371.639504421502352 ], [ 730085.132566436310299, 9683200.166689168661833 ], [ 730226.046197704155929, 9683144.498737191781402 ], [ 730382.155348979518749, 9683189.56480422988534 ], [ 730624.080442178761587, 9683274.735973173752427 ], [ 730759.933605451020412, 9683249.382495790719986 ], [ 730835.328171303030103, 9683123.265765726566315 ], [ 730950.558644846081734, 9682825.858507100492716 ], [ 730990.761775621213019, 9682795.590083874762058 ], [ 731086.586538452655077, 9682835.676708292216063 ], [ 731252.578578830813058, 9682749.765958154574037 ], [ 731474.017279845895246, 9682699.037355003878474 ], [ 731665.244592961040325, 9682607.991908704861999 ], [ 731840.970704294391908, 9682310.582339467480779 ], [ 731926.27948709228076, 9682194.510860657319427 ], [ 732006.897554521681741, 9682189.386306216940284 ], [ 732188.261786586605012, 9682239.380946157500148 ], [ 732278.999335955944844, 9682294.62908742018044 ], [ 732349.773767691920511, 9682440.611402150243521 ], [ 732380.02298192109447, 9682440.556098660454154 ], [ 732460.364079182734713, 9682344.623526301234961 ], [ 732530.512431239243597, 9682087.665624907240272 ], [ 732651.167189051047899, 9681961.57367586530745 ], [ 732696.300301073119044, 9681890.923565408214927 ], [ 732645.783605445409194, 9681815.471543565392494 ], [ 732625.54383721225895, 9681755.117183310911059 ], [ 732645.497297669295222, 9681659.405422603711486 ], [ 732736.022268503555097, 9681598.737151650711894 ], [ 732740.925254735164344, 9681482.922427339479327 ], [ 732740.740149450371973, 9681382.159620547667146 ], [ 732821.080087541718967, 9681286.336721865460277 ], [ 732831.042740917066112, 9681200.708395326510072 ], [ 732649.317410578485578, 9680954.167349699884653 ], [ 732593.620208321837708, 9680843.441452419385314 ], [ 732477.555248679709621, 9680682.500431010499597 ], [ 732411.793866247870028, 9680541.597453715279698 ], [ 732376.355346653144807, 9680440.899689881131053 ], [ 732340.898513592081144, 9680330.24736362695694 ], [ 732350.777430761838332, 9680199.270543720573187 ], [ 732415.991487989667803, 9680042.973373660817742 ], [ 732365.409957353374921, 9679932.238371763378382 ], [ 732334.789920096751302, 9679730.768916262313724 ], [ 732243.728473038994707, 9679499.325913177803159 ], [ 732283.660356813459657, 9679322.94481130503118 ], [ 732278.460631834692322, 9679217.103573855012655 ], [ 732237.952568956417963, 9679081.242461390793324 ], [ 732283.0744039027486, 9679005.614590629935265 ], [ 732338.399833693518303, 9678975.316664803773165 ], [ 732453.383079946390353, 9678491.530080256983638 ], [ 732538.891125444788486, 9678425.892301259562373 ], [ 732613.961782635655254, 9678189.053856384009123 ], [ 732774.557824040530249, 9677896.531473442912102 ], [ 732935.312248884700239, 9677689.728754118084908 ], [ 733005.170179698383436, 9677342.070241281762719 ], [ 733065.254840011242777, 9677180.803214889019728 ], [ 733049.952432313933969, 9677085.156283169984818 ], [ 733110.194743050727993, 9676948.996707139536738 ], [ 733175.508720264770091, 9676908.613673236221075 ], [ 733246.032120218733326, 9676918.547302085906267 ], [ 733392.149228723137639, 9676973.688844976946712 ], [ 733482.744667837512679, 9676953.388969782739878 ], [ 733482.593958831974305, 9676872.75620430894196 ], [ 733542.77919267618563, 9676706.4001804292202 ], [ 733623.07562355499249, 9676590.443529337644577 ], [ 733774.072415564558469, 9676519.592895144596696 ], [ 733985.333701491937973, 9676443.76216883957386 ], [ 734096.142118659801781, 9676468.662312204018235 ], [ 734186.926533215912059, 9676549.125298408791423 ], [ 734227.466775567037985, 9676700.140047080814838 ], [ 734333.328173820162192, 9676755.356133619323373 ], [ 734454.238232684205286, 9676770.282498218119144 ], [ 734580.057950087590143, 9676734.762088550254703 ], [ 734841.222643144312315, 9676406.869580732658505 ], [ 735087.847869946854189, 9676330.859164323657751 ], [ 735288.948548507876694, 9676174.30006730183959 ], [ 735510.431236603180878, 9676093.247736994177103 ], [ 735580.831557479104958, 9676037.699488380923867 ], [ 735646.144982949015684, 9675997.314231971278787 ], [ 735741.827252937597223, 9675961.848848447203636 ], [ 735942.955664330627769, 9675820.44108484685421 ], [ 736139.270610158797354, 9675779.807032037526369 ], [ 736265.20471723144874, 9675804.787055427208543 ], [ 736507.039420802029781, 9675900.005264414474368 ], [ 736638.070388913853094, 9675914.909882370382547 ], [ 736683.216779872542247, 9675854.320510195568204 ], [ 736753.540274898405187, 9675758.509267585352063 ], [ 736879.244845999870449, 9675662.592493698000908 ], [ 736924.444703187444247, 9675571.806248616427183 ], [ 736974.431973880506121, 9675425.595190897583961 ], [ 737044.610806063516065, 9675254.237028442323208 ], [ 737175.430095836753026, 9675158.309652043506503 ], [ 737210.63478136039339, 9675133.133930498734117 ], [ 737336.549897968652658, 9675147.936444401741028 ], [ 737457.070500303176232, 9675016.743500491604209 ], [ 737588.004966346663423, 9674981.208349701017141 ], [ 737733.865794366924092, 9674900.404719196259975 ], [ 737874.712445597397164, 9674814.522298729047179 ], [ 737914.853449342073873, 9674753.941329950466752 ], [ 737934.653541612555273, 9674582.678048893809319 ], [ 738115.146915612160228, 9674179.37652974575758 ], [ 738200.533816745388322, 9674053.226599192246795 ], [ 738769.297777663334273, 9673906.124327156692743 ], [ 738965.504566623130813, 9673810.066826529800892 ], [ 739091.351788881467655, 9673789.581815237179399 ], [ 739187.038619455765001, 9673814.616289688274264 ], [ 739217.355173111194745, 9673849.842758052051067 ], [ 739278.081510953372344, 9674026.040184244513512 ], [ 739328.506990289315581, 9674051.051555074751377 ], [ 739383.888297733385116, 9674050.944499839097261 ], [ 739489.373799087945372, 9673909.710601594299078 ], [ 739584.904913933482021, 9673854.10921954549849 ], [ 739761.04188013356179, 9673788.285844808444381 ], [ 739957.131409440888092, 9673631.721524607390165 ], [ 740087.621583550237119, 9673424.955452874302864 ], [ 740168.031519041513093, 9673313.96583017334342 ], [ 740202.951240829774179, 9673142.670276671648026 ], [ 740278.078553804894909, 9672946.076770866289735 ], [ 740549.59698509494774, 9672749.10014015249908 ], [ 740791.075960262329318, 9672602.509683433920145 ], [ 740906.83285191108007, 9672597.305952254682779 ], [ 741007.635874009458348, 9672622.328618066385388 ], [ 741002.402049385476857, 9672561.833688149228692 ], [ 740820.435354779940099, 9672204.578773966059089 ], [ 740820.20879922946915, 9672088.767809269949794 ], [ 740850.131601021857932, 9671922.458464663475752 ], [ 740945.482975700870156, 9671776.152364041656256 ], [ 741106.473038775613531, 9671700.288250302895904 ], [ 741086.255723331356421, 9671654.976651780307293 ], [ 741015.573208410292864, 9671564.523418877273798 ], [ 740914.891852082218975, 9671544.478723894804716 ], [ 740824.219355519860983, 9671524.52496630884707 ], [ 740788.809187322971411, 9671444.068387355655432 ], [ 740778.52138643397484, 9671358.363786639645696 ], [ 740818.669485264457762, 9671302.97874984331429 ], [ 740898.888511630706489, 9671096.307507945224643 ], [ 740959.065371572971344, 9670990.332974841818213 ], [ 741139.895150874741375, 9670768.420097904279828 ], [ 741155.959006543387659, 9670624.3705471791327 ], [ 741201.013553803437389, 9670463.118875119835138 ], [ 741336.469904353492893, 9670241.294207565486431 ], [ 741401.751419600564986, 9670130.441813416779041 ], [ 741381.195842638495378, 9669913.902060989290476 ], [ 741270.095883145229891, 9669798.309575879946351 ], [ 741083.410551243112423, 9669587.18619997240603 ], [ 741012.608681736746803, 9669436.228845557197928 ], [ 740981.963407620904036, 9669234.863470133394003 ], [ 740866.100559085141867, 9669184.763462504372001 ], [ 740760.275914666475728, 9669149.686919610947371 ], [ 740735.034454845474102, 9669094.319814087823033 ], [ 740749.96929014835041, 9668998.610410852357745 ], [ 740779.986246205633506, 9668938.156631840392947 ], [ 740920.753695399034768, 9668816.978790197521448 ], [ 741000.848364749224856, 9668549.911727458238602 ], [ 741131.565426787594333, 9668464.03855936974287 ], [ 741212.066957322414964, 9668458.901491088792682 ], [ 741277.565893078921363, 9668458.771686550229788 ], [ 741413.797642797464505, 9668574.313485423102975 ], [ 741474.24121846165508, 9668604.391023498028517 ], [ 741640.359972165082581, 9668593.995727641507983 ], [ 741726.057118806871586, 9668629.111293343827128 ], [ 741766.472836609696969, 9668709.557562520727515 ], [ 741751.508845230215229, 9668790.113739455118775 ], [ 741761.738373841508292, 9668845.510709190741181 ], [ 742054.111270913504995, 9669021.248289011418819 ], [ 742064.060919308452867, 9668935.613688254728913 ], [ 742164.4307960459264, 9668799.359657391905785 ], [ 742355.533603119198233, 9668658.057878850027919 ], [ 742617.209852950065397, 9668551.790074994787574 ], [ 742752.720351715688594, 9668360.157829485833645 ], [ 742918.336962432833388, 9668097.893200639635324 ], [ 742943.409293554141186, 9668012.227794237434864 ], [ 742892.872818929958157, 9667931.801731685176492 ], [ 742837.402495618443936, 9667886.560820458456874 ], [ 742746.489568479708396, 9667745.820249723270535 ], [ 742751.393368163728155, 9667639.952867388725281 ], [ 742806.521164054051042, 9667513.963892070576549 ], [ 742826.417335120844655, 9667398.111194025725126 ], [ 742876.439616309362464, 9667221.692246366292238 ], [ 742911.560205901390873, 9667156.248974353075027 ], [ 742986.996715097106062, 9667120.811913464218378 ], [ 743334.427196218864992, 9667135.15866912715137 ], [ 743787.755470306845382, 9667164.556449394673109 ], [ 743858.11696935875807, 9667093.842767998576164 ], [ 743868.024091416038573, 9667043.493131905794144 ], [ 743872.653401407878846, 9666857.208583552390337 ], [ 743957.945783404167742, 9666690.893414661288261 ], [ 744068.044531442108564, 9666363.251478286460042 ], [ 744123.382647932739928, 9666287.589817212894559 ], [ 744279.177627681521699, 9666176.549585917964578 ], [ 744374.65914218290709, 9666045.388346703723073 ], [ 744520.424740502843633, 9665924.191090660169721 ], [ 744691.189601643709466, 9665737.569137290120125 ], [ 744770.073417932144366, 9665702.565403388813138 ], [ 744907.508720856625587, 9665641.448173834010959 ], [ 744998.129262908129022, 9665636.175959352403879 ], [ 745048.576110592344776, 9665671.359918717294931 ], [ 745078.946101119043306, 9665731.694372905418277 ], [ 745084.62483023875393, 9665790.08787446282804 ], [ 745089.169284182600677, 9665837.53273786790669 ], [ 745134.591400380013511, 9665862.550300121307373 ], [ 745190.996284623397514, 9665819.738170528784394 ], [ 745340.668769118958153, 9665706.053057676181197 ], [ 745421.250648687477224, 9665685.757197702303529 ], [ 745713.200467402115464, 9665649.8768181335181 ], [ 745949.914734167046845, 9665684.681292161345482 ], [ 746136.305062460945919, 9665744.697906261309981 ], [ 746237.107725841924548, 9665769.712907750159502 ], [ 746307.590866213198751, 9665759.503065565600991 ], [ 746418.175886718789116, 9665673.66028038226068 ], [ 746589.196383869973943, 9665612.914394715800881 ], [ 746790.719828892149962, 9665622.568625079467893 ], [ 746835.2257124298485, 9665634.202994612976909 ], [ 746982.095088152098469, 9665672.507849304005504 ], [ 747087.954014974879101, 9665722.62192846275866 ], [ 747279.616382827283815, 9665858.177912155166268 ], [ 747345.147349040373228, 9665873.19827895052731 ], [ 747435.697253716061823, 9665832.748173482716084 ], [ 747566.379445356084034, 9665731.70804581977427 ], [ 747591.284764125710353, 9665620.929078126326203 ], [ 747621.29473530407995, 9665504.940580010414124 ], [ 747696.461921000038274, 9665338.639021627604961 ], [ 747796.985992830828764, 9665227.593848088756204 ], [ 747902.669710545102134, 9665192.200210681185126 ], [ 748300.585741994902492, 9665256.866952730342746 ], [ 748406.445838185609318, 9665306.980015018954873 ], [ 748582.737754917354323, 9665321.660769913345575 ], [ 748571.94301723013632, 9664994.364478284493089 ], [ 748536.545533871860243, 9664923.973880773410201 ], [ 748425.53568688116502, 9664803.297563282772899 ], [ 748329.847533106338233, 9664778.384713033214211 ], [ 748153.504450797918253, 9664738.372857112437487 ], [ 748072.68374083226081, 9664642.855184607207775 ], [ 748067.440758949611336, 9664527.049336243420839 ], [ 748338.628942531649955, 9664184.01708504371345 ], [ 748489.561431426089257, 9664143.44018692150712 ], [ 748580.314886835985817, 9664148.340915095061064 ], [ 748741.471276850439608, 9664158.073689099401236 ], [ 748837.086524965940043, 9664147.809488451108336 ], [ 749083.839575019315816, 9664142.209836347028613 ], [ 749159.243155177682638, 9664091.611533893272281 ], [ 749154.103350801160559, 9664026.246730158105493 ], [ 749032.952114954590797, 9663895.525883723050356 ], [ 748942.132250793045387, 9663805.00724533200264 ], [ 748926.737031292403117, 9663674.177803013473749 ], [ 748981.845035003847443, 9663543.091442553326488 ], [ 749238.207925063790753, 9663346.21129964850843 ], [ 749394.118826667894609, 9663240.135715484619141 ], [ 749540.046092462027445, 9663199.456145897507668 ], [ 749635.598004788625985, 9663158.991910682991147 ], [ 749741.017416325397789, 9662997.600631788372993 ], [ 749891.902469054912217, 9662881.467890940606594 ], [ 750133.223471640842035, 9662724.880412794649601 ], [ 750243.814382691518404, 9662644.00782729499042 ], [ 750369.402761588222347, 9662502.816146604716778 ], [ 750510.219840308884159, 9662411.813377806916833 ], [ 750580.596788533730432, 9662351.26769994944334 ], [ 750550.201268846634775, 9662280.756257412955165 ], [ 750414.214952209847979, 9662235.797999335452914 ], [ 750323.435778112383559, 9662165.413150444626808 ], [ 750323.140416835783981, 9662024.484882589429617 ], [ 750348.092963854200207, 9661938.813281236216426 ], [ 750473.785342658404261, 9661847.841788552701473 ], [ 750589.427186950459145, 9661736.869014939293265 ], [ 750644.584469747031108, 9661631.000962493941188 ], [ 750589.120211779139936, 9661590.741416487842798 ], [ 750528.689127481658943, 9661621.178085962310433 ], [ 750392.872234836919233, 9661656.640221050009131 ], [ 750221.513292805990204, 9661606.668085457757115 ], [ 750090.415633775060996, 9661506.169083440676332 ], [ 750054.868606199976057, 9661365.31497042812407 ], [ 750104.894599657156505, 9661198.949512409046292 ], [ 750250.565418338403106, 9661037.471418134868145 ], [ 750346.104771546670236, 9660992.027299851179123 ], [ 750602.994112959364429, 9660996.464691668748856 ], [ 750708.435526973567903, 9660900.556815929710865 ], [ 750688.095716893323697, 9660799.935917859897017 ], [ 750682.794368128059432, 9660658.907230937853456 ], [ 750733.041903885314241, 9660598.403045641258359 ], [ 750818.593632900854573, 9660562.934973359107971 ], [ 750879.019247597432695, 9660582.940262943506241 ], [ 750964.698708605021238, 9660607.980747491121292 ], [ 751055.45664087345358, 9660668.187557831406593 ], [ 751110.857031806604937, 9660678.137004403397441 ], [ 751150.963757962686941, 9660607.587497437372804 ], [ 751135.680562187335454, 9660532.066444337368011 ], [ 750964.135155795840546, 9660341.056614868342876 ], [ 750858.073081392794847, 9660195.262677339836955 ], [ 750757.068343296414241, 9660074.568792222067714 ], [ 750706.406573842512444, 9659938.724383102729917 ], [ 750721.157465731957927, 9659762.365675868466496 ], [ 750801.555297140730545, 9659656.443378599360585 ], [ 750922.165433077607304, 9659530.303026400506496 ], [ 750881.777838976937346, 9659520.322123672813177 ], [ 750771.223214300116524, 9659616.242000894621015 ], [ 750690.968658247962594, 9659737.318850111216307 ], [ 750610.33651624864433, 9659732.400749290362 ], [ 750504.434719529235736, 9659662.159911066293716 ], [ 750458.866914504207671, 9659516.127982864156365 ], [ 750483.806997734354809, 9659425.478006694465876 ], [ 750739.835922196740285, 9659077.480492366477847 ], [ 750966.047836338751949, 9658880.540505368262529 ], [ 750965.823477421072312, 9658774.788520710542798 ], [ 750945.279104247922078, 9658578.37149341776967 ], [ 750874.392772732884623, 9658397.216316064819694 ], [ 750748.396103285369463, 9658342.174004314467311 ], [ 750577.179068540572189, 9658357.581577856093645 ], [ 750426.211442879517563, 9658378.034438367933035 ], [ 750370.73771936702542, 9658332.908712862059474 ], [ 750315.125003980705515, 9658222.186046317219734 ], [ 750385.262797978008166, 9658050.798602694645524 ], [ 750530.63767767790705, 9657753.366266150027514 ], [ 750530.445173354353756, 9657662.769344279542565 ], [ 750016.909672281472012, 9657709.102763786911964 ], [ 749845.67774213058874, 9657664.222570780664682 ], [ 749724.569197276839986, 9657553.639037616550922 ], [ 749739.457608685013838, 9657442.877957098186016 ], [ 749824.856445921468548, 9657336.834541454911232 ], [ 750151.826887594186701, 9657200.189531251788139 ], [ 750337.82872805907391, 9657078.99786040559411 ], [ 750448.358087176340632, 9656973.010544184595346 ], [ 750538.942330940742977, 9656952.574317507445812 ], [ 750715.161125864600763, 9656937.154642596840858 ], [ 750881.425669511198066, 9656946.866574466228485 ], [ 750936.652686425717548, 9656876.284007553011179 ], [ 750956.500280071166344, 9656745.267862049862742 ], [ 750775.524806818342768, 9656876.627658072859049 ], [ 750674.874681681627408, 9656922.085613774135709 ], [ 750533.852613348513842, 9656912.319669557735324 ], [ 750397.967276909388602, 9656912.609002517536283 ], [ 750362.524322832352482, 9656822.087193109095097 ], [ 750331.988753925077617, 9656686.201035005971789 ], [ 750386.958047539344989, 9656494.712444482371211 ], [ 750371.748980068136007, 9656454.368787441402674 ], [ 750286.104609518777579, 9656444.484932160004973 ], [ 750200.496332306182012, 9656399.31340716034174 ], [ 750159.97036390460562, 9656323.846797415986657 ], [ 750174.932364632491954, 9656248.261984616518021 ], [ 750290.532615252770483, 9656122.130811920389533 ], [ 750461.279800459160469, 9655940.461281910538673 ], [ 750692.712177434004843, 9655849.36943537555635 ], [ 750747.701151412795298, 9655667.946276444941759 ], [ 750833.129595083533786, 9655577.055325031280518 ], [ 750923.648295362712815, 9655526.529525015503168 ], [ 751094.904415199998766, 9655531.25112421438098 ], [ 751291.215639325091615, 9655500.520340768620372 ], [ 751301.083237492362969, 9655435.122737038880587 ], [ 751230.658975915634073, 9655470.450968489050865 ], [ 751145.036314638447948, 9655470.634574836120009 ], [ 750998.925245727295987, 9655420.615727627649903 ], [ 750817.413502094103023, 9655300.097249744459987 ], [ 750731.510885367519222, 9655169.418210035189986 ], [ 750610.275667940964922, 9654948.106895500794053 ], [ 750629.689739826368168, 9654615.653458744287491 ], [ 750548.790999342454597, 9654484.853430513292551 ], [ 750387.396893474739045, 9654359.314616654068232 ], [ 750281.65981950960122, 9654364.629806416109204 ], [ 750181.102309897658415, 9654400.022239945828915 ], [ 750025.359865503618494, 9654576.682760590687394 ], [ 749904.58596299844794, 9654622.184360159561038 ], [ 749819.03277972759679, 9654602.234637472778559 ], [ 749738.200156387290917, 9654501.744171584025025 ], [ 749747.974343960406259, 9654340.551418194547296 ], [ 749798.055301666725427, 9654204.493505688384175 ], [ 750029.015263078152202, 9653947.141199570149183 ], [ 750043.91114830202423, 9653841.357312183827162 ], [ 749968.452299903379753, 9653861.651810426265001 ], [ 749873.007333430927247, 9653947.475566796958447 ], [ 749762.407143875141628, 9654018.176789542660117 ], [ 749591.133362650871277, 9654003.499229868873954 ], [ 749535.520717096049339, 9653892.77813577465713 ], [ 749520.085584584623575, 9653746.794301366433501 ], [ 749434.195643896353431, 9653621.093971606343985 ], [ 749408.871312762144953, 9653530.44079652056098 ], [ 749382.74868404015433, 9653067.225385829806328 ], [ 749442.824932209565304, 9652926.057603988796473 ], [ 749447.634310361463577, 9652835.450483618304133 ], [ 749326.844569301465526, 9652820.554851468652487 ], [ 749160.72772807860747, 9652876.330960799008608 ], [ 749034.747905284631997, 9652826.269454268738627 ], [ 748989.30843463819474, 9652740.748077344149351 ], [ 748984.045619446784258, 9652619.853338927030563 ], [ 749064.24792034435086, 9652478.753387628123164 ], [ 748978.293649937724695, 9652322.744390744715929 ], [ 748968.091869510244578, 9652232.169728543609381 ], [ 749008.062881366000511, 9652101.111636953428388 ], [ 748957.573263779981062, 9652045.800144679844379 ], [ 748927.234448093804531, 9651950.180287599563599 ], [ 748931.708133637905121, 9651703.380863839760423 ], [ 748871.175849041435868, 9651683.378340490162373 ], [ 748689.812550989445299, 9651628.458611553534865 ], [ 748538.661268241005018, 9651558.20858284085989 ], [ 748392.427803862141445, 9651447.79356275126338 ], [ 748372.139874961925671, 9651372.284921551123261 ], [ 748351.63565901806578, 9651196.003677252680063 ], [ 748255.574886028654873, 9651045.105607895180583 ], [ 748280.512865357333794, 9650904.124678321182728 ], [ 748204.815699244849384, 9650863.911660205572844 ], [ 748093.852610159199685, 9650763.487567856907845 ], [ 748038.262847114121541, 9650662.834007281810045 ], [ 747972.839042300358415, 9650642.842013081535697 ], [ 747882.150056605227292, 9650663.169093489646912 ], [ 747776.539857300347649, 9650673.461871173232794 ], [ 747700.767997222952545, 9650598.183115800842643 ], [ 747665.336777206161059, 9650512.641043661162257 ], [ 747654.994516219710931, 9650356.471126219257712 ], [ 747684.838604134507477, 9650170.126950662583113 ], [ 747820.432385301915929, 9650038.864319348707795 ], [ 748031.722439573146403, 9649947.813989182934165 ], [ 748117.187477622530423, 9649877.055824782699347 ], [ 748152.033807436935604, 9649690.700119823217392 ], [ 748106.396871656528674, 9649564.915180439129472 ], [ 748030.855185997206718, 9649544.945448318496346 ], [ 747919.805859417305328, 9649404.146849049255252 ], [ 747813.781987495603971, 9649273.403724772855639 ], [ 747818.394955942058004, 9649092.0912627261132 ], [ 747783.050059929257259, 9649046.814143892377615 ], [ 747777.81861555762589, 9648941.074850145727396 ], [ 747752.404985424596816, 9648860.59991623647511 ], [ 747449.991300762514584, 9648664.794707417488098 ], [ 747369.249091582722031, 9648604.571479555219412 ], [ 747283.394844558788463, 9648493.917719369754195 ], [ 747227.708291711518541, 9648348.022700406610966 ], [ 747232.508101899875328, 9648201.88678546436131 ], [ 747292.557932315627113, 9648050.764547577127814 ], [ 747362.920889982022345, 9647990.105009358376265 ], [ 747559.290807374520227, 9647994.769546577706933 ], [ 747634.864096644101664, 9648029.893367869779468 ], [ 747685.243329185293987, 9648034.762343771755695 ], [ 747851.185260414495133, 9647953.873980524018407 ], [ 747991.91104985086713, 9647832.664239216595888 ], [ 748006.869186167605221, 9647757.079821649938822 ], [ 747809.943560388870537, 9647495.673616463318467 ], [ 747709.108871204312891, 9647450.538571089506149 ], [ 747522.999388215481304, 9647511.338377710431814 ], [ 747371.949323423090391, 9647536.885642591863871 ], [ 747311.400274363462813, 9647456.486933805048466 ], [ 747295.984724434791133, 9647320.460770631209016 ], [ 747275.250165428849868, 9647038.541716689243913 ], [ 747234.804137050989084, 9646947.922900341451168 ], [ 747158.992147166281939, 9646802.071924326941371 ], [ 747123.353585478384048, 9646620.847174942493439 ], [ 747077.782262344029732, 9646525.261798484250903 ], [ 747001.730508971493691, 9646268.5730524007231 ], [ 747016.535658818786032, 9646122.526175772771239 ], [ 747086.66777206340339, 9645956.226995304226875 ], [ 747207.263048628112301, 9645885.391593504697084 ], [ 747363.237579362699762, 9645824.655966773629189 ], [ 747428.737400905811228, 9645829.602156907320023 ], [ 747595.057854789309204, 9645924.925165137276053 ], [ 747625.267687147599645, 9645909.704907083883882 ], [ 747574.637472343631089, 9645788.909784620627761 ], [ 747574.341990883462131, 9645652.961301052942872 ], [ 747619.375931722228415, 9645552.201276293024421 ], [ 747774.988086801487952, 9645325.206814048811793 ], [ 747905.68959486798849, 9645249.370079681277275 ], [ 748026.351434625452384, 9645158.510919934138656 ], [ 748131.803685718798079, 9645027.309094225987792 ], [ 748212.259760888759047, 9644956.669711856171489 ], [ 748272.292564556002617, 9644800.3457405064255 ], [ 748347.292481170152314, 9644573.635693976655602 ], [ 748306.899757286068052, 9644508.127445857971907 ], [ 748180.982689665281214, 9644483.292492341250181 ], [ 748044.793645918369293, 9644387.905586618930101 ], [ 747968.92450618033763, 9644216.834770539775491 ], [ 747983.704371661529876, 9644060.720474740490317 ], [ 748043.659068846609443, 9643869.220121646299958 ], [ 747947.786619579885155, 9643753.612929401919246 ], [ 747690.928989628097042, 9643693.666929379105568 ], [ 747595.033994164899923, 9643618.324695266783237 ], [ 747499.085385121288709, 9643467.541332088410854 ], [ 747483.688807438826188, 9643341.581478146836162 ], [ 747528.677423747023568, 9643170.357485808432102 ], [ 747473.021219932707027, 9643039.507976060733199 ], [ 747407.181241747457534, 9642878.482209667563438 ], [ 747401.814132999512367, 9642712.346292514353991 ], [ 747436.772271771798842, 9642581.298416793346405 ], [ 747416.383117635617964, 9642460.43802110850811 ], [ 747411.025934220757335, 9642349.721510475501418 ], [ 747476.280737234512344, 9642243.82789846137166 ], [ 747591.889362081768923, 9642183.066278668120503 ], [ 747606.888800715911202, 9642127.724460657685995 ], [ 747606.291283429134637, 9641855.716656589880586 ], [ 747706.757164101465605, 9641734.701142700389028 ], [ 747756.96762391354423, 9641664.016498897224665 ], [ 747832.139176950557157, 9641517.83541227504611 ], [ 747877.079808626556769, 9641376.698545012623072 ], [ 747952.350775390747003, 9641225.428480768576264 ], [ 747957.021039165905677, 9641074.424567950889468 ], [ 747886.264995272969827, 9640953.675131963565946 ], [ 747815.509044029051438, 9640832.925753731280565 ], [ 747900.67443557723891, 9640631.302486926317215 ], [ 747850.097951353527606, 9640535.729584470391273 ], [ 747839.780402082717046, 9640445.156246738508344 ], [ 747945.324757663649507, 9640359.30476095713675 ], [ 747995.522923171287403, 9640283.641676969826221 ], [ 747894.453704530606046, 9640231.100269619375467 ], [ 747914.196449575712904, 9640159.265536086633801 ], [ 747941.908708092058077, 9640071.373540362343192 ], [ 748011.296682325191796, 9639925.42541753128171 ], [ 748032.672835624893196, 9639737.769788183271885 ], [ 747992.364831726066768, 9639610.095142865553498 ], [ 748006.006095843855292, 9639494.358394892886281 ], [ 748071.639148882357404, 9639410.364401364699006 ], [ 748131.153030451852828, 9639274.393320642411709 ], [ 748206.583630657056347, 9639146.572527760639787 ], [ 748276.23640731384512, 9639070.533757627010345 ], [ 748409.75549751939252, 9639016.366025362163782 ], [ 748489.445298500591889, 9638954.242584543302655 ], [ 748612.829333178233355, 9638842.243486361578107 ], [ 748753.868257962400094, 9638620.249843765050173 ], [ 748797.446478832745925, 9638518.383586557582021 ], [ 748906.932145130354911, 9638406.414593828842044 ], [ 748933.90794656437356, 9638387.991710174828768 ], [ 748968.654747531865723, 9638364.352392867207527 ], [ 748936.487793192500249, 9638298.495375888422132 ], [ 748916.390737052890472, 9638260.597985349595547 ], [ 748852.502142906654626, 9638228.771719202399254 ], [ 748744.724481708253734, 9638209.100763589143753 ], [ 748650.786432211985812, 9638163.403512390330434 ], [ 748590.647043167497031, 9638067.741933701559901 ], [ 748584.376282804762013, 9637997.84500465914607 ], [ 748598.246981351985596, 9637935.978308124467731 ], [ 748691.748327846638858, 9637835.881111539900303 ], [ 748785.120777792297304, 9637727.930081240832806 ], [ 748830.87275907327421, 9637653.934590917080641 ], [ 748834.549962373450398, 9637558.130572559311986 ], [ 748790.446801635203883, 9637474.38017295114696 ], [ 748676.313986611203291, 9637346.87072286196053 ], [ 748524.300880769500509, 9637233.494524305686355 ], [ 748474.296917385421693, 9637195.664095774292946 ], [ 748356.541061111725867, 9637187.962572950869799 ], [ 748272.645582304801792, 9637158.172308288514614 ], [ 748179.002437452902086, 9637194.33225547708571 ], [ 748101.008427294902503, 9637168.510977495461702 ], [ 748042.870868722675368, 9637072.845311695709825 ], [ 747998.69269275770057, 9636955.135526744648814 ], [ 747934.671826242352836, 9636913.354087177664042 ], [ 747836.7195803464856, 9636861.692699858918786 ], [ 747730.913806959753856, 9636827.968910939991474 ], [ 747648.811397153651342, 9636754.369781550019979 ], [ 747568.892483678879216, 9636712.623743236064911 ], [ 747550.681528428685851, 9636622.842633053660393 ], [ 747512.645283917663619, 9636566.954795140773058 ], [ 747476.432497728383169, 9636481.196096908301115 ], [ 747488.145935501670465, 9636399.312798136845231 ], [ 747454.081273684860207, 9636329.588928941637278 ], [ 747481.514746244763955, 9636167.804498096928 ], [ 747469.316092206630856, 9636081.992296317592263 ], [ 747427.126374738058075, 9636008.193767666816711 ], [ 747442.79746122402139, 9635906.390418412163854 ], [ 747374.997536348761059, 9635914.506248151883483 ], [ 747349.311852934304625, 9636012.460268082097173 ], [ 747281.498566537280567, 9636014.602666595950723 ], [ 747223.446309591643512, 9635956.768491147086024 ], [ 747163.482236580224708, 9635938.982163395732641 ], [ 746977.715406652656384, 9635843.601513052359223 ], [ 746903.783248043619096, 9635843.766270376741886 ], [ 746804.093745616264641, 9635859.917250150814652 ], [ 746726.257193355006166, 9635854.117242557927966 ], [ 746594.224842718685977, 9635724.657129738479853 ], [ 746531.908788241213188, 9635599.024095194414258 ], [ 746451.991377234575339, 9635557.278093844652176 ], [ 746376.138649413362145, 9635543.509151633828878 ], [ 746264.487274157581851, 9635579.708073202520609 ], [ 746120.843978290911764, 9635577.925723014399409 ], [ 745955.104324022773653, 9635538.471946001052856 ], [ 745837.032409546896815, 9635436.856178943067789 ], [ 745776.754574628546834, 9635277.370171435177326 ], [ 745894.066766670672223, 9635137.289917137473822 ], [ 745863.92096300330013, 9635079.504380894824862 ], [ 745803.904623696231283, 9635037.714076768606901 ], [ 745797.692635491723195, 9634943.924923239275813 ], [ 745731.22429586853832, 9634750.382934831082821 ], [ 745689.027675279416144, 9634622.825185541063547 ], [ 745724.652453960618004, 9634544.871796866878867 ], [ 745715.465465663699433, 9634113.708496315404773 ], [ 745794.051063845166937, 9633708.344321710988879 ], [ 745875.70965912588872, 9633634.270084038376808 ], [ 745968.755603204481304, 9633382.519613420590758 ], [ 746089.624734591576271, 9633094.756011988967657 ], [ 746157.266104229609482, 9633016.840893318876624 ], [ 746168.982771088019945, 9632936.949190620332956 ], [ 746200.688159829820506, 9632847.057167509570718 ], [ 746276.159506965545006, 9632741.027535557746887 ], [ 746255.830787857412361, 9632599.372643135488033 ], [ 746279.326218913891353, 9632467.575016297399998 ], [ 746358.995550373569131, 9632399.477352349087596 ], [ 746364.686066933209077, 9632309.643460780382156 ], [ 746322.331447375239804, 9632162.064684504643083 ], [ 746256.213722377782688, 9632076.374278092756867 ], [ 746305.941591332084499, 9631992.414840200915933 ], [ 746429.299939410411753, 9631874.330353699624538 ], [ 746492.745652875280939, 9631760.473174070939422 ], [ 746584.228605741634965, 9631656.397699372842908 ], [ 746538.027366092661396, 9631528.849347516894341 ], [ 746457.76686342433095, 9631383.236503906548023 ], [ 746285.997185266925953, 9631329.752565247938037 ], [ 746140.067735367803834, 9631248.224248073995113 ], [ 746044.358492035069503, 9631252.421701695770025 ], [ 746002.205817739944905, 9631194.663822092115879 ], [ 745983.792161845252849, 9631015.063356418162584 ], [ 745895.712424070457928, 9630951.324901850894094 ], [ 745817.637380051775835, 9630837.786385372281075 ], [ 745747.38339237915352, 9630692.151468981057405 ], [ 745767.125835058395751, 9630622.307877264916897 ], [ 745920.328033180208877, 9630478.161151528358459 ], [ 745991.632445947965607, 9630300.349750764667988 ], [ 746051.135846886318177, 9630164.488594472408295 ], [ 746021.787589429761283, 9629967.656585514545441 ], [ 746182.81769831222482, 9629992.292622618377209 ], [ 746237.705311001162045, 9630028.008646519854665 ], [ 746254.496414496563375, 9630079.186461495235562 ], [ 746246.28502009913791, 9630135.177257556468248 ], [ 746272.602026392356493, 9630170.957802779972553 ], [ 746322.719924315344542, 9630211.33054799772799 ], [ 746324.050410856609233, 9630259.00354128330946 ], [ 746362.283889033365995, 9630304.159667143598199 ], [ 746393.321847951039672, 9630313.602684454992414 ], [ 746458.767156504793093, 9630249.186305241659284 ], [ 746493.292617420200258, 9630227.648576127365232 ], [ 746551.646232600091025, 9630222.760204391553998 ], [ 746582.597987184533849, 9630194.04037706553936 ], [ 746696.946414736798033, 9630173.538918161764741 ], [ 746733.941856503486633, 9630162.72537206672132 ], [ 746768.456523741362616, 9630136.430974585935473 ], [ 746787.469396461034194, 9630137.604759590700269 ], [ 746781.738996451487765, 9630209.07660973444581 ], [ 746815.176427121507004, 9630247.164018299430609 ], [ 746811.767063944484107, 9630312.657283823937178 ], [ 746876.511920346063562, 9630282.644126893952489 ], [ 746902.01175856241025, 9630301.05957417935133 ], [ 747023.998949251836166, 9630266.270852645859122 ], [ 747070.52609230321832, 9630242.603967171162367 ], [ 747134.242581570171751, 9630200.314344311133027 ], [ 747171.356026328634471, 9630192.487039025872946 ], [ 747171.843970127636567, 9630162.508526785299182 ], [ 747187.155187229276635, 9630149.08909129165113 ], [ 747232.559164577396587, 9630169.450500339269638 ], [ 747259.323714680504054, 9630157.221891772001982 ], [ 747290.589842678513378, 9630120.09405985288322 ], [ 747314.800464874715544, 9630109.198628563433886 ], [ 747332.678622622275725, 9630100.198049984872341 ], [ 747337.073278361465782, 9630077.17957266420126 ], [ 747362.604893223498948, 9630060.528996555134654 ], [ 747403.459674642188475, 9630133.776002939790487 ], [ 747428.837457419605926, 9630147.324452828615904 ], [ 747464.99379727919586, 9630158.636095449328423 ], [ 747502.75748029537499, 9630192.399531360715628 ], [ 747541.105653989128768, 9630189.76832577213645 ], [ 747581.926677071140148, 9630150.074458904564381 ], [ 747589.349974951823242, 9630089.992026744410396 ], [ 747609.682359240250662, 9630035.743037473410368 ], [ 747643.489223698386922, 9629991.529675809666514 ], [ 747689.336162601830438, 9629962.111760983243585 ], [ 747797.236478497972712, 9629941.402259139344096 ], [ 747827.791890966473147, 9629885.138776196166873 ], [ 747860.824956850381568, 9629842.918142346665263 ], [ 747931.009395106462762, 9629809.573060823604465 ], [ 748002.561001940863207, 9629741.933117609471083 ], [ 748048.294610092649236, 9629711.630226451903582 ], [ 748090.348484283545986, 9629676.468468654900789 ], [ 748090.275693309260532, 9629644.499924337491393 ], [ 748115.824800067697652, 9629635.592273309826851 ], [ 748145.792767250211909, 9629614.395905029028654 ], [ 748180.932789709768258, 9629618.740596678107977 ], [ 748222.557017843239009, 9629638.999564399942756 ], [ 748240.975072272471152, 9629623.028540240600705 ], [ 748267.228768419940025, 9629630.601392416283488 ], [ 748292.107834511552937, 9629620.367792949080467 ], [ 748295.993772548972629, 9629666.929331231862307 ], [ 748326.116286989534274, 9629713.541705196723342 ], [ 748353.582816795329563, 9629716.687049252912402 ], [ 748344.055391695117578, 9629731.310410073027015 ], [ 748275.205270709004253, 9629764.763455044478178 ], [ 748234.323345297714695, 9629777.577700750902295 ], [ 748218.355544015532359, 9629795.534257374703884 ], [ 748252.929706023540348, 9629795.455516232177615 ], [ 748302.706579578691162, 9629783.174095561727881 ], [ 748377.340635776985437, 9629751.035276697948575 ], [ 748413.095590518554673, 9629732.480479352176189 ], [ 748425.239454063819721, 9629743.957131532952189 ], [ 748366.555027251131833, 9629798.957693265751004 ], [ 748321.335595671902411, 9629859.790294183418155 ], [ 748318.918239961261861, 9629921.078463226556778 ], [ 748308.751710220822133, 9629947.981916042044759 ], [ 748294.727426411933266, 9629989.495790995657444 ], [ 748291.040534387924708, 9630030.322412887588143 ], [ 748291.119099647854455, 9630064.835206758230925 ], [ 748314.186697876430117, 9630089.008150774985552 ], [ 748368.445601395447738, 9630092.092562228441238 ], [ 748415.055365097709, 9630104.707566495984793 ], [ 748449.639996218495071, 9630109.16416810080409 ], [ 748457.901447252603248, 9630124.41072129830718 ], [ 748433.039857001625933, 9630142.387552604079247 ], [ 748413.491317695123143, 9630150.175366159528494 ], [ 748380.680893157143146, 9630143.723572095856071 ], [ 748347.544770799344406, 9630140.701686907559633 ], [ 748364.841553317382932, 9630169.31251648068428 ], [ 748392.896035525132902, 9630186.505148239433765 ], [ 748427.458773252787068, 9630181.338005954399705 ], [ 748475.896034127217717, 9630166.51543440669775 ], [ 748516.712654336704873, 9630124.940476985648274 ], [ 748555.016156094614416, 9630102.618860049173236 ], [ 748613.116491551045328, 9630083.902518542483449 ], [ 748746.407302123261616, 9630033.15647060982883 ], [ 748796.207865780335851, 9630031.162360211834311 ], [ 748816.035519380588084, 9630048.263052247464657 ], [ 748812.303880823310465, 9630069.399766720831394 ], [ 748825.12217715929728, 9630084.082836030051112 ], [ 748881.266639517387375, 9630085.17155977897346 ], [ 748916.370640800218098, 9630073.587092844769359 ], [ 748960.3931205032859, 9630072.822911961004138 ], [ 748973.140247191069648, 9630056.311591172590852 ], [ 749008.265965595259331, 9630054.240265594795346 ], [ 749040.213170581497252, 9630072.087607691064477 ], [ 749073.438883426017128, 9630065.595840228721499 ], [ 749104.795140948146582, 9630068.068473165854812 ], [ 749111.855805196566507, 9630092.94163728132844 ], [ 749162.899859109893441, 9630099.904680959880352 ], [ 749199.642934756469913, 9630124.488815132528543 ], [ 749239.05820244399365, 9630150.836749896407127 ], [ 749279.877030130359344, 9630158.929312584921718 ], [ 749306.08026433037594, 9630144.267707295715809 ], [ 749339.329299436882138, 9630147.952777976170182 ], [ 749379.053952382877469, 9630212.353003215044737 ], [ 749390.613075107568875, 9630211.10977416113019 ], [ 749398.191921254619956, 9630170.827043507248163 ], [ 749428.201062273583375, 9630167.550485858693719 ], [ 749440.403541252017021, 9630204.580049799755216 ], [ 749457.655713905696757, 9630213.500773617997766 ], [ 749486.980392226716504, 9630202.59303847886622 ], [ 749559.148629573173821, 9630210.060745218768716 ], [ 749650.492706070188433, 9630241.157099710777402 ], [ 749697.849102214677259, 9630239.721320569515228 ], [ 749732.374059336725622, 9630266.522853007540107 ], [ 749776.379365622764453, 9630258.125685341656208 ], [ 749821.114509202539921, 9630277.160471701994538 ], [ 749869.04734544234816, 9630284.683493776246905 ], [ 749918.197274946607649, 9630289.659461390227079 ], [ 749951.436617971630767, 9630289.030246373265982 ], [ 750003.180035216733813, 9630309.929472617805004 ], [ 750050.421079990337603, 9630306.613287253305316 ], [ 750096.389554450521246, 9630281.618527822196484 ], [ 750148.709314498351887, 9630262.914503807201982 ], [ 750167.168552525923587, 9630264.86334814876318 ], [ 750210.691117833601311, 9630288.325595088303089 ], [ 750261.140239466563798, 9630278.03290318697691 ], [ 750308.371189521392807, 9630270.29181974940002 ], [ 750353.077143049798906, 9630276.494612272828817 ], [ 750414.444585644756444, 9630276.353825945407152 ], [ 750488.367197972373106, 9630224.524648752063513 ], [ 750560.493549049133435, 9630213.518298365175724 ], [ 750561.770472282310948, 9630188.625853974372149 ], [ 750610.833964090095833, 9630155.880250673741102 ], [ 750652.984777075704187, 9630162.86311043612659 ], [ 750738.725762870744802, 9630222.622237762436271 ], [ 750773.243824585340917, 9630246.215641617774963 ], [ 750813.478845661738887, 9630241.919609252363443 ], [ 750855.046680401894264, 9630237.067394895479083 ], [ 750890.087886867695488, 9630198.048500783741474 ], [ 750923.139652181533165, 9630164.122687531635165 ], [ 750955.079665089142509, 9630130.199407434090972 ], [ 750974.154622598434798, 9630109.801385030150414 ], [ 750988.694126250455156, 9630099.25900118611753 ], [ 751010.424499731976539, 9630073.323836097493768 ], [ 751035.265417581656948, 9630046.385917069390416 ], [ 751058.240060773561709, 9630029.739977257326245 ], [ 751088.898886636132374, 9630018.828599084168673 ], [ 751114.452661869465373, 9630011.800678128376603 ], [ 751122.069099067477509, 9629988.110365729779005 ], [ 751117.422863322193734, 9629949.846391301602125 ], [ 751113.579800104140304, 9629922.421372072771192 ], [ 751118.304954922525212, 9629898.40585321187973 ], [ 751118.580381290521473, 9629873.183757258579135 ], [ 751123.963389806915075, 9629845.184384116902947 ], [ 751127.327183308312669, 9629809.335608415305614 ], [ 751128.520056996261701, 9629748.04912823997438 ], [ 751124.51251197909005, 9629697.504815462976694 ], [ 751098.883390522794798, 9629623.558803597465158 ], [ 751067.959804307436571, 9629519.536258036270738 ], [ 751035.895689797471277, 9629451.246759893372655 ], [ 751020.937608748092316, 9629376.61247893422842 ], [ 750997.93458643136546, 9629332.638603299856186 ], [ 750964.59969132184051, 9629291.785926846787333 ], [ 750877.036489757243544, 9629261.34595700353384 ], [ 750770.890049179899506, 9629223.315975934267044 ], [ 750685.870754233794287, 9629187.117815557867289 ], [ 750610.424311336013488, 9629156.096724143251777 ], [ 750506.988874738221057, 9629136.53392037563026 ], [ 750399.599133184994571, 9629089.435772685334086 ], [ 750234.864611513447016, 9629050.987245105206966 ], [ 750101.859237432014197, 9629032.045291259884834 ], [ 750058.374935190542601, 9629025.065603146329522 ], [ 749956.117439565248787, 9628985.698799626901746 ], [ 749839.267814935999922, 9628982.206220870837569 ], [ 749727.514373802579939, 9628970.958454614505172 ], [ 749619.53780065686442, 9628958.374487116932869 ], [ 749523.078175220754929, 9628974.635659467428923 ], [ 749458.574152305722237, 9628963.942940907552838 ], [ 749373.676111535169184, 9628980.066822638735175 ], [ 749301.420630725449882, 9628982.666098687797785 ], [ 749221.714454569504596, 9628984.286825638264418 ], [ 749163.563274400541559, 9628980.54839514195919 ], [ 749114.176614258205518, 9628968.935905631631613 ], [ 749025.907105752732605, 9628969.138061923906207 ], [ 748965.129699207609519, 9628983.65768189355731 ], [ 748868.636170743615367, 9628984.98471761494875 ], [ 748757.71001737145707, 9628994.86232921667397 ], [ 748636.192385019967332, 9628991.489775849506259 ], [ 748538.411508504766971, 9629013.17329466342926 ], [ 748430.042184823891148, 9629022.93407242372632 ], [ 748310.704997333348729, 9629000.640391821041703 ], [ 748258.324662131955847, 9628992.352959711104631 ], [ 748207.06993701972533, 9628990.146954689174891 ], [ 748109.278384859091602, 9629007.073465198278427 ], [ 748041.386041983612813, 9629021.498084837570786 ], [ 747988.883790181716904, 9629008.454220674932003 ], [ 747950.806964003480971, 9629032.434582058340311 ], [ 747916.271178248105571, 9629049.216661045327783 ], [ 747874.628576428513043, 9629069.554699711501598 ], [ 747845.930349730537273, 9629062.429903838783503 ], [ 747803.100404549739324, 9629098.367772931233048 ], [ 747686.225337356328964, 9629083.036772411316633 ], [ 747662.410566209116951, 9629072.36103611625731 ], [ 747642.218455542810261, 9629090.327133825048804 ], [ 747519.343390108784661, 9629076.337049907073379 ], [ 747489.501085764379241, 9629054.945058649405837 ], [ 747452.625218668137677, 9629069.298667190596461 ], [ 747345.365643934346735, 9629077.949561109766364 ], [ 747277.397532458649948, 9629058.967194046825171 ], [ 747262.989023177069612, 9629029.243751699104905 ], [ 747340.441477427491918, 9629014.687331426888704 ], [ 747366.598993518855423, 9628980.115061284974217 ], [ 747391.55526684212964, 9628955.058646906167269 ], [ 747502.364110625931062, 9628942.859770292416215 ], [ 747615.567097751656547, 9628907.978609036654234 ], [ 747710.872022895142436, 9628873.248678559437394 ], [ 747793.036979810334742, 9628828.924791874364018 ], [ 748024.237457125680521, 9628814.127792619168758 ], [ 748366.239277567248791, 9628783.590556934475899 ], [ 748949.171939158812165, 9628763.119969252496958 ], [ 750244.887145596323535, 9628768.55167250148952 ], [ 750280.698051976738498, 9628774.442695019766688 ], [ 750436.896350133698434, 9628775.18912879191339 ], [ 750898.139003407908604, 9628770.585606597363949 ], [ 751165.151713302941062, 9628760.455584343522787 ], [ 751320.255763196153566, 9628768.393610663712025 ], [ 751425.035987296607345, 9628744.367847084999084 ], [ 751522.681758612859994, 9628711.951285667717457 ], [ 751608.568123438511975, 9628690.292043302208185 ], [ 751713.334548557759263, 9628660.292411981150508 ], [ 751810.960833327611908, 9628619.468334769830108 ], [ 751802.573182914289646, 9628598.027309922501445 ], [ 751769.249220314435661, 9628610.051597375422716 ], [ 751754.891607830417342, 9628603.005128229036927 ], [ 751772.745974892284721, 9628583.826335011050105 ], [ 751816.878497680067085, 9628582.507220534607768 ], [ 751875.349680385319516, 9628580.048635508865118 ], [ 751946.80828059790656, 9628569.042078455910087 ], [ 752002.905556380748749, 9628597.562827408313751 ], [ 752028.068660282529891, 9628661.885940412059426 ], [ 752073.578901629662141, 9628727.268088601529598 ], [ 752128.467266628984362, 9628761.765196925029159 ], [ 752164.355935643427074, 9628800.952466832473874 ], [ 752304.92851950658951, 9628774.409044969826937 ], [ 752314.292915023164824, 9628689.762015493586659 ], [ 752360.519516724045388, 9628584.785655472427607 ], [ 752480.761565032065846, 9628516.58473439887166 ], [ 752527.323248903499916, 9628555.857733374461532 ], [ 752564.393630684120581, 9628577.232120675966144 ], [ 752602.53975234227255, 9628583.116993999108672 ], [ 752639.457327674841508, 9628586.571040041744709 ], [ 752716.94474494678434, 9628586.390822865068913 ], [ 752808.765260223299265, 9628582.637306133285165 ], [ 752912.453253678511828, 9628566.798314172774553 ], [ 753023.159608263988048, 9628557.13767665438354 ], [ 753108.266323221847415, 9628534.704427313059568 ], [ 753217.365021344390698, 9628503.03354007191956 ], [ 753300.769840988796204, 9628465.89132696390152 ], [ 753396.0340229307767, 9628413.234251407906413 ], [ 753397.195829780306667, 9628434.692219454795122 ], [ 753377.06504083564505, 9628478.766762103885412 ], [ 753373.61587927560322, 9628525.236064795404673 ], [ 753406.992870506132022, 9628535.888546453788877 ], [ 753447.57677935808897, 9628538.227551504969597 ], [ 753476.056410385062918, 9628498.779629748314619 ], [ 753518.908088778029196, 9628472.462173268198967 ], [ 753470.000291230506264, 9628428.548724606633186 ], [ 753472.234741330845281, 9628385.622130766510963 ], [ 753509.113484886940569, 9628372.372003311291337 ], [ 753529.502851746045053, 9628391.462029308080673 ], [ 753569.008484529331326, 9628455.751890543848276 ], [ 753583.377610813593492, 9628515.233076615259051 ], [ 753573.964147802791558, 9628578.420315530151129 ], [ 753531.234755393117666, 9628657.172385405749083 ], [ 753575.481866196729243, 9628704.747298488393426 ], [ 753630.104001146857627, 9628624.750598346814513 ], [ 753650.220689595444128, 9628527.024209687486291 ], [ 753669.053073702729307, 9628450.650884052738547 ], [ 753709.408549812389538, 9628355.200216172263026 ], [ 753742.685552215320058, 9628323.041985832154751 ], [ 753776.290898310719058, 9628431.373313624411821 ], [ 753820.43500643922016, 9628434.81006240658462 ], [ 753840.754925003857352, 9628471.710438469424844 ], [ 753908.953921222593635, 9628492.790527304634452 ], [ 753952.934973357361741, 9628521.560162801295519 ], [ 754005.453406186308712, 9628540.464434050023556 ], [ 754022.846205716719851, 9628609.230952486395836 ], [ 754063.522135175415315, 9628650.840534217655659 ], [ 754096.397301754215732, 9628684.503538485616446 ], [ 754010.601878141635098, 9628697.868184868246317 ], [ 753961.866119674989022, 9628727.739521952345967 ], [ 753940.237144659738988, 9628701.572543935850263 ], [ 753918.772339115850627, 9628698.082780051976442 ], [ 753922.51059769326821, 9628727.831475790590048 ], [ 753903.405506803072058, 9628735.066565709188581 ], [ 753885.42021937854588, 9628698.160700941458344 ], [ 753850.761472065118141, 9628662.400016635656357 ], [ 753819.746866185334511, 9628663.689310109242797 ], [ 753784.165790747967549, 9628709.01694269105792 ], [ 753753.287548061111011, 9628768.714462541043758 ], [ 753745.013561266008765, 9628796.168106090277433 ], [ 753798.585357913514599, 9628790.069437297061086 ], [ 753797.52088362025097, 9628810.315808536484838 ], [ 753765.311221070354804, 9628823.555056042969227 ], [ 753817.885451261303388, 9628866.35378953255713 ], [ 753816.743106870097108, 9628900.870626121759415 ], [ 753847.846873736707494, 9628937.74588605388999 ], [ 753880.140260652289726, 9628960.348087085410953 ], [ 753970.919634385034442, 9629034.031921582296491 ], [ 754024.59469297027681, 9629072.071342283859849 ], [ 754067.580276375869289, 9629102.945261865854263 ], [ 754134.487749452702701, 9629142.060001075267792 ], [ 754242.91637885151431, 9629156.187638361006975 ], [ 754219.333852807292715, 9629245.625808952376246 ], [ 754150.361282098689117, 9629322.005837084725499 ], [ 754088.531569430837408, 9629362.638012304902077 ], [ 754028.975579793564975, 9629377.157911501824856 ], [ 753984.894783726078458, 9629401.044577280059457 ], [ 753931.425539077958092, 9629451.281238911673427 ], [ 753927.887291432358325, 9629507.264425652101636 ], [ 754041.068688205676153, 9629461.755895426496863 ], [ 754144.597117857309058, 9629376.888082843273878 ], [ 754282.750838920474052, 9629313.399973636493087 ], [ 754394.745100375264883, 9629283.270167972892523 ], [ 754423.478584870812483, 9629352.342230712994933 ], [ 754439.076904774294235, 9629414.365146672353148 ], [ 754477.248658519238234, 9629430.869361555203795 ], [ 754516.64930211356841, 9629449.915023589506745 ], [ 754556.144599801162258, 9629509.448419800028205 ], [ 754565.975799820618704, 9629625.026317413896322 ], [ 754632.700290937209502, 9629633.167108681052923 ], [ 754711.473641689633951, 9629659.200616573914886 ], [ 754958.358279666630551, 9629690.814529821276665 ], [ 755225.365748589276336, 9629674.702213473618031 ], [ 755462.358452191343531, 9629659.655176732689142 ], [ 755668.84718199307099, 9629626.758137395605445 ], [ 756000.86986882740166, 9629553.077370012179017 ], [ 756534.169745736056939, 9629452.039664845913649 ], [ 756603.402390355942771, 9629439.044134942814708 ], [ 756659.184265746967867, 9629426.744000030681491 ], [ 756715.272813248331659, 9629403.048795694485307 ], [ 756773.833584215841256, 9629390.520779747515917 ], [ 756859.369537577382289, 9629360.67167148180306 ], [ 756920.014478381257504, 9629336.191185696050525 ], [ 757013.161352870403789, 9629327.895727438852191 ], [ 757092.6859360486269, 9629294.74181048758328 ], [ 757152.682886695722118, 9629278.338264754042029 ], [ 757240.225503809168003, 9629250.807102262973785 ], [ 757314.790789234917611, 9629236.138997338712215 ], [ 757376.23305037827231, 9629219.731865534558892 ], [ 757443.446823003934696, 9629199.217912562191486 ], [ 757537.077730685472488, 9629160.49889244325459 ], [ 757596.615847236011177, 9629138.122340731322765 ], [ 757654.284124840400182, 9629124.268294718116522 ], [ 757712.719640085473657, 9629105.76613761484623 ], [ 757743.897433704929426, 9629079.142258822917938 ], [ 757789.11626261996571, 9629066.313228132203221 ], [ 757868.335024955798872, 9629044.885440893471241 ], [ 758033.719764618319459, 9628978.007456863299012 ], [ 758166.670976283610798, 9628923.928006773814559 ], [ 758209.103546194732189, 9628908.229075651615858 ], [ 758278.316633897135034, 9628886.935237396508455 ], [ 758409.802241276833229, 9628824.340640122070909 ], [ 758474.756654075812548, 9628788.786030335351825 ], [ 758546.870449535083026, 9628725.004776263609529 ], [ 758600.447617131401785, 9628673.878859475255013 ], [ 758615.830729319597594, 9628597.510503156110644 ], [ 758617.124344070442021, 9628533.78700615465641 ], [ 758626.91794545261655, 9628491.283408375456929 ], [ 758642.402094881050289, 9628457.395060384646058 ], [ 758663.603146196692251, 9628443.184472139924765 ], [ 758689.062642256147228, 9628443.123831912875175 ], [ 758717.409315038938075, 9628441.618172500282526 ], [ 758744.226398700848222, 9628451.39998285099864 ], [ 758781.100285019143485, 9628482.50861618667841 ], [ 758805.320047364686616, 9628522.054966943338513 ], [ 758829.381465063313954, 9628541.799669690430164 ], [ 758874.694588306825608, 9628568.573792764917016 ], [ 758925.73490818683058, 9628572.655945267528296 ], [ 759006.304603188182227, 9628558.303765956312418 ], [ 759102.42910443933215, 9628539.710622753947973 ], [ 759183.099987410707399, 9628521.154244942590594 ], [ 759267.968423019628972, 9628491.193271486088634 ], [ 759368.287333138752729, 9628459.867787927389145 ], [ 759450.258540162350982, 9628427.147864138707519 ], [ 759512.463687744224444, 9628404.320829903706908 ], [ 759569.103348915814422, 9628378.741385666653514 ], [ 759621.312831967370585, 9628360.252578722313046 ], [ 759679.296660711523145, 9628338.873635150492191 ], [ 759757.019255355931818, 9628296.207123601809144 ], [ 759824.884357063332573, 9628269.162458414211869 ], [ 759926.678370759123936, 9628203.870285509154201 ], [ 760017.041165628586896, 9628147.012953659519553 ], [ 760063.983349964953959, 9628111.057394333183765 ], [ 760110.542910433723591, 9628054.636751834303141 ], [ 760123.359920361312106, 9628021.417978746816516 ], [ 760126.592056989786215, 9627932.023762673139572 ], [ 760142.072236178675666, 9627896.696675108745694 ], [ 760158.932176957838237, 9627880.394084077328444 ], [ 760145.944574741879478, 9627842.480239050462842 ], [ 760150.015930793131702, 9627824.880804263055325 ], [ 760164.851832008338533, 9627799.069151343777776 ], [ 760153.987999379052781, 9627765.907169165089726 ], [ 760139.698914102162234, 9627741.603556906804442 ], [ 760128.774084528326057, 9627729.350196873769164 ], [ 760093.526155950501561, 9627727.443496882915497 ], [ 760075.131500160787255, 9627706.46854430809617 ], [ 760072.38520751229953, 9627673.950860051438212 ], [ 760091.370465965243056, 9627663.063874617218971 ], [ 760116.271390442620032, 9627615.545209063217044 ], [ 760133.803791219834238, 9627555.211501240730286 ], [ 760132.287038940936327, 9627525.456526225432754 ], [ 760130.126197264879011, 9627458.97499143332243 ], [ 760131.387255542213097, 9627428.549584848806262 ], [ 760142.232099613756873, 9627407.504438308998942 ], [ 760140.850677748327143, 9627387.816179482266307 ], [ 760122.436619834974408, 9627358.765555838122964 ], [ 760112.181079611415043, 9627301.153618289157748 ], [ 760106.663523009279743, 9627272.07202123105526 ], [ 760095.712928160792217, 9627249.087953995913267 ], [ 760094.988721779198386, 9627225.304930247366428 ], [ 760069.926943908096291, 9627205.7842025347054 ], [ 760018.288939844933338, 9627184.225414054468274 ], [ 759993.176433583488688, 9627143.575099855661392 ], [ 759969.39672732912004, 9627102.368457239121199 ], [ 759942.842407501069829, 9627063.159768119454384 ], [ 759904.882389564998448, 9627042.895647794008255 ], [ 759884.473622214980423, 9627016.504898937419057 ], [ 759831.560384727315977, 9627019.397657264024019 ], [ 759807.266460056998767, 9627041.802574548870325 ], [ 759791.760227957856841, 9627066.177659189328551 ], [ 759774.081616214942187, 9627065.556344179436564 ], [ 759759.143370780278929, 9627048.666341587901115 ], [ 759754.953360399696976, 9627016.815948763862252 ], [ 759770.575539879733697, 9626994.43187004327774 ], [ 759804.999495537718758, 9626977.423333503305912 ], [ 759826.768763380125165, 9626968.520918913185596 ], [ 759803.629513554042205, 9626962.492031939327717 ], [ 759805.702801367966458, 9626946.224941067397594 ], [ 759851.689055076334625, 9626929.188601838424802 ], [ 759918.797178723616526, 9626911.43771599046886 ], [ 759979.72012702608481, 9626910.62753158994019 ], [ 760013.679399211658165, 9626931.564981643110514 ], [ 760069.267529935808852, 9626931.431339383125305 ], [ 760128.813862439943478, 9626912.924094019457698 ], [ 760186.329745875205845, 9626882.252729430794716 ], [ 760216.839883078821003, 9626855.850120646879077 ], [ 760243.255652856896631, 9626837.422485064715147 ], [ 760265.56295172823593, 9626821.106637483462691 ], [ 760325.05411734583322, 9626779.699565440416336 ], [ 760360.911853629397228, 9626757.930329306051135 ], [ 760392.090316496090963, 9626732.079141806811094 ], [ 760397.325515463016927, 9626690.028258137404919 ], [ 760411.484116903622635, 9626660.124846501275897 ], [ 760424.964452622691169, 9626625.576725350692868 ], [ 760452.528403667383827, 9626530.039133148267865 ], [ 760459.959337836131454, 9626522.609205614775419 ], [ 760516.291293062269688, 9626554.334005635231733 ], [ 760530.060418423148803, 9626639.59432758949697 ], [ 760577.483677654410712, 9626665.256130637601018 ], [ 760737.64320600242354, 9626738.105154614895582 ], [ 760782.839649967616424, 9626670.181596621870995 ], [ 760714.363097544293851, 9626627.644663631916046 ], [ 760632.851237368304282, 9626573.63393522053957 ], [ 760572.521923568565398, 9626544.020721102133393 ], [ 760532.398714227369055, 9626502.742924163118005 ], [ 760480.860407207394019, 9626476.427317349240184 ], [ 760472.702140627196059, 9626458.857279740273952 ], [ 760480.119995007175021, 9626446.006649918854237 ], [ 760486.188794612768106, 9626426.964153617620468 ], [ 760488.786853994359262, 9626397.8629589099437 ], [ 760469.813294673687778, 9626367.375638192519546 ], [ 760469.066194190294482, 9626334.189311442896724 ], [ 760498.809046819806099, 9626312.434653690084815 ], [ 760507.479049055837095, 9626265.618464503437281 ], [ 760534.594761734828353, 9626260.906697252765298 ], [ 760598.988331051077694, 9626270.154604654759169 ], [ 760676.131453145993873, 9626218.526716627180576 ], [ 760750.480157863814384, 9626160.710343042388558 ], [ 760824.266500663012266, 9626100.240164602175355 ], [ 760877.615921716555022, 9626047.895088395103812 ], [ 760920.853365042014048, 9625997.676324903964996 ], [ 760967.550330148078501, 9625952.869892274960876 ], [ 761007.334542770637199, 9625899.893704697489738 ], [ 761044.532208682154305, 9625834.754708118736744 ], [ 761072.183423314010724, 9625775.723295520991087 ], [ 761098.364924365538172, 9625706.628305330872536 ], [ 761121.32039390783757, 9625636.766706481575966 ], [ 761137.40918521839194, 9625577.763223979622126 ], [ 761147.373359874356538, 9625514.681348191574216 ], [ 761141.933437025523745, 9625471.992279723286629 ], [ 761138.454282437916845, 9625458.50414583273232 ], [ 761124.867809078423306, 9625449.023104015737772 ], [ 761101.808632001513615, 9625430.161677420139313 ], [ 761113.957221934339032, 9625396.833331378176808 ], [ 761111.069493522983976, 9625352.146790076047182 ], [ 761107.683274714974687, 9625331.135759811848402 ], [ 761116.349450722336769, 9625282.991751052439213 ], [ 761097.962872932315804, 9625265.446549069136381 ], [ 761099.938927231589332, 9625209.242951035499573 ], [ 761076.840766779379919, 9625220.140464279800653 ], [ 761068.047998144640587, 9625216.068565376102924 ], [ 761072.775954936863855, 9625194.374100668355823 ], [ 761111.912407859461382, 9625149.58564680814743 ], [ 761142.991604861454107, 9625083.133693354204297 ], [ 761153.617745805997401, 9625018.058872947469354 ], [ 761143.457858237670735, 9625000.383111460134387 ], [ 761143.362544470932335, 9624961.110541567206383 ], [ 761148.665382608072832, 9624901.469386920332909 ], [ 761138.386262190062553, 9624880.475094014778733 ], [ 761111.26119210687466, 9624881.204704519361258 ], [ 761076.775761385448277, 9624872.548828905448318 ], [ 761059.055998536525294, 9624854.891426257789135 ], [ 761065.760333243058994, 9624823.014418240636587 ], [ 761066.337153810542077, 9624785.842158721759915 ], [ 761011.183201408479363, 9624689.730090254917741 ], [ 760990.850588933797553, 9624649.068526124581695 ], [ 760965.64779006910976, 9624617.268991423770785 ], [ 760950.124711685348302, 9624634.343307161703706 ], [ 760946.057171943364665, 9624653.270478989928961 ], [ 760887.086879242560826, 9624633.721916649490595 ], [ 760886.925780263030902, 9624567.345847398042679 ], [ 760824.926484419149347, 9624444.921169441193342 ], [ 760841.056911824503914, 9624357.48636151663959 ], [ 760851.037016601883806, 9624301.152773478999734 ], [ 760853.382724432158284, 9624168.39417509175837 ], [ 760888.534290202893317, 9624131.027317823842168 ], [ 760903.994864893262275, 9624088.287547264248133 ], [ 760906.711560950614512, 9624062.504746086895466 ], [ 760894.423272173968144, 9624038.196575634181499 ], [ 760895.676413185545243, 9624004.89466618001461 ], [ 760923.254144958918914, 9623916.104386810213327 ], [ 760941.456021841266192, 9623857.759434670209885 ], [ 760954.897306913277134, 9623807.612482108175755 ], [ 760966.232725361245684, 9623760.125702997669578 ], [ 760970.187854904797859, 9623695.067101497203112 ], [ 760934.252409699023701, 9623684.313057953491807 ], [ 760919.295931699220091, 9623660.01140752248466 ], [ 760925.958785431343131, 9623611.208473386242986 ], [ 760907.512852051411755, 9623569.214927172288299 ], [ 760879.638729754136875, 9623536.094531843438745 ], [ 760872.753220148966648, 9623493.409095320850611 ], [ 760845.647367818979546, 9623456.193626698106527 ], [ 760823.131136025418527, 9623431.910399906337261 ], [ 760812.984486330067739, 9623419.655454596504569 ], [ 760813.574241970898584, 9623387.903953017666936 ], [ 760793.118879325455055, 9623342.485885258764029 ], [ 760756.462153420085087, 9623309.386903313919902 ], [ 760742.104899883386679, 9623257.205737305805087 ], [ 760689.829610216198489, 9623201.798068165779114 ], [ 760660.690742169856094, 9623197.11202259734273 ], [ 760655.861032972112298, 9623176.878982337191701 ], [ 760616.4643956029322, 9623159.938271863386035 ], [ 760581.333802687819116, 9623160.023769596591592 ], [ 760529.107381513109431, 9623170.328555628657341 ], [ 760481.76933681673836, 9623179.293892350047827 ], [ 760439.131759538897313, 9623201.080519860610366 ], [ 760401.143521357094869, 9623214.669407103210688 ], [ 760393.116944604320452, 9623251.306497192010283 ], [ 760368.805621144245379, 9623265.968376401811838 ], [ 760365.665893336758018, 9623254.913299605250359 ], [ 760369.737329259747639, 9623237.645575562492013 ], [ 760354.430295104160905, 9623206.26469530723989 ], [ 760328.989615949452855, 9623167.938950041308999 ], [ 760312.714406261453405, 9623104.146705171093345 ], [ 760294.381252494291402, 9623062.70613757148385 ], [ 760277.092770294402726, 9623039.405869392678142 ], [ 760288.104019852471538, 9622995.792041135951877 ], [ 760308.256135519477539, 9622962.333661001175642 ], [ 760307.161942167906091, 9622923.838106947019696 ], [ 760291.884783873800188, 9622904.736788926646113 ], [ 760295.91661641409155, 9622871.206985594704747 ], [ 760300.823282444966026, 9622831.701190723106265 ], [ 760325.079008708475158, 9622794.250222304835916 ], [ 760343.202741903718561, 9622749.623400827869773 ], [ 760342.083979134564288, 9622701.060833267867565 ], [ 760283.296268776059151, 9622664.69699833355844 ], [ 760284.203108921879902, 9622626.196579080075026 ], [ 760289.094891978893429, 9622580.606326438486576 ], [ 760286.01918251812458, 9622550.191375875845551 ], [ 760274.843006336363032, 9622525.991264179348946 ], [ 760273.773233765270561, 9622497.562719129025936 ], [ 760272.540829787380062, 9622448.004805322736502 ], [ 760280.562609840300865, 9622409.487056998535991 ], [ 760271.333088623476215, 9622362.935550967231393 ], [ 760260.136965980054811, 9622330.549100561067462 ], [ 760260.013537563849241, 9622279.882218522951007 ], [ 760250.860543634276837, 9622264.748613821342587 ], [ 760235.555922752595507, 9622234.363468078896403 ], [ 760224.374624045332894, 9622208.061479503288865 ], [ 760230.355897879693657, 9622153.397159799933434 ], [ 760242.327999285189435, 9622093.629390673711896 ], [ 760241.260856606764719, 9622066.307115644216537 ], [ 760232.093033055891283, 9622045.089073069393635 ], [ 760254.317382102366537, 9621995.363358562812209 ], [ 760274.38520076056011, 9621927.500046389177442 ], [ 760274.259205203969032, 9621875.837518624961376 ], [ 760278.167465954786167, 9621837.329769618809223 ], [ 760276.989079433260486, 9621764.429411496967077 ], [ 760265.748355338117108, 9621713.789644809439778 ], [ 760248.469883699086495, 9621694.582696808502078 ], [ 760223.140173923224211, 9621701.724625693634152 ], [ 760185.598919529700652, 9621670.398138718679547 ], [ 760153.156976844766177, 9621633.085357874631882 ], [ 760143.976739474921487, 9621606.778533324599266 ], [ 760138.748990497319028, 9621560.106706639751792 ], [ 760151.753500387305394, 9621513.5010209325701 ], [ 760167.883185091428459, 9621471.976539522409439 ], [ 760208.396223434945568, 9621445.548425266519189 ], [ 760262.047110131941736, 9621427.163977392017841 ], [ 760291.32188652548939, 9621396.670044329017401 ], [ 760308.486606428981759, 9621369.303230792284012 ], [ 760312.384981702431105, 9621326.812903938814998 ], [ 760318.738014991977252, 9621287.967271519824862 ], [ 760333.783486829954199, 9621212.261565996333957 ], [ 760326.860904412926175, 9621199.998874286189675 ], [ 760334.237951518734917, 9621170.775287341326475 ], [ 760320.25565843237564, 9621135.630041049793363 ], [ 760337.966943221399561, 9621104.500529171898961 ], [ 760336.861204870743677, 9621061.469282913953066 ], [ 760352.111833614762872, 9621024.261280557140708 ], [ 760366.921550560276955, 9620988.603126654401422 ], [ 760387.069860928226262, 9620953.927549937739968 ], [ 760405.707713383366354, 9620892.594506781548262 ], [ 760416.976704135537148, 9620863.803868683055043 ], [ 760458.998682099278085, 9620818.122626837342978 ], [ 760483.591274614678696, 9620782.440464006736875 ], [ 760527.108241483685561, 9620757.110908897593617 ], [ 760586.796705365530215, 9620707.51433371566236 ], [ 760642.125357908895239, 9620648.082535402849317 ], [ 760694.314334686147049, 9620577.706250036135316 ], [ 760738.705315323080868, 9620500.821995284408331 ], [ 760744.426745903911069, 9620476.580558896064758 ], [ 760721.949504500604235, 9620468.11737035959959 ], [ 760722.99175200832542, 9620439.79419757053256 ], [ 760743.678519777255133, 9620398.14754961617291 ], [ 760747.737973961280659, 9620330.876114789396524 ], [ 760746.631316033541225, 9620287.62350476719439 ], [ 760754.043050968553871, 9620272.670614529401064 ], [ 760752.375367244472727, 9620227.317458268254995 ], [ 760729.35263005644083, 9620223.059487402439117 ], [ 760721.213477728189901, 9620168.097635254263878 ], [ 760705.661516410764307, 9620127.646172238513827 ], [ 760687.598814915632829, 9620106.007533984258771 ], [ 760657.680610272102058, 9620100.549589917063713 ], [ 760631.147862089332193, 9620070.30280527472496 ], [ 760598.123719300143421, 9620067.618158673867583 ], [ 760587.72333471570164, 9620042.531275752931833 ], [ 760559.440683151478879, 9620024.015284826979041 ], [ 760527.40189712238498, 9620015.133082022890449 ], [ 760533.863178144674748, 9619975.291407257318497 ], [ 760522.479926999891177, 9619957.397719001397491 ], [ 760483.850964339450002, 9619935.809555808082223 ], [ 760474.185632375068963, 9619893.131153149530292 ], [ 760458.940119534032419, 9619841.616268729791045 ], [ 760433.831082815886475, 9619847.873004347085953 ], [ 760407.080332692479715, 9619774.039668237790465 ], [ 760388.88144625921268, 9619787.470213020220399 ], [ 760363.432139575714245, 9619790.962093720212579 ], [ 760343.833545488538221, 9619777.624287655577064 ], [ 760346.461593905230984, 9619715.998514495790005 ], [ 760334.242928217630833, 9619674.764567410573363 ], [ 760329.029530596919358, 9619634.177197299897671 ], [ 760307.583847362780944, 9619592.965902701020241 ], [ 760305.064558760728687, 9619562.992132809013128 ], [ 760314.139129653340206, 9619546.15453645400703 ], [ 760350.99475793458987, 9619524.713028028607368 ], [ 760405.12343667098321, 9619475.019145933911204 ], [ 760445.476109231705777, 9619429.009740540757775 ], [ 760465.860501174814999, 9619354.950035950168967 ], [ 760451.31860005937051, 9619318.368149081245065 ], [ 760455.698173732263967, 9619245.785914866253734 ], [ 760427.386323222075589, 9619215.322378788143396 ], [ 760382.112994141643867, 9619158.903137864544988 ], [ 760356.057147365761921, 9619096.46281361579895 ], [ 760361.199890466639772, 9619017.794247319921851 ], [ 760405.281381512526423, 9618951.19891675375402 ], [ 760458.509201452252455, 9618851.835360921919346 ], [ 760489.747832090826705, 9618806.733197888359427 ], [ 760513.954791672993451, 9618750.253703104332089 ], [ 760536.703177782823332, 9618688.35703700594604 ], [ 760542.751502799335867, 9618661.570333728566766 ], [ 760519.75882580736652, 9618624.234916940331459 ], [ 760528.837292818585411, 9618563.920676847919822 ], [ 760506.652764881262556, 9618538.752286680042744 ], [ 760492.751341997645795, 9618491.438041923567653 ], [ 760484.917274741688743, 9618425.080965643748641 ], [ 760483.366629482246935, 9618382.272026125341654 ], [ 760463.450719173997641, 9618375.462197255343199 ], [ 760473.222540895454586, 9618325.877104008570313 ], [ 760476.962938087875955, 9618264.801628282293677 ], [ 760451.673386189737357, 9618242.738491894677281 ], [ 760446.194222242687829, 9618184.672680469229817 ], [ 760431.509144660667516, 9618135.1478610355407 ], [ 760414.673793741385452, 9618115.276449533179402 ], [ 760415.331717132474296, 9618066.488213747739792 ], [ 760390.777021053014323, 9618026.833562606945634 ], [ 760391.43274498207029, 9617977.160320848226547 ], [ 760377.655816847109236, 9617935.266568111255765 ], [ 760352.170181250665337, 9617923.824169399216771 ], [ 760330.352522702538408, 9617912.15147190541029 ], [ 760331.937393560889177, 9617878.627527007833123 ], [ 760372.024918822105974, 9617815.692428931593895 ], [ 760386.115684763994068, 9617759.459045464172959 ], [ 760391.772005343460478, 9617663.973789343610406 ], [ 760401.669469897868112, 9617620.362234568223357 ], [ 760419.103593291598372, 9617567.550009157508612 ], [ 760414.940726847620681, 9617547.426123490557075 ], [ 760383.863225597306155, 9617522.390445647761226 ], [ 760384.533806297113188, 9617478.8016600869596 ], [ 760350.975436538690701, 9617439.501204907894135 ], [ 760326.51417575974483, 9617392.65565144084394 ], [ 760286.168410905986093, 9617350.827539531514049 ], [ 760266.856063244165853, 9617318.240196999162436 ], [ 760260.053634780575521, 9617264.602819850668311 ], [ 760216.408166736015119, 9617237.053776839748025 ], [ 760208.014715500641614, 9617214.395936653017998 ], [ 760191.917752169072628, 9617178.371234888210893 ], [ 760173.404085402726196, 9617154.078975610435009 ], [ 760159.818617792217992, 9617099.683986691758037 ], [ 760152.970843536662869, 9617027.682663716375828 ], [ 760117.63999262615107, 9616990.820459719747305 ], [ 760109.983465665602125, 9616951.456134129315615 ], [ 760117.368993101175874, 9616881.079088851809502 ], [ 760072.819306810270064, 9616802.422664808109403 ], [ 760014.293079998809844, 9616691.055198119953275 ], [ 760003.738040432683192, 9616648.379254203289747 ], [ 759996.13123674003873, 9616629.148950444534421 ], [ 759997.695414179703221, 9616587.328088641166687 ], [ 759982.471144451526925, 9616544.553063103929162 ], [ 759984.920525427325629, 9616501.070611726492643 ], [ 759973.033396345097572, 9616459.172364788129926 ], [ 759983.867448612931184, 9616434.807657798752189 ], [ 759956.12934106530156, 9616411.423292269930243 ], [ 759904.055819904897362, 9616347.056475941091776 ], [ 759808.95994543901179, 9616192.192589780315757 ], [ 759760.310644218930975, 9616163.88171374797821 ], [ 759668.902030595229007, 9616151.496097728610039 ], [ 759605.359246259555221, 9616169.242691392078996 ], [ 759561.728869691258296, 9616147.556973211467266 ], [ 759531.459033504594117, 9616134.245887273922563 ], [ 759503.737528674071655, 9616117.499080592766404 ], [ 759470.96829492948018, 9616082.400715973228216 ], [ 759452.34127812506631, 9616057.11320910230279 ], [ 759422.042547316290438, 9616032.075772328302264 ], [ 759399.707233685650863, 9616035.670958502218127 ], [ 759381.332574833300896, 9616067.576760280877352 ], [ 759346.095357722602785, 9616068.4381073564291 ], [ 759309.277280253940262, 9616059.346957826986909 ], [ 759280.639798530959524, 9616031.760994715616107 ], [ 759246.077123275725171, 9615945.557630462571979 ], [ 759184.86639595637098, 9615917.16703849285841 ], [ 759168.907969147665426, 9615892.094215616583824 ], [ 759168.7406472384464, 9615824.280642626807094 ], [ 759145.111635684268549, 9615799.116130288690329 ], [ 759129.839040034101345, 9615781.674847109243274 ], [ 759126.645647488650866, 9615748.937319347634912 ], [ 759104.867890355177224, 9615753.19485941529274 ], [ 759092.386884232284501, 9615785.860428728163242 ], [ 759069.742460756096989, 9615799.302079351618886 ], [ 759060.57370291207917, 9615822.777478206902742 ], [ 759084.060410717618652, 9615835.330947041511536 ], [ 759084.995293172076344, 9615853.803240546956658 ], [ 759043.092466685804538, 9615856.340369131416082 ], [ 758993.585491947364062, 9615840.642893388867378 ], [ 759014.451030699536204, 9615827.095032516866922 ], [ 759020.26005103578791, 9615793.560937866568565 ], [ 759029.432901599095203, 9615771.744931254535913 ], [ 759065.357212712871842, 9615734.043360548093915 ], [ 759104.735493981395848, 9615699.541400684043765 ], [ 759108.753546426305547, 9615661.033509638160467 ], [ 759084.455674630007707, 9615635.096283866092563 ], [ 759108.497937285457738, 9615602.51279260776937 ], [ 759128.422753289109096, 9615568.169428871944547 ], [ 759129.494514235062525, 9615552.015330895781517 ], [ 759116.646500867209397, 9615526.049853565171361 ], [ 759113.789562077377923, 9615494.528391037136316 ], [ 759145.817235145368613, 9615454.513174246996641 ], [ 759172.281233772286214, 9615412.299146462231874 ], [ 759203.163046470028348, 9615358.458405401557684 ], [ 759206.917085785651579, 9615303.135907607153058 ], [ 759180.313195510883816, 9615288.709589146077633 ], [ 759169.144907149020582, 9615267.718167752027512 ], [ 759171.839242106070742, 9615233.417319187894464 ], [ 759195.650237315101549, 9615197.294250378385186 ], [ 759195.030156405176967, 9615171.298570113256574 ], [ 759210.43947406380903, 9615154.113376591354609 ], [ 759223.658450450515375, 9615105.294425439089537 ], [ 759250.604187021148391, 9615033.209952956065536 ], [ 759229.424067095038481, 9615009.367022454738617 ], [ 759270.269233641214669, 9614938.907535063102841 ], [ 759306.166742671746761, 9614890.58554450981319 ], [ 759336.968755178968422, 9614804.663106737658381 ], [ 759362.875457223155536, 9614762.007736165076494 ], [ 759351.237522452021949, 9614730.950491106137633 ], [ 759345.529785709804855, 9614670.5625254586339 ], [ 759362.547492697136477, 9614629.58854516223073 ], [ 759378.78347415314056, 9614587.178343966603279 ], [ 759339.766024760785513, 9614542.692503089085221 ], [ 759328.171540581504814, 9614484.3104098290205 ], [ 759326.966165805933997, 9614446.479116696864367 ], [ 759351.966930262045935, 9614397.188339637592435 ], [ 759341.543529510265216, 9614362.809313317760825 ], [ 759375.089961806545034, 9614352.769765086472034 ], [ 759414.876862876233645, 9614348.909819206222892 ], [ 759474.357399694854394, 9614352.191749755293131 ], [ 759530.435024774167687, 9614328.046669287607074 ], [ 759585.397993649356067, 9614302.687413047999144 ], [ 759639.129649079171941, 9614273.901736008003354 ], [ 759717.097240365925245, 9614246.05147772654891 ], [ 759780.896866381284781, 9614197.991605658084154 ], [ 759852.927711931639351, 9614152.013112865388393 ], [ 759966.137190902256407, 9614080.709194799885154 ], [ 760003.847248522681184, 9614046.321041284129024 ], [ 760078.158143960405141, 9613978.543046412989497 ], [ 760127.252086484571919, 9613917.686585092917085 ], [ 760169.499599839560688, 9613875.211217349395156 ], [ 760175.08075415273197, 9613839.796627832576632 ], [ 760201.337870554067194, 9613804.219917071983218 ], [ 760209.233019205043092, 9613760.613139418885112 ], [ 760230.998292306321673, 9613751.487492170184851 ], [ 760262.918860025354661, 9613713.573455842211843 ], [ 760262.804737112135626, 9613667.774064913392067 ], [ 760278.883329527569003, 9613651.69304583966732 ], [ 760305.034965946222655, 9613618.439687365666032 ], [ 760354.182878340594471, 9613579.376355784013867 ], [ 760401.03052683128044, 9613509.453685879707336 ], [ 760446.689535985467955, 9613453.251711620017886 ], [ 760471.669244613265619, 9613395.884393570944667 ], [ 760507.01835354429204, 9613306.5198406688869 ], [ 760502.394963179947808, 9613280.20205850712955 ], [ 760498.851703627267852, 9613241.270055422559381 ], [ 760478.155362752731889, 9613233.245931228622794 ], [ 760462.082265423377976, 9613206.956743156537414 ], [ 760458.390376844909042, 9613108.507586490362883 ], [ 760445.711916696978733, 9613061.633240332826972 ], [ 760418.237494328990579, 9613054.732333602383733 ], [ 760384.908620494534262, 9613018.197915114462376 ], [ 760384.831538139027543, 9612987.333080265671015 ], [ 760399.675562357297167, 9612966.608691681176424 ], [ 760380.196536899777129, 9612956.36900220811367 ], [ 760352.571205822867341, 9612933.538143051788211 ], [ 760342.198429284500889, 9612875.15282947011292 ], [ 760332.786025210283697, 9612800.724163571372628 ], [ 760288.018694376572967, 9612724.171291595324874 ], [ 760244.346100018592551, 9612685.339599177241325 ], [ 760215.697464819182642, 9612653.329267829656601 ], [ 760207.476836310583167, 9612610.979577891528606 ], [ 760177.722414683084935, 9612581.295190965756774 ], [ 760158.980990069452673, 9612554.791483487933874 ], [ 760118.215833052876405, 9612522.811437023803592 ], [ 760080.089005673653446, 9612478.987698137760162 ], [ 760040.646511563449167, 9612442.468641713261604 ], [ 760025.888423049589619, 9612408.542984401807189 ], [ 760027.794260473921895, 9612370.48250257410109 ], [ 760037.730485019623302, 9612343.132785703986883 ], [ 760034.292560875881463, 9612301.87746530584991 ], [ 760004.130966732278466, 9612242.656705869361758 ], [ 760002.025027364725247, 9612200.623676562681794 ], [ 759999.267319833626971, 9612164.67676636762917 ], [ 759996.534489958663471, 9612138.686232199892402 ], [ 759963.791592737077735, 9612114.098226839676499 ], [ 759930.333646641811356, 9612070.262904342263937 ], [ 759912.851044266833924, 9612013.665557611733675 ], [ 759902.747614362277091, 9611974.086336404085159 ], [ 759869.20869463449344, 9611897.837533488869667 ], [ 759835.135286007658578, 9611874.580407259985805 ], [ 759812.340242942096666, 9611827.289042446762323 ], [ 759790.83433385042008, 9611762.07289912737906 ], [ 759774.095326080103405, 9611736.117412133142352 ], [ 759777.32697481312789, 9611694.845487531274557 ], [ 759753.229559992090799, 9611660.168877094984055 ], [ 759747.026943354518153, 9611580.201124601066113 ], [ 759748.896418198943138, 9611527.648664310574532 ], [ 759745.503799055702984, 9611504.536123294383287 ], [ 759742.449084456195123, 9611483.192768584936857 ], [ 759708.683831315720454, 9611449.757264450192451 ], [ 759702.712403963669203, 9611417.801028229296207 ], [ 759673.968178830808029, 9611391.875602871179581 ], [ 759667.231918454985134, 9611365.231376055628061 ], [ 759668.409215599531308, 9611302.613626016303897 ], [ 759636.290106890373863, 9611260.655767265707254 ], [ 759629.502091674134135, 9611213.324459914118052 ], [ 759642.095941914012656, 9611181.985554499551654 ], [ 759683.353959779255092, 9611144.601058460772038 ], [ 759730.468227084493265, 9611093.152247469872236 ], [ 759781.72055252129212, 9611051.760073134675622 ], [ 759825.639371610363014, 9611011.603112746030092 ], [ 759862.872242851997726, 9610964.935869049280882 ], [ 759870.036610711598769, 9610896.218539698049426 ], [ 759892.606356051634066, 9610853.570566834881902 ], [ 759937.101834457367659, 9610777.458229679614305 ], [ 759970.247334039537236, 9610696.727960404008627 ], [ 759984.799898420576937, 9610648.679292570799589 ], [ 759970.700321335694753, 9610611.433332778513432 ], [ 759984.575899298069999, 9610559.403778720647097 ], [ 759989.771052504191175, 9610503.413422899320722 ], [ 759981.655435203458183, 9610458.740439193323255 ], [ 759945.479469954269007, 9610394.888779647648335 ], [ 759909.285203924286179, 9610323.735796416178346 ], [ 759887.2121938301716, 9610298.457607597112656 ], [ 759891.634794139186852, 9610200.430940495803952 ], [ 759921.522039072820917, 9610150.352458953857422 ], [ 759952.057854369981214, 9610092.97093135677278 ], [ 759965.92819253844209, 9610038.950059175491333 ], [ 759967.785052704275586, 9609981.640551041811705 ], [ 759932.991617440944538, 9609937.145263252779841 ], [ 759925.526454421808012, 9609885.943683354184031 ], [ 759930.109465462621301, 9609851.85902308486402 ], [ 759913.315339143387973, 9609803.999708853662014 ], [ 759902.575475246179849, 9609776.701817762106657 ], [ 759877.177762842271477, 9609755.414634319022298 ], [ 759874.436280797002837, 9609726.105357073247433 ], [ 759885.658708289149217, 9609680.056290782988071 ], [ 759884.234418179956265, 9609644.106077780947089 ], [ 759832.06510204623919, 9609585.604912783950567 ], [ 759789.951769870938733, 9609547.655099231749773 ], [ 759747.833743023104034, 9609507.824642278254032 ], [ 759717.038534262217581, 9609461.881244676187634 ], [ 759718.913661782047711, 9609411.873151693493128 ], [ 759715.381439294666052, 9609333.33690214343369 ], [ 759698.531716224504635, 9609263.352423409000039 ], [ 759683.064845679677092, 9609212.834816655144095 ], [ 759675.664743256871589, 9609187.519864132627845 ], [ 759700.871134655317292, 9609132.806753344833851 ], [ 759757.398491497151554, 9609067.94774092361331 ], [ 759787.3154359908076, 9609029.927379628643394 ], [ 759803.896832804311998, 9608993.268095210194588 ], [ 759847.133924924768507, 9608947.802137315273285 ], [ 759847.62811658566352, 9608879.212122252210975 ], [ 759864.192437636782415, 9608835.804588790982962 ], [ 759867.362698387005366, 9608770.52663298510015 ], [ 759868.597340317443013, 9608731.140285788103938 ], [ 759885.180270981159993, 9608695.144693415611982 ], [ 759883.775842236122116, 9608667.159581856802106 ], [ 759859.69540842960123, 9608639.231629306450486 ], [ 759866.875594037119299, 9608577.262371772900224 ], [ 759875.360895446850918, 9608503.895227270200849 ], [ 759889.653919049073011, 9608441.465506786480546 ], [ 759900.023678853758611, 9608410.131883718073368 ], [ 759868.586826045066118, 9608374.257376322522759 ], [ 759839.489860709290951, 9608340.589512916281819 ], [ 759796.384687490644865, 9608305.961341360583901 ], [ 759767.290832682978362, 9608273.510374866425991 ], [ 759770.493637155508623, 9608177.146171454340219 ], [ 759818.062455576611683, 9608130.562800532206893 ], [ 759881.819273931207135, 9608067.786960003897548 ], [ 759942.010075565194711, 9608001.479965036734939 ], [ 759984.860428380663507, 9607935.216691438108683 ], [ 760049.728295482462272, 9607872.327162006869912 ], [ 760071.581739191315137, 9607810.763186078518629 ], [ 760079.69290080294013, 9607765.496139362454414 ], [ 760101.578438366297632, 9607716.654182279482484 ], [ 760122.390716938301921, 9607682.970857512205839 ], [ 760152.645079933921807, 9607646.829832611605525 ], [ 760206.828483858378604, 9607578.767560120671988 ], [ 760247.559721430996433, 9607553.773312887176871 ], [ 760332.171995555865578, 9607474.681739747524261 ], [ 760410.991984007647261, 9607390.847704799845815 ], [ 760416.677895151777193, 9607353.662459351122379 ], [ 760386.252301508327946, 9607278.291625982150435 ], [ 760398.891082329675555, 9607221.397066812962294 ], [ 760415.095786016783677, 9607168.033534722402692 ], [ 760411.444557070033625, 9607130.871954374015331 ], [ 760370.71680737962015, 9607069.466347303241491 ], [ 760345.033227727515623, 9607023.067940693348646 ], [ 760342.540178797440603, 9606960.459126807749271 ], [ 760359.791222456260584, 9606881.427367260679603 ], [ 760385.136888769688085, 9606838.439605074003339 ], [ 760422.306255360017531, 9606811.684058884158731 ], [ 760445.478746592765674, 9606788.393467849120498 ], [ 760513.788337690057233, 9606724.387949617579579 ], [ 760627.437384323915467, 9606655.620777867734432 ], [ 760690.119217117317021, 9606607.89158083871007 ], [ 760767.765327526838519, 9606543.751347003504634 ], [ 760872.044699051999487, 9606462.285284921526909 ], [ 760955.537908554193564, 9606380.871925413608551 ], [ 761018.087464921874925, 9606324.956181256100535 ], [ 761034.115206324029714, 9606246.037625202909112 ], [ 761061.864341209176928, 9606186.780961537733674 ], [ 761023.202382934978232, 9606063.861182257533073 ], [ 760978.943650709465146, 9606012.863865625113249 ], [ 760972.943054737173952, 9605969.955523416399956 ], [ 761034.256548293284141, 9605865.36643572896719 ], [ 761037.591465000761673, 9605778.293716780841351 ], [ 761031.46323606162332, 9605685.381851034238935 ], [ 761017.497806678758934, 9605657.539230290800333 ], [ 761030.227508117677644, 9605636.708695815876126 ], [ 761044.012006806675345, 9605593.639240127056837 ], [ 761045.128273152047768, 9605551.929641412571073 ], [ 761033.370955415535718, 9605518.218113176524639 ], [ 761015.942229962791316, 9605483.525411639362574 ], [ 760978.560156634775922, 9605426.647423373535275 ], [ 760972.688374729361385, 9605390.708329947665334 ], [ 761005.020839588018134, 9605341.838868537917733 ], [ 761014.17417838354595, 9605269.907319582998753 ], [ 760993.167615152196959, 9605227.037313118577003 ], [ 760983.685468770912848, 9605170.198760900646448 ], [ 760992.918697397690266, 9605129.574719050899148 ], [ 760959.016697190818377, 9605042.597124831750989 ], [ 760911.215894973371178, 9604997.361782528460026 ], [ 760889.121569907059893, 9604963.787339311093092 ], [ 760885.417781729833223, 9604862.793540412560105 ], [ 760821.308968227473088, 9604786.402850180864334 ], [ 760770.054083733237348, 9604737.857550637796521 ], [ 760692.116269696736708, 9604686.946603860706091 ], [ 760609.531033228384331, 9604644.233966428786516 ], [ 760515.292631267453544, 9604608.520599884912372 ], [ 760447.948636461398564, 9604614.44514106027782 ], [ 760410.755527544417419, 9604587.878822114318609 ], [ 760378.09006379020866, 9604549.685057250782847 ], [ 760355.989778085844591, 9604513.676885612308979 ], [ 760339.657866630121134, 9604473.11827003210783 ], [ 760327.883216978400014, 9604432.548028629273176 ], [ 760333.547662246041, 9604387.28692265599966 ], [ 760356.642137686256319, 9604333.794875718653202 ], [ 760385.633872047299519, 9604282.721552332863212 ], [ 760393.641202667262405, 9604240.883889144286513 ], [ 760410.817926589632407, 9604177.007911644876003 ], [ 760411.844723307760432, 9604100.340386083349586 ], [ 760388.492338635725901, 9604052.83020893484354 ], [ 760391.801790761761367, 9603999.499271500855684 ], [ 760362.692966203438118, 9603961.1859076526016 ], [ 760346.346291682450101, 9603914.874751498922706 ], [ 760356.634252600022592, 9603852.122646447271109 ], [ 760350.55314075446222, 9603777.796492526307702 ], [ 760369.110967408749275, 9603732.502377698197961 ], [ 760366.663895592559129, 9603688.368245955556631 ], [ 760346.751269374974072, 9603638.526154788210988 ], [ 760319.728052299236879, 9603589.919161565601826 ], [ 760307.001531443791464, 9603524.902739081531763 ], [ 760313.882108935038559, 9603477.204681849107146 ], [ 760311.375835592625663, 9603409.94956811517477 ], [ 760327.440602717106231, 9603346.076380614191294 ], [ 760344.760557023459114, 9603294.922130046412349 ], [ 760396.930344373453408, 9603266.910422142595053 ], [ 760435.182673216797411, 9603229.752222150564194 ], [ 760488.309181974735111, 9603141.335285529494286 ], [ 760538.09847547323443, 9603051.93116395547986 ], [ 760570.435812973068096, 9603005.495260257273912 ], [ 760635.367867667460814, 9602926.340543586760759 ], [ 760653.855765349813737, 9602897.308644162490964 ], [ 760660.727159463567659, 9602846.180984687060118 ], [ 760666.420722309267148, 9602812.535531226545572 ], [ 760710.342130771838129, 9602732.328279353678226 ], [ 760726.328752021072432, 9602638.253588695079088 ], [ 760700.710348662803881, 9602617.410713596269488 ], [ 760675.059291477897204, 9602583.845726909115911 ], [ 760664.506861818023026, 9602543.272425256669521 ], [ 760655.167997933691368, 9602499.155922386795282 ], [ 760726.910626903409138, 9602388.786340411752462 ], [ 760712.729684366728179, 9602320.3441545907408 ], [ 760715.955598377389833, 9602278.076035134494305 ], [ 760733.387151806033216, 9602227.363682860508561 ], [ 760763.808771524112672, 9602170.975895440205932 ], [ 760819.240045202197507, 9602114.855634476989508 ], [ 760861.149330463376828, 9602073.704865442588925 ], [ 760902.156851961743087, 9602027.688746592029929 ], [ 760955.577293227543123, 9601967.701503194868565 ], [ 760976.811068375012837, 9601926.050699900835752 ], [ 760972.85129990009591, 9601899.067659130319953 ], [ 760945.658556352136657, 9601871.148794004693627 ], [ 760914.640573719050735, 9601825.318048030138016 ], [ 760892.795603666221723, 9601802.253050921484828 ], [ 760886.436738795833662, 9601750.053026614710689 ], [ 760924.488013499649242, 9601678.378721937537193 ], [ 760939.8121808108408, 9601629.552296804264188 ], [ 760975.915090950205922, 9601578.238494753837585 ], [ 761003.393316713278182, 9601544.426120024174452 ], [ 761002.866588073899038, 9601512.566599298268557 ], [ 760974.169028700795025, 9601461.419795168563724 ], [ 760970.73984845308587, 9601424.700129520148039 ], [ 760954.638449400779791, 9601387.570625141263008 ], [ 760926.938982347142883, 9601335.536247931420803 ], [ 760921.028561177197844, 9601284.883863843977451 ], [ 760925.720701211248524, 9601251.019596645608544 ], [ 760935.30854647886008, 9601219.134004667401314 ], [ 760922.606556926621124, 9601164.074019128456712 ], [ 760849.874352311482653, 9601062.373250411823392 ], [ 760781.955058038467541, 9600973.603574493899941 ], [ 760735.938338955747895, 9600930.245494920760393 ], [ 760718.836824002326466, 9600850.084398400038481 ], [ 760687.29321371554397, 9600815.871124723926187 ], [ 760649.130780711537227, 9600758.000573433935642 ], [ 760622.456794995698147, 9600672.554081870242953 ], [ 760633.999267821316607, 9600622.85242173075676 ], [ 760690.789570484892465, 9600533.982353202998638 ], [ 760740.249365472001955, 9600447.233044527471066 ], [ 760795.019878900144249, 9600351.066561641171575 ], [ 760795.799277889309451, 9600265.549157734960318 ], [ 760743.856653678230941, 9600208.599364541471004 ], [ 760669.798452371964231, 9600152.812996191903949 ], [ 760563.900287815602496, 9600077.085237855091691 ], [ 760470.757732773199677, 9600034.07033278234303 ], [ 760415.763278128579259, 9600000.360257370397449 ], [ 760328.967196066631004, 9599961.532769920304418 ], [ 760306.374295185320079, 9599906.941056018695235 ], [ 760249.454509100411087, 9599859.296869410201907 ], [ 760220.907941983663477, 9599823.416599940508604 ], [ 760211.636225791065954, 9599762.374136725440621 ], [ 760214.258977869525552, 9599701.964736089110374 ], [ 760193.996787274838425, 9599646.039524029940367 ], [ 760209.648866801988333, 9599595.33170247823 ], [ 760235.998478228808381, 9599555.216480994597077 ], [ 760267.552545671234839, 9599507.565118091180921 ], [ 760253.739677775418386, 9599452.72953268699348 ], [ 760243.063221921911463, 9599407.28919230401516 ], [ 760227.032839547027834, 9599354.561273850500584 ], [ 760216.263744076364674, 9599273.277860729023814 ], [ 760221.525022536632605, 9599244.722355931997299 ], [ 760223.442919636028819, 9599169.711921518668532 ], [ 760263.397557172109373, 9599104.11709245108068 ], [ 760253.746242419700138, 9599068.298718348145485 ], [ 760227.248839151812717, 9599008.185854943469167 ], [ 760184.669667555601336, 9598918.466421999037266 ], [ 760171.541343771619722, 9598870.488035637885332 ], [ 760163.863196497317404, 9598824.044341124594212 ], [ 760160.030226274277084, 9598760.222182501107454 ], [ 760140.822907922323793, 9598725.424214109778404 ], [ 760141.84420286025852, 9598690.573908908292651 ], [ 760141.625478758709505, 9598606.055063294246793 ], [ 760115.153528249356896, 9598598.711531644687057 ], [ 760090.644824798684567, 9598491.023801548406482 ], [ 760086.178148616338149, 9598397.11264319345355 ], [ 760038.33710232633166, 9598292.693563103675842 ], [ 760037.102474565850571, 9598245.126962078735232 ], [ 760022.147939816466533, 9598178.678601130843163 ], [ 760023.14192628103774, 9598133.318781040608883 ], [ 760066.098367770668119, 9598025.456365963444114 ], [ 760056.467830113368109, 9597954.790374655276537 ], [ 760030.921430033748038, 9597875.647327741608024 ], [ 759984.285945413634181, 9597850.434508606791496 ], [ 759928.140099081443623, 9597800.908304080367088 ], [ 759924.893874414381571, 9597749.14310746639967 ], [ 759962.733412240631878, 9597682.668600222095847 ], [ 759957.079348122933879, 9597516.742164358496666 ], [ 759931.467222146457061, 9597412.265707936137915 ], [ 759893.264099910855293, 9597338.465717546641827 ], [ 759883.530336931929924, 9597270.897654376924038 ], [ 759824.283577854512259, 9597225.583511089906096 ], [ 759790.313399718492292, 9597198.236053975299001 ], [ 759723.576470225816593, 9597136.125994727015495 ], [ 759653.708372927620076, 9597066.612041713669896 ], [ 759609.205858803587034, 9597006.546261873096228 ], [ 759619.290492016123608, 9596823.764024464413524 ], [ 759596.957848309190013, 9596783.774932069703937 ], [ 759554.657534118276089, 9596758.551058573648334 ], [ 759544.024846627842635, 9596730.036844434216619 ], [ 759513.204004576662555, 9596674.139485858380795 ], [ 759489.799654874484986, 9596606.607053669169545 ], [ 759474.845073991920799, 9596540.158980663865805 ], [ 759517.929093751707114, 9596481.967943543568254 ], [ 759521.448349087266251, 9596381.951899204403162 ], [ 759537.450645991018973, 9596338.212636180222034 ], [ 759573.835437064059079, 9596268.312413224950433 ], [ 759609.386486282688566, 9596219.765355410054326 ], [ 759652.143390408018604, 9596164.119392925873399 ], [ 759678.253521201317199, 9596118.030600091442466 ], [ 759692.481675722519867, 9596075.955259472131729 ], [ 759693.92002929141745, 9596030.704976698383689 ], [ 759648.519764577155001, 9595967.323000971227884 ], [ 759558.572030567913316, 9595912.022019419819117 ], [ 759525.992559980368242, 9595906.464728374034166 ], [ 759500.561456927796826, 9595871.683291934430599 ], [ 759492.487011080258526, 9595843.93687691912055 ], [ 759501.97308591066394, 9595816.144812000915408 ], [ 759517.789960078313015, 9595786.676875105127692 ], [ 759524.808152561192401, 9595750.151673514395952 ], [ 759510.388013686751947, 9595675.626491062343121 ], [ 759497.697066879365593, 9595667.694344313815236 ], [ 759478.397021076176316, 9595597.164445657283068 ], [ 759437.833922051126137, 9595556.006041970103979 ], [ 759404.42106680071447, 9595529.099936807528138 ], [ 759389.140591045492329, 9595465.63975365832448 ], [ 759345.89074178552255, 9595331.561667738482356 ], [ 759323.484807109693065, 9595263.363092668354511 ], [ 759288.413273736252449, 9595239.66952758282423 ], [ 759258.174154274631292, 9595193.727372985333204 ], [ 759229.383924624649808, 9595149.330234698951244 ], [ 759185.515361930360086, 9595076.430585471913218 ], [ 759183.85404873767402, 9595035.945460008457303 ], [ 759167.085843370179646, 9594998.707819947972894 ], [ 759155.098735823528841, 9594962.232133598998189 ], [ 759148.534812700236216, 9594917.002816528081894 ], [ 759126.952423731447197, 9594866.281239809468389 ], [ 759068.015714868204668, 9594768.751095114275813 ], [ 759081.872062666108832, 9594626.670173782855272 ], [ 759025.358347618719563, 9594563.31749133579433 ], [ 759016.522358882939443, 9594541.878892943263054 ], [ 759004.460962191573344, 9594476.861736878752708 ], [ 759016.212453891988844, 9594422.8452636487782 ], [ 759006.637310755788349, 9594373.641272258013487 ], [ 759010.328720710007474, 9594297.40979509986937 ], [ 758988.688432046212256, 9594224.452479744330049 ], [ 758979.810833399184048, 9594144.381815394386649 ], [ 758981.184916781727225, 9594074.572735171765089 ], [ 758980.222717115655541, 9594003.884727252647281 ], [ 758970.536360976053402, 9593954.681054970249534 ], [ 758968.850062614306808, 9593904.682146126404405 ], [ 759013.904068230185658, 9593835.533560460433364 ], [ 758959.70602220739238, 9593765.094992244616151 ], [ 758915.777399264625274, 9593669.074886316433549 ], [ 758860.095921205123886, 9593626.4075369220227 ], [ 758840.119144746335223, 9593594.70976179651916 ], [ 758814.710961983422749, 9593568.557486457750201 ], [ 758762.977442755829543, 9593548.115805651992559 ], [ 758769.246058002230711, 9593522.655334658920765 ], [ 758751.689583838917315, 9593481.437371568754315 ], [ 758736.42146599048283, 9593422.734440840780735 ], [ 758727.615865664789453, 9593370.320383189246058 ], [ 758725.795869391062297, 9593311.693020567297935 ], [ 758695.573578071780503, 9593272.056889906525612 ], [ 758675.582447870867327, 9593234.827866435050964 ], [ 758654.860670622438192, 9593215.743511807173491 ], [ 758630.913334232987836, 9593153.080706518143415 ], [ 758578.450926972320303, 9593108.745662877336144 ], [ 758537.034871451207437, 9593081.086415270343423 ], [ 758510.70688617695123, 9593043.099560182541609 ], [ 758507.503840280463919, 9593008.149947259575129 ], [ 758526.39487577881664, 9592964.513844190165401 ], [ 758569.070717527065426, 9592878.666969656944275 ], [ 758591.211251876316965, 9592845.199981465935707 ], [ 758587.12133929610718, 9592811.137682599946856 ], [ 758558.41380502958782, 9592755.678092934191227 ], [ 758544.020037238486111, 9592691.331033235415816 ], [ 758478.694330924772657, 9592615.390524351969361 ], [ 758457.153413706924766, 9592580.48878869600594 ], [ 758375.065887442324311, 9592469.63411583378911 ], [ 758377.283707647235133, 9592425.156516848132014 ], [ 758404.867175120627508, 9592348.088526824489236 ], [ 758409.517554834601469, 9592298.847627257928252 ], [ 758401.508609359851107, 9592253.622337838634849 ], [ 758360.036809039884247, 9592204.501896575093269 ], [ 758274.857066771946847, 9592143.658577475696802 ], [ 758266.870977896265686, 9592107.17274265550077 ], [ 758237.456155210966244, 9592078.707960793748498 ], [ 758183.356139534851536, 9592045.440075032413006 ], [ 758165.695060558384284, 9592006.656367467716336 ], [ 758191.724431489128619, 9591930.36690235696733 ], [ 758170.14840218774043, 9591881.968946058303118 ], [ 758142.196249339031056, 9591817.768098171800375 ], [ 758125.316489934339188, 9591737.718792071565986 ], [ 758110.739379314007238, 9591645.715851072221994 ], [ 758060.611619960749522, 9591601.375074602663517 ], [ 758018.42431924387347, 9591576.041258389130235 ], [ 757954.783624904113822, 9591549.214703109115362 ], [ 757884.040643754182383, 9591526.389212174341083 ], [ 757853.059759932686575, 9591493.946043809875846 ], [ 757837.889448451111093, 9591472.634827300906181 ], [ 757828.21357320912648, 9591427.414044369012117 ], [ 757803.571546741412021, 9591396.503101993352175 ], [ 757800.259333172813058, 9591362.328313151374459 ], [ 757781.946025437675416, 9591329.077707218006253 ], [ 757773.046082864748314, 9591283.080534199252725 ], [ 757754.724406997556798, 9591246.62180614285171 ], [ 757739.537373764207587, 9591218.894348161295056 ], [ 757735.434773952001706, 9591179.964721247553825 ], [ 757736.187189065967686, 9591127.636671897023916 ], [ 757725.756178165669553, 9591091.157350346446037 ], [ 757714.507622328703292, 9591039.524411784484982 ], [ 757717.526073553366587, 9591003.784340722486377 ], [ 757721.433890250045806, 9590968.152569945901632 ], [ 757707.039266711566597, 9590945.954365331679583 ], [ 757698.27932862425223, 9590911.019454754889011 ], [ 757693.409139469848014, 9590876.074381938204169 ], [ 757694.102090668166056, 9590843.548542268574238 ], [ 757682.113138657761738, 9590806.29893315769732 ], [ 757674.85501708323136, 9590750.673057043924928 ], [ 757681.090263757272623, 9590712.601434225216508 ], [ 757678.564303580322303, 9590681.632774172350764 ], [ 757710.571426585549489, 9590596.588347686454654 ], [ 757737.777633192948997, 9590545.629238273948431 ], [ 757744.810996457352303, 9590472.818936370313168 ], [ 757761.986282635596581, 9590410.934059370309114 ], [ 757746.412549768108875, 9590362.852505961433053 ], [ 757766.057207783916965, 9590225.403582943603396 ], [ 757747.6763939113589, 9590166.377421097829938 ], [ 757717.522527088178322, 9590110.147746888920665 ], [ 757656.356864227447659, 9590052.00801788084209 ], [ 757597.000048622256145, 9589963.109559770673513 ], [ 757527.719694118597545, 9589904.216719094663858 ], [ 757427.339996308204718, 9589809.894403200596571 ], [ 757383.537979980930686, 9589761.776214016601443 ], [ 757314.248359605087899, 9589699.232766374945641 ], [ 757250.478213580907322, 9589664.884425826370716 ], [ 757159.376125427195802, 9589633.262586876749992 ], [ 757070.156474488321692, 9589598.980764595791698 ], [ 757041.086326339864172, 9589574.497918820008636 ], [ 757006.42392716743052, 9589536.422760667279363 ], [ 756982.607234303839505, 9589480.951046701520681 ], [ 756955.132980743073858, 9589429.250173810869455 ], [ 756902.185168314841576, 9589368.434014080092311 ], [ 756867.506098495097831, 9589323.942655067890882 ], [ 756842.786529033910483, 9589263.163328943774104 ], [ 756809.692961477558129, 9589144.991349989548326 ], [ 756789.559979295590892, 9589053.224962407723069 ], [ 756749.293687158147804, 9588997.021992404013872 ], [ 756708.334859046619385, 9588973.455308370292187 ], [ 756664.612202478456311, 9588955.427110785618424 ], [ 756636.298841907759197, 9588922.756077295169234 ], [ 756632.678369867964648, 9588898.206740565598011 ], [ 756649.827849494060501, 9588869.067446986213326 ], [ 756654.291405560798012, 9588833.54506310261786 ], [ 756671.502210015081801, 9588785.378046413883567 ], [ 756725.899266750901006, 9588720.630527911707759 ], [ 756720.325211157323793, 9588671.527477867901325 ], [ 756712.642941824509762, 9588538.797215059399605 ], [ 756711.556325215031393, 9588463.353598020970821 ], [ 756726.877680419478565, 9588415.19145804271102 ], [ 756714.945249081356451, 9588357.033794807270169 ], [ 756734.863257465651259, 9588324.236519798636436 ], [ 756749.273741117562167, 9588267.779839983209968 ], [ 756754.514244422432967, 9588189.553986551240087 ], [ 756768.970178815536201, 9588150.465345168486238 ], [ 756780.602259408449754, 9588094.015914458781481 ], [ 756788.752057183068246, 9588065.785075878724456 ], [ 756778.066024590749294, 9588016.806056493893266 ], [ 756784.870325955678709, 9587984.043102346360683 ], [ 756780.201641199178994, 9587941.243326982483268 ], [ 756777.277975839679129, 9587885.827683830633759 ], [ 756768.137888507219031, 9587833.083359090611339 ], [ 756726.103147530928254, 9587780.535961708053946 ], [ 756689.705688467016444, 9587758.72762343659997 ], [ 756688.227318823686801, 9587745.898964954540133 ], [ 756708.640104177640751, 9587732.349127849563956 ], [ 756748.679904642282054, 9587702.264607423916459 ], [ 756769.465202504186891, 9587661.278676800429821 ], [ 756798.474198287120089, 9587620.271143386140466 ], [ 756796.479837604798377, 9587580.229986319318414 ], [ 756800.06149378081318, 9587547.586091455072165 ], [ 756818.820776274893433, 9587496.870398676022887 ], [ 756825.820453387801535, 9587453.92935530655086 ], [ 756804.941296109114774, 9587416.814054215326905 ], [ 756800.942456413758919, 9587375.229405805468559 ], [ 756809.272183996275999, 9587330.95736307837069 ], [ 756795.438863447867334, 9587268.490351311862469 ], [ 756801.234923837357201, 9587232.743117596954107 ], [ 756814.552035629516467, 9587225.628098884597421 ], [ 757308.21459078672342, 9587062.373522190377116 ], [ 757412.456565618864261, 9587020.28234444744885 ], [ 757535.819192721508443, 9586938.315250696614385 ], [ 757576.811675186385401, 9586890.416732173413038 ], [ 757596.536049023387022, 9586826.644141186028719 ], [ 757651.465839601238258, 9586754.039164558053017 ], [ 757660.055221068440005, 9586724.147467494010925 ], [ 757705.826150989392772, 9586676.236183702945709 ], [ 757707.108897591126151, 9586656.983862306922674 ], [ 757693.725865062093362, 9586639.097778825089335 ], [ 757675.177517977659591, 9586643.129290690645576 ], [ 757633.007643209304661, 9586665.918952180072665 ], [ 757637.379288095864467, 9586638.029657566919923 ], [ 757714.29133876261767, 9586599.328716415911913 ], [ 757790.564628695952706, 9586571.249471593648195 ], [ 757903.972028354532085, 9586507.229102835059166 ], [ 757954.487170733278617, 9586488.399720376357436 ], [ 758006.172375581227243, 9586449.765101412311196 ], [ 758124.866454338654876, 9586367.808842161670327 ], [ 758166.593701116740704, 9586345.79437118396163 ], [ 758246.130454645259306, 9586291.155576128512621 ], [ 758297.13991000992246, 9586249.203659102320671 ], [ 758302.380993256461807, 9586214.010549748316407 ], [ 758311.432810132624581, 9586107.121366865932941 ], [ 758318.684757287264802, 9586075.905472137033939 ], [ 758319.214309891918674, 9586024.130862051621079 ], [ 758335.572165885940194, 9585948.418957393616438 ], [ 758373.242373171146028, 9585863.357877092435956 ], [ 758484.627211443963461, 9585791.376318018883467 ], [ 758561.448584887431934, 9585718.822548609226942 ], [ 758601.850728597375564, 9585700.129973208531737 ], [ 758627.027987607405521, 9585681.477812433615327 ], [ 758654.750694632646628, 9585617.019398981705308 ], [ 758692.579151442623697, 9585591.695979034528136 ], [ 758729.685824109008536, 9585545.687236275523901 ], [ 758789.318685353850015, 9585487.117727337405086 ], [ 758810.99247310415376, 9585404.753697974607348 ], [ 758864.5958841831889, 9585335.579912144690752 ], [ 758875.184906751615927, 9585305.682466709986329 ], [ 758875.138980736956, 9585288.42478883638978 ], [ 758853.703065129928291, 9585251.311191357672215 ], [ 758828.359942176495679, 9585207.570383671671152 ], [ 758817.015683865174651, 9585162.464804301038384 ], [ 758773.662462913896888, 9585116.116898370906711 ], [ 758774.07307487516664, 9585019.87043976970017 ], [ 758794.522535126539879, 9584978.662805462256074 ], [ 758830.346533999429084, 9584910.199996117502451 ], [ 758835.457706229062751, 9584826.441816011443734 ], [ 758862.376154362806119, 9584794.067044012248516 ], [ 758870.194437641534023, 9584767.053241832181811 ], [ 758928.641519873985089, 9584722.536071805283427 ], [ 758983.196072362596169, 9584676.922941301018 ], [ 759003.131846557604149, 9584651.536194650456309 ], [ 759034.375088806496933, 9584615.720336176455021 ], [ 759053.298437008284964, 9584544.094148591160774 ], [ 759058.447144677396864, 9584516.20238995179534 ], [ 759045.321619699127041, 9584469.995296292006969 ], [ 759052.144042439060286, 9584444.643492890521884 ], [ 759083.521617305930704, 9584417.566745979711413 ], [ 759087.639211427886039, 9584336.46609346754849 ], [ 759067.470562124624848, 9584274.568765169009566 ], [ 759065.524727704701945, 9584211.737775633111596 ], [ 759105.426331471651793, 9584172.358598863705993 ], [ 759114.131069527822547, 9584144.457315122708678 ], [ 759130.519956590491347, 9584122.619992390275002 ], [ 759132.248963024001569, 9584104.251268967986107 ], [ 759116.47958233836107, 9584066.7908003218472 ], [ 759119.717379210633226, 9583989.232532627880573 ], [ 759133.62383518263232, 9583953.352178269997239 ], [ 759133.556425115908496, 9583928.129370229318738 ], [ 759188.165501326322556, 9583861.607094334438443 ], [ 759191.618982359883375, 9583823.210227649658918 ], [ 759215.879263111739419, 9583794.38228128477931 ], [ 759208.886616816278547, 9583756.013343947008252 ], [ 759231.168153697391972, 9583652.185419071465731 ], [ 759256.351246297126636, 9583594.481249466538429 ], [ 759263.140849772840738, 9583556.960444454103708 ], [ 759260.433292512898333, 9583500.326543048024178 ], [ 759268.083757489919662, 9583452.293838633224368 ], [ 759273.150405358755961, 9583393.869084594771266 ], [ 759290.438764554215595, 9583334.526577368378639 ], [ 759295.544758448842913, 9583290.815130285918713 ], [ 759287.665333481854759, 9583253.333590816706419 ], [ 759262.192696161335334, 9583202.845164995640516 ], [ 759227.276265617576428, 9583153.156435962766409 ], [ 759173.097692816983908, 9583089.690910708159208 ], [ 759102.370327724725939, 9583029.699161605909467 ], [ 759043.022221601917408, 9582986.160380888730288 ], [ 758958.436961017898284, 9582938.485337451100349 ], [ 758916.571263262419961, 9582908.064357254654169 ], [ 758886.05214655585587, 9582881.927455089986324 ], [ 758863.305156102054752, 9582853.225329048931599 ], [ 758857.069364750990644, 9582806.999946530908346 ], [ 758875.272391108796, 9582757.279698038473725 ], [ 758890.864025841117837, 9582728.364303050562739 ], [ 758910.808573206653818, 9582706.517370233312249 ], [ 758928.309200086281635, 9582685.008854854851961 ], [ 758980.279698271420784, 9582629.556103248149157 ], [ 758967.047524509136565, 9582585.119480822235346 ], [ 759021.801736969966441, 9582531.761113049462438 ], [ 759089.520386766642332, 9582464.428891697898507 ], [ 759093.765341829392128, 9582431.229363176971674 ], [ 759144.164361322647892, 9582370.027977833524346 ], [ 759197.163763915421441, 9582325.413630971685052 ], [ 759249.384045718121342, 9582280.358806662261486 ], [ 759242.872452537063509, 9582255.706407524645329 ], [ 759250.258264345233329, 9582233.450498940423131 ], [ 759274.289646903867833, 9582202.410337150096893 ], [ 759292.453269118908793, 9582179.572338417172432 ], [ 759306.151005162275396, 9582149.002414064481854 ], [ 759347.799506965908222, 9582098.555101567879319 ], [ 759392.58597192238085, 9582057.945146601647139 ], [ 759441.174802497844212, 9582026.285745875909925 ], [ 759443.07427069125697, 9581988.777947908267379 ], [ 759469.396460406249389, 9581983.175809293985367 ], [ 759506.43607825471554, 9581954.534331193193793 ], [ 759497.617491212440655, 9581939.844595164060593 ], [ 759491.666782005224377, 9581917.181971315294504 ], [ 759504.409171416074969, 9581903.319270011037588 ], [ 759535.881858219974674, 9581912.084815882146358 ], [ 759559.079389287275262, 9581901.623431412503123 ], [ 759569.532268157228827, 9581862.875685123726726 ], [ 759596.30042865476571, 9581857.82542359828949 ], [ 759680.370177724747919, 9581796.532746417447925 ], [ 759776.603595321998, 9581712.860380955040455 ], [ 759780.992046157014556, 9581691.829304970800877 ], [ 759763.260616514016874, 9581668.755889663472772 ], [ 759758.240810975898057, 9581620.425131158903241 ], [ 759787.588323694304563, 9581582.843285610899329 ], [ 759799.051585328998044, 9581547.964678941294551 ], [ 759787.872744454187341, 9581523.435461791232228 ], [ 759816.334764223895036, 9581487.183499954640865 ], [ 759824.352467040065676, 9581452.092908667400479 ], [ 759813.82486434688326, 9581421.809301365166903 ], [ 759843.355432588024996, 9581369.73466233164072 ], [ 759861.273915119236335, 9581297.335810987278819 ], [ 759879.14339187531732, 9581206.79412104934454 ], [ 759909.886932382942177, 9581151.28666253387928 ], [ 759895.667388131609187, 9581070.677400585263968 ], [ 759868.815242800978012, 9581044.531096359714866 ], [ 759865.181878758594394, 9581015.888318676501513 ], [ 759843.011076474911533, 9580994.928888563066721 ], [ 759839.380997851141728, 9580967.503011580556631 ], [ 759843.979011333081871, 9580941.824969511479139 ], [ 759840.482149091083556, 9580922.585185052827001 ], [ 759857.336849873885512, 9580909.043103205040097 ], [ 759856.070264133508317, 9580892.673618100583553 ], [ 759844.3626267563086, 9580878.102365043014288 ], [ 759875.802584974677302, 9580833.655754946172237 ], [ 759879.684810525039211, 9580789.836682017892599 ], [ 759884.223880262696184, 9580701.21159059740603 ], [ 759871.933718714513816, 9580676.685428248718381 ], [ 759866.652541495393962, 9580655.127283563837409 ], [ 759886.715467232046649, 9580636.266364919021726 ], [ 759885.234304634737782, 9580581.620252780616283 ], [ 759925.091502023395151, 9580526.751792889088392 ], [ 759913.003538648365065, 9580494.813034169375896 ], [ 759919.512275249231607, 9580436.052085790783167 ], [ 759928.615900796139613, 9580350.622815947979689 ], [ 759964.386705158511177, 9580305.168678060173988 ], [ 760008.197481953306124, 9580233.031440816819668 ], [ 760045.149893454276025, 9580131.485685586929321 ], [ 760073.070473486091942, 9580100.766181357204914 ], [ 760138.203263908158988, 9580064.525125758722425 ], [ 760208.630470425356179, 9580013.666756158694625 ], [ 760256.5316026333021, 9579974.8171625174582 ], [ 760328.274212073069066, 9579917.317373959347606 ], [ 760352.04312646528706, 9579871.895409036427736 ], [ 760354.565234682173468, 9579818.455190576612949 ], [ 760335.924266444519162, 9579787.861755549907684 ], [ 760334.500462922267616, 9579754.566557664424181 ], [ 760404.822270198259503, 9579664.988266605883837 ], [ 760400.622447823639959, 9579591.542567925527692 ], [ 760383.300543916644529, 9579555.635427946224809 ], [ 760380.542880597524345, 9579522.233212929219007 ], [ 760397.70564653724432, 9579499.507859379053116 ], [ 760402.920108315651305, 9579455.463697889819741 ], [ 760454.709230477688834, 9579375.338904986158013 ], [ 760493.17148789181374, 9579339.169641222804785 ], [ 760541.021285739610903, 9579281.623582351952791 ], [ 760547.54024358803872, 9579226.955503741279244 ], [ 760572.602210623212159, 9579166.816229620948434 ], [ 760618.971119891386479, 9579095.998673951253295 ], [ 760626.834280666196719, 9579045.309516377747059 ], [ 760621.376953885774128, 9578999.966744232922792 ], [ 760615.879595398670062, 9578939.910516148433089 ], [ 760622.460068574990146, 9578907.921027824282646 ], [ 760618.234459751052782, 9578825.182533539831638 ], [ 760617.915033196099102, 9578707.806743217632174 ], [ 760569.933643000666052, 9578675.96574761159718 ], [ 760579.118997824843973, 9578621.179737661033869 ], [ 760595.019330104929395, 9578583.854713175445795 ], [ 760641.372916615335271, 9578507.616204231977463 ], [ 760701.097707438399084, 9578444.727234020829201 ], [ 760699.65541804721579, 9578404.794311452656984 ], [ 760667.682383373496123, 9578334.521771987900138 ], [ 760636.751078902743757, 9578279.513124594464898 ], [ 760562.657243315828964, 9578207.47470005787909 ], [ 760492.645018758368678, 9578165.184168448671699 ], [ 760454.948294489760883, 9578114.951001606881618 ], [ 760441.223945927806199, 9578012.767907151952386 ], [ 760490.749091657227837, 9577958.757003679871559 ], [ 760487.957619462045841, 9577913.075140252709389 ], [ 760481.11414967791643, 9577848.486891120672226 ], [ 760569.407501672394574, 9577748.680681148543954 ], [ 760567.894181786687113, 9577682.750328848138452 ], [ 760595.990757880732417, 9577635.546005811542273 ], [ 760629.428728760802187, 9577591.092788735404611 ], [ 760642.775524127646349, 9577554.770254239439964 ], [ 760712.484044648008421, 9577485.879703339189291 ], [ 760756.516220785211772, 9577414.514724429696798 ], [ 760765.718937259633094, 9577325.654922420158982 ], [ 760741.347364238579758, 9577271.956079309806228 ], [ 760737.247510044835508, 9577235.57051988132298 ], [ 760802.965674649691209, 9577211.1632757820189 ], [ 760855.205776354996487, 9577134.354888338595629 ], [ 760974.493014687206596, 9577072.187224064022303 ], [ 761084.608201457536779, 9577028.740676423534751 ], [ 761213.384930106112733, 9576982.698361523449421 ], [ 761292.582107744528912, 9576970.422846337780356 ], [ 761480.360942855710164, 9576882.289962366223335 ], [ 761531.270218889578246, 9576847.191547701135278 ], [ 761535.285835741669871, 9576812.22175489552319 ], [ 761614.353629578487016, 9576752.818218959495425 ], [ 761722.964990852051415, 9576687.912591710686684 ], [ 761760.424663156736642, 9576651.523324029520154 ], [ 761769.71110050403513, 9576593.638734754174948 ], [ 761807.107467559748329, 9576534.238705642521381 ], [ 761860.631695354823023, 9576480.325757589191198 ], [ 761879.348470348981209, 9576416.994341405108571 ], [ 761860.335725038079545, 9576372.684278989210725 ], [ 761873.648230220191181, 9576324.19203844666481 ], [ 761872.133406746783294, 9576258.261145068332553 ], [ 761865.010754426708445, 9576092.779316062107682 ], [ 761913.211687197559513, 9576042.863465311005712 ], [ 761907.80750046367757, 9576017.32296640239656 ], [ 761958.660658745211549, 9575962.089542871341109 ], [ 761966.446320669027045, 9575883.963766867294908 ], [ 762002.364257415756583, 9575812.508870566263795 ], [ 762047.013144891476259, 9575723.771672051399946 ], [ 762027.818243751535192, 9575694.065259281545877 ], [ 762039.697073992923833, 9575649.670117104426026 ], [ 762042.360133831971325, 9575607.95547952875495 ], [ 762076.962717642891221, 9575502.872721081599593 ], [ 762178.875551109202206, 9575467.632669312879443 ], [ 762262.08640794432722, 9575420.274830359965563 ], [ 762325.069483637926169, 9575371.645168997347355 ], [ 762375.925626562908292, 9575317.738698476925492 ], [ 762382.410310129402205, 9575211.405655162408948 ], [ 762376.671601299662143, 9575105.106381507590413 ], [ 762388.519891639123671, 9575009.600206770002842 ], [ 762398.852558629587293, 9574888.432111889123917 ], [ 762434.753569089109078, 9574730.906711669638753 ], [ 762552.636495794053189, 9574644.510489149019122 ], [ 762631.64913792302832, 9574566.187011729925871 ], [ 762663.865985585260205, 9574523.062736008316278 ], [ 762665.094912141561508, 9574485.334531269967556 ], [ 762699.811669240705669, 9574422.068639934062958 ], [ 762727.819739011814818, 9574343.886259578168392 ], [ 762688.522096181288362, 9574237.790458917617798 ], [ 762667.961478149634786, 9574076.327774809673429 ], [ 762647.509097038768232, 9573953.91718296520412 ], [ 762610.949222091352567, 9573873.369404390454292 ], [ 762561.103212920716032, 9573810.227394351735711 ], [ 762519.451222070492804, 9573776.711461869999766 ], [ 762519.339211895479821, 9573736.331886103376746 ], [ 762584.864358879858628, 9573643.331627432256937 ], [ 762657.234591806540266, 9573574.429560109972954 ], [ 762763.081760552711785, 9573516.276114316657186 ], [ 762777.782257995568216, 9573488.024619242176414 ], [ 762868.957863819319755, 9573428.584155699238181 ], [ 762890.399063862510957, 9573386.817002976313233 ], [ 762867.455898056738079, 9573367.963043347001076 ], [ 762878.137267816113308, 9573332.974236812442541 ], [ 762894.167418212397024, 9573303.39142500795424 ], [ 762883.26887412450742, 9573260.275992216542363 ], [ 762872.470678765326738, 9573213.288231449201703 ], [ 762901.831073516164906, 9573182.230136875063181 ], [ 763011.941457018605433, 9573138.888629516586661 ], [ 763120.614651406067424, 9573098.206060068681836 ], [ 763207.764296391047537, 9573069.641977120190859 ], [ 763280.261615906492807, 9573046.650132924318314 ], [ 763375.463115188176744, 9572996.601086849346757 ], [ 763457.162666194024496, 9572926.344155710190535 ], [ 763467.828585475450382, 9572885.93426020257175 ], [ 763456.941396892187186, 9572847.022685516625643 ], [ 763479.662769673159346, 9572786.333756620064378 ], [ 763543.954015881987289, 9572729.622102122753859 ], [ 763545.152481156401336, 9572681.273186666890979 ], [ 763588.039053261047229, 9572639.445699598640203 ], [ 763620.109355459688231, 9572584.151441656053066 ], [ 763634.730241300072521, 9572527.578331850469112 ], [ 763621.149489496136084, 9572479.160045286640525 ], [ 763662.683617473347113, 9572430.587751876562834 ], [ 763666.635040219523944, 9572413.097059736028314 ], [ 763639.676605914253742, 9572388.944283597171307 ], [ 763657.043388564139605, 9572360.684922162443399 ], [ 763741.572903757914901, 9572309.337211703881621 ], [ 763851.416664164280519, 9572210.789813660085201 ], [ 763946.571881891228259, 9572144.587492693215609 ], [ 763979.90727664064616, 9572065.061157297343016 ], [ 764009.310493671684526, 9572009.884598048403859 ], [ 763999.882334767258726, 9571976.279200343415141 ], [ 764068.150264965253882, 9571911.479440130293369 ], [ 764093.44361258437857, 9571817.261561712250113 ], [ 764092.517450328683481, 9571803.988436203449965 ], [ 764078.932176519650966, 9571793.737836083397269 ], [ 764075.213791797519661, 9571775.383513174951077 ], [ 764117.109169434173964, 9571736.987718163058162 ], [ 764197.684848337201402, 9571662.860173957422376 ], [ 764207.766806233325042, 9571612.605368692427874 ], [ 764216.886549635441042, 9571575.850250944495201 ], [ 764208.565673351637088, 9571501.308234790340066 ], [ 764191.83897858322598, 9571480.33526991866529 ], [ 764190.673151827417314, 9571460.867469128221273 ], [ 764222.911592282587662, 9571426.260072406381369 ], [ 764292.828205737518147, 9571355.259825453162193 ], [ 764341.145412649959326, 9571308.769641485065222 ], [ 764344.785421513719484, 9571259.639157695695758 ], [ 764358.157630595145747, 9571233.603248786181211 ], [ 764386.66217782581225, 9571175.220483174547553 ], [ 764399.413768726633862, 9571126.064365401864052 ], [ 764388.011655538575724, 9571101.868173580616713 ], [ 764349.151049087289721, 9571073.323920810595155 ], [ 764375.568434055428952, 9571063.071586947888136 ], [ 764387.299627513391897, 9571046.222657373175025 ], [ 764391.426978803239763, 9570972.862532813102007 ], [ 764448.368076089769602, 9570911.080765986815095 ], [ 764462.821140464162454, 9570874.310514248907566 ], [ 764486.970354397082701, 9570847.80168291926384 ], [ 764479.339967689011246, 9570821.382267434149981 ], [ 764540.115244043758139, 9570779.613837333396077 ], [ 764604.50065712374635, 9570717.700251339003444 ], [ 764614.373173013562337, 9570672.202935624867678 ], [ 764642.038458643481135, 9570631.633908204734325 ], [ 764616.733186537050642, 9570602.719753336161375 ], [ 764656.976188051514328, 9570569.748844807967544 ], [ 764677.035864847595803, 9570511.61080214753747 ], [ 764730.932899527950212, 9570434.459368186071515 ], [ 764812.727083887904882, 9570359.663061650469899 ], [ 764895.625447903876193, 9570282.429590316489339 ], [ 764898.10277844464872, 9570254.654057713225484 ], [ 764940.819401372107677, 9570192.690392145887017 ], [ 765045.098702819319442, 9570092.606117943301797 ], [ 765084.843874627025798, 9570001.554514782503247 ], [ 765060.525676129502244, 9569968.101803801953793 ], [ 765109.62724402663298, 9569924.374113246798515 ], [ 765141.617720908252522, 9569881.026641167700291 ], [ 765136.309843983268365, 9569850.839159086346626 ], [ 765166.371863487875089, 9569793.557494698092341 ], [ 765200.974592131562531, 9569730.952622797340155 ], [ 765211.970769111299887, 9569690.098351273685694 ], [ 765224.313472720328718, 9569653.886801648885012 ], [ 765180.238381303963251, 9569588.959967907518148 ], [ 765148.506330820033327, 9569527.206548826768994 ], [ 765163.478841339005157, 9569477.933007026091218 ], [ 765187.727521597407758, 9569447.551245909184217 ], [ 765225.477789857657626, 9569358.606968933716416 ], [ 765250.993064148002304, 9569304.656973034143448 ], [ 765259.825068085454404, 9569205.948277330026031 ], [ 765316.938742230995558, 9569205.786464352160692 ], [ 765351.555994739523157, 9569148.491626990959048 ], [ 765408.51692515402101, 9569094.452364813536406 ], [ 765424.294532921398059, 9569054.911987265571952 ], [ 765416.29141798557248, 9569014.775246446952224 ], [ 765440.473007033811882, 9568960.828851478174329 ], [ 765422.591852602781728, 9568924.702885381877422 ], [ 765431.043270604102872, 9568887.838435428217053 ], [ 765491.905858168611303, 9568838.323839893564582 ], [ 765503.050062954076566, 9568810.634184744209051 ], [ 765573.172552230069414, 9568774.25842571631074 ], [ 765662.292043184977956, 9568736.501039052382112 ], [ 765738.444901548326015, 9568710.728654008358717 ], [ 765790.844740603351966, 9568694.095540909096599 ], [ 765836.786963302991353, 9568672.944815993309021 ], [ 765899.064783321111463, 9568652.300771271809936 ], [ 766038.019210286671296, 9568594.708561662584543 ], [ 766114.164457681239583, 9568566.280575225129724 ], [ 766164.496774204540998, 9568525.977667648345232 ], [ 766168.438990896102041, 9568505.610043087974191 ], [ 766197.295421787188388, 9568493.69018673710525 ], [ 766203.909227108582854, 9568514.02775888517499 ], [ 766258.981467926758341, 9568499.378042271360755 ], [ 766312.116200297605246, 9568467.696363426744938 ], [ 766314.613871044944972, 9568447.332826673984528 ], [ 766311.985075047006831, 9568421.673525216057897 ], [ 766406.193638743599877, 9568337.213496368378401 ], [ 766437.521459294715896, 9568295.747506989166141 ], [ 766436.894583533052355, 9568270.746278000995517 ], [ 766465.664484074804932, 9568228.513121344149113 ], [ 766491.140645027859136, 9568200.229075802490115 ], [ 766494.911341433064081, 9568158.730996133759618 ], [ 766481.029780579265207, 9568122.593656230717897 ], [ 766483.602807031478733, 9568089.728357190266252 ], [ 766480.201783706899732, 9568066.062630729749799 ], [ 766465.702143406029791, 9568046.964521570131183 ], [ 766501.044772779336199, 9568010.686719339340925 ], [ 766560.665459203300998, 9567954.646919097751379 ], [ 766602.524340263335034, 9567904.521308971568942 ], [ 766644.336397752165794, 9567838.022104473784566 ], [ 766660.648101328290068, 9567791.288382450118661 ], [ 766663.733253070618957, 9567743.264847276732326 ], [ 766661.068212870275602, 9567704.99344640225172 ], [ 766647.124559606891125, 9567647.172241346910596 ], [ 766628.527346650720574, 9567594.010929889976978 ], [ 766622.465271578053944, 9567533.51202092692256 ], [ 766603.31216678977944, 9567480.241682028397918 ], [ 766580.835107632679865, 9567430.299842784181237 ], [ 766553.825121675152332, 9567388.33654179982841 ], [ 766539.981097941519693, 9567365.364470550790429 ], [ 766540.550056494306773, 9567331.177272856235504 ], [ 766558.729625913314521, 9567277.136426189914346 ], [ 766567.901213190634735, 9567259.298296380788088 ], [ 766572.410146280773915, 9567204.079563466832042 ], [ 766599.746310152229853, 9567127.000830793753266 ], [ 766635.696783514693379, 9567070.364512288942933 ], [ 766669.012436426011845, 9567024.909629156813025 ], [ 766689.913317819242366, 9566990.000394906848669 ], [ 766695.715599458897486, 9566959.670330902561545 ], [ 766684.472385526867583, 9566913.679178848862648 ], [ 766712.644753663334996, 9566895.897220902144909 ], [ 766715.119276359211653, 9566867.568072127178311 ], [ 766726.946408199495636, 9566845.850118696689606 ], [ 766768.88361513055861, 9566823.382108205929399 ], [ 766817.973498630104586, 9566776.554281333461404 ], [ 766860.524397254106589, 9566735.608698917552829 ], [ 766874.219799341401085, 9566706.694182936102152 ], [ 766896.376683555543423, 9566683.618959246203303 ], [ 766919.326266281306744, 9566665.741211328655481 ], [ 766942.181925818091258, 9566615.116285583004355 ], [ 766988.508348521310836, 9566573.385301735252142 ], [ 767137.920679278555326, 9566444.179299069568515 ], [ 767192.959183837287128, 9566379.521969854831696 ], [ 767222.863254786003381, 9566307.081800466403365 ], [ 767255.039286639192142, 9566290.615597570315003 ], [ 767268.730317602166906, 9566260.262681763619184 ], [ 767294.209278336609714, 9566233.305514808744192 ], [ 767302.043358444934711, 9566214.14340041577816 ], [ 767271.759615376824513, 9566193.099452048540115 ], [ 767294.6431683532428, 9566152.320545526221395 ], [ 767318.844790888251737, 9566106.22742166928947 ], [ 767397.427890109480359, 9566037.62987588904798 ], [ 767439.28696265630424, 9565988.166858270764351 ], [ 767464.083163453033194, 9565917.06871234998107 ], [ 767487.58641982334666, 9565898.635875171050429 ], [ 767494.640327845350839, 9565840.090365439653397 ], [ 767532.502231693128124, 9565753.133906567469239 ], [ 767535.640301738749258, 9565685.306416794657707 ], [ 767538.033053120248951, 9565628.76570707000792 ], [ 767512.771160958567634, 9565538.11886765435338 ], [ 767508.414329139282927, 9565491.444010004401207 ], [ 767495.47116185282357, 9565434.173066213726997 ], [ 767492.037333673913963, 9565399.333357121795416 ], [ 767451.174800331704319, 9565331.743328211829066 ], [ 767406.975092473207042, 9565262.835331479087472 ], [ 767374.761114085093141, 9565227.414785943925381 ], [ 767417.415072936681099, 9565222.645240629091859 ], [ 767433.69573176256381, 9565204.233130045235157 ], [ 767434.041633769287728, 9565170.04634159989655 ], [ 767429.279527996666729, 9565136.980615921318531 ], [ 767408.754716165945865, 9565109.270751513540745 ], [ 767416.469554451759905, 9565048.8425532002002 ], [ 767423.067170183639973, 9564986.315530370920897 ], [ 767440.668085976969451, 9564924.863097507506609 ], [ 767474.193762912531383, 9564914.256184948608279 ], [ 767489.911100663244724, 9564893.190439868718386 ], [ 767493.955547134857625, 9564870.056330842897296 ], [ 767498.622924111085013, 9564831.763607734814286 ], [ 767511.060496079269797, 9564790.793246708810329 ], [ 767514.079039295436814, 9564758.700761808082461 ], [ 767494.126371496822685, 9564736.7422497831285 ], [ 767494.606248873984441, 9564710.52068118005991 ], [ 767513.853244651341811, 9564680.483387811109424 ], [ 767518.933322667144239, 9564592.736192766577005 ], [ 767537.580930439289659, 9564547.543784787878394 ], [ 767573.044684414169751, 9564477.0782888866961 ], [ 767585.013341937912628, 9564427.701053967699409 ], [ 767583.267700381926261, 9564400.379559485241771 ], [ 767554.940713287098333, 9564364.284177042543888 ], [ 767550.622871589381248, 9564331.21716638840735 ], [ 767568.872891732491553, 9564302.289017878472805 ], [ 767537.897139796521515, 9564272.396796029061079 ], [ 767539.95966507634148, 9564255.574508240446448 ], [ 767561.940304067800753, 9564248.762320220470428 ], [ 767564.450147544266656, 9564232.934439543634653 ], [ 767541.409071138012223, 9564218.83992000669241 ], [ 767537.713602657662705, 9564208.893565511330962 ], [ 767572.185894837486558, 9564179.918509535491467 ], [ 767561.087000745348632, 9564145.764767054468393 ], [ 767538.522368379402906, 9564142.732256017625332 ], [ 767534.327760001993738, 9564113.868978343904018 ], [ 767560.91395067947451, 9564085.91240850277245 ], [ 767542.430181811680086, 9564033.967995217069983 ], [ 767525.061909424839541, 9564021.959140015766025 ], [ 767513.992130402242765, 9563997.87299719452858 ], [ 767532.70799703290686, 9563937.966027539223433 ], [ 767562.026062090881169, 9563932.570810070261359 ], [ 767577.20128882676363, 9563916.263750530779362 ], [ 767583.951932068448514, 9563868.450432170182467 ], [ 767596.452783637447283, 9563849.495887255296111 ], [ 767623.391398899722844, 9563751.396387405693531 ], [ 767664.637977899750695, 9563682.905283624306321 ], [ 767704.07393509557005, 9563564.744759330525994 ], [ 767763.443966227467172, 9563423.846434600651264 ], [ 767804.113461370696314, 9563348.054941711947322 ], [ 767852.602011899114586, 9563286.512497533112764 ], [ 767844.54084542626515, 9563227.125426106154919 ], [ 767868.338023023214191, 9563118.856351738795638 ], [ 767871.826521451002918, 9563057.444357350468636 ], [ 767888.497638172702864, 9563020.665486948564649 ], [ 767896.267686610925011, 9562979.708347287029028 ], [ 767912.827638239017688, 9562904.650401845574379 ], [ 767940.330591159872711, 9562809.978429041802883 ], [ 767966.905508147086948, 9562778.370535688474774 ], [ 767984.147456882754341, 9562746.900369865819812 ], [ 767993.468092597904615, 9562704.279162691906095 ], [ 767991.770791154936887, 9562655.494453562423587 ], [ 768013.62562095047906, 9562605.534958889707923 ], [ 768011.381731078960001, 9562559.849587684497237 ], [ 768032.821487906621769, 9562558.238392278552055 ], [ 768050.671952481847256, 9562545.021039513871074 ], [ 768061.133031779434532, 9562550.743604453280568 ], [ 768037.7137054259656, 9562597.609926113858819 ], [ 768035.120051933918148, 9562622.731414210051298 ], [ 768023.158407838549465, 9562635.931639600545168 ], [ 768022.682268164120615, 9562663.259653128683567 ], [ 768013.303475894848816, 9562685.856267649680376 ], [ 768022.850077090435661, 9562721.010180177167058 ], [ 768014.071177899604663, 9562758.872556488960981 ], [ 767982.713710882235318, 9562788.834857303649187 ], [ 767956.018684499314986, 9562817.345351308584213 ], [ 767956.169365559588186, 9562869.232294727116823 ], [ 767965.63078356301412, 9562875.068425927311182 ], [ 767977.17085312155541, 9562869.72447750158608 ], [ 767995.954564934130758, 9562833.492574285715818 ], [ 768024.629976857919246, 9562798.227629410102963 ], [ 768054.923157506855205, 9562746.141570480540395 ], [ 768099.165711327572353, 9562676.645369250327349 ], [ 768140.705692062852904, 9562633.045369455590844 ], [ 768154.814901410369202, 9562594.171733133494854 ], [ 768164.209197042509913, 9562538.716663660481572 ], [ 768166.188685399480164, 9562493.46150328963995 ], [ 768169.201696200529113, 9562421.540482284501195 ], [ 768168.022361892159097, 9562398.089453788474202 ], [ 768146.150167243671604, 9562365.626621052622795 ], [ 768117.894113756017759, 9562353.981595274060965 ], [ 768112.455592352082022, 9562317.820031549781561 ], [ 768092.728630838915706, 9562297.078191958367825 ], [ 768085.231485941098072, 9562278.955995716154575 ], [ 768058.529151645256206, 9562228.473860275000334 ], [ 768035.080162986763753, 9562226.882563628256321 ], [ 767994.298604569979943, 9562263.731715090572834 ], [ 767982.157284306944348, 9562291.536186192184687 ], [ 768025.238830947782844, 9562319.622601194307208 ], [ 768021.607918878318742, 9562331.913549926131964 ], [ 768035.444423589506187, 9562352.119359113276005 ], [ 768014.78892008040566, 9562355.940986735746264 ], [ 767993.42622556281276, 9562345.824766460806131 ], [ 767962.523342372383922, 9562302.767322784289718 ], [ 767952.3238873668015, 9562272.372605385258794 ], [ 767978.679310475243255, 9562203.59218505769968 ], [ 767972.660494093317538, 9562158.913512725383043 ], [ 767997.512753439135849, 9562108.170791260898113 ], [ 768019.132171619217843, 9562053.786526501178741 ], [ 768035.58832624508068, 9562019.663318542763591 ], [ 768150.778619949938729, 9561970.759567713364959 ], [ 768256.520361376577057, 9561920.44487950950861 ], [ 768368.457413620897569, 9561860.929284047335386 ], [ 768409.352659399970435, 9561825.07514082454145 ], [ 768469.891032129526138, 9561781.197987377643585 ], [ 768468.693132512737066, 9561751.440805859863758 ], [ 768515.447002042317763, 9561743.338734086602926 ], [ 768539.92602802044712, 9561717.15756487287581 ], [ 768571.217265996383503, 9561702.794397853314877 ], [ 768607.814631401211955, 9561679.122421598061919 ], [ 768609.815266682067886, 9561641.27955287694931 ], [ 768635.304880479350686, 9561618.746316414326429 ], [ 768695.812022018944845, 9561564.24802740290761 ], [ 768727.157491814577952, 9561568.471227500587702 ], [ 768741.949531389866024, 9561535.348248440772295 ], [ 768772.697436581016518, 9561525.190661447122693 ], [ 768794.628024278441444, 9561539.509099405258894 ], [ 768802.153172876685858, 9561567.145795239135623 ], [ 768848.451039129635319, 9561593.120319304987788 ], [ 768908.066581015242264, 9561613.745445001870394 ], [ 768961.726412871503271, 9561611.486543439328671 ], [ 769034.016790457069874, 9561596.892661849036813 ], [ 769111.102049610693939, 9561588.148337649181485 ], [ 769213.152731373440474, 9561567.603578252717853 ], [ 769315.699713733862154, 9561526.81099914945662 ], [ 769376.156111010117456, 9561493.000901058316231 ], [ 769376.006420711055398, 9561441.887895422056317 ], [ 769472.58956198010128, 9561375.555739097297192 ], [ 769593.590151607524604, 9561300.079708373174071 ], [ 769690.74581517954357, 9561239.609130065888166 ], [ 769754.935876578791067, 9561190.851840663701296 ], [ 769828.115379606140777, 9561138.527737928554416 ], [ 769915.683845854364336, 9561067.353218298405409 ], [ 769952.213886809302494, 9561020.889600548893213 ], [ 769952.605284462682903, 9560965.017472453415394 ], [ 769983.340310112107545, 9560912.707145296037197 ], [ 769988.455806958139874, 9560876.403624495491385 ], [ 770053.705163766280748, 9560810.162317572161555 ], [ 770206.251285977079533, 9560618.424354346469045 ], [ 770278.416774281300604, 9560523.839535530656576 ], [ 770344.433222130639479, 9560378.712072648108006 ], [ 770405.634147748001851, 9560220.875490169972181 ], [ 770428.135192259214818, 9560127.100479017943144 ], [ 770443.75764414598234, 9559999.159201687201858 ], [ 770443.416529569076374, 9559883.545595223084092 ], [ 770430.296208324143663, 9559767.416524790227413 ], [ 770396.138306610402651, 9559713.748257216066122 ], [ 770371.448889214545488, 9559630.622892426326871 ], [ 770322.243491725530475, 9559523.119379490613937 ], [ 770238.287541634636, 9559386.953168438747525 ], [ 770155.385032540652901, 9559231.201383961364627 ], [ 770087.616042723297141, 9559158.381825961172581 ], [ 770047.747456500888802, 9559127.300230348482728 ], [ 770018.862863108515739, 9559090.875701451674104 ], [ 769949.732185559812933, 9559083.667129786685109 ], [ 769997.578652720781974, 9559069.696469081565738 ], [ 769994.171056040562689, 9559006.865458494052291 ], [ 769963.125826074741781, 9558953.630705201998353 ], [ 769944.034325528191403, 9558960.103926369920373 ], [ 769952.100008744047955, 9558982.428521228954196 ], [ 769934.603184516075999, 9559002.173306278884411 ], [ 769918.165514506283216, 9559004.32389304228127 ], [ 769900.965544471284375, 9558974.060490624979138 ], [ 769907.878447051625699, 9558944.611014856025577 ], [ 769914.665211217012256, 9558910.072669103741646 ], [ 769921.456208119518124, 9558876.972570113837719 ], [ 769933.550608867313713, 9558833.788966841995716 ], [ 769882.009354955516756, 9558838.145273042842746 ], [ 769859.132412954815663, 9558841.974407324567437 ], [ 769850.620688056456856, 9558819.0979636721313 ], [ 769820.759127790806815, 9558790.420850733295083 ], [ 769817.45212828181684, 9558761.665365714579821 ], [ 769802.052353269420564, 9558776.646616734564304 ], [ 769801.57844495610334, 9558804.306902006268501 ], [ 769802.771461977856234, 9558832.072903495281935 ], [ 769796.95330871664919, 9558855.987349282950163 ], [ 769816.179714255267754, 9558857.590149097144604 ], [ 769824.102917678654194, 9558869.294137619435787 ], [ 769810.382124272873625, 9558888.474575754255056 ], [ 769762.487169785192236, 9558885.960631433874369 ], [ 769738.550540934200399, 9558869.546555330976844 ], [ 769746.322409042622894, 9558792.300046060234308 ], [ 769737.713645893149078, 9558774.181224623695016 ], [ 769725.882247146568261, 9558718.234574984759092 ], [ 769704.04264617851004, 9558697.057006428018212 ], [ 769706.461307243211195, 9558650.693603791296482 ], [ 769733.617865469190292, 9558591.091558838263154 ], [ 769737.412924814620055, 9558521.71189483627677 ], [ 769709.009009985486045, 9558422.223809663206339 ], [ 769696.726283593452536, 9558326.339114567264915 ], [ 769677.368020287947729, 9558242.423960639163852 ], [ 769650.197033001692034, 9558184.199324674904346 ], [ 769606.419638434657827, 9558146.159396214410663 ], [ 769522.959547917940654, 9558064.535682959482074 ], [ 769417.012212162720971, 9557930.426618028432131 ], [ 769389.575714441249147, 9557895.104342721402645 ], [ 769407.110481412848458, 9557850.68781965225935 ], [ 769412.315459392382763, 9557807.303417190909386 ], [ 769398.839033962693065, 9557758.663698488846421 ], [ 769385.499857319518924, 9557718.874401887878776 ], [ 769399.510874951374717, 9557685.199890378862619 ], [ 769408.297315352596343, 9557650.655724180862308 ], [ 769387.826469905092381, 9557603.806849094107747 ], [ 769394.79826327948831, 9557556.766257118433714 ], [ 769426.233015903271735, 9557478.786108903586864 ], [ 769435.895137326093391, 9557439.813918936997652 ], [ 769414.649136898340657, 9557393.8524418938905 ], [ 769441.00836751353927, 9557365.451870525255799 ], [ 769469.46994018368423, 9557221.431133536621928 ], [ 769493.594547992805019, 9557188.832971839234233 ], [ 769515.094322983524762, 9557132.787859912961721 ], [ 769519.975184117094614, 9557092.612772716209292 ], [ 769533.337309362599626, 9557065.025013662874699 ], [ 769534.914805850014091, 9557034.927517123520374 ], [ 769506.425213852664456, 9557019.190984824672341 ], [ 769493.023251417907886, 9556995.775954214856029 ], [ 769464.508797148242593, 9556971.63120798766613 ], [ 769450.161364351632074, 9556929.079067189246416 ], [ 769422.439174845814705, 9556872.294563857838511 ], [ 769400.588733180775307, 9556847.355658674612641 ], [ 769382.115402311086655, 9556799.726525891572237 ], [ 769372.700868227053434, 9556734.590210802853107 ], [ 769395.921358885476366, 9556696.905466323718429 ], [ 769408.365062429918908, 9556659.363251846283674 ], [ 769411.574339531594887, 9556617.533599715679884 ], [ 769406.488162200897932, 9556588.340940041467547 ], [ 769419.855059446301311, 9556562.412685772404075 ], [ 769455.681974552804604, 9556542.170927373692393 ], [ 769499.046898607397452, 9556516.153769627213478 ], [ 769522.413104363949969, 9556490.195845739915967 ], [ 769549.11733109690249, 9556465.887544939294457 ], [ 769559.047484491486102, 9556442.514035755768418 ], [ 769596.679225177038461, 9556431.449566366150975 ], [ 769653.411320824176073, 9556417.120006758719683 ], [ 769678.431553067173809, 9556386.952944859862328 ], [ 769742.711151334922761, 9556370.056299980729818 ], [ 769815.469453372061253, 9556364.861809097230434 ], [ 769939.120650431024842, 9556361.950152983888984 ], [ 770015.177324097137898, 9556345.018307266756892 ], [ 770082.024854788905941, 9556332.317900940775871 ], [ 770139.635629238327965, 9556314.555631877854466 ], [ 770185.580794456414878, 9556296.938621154054999 ], [ 770286.732230384834111, 9556274.953276889398694 ], [ 770391.939577926183119, 9556234.479504480957985 ], [ 770481.246805393369868, 9556189.95933810994029 ], [ 770568.119574332609773, 9556148.765364196151495 ], [ 770693.231322889681906, 9556076.589830495417118 ], [ 770779.986916246823967, 9555996.119974087923765 ], [ 770871.613460136111826, 9555909.771683001890779 ], [ 770958.376012368826196, 9555831.735441267490387 ], [ 771036.712346391985193, 9555759.698551684617996 ], [ 771088.468156662536785, 9555716.063861511647701 ], [ 771129.234861202887259, 9555675.891668278723955 ], [ 771140.005747582530603, 9555636.583495980128646 ], [ 771175.896039380691946, 9555600.519368954002857 ], [ 771222.962180146714672, 9555549.153948519378901 ], [ 771246.641878382535651, 9555516.777257535606623 ], [ 771243.998849799158052, 9555487.466430189087987 ], [ 771269.879753884160891, 9555448.113023908808827 ], [ 771276.438809994375333, 9555412.24711175262928 ], [ 771314.748074534814805, 9555367.767212865874171 ], [ 771318.781484786421061, 9555341.866145994514227 ], [ 771304.574012291850522, 9555309.381433364003897 ], [ 771349.512015854706988, 9555252.379696600139141 ], [ 771386.042344983899966, 9555170.399143138900399 ], [ 771370.799798024119809, 9555126.190037271007895 ], [ 771424.07416031556204, 9555033.316884450614452 ], [ 771494.950113694998436, 9554956.211982341483235 ], [ 771538.186382840387523, 9554887.598186364397407 ], [ 771571.442165797576308, 9554825.32055157981813 ], [ 771627.567889856174588, 9554720.157781802117825 ], [ 771686.566181463887915, 9554609.675698272883892 ], [ 771701.754910740419291, 9554524.771494029089808 ], [ 771735.221911047352478, 9554458.952622301876545 ], [ 771771.753062892239541, 9554414.588110975921154 ], [ 771751.79686901322566, 9554391.746140204370022 ], [ 771792.861058951006271, 9554303.00249058008194 ], [ 771849.022552395705134, 9554173.056376108899713 ], [ 771906.7012972261291, 9554067.445755932480097 ], [ 771964.674948072526604, 9554023.016546530649066 ], [ 771984.456521908985451, 9553987.774397911503911 ], [ 771961.394058553967625, 9553966.490760223940015 ], [ 771964.532182713039219, 9553938.600726045668125 ], [ 771986.615587182808667, 9553892.951734595000744 ], [ 772028.927604693453759, 9553849.897154556587338 ], [ 772067.449219421250746, 9553839.491961227729917 ], [ 772083.148860986344516, 9553813.887477781623602 ], [ 772077.601940936059691, 9553779.717223480343819 ], [ 772105.786001313943416, 9553767.683546852320433 ], [ 772114.350738631328568, 9553734.023992326110601 ], [ 772112.653067673905753, 9553686.786931583657861 ], [ 772123.384850539616309, 9553634.865670397877693 ], [ 772142.204409036552534, 9553575.396694323047996 ], [ 772160.021220656926744, 9553551.887888906523585 ], [ 772183.32602992025204, 9553542.966684956103563 ], [ 772229.435557814547792, 9553506.649295419454575 ], [ 772308.286227831500582, 9553422.105825398117304 ], [ 772377.904940081061795, 9553371.002600591629744 ], [ 772716.340234794071876, 9553044.816522715613246 ], [ 772760.716254509286955, 9552986.486866505816579 ], [ 772767.133471503853798, 9552940.884646452963352 ], [ 772810.438177006901242, 9552895.724068379029632 ], [ 772870.022273403359577, 9552833.144032893702388 ], [ 772914.427127280971035, 9552747.707768773660064 ], [ 772925.280216472689062, 9552699.436738478019834 ], [ 772926.887053421349265, 9552643.006472980603576 ], [ 772954.685492013581097, 9552613.824509603902698 ], [ 772974.327928049257025, 9552569.620444072410464 ], [ 772964.900243969168514, 9552538.227778196334839 ], [ 773003.184578385320492, 9552486.333204144611955 ], [ 773045.456112876301631, 9552430.332894740626216 ], [ 773068.544365540263243, 9552350.050274221226573 ], [ 773069.53902537166141, 9552311.65581838041544 ], [ 773044.495609916979447, 9552296.684931809082627 ], [ 773045.003501665312797, 9552280.972776293754578 ], [ 773057.861077745445073, 9552270.976372407749295 ], [ 773056.291836340678856, 9552156.470640612766147 ], [ 773047.439100909745321, 9552094.872031223028898 ], [ 773050.778900334611535, 9552060.453439055010676 ], [ 773085.407260770793073, 9551975.48894121311605 ], [ 773081.344195327488706, 9551954.590650156140327 ], [ 773105.682357834652066, 9551920.218976823613048 ], [ 773115.480377026135102, 9551890.538210356608033 ], [ 773114.074625551234931, 9551830.023377180099487 ], [ 773128.48579325992614, 9551782.847761988639832 ], [ 773157.004635269055143, 9551698.344220392405987 ], [ 773156.77654073247686, 9551623.221545699983835 ], [ 773163.366410887334496, 9551524.954768480733037 ], [ 773194.332903251401149, 9551441.660725172609091 ], [ 773184.95727753918618, 9551390.906243277713656 ], [ 773231.859409597702324, 9551213.853065013885498 ], [ 773304.180137467221357, 9551065.709670763462782 ], [ 773379.057183930650353, 9550954.511522153392434 ], [ 773405.36017445824109, 9550872.337733283638954 ], [ 773397.209744594292715, 9550822.685883928090334 ], [ 773369.258963700151071, 9550765.017721641808748 ], [ 773395.463067685719579, 9550650.427138846367598 ], [ 773384.878846160368994, 9550604.212506735697389 ], [ 773390.496138596790843, 9550515.2420834004879 ], [ 773431.779623485053889, 9550427.26934153214097 ], [ 773505.542770999483764, 9550351.920931991189718 ], [ 773581.716161157237366, 9550301.901272127404809 ], [ 773626.713459257734939, 9550266.027728674933314 ], [ 773686.781060825334862, 9550217.274061417207122 ], [ 773749.088155206525698, 9550174.266690276563168 ], [ 773838.075319666881114, 9550172.888581119477749 ], [ 773976.771181231597438, 9550150.447756486013532 ], [ 774085.406992024509236, 9550107.409085540100932 ], [ 774243.633157633710653, 9550040.984311467036605 ], [ 774349.843667639885098, 9549967.858722211793065 ], [ 774432.87322501372546, 9549907.527409210801125 ], [ 774484.769770620507188, 9549839.104021402075887 ], [ 774510.094588579027914, 9549800.855872977524996 ], [ 774538.916691021760926, 9549779.967361869290471 ], [ 774558.443272505304776, 9549734.877305019646883 ], [ 774581.406439437880181, 9549687.342630214989185 ], [ 774595.049614529125392, 9549607.640450017526746 ], [ 774621.449642165564001, 9549557.771764608100057 ], [ 774615.566277075791731, 9549523.1596760135144 ], [ 774673.037502926075831, 9549388.888379795476794 ], [ 774697.139939142623916, 9549350.643798723816872 ], [ 774700.254948840243742, 9549207.245483491569757 ], [ 774728.963292993605137, 9549149.403522009029984 ], [ 774752.007950545987114, 9549128.532522313296795 ], [ 774762.365934632136486, 9549100.730188967660069 ], [ 774779.654850160935894, 9549086.847140371799469 ], [ 774785.318458775058389, 9549049.876135371625423 ], [ 774750.591446179896593, 9549029.07194914855063 ], [ 774740.974089690367691, 9549008.633183710277081 ], [ 774755.78509989567101, 9548947.625306723639369 ], [ 774783.130128781893291, 9548880.051160844042897 ], [ 774796.372167172958143, 9548850.801619831472635 ], [ 774829.679464778862894, 9548807.328521037474275 ], [ 774847.869863961124793, 9548761.467802286148071 ], [ 774847.698051691055298, 9548705.595333846285939 ], [ 774863.502759963274002, 9548678.771942958235741 ], [ 774872.458995539927855, 9548628.735288942232728 ], [ 774883.947315432946198, 9548571.167342474684119 ], [ 774868.864312706980854, 9548543.664480520412326 ], [ 774874.673196318792179, 9548517.867576405405998 ], [ 774895.535686696413904, 9548546.127130730077624 ], [ 774905.5428000416141, 9548512.683166023343801 ], [ 774912.894101114477962, 9548482.677198007702827 ], [ 774962.978895962121896, 9548475.8846654035151 ], [ 775042.08385378587991, 9548440.568333690986037 ], [ 775137.93153793446254, 9548394.468254936859012 ], [ 775182.686316739069298, 9548352.508502876386046 ], [ 775196.933414537226781, 9548325.025911919772625 ], [ 775173.597367321606725, 9548323.327587705105543 ], [ 775173.558840956538916, 9548310.825402744114399 ], [ 775244.179851093795151, 9548226.410776490345597 ], [ 775294.882590209599584, 9548167.836552599444985 ], [ 775395.587665678816848, 9548075.805342420935631 ], [ 775462.162181339692324, 9548012.313761530444026 ], [ 775499.584488589549437, 9547970.486913293600082 ], [ 775518.600393811706454, 9547940.334083462134004 ], [ 775541.202456787927076, 9547956.196465885266662 ], [ 775558.729952140478417, 9547947.733684586361051 ], [ 775608.574645006330684, 9547899.229964217171073 ], [ 775614.354474759195, 9547864.139164576306939 ], [ 775682.602674321271479, 9547803.076138481497765 ], [ 775736.671322644338943, 9547755.333679653704166 ], [ 775784.802807026077062, 9547691.787945548072457 ], [ 775803.712229238357395, 9547663.184251988306642 ], [ 775830.583158668712713, 9547658.343597367405891 ], [ 775844.84508157405071, 9547671.686964076012373 ], [ 775859.341039952938445, 9547652.943893106654286 ], [ 775857.277612787205726, 9547632.371163953095675 ], [ 775832.143862703349441, 9547624.150894112884998 ], [ 775862.943778763990849, 9547596.506144423037767 ], [ 775889.66679269913584, 9547615.674886079505086 ], [ 775915.449154193047434, 9547582.181689428165555 ], [ 775945.547177876578644, 9547543.143091198056936 ], [ 775949.442572497064248, 9547509.496331406757236 ], [ 775936.883526791585609, 9547472.028095860034227 ], [ 775983.358816674910486, 9547411.917053075507283 ], [ 776044.000013669487089, 9547334.170216765254736 ], [ 776095.590418886975385, 9547275.592144373804331 ], [ 776153.877807480981573, 9547227.061536077409983 ], [ 776197.908305593649857, 9547166.847149593755603 ], [ 776280.915470598498359, 9547028.952644718810916 ], [ 776323.101222428143956, 9546947.168856579810381 ], [ 776356.303453340078704, 9546870.391727410256863 ], [ 776372.776321983896196, 9546808.603012204170227 ], [ 776385.799734821775928, 9546709.317755285650492 ], [ 776396.482731737196445, 9546643.453278472647071 ], [ 776426.152274703490548, 9546538.252286972478032 ], [ 776475.883390883682296, 9546417.941707093268633 ], [ 776488.217503640451469, 9546382.940830877050757 ], [ 776507.136129956808873, 9546286.071193346753716 ], [ 776514.426017272286117, 9546200.965643109753728 ], [ 776500.146129485918209, 9546181.869189228862524 ], [ 776481.877524449955672, 9546201.952026778832078 ], [ 776468.711831607157364, 9546255.321892607957125 ], [ 776460.351037118583918, 9546246.164702532812953 ], [ 776454.187959596049041, 9546157.781803520396352 ], [ 776475.779114949284121, 9546134.369405789300799 ], [ 776476.546026974567212, 9546095.200139591470361 ], [ 776498.168484667083248, 9546081.855949690565467 ], [ 776491.328839323949069, 9546026.003569450229406 ], [ 776507.2100843914086, 9546024.183889651671052 ], [ 776513.927851508604363, 9546040.869763178750873 ], [ 776544.789184934226796, 9546033.250125395134091 ], [ 776652.010973539901897, 9545930.352074442431331 ], [ 776704.465487137669697, 9545864.357242712751031 ], [ 776742.653337843599729, 9545819.207323705777526 ], [ 776796.618551834253594, 9545738.93493665382266 ], [ 776854.719716268824413, 9545631.210538115352392 ], [ 776903.694181963335723, 9545482.577228652313352 ], [ 776904.248892229050398, 9545446.72773333452642 ], [ 776941.489479402895086, 9545347.366282230243087 ], [ 776959.536302954657003, 9545256.36279759183526 ], [ 776964.345568769145757, 9545195.495064673945308 ], [ 776985.886856232769787, 9545156.260759690776467 ], [ 776980.759685616008937, 9545115.339488184079528 ], [ 776965.681277856696397, 9545089.607165487483144 ], [ 776989.661422595730983, 9545048.705603282898664 ], [ 776998.655540775042027, 9544976.096787545830011 ], [ 776999.232657045125961, 9544911.923009930178523 ], [ 777015.856896469369531, 9544863.520780585706234 ], [ 777022.353119014180265, 9544809.286209236830473 ], [ 777018.728294381406158, 9544715.91623866930604 ], [ 777002.682570792268962, 9544665.071394219994545 ], [ 777013.442185401101597, 9544624.211086632683873 ], [ 777016.618264260469005, 9544574.080618174746633 ], [ 777014.782254439080134, 9544519.87209602445364 ], [ 777030.488792158896104, 9544462.289446469396353 ], [ 777135.253366949735209, 9544285.267183888703585 ], [ 777192.277321781148203, 9544189.051782831549644 ], [ 777204.666341637028381, 9544136.458253370597959 ], [ 777297.581681499024853, 9543971.864333668723702 ], [ 777298.158129349816591, 9543907.690403968095779 ], [ 777328.11057668493595, 9543858.471598565578461 ], [ 777368.872772981645539, 9543819.951089940965176 ], [ 777373.730728888418525, 9543774.904697334393859 ], [ 777470.174145541386679, 9543672.811662182211876 ], [ 777524.220555892912671, 9543619.312643377110362 ], [ 777539.54655772424303, 9543582.310158059000969 ], [ 777558.154265416320413, 9543529.033008929342031 ], [ 777554.827443812857382, 9543460.224260749295354 ], [ 777625.567062248592265, 9543380.67177726328373 ], [ 777666.069806608138606, 9543330.423689294606447 ], [ 777694.077821052167565, 9543263.618558716028929 ], [ 777709.613972723251209, 9543222.853473335504532 ], [ 777728.191807213239372, 9543160.171704024076462 ], [ 777701.736771095893346, 9543049.613000085577369 ], [ 777707.711191309383139, 9542935.85429978184402 ], [ 777741.923721780302003, 9542863.829350631684065 ], [ 777758.466129714855924, 9542825.163225749507546 ], [ 777758.150494597619399, 9542724.922591332346201 ], [ 777761.152734308969229, 9542690.50348174571991 ], [ 777871.076563514769077, 9542565.906182143837214 ], [ 777994.213822434423491, 9542439.275322867557406 ], [ 778064.830042179208249, 9542321.10798179730773 ], [ 778143.774813870899379, 9542201.918391179293394 ], [ 778167.704094502027147, 9542145.525908149778843 ], [ 778193.497746584820561, 9542046.308930404484272 ], [ 778182.212645692750812, 9541955.507232116535306 ], [ 778178.14998350024689, 9541900.309550084173679 ], [ 778236.672096087946557, 9541857.527314897626638 ], [ 778248.147007866762578, 9541832.596512982621789 ], [ 778292.114218140719458, 9541789.306989017874002 ], [ 778295.458727046847343, 9541757.873969659209251 ], [ 778328.037610894534737, 9541731.769979529082775 ], [ 778359.444312511011958, 9541686.307241881266236 ], [ 778385.33347224118188, 9541652.590032329782844 ], [ 778387.38203802832868, 9541597.815520286560059 ], [ 778396.631498505477794, 9541571.785267677158117 ], [ 778439.883592658443376, 9541513.229137295857072 ], [ 778467.066517812199891, 9541467.115791268646717 ], [ 778485.555537516251206, 9541376.883562862873077 ], [ 778484.330057302606292, 9541305.633629009127617 ], [ 778456.777208604151383, 9541164.762279408052564 ], [ 778488.527940567582846, 9541087.765100561082363 ], [ 778517.369341036770493, 9540934.101771283894777 ], [ 778540.18397947459016, 9540806.790424272418022 ], [ 778548.624177838210016, 9540665.804940482601523 ], [ 778548.268228108529001, 9540553.614434283226728 ], [ 778537.914027327438816, 9540441.455658221617341 ], [ 778568.537786213099025, 9540324.630453448742628 ], [ 778620.001428723800927, 9540158.613632071763277 ], [ 778640.947213126346469, 9539967.909677172079682 ], [ 778644.68770407338161, 9539746.72296517342329 ], [ 778616.323464834829792, 9539700.453855630010366 ], [ 778614.008434173185378, 9539671.140897588804364 ], [ 778594.597892333520576, 9539645.75479943305254 ], [ 778579.456878638127819, 9539600.550085423514247 ], [ 778568.312982592731714, 9539554.668809900060296 ], [ 778539.41411130852066, 9539514.929353037849069 ], [ 778489.505280488985591, 9539470.831009618937969 ], [ 778494.815554652130231, 9539394.028137749060988 ], [ 778513.492873732931912, 9539363.542004173621535 ], [ 778503.990451302845031, 9539344.762981839478016 ], [ 778462.285277107264847, 9539260.364682296290994 ], [ 778456.64282836089842, 9539232.721979763358831 ], [ 778482.565520179923624, 9539209.957771642133594 ], [ 778487.457156458869576, 9539176.196205407381058 ], [ 778506.143187049194239, 9539148.476083539426327 ], [ 778508.841187267331406, 9539123.572901418432593 ], [ 778485.567248359671794, 9539105.944148244336247 ], [ 778502.130587440216914, 9539074.468923738226295 ], [ 778518.607122177723795, 9539050.628308461979032 ], [ 778520.183643653523177, 9539022.409411614760756 ], [ 778531.194258044124581, 9538991.505054797977209 ], [ 778586.253927479265258, 9538943.753374936059117 ], [ 778602.268427266739309, 9538914.382049499079585 ], [ 778708.656727893743664, 9538798.532034687697887 ], [ 778758.346905371407047, 9538774.0322255641222 ], [ 778809.657535816775635, 9538735.143628487363458 ], [ 778817.72462173178792, 9538686.988244013860822 ], [ 778833.044206323334947, 9538648.767582345753908 ], [ 778904.844697882188484, 9538590.561625456437469 ], [ 778930.141000016708858, 9538545.670496365055442 ], [ 778975.394524262752384, 9538523.397458149120212 ], [ 779022.773014032747597, 9538470.801399081945419 ], [ 779027.632446952629834, 9538427.081871720030904 ], [ 779080.965435304678977, 9538360.636323438957334 ], [ 779121.242572117247619, 9538310.718239231035113 ], [ 779126.710377148352563, 9538283.593197353184223 ], [ 779146.602277596015483, 9538285.742494577541947 ], [ 779140.971836518496275, 9538261.9722084030509 ], [ 779142.548348335549235, 9538233.863807523623109 ], [ 779180.028702812502161, 9538177.869201784953475 ], [ 779214.663155673537403, 9538135.160836411640048 ], [ 779209.007912722998299, 9538103.645602617412806 ], [ 779220.058359187096357, 9538085.354134481400251 ], [ 779257.015714753069915, 9538074.282258585095406 ], [ 779257.378279550001025, 9538013.980525448918343 ], [ 779240.244157977285795, 9538005.737089689821005 ], [ 779233.04957765690051, 9537979.205725766718388 ], [ 779249.514989651506767, 9537952.045458517968655 ], [ 779273.852134127868339, 9537954.733678283169866 ], [ 779303.655535815283656, 9537929.854221871122718 ], [ 779307.337288185139187, 9537900.07939375564456 ], [ 779319.549540712730959, 9537897.716801948845387 ], [ 779329.048683469183743, 9537915.389330990612507 ], [ 779357.227881933911704, 9537903.681593539193273 ], [ 779350.459894526517019, 9537871.616690089926124 ], [ 779419.470807444653474, 9537809.878045372664928 ], [ 779468.957782215671614, 9537756.832012420520186 ], [ 779497.621476341504604, 9537722.993945449590683 ], [ 779490.881761597469449, 9537699.780413495376706 ], [ 779487.143902296433225, 9537677.331769855692983 ], [ 779496.834206181345508, 9537650.635652396827936 ], [ 779533.068932207999751, 9537587.452762985602021 ], [ 779553.531525592319667, 9537559.726305313408375 ], [ 779574.789098274311982, 9537537.418818332254887 ], [ 779598.207753903465346, 9537496.184346780180931 ], [ 779644.00750510499347, 9537505.884763199836016 ], [ 779654.95907321840059, 9537491.465978421270847 ], [ 779653.05321442335844, 9537451.419116545468569 ], [ 779679.122287426609546, 9537439.939211862161756 ], [ 779722.253794795717113, 9537414.352815946564078 ], [ 779737.604469291865826, 9537386.089436158537865 ], [ 779801.703117059078068, 9537351.584195436909795 ], [ 779815.403772418620065, 9537328.415685892105103 ], [ 779841.384096776833758, 9537323.906536685302854 ], [ 779896.576127831125632, 9537283.344360725954175 ], [ 779891.159354583709501, 9537257.028539337217808 ], [ 779927.060444643488154, 9537228.477786535397172 ], [ 780229.297566572902724, 9537079.132848415523767 ], [ 780519.570865182438865, 9536940.446613209322095 ], [ 780860.649119761306792, 9536779.023500202223659 ], [ 781032.815750303678215, 9536703.561520606279373 ], [ 781088.127851767698303, 9536665.985029010102153 ], [ 781257.135542813921347, 9536575.595498323440552 ], [ 781400.815702149528079, 9536485.508628709241748 ], [ 781548.613142784568481, 9536363.320944318547845 ], [ 781632.280309969093651, 9536265.682387286797166 ], [ 781662.525198612362146, 9536171.64669911749661 ], [ 781697.74677395215258, 9536139.334849823266268 ], [ 781737.763021099497564, 9536112.539693925529718 ], [ 781780.618122864048928, 9536104.766287384554744 ], [ 781848.031865991419181, 9536099.458083860576153 ], [ 781948.660523789934814, 9536093.931465450674295 ], [ 782066.794097644509748, 9536073.853372737765312 ], [ 782216.153483431320637, 9536056.771796250715852 ], [ 782354.986588828964159, 9536013.833024498075247 ], [ 782432.680633686832152, 9535992.779211094602942 ], [ 782497.879230513703078, 9535955.279692770913243 ], [ 782586.941217805724591, 9535911.395683102309704 ], [ 782644.939165427465923, 9535880.11556439101696 ], [ 782708.090908847283572, 9535828.127814259380102 ], [ 782776.34867415134795, 9535774.906246017664671 ], [ 782793.775394464610144, 9535702.265711518004537 ], [ 782787.176570002222434, 9535586.219485690817237 ], [ 782791.050445715547539, 9535513.623057434335351 ], [ 782799.206157016335055, 9535459.601215165108442 ], [ 782825.79234026488848, 9535368.342234643176198 ], [ 782847.450155762257054, 9535298.7859095223248 ], [ 782837.943194442428648, 9535244.932240633293986 ], [ 782834.606618104386143, 9535209.647009337320924 ], [ 782841.870579543057829, 9535188.821864169090986 ], [ 782865.642898922786117, 9535154.554716948419809 ], [ 782864.417310413904488, 9535119.373244503512979 ], [ 782853.933954659034498, 9535072.714762168005109 ], [ 782850.654301238129847, 9535020.832426600158215 ], [ 782865.041085593402386, 9534969.998936153948307 ], [ 782857.610028796829283, 9534905.516480622813106 ], [ 782847.698393235215917, 9534761.708852466195822 ], [ 782843.384922005934641, 9534699.429160034283996 ], [ 782856.653813280863687, 9534646.497008597478271 ], [ 782873.093615971505642, 9534578.064033132046461 ], [ 782877.027909042779356, 9534524.166513768956065 ], [ 782869.553323966567405, 9534446.406674034893513 ], [ 782853.784453261643648, 9534380.070479037240148 ], [ 782853.601616437314078, 9534324.084129318594933 ], [ 782849.156644886359572, 9534255.608686663210392 ], [ 782846.970959588303231, 9534198.633064711466432 ], [ 782798.902528639882803, 9534106.511228680610657 ], [ 782765.504593716468662, 9534050.522765738889575 ], [ 782725.923477822565474, 9534006.061704013496637 ], [ 782694.626474066171795, 9533947.07895801961422 ], [ 782676.837830583564937, 9533874.553281657397747 ], [ 782633.042431089561433, 9533832.208295525982976 ], [ 782615.348881410900503, 9533788.782229835167527 ], [ 782627.431082587572746, 9533678.760651616379619 ], [ 782624.117481076857075, 9533616.588438568636775 ], [ 782607.247862595482729, 9533553.354076594114304 ], [ 782571.80680215661414, 9533483.984256086871028 ], [ 782567.480693087680265, 9533451.911073049530387 ], [ 782544.603049126337282, 9533419.787887493148446 ], [ 782545.429925104719587, 9533366.896431498229504 ], [ 782560.839627471752465, 9533323.362199522554874 ], [ 782556.61083127418533, 9533287.084158103913069 ], [ 782557.532445242162794, 9533263.181621614843607 ], [ 782563.675393612124026, 9533239.37265582755208 ], [ 782551.132242690422572, 9533208.322165675461292 ], [ 782563.438013022532687, 9533166.789691237732768 ], [ 782584.159790316130966, 9533151.120832590386271 ], [ 782595.513542277854867, 9533124.196721367537975 ], [ 782598.525450052693486, 9533094.091162577271461 ], [ 782622.310138437780552, 9533063.917633453384042 ], [ 782679.08606346254237, 9532999.446486571803689 ], [ 782747.225327180931345, 9532911.038484591990709 ], [ 782776.230862319469452, 9532880.84775191731751 ], [ 782776.156209378270432, 9532858.054895389825106 ], [ 782762.539420146262273, 9532838.404486354440451 ], [ 782991.681618861621246, 9532491.330760279670358 ], [ 783052.662292574415915, 9532354.371807841584086 ], [ 783050.528723526978865, 9532279.692523675039411 ], [ 783046.507987178163603, 9532137.746454183012247 ], [ 782995.0247256483417, 9531986.883267544209957 ], [ 782905.187674779910594, 9531826.962479051202536 ], [ 782839.33186207304243, 9531730.695243870839477 ], [ 782731.227375772548839, 9531521.707731533795595 ], [ 782663.630518820369616, 9531436.400294711813331 ], [ 782630.603968604584225, 9531358.17134615406394 ], [ 782619.43349005933851, 9531305.429869281128049 ], [ 782613.77531475503929, 9531239.945997370406985 ], [ 782648.039210859802552, 9531120.003745201975107 ], [ 782789.534135399735533, 9530977.247670412063599 ], [ 782856.889148461865261, 9530955.228821458294988 ], [ 782962.291368068661541, 9530916.709035934880376 ], [ 783016.775774760637432, 9530865.521726474165916 ], [ 783089.267643118044361, 9530750.542698716744781 ], [ 783147.102672238484956, 9530637.492779277265072 ], [ 783197.939301643287763, 9530591.849525358527899 ], [ 783410.717840630677529, 9530507.388361532241106 ], [ 783505.227329677552916, 9530467.02237051166594 ], [ 783583.41981405345723, 9530430.361444553360343 ], [ 783619.758548118406907, 9530401.141331423074007 ], [ 783666.875087124994025, 9530339.134108491241932 ], [ 783730.491602319059893, 9530295.218390978872776 ], [ 783870.164963525719941, 9530139.961504992097616 ], [ 783884.536235973937437, 9530085.364972323179245 ], [ 783869.629150720196776, 9529977.975990023463964 ], [ 783862.014797547948547, 9529892.471009777858853 ], [ 783898.280663631740026, 9529841.342698466032743 ], [ 783952.468527637654915, 9529700.97342867590487 ], [ 783939.597841589711607, 9529671.915853692218661 ], [ 783933.75693138083443, 9529551.772425776347518 ], [ 783923.272852226393297, 9529505.44601004011929 ], [ 783933.5191036259057, 9529412.911077475175261 ], [ 783980.739641523221508, 9529248.55423092097044 ], [ 783983.390416285954416, 9529176.956727046519518 ], [ 784132.486877002054825, 9529083.961161257699132 ], [ 784341.042885860195383, 9528966.867854524403811 ], [ 784494.562193491728976, 9528867.881538160145283 ], [ 784652.224579847068526, 9528712.1186776868999 ], [ 784783.270372645463794, 9528602.80521884560585 ], [ 784854.604045585147105, 9528508.517050717025995 ], [ 784902.095097740413621, 9528426.258133770897985 ], [ 784887.066225194022991, 9528383.044871170073748 ], [ 784891.380038643954322, 9528344.193085888400674 ], [ 784904.711601197835989, 9528311.396883921697736 ], [ 784935.668140957946889, 9528200.867080265656114 ], [ 784951.784832423785701, 9528103.885746816173196 ], [ 784932.012343255104497, 9528003.925930198282003 ], [ 784913.854727257974446, 9527921.885713651776314 ], [ 784859.729138338472694, 9527813.188684493303299 ], [ 784816.076429652282968, 9527680.556831732392311 ], [ 784797.93212852999568, 9527635.804973946884274 ], [ 784774.005464705638587, 9527622.496396519243717 ], [ 784758.961431593168527, 9527574.746717248111963 ], [ 784724.285060607129708, 9527369.168127158656716 ], [ 784666.146564184688032, 9527123.060194451361895 ], [ 784651.165114763425663, 9527027.510542219504714 ], [ 784631.487441969686188, 9526955.987144555896521 ], [ 784625.304883920354769, 9526900.794565944001079 ], [ 784560.543973294319585, 9526733.932766683399677 ], [ 784539.501742152264342, 9526686.203236730769277 ], [ 784545.265651898225769, 9526616.033359134569764 ], [ 784540.673240997595713, 9526571.347035832703114 ], [ 784505.974965778295882, 9526492.34985926002264 ], [ 784500.003223472740501, 9526467.031495563685894 ], [ 784517.756928862421773, 9526428.134856516495347 ], [ 784517.557662595412694, 9526368.496430551633239 ], [ 784529.439013263676316, 9526334.045301519334316 ], [ 784559.058300676755607, 9526289.244642663747072 ], [ 784548.412522449740209, 9526228.092050867155194 ], [ 784558.693970844848081, 9526180.257873542606831 ], [ 784610.796652069780976, 9526115.907971989363432 ], [ 784679.04319599783048, 9525996.401375096291304 ], [ 784708.708114656386897, 9525932.126371614634991 ], [ 784712.966389098903164, 9525876.898851422592998 ], [ 784679.751800143043511, 9525809.846801882609725 ], [ 784678.224055728409439, 9525751.651168091222644 ], [ 784718.179903316311538, 9525642.52927315980196 ], [ 784874.044025399838574, 9525383.97608270868659 ], [ 784885.743686537956819, 9525328.612865483388305 ], [ 784939.179459707578644, 9525231.50599835254252 ], [ 785003.055836849845946, 9525134.253336645662785 ], [ 785054.41349492513109, 9525079.974037608131766 ], [ 785113.836133308708668, 9524979.637945678085089 ], [ 785110.706194397760555, 9524874.532692631706595 ], [ 785088.542920469772071, 9524790.846480559557676 ], [ 785048.016940027475357, 9524729.794196385890245 ], [ 785047.73591342731379, 9524646.145153887569904 ], [ 785099.573077948763967, 9524503.345474379137158 ], [ 785201.713363131973892, 9524323.309294393286109 ], [ 785240.140777265420184, 9524255.795205837115645 ], [ 785229.918274603434838, 9524221.749930972233415 ], [ 785250.816122248303145, 9524193.353640479966998 ], [ 785296.89779872726649, 9524155.910049607977271 ], [ 785350.44684233982116, 9524092.992136614397168 ], [ 785358.511749208788387, 9524047.04589587263763 ], [ 785405.299253388657235, 9523988.355292284861207 ], [ 785452.930946533801034, 9523949.467854514718056 ], [ 785480.305848043179139, 9523832.530798763036728 ], [ 785549.487006602110341, 9523793.902530696243048 ], [ 785653.751519870012999, 9523717.424642466008663 ], [ 785780.3321740149986, 9523637.994315452873707 ], [ 785853.328630650532432, 9523577.997522108256817 ], [ 785905.367403491633013, 9523528.583040250465274 ], [ 785918.666511514689773, 9523486.82349961809814 ], [ 786005.097905838629231, 9523425.342604672536254 ], [ 786414.392427142243832, 9523091.235976496711373 ], [ 786497.722945620073006, 9522999.88930082693696 ], [ 786566.144514502491802, 9522934.042334055528045 ], [ 786609.205392851494253, 9522857.769553193822503 ], [ 786696.983658819110133, 9522767.956417867913842 ], [ 786812.898210392566398, 9522622.833427261561155 ], [ 786879.79406612389721, 9522533.090728329494596 ], [ 786931.760556147899479, 9522462.762310743331909 ], [ 786961.309698004159145, 9522365.622118223458529 ], [ 786987.961281032999977, 9522298.367149353027344 ], [ 786990.635622630594298, 9522202.867340130731463 ], [ 786965.346554546500556, 9522213.465047104284167 ], [ 786932.357020346214995, 9522180.714242726564407 ], [ 786946.992210150463507, 9522107.525035161525011 ], [ 786952.87880762014538, 9522074.752705445513129 ], [ 786919.934829793754034, 9522055.39038709923625 ], [ 786902.072318257763982, 9522061.426207320764661 ], [ 786901.674841910717078, 9522009.86481405980885 ], [ 786930.322373629547656, 9522007.001150021329522 ], [ 786958.787748828181066, 9521950.58363326638937 ], [ 786969.452329545863904, 9521918.348286107182503 ], [ 786962.129045770037919, 9521887.944526957347989 ], [ 786964.563275808934122, 9521819.886666491627693 ], [ 786958.139107622904703, 9521759.936377882957458 ], [ 786961.394823722541332, 9521672.180068084970117 ], [ 786928.020911317784339, 9521591.740673551335931 ], [ 786908.948287138016894, 9521503.285842014476657 ], [ 786896.290094577940181, 9521471.90442387573421 ], [ 786902.385475880932063, 9521435.258627580478787 ], [ 786846.678537492756732, 9521385.323983943089843 ], [ 786799.582627539406531, 9521352.510718921199441 ], [ 786751.539430892793462, 9521302.439340902492404 ], [ 786764.905738306697458, 9521280.817175360396504 ], [ 786793.656950149103068, 9521308.49234825745225 ], [ 786810.626917510060593, 9521301.35300088301301 ], [ 786815.980935268802568, 9521275.332111990079284 ], [ 786823.972117608296685, 9521273.534509483724833 ], [ 786853.581421423237771, 9521292.244129026308656 ], [ 786877.694600916467607, 9521262.618556199595332 ], [ 786891.861267301719636, 9521215.101595545187593 ], [ 786890.811000103014521, 9521167.63645895011723 ], [ 786883.481619076337665, 9521135.462369250133634 ], [ 786894.161009850446135, 9521107.652917016297579 ], [ 786883.265246545081027, 9521071.950190402567387 ], [ 786887.77660454204306, 9521059.431405745446682 ], [ 786911.857768598711118, 9521053.042320905253291 ], [ 786908.178281837725081, 9521016.319157894700766 ], [ 786933.189318356802687, 9520989.456691272556782 ], [ 786921.435113939805888, 9520962.608870763331652 ], [ 786925.690177216543816, 9520907.490808913484216 ], [ 786949.929893405875191, 9520915.043011594563723 ], [ 786974.137553899199702, 9520913.190089911222458 ], [ 787002.833746904274449, 9520924.710480056703091 ], [ 787049.28464731015265, 9520898.660036677494645 ], [ 787089.536629699869081, 9520878.827085873112082 ], [ 787093.360745578072965, 9520860.224867161363363 ], [ 787079.197609003982507, 9520843.565050622448325 ], [ 787093.694919755216688, 9520795.382913064211607 ], [ 787123.667737644747831, 9520790.412061231210828 ], [ 787170.200915676075965, 9520755.951809016987681 ], [ 787173.55125104507897, 9520728.720495203509927 ], [ 787140.500590693787672, 9520710.576055150479078 ], [ 787135.211111000506207, 9520690.345176229253411 ], [ 787120.212637428892776, 9520689.289861811324954 ], [ 787105.53145587653853, 9520716.117228642106056 ], [ 787059.093992470763624, 9520713.509423656389117 ], [ 787063.926413562847301, 9520697.448711043223739 ], [ 787086.714703856734559, 9520670.261744322255254 ], [ 787101.779363769222982, 9520625.618442194536328 ], [ 787108.872137577040121, 9520588.415878703817725 ], [ 787140.234059748938307, 9520534.864929249510169 ], [ 787137.135777076939121, 9520505.774583538994193 ], [ 787156.766723827458918, 9520432.236016936600208 ], [ 787199.617246119305491, 9520392.808946721255779 ], [ 787236.596818404970691, 9520358.049186747521162 ], [ 787265.789718447718769, 9520352.416949551552534 ], [ 787343.143305623205379, 9520301.142940144985914 ], [ 787396.779354186612181, 9520265.10896067135036 ], [ 787424.537769825430587, 9520262.247800212353468 ], [ 787460.763179491390474, 9520234.350739173591137 ], [ 787472.480181831168011, 9520185.292642027139664 ], [ 787514.36071916972287, 9520154.609928922727704 ], [ 787567.650540818227455, 9520114.814815104007721 ], [ 787647.665541632566601, 9520127.265753110870719 ], [ 787668.075049461564049, 9520119.118418099358678 ], [ 787643.226569519611076, 9520095.966909356415272 ], [ 787648.257830211427063, 9520073.155722422525287 ], [ 787667.834514500689693, 9520048.856282168999314 ], [ 787687.81796316197142, 9520013.601053232327104 ], [ 787688.468533773208037, 9519976.530958818271756 ], [ 787674.465642265626229, 9519941.834702955558896 ], [ 787681.031395530095324, 9519913.043128754943609 ], [ 787767.565016673295759, 9519850.561193134635687 ], [ 787886.499849671730772, 9519778.784029008820653 ], [ 787890.317165123065934, 9519758.300597174093127 ], [ 787924.133562271832488, 9519740.591218972578645 ], [ 787909.305321770836599, 9519724.376434113830328 ], [ 787912.142711087595671, 9519709.650184100493789 ], [ 787926.242677858565003, 9519707.831425707787275 ], [ 787940.932531289989129, 9519716.079842345789075 ], [ 787969.75525809940882, 9519699.715361101552844 ], [ 787984.75732917431742, 9519669.456294890493155 ], [ 788020.237315843929537, 9519618.656601637601852 ], [ 788044.953987002838403, 9519570.992020761594176 ], [ 788055.563837821828201, 9519523.154529884457588 ], [ 788095.051735928049311, 9519475.107250517234206 ], [ 788115.861287170089781, 9519454.122829319909215 ], [ 788143.544814477441832, 9519397.15330757573247 ], [ 788151.516016026958823, 9519292.560990067198873 ], [ 788141.334171378286555, 9519238.59840652346611 ], [ 788087.262607228942215, 9519212.227964477613568 ], [ 788012.269668300636113, 9519141.890402423217893 ], [ 788000.513029954978265, 9519114.489422656595707 ], [ 787948.842350157443434, 9519043.297233974561095 ], [ 787910.522844628896564, 9519011.008209746330976 ], [ 787990.763706027762964, 9518927.744663398712873 ], [ 787996.288440741132945, 9518854.696270534768701 ], [ 788017.86421760963276, 9518830.500290837138891 ], [ 788028.438364297617227, 9518772.372358938679099 ], [ 788054.904224013909698, 9518749.044747686013579 ], [ 788096.524295341572724, 9518772.138314384967089 ], [ 788132.22874764772132, 9518754.53274230286479 ], [ 788165.467619524337351, 9518762.827903613448143 ], [ 788211.271559019107372, 9518807.483954651281238 ], [ 788227.309000234585255, 9518787.732955919578671 ], [ 788283.566858392208815, 9518803.91577366553247 ], [ 788332.820096406852826, 9518818.02029856108129 ], [ 788396.26181818684563, 9518823.777161819860339 ], [ 788474.907514180522412, 9518793.520074622705579 ], [ 788648.465598347480409, 9518715.356010720133781 ], [ 788777.34910285519436, 9518662.573881654068828 ], [ 789138.15791139472276, 9518483.180488329380751 ], [ 789411.848430787445977, 9518357.309313703328371 ], [ 789832.679889604914933, 9518158.892881570383906 ], [ 790416.048900932539254, 9517876.034393735229969 ], [ 790610.995699261082336, 9517784.511409811675549 ], [ 790730.684021972003393, 9517706.97037928365171 ], [ 791084.659493738552555, 9517512.206543849781156 ], [ 791365.137578488094732, 9517358.859601307660341 ], [ 791760.160025444580242, 9517118.57989552244544 ], [ 792052.437064230907708, 9516941.175949163734913 ], [ 792290.141237230971456, 9516785.317623842507601 ], [ 792375.612062310567126, 9516737.990204162895679 ], [ 792370.382619852665812, 9516703.70572935603559 ], [ 792410.470014690072276, 9516669.262451075017452 ], [ 792423.378261566860601, 9516676.077773880213499 ], [ 792559.31667917012237, 9516608.766017589718103 ], [ 792567.727869942085817, 9516568.458338357508183 ], [ 792672.256372389150783, 9516507.895656688138843 ], [ 792727.55561231286265, 9516472.070855868980289 ], [ 792804.473200182314031, 9516424.662017222493887 ], [ 792867.768284142715856, 9516388.477014392614365 ], [ 792871.976840114919469, 9516353.384725606068969 ], [ 792918.986451727570966, 9516329.207537913694978 ], [ 792938.504442340228707, 9516288.860671527683735 ], [ 793035.870672948774882, 9516213.162624822929502 ], [ 793186.355102088418789, 9516113.26541025750339 ], [ 793257.214450090425089, 9516048.836247995495796 ], [ 793310.19167496659793, 9516016.117231082171202 ], [ 793345.46415553893894, 9516033.919167887419462 ], [ 793395.892977110575885, 9516002.979522282257676 ], [ 793402.574766041710973, 9515976.398784544318914 ], [ 793821.664154707919806, 9515634.103311290964484 ], [ 793997.87363695690874, 9515490.846288450062275 ], [ 794091.331268429756165, 9515409.626870345324278 ], [ 794127.33880228898488, 9515383.938160609453917 ], [ 794125.077880427241325, 9515341.343730149790645 ], [ 794235.40842974674888, 9515225.982348563149571 ], [ 794332.251933322404511, 9515128.705261338502169 ], [ 794405.681144987698644, 9515069.02316508628428 ], [ 794407.912545971339568, 9515040.466048534959555 ], [ 794506.202276804368012, 9514943.957970464602113 ], [ 794597.092672431492247, 9514765.479733917862177 ], [ 794752.124343071714975, 9514602.154817007482052 ], [ 794851.685530313523486, 9514519.915906149893999 ], [ 794936.94329908490181, 9514444.698898933827877 ], [ 795070.787930770544335, 9514320.730900948867202 ], [ 795083.669041748624295, 9514288.59475384093821 ], [ 795189.231274143559858, 9514207.44023677892983 ], [ 795223.481447134399787, 9514156.305760104209185 ], [ 795280.278694392531179, 9514105.091027960181236 ], [ 795332.241611265460961, 9514006.311054274439812 ], [ 795393.721293936483562, 9513928.853830760344863 ], [ 795435.148123376187868, 9513865.742632141336799 ], [ 795484.637497756397352, 9513758.671904778108001 ], [ 795489.12998870422598, 9513679.093661589547992 ], [ 795465.217262846417725, 9513638.78914537280798 ], [ 795524.338703020475805, 9513554.257943557575345 ], [ 795562.137711800984107, 9513501.782493522390723 ], [ 795564.156852609477937, 9513413.913742380216718 ], [ 795535.257139365654439, 9513283.331067690625787 ], [ 795537.322743442608044, 9513208.51966892555356 ], [ 795560.854140101931989, 9513141.930937647819519 ], [ 795573.824389122310095, 9513103.81868732906878 ], [ 795601.020069031044841, 9513068.090105552226305 ], [ 795642.292631183750927, 9512993.138688467442989 ], [ 795669.428957203635946, 9512940.811710020527244 ], [ 795669.331350725376979, 9512913.479787617921829 ], [ 795651.492452821694314, 9512894.51049691811204 ], [ 795648.955688726622611, 9512868.404515393078327 ], [ 795610.88144708191976, 9512843.64267522841692 ], [ 795626.815607952652499, 9512795.781975485384464 ], [ 795627.142892478499562, 9512731.931753396987915 ], [ 795674.327743861125782, 9512633.167823819443583 ], [ 795803.242713845334947, 9512467.606686800718307 ], [ 795937.80128531018272, 9512234.302619826048613 ], [ 795996.724815117893741, 9512095.106167782098055 ], [ 796000.164047133293934, 9512063.003244996070862 ], [ 796026.146464860998094, 9511998.839616741985083 ], [ 796029.604064880870283, 9511878.874727794900537 ], [ 796033.151215544901788, 9511690.965925790369511 ], [ 796051.930214875610545, 9511600.380921976640821 ], [ 796053.557658134726807, 9511527.673226773738861 ], [ 796040.485468029044569, 9511506.141928143799305 ], [ 796037.836435259669088, 9511448.830940801650286 ], [ 796017.670949392719194, 9511369.561980178579688 ], [ 796007.891075192834251, 9511336.953157790005207 ], [ 796001.082209319807589, 9511296.587671348825097 ], [ 795982.459497544914484, 9511275.850905045866966 ], [ 795984.180987646919675, 9511260.352711617946625 ], [ 795988.97779616387561, 9511235.216302158311009 ], [ 795975.204296931042336, 9511203.94970640912652 ], [ 795992.367561168503016, 9511189.392026804387569 ], [ 795994.005262083839625, 9511150.545444197952747 ], [ 795967.812991741346195, 9511125.077594133093953 ], [ 795930.33010826818645, 9511110.273348754271865 ], [ 795914.959802278433926, 9511129.25087596476078 ], [ 795879.057591291959397, 9511090.649644982069731 ], [ 795862.749540022807196, 9511095.909031191840768 ], [ 795847.017853814177215, 9511107.031175455078483 ], [ 795796.527958577731624, 9511057.859173979610205 ], [ 795800.6492443139432, 9511030.180110491812229 ], [ 795754.368403610307723, 9510977.783973634243011 ], [ 795754.708286687382497, 9510948.679938565939665 ], [ 795755.873577606980689, 9510901.97846383228898 ], [ 795744.812979504233226, 9510883.870375962927938 ], [ 795742.070000876672566, 9510862.302083179354668 ], [ 795723.695980828022584, 9510787.010525431483984 ], [ 795679.008677976438776, 9510745.342470886185765 ], [ 795670.001885010395199, 9510680.529758898541331 ], [ 795633.734656694112346, 9510663.950658913701773 ], [ 795623.98663274012506, 9510640.194373587146401 ], [ 795606.311385511420667, 9510635.831501141190529 ], [ 795588.586922375950962, 9510617.747338289394975 ], [ 795583.374041700037196, 9510495.932715905830264 ], [ 795585.606632878887467, 9510437.165852950885892 ], [ 795576.944383369060233, 9510344.577054742723703 ], [ 795561.127377591095865, 9510300.924323165789247 ], [ 795571.525681135244668, 9510196.426823906600475 ], [ 795540.1711492666509, 9510156.038941208273172 ], [ 795609.303511166479439, 9510015.145677231252193 ], [ 795659.475076445029117, 9509852.188934396952391 ], [ 795676.113612687215209, 9509722.660371635109186 ], [ 795782.187394591281191, 9509384.774649363011122 ], [ 795878.089432533597574, 9509121.839833481237292 ], [ 795915.675916378386319, 9508918.980304326862097 ], [ 795927.361770069459453, 9508740.779939092695713 ], [ 795909.876566602033563, 9508573.418492365628481 ], [ 795852.519708987441845, 9508436.96360645070672 ], [ 795773.8775732597569, 9508342.082004737108946 ], [ 795670.391097814426757, 9508194.949205730110407 ], [ 795495.982070974772796, 9507968.288520559668541 ], [ 795420.926847989438102, 9507820.72146194986999 ], [ 795560.076278632739559, 9507817.342528142035007 ], [ 796083.239618829102255, 9507679.344905000180006 ], [ 796370.367905698250979, 9507871.846787197515368 ], [ 796606.86351348599419, 9507944.578554693609476 ], [ 796753.826032218756154, 9507920.80834824219346 ], [ 797406.720837095170282, 9507570.088383225724101 ], [ 797560.928865224821493, 9507553.593340843915939 ], [ 797719.486184481182136, 9507450.325654949992895 ], [ 797836.289887653663754, 9507440.494811488315463 ], [ 797967.394043423235416, 9507514.82324368134141 ], [ 798023.267455272842199, 9507486.512500531971455 ], [ 798195.682227388606407, 9507345.790199745446444 ], [ 798485.930390270077623, 9507508.176282310858369 ], [ 798649.500858245184645, 9507530.929009580984712 ], [ 798812.722692686947994, 9507427.641336379572749 ], [ 799008.460258000763133, 9507286.831271331757307 ], [ 799157.422602579230443, 9507141.54364069737494 ], [ 799217.644877938553691, 9506996.580082191154361 ], [ 799254.671824403805658, 9506917.101344654336572 ], [ 799585.048817466013134, 9506542.302386187016964 ], [ 799893.230859012226574, 9506475.771581029519439 ], [ 800098.397011371678673, 9506362.918923316523433 ], [ 800434.112773129250854, 9506202.996957773342729 ], [ 800667.833188768476248, 9506244.077409185469151 ], [ 800756.83878538524732, 9506285.801001474261284 ], [ 800879.314872926217504, 9506579.598698953166604 ], [ 800959.025815891800448, 9506630.652139084413648 ], [ 801188.066672438406385, 9506667.101451123133302 ], [ 801356.511188216274604, 9506745.935812374576926 ], [ 801492.509158896980807, 9506880.773947147652507 ], [ 801614.410531888715923, 9506987.777272783219814 ], [ 801754.178431471111253, 9506879.808815218508244 ], [ 801851.756666195578873, 9506716.000570008531213 ], [ 801888.33307152451016, 9506515.124141398817301 ], [ 801925.990019112126902, 9506486.54480142518878 ], [ 802209.856382071739063, 9506271.142057931050658 ], [ 802331.222776737296954, 9506233.288921542465687 ], [ 802536.769376979209483, 9506223.232076656073332 ], [ 802817.270677800523117, 9506268.892297655344009 ], [ 803032.528536814148538, 9506361.49370588734746 ], [ 803201.097450280096382, 9506472.859563004225492 ], [ 803248.098871877649799, 9506538.087217098101974 ], [ 803379.367979305214249, 9506654.35001153498888 ], [ 803454.635589565034024, 9506794.170708924531937 ], [ 803469.011080047115684, 9506896.813162263482809 ], [ 803534.619900628458709, 9506947.917604357004166 ], [ 803613.998134412686341, 9506938.327226858586073 ], [ 803940.465441599488258, 9506769.01606671884656 ], [ 804290.847163007128984, 9506758.416972171515226 ], [ 804412.058772815391421, 9506678.508725561201572 ], [ 804481.428894330514595, 9506486.800882050767541 ], [ 804499.304854325484484, 9506276.582455758005381 ], [ 804526.569018767215312, 9506052.385212812572718 ], [ 804530.502198092639446, 9505856.273044921457767 ], [ 804548.760256319306791, 9505748.749660305678844 ], [ 804651.607368824887089, 9505748.365701667964458 ], [ 804838.368066885508597, 9505733.613711779937148 ], [ 804884.795661958865821, 9505644.797719672322273 ], [ 804991.748612784547731, 9505494.889625323936343 ], [ 805117.657509378157556, 9505424.367676025256515 ], [ 805215.834028446115553, 9505452.10916499234736 ], [ 805355.719366046600044, 9505376.775759868323803 ], [ 805617.286453182809055, 9505347.797320483252406 ], [ 806056.986674605403095, 9505490.898657709360123 ], [ 806357.616056045168079, 9505896.135539103299379 ], [ 806441.027708606794477, 9505718.313949532806873 ], [ 807347.233213840052485, 9506896.384604968130589 ], [ 807343.340423131361604, 9507101.907557310536504 ], [ 807198.746943822829053, 9507374.026704730466008 ], [ 807048.170242324005812, 9507502.300860252231359 ], [ 806880.296688511269167, 9507579.511359311640263 ], [ 806742.133481360273436, 9507611.900867622345686 ], [ 806764.701651352224872, 9507943.704656634479761 ], [ 806936.781790724955499, 9508455.888753252103925 ], [ 806908.009119110065512, 9508721.92780976369977 ], [ 806861.796714508789591, 9508868.954861285164952 ], [ 806747.417033423203975, 9509024.647021222859621 ], [ 806865.099440349964425, 9509188.104342844337225 ], [ 806869.693378692492843, 9509288.018919639289379 ], [ 806823.329196063568816, 9509394.653041059151292 ], [ 806719.341125540435314, 9509477.930139480158687 ], [ 806749.346878898562863, 9509541.672623317688704 ], [ 806858.159224418923259, 9509620.061055425554514 ], [ 806840.07835929072462, 9509894.581021623685956 ], [ 806910.816239660722204, 9510038.958172304555774 ], [ 807058.013316949130967, 9510134.246367558836937 ], [ 807098.705970935057849, 9510204.257165038958192 ], [ 807114.343898458988406, 9510406.386618357151747 ], [ 807210.502366803586483, 9510516.583997035399079 ], [ 807398.424979013158008, 9510690.293904474005103 ], [ 807665.236378113855608, 9510900.008305447176099 ], [ 807759.36540385033004, 9511031.572174929082394 ], [ 807836.055237700929865, 9511044.012693366035819 ], [ 807913.158222903031856, 9511167.118812287226319 ], [ 807845.314674091292545, 9511233.329611945897341 ], [ 807920.259731140220538, 9511373.486636081710458 ], [ 807918.514219381730072, 9511471.322948191314936 ], [ 807982.589670568006113, 9511526.417542902752757 ], [ 807991.460018839570694, 9511611.487569361925125 ], [ 808023.577236855635419, 9511675.222789766266942 ], [ 808123.602227883413434, 9511689.789755348116159 ], [ 808174.562623736681417, 9511653.411373300477862 ], [ 808212.59835807280615, 9511576.687557933852077 ], [ 808310.369565873639658, 9511552.861026367172599 ], [ 808450.731114808470011, 9511511.943086290732026 ], [ 808550.485823175986297, 9511454.13377483934164 ], [ 808620.733898999984376, 9511436.828331215307117 ], [ 808722.877522646915168, 9511453.489227054640651 ], [ 808765.515299928141758, 9511478.78337487205863 ], [ 808746.736542051425204, 9511566.170578557997942 ], [ 808842.397511682007462, 9511542.351204965263605 ], [ 808908.170476521132514, 9511486.771127969026566 ], [ 808965.804582855198532, 9511541.88948830217123 ], [ 808976.738857170101255, 9511614.22549993917346 ], [ 808991.973559745703824, 9511707.793706415221095 ], [ 809056.097953584510833, 9511775.614692518487573 ], [ 809215.916266922140494, 9511828.248030493035913 ], [ 809252.406523483339697, 9511902.591216130182147 ], [ 809276.082958258222789, 9511996.017336536198854 ], [ 809438.083813634817488, 9512038.018263524398208 ], [ 809608.710641733603552, 9512158.672050395980477 ], [ 809647.34373129834421, 9512241.528834655880928 ], [ 809715.722043003654107, 9512317.855467692017555 ], [ 809711.883549106772989, 9512420.017046047374606 ], [ 809737.718554225517437, 9512496.503053061664104 ], [ 809831.533892054809257, 9512542.964640431106091 ], [ 809846.641939734108746, 9512602.558544229716063 ], [ 809942.384385006502271, 9512599.98659104667604 ], [ 810023.824683894286864, 9512752.957985198125243 ], [ 810078.959303404903039, 9512703.835758727043867 ], [ 810170.544859403162263, 9512718.322224527597427 ], [ 810204.989461946999654, 9512809.716477515175939 ], [ 810319.918295354582369, 9512828.431489607319236 ], [ 810358.727653917623684, 9512958.101004591211677 ], [ 810342.106817048741505, 9513058.097596051171422 ], [ 810401.837713625282049, 9513109.002955248579383 ], [ 810410.621929351356812, 9513170.612817386165261 ], [ 810472.630128469318151, 9513236.339359072968364 ], [ 810524.812167457770556, 9513555.314221972599626 ], [ 810471.95388994156383, 9513619.257702380418777 ], [ 810652.835072710644454, 9513629.315165473148227 ], [ 810723.628378708614036, 9513786.421965509653091 ], [ 810787.683832981740125, 9513835.097934326156974 ], [ 810781.886496282182634, 9513977.772716246545315 ], [ 811004.900218271883205, 9514440.754055842757225 ], [ 811047.675901397364214, 9514502.236938765272498 ], [ 810954.829189450480044, 9514715.402351418510079 ], [ 811029.509525195462629, 9514753.414622731506824 ], [ 811068.072347627254203, 9514817.126764265820384 ], [ 811040.691180044435896, 9514891.709970029070973 ], [ 811113.213804177939892, 9514946.773515006527305 ], [ 811158.275072248419747, 9515025.291157647967339 ], [ 811276.289538656827062, 9515273.856878951191902 ], [ 811404.252051945892163, 9515360.586049273610115 ], [ 811428.064877192839049, 9515460.432009104639292 ], [ 811558.225953341461718, 9515540.844801642000675 ], [ 811550.309276138199493, 9515711.085146322846413 ], [ 811571.956034514587373, 9515796.109531037509441 ], [ 811661.412038086913526, 9515834.066765299066901 ], [ 811723.78887853724882, 9515997.736086590215564 ], [ 811798.375125866150483, 9516010.184123065322638 ], [ 811853.847095200559124, 9516050.371244851499796 ], [ 811854.141933648963459, 9516129.167476342990994 ], [ 811899.02922083879821, 9516190.642960315570235 ], [ 811980.114987284643576, 9516247.777534263208508 ], [ 812058.891425410867669, 9516251.798863084986806 ], [ 812138.0896612937795, 9516368.481266662478447 ], [ 812145.106635539093986, 9516551.504261810332537 ], [ 812201.19991761748679, 9516727.924790298566222 ], [ 812167.390447903424501, 9516806.738105557858944 ], [ 812248.469024542951956, 9516861.770200302824378 ], [ 812358.015020673861727, 9516954.102520052343607 ], [ 812376.625456610694528, 9516969.748153308406472 ], [ 812452.966110412264243, 9516916.340478874742985 ], [ 812550.985271533252671, 9516926.597996439784765 ], [ 812536.378299867035821, 9517001.134244058281183 ], [ 812650.789011565735564, 9516879.410444421693683 ], [ 812778.221175039419904, 9516793.826947616413236 ], [ 812829.042406005668454, 9516719.154746256768703 ], [ 812914.263462585862726, 9516752.922008670866489 ], [ 813048.817279471550137, 9516877.918805625289679 ], [ 813142.448442002758384, 9516873.251451846212149 ], [ 813193.804787182481959, 9516941.232463002204895 ], [ 813171.330441011348739, 9517198.738717827945948 ], [ 813298.95465668849647, 9517164.173306591808796 ], [ 813431.183538106735796, 9517231.7403684258461 ], [ 813478.263425480574369, 9517314.567555334419012 ], [ 813637.627292308257893, 9517241.700759747996926 ], [ 813718.971428202698007, 9517366.897371608763933 ], [ 813761.182891453849152, 9517277.315900262445211 ], [ 813807.719955031876452, 9517215.496785074472427 ], [ 813890.646746602840722, 9517170.473695093765855 ], [ 814037.739001662703231, 9517231.67595399171114 ], [ 813990.387082597706467, 9517106.240964192897081 ], [ 813928.077697177766822, 9516961.82665859349072 ], [ 813959.831210904405452, 9516897.849403638392687 ], [ 814125.798241142532788, 9516897.22508704289794 ], [ 814183.414467465830967, 9516916.154600232839584 ], [ 814236.810722416965291, 9516964.981533206999302 ], [ 814257.772176164435223, 9516896.728406254202127 ], [ 814197.940112271346152, 9516820.36829973384738 ], [ 814189.194204872474074, 9516769.381240954622626 ], [ 814218.63770726963412, 9516682.060519639402628 ], [ 814297.407686675200239, 9516683.866653352975845 ], [ 814429.645823686383665, 9516753.534924771636724 ], [ 814480.32187137787696, 9516640.568548588082194 ], [ 814505.567819985095412, 9516559.682333793491125 ], [ 814599.135326280957088, 9516537.969699712470174 ], [ 814760.913229464087635, 9516545.881266508251429 ], [ 814980.012166943750344, 9516523.805075995624065 ], [ 815071.614198854775168, 9516540.502821613103151 ], [ 815122.192719782702625, 9516401.970251213759184 ], [ 815213.730348715325817, 9516401.624327335506678 ], [ 815431.12107050139457, 9516485.91031370870769 ], [ 815641.898598931846209, 9516495.737659584730864 ], [ 815803.58147537522018, 9516478.192605702206492 ], [ 815798.918341090902686, 9516390.888621630147099 ], [ 815728.556614625500515, 9516350.759108576923609 ], [ 815622.116738032083958, 9516346.956438429653645 ], [ 815583.613630970939994, 9516300.287214748561382 ], [ 815674.869473004946485, 9516225.458371656015515 ], [ 815800.422948480118066, 9516201.520020127296448 ], [ 815842.446502307895571, 9516063.129165226593614 ], [ 815905.951672410592437, 9515964.942052548751235 ], [ 815973.976893941638991, 9515945.537521909922361 ], [ 815971.54341920861043, 9515860.438460055738688 ], [ 816067.181523042498156, 9515828.201527640223503 ], [ 816200.523148206528276, 9515631.912849646061659 ], [ 816130.129048450384289, 9515583.262174410745502 ], [ 816058.020117068430409, 9515638.872972026467323 ], [ 815983.293285817140713, 9515590.127997197210789 ], [ 815985.121698475093581, 9515515.748128836974502 ], [ 816010.365008508320898, 9515434.749593749642372 ], [ 816125.196518038748764, 9515396.020282551646233 ], [ 816267.594043747871183, 9515361.391606885939837 ], [ 816361.30682891048491, 9515378.079256676137447 ], [ 816376.594969860743731, 9515454.607787199318409 ], [ 816440.125780944479629, 9515392.720642859116197 ], [ 816384.536233117571101, 9515322.653771778568625 ], [ 816369.334708389011212, 9515239.70580967888236 ], [ 816413.5554867410101, 9515124.657632779330015 ], [ 816475.069854529341683, 9515058.461641520261765 ], [ 816564.455845422926359, 9515047.496702138334513 ], [ 816743.578787516220473, 9515146.864598788321018 ], [ 816856.194037670036778, 9515080.47354194149375 ], [ 816952.025803802418523, 9515099.255150269716978 ], [ 817033.060724800685421, 9515141.445486109703779 ], [ 817013.355897199478932, 9515013.91241099499166 ], [ 817045.236058979760855, 9514984.019315699115396 ], [ 817126.116964179556817, 9514985.813727354630828 ], [ 817302.919042485300452, 9515029.741370050236583 ], [ 817463.163696868927218, 9515188.723602617159486 ], [ 817535.328936581849121, 9515148.051673319190741 ], [ 817643.738913172623143, 9515085.880863195285201 ], [ 817763.06850012706127, 9515119.513123422861099 ], [ 817816.223485301365145, 9515104.368833731859922 ], [ 817852.124697635765187, 9515051.107337523251772 ], [ 817930.87899056635797, 9515048.592798637226224 ], [ 818067.41731533058919, 9515137.496799079701304 ], [ 818152.550287381513044, 9515118.024296090006828 ], [ 818164.959441877901554, 9515022.242160297930241 ], [ 818162.23805924213957, 9514862.6578932069242 ], [ 818215.221785611123778, 9514802.800755616277456 ], [ 818308.976531476248056, 9514830.110806327313185 ], [ 818441.25627615605481, 9514938.177510894834995 ], [ 818528.605890223756433, 9514946.365002430975437 ], [ 818644.114525575074367, 9515084.267858536913991 ], [ 818818.605350026395172, 9515075.077094238251448 ], [ 818804.175599637906998, 9515194.220297118648887 ], [ 818778.787959126173519, 9515236.92801714874804 ], [ 818696.042099251993932, 9515328.663706175982952 ], [ 818853.267691914923489, 9515249.370414208620787 ], [ 818923.273174332105555, 9515195.866667676717043 ], [ 818948.489722280297428, 9515108.556829981505871 ], [ 819039.963300661183894, 9515091.161809206008911 ], [ 819110.760826452169567, 9515244.17750908434391 ], [ 819147.278398057329468, 9515322.72862808033824 ], [ 819198.889494702685624, 9515484.229501346126199 ], [ 819145.954093198408373, 9515556.815075282007456 ], [ 819060.84982353518717, 9515555.038410466164351 ], [ 819003.252195215434767, 9515512.648618336766958 ], [ 818928.538505377713591, 9515468.22155087813735 ], [ 818903.17531707836315, 9515517.348438920453191 ], [ 818969.171701000421308, 9515519.198451526463032 ], [ 819012.037806667154655, 9515602.041683435440063 ], [ 818889.177029682323337, 9515749.269409896805882 ], [ 818836.053920364007354, 9515772.936203986406326 ], [ 818748.789776685764082, 9515758.328884208574891 ], [ 818855.370232449495234, 9515798.317856106907129 ], [ 818887.48193403496407, 9515857.849577682092786 ], [ 818820.050044367904775, 9516032.533785488456488 ], [ 818877.663769649108872, 9516079.129519794136286 ], [ 818924.935522939544171, 9516181.103104660287499 ], [ 818961.219653708161786, 9516227.780477643013 ], [ 819001.795776264276356, 9516263.816485026851296 ], [ 818966.130148730240762, 9516378.835230570286512 ], [ 818964.336831969674677, 9516461.849525047466159 ], [ 818983.281828207778744, 9516419.166587360203266 ], [ 818989.562653685221449, 9516376.642749881371856 ], [ 819006.299027259810828, 9516308.401933912187815 ], [ 819085.039547867840156, 9516301.792085843160748 ], [ 819125.819068694603629, 9516390.952141098678112 ], [ 819183.367992991930805, 9516420.503962446004152 ], [ 819281.159511032165028, 9516398.879704389721155 ], [ 819372.851904507959262, 9516409.153614588081837 ], [ 819417.715181645005941, 9516462.217433914542198 ], [ 819405.151361849159002, 9516517.604028342291713 ], [ 819343.668666276382282, 9516592.324973434209824 ], [ 819450.006207804195583, 9516568.454373309388757 ], [ 819598.848873407463543, 9516504.023619350045919 ], [ 819677.68239393341355, 9516550.53800786472857 ], [ 819735.465504452819005, 9516612.074480315670371 ], [ 819776.246284457389265, 9516701.345445496961474 ], [ 819786.421808190061711, 9516573.584852872416377 ], [ 819865.027314677019604, 9516560.555627129971981 ], [ 819864.594871463137679, 9516447.77704474888742 ], [ 819889.884894900489599, 9516379.502780918031931 ], [ 819964.142827114323154, 9516304.731981398537755 ], [ 820059.873099019518122, 9516295.953094456344843 ], [ 820200.757460915949196, 9516386.831956181675196 ], [ 820154.439628499676473, 9516533.878987148404121 ], [ 820128.977647777181119, 9516557.329672079533339 ], [ 820161.315840824274346, 9516646.633102439343929 ], [ 820214.815712049719878, 9516720.913888243958354 ], [ 820293.753110469086096, 9516765.324783066287637 ], [ 820298.293210843577981, 9516848.31566801853478 ], [ 820230.347300993627869, 9516888.973695103079081 ], [ 820198.621213316684589, 9516959.265013953670859 ], [ 820119.985928306356072, 9516993.655223505571485 ], [ 820173.453089793212712, 9517059.414100382477045 ], [ 820324.881301744375378, 9517118.378064712509513 ], [ 820350.574991276487708, 9517184.243480587378144 ], [ 820302.337724401964806, 9517352.547925587743521 ], [ 820279.231307890964672, 9517439.961199901998043 ], [ 820211.325427363626659, 9517491.243779215961695 ], [ 820311.612668562680483, 9517569.55141482129693 ], [ 820460.882228386355564, 9517615.79612147808075 ], [ 820548.108849241631106, 9517619.778201064094901 ], [ 820508.379236431326717, 9517804.983955850824714 ], [ 820495.86399389966391, 9517873.098810996860266 ], [ 820572.666972341015935, 9517911.099109370261431 ], [ 820651.564766131807119, 9517944.885590920224786 ], [ 820619.438433705596253, 9517910.919882506132126 ], [ 820578.746677046059631, 9517845.111750017851591 ], [ 820585.084628535434604, 9517817.528647365048528 ], [ 820672.107026951853186, 9517768.164707742631435 ], [ 820831.727858477039263, 9517761.243909537792206 ], [ 821000.172145450604148, 9517824.348311442881823 ], [ 821111.208197448402643, 9517923.975438915193081 ], [ 821124.409052104689181, 9518034.603211024776101 ], [ 821050.145365379983559, 9518079.491532357409596 ], [ 821165.15831452794373, 9518115.242118602618575 ], [ 821197.374638875946403, 9518172.56063456274569 ], [ 821187.003594046691433, 9518249.300619445741177 ], [ 821259.009269765461795, 9518166.015438932925463 ], [ 821314.204750042408705, 9518131.714580046012998 ], [ 821388.889839939074591, 9518167.619771575555205 ], [ 821439.765874995850027, 9518107.8792763967067 ], [ 821524.964078100863844, 9518133.008153770118952 ], [ 821571.937255763798021, 9518156.291615346446633 ], [ 821565.88600761082489, 9518258.471414735540748 ], [ 821603.903824985376559, 9518177.419145351275802 ], [ 821639.729014896322042, 9518075.124886712059379 ], [ 821703.29935848317109, 9517994.084921905770898 ], [ 821719.986146846786141, 9517913.114443281665444 ], [ 821741.025648053619079, 9517866.216324664652348 ], [ 821824.077310894383118, 9517853.168775362893939 ], [ 821938.894277772051282, 9517837.785298516973853 ], [ 822019.86338489560876, 9517860.937641005963087 ], [ 822103.27876778668724, 9517971.185131277889013 ], [ 822165.376670750090852, 9518056.058491351082921 ], [ 822191.166885195067152, 9518117.718301123008132 ], [ 822144.479989810148254, 9518168.92117646150291 ], [ 822082.976569455349818, 9518209.666459186002612 ], [ 822170.106180885690264, 9518187.970082268118858 ], [ 822229.774269739165902, 9518189.954014660790563 ], [ 822317.149799011531286, 9518232.118564112111926 ], [ 822385.695260476320982, 9518346.740010099485517 ], [ 822460.070458066416904, 9518301.849761717021465 ], [ 822619.964393579866737, 9518364.985383125022054 ], [ 822702.799323444603942, 9518324.26808581314981 ], [ 822819.864362467313185, 9518315.294505085796118 ], [ 822875.593454021029174, 9518419.340177292004228 ], [ 822895.12543929531239, 9518500.17195332236588 ], [ 822971.512568227248266, 9518544.813575776293874 ], [ 822966.814379098941572, 9518680.636113744229078 ], [ 823018.91028585517779, 9518649.112848289310932 ], [ 823054.958781403722242, 9518518.481999037787318 ], [ 823059.938837013440207, 9518455.81783439964056 ], [ 823038.729918774915859, 9518372.336141191422939 ], [ 823121.772753800847568, 9518241.523813523352146 ], [ 823236.60877881012857, 9518230.676582073792815 ], [ 823524.19277593458537, 9518360.058131767436862 ], [ 823503.588276472641155, 9518433.186885403469205 ], [ 823383.681772518204525, 9518454.568534769117832 ], [ 823352.472689120098948, 9518486.011576281860471 ], [ 823456.895418267464265, 9518511.618330847471952 ], [ 823483.326444819802418, 9518595.080058084800839 ], [ 823566.913529240526259, 9518605.161268958821893 ], [ 823665.924175718100742, 9518552.648249246180058 ], [ 823713.040373303694651, 9518583.788849281147122 ], [ 823734.330373049015179, 9518688.078521728515625 ], [ 823796.748675317736343, 9518625.192038914188743 ], [ 823848.642634307499975, 9518541.427449410781264 ], [ 823932.310841163154691, 9518572.426670340821147 ], [ 824000.657273932592943, 9518692.251241201534867 ], [ 824042.228926867013797, 9518639.849065849557519 ], [ 824198.748979863128625, 9518634.041608937084675 ], [ 824559.593741450924426, 9518773.652871605008841 ], [ 824648.30240980850067, 9518757.592538444325328 ], [ 824826.074542200309224, 9518845.670480845496058 ], [ 824946.33662857930176, 9518886.931435434147716 ], [ 825029.965905893477611, 9518907.526124123483896 ], [ 825134.887053021928295, 9519032.411297135055065 ], [ 825046.865334324305877, 9519225.89242117293179 ], [ 825052.32939299440477, 9519288.40652160346508 ], [ 825235.051808546530083, 9519277.294342070817947 ], [ 825292.127232331898995, 9519183.103971131145954 ], [ 825365.232346929959022, 9519182.8204590305686 ], [ 825559.077219983213581, 9519375.209090353921056 ], [ 825632.020744573092088, 9519333.198817618191242 ], [ 825636.979254089528695, 9519265.331253685057163 ], [ 825715.306458610692061, 9519265.027217894792557 ], [ 825835.671735386829823, 9519332.408295376226306 ], [ 825935.008099224884063, 9519363.345716424286366 ], [ 826192.146141841658391, 9519717.306713724508882 ], [ 826265.353727790294215, 9519743.143518269062042 ], [ 826500.338018989772536, 9519742.230336053296924 ], [ 826578.625327812274918, 9519731.411045558750629 ], [ 826635.721192113123834, 9519642.531679507344961 ], [ 826735.525550499325618, 9519793.447582108899951 ], [ 826735.992631462635472, 9519913.537241714075208 ], [ 826882.480579352937639, 9520012.139860918745399 ], [ 826961.255792897427455, 9520126.612274646759033 ], [ 827217.39431665930897, 9520193.464709937572479 ], [ 827327.989985800930299, 9520433.218235893175006 ], [ 827443.279364818823524, 9520537.144497662782669 ], [ 827464.573467561975121, 9520641.436646081507206 ], [ 827516.804034598404542, 9520672.556956697255373 ], [ 827605.537202042527497, 9520661.807246878743172 ], [ 827606.167081808438525, 9520823.62501609697938 ], [ 827730.925612119957805, 9520676.925474328920245 ], [ 827814.619731527986005, 9520713.125312861055136 ], [ 827841.01468604512047, 9520786.184854438528419 ], [ 827934.847703589359298, 9520743.980607151985168 ], [ 828002.815259556984529, 9520764.635120935738087 ], [ 828029.209971580188721, 9520837.584042439237237 ], [ 828186.003508049063385, 9520899.620428459718823 ], [ 828321.511525229085237, 9520831.242316767573357 ], [ 828405.16582185216248, 9520857.037627188488841 ], [ 828473.439121743198484, 9520955.944952914491296 ], [ 828578.083761344663799, 9521007.779989527538419 ], [ 828719.619804888963699, 9521174.251491606235504 ], [ 828766.903442287701182, 9521247.119187416508794 ], [ 828798.745047742268071, 9521377.492789009585977 ], [ 828950.572430546861142, 9521476.074366146698594 ], [ 829076.697115189861506, 9521679.132617741823196 ], [ 829234.297921427292749, 9521918.705188287422061 ], [ 829271.067389794159681, 9522002.018652401864529 ], [ 829224.769494043779559, 9522153.506466489285231 ], [ 829141.43920613033697, 9522211.27719758450985 ], [ 829251.22642012941651, 9522242.173119463026524 ], [ 829298.705142229213379, 9522393.405892536044121 ], [ 829247.103316716500558, 9522524.105373939499259 ], [ 829351.577986884280108, 9522560.224401546642184 ], [ 829493.146473908331245, 9522705.777653450146317 ], [ 829519.664779147366062, 9522810.16167089343071 ], [ 829467.829328409163281, 9522909.538171166554093 ], [ 829562.601953446632251, 9523107.517844898626208 ], [ 829547.301393767935224, 9523201.549729906022549 ], [ 829646.747040130896494, 9523258.497597806155682 ], [ 829610.801470698555931, 9523415.258161736652255 ], [ 829694.540102381375618, 9523461.862855045124888 ], [ 829700.270568841835484, 9523592.339279681444168 ], [ 829632.726867795456201, 9523681.372353909537196 ], [ 829815.465406419243664, 9523670.256364371627569 ], [ 829867.870837666792795, 9523716.983153169974685 ], [ 829915.460999702569097, 9523868.216426597908139 ], [ 830020.120577295776457, 9523951.266213405877352 ], [ 830390.761167011107318, 9523913.295257430523634 ], [ 830557.773448757478036, 9523886.632449129596353 ], [ 830699.112682217499241, 9524000.863139009103179 ], [ 830746.460004443419166, 9524089.449246764183044 ], [ 830756.333989354898222, 9523943.193315111100674 ], [ 830881.649396350490861, 9523937.501757308840752 ], [ 831090.869052737951279, 9524020.253324218094349 ], [ 831205.751518737175502, 9524045.926622843369842 ], [ 831273.92754382872954, 9524118.71383049339056 ], [ 831310.97368630184792, 9524243.867180988192558 ], [ 831368.725491652963683, 9524321.897520406171679 ], [ 831509.831641460536048, 9524347.468279790133238 ], [ 831562.035075763822533, 9524342.06187704205513 ], [ 831609.342464071814902, 9524420.133087331429124 ], [ 831713.218716806964949, 9524273.61904956959188 ], [ 831857.93595826078672, 9524199.666698606684804 ], [ 831821.008944568922743, 9524020.054132662713528 ], [ 831883.179704300477169, 9523892.74093433842063 ], [ 831970.283903552452102, 9523804.956147812306881 ], [ 832060.928338955854997, 9523769.955488443374634 ], [ 832126.98830914858263, 9523784.528698109090328 ], [ 832160.138106599799357, 9523822.364760782569647 ], [ 832168.683883129851893, 9523904.793959103524685 ], [ 832102.927924972958863, 9523967.811903184279799 ], [ 832240.203749207081273, 9524036.564629221335053 ], [ 832128.553101748693734, 9524183.774747276678681 ], [ 832115.905343090882525, 9524330.596767790615559 ], [ 832172.574134038994089, 9524472.277066957205534 ], [ 832275.266727264039218, 9524562.639261037111282 ], [ 832344.776025293162093, 9524634.978560868650675 ], [ 832421.26233629649505, 9524786.432766178622842 ], [ 832500.281098047271371, 9524733.324874376878142 ], [ 832545.082692066440359, 9524370.20168598741293 ], [ 832536.206867870176211, 9524203.650263193994761 ], [ 832585.310049369814806, 9524116.013677706941962 ], [ 832656.098864680388942, 9524061.277086719870567 ], [ 832819.39290663448628, 9524049.12437367811799 ], [ 832898.74110060557723, 9524080.137685434892774 ], [ 832908.928580758161843, 9524156.030235541984439 ], [ 832970.144416176714003, 9524210.138070777058601 ], [ 832995.396130217239261, 9524330.468462968245149 ], [ 833030.181166865979321, 9524360.107198394834995 ], [ 833104.438711188500747, 9524368.006554098799825 ], [ 833117.097226005396806, 9524365.743053380399942 ], [ 833170.849558667978272, 9524499.908471044152975 ], [ 833213.771061290521175, 9524705.621679369360209 ], [ 833207.938953082310036, 9524861.716240148991346 ], [ 833207.943731782608666, 9524862.933801705017686 ], [ 833201.512876703636721, 9525036.408879689872265 ], [ 833205.935936065390706, 9525087.529896652325988 ], [ 833203.363408650271595, 9525366.587223092094064 ], [ 833237.703108270652592, 9525594.361502032727003 ], [ 833301.899368398357183, 9525699.928745958954096 ], [ 833350.213809182168916, 9525750.87781148031354 ], [ 833496.353824327234179, 9525840.406083259731531 ], [ 833529.86796552175656, 9525942.551690397784114 ], [ 833533.174439541413449, 9526020.685436509549618 ], [ 833463.062522241496481, 9526163.749398136511445 ], [ 833703.763714766013436, 9526195.791709575802088 ], [ 833707.368294564308599, 9526192.686575720086694 ], [ 833707.307368927868083, 9526192.678512811660767 ], [ 833732.885186618426815, 9526170.705220660194755 ], [ 833838.652893617050722, 9526079.592198440805078 ], [ 833993.10429388913326, 9525964.754400668665767 ], [ 834074.020258606877178, 9525913.298050049692392 ], [ 834260.472069349023513, 9525911.126816721633077 ], [ 834470.222184708807617, 9525729.877450672909617 ], [ 834518.007783097913489, 9525702.570400176569819 ], [ 834517.831004589097574, 9525702.715324951335788 ], [ 834539.184475382557139, 9525690.532550400123 ], [ 834602.541363049880601, 9525723.379730939865112 ], [ 834860.470947102410719, 9525953.818702725693583 ], [ 834886.460088946041651, 9526063.410842385143042 ], [ 834866.01449047983624, 9526204.843190120533109 ], [ 834788.607247766572982, 9526414.020639430731535 ], [ 834788.755162028828636, 9526451.654837487265468 ], [ 834804.091972102876753, 9526508.710878882557154 ], [ 834968.16703975526616, 9526580.236257869750261 ], [ 835040.430625692941248, 9526588.91809650324285 ], [ 835116.968007237417623, 9526554.081582013517618 ], [ 835192.314668622566387, 9526583.782431658357382 ], [ 835225.607518753618933, 9526657.371614370495081 ], [ 835299.446124500362203, 9526699.143710400909185 ], [ 835377.746285900939256, 9526716.878278667107224 ], [ 835711.092571220477112, 9526598.343795675784349 ], [ 835751.43852583062835, 9526544.056732809171081 ], [ 835714.897558675846085, 9526435.944550113752484 ], [ 835715.973320430610329, 9526314.179786397144198 ], [ 835745.642761538736522, 9526201.378957299515605 ], [ 835823.440582023584284, 9526119.935265898704529 ], [ 835901.823732794262469, 9526158.700126109644771 ], [ 835950.241289440309629, 9526235.10766589269042 ], [ 835977.830607407377101, 9526383.768355717882514 ], [ 836065.138046746840701, 9526403.016345048323274 ], [ 836114.929625077638775, 9526461.48650567792356 ], [ 836173.429614773252979, 9526417.643095187842846 ], [ 836275.702839397941716, 9526427.75512583181262 ], [ 836313.510997804114595, 9526490.700262466445565 ], [ 836375.266541213728487, 9526511.487926192581654 ], [ 836456.490838981932029, 9526509.728196829557419 ], [ 836512.336335413041525, 9526581.56820110231638 ], [ 836546.103714563185349, 9526746.808902973309159 ], [ 836482.296478614909574, 9526966.452511269599199 ], [ 836505.091916851233691, 9527026.579065378755331 ], [ 836534.909526652423665, 9526951.301463011652231 ], [ 836641.462108109844849, 9526919.222916848957539 ], [ 836778.281997346086428, 9526897.651101423427463 ], [ 836796.011007588123903, 9526828.509035166352987 ], [ 836872.376730441465043, 9526750.058450978249311 ], [ 837021.114164089318365, 9526707.296625377610326 ], [ 837067.549754246836528, 9526675.565599329769611 ], [ 837055.186015805462375, 9526583.9610087685287 ], [ 837107.4850344134029, 9526517.559902112931013 ], [ 837191.698298888746649, 9526512.798937421292067 ], [ 837277.545940980082378, 9526555.961407352238894 ], [ 837352.984553175745532, 9526608.352572867646813 ], [ 837400.749607519479468, 9526519.49841689132154 ], [ 837485.063910965109244, 9526540.196147864684463 ], [ 837510.865927293431014, 9526601.63927404768765 ], [ 837526.14152221661061, 9526670.76192893832922 ], [ 837596.517999226227403, 9526595.322551932185888 ], [ 837668.640893639996648, 9526568.027642795816064 ], [ 837743.807423153426498, 9526579.684602215886116 ], [ 837922.093525397591293, 9526786.417214980348945 ], [ 837815.869680975796655, 9526929.632607216015458 ], [ 837906.155564694199711, 9526942.779476521536708 ], [ 837928.981668614549562, 9527010.322703439742327 ], [ 837858.712093811482191, 9527112.881758142262697 ], [ 837764.131660726852715, 9527165.835597835481167 ], [ 837852.87185173900798, 9527153.418652815744281 ], [ 837916.139303585048765, 9527190.803836654871702 ], [ 837891.247429786482826, 9527359.267044745385647 ], [ 837938.117875025141984, 9527437.231029083952308 ], [ 837939.929510412737727, 9527501.868812002241611 ], [ 837898.134452192345634, 9527583.172480830922723 ], [ 837880.417834397754632, 9527655.414653150364757 ], [ 837895.586064554518089, 9527697.418122213333845 ], [ 837978.375831289682537, 9527725.649466870352626 ], [ 838016.227276214631274, 9527799.110850010067225 ], [ 838033.100211434997618, 9527878.743401991203427 ], [ 837998.831500757718459, 9527952.490117186680436 ], [ 838060.446377858053893, 9527937.192080855369568 ], [ 838159.936929953284562, 9528001.443503936752677 ], [ 838176.678982084733434, 9528047.979274190962315 ], [ 838179.929418542422354, 9528111.172471668571234 ], [ 838256.81972703943029, 9528164.886785361915827 ], [ 838267.622430180665106, 9528255.059409709647298 ], [ 838255.947901688748971, 9528337.793773410841823 ], [ 838318.139780453173444, 9528468.277094516903162 ], [ 838281.038262747460976, 9528584.541499333456159 ], [ 838191.065442775841802, 9528651.091908251866698 ], [ 838124.899866930907592, 9528667.957370111718774 ], [ 838087.588461174396798, 9528731.20006918720901 ], [ 838078.919469971675426, 9528815.361373074352741 ], [ 837919.606012953445315, 9528826.506195375695825 ], [ 838018.984152837423608, 9528862.199968392029405 ], [ 838065.682859237655066, 9528896.66266412101686 ], [ 838128.788762489333749, 9528864.755144 ], [ 838201.028722058050334, 9528894.578502032905817 ], [ 838265.823286975966766, 9528924.431245712563396 ], [ 838292.476319416076876, 9528835.549610489979386 ], [ 838305.659756377455778, 9528740.854391509667039 ], [ 838478.18031848478131, 9528640.990681631490588 ], [ 838611.821988308685832, 9528601.387045970186591 ], [ 838669.93728963425383, 9528459.800752755254507 ], [ 838758.622290107887238, 9528460.999346073716879 ], [ 838809.930710142012686, 9528508.837443813681602 ], [ 838871.403840461513028, 9528457.56394107080996 ], [ 838960.261344642261975, 9528502.264517735689878 ], [ 839043.765164097771049, 9528682.254852157086134 ], [ 839066.552190847462043, 9528767.842072937637568 ], [ 838894.429732714430429, 9528968.437473304569721 ], [ 839038.855510754627176, 9528985.909038254991174 ], [ 839102.2142831729725, 9529045.87598648481071 ], [ 839057.87352104857564, 9529214.307012971490622 ], [ 838950.534803342772648, 9529470.324815467 ], [ 838895.255673439241946, 9529542.605295879766345 ], [ 838820.230243326397613, 9529595.59220645390451 ], [ 838745.161101244506426, 9529609.393444465473294 ], [ 838739.492448854027316, 9529693.543347945436835 ], [ 838608.951602061046287, 9529787.263095565140247 ], [ 838749.283144857734442, 9529893.41822911426425 ], [ 838763.434561186702922, 9530043.795658573508263 ], [ 838837.290603436762467, 9530088.55668630450964 ], [ 838809.064091087668203, 9530201.354731027036905 ], [ 838687.61716634593904, 9530290.610445506870747 ], [ 838595.994897343334742, 9530305.915390968322754 ], [ 838424.362408103537746, 9530237.518925279378891 ], [ 838347.630605383310467, 9530224.316649001091719 ], [ 838296.689050240209326, 9530269.569670829921961 ], [ 838364.39117348450236, 9530303.839399673044682 ], [ 838367.852045191684738, 9530392.491442047059536 ], [ 838360.686350335599855, 9530491.811933372169733 ], [ 838396.625307400827296, 9530446.5073471814394 ], [ 838426.375393672147766, 9530381.744993837550282 ], [ 838511.978818508796394, 9530361.925580115988851 ], [ 838641.563502665492706, 9530419.971924902871251 ], [ 838680.420331704081036, 9530353.734417965635657 ], [ 838745.020056316861883, 9530333.886832343414426 ], [ 838826.209646091796458, 9530350.170722056180239 ], [ 838888.099773863446899, 9530404.05603794939816 ], [ 838918.512258537812158, 9530479.097448095679283 ], [ 838973.821819390868768, 9530414.233790624886751 ], [ 839074.562283315462992, 9530400.220822272822261 ], [ 839151.496686964761466, 9530464.562685644254088 ], [ 839205.004190514679067, 9530703.340884499251842 ], [ 839202.395011912565678, 9530802.533448440954089 ], [ 839174.07172686769627, 9530862.752279119566083 ], [ 839085.455539364134893, 9530879.705921623855829 ], [ 839084.196064420975745, 9530954.872372217476368 ], [ 839143.09791734511964, 9531011.758459065109491 ], [ 839161.735051898402162, 9531172.524008773267269 ], [ 839256.552827984560281, 9531178.127730891108513 ], [ 839307.909831307362765, 9531238.032391903921962 ], [ 839321.734409304335713, 9531305.612280117347836 ], [ 839328.208329020882957, 9531397.352577455341816 ], [ 839265.241448430577293, 9531465.235105033963919 ], [ 839202.154489948414266, 9531474.449915554374456 ], [ 839325.836925036390312, 9531585.210642421618104 ], [ 839380.293938029208221, 9531642.114497812464833 ], [ 839382.087963576195762, 9531730.773832553997636 ], [ 839238.196185783832334, 9531850.115757558494806 ], [ 839158.680632045026869, 9531892.492632711306214 ], [ 839195.058374495012686, 9531958.434051243588328 ], [ 839204.337922834674828, 9532029.020598825067282 ], [ 839227.234727706527337, 9532114.608028255403042 ], [ 839204.947166887344792, 9532183.879748547449708 ], [ 839149.589287640526891, 9532265.236480167135596 ], [ 839074.671390772564337, 9532318.22154169715941 ], [ 839014.678779050009325, 9532351.444238822907209 ], [ 839028.462834645761177, 9532437.178138373419642 ], [ 839012.257563153165393, 9532498.898520147427917 ], [ 838949.22395431343466, 9532550.176163267344236 ], [ 839018.589164806646295, 9532583.001291574910283 ], [ 839101.419277078937739, 9532620.3119723405689 ], [ 839197.919426194159314, 9532686.017380878329277 ], [ 839278.981223392067477, 9532669.205351583659649 ], [ 839361.65084349969402, 9532637.332438431680202 ], [ 839430.964122739154845, 9532685.101383630186319 ], [ 839431.424979235744104, 9532802.325207034125924 ], [ 839434.691407114965841, 9532869.94679887033999 ], [ 839398.892538155196235, 9532951.337343208491802 ], [ 839456.280177347012796, 9533018.635578036308289 ], [ 839435.606995807960629, 9533102.955433936789632 ], [ 839380.165407407330349, 9533163.280378453433514 ], [ 839466.072376678348519, 9533191.502179054543376 ], [ 839523.389680850086734, 9533240.868251033127308 ], [ 839531.56166030257009, 9533425.69634342007339 ], [ 839539.449072396499105, 9533509.793365992605686 ], [ 839625.570018394617364, 9533620.703477133065462 ], [ 839720.343813938787207, 9533614.353794103488326 ], [ 839761.120330617530271, 9533668.323460679501295 ], [ 839758.515276188962162, 9533769.066076535731554 ], [ 839790.319504960440099, 9533830.598280370235443 ], [ 839879.394228420918807, 9533929.43124539591372 ], [ 839914.428102848352864, 9534020.949190206825733 ], [ 839915.11856068612542, 9534196.840935027226806 ], [ 839954.457111664814875, 9534280.814806131646037 ], [ 839995.309375148266554, 9534325.707391876727343 ], [ 840025.734648658428341, 9534432.298113863915205 ], [ 840015.48250561254099, 9534481.929768728092313 ], [ 840069.817848969250917, 9534535.84651935659349 ], [ 840061.053021179861389, 9534624.658448310568929 ], [ 839984.587390351458453, 9534680.527319910004735 ], [ 840079.433436102699488, 9534692.221111686900258 ], [ 840133.75108111393638, 9534741.59950940310955 ], [ 840117.757938805501908, 9534886.008826434612274 ], [ 840083.547897168784402, 9534976.248855642974377 ], [ 840179.762272966909222, 9534968.344354912638664 ], [ 840288.404025835683569, 9535068.651076668873429 ], [ 840357.708027054090053, 9535113.543005967512727 ], [ 840361.074232952320017, 9535206.735372530296445 ], [ 840502.475301098660566, 9535215.147120513021946 ], [ 840609.89103549788706, 9535371.027975171804428 ], [ 840626.704047220642678, 9535435.608303872868419 ], [ 840803.967044417513534, 9535406.353288816288114 ], [ 840861.103369565680623, 9535409.117815513163805 ], [ 840918.533814224181697, 9535458.484154045581818 ], [ 840953.392637584242038, 9535533.509886683896184 ], [ 840949.160544795799069, 9535616.216403380036354 ], [ 840886.258448448032141, 9535673.582345921546221 ], [ 840821.658804000704549, 9535694.867986870929599 ], [ 840838.466243314789608, 9535758.009406695142388 ], [ 840922.497267296421342, 9535732.109018258750439 ], [ 840988.865312982816249, 9535764.946720330044627 ], [ 841008.726151018054225, 9535841.470446990802884 ], [ 840952.132599110715091, 9536005.522520551458001 ], [ 840902.80668891617097, 9536067.373564850538969 ], [ 841013.640122344833799, 9536187.597676418721676 ], [ 841023.344667714904062, 9536253.313077218830585 ], [ 841029.652485415223055, 9536331.439757278189063 ], [ 841043.470416798489168, 9536397.471142206341028 ], [ 841167.118292896542698, 9536497.719983845949173 ], [ 841203.597746817860752, 9536589.233444027602673 ], [ 841202.465275378897786, 9536668.939144186675549 ], [ 841190.568821594119072, 9536724.555244836956263 ], [ 841099.49706420651637, 9536882.764645684510469 ], [ 841056.254100889549591, 9536965.623906694352627 ], [ 841059.531296138768084, 9537036.235159398987889 ], [ 841174.406865758588538, 9537195.187945105135441 ], [ 841249.86116468522232, 9537277.582678623497486 ], [ 841355.345561214024201, 9537308.718204325065017 ], [ 841436.40169031068217, 9537288.918273642659187 ], [ 841496.657811065088026, 9537321.669832916930318 ], [ 841557.349422271014191, 9537437.220666240900755 ], [ 841537.971156899817288, 9537483.899773221462965 ], [ 841449.38731404999271, 9537539.816173288971186 ], [ 841413.518972652032971, 9537576.043571261689067 ], [ 841318.780986093217507, 9537593.018699780106544 ], [ 841305.609226147294976, 9537663.694444492459297 ], [ 841394.181713303551078, 9537633.238557480275631 ], [ 841466.441579238977283, 9537666.054032146930695 ], [ 841460.92705672676675, 9537762.160093300044537 ], [ 841419.022440063767135, 9537818.004297442734241 ], [ 841500.50771982036531, 9537879.343463080003858 ], [ 841500.725076213828288, 9537934.912225667387247 ], [ 841436.587551721837372, 9538074.97258385643363 ], [ 841450.40513183735311, 9538141.004308188334107 ], [ 841498.282684585312381, 9538077.720179216936231 ], [ 841549.219848747714423, 9538029.478726711124182 ], [ 841636.336955814156681, 9538024.599408961832523 ], [ 841711.77940037380904, 9538075.335390958935022 ], [ 841718.151739705353975, 9538170.066781360656023 ], [ 841673.269355412339792, 9538231.90034056827426 ], [ 841751.636564388987608, 9538263.142384629696608 ], [ 841774.59797102608718, 9538365.225612856447697 ], [ 841807.890281208325177, 9538579.625638078898191 ], [ 841923.644308590446599, 9538678.468091074377298 ], [ 842028.361911959014833, 9538825.617590906098485 ], [ 842149.440789095126092, 9538864.884355682879686 ], [ 842267.818815388018265, 9538923.976386085152626 ], [ 842231.552724551409483, 9539000.831325238570571 ], [ 842310.364133790950291, 9539003.290524495765567 ], [ 842394.611070755519904, 9538974.622463649138808 ], [ 842445.503130437457003, 9539056.671419626101851 ], [ 842448.759227080037817, 9539150.308593945577741 ], [ 842449.136773987440392, 9539246.835158560425043 ], [ 842491.481935853371397, 9539303.34657434374094 ], [ 842610.227201479719952, 9539456.087350286543369 ], [ 842641.258512170636095, 9539461.611553154885769 ], [ 842733.720068758237176, 9539373.35600102506578 ], [ 842784.501468875911087, 9539398.617723897099495 ], [ 842860.457657750463113, 9539409.722301220521331 ], [ 842950.473350285785273, 9539406.49177216924727 ], [ 843006.823847709689289, 9539434.720465058460832 ], [ 843077.322714923648164, 9539471.306780518963933 ], [ 843158.780624977662228, 9539439.770916156470776 ], [ 843215.031119594117627, 9539442.428692942485213 ], [ 843299.63465368305333, 9539504.530900083482265 ], [ 843339.669264129363, 9539651.934619335457683 ], [ 843370.322983934427612, 9539589.380766605958343 ], [ 843426.440053873229772, 9539557.943959908559918 ], [ 843623.422719741472974, 9539565.695460725575686 ], [ 843671.415336076403037, 9539616.539220849052072 ], [ 843655.111080515664071, 9539767.042312182486057 ], [ 843804.37965084426105, 9539794.795850722119212 ], [ 843869.366927038296126, 9539871.144411366432905 ], [ 844024.360490745864809, 9539941.494332898408175 ], [ 844075.165639472776093, 9540000.850972646847367 ], [ 844125.993401161045767, 9540037.624978609383106 ], [ 844221.590158220380545, 9540040.017348920926452 ], [ 844269.984302941709757, 9540164.695881929248571 ], [ 844326.391764727188274, 9540207.093662327155471 ], [ 844391.346369950450025, 9540274.918697698041797 ], [ 844473.161971704452299, 9540334.153751896694303 ], [ 844568.871019728598185, 9540364.995266143232584 ], [ 844633.803703558980487, 9540398.835741810500622 ], [ 844732.246904917992651, 9540418.264400117099285 ], [ 844816.607648086850531, 9540389.594011563807726 ], [ 844878.628126026247628, 9540417.689453901723027 ], [ 844957.242747922195122, 9540397.565341513603926 ], [ 844957.075264314305969, 9540354.946640526875854 ], [ 845035.432818119879812, 9540241.171457001939416 ], [ 845085.982725088484585, 9540235.326999273151159 ], [ 845181.79223670810461, 9540263.28933896869421 ], [ 845218.571870152838528, 9540317.055508503690362 ], [ 845255.530042083351873, 9540416.207959696650505 ], [ 845328.821702264714986, 9540455.660977743566036 ], [ 845393.565608673496172, 9540469.575898770242929 ], [ 845477.927043730393052, 9540469.243982398882508 ], [ 845573.804295167559758, 9540514.253747995942831 ], [ 845644.384735479135998, 9540570.765185380354524 ], [ 845596.714119315845892, 9540630.509528655558825 ], [ 845692.524984305840917, 9540658.582453697919846 ], [ 845723.703580191824585, 9540729.418663801625371 ], [ 845664.985010392265394, 9540806.254335340112448 ], [ 845690.517153780674562, 9540882.758503837510943 ], [ 845674.213467359659262, 9541004.814367681741714 ], [ 845674.60391554934904, 9541104.110998218879104 ], [ 845727.854671885957941, 9541049.990546505898237 ], [ 845826.165967524284497, 9541035.434197859838605 ], [ 845860.167429218185134, 9541089.211558977141976 ], [ 845922.77002935949713, 9541264.979102710261941 ], [ 845911.845177976414561, 9541341.626827595755458 ], [ 845982.303830511285923, 9541395.260912900790572 ], [ 846016.338925269665197, 9541457.562201095744967 ], [ 845951.839001540909521, 9541505.970565184950829 ], [ 846030.733568959170952, 9541528.353990899398923 ], [ 846067.569644126226194, 9541596.290043260902166 ], [ 846017.219816705677658, 9541681.616767199710011 ], [ 846079.264542196877301, 9541715.468674458563328 ], [ 846104.907948519918136, 9541791.972740044817328 ], [ 846146.710610796348192, 9541709.557777896523476 ], [ 846211.466460907482542, 9541697.900961730629206 ], [ 846199.928418799303472, 9541646.913277497515082 ], [ 846247.410061839385889, 9541538.903914149850607 ], [ 846570.902235019369982, 9541548.922063672915101 ], [ 846638.572090497473255, 9541599.799504434689879 ], [ 846714.442644514143467, 9541559.758907539770007 ], [ 846759.570355443051085, 9541587.920648081228137 ], [ 846858.139447902562097, 9541610.226033374667168 ], [ 846908.903353664674796, 9541658.291804134845734 ], [ 846906.482273873640224, 9541749.076536163687706 ], [ 846889.878188441274688, 9541822.979813301935792 ], [ 846842.239692501723766, 9541862.909260978922248 ], [ 846665.266014157095924, 9541942.978852247819304 ], [ 846668.446524314582348, 9542016.804046234115958 ], [ 846814.487206034362316, 9541956.671906754374504 ], [ 846882.145707853371277, 9542004.560606950893998 ], [ 846890.906173408497125, 9542084.009735679253936 ], [ 846848.992777372011915, 9542166.536572031676769 ], [ 846938.891394636128098, 9542132.086643014103174 ], [ 846987.032712868531235, 9542191.565205007791519 ], [ 847138.642454511485994, 9542134.178200343623757 ], [ 847282.553141173557378, 9542238.556459045037627 ], [ 847314.090154280420393, 9542371.82789034768939 ], [ 847384.360693377442658, 9542377.196836618706584 ], [ 847409.994369286578149, 9542450.934008818119764 ], [ 847499.91626412444748, 9542422.239979134872556 ], [ 847626.932804364012554, 9542526.684918206185102 ], [ 847657.464084395440295, 9542432.910554632544518 ], [ 847707.925791159505025, 9542375.921355463564396 ], [ 847772.751174519769847, 9542409.761969584971666 ], [ 847821.934464872814715, 9542366.83687443099916 ], [ 847855.422650447464548, 9542290.098731243982911 ], [ 847934.152465092018247, 9542298.312097802758217 ], [ 847987.829798569669947, 9542352.012317456305027 ], [ 848002.159017337253317, 9542405.867864416912198 ], [ 847954.788676323019899, 9542513.87898581661284 ], [ 848106.859441088628955, 9542572.947563270106912 ], [ 848104.349274603417143, 9542641.039551559835672 ], [ 848160.738402061862871, 9542677.680996472015977 ], [ 848247.915733491070569, 9542657.521139780059457 ], [ 848324.035141133936122, 9542708.254609365016222 ], [ 848330.017750827013515, 9542787.715589459985495 ], [ 848436.870284194359556, 9542795.817870739847422 ], [ 848493.348621524404734, 9542826.81308170594275 ], [ 848524.551508642849512, 9542903.185613218694925 ], [ 848488.239639935665764, 9542968.643711101263762 ], [ 848586.733236679807305, 9542971.022428769618273 ], [ 848626.272460191510618, 9543019.132830496877432 ], [ 848606.990161920897663, 9543118.509594164788723 ], [ 848674.471591516863555, 9543092.781468885019422 ], [ 848744.833201706642285, 9543120.843628322705626 ], [ 848776.18153289728798, 9543205.850586796179414 ], [ 848826.655975971953012, 9543180.078814066946507 ], [ 848914.024913661880419, 9543208.184464646503329 ], [ 848920.097400990431197, 9543310.339655501767993 ], [ 848984.688642687397078, 9543284.512049857527018 ], [ 849052.361425126320682, 9543335.278987316414714 ], [ 849080.764037711312994, 9543406.127707865089178 ], [ 849148.481210150290281, 9543439.956865824759007 ], [ 849232.859151916578412, 9543442.39105031080544 ], [ 849337.035539857344702, 9543476.076053829863667 ], [ 849393.728843574528582, 9543589.323322575539351 ], [ 849464.192475250223652, 9543642.95757251791656 ], [ 849554.228864286327735, 9543642.601642737165093 ], [ 849633.128731551812962, 9543665.094688156619668 ], [ 849639.089225797448307, 9543738.799991300329566 ], [ 849720.711675219470635, 9543747.001449147239327 ], [ 849746.292208742583171, 9543834.910054402425885 ], [ 849718.483421359211206, 9543914.394840387627482 ], [ 849730.169283421011642, 9544002.358398383483291 ], [ 849814.436147116823122, 9543976.452625414356589 ], [ 849904.574277691892348, 9544001.668882941827178 ], [ 849966.500053553376347, 9544004.302287057042122 ], [ 850050.868194455048069, 9544003.968554554507136 ], [ 850101.646561338100582, 9544054.802404833957553 ], [ 850132.91781026031822, 9544119.994323950260878 ], [ 850124.817548602819443, 9544207.925716798752546 ], [ 850211.684179905569181, 9544136.620480889454484 ], [ 850355.548119876068085, 9544226.939673146232963 ], [ 850386.830539457499981, 9544294.899264873936772 ], [ 850437.620675392332487, 9544348.611474227160215 ], [ 850527.703678349615075, 9544359.657524079084396 ], [ 850612.10588030226063, 9544367.736958948895335 ], [ 850696.597396878059953, 9544370.280721245333552 ], [ 850772.731939887395129, 9544423.892555108293891 ], [ 850756.139259861549363, 9544500.566178699955344 ], [ 850812.531372336903587, 9544537.207666505128145 ], [ 850950.985084721818566, 9544664.413131838664412 ], [ 850993.395298418821767, 9544735.207246253266931 ], [ 850962.830236655194312, 9544820.460635298863053 ], [ 850988.309476303402334, 9544854.456978479400277 ], [ 851089.766063776565716, 9544902.212063599377871 ], [ 851166.047741772141308, 9544992.799128912389278 ], [ 851183.325782502652146, 9545089.155164683237672 ], [ 851163.96523090521805, 9545168.718328200280666 ], [ 851082.587504523107782, 9545222.953938892111182 ], [ 851214.790013150777668, 9545230.955019051209092 ], [ 851226.453884516144171, 9545313.163032721728086 ], [ 851288.056703840848058, 9545261.883926341310143 ], [ 851361.312086826306768, 9545289.93451114743948 ], [ 851364.550704027758911, 9545377.93266448751092 ], [ 851446.288148183841258, 9545414.474032759666443 ], [ 851480.666124885668978, 9545590.249324236065149 ], [ 851458.605175769655034, 9545689.750378917902708 ], [ 851551.322990269167349, 9545663.810378674417734 ], [ 851585.21703784679994, 9545689.249248592182994 ], [ 851622.10311138140969, 9545768.479327900335193 ], [ 851709.320666704443283, 9545785.182756302878261 ], [ 851760.29099855106324, 9545855.943482661619782 ], [ 851766.263494208920747, 9545932.528391079977155 ], [ 851735.39546909625642, 9545969.515669612213969 ], [ 851645.568328016786836, 9546023.784921683371067 ], [ 851685.300336523214355, 9546091.82256180793047 ], [ 851794.60067832050845, 9545986.330046886578202 ], [ 851881.784828655538149, 9545994.509258799254894 ], [ 851913.068399776704609, 9546062.469667553901672 ], [ 851907.736179877072573, 9546147.623796487227082 ], [ 851955.771840797038749, 9546207.104273384436965 ], [ 852028.65759140625596, 9546141.499048370867968 ], [ 852107.583436690503731, 9546169.527307173237205 ], [ 852116.380255763884634, 9546257.504003841429949 ], [ 852175.709512114757672, 9546305.537043353542686 ], [ 852192.708459137706086, 9546359.383745888248086 ], [ 852176.293785211397335, 9546453.106344506144524 ], [ 852134.31025717058219, 9546518.478570139035583 ], [ 852213.349063072120771, 9546574.958121752366424 ], [ 852210.683608627179638, 9546631.761062348261476 ], [ 852191.310998423956335, 9546708.446551762521267 ], [ 852236.46628983982373, 9546742.254754643887281 ], [ 852287.201550002093427, 9546753.456758165732026 ], [ 852399.439599986420944, 9546687.695638939738274 ], [ 852461.480826178332791, 9546718.66926547139883 ], [ 852492.777694644173607, 9546817.959940452128649 ], [ 852557.530629285261966, 9546831.874021869152784 ], [ 852639.000636475277133, 9546800.332069389522076 ], [ 852703.86593149555847, 9546842.586570771411061 ], [ 852766.300848077982664, 9546972.862721497192979 ], [ 852828.376287390943617, 9547012.360649835318327 ], [ 852856.635715385898948, 9547046.346472512930632 ], [ 852887.964761311886832, 9547125.599330196157098 ], [ 852902.365108399069868, 9547224.957241164520383 ], [ 852984.071621772600338, 9547252.974672073498368 ], [ 853094.093953164992854, 9547329.1482560839504 ], [ 853163.021468183025718, 9547386.442993702366948 ], [ 853160.850583075894974, 9547483.874029295518994 ], [ 853142.894690276356414, 9547581.478269755840302 ], [ 853093.565587035380304, 9547644.887415394186974 ], [ 853015.163524076342583, 9547637.337526401504874 ], [ 852870.948379933717661, 9547516.683972872793674 ], [ 852879.174823774490505, 9547601.010180726647377 ], [ 852934.218421809375286, 9547661.349161433055997 ], [ 852937.199083574814722, 9547740.382229154929519 ], [ 852770.154022019472905, 9547778.019000295549631 ], [ 852835.720069148694165, 9547856.804535226896405 ], [ 852995.046471470268443, 9547835.02939198538661 ], [ 853068.411830069497228, 9547890.092754136770964 ], [ 853100.11461092159152, 9547979.529487302526832 ], [ 853043.236401021713391, 9548129.984103053808212 ], [ 853134.572532446589321, 9548119.105752520263195 ], [ 853205.099799532443285, 9548102.995654908940196 ], [ 853273.199135927949101, 9548147.562744999304414 ], [ 853221.253572874469683, 9548224.156302919611335 ], [ 853265.991189217893407, 9548292.617944618687034 ], [ 853417.551459672627971, 9548302.535651244223118 ], [ 853402.252405669074506, 9548397.472524251788855 ], [ 853352.842381674330682, 9548468.742140334099531 ], [ 853410.481912193470635, 9548510.693773170933127 ], [ 853478.091636006021872, 9548431.381168784573674 ], [ 853527.939149306854233, 9548470.706591676920652 ], [ 853562.146971861482598, 9548546.959549797698855 ], [ 853557.203729165252298, 9548618.164133252575994 ], [ 853487.099522588541731, 9548713.317785764113069 ], [ 853555.105280258110724, 9548734.08335392922163 ], [ 853646.546643205685541, 9548749.552948234602809 ], [ 853683.443533137207851, 9548831.109358178451657 ], [ 853689.001943136099726, 9548915.446709033101797 ], [ 853535.205912086879835, 9548987.128984548151493 ], [ 853543.331400993745774, 9549074.113079750910401 ], [ 853520.051910204696469, 9549118.930929528549314 ], [ 853476.032918746466748, 9549232.469358779489994 ], [ 853528.458422293653712, 9549277.09890996105969 ], [ 853630.616780179552734, 9549331.938577421009541 ], [ 853622.973998809815384, 9549395.293572172522545 ], [ 853563.203781681018881, 9549461.400636617094278 ], [ 853625.985168462037109, 9549482.187231825664639 ], [ 853660.199950400972739, 9549532.092033408582211 ], [ 853801.604653108865023, 9549615.893022974953055 ], [ 853841.099854696774855, 9549707.956734672188759 ], [ 853841.380917630856857, 9549779.140810418874025 ], [ 853781.651775378617458, 9549855.765021916478872 ], [ 853912.232648090459406, 9549844.73229961656034 ], [ 853930.828296133549884, 9549936.878633946180344 ], [ 854001.680180583964102, 9550002.470199460163713 ], [ 853975.784612572751939, 9550060.583437610417604 ], [ 853884.563031041994691, 9550129.360959887504578 ], [ 853999.653814416960813, 9550136.877776896581054 ], [ 854080.615535905119032, 9550144.418486135080457 ], [ 854054.886349020292982, 9550244.710883593186736 ], [ 853989.796766431303695, 9550287.147489879280329 ], [ 854005.720937123987824, 9550350.298961540684104 ], [ 854065.866523813805543, 9550379.067198649048805 ], [ 854134.061109677422792, 9550447.326484879478812 ], [ 854147.906620352994651, 9550631.711693219840527 ], [ 854111.633156485157087, 9550708.243368787690997 ], [ 854007.726114232791588, 9550858.883817357942462 ], [ 854075.754476451082155, 9550884.964259458705783 ], [ 854161.900395165546797, 9550881.967724051326513 ], [ 854232.711327683995478, 9550937.042692117393017 ], [ 854225.140328683890402, 9551018.77522542886436 ], [ 854300.854287711437792, 9550992.128191137686372 ], [ 854358.598871069960296, 9551060.318290423601866 ], [ 854371.938329578610137, 9551144.625489110127091 ], [ 854458.414130483288318, 9551196.981794914230704 ], [ 854456.099536486435682, 9551286.664777185767889 ], [ 854419.815058524836786, 9551360.53960326127708 ], [ 854333.637079898966476, 9551355.56515353359282 ], [ 854352.352387448539957, 9551429.850460678339005 ], [ 854354.869437484070659, 9551439.841274503618479 ], [ 854488.394585187430494, 9551526.33207032084465 ], [ 854632.473975924775004, 9551639.129933059215546 ], [ 854695.434011315694079, 9551704.753486137837172 ], [ 854742.770901518524624, 9551783.612971318885684 ], [ 854876.480721620144323, 9551888.480829983949661 ], [ 854926.485933537478559, 9551967.329903963953257 ], [ 854945.091960754944012, 9552062.134123599156737 ], [ 855020.828253940329887, 9552040.800964763388038 ], [ 855187.687688367674127, 9551953.125776151195168 ], [ 855399.778304934268817, 9552086.690236430615187 ], [ 855456.983974760165438, 9552017.935408091172576 ], [ 855532.231375112663954, 9551872.719697214663029 ], [ 855605.382666730321944, 9551872.43083655461669 ], [ 855699.475941634969786, 9551882.576610419899225 ], [ 855748.889159577665851, 9551811.305771175771952 ], [ 855829.84316980605945, 9551816.189217403531075 ], [ 855897.946731959236786, 9551860.757525019347668 ], [ 855916.561049089883454, 9551929.21336124651134 ], [ 855888.006649978808127, 9551989.884493518620729 ], [ 855809.931713341269642, 9552066.582696845754981 ], [ 855713.343703388585709, 9552072.278209382668138 ], [ 855745.006493480876088, 9552151.199904790148139 ], [ 855969.426462253788486, 9552084.441145187243819 ], [ 856003.615465046605095, 9552155.492545215412974 ], [ 855949.108962414553389, 9552232.097720429301262 ], [ 856151.276666237972677, 9552301.489162098616362 ], [ 856159.437749882112257, 9552341.091129440814257 ], [ 856155.558056385489181, 9552343.984921334311366 ], [ 856178.93354960239958, 9552435.671246038749814 ], [ 856326.117925145663321, 9552545.246368989348412 ], [ 856337.949362918152474, 9552641.517552305012941 ], [ 856466.874155724653974, 9552744.190224526450038 ], [ 856600.366631587967277, 9552849.169816700741649 ], [ 856774.570468672551215, 9552818.700091600418091 ], [ 856802.628886810736731, 9552969.930698154494166 ], [ 856855.799691373249516, 9553061.499734938144684 ], [ 856954.702046550344676, 9553134.510065998882055 ], [ 857062.578270057216287, 9553143.272579869255424 ], [ 857120.15308394562453, 9553195.743350986391306 ], [ 857081.447872165939771, 9553276.161853112280369 ], [ 857111.542230474995449, 9553351.769210325554013 ], [ 857226.357275050599128, 9553372.018278336152434 ], [ 857244.873287226539105, 9553415.454542931169271 ], [ 857187.805948891211301, 9553491.40652827732265 ], [ 857128.433177291648462, 9553546.664548125118017 ], [ 857282.386694764951244, 9553624.107483636587858 ], [ 857273.430776791879907, 9553692.894507149234414 ], [ 857319.781361859641038, 9553802.75827139057219 ], [ 857329.888012540992349, 9554025.247859679162502 ], [ 857302.615235960576683, 9554101.082003939896822 ], [ 857467.651509473100305, 9554056.809986060485244 ], [ 857504.584324563620612, 9554118.551734121516347 ], [ 857511.921138290781528, 9554230.894797941669822 ], [ 857672.750816546846181, 9554303.661222338676453 ], [ 857823.848310959758237, 9554220.58398188278079 ], [ 857943.404242335120216, 9554286.538387710228562 ], [ 858044.952293264912441, 9554437.590718986466527 ], [ 858084.628233424387872, 9554602.5053426399827 ], [ 858197.509793461766094, 9554723.620937561616302 ], [ 858218.642262904206291, 9554838.23509680852294 ], [ 858188.971046776161529, 9554898.026126163080335 ], [ 858106.594279855955392, 9554928.133063660934567 ], [ 858091.397524934029207, 9555162.238088689744473 ], [ 858251.95117413927801, 9555136.361810414120555 ], [ 858325.4831611859845, 9555175.042044382542372 ], [ 858405.673032779479399, 9555154.132789082825184 ], [ 858497.549750837380998, 9555192.740472950041294 ], [ 858479.812297743745148, 9555346.479234432801604 ], [ 858567.257716314867139, 9555417.21112222969532 ], [ 858657.047252346063033, 9555490.258735915645957 ], [ 858547.812657753471285, 9555701.707983279600739 ], [ 858681.021760699339211, 9555733.288637431338429 ], [ 858750.494473139406182, 9555898.197396945208311 ], [ 858752.998678842792287, 9555969.26496665738523 ], [ 858654.481370883295313, 9555994.896255049854517 ], [ 858487.206872467184439, 9556036.851890221238136 ], [ 858186.811244692769833, 9556097.709926599636674 ], [ 857959.863111665239558, 9556119.196251759305596 ], [ 857911.755813009105623, 9556156.141951417550445 ], [ 857907.693774563027546, 9556282.258577384054661 ], [ 857940.168096129200421, 9556369.371617678552866 ], [ 857862.345343912253156, 9556427.026461599394679 ], [ 857800.282663615420461, 9556392.839270306751132 ], [ 857709.154281019000337, 9556544.540290409699082 ], [ 857548.427054514177144, 9556526.793880945071578 ], [ 857672.798611273756251, 9556629.598891170695424 ], [ 857617.878618038492277, 9556687.163211077451706 ], [ 857526.082885032868944, 9556669.145724909380078 ], [ 857531.271695279865526, 9556829.656761091202497 ], [ 857432.853064183029346, 9556880.527465797960758 ], [ 857548.453501773066819, 9557014.809357384219766 ], [ 857507.608311865362339, 9557145.941122859716415 ], [ 857459.4371732249856, 9557166.833107966929674 ], [ 857377.545883285696618, 9557349.717004591599107 ], [ 857250.467221427010372, 9557463.915313987061381 ], [ 857185.656883418327197, 9557636.546168411150575 ], [ 857123.847251748666167, 9557695.354229679331183 ], [ 857117.560617223847657, 9557850.374078748747706 ], [ 857107.894681056728587, 9558022.678017638623714 ], [ 857128.817309753969312, 9558084.704990424215794 ], [ 857075.809441675664857, 9558119.896910084411502 ], [ 856714.118971911491826, 9558145.113175021484494 ], [ 857075.920623002108186, 9558119.896475359797478 ], [ 856987.980627329321578, 9558178.25271537899971 ], [ 857108.985962862730958, 9558301.775845540687442 ], [ 857150.938337333267555, 9558453.285788686946034 ], [ 857236.875327035435475, 9558394.383802553638816 ], [ 857420.045534260571003, 9558521.096088346093893 ], [ 857555.243367336690426, 9558748.079037606716156 ], [ 857676.078266418655403, 9558799.198044557124376 ], [ 857755.944741764687933, 9558950.560418497771025 ], [ 857880.533852220978588, 9559108.612191941589117 ], [ 857963.846919245552272, 9559259.850685091689229 ], [ 858078.153580549405888, 9559404.104025937616825 ], [ 858219.85592703637667, 9559531.090056713670492 ], [ 858313.846918372670189, 9559768.531905490905046 ], [ 858314.223806852474809, 9559864.960590505972505 ], [ 858449.184923328459263, 9560002.269667999818921 ], [ 858449.898710782174021, 9560184.941898049786687 ], [ 858502.097650639945641, 9560312.167678896337748 ], [ 858457.572708718595095, 9560384.747322373092175 ], [ 858409.466068267123774, 9560422.798697657883167 ], [ 858326.623137598275207, 9560392.122727155685425 ], [ 858409.910338448593393, 9560536.608984405174851 ], [ 858547.991795062320307, 9560618.661248385906219 ], [ 858569.331804546760395, 9560787.524806313216686 ], [ 858617.855308246333152, 9560856.198463154956698 ], [ 858656.818602158222347, 9561124.855894353240728 ], [ 858639.947373903938569, 9561217.920023698359728 ], [ 858671.236977193853818, 9561286.661066288128495 ], [ 858701.935551283182576, 9561203.839234542101622 ], [ 858794.85110668593552, 9561165.613131400197744 ], [ 858860.582022327929735, 9561227.355651721358299 ], [ 858816.41889860923402, 9561392.932374769821763 ], [ 858886.040060840779915, 9561568.361611241474748 ], [ 858889.876623447984457, 9561668.32006199657917 ], [ 858779.726309121120721, 9561706.613031564280391 ], [ 858742.321649853838608, 9561837.731517387554049 ], [ 858846.7058047556784, 9562088.863608138635755 ], [ 858837.009267228655517, 9562254.305776834487915 ], [ 858733.818938265088946, 9562309.842130271717906 ], [ 858968.25313970411662, 9562350.225487133488059 ], [ 859085.472415028372779, 9562356.633267156779766 ], [ 859137.470392253249884, 9562432.268994422629476 ], [ 859096.470737242023461, 9562525.538026053458452 ], [ 859114.107052906882018, 9562628.764336930587888 ], [ 859042.018248438602313, 9562704.883046094328165 ], [ 859162.63103266491089, 9562697.438805039972067 ], [ 859183.687887794454582, 9562793.898396924138069 ], [ 859142.660666894400492, 9562880.192551264539361 ], [ 859143.009052542271093, 9562969.757801346480846 ], [ 859098.374159129452892, 9563014.77003138512373 ], [ 859202.249085000366904, 9563134.932290783151984 ], [ 859237.026073649292812, 9563214.067435838282108 ], [ 859141.089231232646853, 9563362.574033295735717 ], [ 859261.716786470264196, 9563358.673119870945811 ], [ 859306.887795204529539, 9563451.49634725600481 ], [ 859296.882299342658371, 9563537.780565502122045 ], [ 859207.436892134021036, 9563582.856065955013037 ], [ 859124.6982055765111, 9563579.745338961482048 ], [ 858983.803890267037787, 9563690.562133831903338 ], [ 859136.296529484796338, 9563903.645680325105786 ], [ 859171.072754467139021, 9563982.670317055657506 ], [ 859323.00442363624461, 9564051.054733553901315 ], [ 859444.150706249056384, 9564209.125428702682257 ], [ 859434.144227757351473, 9564295.298974204808474 ], [ 859551.393448029994033, 9564308.68303507193923 ], [ 859613.718840572284535, 9564380.736776281148195 ], [ 859569.2833797626663, 9564477.451094884425402 ], [ 859524.673818123992532, 9564529.327194951474667 ], [ 859549.136520834988914, 9564615.367075126618147 ], [ 859721.359146898146719, 9564611.266747877001762 ], [ 859828.869803862064146, 9564779.687331143766642 ], [ 859929.460136416601017, 9564941.270724734291434 ], [ 860008.980937600135803, 9565002.961715091019869 ], [ 859985.60076799383387, 9565196.026089679449797 ], [ 859920.335355231887661, 9565254.84661203250289 ], [ 860010.237103922991082, 9565326.793927868828177 ], [ 859996.729909194633365, 9565399.252941658720374 ], [ 859934.844721652101725, 9565440.899670537561178 ], [ 859959.400956906378269, 9565551.075113121420145 ], [ 859897.608684501610696, 9565616.74616782926023 ], [ 860011.492765152361244, 9565650.736837089061737 ], [ 860063.544727715896443, 9565740.102414710447192 ], [ 860122.059538850793615, 9565746.850639412179589 ], [ 860294.249122090055607, 9565704.776272661983967 ], [ 860370.430536000290886, 9565794.048388674855232 ], [ 860356.949814518447965, 9565873.371779810637236 ], [ 860422.589852226665244, 9565910.981467584148049 ], [ 860474.615727332769893, 9565993.483095498755574 ], [ 860525.99605940724723, 9565938.148314630612731 ], [ 860646.521547873038799, 9565906.68091581389308 ], [ 860725.722744651371613, 9565885.670079942792654 ], [ 860843.229268408380449, 9565964.485511580482125 ], [ 860971.21992790303193, 9566108.69251330755651 ], [ 861009.271432297537103, 9566143.087753577157855 ], [ 860999.424783065565862, 9566270.558342164382339 ], [ 861041.377782493829727, 9566422.074462257325649 ], [ 861072.481145712547004, 9566442.546717761084437 ], [ 861155.067331206751987, 9566634.648357298225164 ], [ 861132.026154885999858, 9566772.023821979761124 ], [ 861077.323743216926232, 9566831.136010400950909 ], [ 861171.764965775539167, 9566897.420159842818975 ], [ 861156.436021435773, 9566987.711990715935826 ], [ 861101.778833932476118, 9567058.559665895998478 ], [ 861180.587410387466662, 9567136.751023957505822 ], [ 861255.656071216566488, 9567254.149921856820583 ], [ 861240.139758320292458, 9567324.84600199200213 ], [ 861248.247379184002057, 9567379.729093810543418 ], [ 861373.793252224568278, 9567351.785556316375732 ], [ 861409.376734817982651, 9567437.894572645425797 ], [ 861331.418822018313222, 9567579.468585155904293 ], [ 861316.058916807291098, 9567661.899834113195539 ], [ 861343.767563509754837, 9567724.567863028496504 ], [ 861508.976931391167454, 9567802.425186295062304 ], [ 861607.250696293544024, 9567853.084305016323924 ], [ 861607.675904169213027, 9567962.911982333287597 ], [ 861584.496654230169952, 9568064.970240313559771 ], [ 861655.598094383487478, 9568162.788621548563242 ], [ 861616.906755243660882, 9568308.08576488122344 ], [ 861625.327749794581905, 9568472.797183217480779 ], [ 861653.299616864416748, 9568574.768316898494959 ], [ 861794.415525198448449, 9568546.765271311625838 ], [ 861869.272608293220401, 9568609.251272883266211 ], [ 861857.864920844789594, 9568707.389129402115941 ], [ 861811.019694715505466, 9568785.956649897620082 ], [ 861968.396925155306235, 9568879.566903753206134 ], [ 862019.862008732743561, 9568989.197591904550791 ], [ 862114.492982989177108, 9569075.189779013395309 ], [ 862126.442028912948444, 9569145.780083743855357 ], [ 862099.218385013518855, 9569208.661013901233673 ], [ 862088.128572554793209, 9569389.170115979388356 ], [ 862029.485619742423296, 9569436.450713224709034 ], [ 861970.50440164306201, 9569424.94267207942903 ], [ 861884.031312614679337, 9569378.111867511644959 ], [ 861876.439203817630187, 9569456.638309201225638 ], [ 861869.47307618544437, 9569668.574207784608006 ], [ 861807.462000801693648, 9569880.611621828749776 ], [ 861741.241252662381157, 9570010.40363640896976 ], [ 861843.323110621888191, 9570010.010145230218768 ], [ 861929.3118829599116, 9569931.181448273360729 ], [ 861999.990039201220497, 9569919.172997731715441 ], [ 862188.484568657586351, 9569949.778160000219941 ], [ 862294.564790278207511, 9569976.826178452000022 ], [ 862283.126214334624819, 9570067.214311489835382 ], [ 862209.025170783745125, 9570200.912541219964623 ], [ 862166.620352585450746, 9570393.278271496295929 ], [ 862390.523761141579598, 9570435.593957444652915 ], [ 862516.120729691581801, 9570419.387766815721989 ], [ 862586.900332448771223, 9570462.293845318257809 ], [ 862661.168318979209289, 9570371.773652877658606 ], [ 862723.951910841045901, 9570359.795341508463025 ], [ 862794.822358500678092, 9570426.172781955450773 ], [ 862780.127181152347475, 9570681.208796823397279 ], [ 862823.576524941832758, 9570759.538881227374077 ], [ 862949.356449955841526, 9570790.496858451515436 ], [ 863067.331831608666107, 9570844.956751981750131 ], [ 863071.526520307874307, 9570923.327783947810531 ], [ 863153.761415760265663, 9570879.94159952364862 ], [ 863235.647286749561317, 9570746.211891015991569 ], [ 863302.126275710063055, 9570683.178690634667873 ], [ 863392.422810781048611, 9570682.829683717340231 ], [ 863498.869003245024942, 9570803.985248994082212 ], [ 863538.791236669989303, 9570976.549261631444097 ], [ 863582.428362713428214, 9571074.475814299657941 ], [ 863652.981735922396183, 9571058.481350369751453 ], [ 863629.103224638849497, 9570980.075301678851247 ], [ 863668.054497713688761, 9570901.426365733146667 ], [ 863777.913335638819262, 9570869.668579569086432 ], [ 863884.102572339121252, 9570924.173527194187045 ], [ 863959.398275637067854, 9571127.934199532493949 ], [ 864034.137231184635311, 9571158.978127738460898 ], [ 864167.248196160187945, 9571072.214205052703619 ], [ 864257.499946219613776, 9571060.018076751381159 ], [ 864320.522930296720006, 9571138.272895209491253 ], [ 864266.225662168813869, 9571303.230882225558162 ], [ 864442.970348691218533, 9571341.851657735183835 ], [ 864494.256237441324629, 9571404.430138006806374 ], [ 864506.316905405838042, 9571474.910718854516745 ], [ 864588.978061985806562, 9571541.353671060875058 ], [ 864620.676603250205517, 9571600.022209076210856 ], [ 864628.764743820764124, 9571678.489938385784626 ], [ 864773.816516875289381, 9571630.873325031250715 ], [ 864895.707601261674426, 9571661.73458251170814 ], [ 864947.14619750843849, 9571763.617614777758718 ], [ 864923.919985779095441, 9571853.942925544455647 ], [ 864837.877464989433065, 9571948.386415086686611 ], [ 865006.687722331145778, 9571947.733057785779238 ], [ 865101.107129817362875, 9572006.269690146669745 ], [ 865109.352085713297129, 9572096.473288638517261 ], [ 865152.727637505391613, 9572155.096880802884698 ], [ 865266.967615750385448, 9572248.876113008707762 ], [ 865322.267932092421688, 9572342.772855987772346 ], [ 865416.353616932407022, 9572314.950356522575021 ], [ 865475.642578868195415, 9572404.956569714471698 ], [ 865475.885636573424563, 9572467.733181720599532 ], [ 865452.52236100519076, 9572522.740136554464698 ], [ 865492.082261827657931, 9572601.086631700396538 ], [ 865511.229527790565044, 9572491.179450381547213 ], [ 865554.170042814686894, 9572408.638352321460843 ], [ 865604.859628718812019, 9572345.664397019892931 ], [ 865699.132623385172337, 9572337.43808844126761 ], [ 865777.827122381189838, 9572384.188725769519806 ], [ 865903.897123721428216, 9572517.116721602156758 ], [ 866069.274034601636231, 9572634.170348348096013 ], [ 866179.299657560419291, 9572673.049215238541365 ], [ 866266.179542516591027, 9572794.282430220395327 ], [ 866329.205258165951818, 9572872.538288174197078 ], [ 866419.673795357230119, 9572915.368206202983856 ], [ 866498.764778156415559, 9573064.090360777452588 ], [ 866522.919129642425105, 9573213.136316554620862 ], [ 866461.013080320786685, 9573452.641623156145215 ], [ 866426.170101264026016, 9573558.735330037772655 ], [ 866543.92560800164938, 9573554.404158705845475 ], [ 866642.437619540374726, 9573663.856752637773752 ], [ 866642.772053425665945, 9573750.217002011835575 ], [ 866724.859297537710518, 9573667.523423306643963 ], [ 866838.844325037905946, 9573694.540394319221377 ], [ 866937.341502274852246, 9573800.007228657603264 ], [ 867055.067372984369285, 9573787.814634555950761 ], [ 867141.918815686600283, 9573901.298546144738793 ], [ 867213.267303843749687, 9574089.357535487040877 ], [ 867284.286001834319904, 9574163.597246810793877 ], [ 867421.631291114958003, 9574163.064914975315332 ], [ 867519.997926633805037, 9574205.864649413153529 ], [ 867571.256718875607476, 9574260.583435900509357 ], [ 867548.242634659167379, 9574405.827668370679021 ], [ 867592.001049943384714, 9574562.660252148285508 ], [ 867698.127312404802069, 9574570.110170666128397 ], [ 867804.552784894476645, 9574683.408175619319081 ], [ 867820.887551810941659, 9574852.083804408088326 ], [ 867891.705008159391582, 9574902.851850278675556 ], [ 867927.389670783188194, 9574985.09014125354588 ], [ 867900.558373095002025, 9575149.94718275219202 ], [ 867818.570651799906045, 9575287.669508647173643 ], [ 867783.619626965140924, 9575366.195274237543344 ], [ 867823.485134251764975, 9575523.043493591248989 ], [ 867737.588704190449789, 9575656.794520875439048 ], [ 867557.024453448364511, 9575669.228863591328263 ], [ 867639.817337521468289, 9575739.548816775903106 ], [ 867796.986606514081359, 9575774.261319929733872 ], [ 867922.955971299437806, 9575879.734416583552957 ], [ 868005.36509390338324, 9575879.415772899985313 ], [ 868048.900301344459876, 9575949.887593414634466 ], [ 868190.298224591650069, 9575961.077195148915052 ], [ 868280.720046565169469, 9576019.520508015528321 ], [ 868293.070616593468003, 9576164.739377565681934 ], [ 868269.948326450772583, 9576282.525759052485228 ], [ 868168.298307796008885, 9576369.17066671513021 ], [ 868344.952352668857202, 9576380.335072914138436 ], [ 868412.090652546379715, 9576486.036104395985603 ], [ 868435.865028606494889, 9576536.876161770895123 ], [ 868373.195656372932717, 9576580.299816079437733 ], [ 868216.206053436617367, 9576592.642842818051577 ], [ 868263.618906853487715, 9576659.224745387211442 ], [ 868342.030358488671482, 9576631.46289149671793 ], [ 868498.76210063835606, 9576552.355495581403375 ], [ 868561.932336557190865, 9576638.474252270534635 ], [ 868472.535415400983766, 9576874.214137881994247 ], [ 868476.791445137467235, 9576968.311138989403844 ], [ 868551.901785507099703, 9577093.579518396407366 ], [ 868516.899072639178485, 9577187.938872989267111 ], [ 868764.181839557830244, 9577171.261415427550673 ], [ 868886.139826677041128, 9577245.306169845163822 ], [ 868941.62636435450986, 9577386.373239213600755 ], [ 868926.460186381591484, 9577519.852001337334514 ], [ 869012.981328769819811, 9577546.976958258077502 ], [ 869185.397169517586008, 9577467.808697406202555 ], [ 869205.502260890323669, 9577605.137513775378466 ], [ 869182.318263389519416, 9577707.202411942183971 ], [ 869041.482142132939771, 9577813.707492912188172 ], [ 869190.850918363896199, 9577871.924379725009203 ], [ 869277.508969910442829, 9577934.369384286925197 ], [ 869269.946003135060892, 9578020.762116767466068 ], [ 869340.811351897777058, 9578083.268185459077358 ], [ 869376.435820895596407, 9578149.785630336031318 ], [ 869313.991957906866446, 9578252.112834248691797 ], [ 869239.688108814647421, 9578307.317869834601879 ], [ 869161.229208210716024, 9578323.343083089217544 ], [ 868960.669379256316461, 9578257.350923933088779 ], [ 869031.963145016692579, 9578402.232873229309916 ], [ 869020.522312843007967, 9578492.626293314620852 ], [ 869224.39443756500259, 9578436.811370380222797 ], [ 869354.220616953680292, 9578503.076320176944137 ], [ 869335.009218072984368, 9578597.264562869444489 ], [ 869233.364838934736326, 9578715.35438234359026 ], [ 869300.47373657906428, 9578813.19584690593183 ], [ 869500.8484751728829, 9578859.591316616162658 ], [ 869540.350628611631691, 9578922.218796959146857 ], [ 869525.016647730255499, 9579012.516915362328291 ], [ 869434.873540168395266, 9579056.046121306717396 ], [ 869293.54465898592025, 9579064.341111244633794 ], [ 869270.44038920244202, 9579158.654888447374105 ], [ 869302.000549888703972, 9579209.576429408043623 ], [ 869399.898842854774557, 9579158.15635802783072 ], [ 869486.270567217608914, 9579146.087050659582019 ], [ 869529.695176190230995, 9579216.450106278061867 ], [ 869506.711590806604363, 9579342.098161267116666 ], [ 869412.805822474416345, 9579448.421253321692348 ], [ 869440.639579730806872, 9579542.539052501320839 ], [ 869437.109054691158235, 9579636.66684808395803 ], [ 869311.814256424317136, 9579707.789780728518963 ], [ 869335.719193227705546, 9579821.520569054409862 ], [ 869426.451704673352651, 9579931.008475821465254 ], [ 869701.698208533925936, 9580039.786901142448187 ], [ 869760.962139109848067, 9580122.047488868236542 ], [ 869765.397763527929783, 9580263.202144900336862 ], [ 869698.892031722120009, 9580322.362404599785805 ], [ 869762.078426157124341, 9580412.358666146174073 ], [ 869880.072136016678996, 9580466.823668850585818 ], [ 869915.600677277427167, 9580537.328384000808001 ], [ 870068.812278912751935, 9580552.461973829194903 ], [ 870104.497347874217667, 9580634.702830974012613 ], [ 870065.794323201989755, 9580780.009773775935173 ], [ 870030.742540048784576, 9580862.522529376670718 ], [ 869971.991360924905166, 9580913.791612906381488 ], [ 870011.372856087982655, 9580944.974975936114788 ], [ 870089.533510647946969, 9580850.559947341680527 ], [ 870211.290713009890169, 9580842.230577573180199 ], [ 870329.632423826493323, 9580986.934008045122027 ], [ 870447.169245765544474, 9580951.161251436918974 ], [ 870596.489509790902957, 9580966.309627270326018 ], [ 870659.948895097943023, 9581126.947141697630286 ], [ 870637.426023151259869, 9581401.739459823817015 ], [ 870817.764539596624672, 9581326.418162930756807 ], [ 870935.770392613718286, 9581412.328979544341564 ], [ 870944.014312604442239, 9581502.537393907085061 ], [ 871116.955000410787761, 9581556.791336171329021 ], [ 871184.328390426118858, 9581693.830266861245036 ], [ 871510.494848857051693, 9581794.552441168576479 ], [ 871604.842999160988256, 9581802.050688313320279 ], [ 871679.604827923001722, 9581864.54379422031343 ], [ 871691.651215975172818, 9581931.15376153588295 ], [ 871860.610811810358427, 9581961.949054539203644 ], [ 871915.827766377013177, 9582032.378972597420216 ], [ 871900.477234282530844, 9582118.692897520959377 ], [ 872167.416705001844093, 9582117.664751250296831 ], [ 872288.845270668505691, 9582023.080187056213617 ], [ 872386.642956073861569, 9581944.198705524206161 ], [ 872543.586728608119301, 9581916.133292557671666 ], [ 872625.989578201435506, 9581911.939883286133409 ], [ 872794.995791972381994, 9581954.359832808375359 ], [ 872884.841247137868777, 9581832.435689127072692 ], [ 872994.701542313327082, 9581824.149673178792 ], [ 872982.638653763337061, 9581753.55299686640501 ], [ 872860.624929474201053, 9581667.768894394859672 ], [ 872864.138663186924532, 9581569.652042599394917 ], [ 872930.726768689230084, 9581502.626792823895812 ], [ 873063.832759089302272, 9581407.994722673669457 ], [ 873228.399829551810399, 9581309.254289299249649 ], [ 873283.345028318581171, 9581309.041556175798178 ], [ 873385.799214810016565, 9581398.886963922530413 ], [ 873476.990359304705635, 9581653.537336455658078 ], [ 873555.789228175650351, 9581723.875954400748014 ], [ 873669.80635429196991, 9581754.880958149209619 ], [ 873830.856915149372071, 9581781.717559134587646 ], [ 874067.103233680943958, 9581953.426034387201071 ], [ 874609.015990050043911, 9581955.2005395591259 ], [ 874879.534773358143866, 9581871.768910298123956 ], [ 874993.477302126353607, 9581883.063562322407961 ], [ 875060.412153360783122, 9581933.849282903596759 ], [ 875385.512145416461863, 9581756.084417739883065 ], [ 875527.096467996481806, 9581810.455081129446626 ], [ 875507.001180684310384, 9581677.105106052011251 ], [ 875545.913353747688234, 9581586.709693666547537 ], [ 875643.92445981153287, 9581562.74284516274929 ], [ 875765.806625214056112, 9581613.314232379198074 ], [ 875962.108753779903054, 9581608.563209025189281 ], [ 876165.696553623653017, 9581446.879738699644804 ], [ 876181.196163524407893, 9581399.759257696568966 ], [ 876145.626897498848848, 9581348.962474996224046 ], [ 875972.552936711115763, 9581263.26871039904654 ], [ 875940.865374203422107, 9581181.009754432365298 ], [ 875963.848597518634051, 9581027.892278889194131 ], [ 876037.911611818475649, 9580909.897951263934374 ], [ 876112.361082903807983, 9580862.436524845659733 ], [ 876041.405933151720092, 9580807.791861042380333 ], [ 876126.848405162570998, 9580556.323804849758744 ], [ 876256.060128060169518, 9580461.698564479127526 ], [ 876499.333246627589688, 9580437.161435591056943 ], [ 876676.120174659066834, 9580448.317535517737269 ], [ 876687.618075452977791, 9580373.640487110242248 ], [ 876750.262156518641859, 9580322.459313901141286 ], [ 876730.098157899454236, 9580200.845955554395914 ], [ 876776.828106290893629, 9580090.818577900528908 ], [ 876890.506046930793673, 9580062.91184270568192 ], [ 877032.122423151740804, 9580125.140584893524647 ], [ 877158.36349819903262, 9580265.826797669753432 ], [ 877303.535158079117537, 9580241.782439945265651 ], [ 877302.90376809053123, 9580080.893265917897224 ], [ 877314.124011324020103, 9579935.681306241080165 ], [ 877125.454590906854719, 9579901.098927035927773 ], [ 877093.795958342030644, 9579826.701586373150349 ], [ 877117.006207959027961, 9579732.378837704658508 ], [ 877187.435061058262363, 9579681.05548994615674 ], [ 877332.65185947320424, 9579668.747560432180762 ], [ 877322.908873522654176, 9579567.0243323687464 ], [ 877374.993979339953512, 9579489.751011192798615 ], [ 877492.041684061172418, 9579498.59216964431107 ], [ 877532.461276460206136, 9579566.20053013600409 ], [ 877572.927277988521382, 9579673.89334736764431 ], [ 877631.63899026112631, 9579726.038259973749518 ], [ 877745.368785342783667, 9579654.723096022382379 ], [ 877843.991746088257059, 9579645.144397348165512 ], [ 877908.772927302517928, 9579684.974204374477267 ], [ 877936.713277371833101, 9579718.748039025813341 ], [ 877940.128591409302317, 9579823.48644145950675 ], [ 877983.576156952185556, 9579897.284061739221215 ], [ 878042.363416349631734, 9579940.238039676100016 ], [ 878251.905403230106458, 9579936.202228574082255 ], [ 878255.175310933147557, 9580003.957130800932646 ], [ 878305.167497846065089, 9580157.898895746096969 ], [ 878281.177691599586979, 9580336.714213045313954 ], [ 878414.052020016708411, 9580437.954076413065195 ], [ 878352.903346852632239, 9580558.338515346869826 ], [ 878426.919757440104149, 9580570.449452182278037 ], [ 878433.376541861682199, 9580656.684153895825148 ], [ 878581.324337045196444, 9580659.202886264771223 ], [ 878711.268576710252091, 9580778.836073584854603 ], [ 878819.402156024938449, 9580867.771606232970953 ], [ 878890.730855863541365, 9580959.952475376427174 ], [ 878891.312635202659294, 9581107.888526543974876 ], [ 878931.852883349638432, 9581234.185435101389885 ], [ 878969.241638602106832, 9581351.082555014640093 ], [ 878911.448487346293405, 9581533.132128110155463 ], [ 878869.17430053348653, 9581758.306111063808203 ], [ 878876.187247543595731, 9581986.387019010260701 ], [ 878885.953824249096215, 9582094.201917657628655 ], [ 878729.0008685690118, 9582150.294232618063688 ], [ 878778.843899870524183, 9582294.825720017775893 ], [ 878782.284748140955344, 9582378.08280329965055 ], [ 878773.593318804516457, 9582544.547252902761102 ], [ 878798.974711985443719, 9582720.0690160933882 ], [ 878920.098189441137947, 9582944.602617943659425 ], [ 878898.736178807914257, 9583000.16310178861022 ], [ 878852.885355208185501, 9583108.195718988776207 ], [ 878810.100789763499051, 9583203.92495733872056 ], [ 878696.051057941745967, 9583195.180223664268851 ], [ 878674.65241290407721, 9583241.439142324030399 ], [ 878637.891897624125704, 9583284.768322069197893 ], [ 878567.193183133378625, 9583325.129591125994921 ], [ 878437.862615017220378, 9583362.619300937280059 ], [ 878419.566200247267261, 9583405.765410959720612 ], [ 878364.398248007288203, 9583492.351558668538928 ], [ 878250.456760127097368, 9583511.288497887551785 ], [ 878211.350783852860332, 9583751.8392219748348 ], [ 878183.965938721550629, 9583832.004880040884018 ], [ 878236.657245210139081, 9583908.868566803634167 ], [ 878271.000973211834207, 9584044.380826262757182 ], [ 878231.208962785312906, 9584109.203132446855307 ], [ 878280.605800585122779, 9584139.904733000323176 ], [ 878330.365493290126324, 9584235.161457225680351 ], [ 878293.900979729136452, 9584383.240933401510119 ], [ 878275.724225392797962, 9584457.280410200357437 ], [ 878232.937510398449376, 9584553.008310124278069 ], [ 878150.082266583456658, 9584642.691067758947611 ], [ 878085.895409563789144, 9584784.67693249322474 ], [ 877969.368339246604592, 9584911.474375212565064 ], [ 877991.690451544243842, 9585102.509744741022587 ], [ 877859.374387914082035, 9585173.891625925898552 ], [ 877872.128112189355306, 9585278.593737039715052 ], [ 877804.637778174830601, 9585343.633387990295887 ], [ 877780.218724292702973, 9585414.596004374325275 ], [ 877854.261448406265117, 9585432.800781110301614 ], [ 877879.203076876001433, 9585525.164471615105867 ], [ 877658.357208525994793, 9585772.618778511881828 ], [ 877640.214459724491462, 9585855.847962932661176 ], [ 877615.663600638974458, 9585892.92717888019979 ], [ 877523.39470474421978, 9585936.469557840377092 ], [ 877498.915376364486292, 9585992.040435926988721 ], [ 877545.928537955041975, 9586182.868953449651599 ], [ 877601.19247904769145, 9586148.771415600553155 ], [ 877690.685170851415023, 9586163.816516719758511 ], [ 877700.57399875135161, 9586333.307249892503023 ], [ 877654.669840132351965, 9586429.045646630227566 ], [ 877577.921467159292661, 9586487.919153997674584 ], [ 877581.579976632725447, 9586657.323093907907605 ], [ 877606.762743329629302, 9586783.569569015875459 ], [ 877573.157183034345508, 9586866.858265098184347 ], [ 877367.358087637694553, 9587037.181778764352202 ], [ 877299.639370458666235, 9587043.644095417112112 ], [ 877194.688601952511817, 9587000.864288920536637 ], [ 877117.638179819332436, 9587010.462952338159084 ], [ 877010.048439567908645, 9587090.935919342562556 ], [ 876955.080872296122834, 9587202.099455505609512 ], [ 876905.751992053817958, 9587217.791805855929852 ], [ 876825.567207535263151, 9587193.408034624531865 ], [ 876739.248469538288191, 9587193.740633450448513 ], [ 876727.261680256691761, 9587258.453061005100608 ], [ 876764.58383854071144, 9587360.070077950134873 ], [ 876718.523430230561644, 9587415.723124902695417 ], [ 876685.099096363643184, 9587517.501795617863536 ], [ 876639.590864897123538, 9587572.156001228839159 ], [ 876605.265841747401282, 9587613.368815895169973 ], [ 876569.272010899730958, 9587857.001896703615785 ], [ 876554.627350035356358, 9588069.659178897738457 ], [ 876610.501458822982386, 9588165.004216343164444 ], [ 876878.984263508231379, 9588268.722840422764421 ], [ 876879.955718293320388, 9588521.515699785202742 ], [ 876812.306762621505186, 9588546.357608068734407 ], [ 876778.6992181930691, 9588629.755560252815485 ], [ 876714.219367454061285, 9588697.769771732389927 ], [ 876621.828944378416054, 9588710.526086593046784 ], [ 876532.257108008954674, 9588646.092925377190113 ], [ 876507.87007520487532, 9588726.35473208129406 ], [ 876323.006318174418993, 9588730.164120679721236 ], [ 876372.555931732058525, 9588800.840988550335169 ], [ 876557.585546337184496, 9588840.215557413175702 ], [ 876600.946449375944212, 9588892.424387339502573 ], [ 876700.287504241336137, 9589067.660786673426628 ], [ 876780.615101389354095, 9589129.029258890077472 ], [ 876805.616878363885917, 9589208.991094153374434 ], [ 876812.089455942856148, 9589301.425748247653246 ], [ 876880.121642969781533, 9589347.339308777824044 ], [ 876889.567080861655995, 9589402.778817469254136 ], [ 876837.847362184431404, 9589578.705471439287066 ], [ 876711.976475301897153, 9589708.630780309438705 ], [ 876767.743870647158474, 9589776.183905033394694 ], [ 876847.505181998945773, 9589689.619863072410226 ], [ 876952.209062907379121, 9589667.626386534422636 ], [ 877082.281412863056175, 9589821.264304922893643 ], [ 877405.579942338867113, 9589742.956589892506599 ], [ 877501.058330681640655, 9589751.780966801568866 ], [ 877634.341626248904504, 9589930.099691128358245 ], [ 877653.055442704819143, 9589994.694665100425482 ], [ 877634.991398772457615, 9590099.515233777463436 ], [ 877499.72136036423035, 9590186.403711907565594 ], [ 877552.374959558947012, 9590253.969066398218274 ], [ 877694.165396850556135, 9590271.917623784393072 ], [ 877798.823523866944015, 9590237.632696885615587 ], [ 877866.963629112811759, 9590311.339651493355632 ], [ 877777.94003303500358, 9590419.532890357077122 ], [ 877839.933409957913682, 9590514.85605207271874 ], [ 877911.360539976973087, 9590662.518897481262684 ], [ 878068.968908737646416, 9590772.867436978965998 ], [ 878112.650229279766791, 9590908.345751976594329 ], [ 878193.410078636137769, 9591052.87279730848968 ], [ 878169.387158400961198, 9591228.584623519331217 ], [ 878104.880749218165874, 9591290.50889977812767 ], [ 878105.104971276596189, 9591349.084844117984176 ], [ 878197.853229979402386, 9591428.788519283756614 ], [ 878145.800338419037871, 9591518.34785969555378 ], [ 878170.696431705961004, 9591570.628478484228253 ], [ 878257.043902386212721, 9591576.499014016240835 ], [ 878306.713554208399728, 9591678.071069654077291 ], [ 878350.299645951599814, 9591788.746446955949068 ], [ 878467.54423842439428, 9591816.091426264494658 ], [ 878571.940287430421449, 9591741.723104348406196 ], [ 878639.444135110126808, 9591649.003628991544247 ], [ 878703.89200479676947, 9591571.687419692054391 ], [ 878778.009983381372876, 9591608.387854941189289 ], [ 878858.766166482819244, 9591780.709508938714862 ], [ 878819.532966534607112, 9591993.465105224400759 ], [ 878743.066656104056165, 9592157.087311157956719 ], [ 878408.361200144747272, 9592485.025360461324453 ], [ 878402.478408863535151, 9592546.725263455882668 ], [ 878522.86820493452251, 9592610.932631293311715 ], [ 878636.639253962319344, 9592515.047224713489413 ], [ 878750.604567824164405, 9592499.109124876558781 ], [ 878849.696900692302734, 9592637.477332735434175 ], [ 879022.488859039731324, 9592673.801123520359397 ], [ 879109.268800486112013, 9592821.407428186386824 ], [ 879119.032122149830684, 9592960.006821151822805 ], [ 879116.440746911452152, 9593067.869894172996283 ], [ 879061.024077891837806, 9593092.774929594248533 ], [ 879015.087714397348464, 9593182.31123585999012 ], [ 878916.548739961348474, 9593188.888552358374 ], [ 878898.505747305927798, 9593299.910882813856006 ], [ 878852.463397621875629, 9593361.764307919889688 ], [ 878757.104131243657321, 9593414.504324896261096 ], [ 878726.618384801899083, 9593500.880677836015821 ], [ 878794.759746834053658, 9593574.589666675776243 ], [ 878825.762479086173698, 9593623.747117912396789 ], [ 878906.517137884860858, 9593796.070265103131533 ], [ 878944.125764993485063, 9593943.864823410287499 ], [ 879054.80226827354636, 9593881.76511138677597 ], [ 879147.729076811345294, 9594007.756159139797091 ], [ 879234.079381401184946, 9594013.627867748960853 ], [ 879508.37106048152782, 9594031.073705703020096 ], [ 879563.906521355500445, 9594037.062767030671239 ], [ 879592.01845381851308, 9594144.809082379564643 ], [ 879499.666637412970886, 9594169.744110343977809 ], [ 879493.795206875540316, 9594234.545061847195029 ], [ 879546.438890299759805, 9594299.012091858312488 ], [ 879478.884325267514214, 9594379.440110670402646 ], [ 879525.785548887681216, 9594542.591843955218792 ], [ 879677.229065314866602, 9594668.360512835904956 ], [ 879588.473351842840202, 9594819.738163018599153 ], [ 879564.163721555145457, 9594921.483324157074094 ], [ 879564.53944414597936, 9595020.144657889381051 ], [ 879604.957741736201569, 9595087.759135412052274 ], [ 879602.394178699934855, 9595232.607208784669638 ], [ 879575.197920216713101, 9595365.257666828110814 ], [ 879596.903362957993522, 9595426.853166200220585 ], [ 879815.211400332162157, 9595290.374664710834622 ], [ 879950.94019783125259, 9595320.752268720418215 ], [ 880053.03709963534493, 9595400.423398599028587 ], [ 879992.051150139421225, 9595570.18798266723752 ], [ 880072.349352361401543, 9595622.259041335433722 ], [ 880131.006854553939775, 9595659.020593721419573 ], [ 880115.865757391555235, 9595714.5555624011904 ], [ 880029.818393997848034, 9595788.852783454582095 ], [ 880091.684823777992278, 9595850.295717537403107 ], [ 880107.535162512562238, 9595951.888446662575006 ], [ 880182.019923119805753, 9596084.152736406773329 ], [ 880117.6010296063032, 9596170.658894717693329 ], [ 880207.28569055092521, 9596262.780107572674751 ], [ 880244.777154448442161, 9596379.793368302285671 ], [ 880313.195717115886509, 9596555.156351752579212 ], [ 880316.896442038705572, 9596709.283127445727587 ], [ 880270.97948220721446, 9596805.020417906343937 ], [ 880372.579943975317292, 9596783.041476057842374 ], [ 880434.499170352239162, 9596828.982076706364751 ], [ 880484.040900105377659, 9596896.67349268309772 ], [ 880619.455987451830879, 9596843.78190303593874 ], [ 880803.932221944211051, 9596732.125191310420632 ], [ 880924.176278297556564, 9596756.250663189217448 ], [ 880930.699531766702421, 9596833.296707294881344 ], [ 880903.144637101329863, 9596901.170719381421804 ], [ 880842.097799911862239, 9597055.544476617127657 ], [ 880857.854190812446177, 9597132.444653348997235 ], [ 880910.476036653621122, 9597190.822909770533442 ], [ 880996.830451297922991, 9597196.695774685591459 ], [ 881203.418050949461758, 9597223.593791818246245 ], [ 881274.625097347423434, 9597312.685565846040845 ], [ 881250.185370635474101, 9597380.658649863675237 ], [ 881213.437174408929422, 9597430.07512460462749 ], [ 881111.811733914306387, 9597445.853444939479232 ], [ 881121.514337296946906, 9597569.174451284110546 ], [ 881226.137563115684316, 9597522.489978831261396 ], [ 881266.504683542996645, 9597605.608766678720713 ], [ 881324.917540087364614, 9597577.592430923134089 ], [ 881395.925630230456591, 9597614.307806421071291 ], [ 881476.548403801163658, 9597721.856738992035389 ], [ 881526.313835467910394, 9597848.126467186957598 ], [ 881532.877498846501112, 9597965.14799709059298 ], [ 881570.25277434848249, 9598051.379000678658485 ], [ 881564.912098636850715, 9598285.603033166378736 ], [ 881525.130072450265288, 9598356.624204389750957 ], [ 881441.889344872441143, 9598350.73899894207716 ], [ 881383.206891406094655, 9598307.885985009372234 ], [ 881293.806329467799515, 9598320.516714530065656 ], [ 881204.680857461411506, 9598376.332656770944595 ], [ 881183.424922827980481, 9598462.675225306302309 ], [ 881091.091037215897813, 9598493.920074151828885 ], [ 881118.979721873532981, 9598543.091066520661116 ], [ 881153.285313464235514, 9598641.514471005648375 ], [ 881338.888721153023653, 9598825.737393237650394 ], [ 881505.19532649347093, 9598791.222271360456944 ], [ 881585.572847847593948, 9598834.10400097258389 ], [ 881570.423887174809352, 9598917.323139816522598 ], [ 881644.465946909505874, 9598932.434550115838647 ], [ 881709.554476176854223, 9599021.550699612125754 ], [ 881808.301004396518692, 9599067.463448548689485 ], [ 881925.708621008321643, 9599134.788002273067832 ], [ 882005.916721852729097, 9599162.167560588568449 ], [ 882113.670085692545399, 9599118.682822100818157 ], [ 882252.088352517457679, 9599034.884551567956805 ], [ 882372.102807348594069, 9598997.443199843168259 ], [ 882483.381022285902873, 9599061.800805915147066 ], [ 882551.4628901546821, 9599147.805235125124454 ], [ 882665.627998715033755, 9599181.256666382774711 ], [ 882727.450989648234099, 9599230.409945450723171 ], [ 882696.84405065223109, 9599286.004859501495957 ], [ 882749.362227500416338, 9599316.589918179437518 ], [ 882802.056287492159754, 9599393.46191762201488 ], [ 882891.622680370695889, 9599423.906259924173355 ], [ 882941.388923847349361, 9599550.067002389580011 ], [ 883114.239647787762806, 9599626.482699036598206 ], [ 883083.772965146461502, 9599719.06316758133471 ], [ 883053.177485236548819, 9599777.758797707036138 ], [ 883050.296513011679053, 9599839.449772905558348 ], [ 883041.4948022342287, 9599953.430676214396954 ], [ 883063.336173951858655, 9600021.229037530720234 ], [ 883146.556021614233032, 9600020.91316894441843 ], [ 883118.572351792361587, 9599947.047598604112864 ], [ 883118.443705069948919, 9599913.162804376333952 ], [ 883188.974230205873027, 9599823.420067504048347 ], [ 883268.973656709771603, 9599795.43207878805697 ], [ 883352.263754344312474, 9599813.608585266396403 ], [ 883368.056187089066952, 9599899.812292624264956 ], [ 883429.551825256552547, 9599862.592623930424452 ], [ 883512.93598039727658, 9599905.46299141086638 ], [ 883553.234226165339351, 9599969.980039481073618 ], [ 883528.997800999204628, 9600062.537248617038131 ], [ 883550.898026660550386, 9600145.728013912215829 ], [ 883708.121922811144032, 9600179.016098290681839 ], [ 883714.551359582459554, 9600231.370190799236298 ], [ 883659.361635560169816, 9600317.843826174736023 ], [ 883554.791414479375817, 9600379.921278620138764 ], [ 883558.163897084654309, 9600447.679315751418471 ], [ 883702.998041248414665, 9600441.038895146921277 ], [ 883798.697046478511766, 9600474.560930604115129 ], [ 883940.486169823212549, 9600486.314112797379494 ], [ 884002.228667634772137, 9600513.874529493972659 ], [ 884163.090240499004722, 9600655.006913362070918 ], [ 884160.373025786597282, 9600759.774721438065171 ], [ 884096.076945548411459, 9600880.168850313872099 ], [ 884028.905654312111437, 9601034.570005066692829 ], [ 884029.198118627653457, 9601111.641950629651546 ], [ 884069.636947756167501, 9601213.14524401165545 ], [ 884100.771554086357355, 9601296.301511194556952 ], [ 884160.258042686036788, 9601520.983257815241814 ], [ 884123.711181496968493, 9601653.674296911805868 ], [ 884046.976937219966203, 9601721.846971202641726 ], [ 884099.315418686019257, 9601733.94049366004765 ], [ 884247.652746605221182, 9601828.944665376096964 ], [ 884275.78281562612392, 9601912.0018375441432 ], [ 884273.33328014658764, 9602087.75134520791471 ], [ 883876.588403488509357, 9602326.562508413568139 ], [ 883808.761272320523858, 9602308.325896820053458 ], [ 883644.668283015023917, 9602136.30762249790132 ], [ 883558.419278206303716, 9602130.543159425258636 ], [ 883496.903067957609892, 9602192.345197524875402 ], [ 883472.675819538766518, 9602288.002370679751039 ], [ 883637.087786410585977, 9602574.078463923186064 ], [ 883720.356616624398157, 9602586.05574562959373 ], [ 883871.074864808470011, 9602486.819718891754746 ], [ 883920.572759254719131, 9602542.111857041716576 ], [ 883850.294185121310875, 9602699.623884838074446 ], [ 883936.648907505441457, 9602733.183174131438136 ], [ 884007.877373243332841, 9602797.584507420659065 ], [ 883989.669570505386218, 9602896.320016961544752 ], [ 883922.272733837598935, 9602992.14056702144444 ], [ 883947.088817063719034, 9603022.831764088943601 ], [ 884049.04872358229477, 9603093.318539965897799 ], [ 884185.048402136424556, 9603191.471864003688097 ], [ 884108.433111090678722, 9603321.2128945607692 ], [ 883982.459058894193731, 9603432.646760262548923 ], [ 884109.177241007098928, 9603518.432990320026875 ], [ 884196.062501342268661, 9603662.949544250965118 ], [ 884180.945821658009663, 9603755.472153715789318 ], [ 884107.107916833600029, 9603795.837392333894968 ], [ 884156.740212321281433, 9603857.220181761309505 ], [ 884141.670037718955427, 9603962.145108880475163 ], [ 884114.348812325391918, 9604063.904773499816656 ], [ 884022.099065243499354, 9604119.731505597010255 ], [ 883677.120403863489628, 9604191.901448864489794 ], [ 883596.872937660547905, 9604155.217240175232291 ], [ 883608.798886468401179, 9604072.009178660809994 ], [ 883685.508470599539578, 9603966.852905577048659 ], [ 883666.760655473917723, 9603892.95135516487062 ], [ 883586.587944728089496, 9603905.655614215880632 ], [ 883444.887439923128113, 9603918.480530915781856 ], [ 883284.919590519042686, 9604014.647595789283514 ], [ 883195.947366742882878, 9604113.53724673576653 ], [ 883214.648461681557819, 9604175.147043809294701 ], [ 883162.568489521043375, 9604261.606165893375874 ], [ 883215.296936083235778, 9604347.782355373725295 ], [ 883135.836436956422403, 9604520.607613258063793 ], [ 883117.771753712790087, 9604628.532368451356888 ], [ 883035.033637769753113, 9604758.293150547891855 ], [ 883029.1152079757303, 9604841.588813917711377 ], [ 882952.330076851882041, 9604897.355345241725445 ], [ 883078.642453969456255, 9604875.288355587050319 ], [ 883141.411159226438031, 9604938.947744227945805 ], [ 883259.033409302355722, 9605062.088329937309027 ], [ 883243.578295053448528, 9605153.94659504853189 ], [ 883329.139004176249728, 9605153.625868126749992 ], [ 883392.934256513486616, 9605283.280445562675595 ], [ 883453.495496066403575, 9605381.27663829177618 ], [ 883469.607767952256836, 9605435.034161249175668 ], [ 883691.615921349264681, 9605503.855284513905644 ], [ 883745.728846222278662, 9605573.416535401716828 ], [ 883777.723662614473142, 9605649.262002991512418 ], [ 883733.66201276157517, 9605738.12727390602231 ], [ 883901.843805941753089, 9605813.57314901612699 ], [ 884104.903150219470263, 9605872.942079525440931 ], [ 884231.854262911714613, 9605961.166505120694637 ], [ 884336.906131355557591, 9606084.355379542335868 ], [ 884428.751188779482618, 9606068.175474477931857 ], [ 884673.047196658793837, 9606174.89588487893343 ], [ 884720.794995353091508, 9606238.058700857684016 ], [ 884714.797710403800011, 9606329.993526848033071 ], [ 884651.927245306549594, 9606447.389803808182478 ], [ 884655.671991066308692, 9606615.254070708528161 ], [ 884776.465051539242268, 9606722.549149435013533 ], [ 885075.048078161664307, 9606914.667597588151693 ], [ 885160.908629495534115, 9606993.523466784507036 ], [ 885253.337358876131475, 9607132.596395095810294 ], [ 885488.928023208980449, 9607438.901635149493814 ], [ 885606.959010182064958, 9607669.681473840028048 ], [ 885725.042508465819992, 9607884.736585507169366 ], [ 885804.692141466075554, 9607998.388451660051942 ], [ 886020.368350266478956, 9608067.235214816406369 ], [ 886255.238652948057279, 9608180.416326716542244 ], [ 886344.050647684605792, 9608214.966295933350921 ], [ 886524.782623236766085, 9608252.27225948125124 ], [ 886702.684882971923798, 9608365.666892623528838 ], [ 886810.928371254820377, 9608507.783072762191296 ], [ 886839.829145735129714, 9608618.525345137342811 ], [ 886893.885585464537144, 9608672.14225890301168 ], [ 887084.172443087794818, 9608734.771910838782787 ], [ 887195.72253207617905, 9608927.595242759212852 ], [ 887269.174981922609732, 9609079.366283621639013 ], [ 887393.058546937070787, 9609148.668211566284299 ], [ 887757.978379850741476, 9609311.97076659835875 ], [ 887883.442940196255222, 9609802.525618543848395 ], [ 887940.727365364786237, 9609856.13102831877768 ], [ 888080.277936067082919, 9609918.951788000762463 ], [ 888112.251779949525371, 9609988.488150162622333 ], [ 888065.023521205643192, 9610064.744405267760158 ], [ 888100.124970328528434, 9610137.480579692870378 ], [ 888195.080591825651936, 9610118.07718263939023 ], [ 888417.172855454962701, 9610174.276327067986131 ], [ 888534.831205843947828, 9610303.845775926485658 ], [ 888636.61711417674087, 9610414.316569754853845 ], [ 888807.934389987378381, 9610461.182305991649628 ], [ 888947.348642605822533, 9610457.447724854573607 ], [ 889010.865995886735618, 9610511.140806056559086 ], [ 889053.705202977405861, 9610480.968888511881232 ], [ 889151.562357299379073, 9610433.868278760462999 ], [ 889308.663585578440689, 9610339.590112492442131 ], [ 889457.897202003514394, 9610224.521374810487032 ], [ 889607.620457891141996, 9610239.683835363015532 ], [ 889700.427245384315029, 9610210.763067295774817 ], [ 889857.528267645277083, 9610116.483230542391539 ], [ 890076.272603358491324, 9609962.169226218014956 ], [ 890181.584346847375855, 9609826.333072554320097 ], [ 890232.374215801246464, 9609573.535563852638006 ], [ 890221.409271920914762, 9609380.772464424371719 ], [ 890192.709899227600545, 9609294.943854007869959 ], [ 890158.714581013657153, 9609162.180052150040865 ], [ 890202.12685519689694, 9609018.824723780155182 ], [ 890295.047732834005728, 9609049.814018229022622 ], [ 890571.306472206255421, 9609098.382896406576037 ], [ 890685.043421563808806, 9609160.633875895291567 ], [ 890817.173873266670853, 9609290.369238430634141 ], [ 890918.217157400096767, 9609438.605874307453632 ], [ 891024.709857128211297, 9609615.394144579768181 ], [ 891130.914367195102386, 9609745.338832970708609 ], [ 891296.872069916687906, 9609992.225637190043926 ], [ 891444.314515495207161, 9610080.37485178001225 ], [ 891483.449407854583114, 9610218.325749130919576 ], [ 891592.696223781676963, 9610475.837865622714162 ], [ 891637.464165079407394, 9610720.525963574647903 ], [ 891702.57231849944219, 9610900.01937092654407 ], [ 891829.472710590925999, 9611058.570403406396508 ], [ 892047.088336297892965, 9611281.897578690201044 ], [ 892328.791191768366843, 9611413.839589599519968 ], [ 892491.357386996969581, 9611439.472432568669319 ], [ 892587.189081536838785, 9611532.912302181124687 ], [ 892786.91523767018225, 9611821.426877679303288 ], [ 892908.719089447520673, 9611985.203696243464947 ], [ 893097.418636688846163, 9612094.019384058192372 ], [ 893185.386133414460346, 9612137.985796423628926 ], [ 893288.523889122530818, 9612132.501851256936789 ], [ 893458.931402547284961, 9612171.062336452305317 ], [ 893689.08827219507657, 9612295.336593814194202 ], [ 893867.441126097925007, 9612404.191389210522175 ], [ 894001.952369104488753, 9612484.528427451848984 ], [ 894094.96140811801888, 9612507.655181862413883 ], [ 894410.042361527914181, 9612605.693237878382206 ], [ 894696.573012212407775, 9612628.308720441535115 ], [ 894949.920882305363193, 9612762.905306009575725 ], [ 895109.867489194730297, 9612741.589343212544918 ], [ 895282.760067167924717, 9612759.318352149799466 ], [ 895453.332848768215626, 9612810.834406334906816 ], [ 895722.122847515856847, 9612937.619580544531345 ], [ 895804.666217037476599, 9612929.553967503830791 ], [ 895964.750170230050571, 9612973.357054345309734 ], [ 896101.568741517839953, 9612986.016916768625379 ], [ 896179.171222809585743, 9613024.816973993554711 ], [ 896277.695507474709302, 9613180.821813024580479 ], [ 896329.638215713668615, 9613261.361384497955441 ], [ 896438.366694666096009, 9613349.659464720636606 ], [ 896585.898981588659808, 9613487.204936789348722 ], [ 896738.395537062780932, 9613554.515953822061419 ], [ 897048.241369813797064, 9613618.681982036679983 ], [ 897257.42566835694015, 9613667.503474242985249 ], [ 897427.942152391886339, 9613732.087695177644491 ], [ 897663.124773474177346, 9613827.768588660284877 ], [ 897813.24249244784005, 9613941.93625639565289 ], [ 897916.445556266466156, 9613951.95434239320457 ], [ 898061.266479797544889, 9614019.294212717562914 ], [ 898309.150160352932289, 9614088.789092482998967 ], [ 898402.383559231762774, 9614169.283297384157777 ], [ 898464.775895125931129, 9614304.6066266130656 ], [ 898552.650014742743224, 9614351.231166468933225 ], [ 898762.236027884646319, 9614504.268624471500516 ], [ 898924.998552011093125, 9614548.060760196298361 ], [ 899002.552978025982156, 9614602.477343581616879 ], [ 899129.434655870543793, 9614721.939631808549166 ], [ 899295.223958333022892, 9614888.102503934875131 ], [ 899525.50070575310383, 9615067.088970007374883 ], [ 899670.214468590449542, 9615134.429692761972547 ], [ 899765.940333017962985, 9615196.640863731503487 ], [ 899820.50404548458755, 9615321.474024791270494 ], [ 899877.629931896692142, 9615417.723036199808121 ], [ 900371.415156797738746, 9615645.435174176469445 ], [ 900606.716752042993903, 9615798.376413023099303 ], [ 901182.928778853500262, 9615984.130248822271824 ], [ 901425.596897959476337, 9616025.06972941942513 ], [ 901627.067169050569646, 9616060.960657715797424 ], [ 901882.676422697957605, 9616109.602966867387295 ], [ 902122.728911912534386, 9616106.248902957886457 ], [ 902192.499186992878094, 9616132.120661728084087 ], [ 902298.787202174309641, 9616277.691313300281763 ], [ 902360.846249853260815, 9616324.30408170633018 ], [ 902546.779262454714626, 9616341.978718286380172 ], [ 902595.869026681873947, 9616373.135142382234335 ], [ 902697.147597898496315, 9616547.300672460347414 ], [ 903002.271322106942534, 9616707.839071186259389 ], [ 903328.04669323284179, 9616884.026123749092221 ], [ 903558.569618418230675, 9617122.934579633176327 ], [ 903656.901730702258646, 9617195.547795034945011 ], [ 903736.94485635694582, 9617200.55786201916635 ], [ 903806.737017082283273, 9617231.635283216834068 ], [ 903900.087837593746372, 9617369.393476661294699 ], [ 904065.483634374919347, 9617428.791430303826928 ], [ 904246.52969897352159, 9617534.980299059301615 ], [ 904298.380146690877154, 9617618.183060057461262 ], [ 904304.167988843051717, 9617792.716606067493558 ], [ 904386.921591104823165, 9617836.814173676073551 ], [ 904472.562146390671842, 9617995.425379021093249 ], [ 904470.630178732681088, 9618159.577418388798833 ], [ 904496.659254974219948, 9618242.879314383491874 ], [ 904605.294029612792656, 9618302.384467916563153 ], [ 905014.112808962236159, 9618595.551124166697264 ], [ 905130.667713198345155, 9618717.605307539924979 ], [ 905288.22648007189855, 9618763.964637503027916 ], [ 905443.227622057427652, 9618781.757606271654367 ], [ 905631.62915554153733, 9618801.970000814646482 ], [ 905745.50593605870381, 9618892.800362095236778 ], [ 905859.5025602390524, 9619014.864780737087131 ], [ 905901.234831558540463, 9619129.452792583033442 ], [ 906015.221599047887139, 9619248.859285820275545 ], [ 906170.542064031818882, 9619378.629963038489223 ], [ 906276.619076339760795, 9619466.943253807723522 ], [ 906313.139897372107953, 9619586.64671109803021 ], [ 906367.463919348432682, 9619617.673355521634221 ], [ 906545.908280618605204, 9619710.9156135879457 ], [ 906589.901675347937271, 9619747.298369323834777 ], [ 906659.787029361934401, 9619801.746854210272431 ], [ 906817.559514494845644, 9619902.821686588227749 ], [ 906910.548593343468383, 9619915.646204385906458 ], [ 906972.623144029174, 9619964.918891634792089 ], [ 907001.33481029048562, 9620050.759960616007447 ], [ 907058.289904884877615, 9620100.163089735433459 ], [ 907097.221643760800362, 9620180.759313566610217 ], [ 907141.743822148069739, 9620355.149422388523817 ], [ 907338.948537446558475, 9620667.186339871957898 ], [ 907530.933768821880221, 9620953.104198338463902 ], [ 907623.973962062969804, 9620978.888169042766094 ], [ 907789.251785748405382, 9621004.395672639831901 ], [ 907931.645998453022912, 9621129.012429729104042 ], [ 908157.078975863754749, 9621370.609432460740209 ], [ 908216.794574853032827, 9621472.061303256079555 ], [ 908196.687747576041147, 9621657.112356135621667 ], [ 908209.788700410630554, 9621706.573295509442687 ], [ 908336.960919880191796, 9621896.267163056880236 ], [ 908412.238073051557876, 9622021.141729950904846 ], [ 908412.805738064693287, 9622169.672977436333895 ], [ 908356.852639652788639, 9622412.125680776312947 ], [ 908274.866471018409356, 9622599.960458289831877 ], [ 908308.648289462551475, 9622672.713643031194806 ], [ 908381.205986277549528, 9622755.952203586697578 ], [ 908443.709499970660545, 9622917.206475103273988 ], [ 908661.193706863094121, 9623117.19090916402638 ], [ 908741.602645074948668, 9623215.906798800453544 ], [ 908843.744063528720289, 9623642.843295007944107 ], [ 908849.132279158104211, 9623713.15766691789031 ], [ 908808.213443248416297, 9623812.33617808483541 ], [ 908643.552251182496548, 9623979.551239473745227 ], [ 908607.614169818116352, 9624042.158501310274005 ], [ 908538.151915963506326, 9624099.687317246571183 ], [ 908500.020282369339839, 9624258.777535542845726 ], [ 908412.631788013037294, 9624373.638705966994166 ], [ 908245.193742389441468, 9624454.910045040771365 ], [ 908134.214869766961783, 9624483.908109543845057 ], [ 908046.295075616799295, 9624429.524958707392216 ], [ 908013.057697810232639, 9624499.985376358032227 ], [ 908018.592633575666696, 9624609.287134237587452 ], [ 907923.263866208028048, 9624685.188714634627104 ], [ 907431.268057389068417, 9624949.780257457867265 ], [ 907026.521390067879111, 9625091.756632912904024 ], [ 906812.703329800744541, 9625212.297335729002953 ], [ 906624.394145898753777, 9625249.337762251496315 ], [ 906079.857459141639993, 9625277.087537549436092 ], [ 905925.046740094432607, 9625282.765730127692223 ], [ 905746.962848429568112, 9625285.873063297942281 ], [ 905599.842867358587682, 9625294.180043641477823 ], [ 905475.937234484357759, 9625289.329808400943875 ], [ 905403.443515972350724, 9625221.817572768777609 ], [ 905382.965709842042997, 9625281.815616434440017 ], [ 905362.664030509069562, 9625388.664313783869147 ], [ 905363.261551470030099, 9625547.602207776159048 ], [ 905412.716601819032803, 9625675.011522203683853 ], [ 905474.956880952930078, 9625768.701924055814743 ], [ 905485.60192767472472, 9625846.747589662671089 ], [ 905462.671301176771522, 9625935.441556917503476 ], [ 905352.484769738046452, 9626175.42845656722784 ], [ 905286.039969422738068, 9626355.440542558208108 ], [ 905136.530383144272491, 9626439.181386582553387 ], [ 905090.397737472318113, 9626514.892141046002507 ], [ 904705.274674555985257, 9627112.660279696807265 ], [ 904697.804190851049498, 9627198.637100020423532 ], [ 904641.211676035542041, 9627245.699497086927295 ], [ 904494.148724380880594, 9627269.618746658787131 ], [ 904398.898451552144252, 9627337.647787472233176 ], [ 904313.693888658424839, 9627353.471903890371323 ], [ 904213.746409905259497, 9627564.839405862614512 ], [ 904160.136906131869182, 9627665.718522179871798 ], [ 904080.439440160174854, 9627815.317518297582865 ], [ 903995.4432749429252, 9627857.279061386361718 ], [ 904018.837944589438848, 9627922.317741198465228 ], [ 904037.228637138265185, 9628018.608866335824132 ], [ 904076.110092707676813, 9628057.672554599121213 ], [ 904140.819819193333387, 9628127.763204343616962 ], [ 904208.29831467801705, 9628223.982567267492414 ], [ 904325.092258313903585, 9628411.172720223665237 ], [ 904426.278757671243511, 9628561.981664160266519 ], [ 904473.174860090715811, 9628720.745819490402937 ], [ 904602.624311453895643, 9628808.871375728398561 ], [ 904672.552122042630799, 9628905.082238679751754 ], [ 904714.10989310790319, 9628975.259579312056303 ], [ 904822.856505788862705, 9629063.573131214827299 ], [ 904977.990844764746726, 9629143.850365681573749 ], [ 905045.034056420670822, 9629122.778277983888984 ], [ 905125.067277641734108, 9629122.591301655396819 ], [ 905169.204986570170149, 9629197.964969832450151 ], [ 905233.634967499645427, 9629192.519566809758544 ], [ 905313.881477610208094, 9629249.594393096864223 ], [ 905391.398506705183536, 9629291.062302822247148 ], [ 905417.465190161718056, 9629356.091970223933458 ], [ 905513.087486748816445, 9629387.081141792237759 ], [ 905531.50785783235915, 9629491.237533720210195 ], [ 905573.478643116308376, 9629702.18957482650876 ], [ 905628.036675436422229, 9629795.800280848518014 ], [ 905692.685309380642138, 9629819.040982909500599 ], [ 905734.016405322239734, 9629857.985551862046123 ], [ 905806.645999801694416, 9629961.940661748871207 ], [ 905931.022173466626555, 9630091.842878261581063 ], [ 905946.766081585083157, 9630164.775321392342448 ], [ 905993.435326231294312, 9630232.276339093223214 ], [ 906200.533119049738161, 9630395.874873723834753 ], [ 906373.762380287284032, 9630491.703307284042239 ], [ 906366.221985864453018, 9630559.406115364283323 ], [ 906423.273458573268726, 9630634.843600498512387 ], [ 906506.333552827360108, 9630759.583794994279742 ], [ 906557.594320992007852, 9630834.37838120572269 ], [ 906561.275509893079288, 9630566.987916857004166 ], [ 906646.839992460329086, 9630586.828160149976611 ], [ 906781.400633753044531, 9630671.059823725372553 ], [ 906977.412206516601145, 9630876.014303412288427 ], [ 906953.888769851066172, 9631105.93154139444232 ], [ 907027.823496557888575, 9631291.071262814104557 ], [ 907145.818581446423195, 9631290.743486125022173 ], [ 907301.658819740521722, 9631649.031997656449676 ], [ 907379.383343985769898, 9631745.549024602398276 ], [ 907497.813458227785304, 9631862.073610112071037 ], [ 907502.195210895850323, 9631962.850672833621502 ], [ 907579.725019447738305, 9632006.86753174290061 ], [ 907615.602722227922641, 9632165.677800832316279 ], [ 907633.484012572909705, 9632244.584756594151258 ], [ 907690.53205276816152, 9632288.788592025637627 ], [ 907893.825924862409011, 9632235.643193192780018 ], [ 908064.71380847832188, 9632239.106533855199814 ], [ 908483.773094043135643, 9632193.354119708761573 ], [ 908545.060645996127278, 9632269.774149971082807 ], [ 908707.808224122738466, 9632269.168619133532047 ], [ 908932.05438620923087, 9632401.471609344705939 ], [ 909212.837772150058299, 9632380.377891909331083 ], [ 909701.657081949990243, 9632531.964662117883563 ], [ 910113.343659359030426, 9632716.071068068966269 ], [ 910231.599309364915825, 9632784.193463200703263 ], [ 910378.112862042151392, 9632787.745177859440446 ], [ 911250.256395431351848, 9633155.664691859856248 ], [ 911352.065463823266327, 9633171.456208406016231 ], [ 911478.314746963791549, 9633203.328216748312116 ], [ 911633.46943368553184, 9633343.864845674484968 ], [ 911763.53681392816361, 9633295.08443627692759 ], [ 912011.878238890552893, 9633318.413649754598737 ], [ 912162.598884815583006, 9633374.340981030836701 ], [ 912305.268685147864744, 9633450.458053298294544 ], [ 912419.928358776145615, 9633627.478332038968801 ], [ 912586.827998185530305, 9633663.185569224879146 ], [ 912652.209368982119486, 9633731.506057603284717 ], [ 912929.793012591544539, 9633952.335188291966915 ], [ 913137.31842249375768, 9633955.656751608476043 ], [ 913442.809217631351203, 9634047.336519068107009 ], [ 913512.265474551124498, 9634103.568308234214783 ], [ 913687.70816243137233, 9634219.882813062518835 ], [ 913871.982655143365264, 9634553.93629471771419 ], [ 913901.720020417240448, 9634884.470591623336077 ], [ 913938.723774470388889, 9634985.132011624053121 ], [ 914093.704737259075046, 9635077.37677064165473 ], [ 914147.08301471627783, 9635210.211016176268458 ], [ 914224.751762331346981, 9635318.806802986189723 ], [ 914318.740675404202193, 9635415.267793884500861 ], [ 914351.580300180008635, 9635503.871385904029012 ], [ 914469.965669492143206, 9635604.339821873232722 ], [ 914625.023173788329586, 9635716.63437981531024 ], [ 914690.874514357652515, 9635910.013949466869235 ], [ 914728.384787067305297, 9636175.943200059235096 ], [ 914680.195095160976052, 9636329.428783342242241 ], [ 914725.545752267003991, 9636518.786847217008471 ], [ 914734.319684371352196, 9636692.109100373461843 ], [ 914702.112155074137263, 9636772.869757911190391 ], [ 914747.874090456403792, 9637042.867052240297198 ], [ 914707.667914240504615, 9637188.12550150603056 ], [ 914712.081376586807892, 9637296.995898999273777 ], [ 914818.317252249224111, 9637393.413225349038839 ], [ 915079.095948579721153, 9637493.353519884869456 ], [ 915270.753771841991693, 9637597.539058869704604 ], [ 915450.360973102739081, 9637754.164157243445516 ], [ 915597.595153913716786, 9637947.24302514642477 ], [ 915789.194512971211225, 9638035.25675405934453 ], [ 916016.957127996254712, 9637998.185578731819987 ], [ 916106.573928823694587, 9638026.098126236349344 ], [ 916220.443603857886046, 9637989.451106576249003 ], [ 916289.265519980574027, 9637904.564753720536828 ], [ 916292.782785488292575, 9637743.26800468750298 ], [ 916321.072993625886738, 9637686.668778346851468 ], [ 916449.961047369288281, 9637319.310807216912508 ], [ 916413.000876170699485, 9637230.720747260376811 ], [ 916433.0730348858051, 9637150.003734081983566 ], [ 916440.476114403922111, 9636956.457517627626657 ], [ 916407.016144125256687, 9636702.582853933796287 ], [ 916414.453701775986701, 9636488.765253039076924 ], [ 916571.881765474099666, 9636133.372178122401237 ], [ 916628.141937886830419, 9635935.654290111735463 ], [ 916757.879559259628877, 9635826.388596935197711 ], [ 917107.101897588348947, 9635611.395222159102559 ], [ 917415.597043563611805, 9635372.514907114207745 ], [ 917582.240171146579087, 9635307.416778471320868 ], [ 917753.027943626046181, 9635278.525458240881562 ], [ 918327.261304677464068, 9635389.458126241341233 ], [ 918437.466753241373226, 9635473.784185893833637 ], [ 918511.119976718677208, 9635578.409291243180633 ], [ 918670.394301417050883, 9635743.19407394900918 ], [ 919021.143615199020132, 9635931.515791047364473 ], [ 919517.812284874729812, 9635990.232950652018189 ], [ 919615.590199925354682, 9636026.197615582495928 ], [ 919734.032441072398797, 9636138.740910746157169 ], [ 919860.530273695476353, 9636202.734070591628551 ], [ 920011.269757491885684, 9636258.770468313246965 ], [ 920207.162580511532724, 9636419.319562701508403 ], [ 920475.54213639057707, 9636345.856205420568585 ], [ 920606.217753922217526, 9636454.254935445263982 ], [ 920748.937943069264293, 9636538.458848027512431 ], [ 921091.281340544810519, 9636650.154963804408908 ], [ 921290.808896588161588, 9636681.74598822183907 ], [ 921783.286462086020038, 9636688.076210483908653 ], [ 922255.560377590823919, 9636738.903293915092945 ], [ 922345.398470749845728, 9636823.307809224352241 ], [ 922770.711952309822664, 9637378.246588114649057 ], [ 923671.25891804555431, 9637645.35026397369802 ], [ 924385.348535301047377, 9638154.996318144723773 ], [ 924739.572030694456771, 9638194.08431270904839 ], [ 925268.937013165443204, 9638260.864746889099479 ], [ 925550.068903311854228, 9638344.542234228923917 ], [ 925749.966602618107572, 9638440.604442361742258 ], [ 926027.395931983250193, 9638633.195456882938743 ], [ 926178.703232119558379, 9638834.354762880131602 ], [ 926280.657336060889065, 9638882.378492023795843 ], [ 926378.522649525548331, 9638938.505002051591873 ], [ 926468.367136232089251, 9639022.801116649061441 ], [ 926741.411341931554489, 9639086.457890972495079 ], [ 926986.162938304478303, 9639234.750546531751752 ], [ 927329.121357457246631, 9639528.018041977658868 ], [ 927276.431207800516859, 9639580.619989609345794 ], [ 926828.750063242390752, 9639594.179749596863985 ], [ 926629.389388660783879, 9639611.002439066767693 ], [ 926101.217907256796025, 9639891.18780873157084 ], [ 926036.309706336352974, 9639951.811065446585417 ], [ 925987.719805112341419, 9640028.657334538176656 ], [ 925898.472886331612244, 9640101.558827606961131 ], [ 925557.186227937228978, 9640276.117037558928132 ], [ 925410.929963472299278, 9640349.233575716614723 ], [ 925313.844266083091497, 9640498.71396392583847 ], [ 925038.822051675640978, 9640971.463411547243595 ], [ 924871.960115738562308, 9640984.168868124485016 ], [ 924851.751147185452282, 9641028.557795258238912 ], [ 924819.436391642782837, 9641081.190228927880526 ], [ 924897.395378120942041, 9641262.356155030429363 ], [ 924861.08182132570073, 9641347.130276987329125 ], [ 924658.22524105233606, 9641529.355112820863724 ], [ 924585.521248206030577, 9641678.74059403128922 ], [ 924468.556788483867422, 9641961.451234141364694 ], [ 924132.605522658675909, 9642490.916944785043597 ], [ 924011.77409769303631, 9642842.101578325033188 ], [ 924253.213863932294771, 9643208.212878186255693 ], [ 924278.248909835587256, 9643381.601807525381446 ], [ 924347.733671126072295, 9643441.827874625101686 ], [ 924502.501531006651931, 9643469.497213747352362 ], [ 924625.158604416530579, 9643634.433913307264447 ], [ 924862.622249856125563, 9644008.650167316198349 ], [ 925041.556058127316646, 9643947.493236571550369 ], [ 925281.504279512213543, 9643914.467231681570411 ], [ 925590.802955062128603, 9643905.330915430560708 ], [ 925811.197614367119968, 9644061.815086644142866 ], [ 926382.058762848260812, 9644318.018244408071041 ], [ 927124.026734499377199, 9644650.130522556602955 ], [ 927327.760973127325997, 9644697.888368386775255 ], [ 927522.982427234062925, 9644673.003384735435247 ], [ 927661.272509644506499, 9644640.244877886027098 ], [ 927828.251250764704309, 9644655.791142236441374 ], [ 927938.384757540072314, 9644715.976026913151145 ], [ 927727.248572847107425, 9644861.898621577769518 ], [ 927463.991661669919267, 9645213.632000522688031 ], [ 927144.031457348028198, 9645678.464322134852409 ], [ 926832.925449177622795, 9646308.548770030960441 ], [ 926964.694886548561044, 9646735.571205658838153 ], [ 926941.392054608208127, 9647026.022657217457891 ], [ 926999.046142883365974, 9647227.434255266562104 ], [ 927228.838605450699106, 9647722.668602956458926 ], [ 927409.29538435023278, 9648097.111976306885481 ], [ 927394.246971969376318, 9648452.121024357154965 ], [ 927451.936184345628135, 9648633.371281865984201 ], [ 927767.88697764207609, 9649329.918542394414544 ], [ 927768.261282595223747, 9649430.731275880709291 ], [ 927675.327787014190108, 9649624.617002259939909 ], [ 927201.269469114951789, 9650255.295711359009147 ], [ 927209.980304077267647, 9650412.576875600963831 ], [ 927141.311883141635917, 9650574.132216669619083 ], [ 926955.057291838340461, 9650828.847413117066026 ], [ 926833.789686390082352, 9651071.135522846132517 ], [ 926777.309285414172336, 9651216.470191262662411 ], [ 926679.782167561817914, 9651253.16648904979229 ], [ 926618.884098095819354, 9651317.866712993010879 ], [ 926380.435182341490872, 9651794.557828394696116 ], [ 926070.548809441039339, 9651650.349440988153219 ], [ 925948.152287192759104, 9651586.212850136682391 ], [ 925817.886817715712823, 9651562.540782606229186 ], [ 924985.426888695568778, 9651000.720778068527579 ], [ 924814.673212697845884, 9651049.648236172273755 ], [ 924676.583778672385961, 9651138.890556816011667 ], [ 924583.450817787554115, 9651280.256278909742832 ], [ 924547.258127417881042, 9651401.361709529533982 ], [ 924564.018431931501254, 9651538.447119100019336 ], [ 924613.154778661206365, 9651606.840592708438635 ], [ 925057.803289204835892, 9651879.617206932976842 ], [ 925180.441169147263281, 9652040.46600504219532 ], [ 925404.948742035776377, 9652225.20325506106019 ], [ 925519.87985027837567, 9652470.829197037965059 ], [ 925954.543095499044284, 9653360.59349125251174 ], [ 925898.528865630622022, 9653634.984809184446931 ], [ 926041.458484537317418, 9653771.611667072400451 ], [ 926045.805973574286327, 9653864.320850372314453 ], [ 926168.821780509315431, 9654097.844909187406301 ], [ 926189.383604434784502, 9654178.419742874801159 ], [ 926166.14261252025608, 9654493.016777383163571 ], [ 926244.294033465790562, 9654730.693433076143265 ], [ 926334.210388005594723, 9654835.277268212288618 ], [ 926391.638452356448397, 9654947.955939874053001 ], [ 926229.55378326587379, 9655178.42048873193562 ], [ 926197.417512773768976, 9655283.337905956432223 ], [ 926242.800702997599728, 9655452.559777423739433 ], [ 926300.219502002000809, 9655593.488413840532303 ], [ 926296.489068885799497, 9655670.163723424077034 ], [ 926191.389512225752696, 9655892.332637440413237 ], [ 926204.297931919572875, 9656073.747937850654125 ], [ 926222.788782946299762, 9656167.070724546909332 ], [ 926270.547359849209897, 9656408.182467246428132 ], [ 926438.371892411727458, 9656653.622975841164589 ], [ 926595.439894278068095, 9656757.965281436219811 ], [ 926679.537920185597613, 9656947.210647979751229 ], [ 926688.44193378300406, 9657160.990162221714854 ], [ 926567.056691896636039, 9657377.124464735388756 ], [ 926429.53527942718938, 9657627.548345690593123 ], [ 926389.526542469160631, 9657835.410942200571299 ], [ 925902.855872060637921, 9658359.174041153863072 ], [ 925748.287678722525015, 9658391.968288628384471 ], [ 924924.306755910860375, 9658517.67751476354897 ], [ 924747.282942147809081, 9658530.277592549100518 ], [ 924397.538179372320883, 9658606.088113453239202 ], [ 924145.310818383703008, 9658671.355831859633327 ], [ 924036.263032884220593, 9658913.690464494749904 ], [ 923894.274893742287531, 9659069.4015136603266 ], [ 923766.500772941624746, 9659182.743213785812259 ], [ 923787.251402148511261, 9659317.709678685292602 ], [ 923757.35043112328276, 9659489.192930836230516 ], [ 923635.847967820242047, 9659675.072049997746944 ], [ 923479.635708407382481, 9659808.675632745027542 ], [ 923215.254214832326397, 9659869.992837717756629 ], [ 923040.372628470184281, 9659921.020311214029789 ], [ 922910.380490739829838, 9660006.118213139474392 ], [ 922823.201272338628769, 9660105.132328297942877 ], [ 922779.777615087805316, 9660514.613984806463122 ], [ 922759.742258094483986, 9660611.505698585882783 ], [ 922528.776041275355965, 9660894.478311946615577 ], [ 922030.705903649097309, 9661666.260184429585934 ], [ 922733.834206396481022, 9661942.270176297053695 ], [ 922964.328165964223444, 9662090.673662891611457 ], [ 923068.640275381272659, 9662237.529805773869157 ], [ 923168.879547042422928, 9662366.34359036386013 ], [ 923472.838683713576756, 9662566.886723106727004 ], [ 923704.791378340451047, 9662560.194711375981569 ], [ 923802.670083439326845, 9662588.097109502181411 ], [ 924061.72096297214739, 9662748.586474942043424 ], [ 924261.77710573154036, 9662917.261203253641725 ], [ 924427.712890584836714, 9663231.290348308160901 ], [ 924494.497768607339822, 9663725.024694845080376 ], [ 924523.492318315547891, 9663862.06864482536912 ], [ 924617.596614453010261, 9664019.04483194462955 ], [ 924640.408660326618701, 9664139.936848049983382 ], [ 924640.999451424926519, 9664307.324469899758697 ], [ 924499.419731749570929, 9664551.652013475075364 ], [ 924605.759821312967688, 9664704.597616329789162 ], [ 924687.45428556331899, 9664784.958101246505976 ], [ 924925.766894610831514, 9664842.72124595195055 ], [ 925007.447764490731061, 9664919.093829283490777 ], [ 925085.247146100038663, 9665031.705638168379664 ], [ 925181.633476018439978, 9665267.33016119338572 ], [ 925262.360512816812843, 9665642.04092369414866 ], [ 925315.453071212978102, 9665696.358542118221521 ], [ 925440.063930304255337, 9665818.998312417417765 ], [ 925528.133156279684044, 9665969.905422016978264 ], [ 925569.208993548760191, 9666090.734607709571719 ], [ 925545.607572468230501, 9666346.834264636039734 ], [ 925600.951069955481216, 9666439.474907118827105 ], [ 925903.006137443706393, 9666696.535544209182262 ], [ 926105.177677714731544, 9666863.327968815341592 ], [ 926136.083219098392874, 9666974.112586515024304 ], [ 926262.473459909670055, 9667032.161737769842148 ], [ 926364.530194730032235, 9667106.470683535560966 ], [ 926456.468078149715438, 9667217.041229981929064 ], [ 926528.270832309382968, 9667366.01351922750473 ], [ 926565.316346388892271, 9667480.876089233905077 ], [ 926894.272496225079522, 9667848.739873560145497 ], [ 926863.982712797587737, 9667913.432823108509183 ], [ 926792.887284385738894, 9667966.082708960399032 ], [ 926787.086923782946542, 9668058.828568771481514 ], [ 926936.154817823320627, 9668199.44372346252203 ], [ 926872.569814709248021, 9668361.299445612356067 ], [ 927010.642079555429518, 9668574.184410199522972 ], [ 927164.311178117641248, 9668883.618507627397776 ], [ 927403.322454645531252, 9668882.78148740157485 ], [ 927495.033362323185429, 9668928.213974641636014 ], [ 927566.54505516088102, 9668993.99073189869523 ], [ 927674.581961593125015, 9669344.133381079882383 ], [ 927771.731800669571385, 9669511.409925457090139 ], [ 927873.974553764797747, 9669638.121821327134967 ], [ 928047.115827537840232, 9669718.83181363902986 ], [ 928210.215408576419577, 9669794.370117139071226 ], [ 928256.922463396331295, 9669901.114023929461837 ], [ 928212.416984360781498, 9669977.93283005617559 ], [ 928053.945101276156493, 9670079.190271552652121 ], [ 927972.794101522304118, 9670091.770998219028115 ], [ 927948.207239336334169, 9670099.722620913758874 ], [ 927807.372925892239437, 9669989.208798008039594 ], [ 927647.101218920550309, 9670149.076356576755643 ], [ 927377.78595804492943, 9669988.604366699233651 ], [ 927239.978351590805687, 9670170.549012787640095 ], [ 927067.629233899060637, 9670348.514350710436702 ], [ 926854.914705239469185, 9670385.259957280009985 ], [ 926707.277738621458411, 9670335.478536562994123 ], [ 926647.967724196380004, 9670255.035043098032475 ], [ 926564.316376071423292, 9670220.983627123758197 ], [ 926299.81432254309766, 9670258.130226381123066 ], [ 926201.941642691148445, 9670201.971686663106084 ], [ 926146.500587421935052, 9670048.952544154599309 ], [ 925941.035556837450713, 9670087.887308042496443 ], [ 925614.493438645265996, 9669867.126834442839026 ], [ 925520.473258530255407, 9669861.582371847704053 ], [ 924976.142217773711309, 9669817.721392020583153 ], [ 924645.216263611102477, 9669712.18860680423677 ], [ 924350.436600270913914, 9669784.332585629075766 ], [ 924172.32234036619775, 9669744.293967552483082 ], [ 923738.461277519003488, 9669308.882974948734045 ], [ 923570.589652868220583, 9669299.384209157899022 ], [ 923453.420618758536875, 9669233.655200332403183 ], [ 923259.358674934133887, 9669026.063293034210801 ], [ 923010.610125527484342, 9669138.701353564858437 ], [ 922903.841197522473522, 9669149.262830691412091 ], [ 922684.476776181720197, 9668967.127312200143933 ], [ 922221.542235317989253, 9668912.78702543489635 ], [ 921432.846147912554443, 9668824.12266893684864 ], [ 920878.462341181701049, 9668795.573224702849984 ], [ 920338.796253727283329, 9668609.447906978428364 ], [ 920262.019510682905093, 9668467.476787973195314 ], [ 920160.212858066661283, 9668462.732201674953103 ], [ 919951.367195239756256, 9668356.775629572570324 ], [ 919656.411222856026143, 9668373.079086042940617 ], [ 919580.020312521373853, 9668342.768386943265796 ], [ 919432.25741551478859, 9668251.888234032317996 ], [ 919056.03482650697697, 9668309.013706205412745 ], [ 918731.202912493841723, 9668477.842478083446622 ], [ 917713.311031840974465, 9668247.605760576203465 ], [ 917520.019083434599452, 9668258.459734477102757 ], [ 917392.518044741475023, 9668131.841029858216643 ], [ 917224.642053563846275, 9668117.240777183324099 ], [ 916970.366098379017785, 9668107.921095034107566 ], [ 916766.541631345869973, 9668001.946161339059472 ], [ 916624.300982246524654, 9668058.372832024469972 ], [ 916441.204421770060435, 9668053.904035460203886 ], [ 916319.360265872441232, 9668115.244997082278132 ], [ 916152.458455345593393, 9668385.099687110632658 ], [ 915975.091896607773378, 9668558.396910862997174 ], [ 915726.529960828833282, 9668721.745099684223533 ], [ 915441.597758045652881, 9668702.334477763622999 ], [ 915197.857552262721583, 9668809.946720521897078 ], [ 914989.700560134602711, 9668902.039955297484994 ], [ 914771.039759786101058, 9668918.069657335057855 ], [ 914557.363477529492229, 9668893.318964421749115 ], [ 914414.803284158464521, 9668822.68967910669744 ], [ 914389.706624750513583, 9668909.174628179520369 ], [ 914171.7364348055562, 9669128.350374829024076 ], [ 913822.251599193317816, 9669546.023774260655046 ], [ 913648.982763936277479, 9669450.131294876337051 ], [ 913567.698975854553282, 9669485.962883891537786 ], [ 913365.025977282319218, 9669684.811829511076212 ], [ 913055.480995521997102, 9669894.100221263244748 ], [ 913198.133043816196732, 9669959.636035650968552 ], [ 913137.313436803058721, 9670020.763398692011833 ], [ 913026.253739301580936, 9670275.238221077248454 ], [ 912889.716770954430103, 9670504.210951905697584 ], [ 912514.747384842252359, 9670896.701030919328332 ], [ 912265.967384048737586, 9671029.570370689034462 ], [ 912006.875498658744618, 9671076.186343044042587 ], [ 911803.234169664443471, 9671020.932586677372456 ], [ 911293.577323826728389, 9670667.084209887310863 ], [ 911014.015750088612549, 9670718.862414345145226 ], [ 910942.789654801716097, 9670698.720286130905151 ], [ 910734.199210784165189, 9670694.323703086003661 ], [ 909872.850451332167722, 9670097.862445184960961 ], [ 909872.119066645158455, 9669879.438895536586642 ], [ 909836.09367912216112, 9669762.703905377537012 ], [ 909739.028208701638505, 9669641.078416427597404 ], [ 909514.872569440864027, 9669509.799486272037029 ], [ 909316.0554729627911, 9669363.150552464649081 ], [ 909157.688260876340792, 9669124.876205552369356 ], [ 909035.303360339486971, 9669023.716846566647291 ], [ 908882.441832364071161, 9668932.849911605939269 ], [ 908816.127163815661334, 9668882.232121393084526 ], [ 908408.10977621213533, 9668512.767314719036222 ], [ 908148.598628933774307, 9668462.907887816429138 ], [ 908001.4343177000992, 9668509.809899676591158 ], [ 907955.494227601680905, 9668524.47347279638052 ], [ 907681.680442015873268, 9668759.096061704680324 ], [ 907387.819999586325139, 9669059.797163374722004 ], [ 907373.123855322599411, 9669227.427460748702288 ], [ 907261.434602582012303, 9669293.813405264168978 ], [ 907149.830204539932311, 9669385.673764310777187 ], [ 907094.40497762709856, 9669528.075041456148028 ], [ 907044.12561577744782, 9669711.108114121481776 ], [ 906856.692675135331228, 9669904.676253817975521 ], [ 906613.350246831774712, 9670128.998815739527345 ], [ 906496.588520764955319, 9670210.684235610067844 ], [ 906247.796113475691527, 9670302.886345131322742 ], [ 906064.783601480070502, 9670318.777835572138429 ], [ 905887.118234753608704, 9670436.106726691126823 ], [ 905462.506721970275976, 9671204.516328116878867 ], [ 905433.035190574359149, 9671519.611305050551891 ], [ 905453.847918166429736, 9671651.567066347226501 ], [ 905607.857313409913331, 9672092.987300647422671 ], [ 905573.460790084209293, 9672468.905247448012233 ], [ 905584.573673613369465, 9672733.028517011553049 ], [ 905605.42407502734568, 9672910.727957522496581 ], [ 905534.352516036713496, 9672936.435875086113811 ], [ 905300.94784230994992, 9673104.779654979705811 ], [ 905057.221550452872179, 9673181.780477181077003 ], [ 904884.833185184397735, 9673314.368884216994047 ], [ 904408.585970335174352, 9673864.509319197386503 ], [ 904140.187451748875901, 9674195.55256967805326 ], [ 904023.883001663489267, 9674419.439368609338999 ], [ 903872.022791812662035, 9674633.251560905948281 ], [ 903730.158709647250362, 9674770.829798828810453 ], [ 903476.355388825875707, 9674934.244993731379509 ], [ 903298.758762439945713, 9675041.479760594666004 ], [ 903233.026516260812059, 9675168.619569707661867 ], [ 902984.887211950495839, 9675499.587230090051889 ], [ 902807.536081546451896, 9675683.01887402869761 ], [ 902548.867036864045076, 9675892.075288716703653 ], [ 902300.179942725459114, 9676019.914384303614497 ], [ 902111.993283193325624, 9676020.521445048972964 ], [ 901791.549266525544226, 9675996.080945516005158 ], [ 901461.627618905622512, 9676174.904241014271975 ], [ 901375.368405359564349, 9676256.475325478240848 ], [ 901187.865865562576801, 9676434.838329829275608 ], [ 901035.574440603260882, 9676516.620859768241644 ], [ 900832.23193194065243, 9676547.73094567656517 ], [ 900593.059055539080873, 9676482.489447627216578 ], [ 900343.381893707672134, 9676335.988825630396605 ], [ 900191.368294105865061, 9676504.156076112762094 ], [ 900196.84818532760255, 9676615.777321208268404 ], [ 900086.143390304758213, 9676992.026478419080377 ], [ 899909.194196160649881, 9677302.477831346914172 ], [ 899843.229613337665796, 9677358.507754389196634 ], [ 899228.143281713593751, 9677401.116501258686185 ], [ 899136.661519079934806, 9677416.691865049302578 ], [ 899065.702415581094101, 9677477.831363644450903 ], [ 898971.215547383064404, 9678158.699829202145338 ], [ 898915.543126800796017, 9678229.979152223095298 ], [ 898742.840375325642526, 9678301.630065040662885 ], [ 898524.291883693309501, 9678348.064020238816738 ], [ 898361.495328292716295, 9678313.029544718563557 ], [ 898260.170249734888785, 9678420.003802131861448 ], [ 898230.175427202833816, 9678582.680762927979231 ], [ 898245.897164184367284, 9678729.929244754835963 ], [ 898302.229676703456789, 9678866.860122313722968 ], [ 897897.406361276633106, 9679482.694258388131857 ], [ 897796.030949931591749, 9679574.383107010275126 ], [ 897470.711718968814239, 9679626.243361415341496 ], [ 897038.415792610263452, 9679617.416465133428574 ], [ 896618.497888809535652, 9679507.546320624649525 ], [ 896422.177153836470097, 9679398.522849038243294 ], [ 896374.177394279278815, 9679077.724573532119393 ], [ 896491.046965486835688, 9678850.321685688570142 ], [ 896106.066767407814041, 9678554.064822494983673 ], [ 895532.170854072785005, 9678023.508555792272091 ], [ 895136.620945422211662, 9677586.749716714024544 ], [ 894587.971668608719483, 9676867.739720834419131 ], [ 894391.114237098954618, 9676586.511258197948337 ], [ 894304.710862975451164, 9676516.349388184025884 ], [ 894272.866734341485426, 9676375.580615036189556 ], [ 894068.166595309972763, 9676078.763027777895331 ], [ 893973.882748359581456, 9676016.378703171387315 ], [ 893942.421853136620484, 9675961.658857550472021 ], [ 893942.100163879105821, 9675859.884319707751274 ], [ 893595.263987438287586, 9675226.850917812436819 ], [ 893516.82920322753489, 9675211.483995473012328 ], [ 893250.794404800981283, 9675376.671446846798062 ], [ 892961.204695988912135, 9675487.223830983042717 ], [ 892741.724145011045039, 9675480.05368154682219 ], [ 892608.176149383885786, 9675394.426491908729076 ], [ 892419.279775912873447, 9675128.792932201176882 ], [ 892253.963394264224917, 9674925.766803881153464 ], [ 892120.676048344466835, 9674887.094859443604946 ], [ 892096.861854824470356, 9674785.396273862570524 ], [ 891915.439229685231112, 9674417.967175539582968 ], [ 891734.610594450263306, 9674238.469153849408031 ], [ 891428.846914944238961, 9674231.682768952101469 ], [ 891240.547295731375925, 9674153.981711668893695 ], [ 891130.420715339249, 9674044.69369063153863 ], [ 890973.655266842106357, 9674045.188405752182007 ], [ 890564.772507484187372, 9673608.048707976937294 ], [ 890470.272045949008316, 9673475.345432624220848 ], [ 890305.170837532961741, 9673303.551748361438513 ], [ 890171.603382133180276, 9673210.064144045114517 ], [ 890070.001580826705322, 9673296.542006839066744 ], [ 890030.810835170326754, 9673296.665651382878423 ], [ 889951.935370420571417, 9673140.325639378279448 ], [ 889810.402101452928036, 9672992.046229930594563 ], [ 889684.962854570592754, 9672968.964856604114175 ], [ 889512.712683859746903, 9673000.847994305193424 ], [ 889317.078413512790576, 9673208.329072026535869 ], [ 889149.27448504162021, 9673237.871630977839231 ], [ 889062.057745098718442, 9673225.300247747451067 ], [ 888706.424261452397332, 9673324.313668018206954 ], [ 888558.08454972167965, 9673489.118460424244404 ], [ 888424.938624007278122, 9673528.738602519035339 ], [ 888315.174537547980435, 9673497.743752161040902 ], [ 888142.986015857895836, 9673584.43969813734293 ], [ 887962.733898014528677, 9673585.004978125914931 ], [ 887876.560357964597642, 9673585.275129925459623 ], [ 887766.562753758975305, 9673515.078884374350309 ], [ 887485.003816105308942, 9673696.02286103181541 ], [ 887328.391222803620622, 9673743.466328931972384 ], [ 887188.088971526478417, 9673986.644612127915025 ], [ 887110.442850282182917, 9674221.764010952785611 ], [ 887080.061399009544402, 9674511.440444260835648 ], [ 887056.727015191223472, 9674597.667878424748778 ], [ 886970.919401946128346, 9674715.318264393135905 ], [ 887010.792603463632986, 9674934.456360593438148 ], [ 886964.0769347329624, 9675020.645683905109763 ], [ 886885.818726024590433, 9675060.090720448642969 ], [ 886766.866602775873616, 9675045.732705814763904 ], [ 886675.547348925145343, 9675109.802035126835108 ], [ 886542.821318244794384, 9675248.858841575682163 ], [ 886462.437226507696323, 9675249.108643252402544 ], [ 886373.840653273276985, 9675293.679059028625488 ], [ 886332.304809630615637, 9675327.140157535672188 ], [ 886310.923553407425061, 9675576.69884655252099 ], [ 886289.000050427741371, 9675651.625614797696471 ], [ 886206.133897301740944, 9675784.989350786432624 ], [ 886062.358041130821221, 9675915.662333268672228 ], [ 885965.30822250363417, 9675927.147406393662095 ], [ 885745.942640500841662, 9675808.562574764713645 ], [ 885673.814722541021183, 9675814.322731219232082 ], [ 885871.255693107610568, 9675971.733567025512457 ], [ 885874.168013846967369, 9676049.351425249129534 ], [ 885791.420871985610574, 9676185.482094889506698 ], [ 885627.997687465511262, 9676227.513847444206476 ], [ 885519.925649737240747, 9676275.021819613873959 ], [ 885406.569191498681903, 9676377.914339071139693 ], [ 885268.145349300000817, 9676439.357632484287024 ], [ 885193.114365441375412, 9676406.368197558447719 ], [ 885106.693244742462412, 9676254.150680813938379 ], [ 885045.536231820937246, 9676207.165715325623751 ], [ 884967.704738553380594, 9676168.537470977753401 ], [ 884878.997149188537151, 9676177.227193605154753 ], [ 884818.062775150872767, 9676202.330853637307882 ], [ 884630.026853263145313, 9676349.857493698596954 ], [ 884560.930365876527503, 9676436.001525117084384 ], [ 884558.403170794830658, 9676519.171998493373394 ], [ 884641.595568840275519, 9676527.220948865637183 ], [ 884735.785014361026697, 9676490.941524727270007 ], [ 884821.76091395644471, 9676498.981769634410739 ], [ 884974.400443930411711, 9676534.50053408741951 ], [ 885149.162132338620722, 9676558.988071514293551 ], [ 885204.812263368978165, 9676589.26899091526866 ], [ 885257.704685222706757, 9676663.963829219341278 ], [ 885249.619519838597625, 9676749.920413866639137 ], [ 885161.235805782023817, 9676863.9193414747715 ], [ 885147.772059888578951, 9676974.918850727379322 ], [ 885142.614851729595102, 9677107.929322397336364 ], [ 885123.472690299386159, 9677218.946250112727284 ], [ 885048.731857366161421, 9677244.091957949101925 ], [ 884935.30558593547903, 9677324.835472544655204 ], [ 884835.701843352522701, 9677411.073034562170506 ], [ 884747.274394382489845, 9677511.228768944740295 ], [ 884661.715163155691698, 9677639.059469353407621 ], [ 884581.474860602989793, 9677722.468471251428127 ], [ 884534.652074601501226, 9677811.311585739254951 ], [ 884462.608567214221694, 9677844.753291711211205 ], [ 884373.882731195539236, 9677847.79372974857688 ], [ 884282.025297236163169, 9677737.228956092149019 ], [ 884173.799755572341383, 9677698.692575108259916 ], [ 884024.003354664659128, 9677682.541396526619792 ], [ 883918.612785292556509, 9677660.717278864234686 ], [ 883843.446728670154698, 9677583.322212992236018 ], [ 883754.254386412794702, 9677433.881661867722869 ], [ 883704.249016239657067, 9677392.398540701717138 ], [ 883657.119988932041451, 9677417.569073116406798 ], [ 883640.879240576410666, 9677531.232891814783216 ], [ 883638.392949334695004, 9677628.244316607713699 ], [ 883621.998568321927451, 9677728.177415486425161 ], [ 883575.175524883088656, 9677817.019359985366464 ], [ 883273.461916328873485, 9678000.875625060871243 ], [ 883212.416885207640007, 9677989.988687304779887 ], [ 883134.562879544217139, 9677907.064981993287802 ], [ 883070.67542489990592, 9677876.808219853788614 ], [ 883004.224537253146991, 9677918.536567360162735 ], [ 883018.378343988908455, 9677996.11806976236403 ], [ 883004.757733379141428, 9678093.162877008318901 ], [ 882922.285053352592513, 9678320.862596428021789 ], [ 882867.017862172331661, 9678379.166543180122972 ], [ 882783.816154430503957, 9678404.446063939481974 ], [ 882631.136274167452939, 9678354.970337726175785 ], [ 882600.808216682286002, 9678413.308742454275489 ], [ 882531.6765275481157, 9678452.27613384462893 ], [ 882448.483379326527938, 9678480.323611022904515 ], [ 882356.933251955779269, 9678469.528938230127096 ], [ 882349.504558621905744, 9678479.628304217010736 ], [ 882310.033165911911055, 9678533.454195313155651 ], [ 882329.598979722475633, 9678597.066446863114834 ], [ 882365.941335746319965, 9678685.764206891879439 ], [ 882410.56604487914592, 9678752.179368091747165 ], [ 882466.212527879979461, 9678818.450314462184906 ], [ 882477.774338323040865, 9678995.921261245384812 ], [ 882378.330339464591816, 9679098.762810193002224 ], [ 882323.256433248054236, 9679220.958459082990885 ], [ 882256.922500206390396, 9679301.552346911281347 ], [ 882146.056525641004555, 9679346.182124964892864 ], [ 882226.694418880622834, 9679393.10989498719573 ], [ 882273.915240724687465, 9679434.602401623502374 ], [ 882318.632031351793557, 9679531.469281753525138 ], [ 882321.869432551437058, 9679681.171174101531506 ], [ 882274.974288712372072, 9679783.852540638297796 ], [ 882250.379855091217905, 9679897.650314759463072 ], [ 882214.752344885724597, 9680044.701456235721707 ], [ 882179.049161553848535, 9680166.837708739563823 ], [ 882212.623524948372506, 9680260.970211198553443 ], [ 882251.98267702490557, 9680427.172723732888699 ], [ 882255.009171657497063, 9680507.556038562208414 ], [ 882227.580209812382236, 9680604.752160847187042 ], [ 882122.430206471122801, 9680699.303962212055922 ], [ 881997.840832070680335, 9680771.767544124275446 ], [ 881912.216065083979629, 9680880.101495573297143 ], [ 881893.178418896510266, 9680991.113443264737725 ], [ 881918.426830491516739, 9681093.576101057231426 ], [ 881929.75271408224944, 9681157.324197387322783 ], [ 882007.637860765913501, 9681251.323265802115202 ], [ 882032.805275084334426, 9681290.004003744572401 ], [ 882091.351765156257898, 9681395.245543174445629 ], [ 882102.749772542156279, 9681519.896825501695275 ], [ 882047.546495894668624, 9681600.455428270623088 ], [ 881989.576711471076123, 9681686.669639537110925 ], [ 881903.800118847168051, 9681745.062675850465894 ], [ 881753.986409866018221, 9681723.36682959459722 ], [ 881684.740978200221434, 9681762.442329524084926 ], [ 881571.600157023523934, 9681940.176283936947584 ], [ 881485.865305115352385, 9682012.520780745893717 ], [ 881341.848503646673635, 9682104.418227853253484 ], [ 881200.743281135801226, 9682201.953874481841922 ], [ 881148.20594882266596, 9682243.636027585715055 ], [ 881065.229291314492002, 9682307.666523171588778 ], [ 880990.308607943821698, 9682310.659360771998763 ], [ 880918.18316889856942, 9682280.424178933724761 ], [ 880723.432479144306853, 9682086.894753543660045 ], [ 880570.64584740519058, 9682001.42476886883378 ], [ 880498.392626071814448, 9681965.54275231435895 ], [ 880373.24592087068595, 9681852.307193126529455 ], [ 880234.30195469269529, 9681741.770666060969234 ], [ 880167.616165779531002, 9681705.982800114899874 ], [ 880098.440847637830302, 9681731.104531474411488 ], [ 880073.548475682968274, 9681783.887096719816327 ], [ 880082.255596071947366, 9681903.11844483204186 ], [ 880065.990531286806799, 9682011.351421235129237 ], [ 879985.827243466279469, 9682122.433013370260596 ], [ 879941.839215921936557, 9682230.637982295826077 ], [ 879847.779084727633744, 9682311.309723429381847 ], [ 879758.929719848558307, 9682272.819374362006783 ], [ 879711.790084065054543, 9682295.10633429326117 ], [ 879673.21138548781164, 9682350.697629114612937 ], [ 879634.587409742176533, 9682428.435135686770082 ], [ 879609.880151376593858, 9682506.131046369671822 ], [ 879590.719035951886326, 9682614.261284429579973 ], [ 879563.261241838219576, 9682703.038367036730051 ], [ 879466.487217635614797, 9682769.875897072255611 ], [ 879566.267777023254894, 9682777.883266234770417 ], [ 879668.926637193653733, 9682780.34545641951263 ], [ 879757.652228606631979, 9682777.312588080763817 ], [ 879818.77142564218957, 9682813.228530274704099 ], [ 879863.206607399508357, 9682854.620062552392483 ], [ 879855.133263774914667, 9682910.120306646451354 ], [ 879822.092012935318053, 9682993.377688573673368 ], [ 879758.594657201319933, 9683093.446110043674707 ], [ 879822.538522987626493, 9683143.195168484002352 ], [ 879878.206534284050576, 9683217.883362546563148 ], [ 879872.796456606709398, 9683270.496647907420993 ], [ 879850.863649775274098, 9683345.416037280112505 ], [ 879753.927845884812996, 9683395.644241217523813 ], [ 879629.129177289316431, 9683398.78393904492259 ], [ 879496.009499532403424, 9683374.265640212222934 ], [ 879443.005757540930063, 9683296.801281791180372 ], [ 879401.255108495242894, 9683222.071752591058612 ], [ 879304.278190964716487, 9683258.347624413669109 ], [ 879229.34989262802992, 9683258.570477871224284 ], [ 879121.013124258024618, 9683181.27082141675055 ], [ 879154.541212341748178, 9683261.561184795573354 ], [ 879188.06106287566945, 9683339.083359284326434 ], [ 879160.544742066878825, 9683408.482221076264977 ], [ 879091.298672561184503, 9683447.554251056164503 ], [ 879005.298614188097417, 9683431.089508997276425 ], [ 878924.791701474925503, 9683389.804926350712776 ], [ 878860.560560775687918, 9683243.05722370557487 ], [ 878777.233174804947339, 9683226.695317419245839 ], [ 878813.568940885481425, 9683315.281918466091156 ], [ 878911.130068750586361, 9683475.77188535220921 ], [ 878983.431429513031617, 9683528.264627350494266 ], [ 879186.068707214202732, 9683605.28457966633141 ], [ 879275.000423712306656, 9683671.56927009858191 ], [ 879355.787994935177267, 9683807.195385787636042 ], [ 879483.658265182981268, 9683901.04719883017242 ], [ 879553.283760647289455, 9683989.53555541858077 ], [ 879601.102976860012859, 9684233.333002822473645 ], [ 879634.573497764766216, 9684294.246234295889735 ], [ 879789.632295684772544, 9684207.858949201181531 ], [ 879853.452588015934452, 9684215.974239902570844 ], [ 879903.479541384847835, 9684265.765291312709451 ], [ 879906.600276951910928, 9684379.365917220711708 ], [ 879898.439365847501904, 9684443.171130968257785 ], [ 879848.782752444734797, 9684518.17254132963717 ], [ 879746.390021732542664, 9684568.415844548493624 ], [ 879602.2953932271339, 9684635.392167046666145 ], [ 879585.903167571639642, 9684701.879080075770617 ], [ 879627.715561182703823, 9684759.999468646943569 ], [ 879694.315019567031413, 9684804.205117607489228 ], [ 879774.992184757255018, 9684864.978683955967426 ], [ 879813.934222474810667, 9684931.301759339869022 ], [ 879836.489269455661997, 9685028.345847489312291 ], [ 879795.079137174529023, 9685106.09076 ], [ 879806.352167391916737, 9685153.117957567796111 ], [ 879903.261138758505695, 9685130.684838272631168 ], [ 879975.464978457661346, 9685149.848897123709321 ], [ 880022.790517603745684, 9685227.331139544025064 ], [ 880039.261188246891834, 9685149.659920385107398 ], [ 880105.726030204910785, 9685110.707126244902611 ], [ 880163.922613929957151, 9685099.461543239653111 ], [ 880236.031732109608129, 9685124.162323847413063 ], [ 880280.611608610372059, 9685176.738253450021148 ], [ 880383.671081525739282, 9685351.056106328964233 ], [ 880386.700911936000921, 9685434.206386910751462 ], [ 880339.974594087339938, 9685559.138999586924911 ], [ 880409.067220040713437, 9685467.47027463465929 ], [ 880472.645551825407892, 9685431.183464046567678 ], [ 880553.233145091682673, 9685461.395819244906306 ], [ 880597.693692307686433, 9685511.203999105840921 ], [ 880611.94790580519475, 9685624.8831124920398 ], [ 880603.695939986384474, 9685658.127035353332758 ], [ 880551.377889268565923, 9685774.771567493677139 ], [ 880501.74446997162886, 9685858.077841378748417 ], [ 880474.114989802939817, 9685927.477492081001401 ], [ 880571.234845709055662, 9685938.263282809406519 ], [ 880635.13830875325948, 9685974.061943558976054 ], [ 880652.003257242729887, 9686029.488582981750369 ], [ 880652.29841517470777, 9686129.256911188364029 ], [ 880547.270576082868502, 9686268.203401142731309 ], [ 880514.234231312409975, 9686354.228678774088621 ], [ 880583.614993962459266, 9686359.670965176075697 ], [ 880758.264529783744365, 9686345.202513393014669 ], [ 880855.376754871220328, 9686353.220228563994169 ], [ 880947.012518053175882, 9686391.816099559888244 ], [ 880997.064794878475368, 9686449.913071878254414 ], [ 880994.502672199392691, 9686524.775469927117229 ], [ 880931.442461638245732, 9686774.440917029976845 ], [ 880843.155396863818169, 9686927.290133597329259 ], [ 881051.612733453977853, 9687087.457528797909617 ], [ 881102.013603969826363, 9687225.945301536470652 ], [ 881130.277018636581488, 9687408.791333014145494 ], [ 881160.890748740872368, 9687444.799708783626556 ], [ 881199.882478041574359, 9687527.844563070684671 ], [ 881222.510057185427286, 9687649.693983698263764 ], [ 881211.792748426902108, 9687791.130578374490142 ], [ 881173.261678611161187, 9687902.19771440513432 ], [ 881095.99165448313579, 9688016.036363014951348 ], [ 880960.311033967649564, 9688069.144069351255894 ], [ 880885.338045625016093, 9688055.523140497505665 ], [ 880796.395728245959617, 9687986.466668533161283 ], [ 880732.295717134140432, 9687884.006939020007849 ], [ 880657.11637805972714, 9687762.31260128505528 ], [ 880760.247813417343423, 9687961.547628236934543 ], [ 880896.602392455097288, 9688099.782744301483035 ], [ 881110.610774211818352, 9688254.399478156119585 ], [ 881241.464170011109672, 9688414.797675307840109 ], [ 881260.992564288782887, 9688467.448779979720712 ], [ 881250.151750132674351, 9688567.250378176569939 ], [ 881245.005838565761223, 9688672.682560704648495 ], [ 881264.493150376016274, 9688711.381572730839252 ], [ 881328.365438911132514, 9688736.21937801875174 ], [ 881455.987485577119514, 9688744.149222481995821 ], [ 881519.406082673813216, 9688652.497755959630013 ], [ 881535.829854102106765, 9688558.105360120534897 ], [ 881579.997257238137536, 9688508.145770052447915 ], [ 881679.829778696177527, 9688493.899644685909152 ], [ 881760.341186495497823, 9688535.298141978681087 ], [ 881821.707653825636953, 9688654.376710623502731 ], [ 881822.041963442927226, 9688767.98758389800787 ], [ 881783.816898811142892, 9688945.604654559865594 ], [ 881814.47120403801091, 9688995.34428102709353 ], [ 881903.129733459325507, 9688967.400388106703758 ], [ 881966.928991547552869, 9688967.212752636522055 ], [ 882030.747235215152614, 9689011.318236939609051 ], [ 882067.140444558113813, 9689119.397380668669939 ], [ 881921.072176253655925, 9689427.55354730784893 ], [ 882048.817894441541284, 9689477.118946354836226 ], [ 882112.78857358219102, 9689535.17665102891624 ], [ 882110.314225330017507, 9689640.491085726767778 ], [ 882080.034028172725812, 9689718.203856531530619 ], [ 881910.993012412916869, 9689749.151428045704961 ], [ 881841.707762346370146, 9689777.148587454110384 ], [ 881913.868567664176226, 9689818.461774941533804 ], [ 882008.290324704372324, 9689857.052094843238592 ], [ 882094.263668639818206, 9689862.336545871570706 ], [ 882185.820513015030883, 9689873.141222948208451 ], [ 882255.057237639091909, 9689828.534010840579867 ], [ 882274.203133420436643, 9689750.853797007352114 ], [ 882232.403431603335775, 9689659.51088759303093 ], [ 882223.865349267260171, 9689595.753634182736278 ], [ 882254.16165108513087, 9689523.577302051708102 ], [ 882337.294466637074947, 9689509.491347884759307 ], [ 882409.510111233452335, 9689531.425768405199051 ], [ 882473.513712967513129, 9689600.556777836754918 ], [ 882540.455868276068941, 9689722.388366816565394 ], [ 882543.524462052853778, 9689819.381930666044354 ], [ 882589.280050829518586, 9690310.018745882436633 ], [ 882631.069340717280284, 9690359.837020825594664 ], [ 882669.849693729542196, 9690370.796631971374154 ], [ 882753.240984672214836, 9690406.540456935763359 ], [ 882811.65323166444432, 9690467.383410807698965 ], [ 882867.411828462732956, 9690572.52773548848927 ], [ 882887.159918961930089, 9690700.035247726365924 ], [ 882881.820222060894594, 9690777.675350069999695 ], [ 882818.360851079807617, 9690894.353306585922837 ], [ 882732.670326883671805, 9690986.070359498262405 ], [ 882724.528051756089553, 9691019.314311396330595 ], [ 882763.471309809014201, 9691085.862009150907397 ], [ 882952.739591597113758, 9691307.107914056628942 ], [ 882972.373284301836975, 9691395.748353090137243 ], [ 882878.572241460438818, 9691531.893219111487269 ], [ 882870.415554577019066, 9691598.357376869767904 ], [ 883115.004778576781973, 9691775.14892172254622 ], [ 883178.984524832805619, 9691835.97639244236052 ], [ 883201.409795312792994, 9691927.37727427482605 ], [ 883190.477723805117421, 9691996.728818411007524 ], [ 883066.063321336638182, 9692135.731306336820126 ], [ 882969.43643608270213, 9692257.93145140260458 ], [ 882917.078756103408523, 9692402.259719599038363 ], [ 882939.542102652951144, 9692468.745290940627456 ], [ 883296.059459269046783, 9692997.236667733639479 ], [ 883312.787637637811713, 9693044.360739190131426 ], [ 883343.539062686730176, 9693127.432631162926555 ], [ 883352.180650856578723, 9693227.179087925702333 ], [ 883444.047619753982872, 9693343.404198210686445 ], [ 883454.527875964413397, 9693424.542023502290249 ], [ 883420.336286268546246, 9693498.501364374533296 ], [ 883371.721708834404126, 9693705.383794257417321 ], [ 883268.60856998199597, 9693818.964615866541862 ], [ 883121.118397999554873, 9693873.541974890977144 ], [ 883086.729128894628957, 9693917.935432098805904 ], [ 883067.389317747205496, 9694006.689510585740209 ], [ 883067.632211644668132, 9694090.403713630512357 ], [ 883043.155755916843191, 9694174.18960639834404 ], [ 882969.445958801428787, 9694213.713884897530079 ], [ 882836.722040719119832, 9694253.519823621958494 ], [ 882590.859976506792009, 9694367.512417137622833 ], [ 882477.818630922818556, 9694436.71576645411551 ], [ 882423.888782561989501, 9694500.875651372596622 ], [ 882311.061131787486374, 9694644.047763923183084 ], [ 882247.446356932632625, 9694747.656345991417766 ], [ 882247.773199274786748, 9694860.824659528210759 ], [ 882311.800726354122162, 9694900.060777101665735 ], [ 882577.785397493862547, 9694928.858267271891236 ], [ 882765.078199717681855, 9695007.048606572672725 ], [ 882859.052311507286504, 9695159.478842452168465 ], [ 882847.936849429621361, 9695281.871753130108118 ], [ 882770.300925218733028, 9695543.205933911725879 ], [ 882776.031604668940417, 9695715.601720444858074 ], [ 882661.504866373143159, 9695888.344029400497675 ], [ 882657.256638163235039, 9695959.77939935028553 ], [ 882687.941735963802785, 9696020.594477726146579 ], [ 882891.043033522553742, 9696020.00941370241344 ], [ 883078.787333702668548, 9695983.922704394906759 ], [ 883648.072493466781452, 9696235.97304986231029 ], [ 883719.216688809217885, 9696271.31359831802547 ], [ 883978.306389152305201, 9696301.01791176199913 ], [ 884181.527658085105941, 9696340.960134845227003 ], [ 884262.761201565619558, 9696360.990048615261912 ], [ 884349.454103353084065, 9696497.71918716840446 ], [ 884461.59408342698589, 9696654.750337649136782 ], [ 884613.908598653040826, 9696649.216657711192966 ], [ 884781.918098825379275, 9696795.788369257003069 ], [ 884924.223634182824753, 9696871.563588883727789 ], [ 884985.64039373153355, 9697008.366564027965069 ], [ 885082.306161577696912, 9697089.256925825029612 ], [ 885229.397147786570713, 9697048.191901428624988 ], [ 885305.591955081326887, 9697058.159481480717659 ], [ 885407.864132433198392, 9697306.467158202081919 ], [ 885499.621955659938976, 9697422.807668348774314 ], [ 885474.643502736696973, 9697564.95469263009727 ], [ 885337.772475563106127, 9697636.442362094298005 ], [ 885211.063636749982834, 9697717.977403616532683 ], [ 885140.303549611475319, 9697855.161935618147254 ], [ 885110.692866123048589, 9698129.208299748599529 ], [ 885115.952005636761896, 9698215.456573210656643 ], [ 885177.13411384599749, 9698270.980810502544045 ], [ 885268.196310435771011, 9698184.56598861888051 ], [ 885354.480895256856456, 9698179.223711654543877 ], [ 885304.302015828317963, 9698387.330916112288833 ], [ 885481.731203864444979, 9698285.385745072737336 ], [ 885557.955817331327125, 9698305.431044699624181 ], [ 885589.182515094988048, 9698553.944740943610668 ], [ 885523.93714428297244, 9698828.094578308984637 ], [ 885630.576489001861773, 9698853.146702669560909 ], [ 885787.798768581706099, 9698771.524551637470722 ], [ 885879.235811903839931, 9698776.355366587638855 ], [ 885909.810971114085987, 9698837.172684859484434 ], [ 885910.073458876926452, 9698928.419143484905362 ], [ 886041.819500415818766, 9698816.417197410017252 ], [ 886229.953555292799138, 9698912.327702151611447 ], [ 886352.05388070945628, 9699008.317663699388504 ], [ 886393.239254535757937, 9699196.009754680097103 ], [ 886540.670758056920022, 9699271.662183227017522 ], [ 886738.603714446653612, 9699250.827440747991204 ], [ 886905.887807385879569, 9699143.705015808343887 ], [ 887259.806030027102679, 9698650.563507836312056 ], [ 887315.399066640296951, 9698543.872542703524232 ], [ 887391.361573735019192, 9698472.669587569311261 ], [ 887492.903858674224466, 9698467.281949285417795 ], [ 887604.946782435989007, 9698588.770411668345332 ], [ 887671.251360171823762, 9698720.468526922166348 ], [ 887808.575017874594778, 9698765.695844868198037 ], [ 887986.453893731464632, 9698856.5410843398422 ], [ 888205.691573238233104, 9699155.235240017995238 ], [ 888307.719254603609443, 9699317.284260243177414 ], [ 888444.918231323012151, 9699357.418330695480108 ], [ 888531.030314183910377, 9699291.279241625219584 ], [ 888597.212464820360765, 9699341.806619513779879 ], [ 888689.040047233458608, 9699519.167725471779704 ], [ 888729.891164763481356, 9699590.0338823068887 ], [ 889055.05640038009733, 9699665.172032339498401 ], [ 889095.922531234915368, 9699741.13239399343729 ], [ 889025.491571066784672, 9699954.510963475331664 ], [ 889051.218714597634971, 9700071.156823437660933 ], [ 889417.882387467427179, 9700440.413804553449154 ], [ 889519.618783731246367, 9700501.027374541386962 ], [ 889702.56624152418226, 9700571.483842110261321 ], [ 889743.374068663455546, 9700627.179402004927397 ], [ 889748.883494084817357, 9700799.697906425222754 ], [ 889825.654553452273831, 9701007.447940973564982 ], [ 889841.116128750494681, 9701078.499085558578372 ], [ 889811.115079334005713, 9701256.103479716926813 ], [ 889983.426936610136181, 9701113.636413080617785 ], [ 890252.22703778068535, 9701026.592923162505031 ], [ 890353.99383175780531, 9701097.284325174987316 ], [ 890394.933817154262215, 9701198.605418227612972 ], [ 890334.546318812528625, 9701381.50338345207274 ], [ 890314.459721927996725, 9701483.000602401793003 ], [ 890284.306676749605685, 9701569.355211922898889 ], [ 890314.986263311700895, 9701665.61190059967339 ], [ 890391.406647306401283, 9701751.659325513988733 ], [ 890533.323815576848574, 9701649.810738107189536 ], [ 890619.512395116966218, 9701608.919850189238787 ], [ 890721.104340400663204, 9701618.814950337633491 ], [ 890802.434026771807112, 9701669.30008028447628 ], [ 890864.002413880312815, 9701856.830295180901885 ], [ 890940.136434491025284, 9701881.970616463571787 ], [ 891112.640900646685623, 9701805.39279711805284 ], [ 891198.903507693205029, 9701789.972004365175962 ], [ 891300.671777063747868, 9701860.664085898548365 ], [ 891356.766792950686067, 9701926.504704762250185 ], [ 891301.447924653533846, 9702129.544878898188472 ], [ 891332.151968977996148, 9702195.458893230184913 ], [ 891774.231330575421453, 9702336.266231728717685 ], [ 891779.632170110475272, 9702432.597143869847059 ], [ 891729.157404366182163, 9702539.277612393721938 ], [ 891668.387709917966276, 9702590.283915665000677 ], [ 891659.306020590709522, 9702955.54041793756187 ], [ 891715.289790551876649, 9703021.38202247209847 ], [ 892065.716894409386441, 9703045.732695683836937 ], [ 892131.931982338428497, 9703106.450757527723908 ], [ 892157.615570060443133, 9703207.817782511934638 ], [ 892208.661402432713658, 9703299.034135041758418 ], [ 892168.276119166752324, 9703390.51385529153049 ], [ 892077.268330398947001, 9703537.843116391450167 ], [ 892194.60194299230352, 9703715.138082662597299 ], [ 892261.094178251340054, 9703872.202714493498206 ], [ 892281.800544375553727, 9704024.415647393092513 ], [ 892409.195071488618851, 9704176.100617839023471 ], [ 892485.574043133994564, 9704246.97865941375494 ], [ 892511.519476976012811, 9704439.709160389378667 ], [ 892634.447124891332351, 9704819.872421264648438 ], [ 892634.985474306857213, 9705007.58192104101181 ], [ 892529.205345986178145, 9705092.161239510402083 ], [ 892414.628423648420721, 9705138.337417611852288 ], [ 892317.665338971186429, 9705385.241170018911362 ], [ 892421.834696915582754, 9705671.769371574744582 ], [ 892348.201694549992681, 9706016.17114382982254 ], [ 892446.021807325771078, 9706107.587642287835479 ], [ 892388.92931467294693, 9706199.557148586958647 ], [ 892291.321982527151704, 9706182.670399881899357 ], [ 892113.208693198743276, 9706131.461303912103176 ], [ 891865.731309744296595, 9705891.30066798068583 ], [ 891538.796564724296331, 9705984.038752410560846 ], [ 891372.221406960394233, 9705955.83099371753633 ], [ 891022.068556845770217, 9705951.069425888359547 ], [ 890573.922764834016562, 9705831.857182845473289 ], [ 890101.710414016619325, 9705276.946109671145678 ], [ 889946.054059689398855, 9705053.692029442638159 ], [ 889721.689098677248694, 9704870.722294731065631 ], [ 889457.15571419056505, 9704699.495108138769865 ], [ 889250.592389696510509, 9704705.730776607990265 ], [ 889141.211789220338687, 9704620.107535710558295 ], [ 889037.66806930617895, 9704511.433832459151745 ], [ 888790.335756607819349, 9704357.21236208640039 ], [ 888595.049008597387001, 9704294.646275095641613 ], [ 888491.574357333593071, 9704249.094398388639092 ], [ 888445.366788351791911, 9704134.499690951779485 ], [ 888255.679221220081672, 9704043.347073215991259 ], [ 888071.603125244379044, 9703888.946535220369697 ], [ 887870.690764409955591, 9703883.759480224922299 ], [ 887790.124862697790377, 9703826.625816538929939 ], [ 887743.983371530892327, 9703735.065300593152642 ], [ 886876.384690858540125, 9703427.795966414734721 ], [ 886761.230560751399025, 9703307.640343070030212 ], [ 886560.386995960958302, 9703325.485761756077409 ], [ 886244.292900860193186, 9703188.736456578597426 ], [ 886031.491979820188135, 9703034.41920543462038 ], [ 885858.468974486342631, 9702730.937656719237566 ], [ 885714.553902516141534, 9702599.458901328966022 ], [ 885323.610212923493236, 9702376.881337342783809 ], [ 885093.647267375607044, 9702216.966825796291232 ], [ 884834.7950469981879, 9702039.970591960474849 ], [ 884725.662956153275445, 9702000.083306042477489 ], [ 884479.011443783529103, 9702040.980042280629277 ], [ 884037.545411896659061, 9702260.157515106722713 ], [ 883774.201910675968975, 9702501.750405175611377 ], [ 883728.517636476317421, 9702570.645664144307375 ], [ 883740.181872338056564, 9702639.489594802260399 ], [ 883625.827314179274254, 9702800.377489760518074 ], [ 883448.606651757610962, 9703018.802538761869073 ], [ 883173.937711723148823, 9703352.221321053802967 ], [ 882984.939284122548997, 9703461.715004965662956 ], [ 882721.060048693325371, 9703514.058426029980183 ], [ 882537.404097925755195, 9703543.254112653434277 ], [ 882267.750211025821045, 9703561.285219563171268 ], [ 882078.174521657405421, 9703504.457317596301436 ], [ 881836.657268312294036, 9703350.219609964638948 ], [ 881773.358474219683558, 9703293.03767511062324 ], [ 881681.571570874191821, 9703321.974715197458863 ], [ 881601.397810475900769, 9703362.395256970077753 ], [ 881549.938236938556656, 9703437.062241107225418 ], [ 881458.360307554947212, 9703540.631815897300839 ], [ 881367.198061713017523, 9703753.049572847783566 ], [ 881286.960659593110904, 9703810.63311031460762 ], [ 881132.484310514526442, 9704000.30551303550601 ], [ 880978.374832272413187, 9704281.772667340934277 ], [ 880909.654304786352441, 9704356.486640531569719 ], [ 880829.975035395240411, 9704574.628252521157265 ], [ 880646.830819649156183, 9704787.299311948940158 ], [ 880457.752071449067444, 9704908.300558412447572 ], [ 880401.328457323252223, 9705241.09327720105648 ], [ 880442.164111441466957, 9705470.414621880277991 ], [ 880592.190669286064804, 9705762.439441185444593 ], [ 880650.03149525844492, 9705940.113453695550561 ], [ 880656.075993170379661, 9706031.782174933701754 ], [ 880702.160868446575478, 9706106.176663983613253 ], [ 880846.095463067293167, 9706249.175134718418121 ], [ 881001.674416842637584, 9706495.343443613499403 ], [ 881024.867983833653852, 9706546.880170160904527 ], [ 881093.924306872067973, 9706632.727531081065536 ], [ 881168.961809686152264, 9706787.433574818074703 ], [ 881329.903189768781886, 9706878.674238942563534 ], [ 881491.035973698017187, 9706998.704808432608843 ], [ 881560.315141117782332, 9707164.943541629239917 ], [ 881704.045023939805105, 9707233.310679323971272 ], [ 881865.051425715791993, 9707347.584032827988267 ], [ 881830.990697281318717, 9707473.802513875067234 ], [ 881947.941568933194503, 9707603.368392450734973 ], [ 882084.216382710728794, 9707754.141718318685889 ], [ 882268.639444108353928, 9708000.23397328145802 ], [ 882423.983232162892818, 9708160.367570500820875 ], [ 882510.666415789164603, 9708337.965483624488115 ], [ 882545.535667098243721, 9708504.190411543473601 ], [ 882753.009867223328911, 9708830.502508414909244 ], [ 882845.435300136683509, 9709030.896563071757555 ], [ 882828.775166173232719, 9709248.865955719724298 ], [ 882880.967998362379149, 9709438.076440034434199 ], [ 882904.334503462305292, 9709592.817567298188806 ], [ 883083.535563743906096, 9710045.335802905261517 ], [ 883383.308725069626234, 9710526.314938310533762 ], [ 883550.393622552743182, 9710743.780706223100424 ], [ 883700.375110440421849, 9711018.6543043628335 ], [ 883936.424521105363965, 9711287.534180771559477 ], [ 884057.37693745852448, 9711413.329079166054726 ], [ 884098.004066669614986, 9711568.135527519509196 ], [ 884299.470449834596366, 9711774.10357953235507 ], [ 884599.969271600130014, 9712518.859893191605806 ], [ 884772.484636374749243, 9712644.515293905511498 ], [ 884996.768237707554363, 9712804.467991903424263 ], [ 885060.116737839649431, 9712878.930481715127826 ], [ 885089.115717539563775, 9712976.298594767227769 ], [ 885152.463974111014977, 9713050.650475455448031 ], [ 885347.938221510266885, 9713182.112926540896297 ], [ 885446.045616157120094, 9713342.411886842921376 ], [ 885578.453984571387991, 9713502.617284141480923 ], [ 885630.582838018075563, 9713668.800700632855296 ], [ 885665.825639998540282, 9713972.675691837444901 ], [ 885781.427831150591373, 9714259.0567332431674 ], [ 886012.350671904394403, 9714728.725278222933412 ], [ 886271.066978781018406, 9714894.346783306449652 ], [ 886483.728537773480639, 9714997.084713660180569 ], [ 886691.054496565833688, 9715225.856486504897475 ], [ 886720.459716981044039, 9715472.388641910627484 ], [ 886829.89665692858398, 9715621.254031697288156 ], [ 886893.870653447927907, 9715925.054612368345261 ], [ 887032.773966707638465, 9716343.376165965572 ], [ 887136.530781197245233, 9716492.147349335253239 ], [ 887269.037322622956708, 9716646.709774257615209 ], [ 887406.943380521144718, 9716697.939100602641702 ], [ 887550.513980996794999, 9716743.394645588472486 ], [ 887625.382199881598353, 9716834.993311384692788 ], [ 887632.605836677365005, 9717362.642122505232692 ], [ 887598.57799225137569, 9717546.227844148874283 ], [ 887697.199151715496555, 9717895.894053185358644 ], [ 887726.364912255201489, 9718096.473207999020815 ], [ 887703.778906983323395, 9718228.423805007711053 ], [ 887567.281371305696666, 9718699.098392551764846 ], [ 887613.80447905883193, 9718893.98305401019752 ], [ 887654.14634291047696, 9718985.67636064812541 ], [ 887671.594592323061079, 9719054.397855836898088 ], [ 887603.643468486145139, 9719421.678569074720144 ], [ 887569.522345762467012, 9719530.736885929480195 ], [ 887466.445423877099529, 9719634.222168296575546 ], [ 887501.34125159389805, 9719771.775918878614902 ], [ 887467.323922497220337, 9719961.118873719125986 ], [ 887652.291807553730905, 9720408.004923263564706 ], [ 887744.329472905839793, 9720465.120491407811642 ], [ 888226.54714251938276, 9720492.507338017225266 ], [ 888622.785440967883915, 9720520.124014755710959 ], [ 888921.426048435270786, 9720576.683997726067901 ], [ 888841.59871530928649, 9720794.834267653524876 ], [ 888830.558376750559546, 9720955.436354491859674 ], [ 888917.083180091809481, 9721115.776500131934881 ], [ 889170.346703983610496, 9721361.714217716827989 ], [ 889251.130055914167315, 9721499.147232688963413 ], [ 889498.849337376886979, 9721836.90466289408505 ], [ 889659.997835829504766, 9721997.156827807426453 ], [ 889850.266276888549328, 9722300.629658928140998 ], [ 890132.218585774069652, 9722569.417340654879808 ], [ 890121.637254329281859, 9722902.111487548798323 ], [ 890404.652387537527829, 9723526.488235583528876 ], [ 890561.081997379427776, 9724088.082816665992141 ], [ 890648.207620595232584, 9724431.92418740876019 ], [ 890862.168501037871465, 9725016.402341868728399 ], [ 891070.2295726260636, 9725560.698910631239414 ], [ 891369.419173903763294, 9725818.043957803398371 ], [ 891553.626730200834572, 9725978.131103031337261 ], [ 891641.156406285706908, 9726517.103916142135859 ], [ 891716.862043040804565, 9726924.103681813925505 ], [ 891666.439304386381991, 9727400.319278441369534 ], [ 891632.870112163713202, 9727721.67191949672997 ], [ 891702.295449976343662, 9727945.077875794842839 ], [ 892013.600135835120454, 9728403.174937710165977 ], [ 892066.590805519605055, 9728942.131849624216557 ], [ 892107.057560156914406, 9729039.589953251183033 ], [ 892164.728506543906406, 9729113.96834116242826 ], [ 892463.514040400856175, 9729216.395227326080203 ], [ 892641.946701195789501, 9729382.262568823993206 ], [ 892717.585698422044516, 9729766.343955133110285 ], [ 892764.034235370578244, 9729978.406786447390914 ], [ 892879.205658388440497, 9730104.352329455316067 ], [ 893264.434689824236557, 9730292.602625677362084 ], [ 893402.658091194112785, 9730458.577687859535217 ], [ 893483.450411743251607, 9730641.869129037484527 ], [ 893541.618511368171312, 9730905.509875897318125 ], [ 893714.967618347844109, 9731341.057139186188579 ], [ 893692.246421366930008, 9731427.054454870522022 ], [ 893560.933938883128576, 9731731.391655063256621 ], [ 893635.71459235122893, 9731788.561906373128295 ], [ 893797.05536979669705, 9731977.402973260730505 ], [ 894015.950470557669178, 9732280.825925379991531 ], [ 894160.595313016558066, 9732687.768759088590741 ], [ 894212.465337595902383, 9732758.510392608121037 ], [ 894164.381614224170335, 9732815.558750407770276 ], [ 893897.509543085703626, 9732952.027291854843497 ], [ 893722.580255311448127, 9733105.863933861255646 ], [ 893666.081302653998137, 9733268.140918867662549 ], [ 893386.510116660734639, 9733619.26208171248436 ], [ 893242.209768666070886, 9733729.272934487089515 ], [ 893075.828923876397312, 9733786.626409541815519 ], [ 892896.156835029600188, 9733787.091641046106815 ], [ 892458.253641265444458, 9733862.644096430391073 ], [ 892296.048054668353871, 9733854.314628893509507 ], [ 892094.567576462170109, 9733863.583836371079087 ], [ 891941.060514385811985, 9733815.807151721790433 ], [ 891699.936043800786138, 9733785.753932246938348 ], [ 891393.588565926533192, 9733904.816848600283265 ], [ 891170.506333431461826, 9734089.444716740399599 ], [ 891008.639400025247596, 9734168.709438033401966 ], [ 890846.55974465503823, 9734208.550304878503084 ], [ 890710.642632480012253, 9734156.297560710459948 ], [ 890644.912734511075541, 9734152.147614432498813 ], [ 890561.763468965189531, 9734218.030859246850014 ], [ 890557.712051151553169, 9734331.99397075548768 ], [ 890501.197701548226178, 9734489.834484707564116 ], [ 890563.528323909966275, 9734905.839972587302327 ], [ 890511.659819733118638, 9735181.939814144745469 ], [ 890363.383637440856546, 9735436.469818189740181 ], [ 890004.694041941082105, 9735691.535919101908803 ], [ 889431.325825406936929, 9735977.710172927007079 ], [ 889230.783065533265471, 9736354.957036117091775 ], [ 889134.53266297862865, 9736438.477686567232013 ], [ 888903.133870069403201, 9736728.205475728958845 ], [ 888811.249337126268074, 9736820.462653715163469 ], [ 888728.087036961689591, 9736838.17004862241447 ], [ 888513.276370230363682, 9736816.787472419440746 ], [ 888338.030785416718572, 9736804.05296228826046 ], [ 888228.747257017763332, 9736931.457381878048182 ], [ 888181.756402201019228, 9737378.406488021835685 ], [ 888090.313884563045576, 9737602.10751548781991 ], [ 887959.625781265785918, 9737944.175471991300583 ], [ 887824.1417718679877, 9738062.784758787602186 ], [ 887648.938924694084562, 9738111.396220616996288 ], [ 887377.277742123580538, 9738072.655951058492064 ], [ 887227.900996190495789, 9737937.266728008165956 ], [ 887052.381525256671011, 9737815.010428665205836 ], [ 886820.074895838857628, 9737789.349031588062644 ], [ 886535.392156805261038, 9737842.552719486877322 ], [ 886408.520340255461633, 9737930.463620917871594 ], [ 886242.185131630627438, 9738005.406133184209466 ], [ 886041.619913639966398, 9738378.31461794860661 ], [ 886072.612212747801095, 9738522.748086854815483 ], [ 886200.579167386167683, 9738872.909281991422176 ], [ 886214.367596319643781, 9739131.333850054070354 ], [ 886132.239797480870038, 9739609.034004371613264 ], [ 886023.193245813483372, 9739788.919588716700673 ], [ 885957.551237631239928, 9739819.756702076643705 ], [ 885677.014333319151774, 9739794.209295118227601 ], [ 885471.397777173551731, 9739930.48185065574944 ], [ 885235.052423626417294, 9740027.518677830696106 ], [ 884989.961738914018497, 9740146.391196027398109 ], [ 884828.588731181109324, 9740427.171735106036067 ], [ 884828.826875112950802, 9740523.510602476075292 ], [ 884925.511472261045128, 9740659.032859651371837 ], [ 884974.09904816292692, 9740803.532915422692895 ], [ 885083.927348967874423, 9740939.023069992661476 ], [ 885106.108654967974871, 9741035.418738139793277 ], [ 884922.961893954197876, 9741386.347277855500579 ], [ 884888.392887046560645, 9741596.718312418088317 ], [ 884937.011558578116819, 9741754.285407695919275 ], [ 885068.911917060380802, 9741942.321458658203483 ], [ 885178.685808436246589, 9742055.887373907491565 ], [ 885359.592569638276473, 9742559.28909520059824 ], [ 885311.630322574987076, 9742668.924247346818447 ], [ 885268.359970160177909, 9742874.998335788026452 ], [ 885246.856679325806908, 9743054.663887025788426 ], [ 885102.564199860091321, 9743173.282586110755801 ], [ 884796.186746831284836, 9743331.718819107860327 ], [ 884585.993302762508392, 9743376.08343824185431 ], [ 884138.972860507434234, 9743368.316020598635077 ], [ 883985.682498115347698, 9743359.941980572417378 ], [ 883731.294282582821324, 9743277.401165906339884 ], [ 883599.612092521041632, 9743176.954551728442311 ], [ 883375.807456228183582, 9743028.563648799434304 ], [ 883121.517121283104643, 9742985.333164736628532 ], [ 883016.272632176871412, 9742946.168660564348102 ], [ 882906.289119587512687, 9742744.902683101594448 ], [ 882717.044880423462018, 9742425.567786836996675 ], [ 882532.459469283232465, 9742189.493304908275604 ], [ 882444.596325990045443, 9742106.436935303732753 ], [ 882072.558171835262328, 9742238.783692184835672 ], [ 881919.299221706343815, 9742287.325582439079881 ], [ 881765.827088139601983, 9742248.278883131220937 ], [ 881594.921338506392203, 9742231.199448719620705 ], [ 881446.060258952667937, 9742301.654786914587021 ], [ 881367.477619786979631, 9742415.788504913449287 ], [ 881271.503041929099709, 9742569.273859018459916 ], [ 881179.691466052667238, 9742648.337445057928562 ], [ 881092.043184892740101, 9742652.979475203901529 ], [ 880811.17548729525879, 9742487.232690520584583 ], [ 880732.326604102621786, 9742491.742549711838365 ], [ 880724.186098650330678, 9742763.384613314643502 ], [ 880523.117932923370972, 9742939.047450661659241 ], [ 880208.120153903844766, 9743167.581627178937197 ], [ 880103.545992672909051, 9743404.464357791468501 ], [ 879998.67493046366144, 9743518.54781529866159 ], [ 879889.755697436630726, 9743755.440051512792706 ], [ 879745.427540729520842, 9743904.719069443643093 ], [ 879636.211759439203888, 9744018.811853786930442 ], [ 879535.726012141210958, 9744150.489317059516907 ] ] ] } }
]
}
