{
"type": "FeatureCollection",
"name": "burundi_level_0_gcs",
"crs": { "type": "name", "properties": { "name": "urn:ogc:def:crs:OGC:1.3:CRS84" } },
"features": [
{ "type": "Feature", "properties": { "iso2": "BI", "iso3": "BDI", "adm0_name": "Burundi", "adm0_name1": null, "adm0_name2": null, "adm0_name3": null, "adm0_pcode": "BDI", "valid_on": "2017-11-03T00:00:00", "valid_to": null, "version": "v01", "area_sqkm": 25099.340026990001, "lang": "fr", "lang1": null, "lang2": null, "lang3": null, "adm0_ref_name": "Burundi", "center_lat": -3.3894565, "center_lon": 30.0104656 }, "geometry": { "type": "Polygon", "coordinates": [ [ [ 30.411524000000156, -2.310612999999876 ], [ 30.409518000000105, -2.309347 ], [ 30.408220000000142, -2.30907 ], [ 30.407315, -2.309702999999899 ], [ 30.404955, -2.311324999999897 ], [ 30.403854, -2.311563 ], [ 30.401454, -2.311088 ], [ 30.399762, -2.311443999999881 ], [ 30.398386, -2.312115999999889 ], [ 30.396891000000153, -2.312354 ], [ 30.395081000000175, -2.311958 ], [ 30.393586, -2.311998 ], [ 30.391187, -2.312828 ], [ 30.389967000000127, -2.314332 ], [ 30.389062, -2.315518999999881 ], [ 30.387214, -2.31722 ], [ 30.387017000000128, -2.317852999999843 ], [ 30.38674200000014, -2.319712 ], [ 30.385089000000107, -2.320067999999878 ], [ 30.383870000000172, -2.322758 ], [ 30.382414000000153, -2.323311999999873 ], [ 30.381431000000134, -2.324142999999879 ], [ 30.379975000000115, -2.32529 ], [ 30.379582000000141, -2.326042 ], [ 30.379857000000129, -2.327031 ], [ 30.379425, -2.32798 ], [ 30.379267, -2.329128 ], [ 30.379149000000155, -2.329919 ], [ 30.378284000000178, -2.330077 ], [ 30.377615000000105, -2.330511999999885 ], [ 30.377418000000148, -2.332451 ], [ 30.37789, -2.333321 ], [ 30.37793, -2.334112 ], [ 30.377536000000134, -2.334864 ], [ 30.377497, -2.336249 ], [ 30.377104, -2.336961 ], [ 30.376986000000102, -2.33834499999989 ], [ 30.376435000000129, -2.338583 ], [ 30.376120000000185, -2.338939 ], [ 30.375884, -2.339493 ], [ 30.37608100000017, -2.340599999999881 ], [ 30.375727, -2.341075 ], [ 30.37497900000011, -2.340838 ], [ 30.374311, -2.341352 ], [ 30.373861000000147, -2.342426999999873 ], [ 30.37311, -2.343181999999899 ], [ 30.372427000000187, -2.345172999999875 ], [ 30.372359, -2.346478 ], [ 30.373587, -2.348537 ], [ 30.372398, -2.354758999999888 ], [ 30.372354, -2.354991 ], [ 30.372222, -2.355677 ], [ 30.363075000000151, -2.357255999999893 ], [ 30.359183, -2.358217 ], [ 30.343141000000173, -2.362199 ], [ 30.329829, -2.365288 ], [ 30.315152000000182, -2.368583999999885 ], [ 30.300953, -2.372085 ], [ 30.295423, -2.373389 ], [ 30.286754, -2.374487999999815 ], [ 30.277879000000155, -2.375106 ], [ 30.272213, -2.374830999999858 ], [ 30.262656, -2.373389 ], [ 30.26013, -2.373321 ], [ 30.255488, -2.373251999999866 ], [ 30.252962000000139, -2.372565 ], [ 30.250573, -2.371261 ], [ 30.250236, -2.370224 ], [ 30.250010000000145, -2.368862 ], [ 30.249785000000145, -2.367897 ], [ 30.249051000000179, -2.366534 ], [ 30.248543, -2.363696 ], [ 30.247244, -2.36273 ], [ 30.246285000000114, -2.361765 ], [ 30.24476, -2.359892 ], [ 30.243349, -2.359039999999879 ], [ 30.241260000000182, -2.358813 ], [ 30.239002, -2.357052999999894 ], [ 30.236970000000156, -2.355804 ], [ 30.234994, -2.353931 ], [ 30.232962000000157, -2.35120599999982 ], [ 30.231890000000135, -2.350297999999896 ], [ 30.229857000000152, -2.34956 ], [ 30.228107, -2.349049 ], [ 30.226470000000177, -2.349049 ], [ 30.224946, -2.349616 ], [ 30.223873, -2.34973 ], [ 30.223365000000172, -2.350751999999829 ], [ 30.222406, -2.351774 ], [ 30.220261000000164, -2.353817 ], [ 30.219188, -2.355576999999812 ], [ 30.219470000000115, -2.356428999999878 ], [ 30.218285, -2.358926999999881 ], [ 30.218228000000181, -2.359324 ], [ 30.218652, -2.362447 ], [ 30.218002000000126, -2.366308 ], [ 30.217099, -2.367839999999887 ], [ 30.214277000000152, -2.369996999999842 ], [ 30.214841, -2.371415999999897 ], [ 30.21472800000015, -2.373403 ], [ 30.21439, -2.375561 ], [ 30.213825, -2.377094 ], [ 30.213656, -2.378399 ], [ 30.213297, -2.379978 ], [ 30.213047000000131, -2.382112999999833 ], [ 30.211514000000136, -2.382794 ], [ 30.210747, -2.38299099999989 ], [ 30.209142000000156, -2.383869999999888 ], [ 30.208535, -2.384139 ], [ 30.207947, -2.384820999999874 ], [ 30.206502, -2.385447999999883 ], [ 30.205700000000149, -2.385985999999832 ], [ 30.205022000000156, -2.38622 ], [ 30.203506000000118, -2.386632 ], [ 30.201991000000191, -2.387063 ], [ 30.20104600000019, -2.38726 ], [ 30.200243000000171, -2.387385 ], [ 30.198959000000173, -2.387152 ], [ 30.198281000000179, -2.388604999999814 ], [ 30.197925, -2.390236999999843 ], [ 30.19756800000016, -2.39255 ], [ 30.197746000000166, -2.393877 ], [ 30.19846, -2.395724 ], [ 30.198763, -2.397321 ], [ 30.198567, -2.398271 ], [ 30.198085000000106, -2.399634 ], [ 30.197479000000101, -2.401123 ], [ 30.196908, -2.404493999999886 ], [ 30.196338, -2.406754 ], [ 30.196338, -2.408135 ], [ 30.196231, -2.409317999999871 ], [ 30.195803000000126, -2.410843 ], [ 30.195036, -2.412206 ], [ 30.193235000000129, -2.41486 ], [ 30.189704000000177, -2.419434 ], [ 30.188687, -2.420657 ], [ 30.18683, -2.423201 ], [ 30.186094, -2.424199 ], [ 30.185069000000169, -2.426516999999876 ], [ 30.183917, -2.427965 ], [ 30.181868000000179, -2.429318 ], [ 30.179370000000119, -2.429897 ], [ 30.17796200000015, -2.429736 ], [ 30.175465, -2.428609 ], [ 30.172231, -2.427257 ], [ 30.169478, -2.426677999999868 ], [ 30.166565, -2.426388 ], [ 30.164580000000115, -2.426871 ], [ 30.161891, -2.428481 ], [ 30.15933, -2.430283 ], [ 30.155968, -2.431861 ], [ 30.153151, -2.431861 ], [ 30.149981, -2.431925 ], [ 30.148413, -2.432312 ], [ 30.146300000000167, -2.433149 ], [ 30.144155000000126, -2.434533 ], [ 30.141370000000109, -2.436529 ], [ 30.139129000000139, -2.437140999999883 ], [ 30.135895, -2.437688 ], [ 30.131702, -2.437785 ], [ 30.12859600000013, -2.437399 ], [ 30.125299000000155, -2.436626 ], [ 30.121937000000173, -2.435113 ], [ 30.118288, -2.433019999999885 ], [ 30.111501, -2.428545 ], [ 30.10823500000015, -2.426613 ], [ 30.106506, -2.425873 ], [ 30.104521000000148, -2.425615 ], [ 30.103113000000178, -2.425459 ], [ 30.101608000000169, -2.425293 ], [ 30.100733000000105, -2.425 ], [ 30.100071000000185, -2.42477799999989 ], [ 30.097606000000155, -2.423522999999875 ], [ 30.096038, -2.422684999999888 ], [ 30.092772, -2.419594 ], [ 30.087714, -2.414636 ], [ 30.081343000000174, -2.408357999999851 ], [ 30.078366, -2.405461 ], [ 30.07295500000015, -2.400632 ], [ 30.068858, -2.397798 ], [ 30.066617000000122, -2.39635 ], [ 30.063895000000116, -2.393902 ], [ 30.061782000000107, -2.391454999999894 ], [ 30.060918000000186, -2.389909999999873 ], [ 30.059285000000102, -2.385241999999892 ], [ 30.057300000000168, -2.379093 ], [ 30.055956000000151, -2.376162999999849 ], [ 30.053907, -2.372783 ], [ 30.050449000000128, -2.367341999999894 ], [ 30.044782, -2.359549999999899 ], [ 30.0424450000001, -2.357136 ], [ 30.038252000000114, -2.35353 ], [ 30.030888000000118, -2.348345999999879 ], [ 30.025798000000123, -2.345835 ], [ 30.020644000000175, -2.343838999999832 ], [ 30.017378000000122, -2.343258999999875 ], [ 30.014241, -2.343195 ], [ 30.009311, -2.343871 ], [ 30.004381, -2.344547 ], [ 30.002236000000153, -2.344514999999888 ], [ 29.997850000000142, -2.343871 ], [ 29.992952, -2.342003 ], [ 29.987573000000168, -2.338847999999871 ], [ 29.98443600000013, -2.336562999999899 ], [ 29.981523, -2.335306999999887 ], [ 29.975312, -2.333504 ], [ 29.969774, -2.331959 ], [ 29.96228200000013, -2.329158 ], [ 29.958377000000155, -2.327129 ], [ 29.957171000000187, -2.327961 ], [ 29.956146000000103, -2.328687999999886 ], [ 29.955423000000167, -2.329082 ], [ 29.955152000000112, -2.329808999999898 ], [ 29.954971, -2.33087 ], [ 29.95509200000015, -2.331929999999886 ], [ 29.955212000000131, -2.333232999999893 ], [ 29.95518200000015, -2.334475999999881 ], [ 29.955604, -2.335324 ], [ 29.955514, -2.335991 ], [ 29.95464, -2.337233 ], [ 29.95461, -2.339263 ], [ 29.954941, -2.340203 ], [ 29.955634, -2.341324 ], [ 29.955785000000105, -2.34196 ], [ 29.955936000000179, -2.343657 ], [ 29.956448, -2.344779 ], [ 29.956689, -2.346415 ], [ 29.956387000000177, -2.347778 ], [ 29.956116000000122, -2.349142 ], [ 29.955664, -2.349505999999849 ], [ 29.953887, -2.350445 ], [ 29.953465000000165, -2.351111 ], [ 29.95337400000011, -2.35199 ], [ 29.953013, -2.352687 ], [ 29.9523200000001, -2.354292999999871 ], [ 29.951868, -2.354748 ], [ 29.951115, -2.355445 ], [ 29.950000000000159, -2.356566 ], [ 29.948855, -2.357566 ], [ 29.947619, -2.358171999999854 ], [ 29.947408000000109, -2.358687 ], [ 29.947378000000128, -2.359262999999885 ], [ 29.947137, -2.360262 ], [ 29.946113, -2.360746999999833 ], [ 29.94548, -2.361475 ], [ 29.945510000000127, -2.362292999999852 ], [ 29.945088000000169, -2.362717 ], [ 29.944215, -2.363081 ], [ 29.943672000000106, -2.363504999999861 ], [ 29.943522, -2.36399 ], [ 29.943732, -2.364838 ], [ 29.94316, -2.366261999999892 ], [ 29.943130000000167, -2.366868 ], [ 29.943672000000106, -2.368262 ], [ 29.943250000000148, -2.369079999999883 ], [ 29.942829000000131, -2.37008 ], [ 29.943100000000186, -2.37105 ], [ 29.943612, -2.373171 ], [ 29.944154, -2.373745999999869 ], [ 29.94557, -2.374503999999888 ], [ 29.947228000000166, -2.375958 ], [ 29.947439, -2.377443 ], [ 29.949970000000178, -2.379534 ], [ 29.950090000000159, -2.381049 ], [ 29.950542, -2.382321999999874 ], [ 29.951687000000163, -2.383413 ], [ 29.951868, -2.383897 ], [ 29.951627000000144, -2.385685 ], [ 29.952681000000155, -2.387564 ], [ 29.954128000000139, -2.389320999999882 ], [ 29.954067, -2.390837 ], [ 29.954339000000175, -2.39217 ], [ 29.954429000000175, -2.393564 ], [ 29.95415800000012, -2.395715 ], [ 29.954399, -2.39723 ], [ 29.955303000000185, -2.399199999999894 ], [ 29.956086000000141, -2.401412 ], [ 29.957563000000107, -2.40426 ], [ 29.958858000000191, -2.406169 ], [ 29.95931, -2.40826 ], [ 29.959792000000164, -2.409805 ], [ 29.959762000000183, -2.410563 ], [ 29.959973, -2.412016999999878 ], [ 29.96144900000013, -2.414562999999873 ], [ 29.961208000000113, -2.41529 ], [ 29.960817, -2.416623 ], [ 29.960425000000157, -2.419138 ], [ 29.960877, -2.420381 ], [ 29.960726000000193, -2.420866 ], [ 29.960817, -2.421925999999814 ], [ 29.96148, -2.423016999999845 ], [ 29.960907, -2.423623 ], [ 29.960455000000138, -2.424804999999878 ], [ 29.960877, -2.426168 ], [ 29.960998000000131, -2.426865 ], [ 29.960696, -2.428137999999876 ], [ 29.961118000000113, -2.429440999999883 ], [ 29.96157, -2.43137999999982 ], [ 29.9616, -2.431986 ], [ 29.9616, -2.433016999999893 ], [ 29.962022000000104, -2.434229 ], [ 29.962203000000159, -2.434895 ], [ 29.961932000000161, -2.436137999999858 ], [ 29.962263000000178, -2.436803999999881 ], [ 29.962685, -2.43835 ], [ 29.963016, -2.438744 ], [ 29.963950000000125, -2.438956 ], [ 29.964312, -2.439532 ], [ 29.963770000000181, -2.440077 ], [ 29.963679, -2.440713 ], [ 29.963980000000106, -2.44141 ], [ 29.964493000000118, -2.441956 ], [ 29.965125000000171, -2.442349 ], [ 29.965638000000183, -2.442743 ], [ 29.965909, -2.443562 ], [ 29.96621, -2.444864 ], [ 29.966783, -2.445531 ], [ 29.967054, -2.446137 ], [ 29.966692, -2.447076 ], [ 29.965939, -2.447682 ], [ 29.965306, -2.448288 ], [ 29.964945, -2.449681999999882 ], [ 29.96509500000019, -2.450258 ], [ 29.965638000000183, -2.451045999999849 ], [ 29.96615, -2.452015 ], [ 29.966783, -2.452833999999882 ], [ 29.967656000000147, -2.452894 ], [ 29.967596000000185, -2.453591 ], [ 29.967897, -2.454864 ], [ 29.967867, -2.455682 ], [ 29.967536000000166, -2.456409 ], [ 29.96741500000013, -2.457106 ], [ 29.967837, -2.458499999999844 ], [ 29.96856, -2.459894 ], [ 29.969796000000144, -2.461257999999873 ], [ 29.96856, -2.462227 ], [ 29.968199000000141, -2.463015 ], [ 29.967566, -2.464954 ], [ 29.967566, -2.46659099999988 ], [ 29.967054, -2.467620999999838 ], [ 29.966873, -2.468288 ], [ 29.966391000000101, -2.469863 ], [ 29.96606, -2.471196 ], [ 29.966632000000175, -2.472711999999888 ], [ 29.966783, -2.474196 ], [ 29.967867, -2.475136 ], [ 29.968048, -2.475983999999812 ], [ 29.967807, -2.477165999999897 ], [ 29.966873, -2.47859 ], [ 29.967114, -2.479529 ], [ 29.967114, -2.47953299999989 ], [ 29.967114, -2.480681 ], [ 29.967024, -2.481952999999862 ], [ 29.966722000000175, -2.482559 ], [ 29.966572, -2.483407999999883 ], [ 29.967024, -2.484165 ], [ 29.966963000000192, -2.48528599999986 ], [ 29.96624, -2.486226 ], [ 29.965427000000147, -2.486499 ], [ 29.964643, -2.486740999999881 ], [ 29.964342, -2.487952999999891 ], [ 29.963739, -2.488559 ], [ 29.963046000000134, -2.48886199999987 ], [ 29.962293000000159, -2.488983 ], [ 29.960998000000131, -2.488377 ], [ 29.960063, -2.48862 ], [ 29.958768000000191, -2.489377 ], [ 29.957773, -2.489559 ], [ 29.957020000000171, -2.489468 ], [ 29.956387000000177, -2.488983 ], [ 29.955574, -2.488952999999867 ], [ 29.954941, -2.489953 ], [ 29.954067, -2.49071 ], [ 29.952681000000155, -2.491073999999855 ], [ 29.952229, -2.492135 ], [ 29.951506000000109, -2.492982999999867 ], [ 29.950843000000134, -2.494164999999896 ], [ 29.950301, -2.495528 ], [ 29.949608, -2.495953 ], [ 29.948192000000176, -2.495953 ], [ 29.946655000000192, -2.496347 ], [ 29.945661, -2.496498 ], [ 29.944486, -2.496649999999875 ], [ 29.943974, -2.497225 ], [ 29.942798, -2.497861999999884 ], [ 29.94201500000014, -2.498437 ], [ 29.942226000000176, -2.499831 ], [ 29.942256000000157, -2.50068 ], [ 29.94114100000013, -2.501648999999873 ], [ 29.940689000000191, -2.50271 ], [ 29.940402, -2.504663 ], [ 29.939636000000121, -2.506 ], [ 29.938991, -2.507053999999812 ], [ 29.938829000000112, -2.508959 ], [ 29.938426000000163, -2.510499 ], [ 29.937459000000104, -2.511553 ], [ 29.937338, -2.51212 ], [ 29.937942, -2.512931 ], [ 29.938184, -2.514633 ], [ 29.937338, -2.516578 ], [ 29.936209, -2.518604999999866 ], [ 29.93556400000017, -2.519253 ], [ 29.934153, -2.519334 ], [ 29.93362900000011, -2.519861 ], [ 29.933508, -2.520712 ], [ 29.934758000000102, -2.523468 ], [ 29.934999000000118, -2.525049 ], [ 29.934919, -2.527682999999854 ], [ 29.934233000000177, -2.529141999999865 ], [ 29.933951, -2.530438999999888 ], [ 29.933709000000135, -2.531371 ], [ 29.933871, -2.532708 ], [ 29.933871, -2.533477999999889 ], [ 29.932177, -2.536476999999877 ], [ 29.931371000000127, -2.537409 ], [ 29.930565, -2.538909 ], [ 29.929517, -2.539556999999888 ], [ 29.928831000000116, -2.540287 ], [ 29.92863, -2.541016 ], [ 29.928468000000123, -2.541705 ], [ 29.928428000000167, -2.542555999999877 ], [ 29.928751, -2.543934 ], [ 29.928992000000108, -2.545595999999875 ], [ 29.927138, -2.546771 ], [ 29.925727000000165, -2.547866 ], [ 29.925082, -2.549040999999875 ], [ 29.92488, -2.550661999999818 ], [ 29.924276000000191, -2.55281 ], [ 29.923792000000105, -2.553295999999875 ], [ 29.922623, -2.553945 ], [ 29.922179, -2.554431 ], [ 29.922018, -2.555282 ], [ 29.921655, -2.556011999999896 ], [ 29.920446, -2.556782 ], [ 29.920284, -2.557471 ], [ 29.920284, -2.558808 ], [ 29.920284, -2.560267 ], [ 29.920526, -2.561402 ], [ 29.921252, -2.561564 ], [ 29.921816, -2.562375 ], [ 29.92169500000017, -2.563753 ], [ 29.921333, -2.564888 ], [ 29.921091000000104, -2.565617 ], [ 29.921937000000128, -2.566792 ], [ 29.923590000000104, -2.568250999999862 ], [ 29.923550000000148, -2.569021 ], [ 29.924155000000155, -2.570278 ], [ 29.923953, -2.570967 ], [ 29.924235000000181, -2.571899 ], [ 29.924759, -2.573601 ], [ 29.925969000000123, -2.575464999999895 ], [ 29.925485, -2.576032999999882 ], [ 29.925082, -2.5766 ], [ 29.92488, -2.577491999999893 ], [ 29.925122, -2.5781 ], [ 29.926614, -2.578666999999882 ], [ 29.927581, -2.579397 ], [ 29.928347, -2.58118 ], [ 29.929154, -2.581504 ], [ 29.929355000000157, -2.582558 ], [ 29.929758000000106, -2.583774 ], [ 29.930404, -2.584867999999858 ], [ 29.930202, -2.585841 ], [ 29.930121, -2.58734 ], [ 29.9310890000001, -2.589244999999892 ], [ 29.931049000000144, -2.590501 ], [ 29.93125, -2.591312 ], [ 29.931210000000135, -2.592325 ], [ 29.930283, -2.593784 ], [ 29.930202, -2.594676 ], [ 29.930202, -2.595445999999868 ], [ 29.930847000000142, -2.597066999999868 ], [ 29.930928000000108, -2.599134 ], [ 29.930686000000151, -2.599944999999877 ], [ 29.930847000000142, -2.600431 ], [ 29.930605000000185, -2.60120099999989 ], [ 29.930121, -2.602052 ], [ 29.92992, -2.602741 ], [ 29.929879000000142, -2.603268 ], [ 29.930524, -2.604766999999867 ], [ 29.930404, -2.605537 ], [ 29.930524, -2.606834 ], [ 29.929638000000125, -2.607888 ], [ 29.929476000000193, -2.608618 ], [ 29.92992, -2.609143999999844 ], [ 29.930242000000192, -2.609915 ], [ 29.930283, -2.610806 ], [ 29.930162000000109, -2.612468 ], [ 29.929839, -2.614048 ], [ 29.929839, -2.615629 ], [ 29.929557000000159, -2.616641999999842 ], [ 29.929517, -2.617533 ], [ 29.929960000000108, -2.618425 ], [ 29.930242000000192, -2.619762 ], [ 29.929879000000142, -2.620977999999866 ], [ 29.929557000000159, -2.621829 ], [ 29.929799000000116, -2.622356 ], [ 29.930484000000149, -2.622842999999875 ], [ 29.929960000000108, -2.623613 ], [ 29.929476000000193, -2.624463999999818 ], [ 29.929275, -2.625516999999888 ], [ 29.929113, -2.626288 ], [ 29.929396000000168, -2.627706 ], [ 29.929073, -2.628394999999898 ], [ 29.928509000000133, -2.628962 ], [ 29.928267000000176, -2.629692 ], [ 29.928186, -2.630543 ], [ 29.927985000000149, -2.63179899999983 ], [ 29.927985000000149, -2.633299 ], [ 29.92863, -2.634961 ], [ 29.929879000000142, -2.636419999999873 ], [ 29.930726, -2.636663 ], [ 29.932258000000161, -2.636825 ], [ 29.934113, -2.638446 ], [ 29.934758000000102, -2.639662 ], [ 29.935362000000168, -2.641445 ], [ 29.935282, -2.642295999999874 ], [ 29.934919, -2.643592999999896 ], [ 29.934879000000137, -2.644242 ], [ 29.934717, -2.644687 ], [ 29.934153, -2.647443 ], [ 29.933145, -2.650483 ], [ 29.932137000000125, -2.651699 ], [ 29.931411, -2.652955 ], [ 29.931210000000135, -2.654657 ], [ 29.930565, -2.655063 ], [ 29.928952, -2.656279 ], [ 29.928106000000184, -2.657454 ], [ 29.928347, -2.658547999999882 ], [ 29.928065000000174, -2.65948 ], [ 29.927823, -2.660209999999893 ], [ 29.928468000000123, -2.661789999999883 ], [ 29.929436000000123, -2.662358 ], [ 29.929879000000142, -2.662885 ], [ 29.929678, -2.664425 ], [ 29.92871, -2.665519 ], [ 29.928186, -2.666450999999881 ], [ 29.928025, -2.668275 ], [ 29.927702000000181, -2.669612 ], [ 29.927823, -2.671558 ], [ 29.927622, -2.672529999999824 ], [ 29.926775000000191, -2.674638 ], [ 29.926191000000188, -2.675899 ], [ 29.926070000000152, -2.677277 ], [ 29.925546000000111, -2.677966 ], [ 29.924780000000169, -2.680195 ], [ 29.924377, -2.681572999999844 ], [ 29.924739000000159, -2.682141 ], [ 29.923812000000169, -2.683073 ], [ 29.92401400000017, -2.683843 ], [ 29.92353, -2.684289 ], [ 29.923248, -2.686599 ], [ 29.922603000000151, -2.688098 ], [ 29.921675000000107, -2.688948999999866 ], [ 29.919942, -2.691016 ], [ 29.919055, -2.692313 ], [ 29.918410000000165, -2.694947999999897 ], [ 29.917966, -2.695799 ], [ 29.917886000000124, -2.697379 ], [ 29.917362000000139, -2.698716 ], [ 29.917644000000166, -2.699446 ], [ 29.918007, -2.700864 ], [ 29.917765, -2.702241999999899 ], [ 29.917241, -2.703012 ], [ 29.91587, -2.704187999999874 ], [ 29.914781, -2.705525 ], [ 29.91345100000018, -2.706862999999885 ], [ 29.912282, -2.707511 ], [ 29.911838000000103, -2.708403 ], [ 29.911596000000145, -2.709051 ], [ 29.911153000000127, -2.710429 ], [ 29.910750000000178, -2.711928999999827 ], [ 29.910347, -2.712496 ], [ 29.909863000000144, -2.714117 ], [ 29.909178000000111, -2.714847 ], [ 29.907525000000135, -2.715779 ], [ 29.906799, -2.716468 ], [ 29.905831, -2.718048 ], [ 29.904823000000192, -2.718373 ], [ 29.904057, -2.718899 ], [ 29.902606000000105, -2.720601999999872 ], [ 29.901719, -2.720560999999861 ], [ 29.901437000000158, -2.721169 ], [ 29.901598, -2.722547 ], [ 29.901114000000121, -2.723478999999884 ], [ 29.901356, -2.724736 ], [ 29.900711000000172, -2.725261999999873 ], [ 29.90059, -2.726032 ], [ 29.899905, -2.727613 ], [ 29.898776000000112, -2.729113 ], [ 29.897244000000171, -2.729315 ], [ 29.89676, -2.730166 ], [ 29.895873, -2.730976999999882 ], [ 29.89514800000012, -2.731828 ], [ 29.895349, -2.732922 ], [ 29.89514800000012, -2.733773 ], [ 29.894301, -2.733773 ], [ 29.893616000000179, -2.734056999999893 ], [ 29.893011, -2.734706 ], [ 29.892809, -2.736042999999825 ], [ 29.89216400000015, -2.73657 ], [ 29.891721, -2.737298999999894 ], [ 29.891559, -2.737867 ], [ 29.891922000000193, -2.738434 ], [ 29.893172, -2.739691 ], [ 29.89285, -2.740582 ], [ 29.892446000000177, -2.742609 ], [ 29.89123700000016, -2.743175999999892 ], [ 29.890350000000126, -2.744311 ], [ 29.890350000000126, -2.745202 ], [ 29.890874000000167, -2.745729 ], [ 29.892043, -2.745851 ], [ 29.89285, -2.746134999999867 ], [ 29.891922000000193, -2.746905 ], [ 29.891640000000109, -2.747633999999891 ], [ 29.890471, -2.748728 ], [ 29.889541000000179, -2.74979999999988 ], [ 29.8891, -2.750309 ], [ 29.88869700000015, -2.749457999999834 ], [ 29.887205000000165, -2.74941699999988 ], [ 29.885472000000107, -2.750309 ], [ 29.88394, -2.750714 ], [ 29.882408000000112, -2.751525 ], [ 29.881481000000122, -2.751808 ], [ 29.880553, -2.751363 ], [ 29.879021, -2.751484 ], [ 29.878100000000188, -2.752340999999888 ], [ 29.878064, -2.753329999999835 ], [ 29.878719, -2.754943 ], [ 29.879921, -2.756298999999899 ], [ 29.878574000000128, -2.757398 ], [ 29.878282000000127, -2.758241 ], [ 29.877663, -2.759487 ], [ 29.876206000000138, -2.75923 ], [ 29.875295, -2.759633999999892 ], [ 29.874603, -2.760256 ], [ 29.873874000000114, -2.760806 ], [ 29.872126, -2.76066 ], [ 29.86943, -2.760183 ], [ 29.867172000000153, -2.759157 ], [ 29.865642, -2.759524 ], [ 29.863201, -2.759926999999891 ], [ 29.861526, -2.76044 ], [ 29.860906, -2.760989 ], [ 29.860105, -2.762454999999875 ], [ 29.859413000000131, -2.762968 ], [ 29.857701, -2.763188 ], [ 29.856316, -2.762968 ], [ 29.85529600000018, -2.762345 ], [ 29.854677000000152, -2.761868999999876 ], [ 29.853912, -2.762419 ], [ 29.852965, -2.763518 ], [ 29.852273, -2.765167 ], [ 29.852419000000168, -2.7659 ], [ 29.850706, -2.766266 ], [ 29.84965, -2.766743 ], [ 29.848011000000156, -2.767146 ], [ 29.844769000000156, -2.767292999999881 ], [ 29.844186, -2.767292999999881 ], [ 29.840908, -2.769087999999897 ], [ 29.840762, -2.768574999999885 ], [ 29.840361, -2.768025 ], [ 29.839123, -2.76798899999983 ], [ 29.83854, -2.768281999999829 ], [ 29.837993, -2.769968 ], [ 29.837483000000191, -2.770554 ], [ 29.836172, -2.771397 ], [ 29.835407, -2.772313 ], [ 29.835131000000104, -2.772898 ], [ 29.834715000000131, -2.773778999999877 ], [ 29.833549000000119, -2.773889 ], [ 29.832384000000161, -2.774329 ], [ 29.832274000000155, -2.775904 ], [ 29.832165, -2.776526999999874 ], [ 29.831582, -2.77737 ], [ 29.830890000000181, -2.77836 ], [ 29.831218000000149, -2.779531999999847 ], [ 29.82972500000011, -2.779201999999884 ], [ 29.828923000000145, -2.778578999999866 ], [ 29.827648000000181, -2.776417 ], [ 29.826519000000189, -2.775098 ], [ 29.826264, -2.774364999999875 ], [ 29.824515000000133, -2.773889 ], [ 29.824297, -2.774622 ], [ 29.821711000000107, -2.774768 ], [ 29.820946, -2.775135 ], [ 29.818906, -2.773669 ], [ 29.817776000000151, -2.773302 ], [ 29.817011, -2.773376 ], [ 29.815919000000122, -2.772386 ], [ 29.815117, -2.77202 ], [ 29.814134, -2.772386 ], [ 29.813733000000127, -2.769711 ], [ 29.812968, -2.769160999999883 ], [ 29.813150000000178, -2.767806 ], [ 29.812895, -2.766743 ], [ 29.812349000000154, -2.76568 ], [ 29.811147000000176, -2.76535 ], [ 29.81162, -2.764764 ], [ 29.811547, -2.763664999999889 ], [ 29.811110000000156, -2.762932 ], [ 29.810236000000145, -2.762529 ], [ 29.810345, -2.761686 ], [ 29.810200000000179, -2.760585999999876 ], [ 29.809690000000103, -2.76022 ], [ 29.808597, -2.759999999999877 ], [ 29.807723, -2.75945 ], [ 29.806193000000121, -2.759046999999896 ], [ 29.804590000000189, -2.759083999999859 ], [ 29.803679000000102, -2.758644 ], [ 29.803133, -2.758167999999898 ], [ 29.801494000000162, -2.758314 ], [ 29.800692, -2.758167999999898 ], [ 29.798980000000142, -2.75754499999988 ], [ 29.795592000000113, -2.757068 ], [ 29.79475500000018, -2.757325 ], [ 29.793261, -2.758497 ], [ 29.79195, -2.760513 ], [ 29.791185, -2.760147 ], [ 29.790238000000159, -2.76044 ], [ 29.789692000000116, -2.76179599999989 ], [ 29.788963, -2.763225 ], [ 29.788016, -2.764471 ], [ 29.787142000000131, -2.765057 ], [ 29.78634, -2.764947 ], [ 29.784555000000182, -2.764214 ], [ 29.782880000000148, -2.764543999999887 ], [ 29.780512000000101, -2.764654 ], [ 29.778108, -2.765129999999886 ], [ 29.776724, -2.764287999999851 ], [ 29.774247000000116, -2.763005 ], [ 29.772243, -2.763555 ], [ 29.770604000000105, -2.764250999999888 ], [ 29.769110000000126, -2.765314 ], [ 29.768455000000131, -2.766119999999887 ], [ 29.768054000000177, -2.768429 ], [ 29.767471, -2.769345 ], [ 29.766998000000171, -2.770554 ], [ 29.766852, -2.771507 ], [ 29.767216000000133, -2.773229 ], [ 29.767872, -2.774877999999887 ], [ 29.767945, -2.775648 ], [ 29.767799, -2.776526999999874 ], [ 29.767070000000103, -2.777736999999831 ], [ 29.765868000000125, -2.778285999999866 ], [ 29.764484, -2.778726 ], [ 29.764156, -2.779128999999898 ], [ 29.763865000000123, -2.780632 ], [ 29.763792000000137, -2.781731 ], [ 29.764120000000105, -2.78338 ], [ 29.763865000000123, -2.784112999999877 ], [ 29.762918000000127, -2.785066 ], [ 29.762371000000144, -2.786166 ], [ 29.762371000000144, -2.789574 ], [ 29.762590000000159, -2.791333 ], [ 29.762371000000144, -2.791846 ], [ 29.762043000000176, -2.793971 ], [ 29.761315, -2.795217 ], [ 29.759931, -2.796609999999873 ], [ 29.759348000000159, -2.798076 ], [ 29.758182000000147, -2.799028 ], [ 29.757636, -2.800054 ], [ 29.757745, -2.800787 ], [ 29.758037, -2.80229 ], [ 29.757162000000108, -2.802692999999863 ], [ 29.75683400000014, -2.803022999999882 ], [ 29.75596000000013, -2.806393999999841 ], [ 29.754649, -2.8083 ], [ 29.753447, -2.809582 ], [ 29.752619, -2.809942 ], [ 29.751844000000119, -2.810279 ], [ 29.750642000000141, -2.810388999999873 ], [ 29.750203, -2.809826 ], [ 29.749629000000141, -2.808701 ], [ 29.748973, -2.807932999999878 ], [ 29.747825, -2.807796 ], [ 29.747333, -2.80677999999989 ], [ 29.74634900000018, -2.806642999999838 ], [ 29.744955000000118, -2.806560999999874 ], [ 29.743971, -2.806835 ], [ 29.742605, -2.808398999999895 ], [ 29.74091, -2.80936 ], [ 29.739489000000106, -2.810073 ], [ 29.7369470000001, -2.81081399999988 ], [ 29.735335000000134, -2.810622 ], [ 29.734406, -2.810265 ], [ 29.733476000000167, -2.810101 ], [ 29.731755, -2.81054 ], [ 29.730334, -2.811143999999899 ], [ 29.729459000000134, -2.812379 ], [ 29.728584, -2.812817999999879 ], [ 29.727847000000168, -2.814107 ], [ 29.727054000000123, -2.814547 ], [ 29.72590600000018, -2.814409 ], [ 29.725113, -2.81484799999987 ], [ 29.723966, -2.816001 ], [ 29.723255, -2.817427999999836 ], [ 29.72339200000016, -2.816604999999868 ], [ 29.723255, -2.816028 ], [ 29.722954000000186, -2.81537 ], [ 29.722025, -2.814930999999888 ], [ 29.720823, -2.814794 ], [ 29.719948000000159, -2.815177999999833 ], [ 29.718554, -2.817373 ], [ 29.718035000000157, -2.817098999999871 ], [ 29.71716, -2.816001 ], [ 29.716012, -2.815341999999816 ], [ 29.714810000000114, -2.815287 ], [ 29.713963, -2.815452 ], [ 29.713826, -2.81633 ], [ 29.713279, -2.816879 ], [ 29.711804, -2.817263 ], [ 29.710656000000142, -2.817839999999819 ], [ 29.710109000000159, -2.817592999999874 ], [ 29.709535, -2.81772999999987 ], [ 29.70836, -2.818992 ], [ 29.708032, -2.818223999999873 ], [ 29.706666, -2.816495 ], [ 29.70519000000013, -2.815177999999833 ], [ 29.70519000000013, -2.814464 ], [ 29.705736000000172, -2.813064999999881 ], [ 29.705764, -2.811885 ], [ 29.704698000000121, -2.811307999999883 ], [ 29.704479000000106, -2.810842 ], [ 29.703960000000166, -2.810238 ], [ 29.701555, -2.810073 ], [ 29.701090000000193, -2.80960599999986 ], [ 29.700899000000163, -2.80914 ], [ 29.700052, -2.808591 ], [ 29.699095000000113, -2.808701 ], [ 29.69715500000018, -2.807273999999893 ], [ 29.696635000000185, -2.806999 ], [ 29.69614300000012, -2.806341 ], [ 29.695433, -2.806011 ], [ 29.69475000000017, -2.806559999999877 ], [ 29.693957, -2.806286 ], [ 29.693574000000183, -2.807164 ], [ 29.693574000000183, -2.80796 ], [ 29.69302800000014, -2.807437999999877 ], [ 29.692509, -2.806642999999838 ], [ 29.69106, -2.805928999999821 ], [ 29.690131, -2.805764 ], [ 29.689393000000109, -2.803514 ], [ 29.688655000000153, -2.802416 ], [ 29.687863000000164, -2.801758 ], [ 29.687043000000187, -2.800715 ], [ 29.68578500000018, -2.799479999999846 ], [ 29.684747000000129, -2.799123 ], [ 29.683052, -2.799315 ], [ 29.680647000000135, -2.799672 ], [ 29.679171, -2.799013 ], [ 29.677122000000168, -2.797586 ], [ 29.67652, -2.797119999999893 ], [ 29.676411000000144, -2.796132 ], [ 29.675728000000106, -2.795583 ], [ 29.675126, -2.794458 ], [ 29.674443, -2.794211 ], [ 29.673815000000104, -2.793606999999838 ], [ 29.672038000000157, -2.793635 ], [ 29.670863000000111, -2.792234999999891 ], [ 29.67026200000015, -2.791549 ], [ 29.669114, -2.790973 ], [ 29.668923000000177, -2.790961 ], [ 29.667747, -2.79089 ], [ 29.666354, -2.791083 ], [ 29.665616000000114, -2.790726 ], [ 29.663566000000117, -2.788612999999884 ], [ 29.662637000000188, -2.788448 ], [ 29.66187200000013, -2.787844 ], [ 29.660779000000105, -2.78735 ], [ 29.659139000000152, -2.787048 ], [ 29.657991, -2.787213 ], [ 29.654957000000138, -2.787486999999885 ], [ 29.6534, -2.78746 ], [ 29.652498, -2.787762 ], [ 29.651405, -2.787597 ], [ 29.649628000000121, -2.786801 ], [ 29.648207000000127, -2.786472 ], [ 29.646786000000134, -2.787186 ], [ 29.645911, -2.786993999999879 ], [ 29.643861, -2.78746 ], [ 29.642932000000144, -2.788282999999865 ], [ 29.642112000000168, -2.78853 ], [ 29.640527, -2.788392999999814 ], [ 29.639133, -2.788282999999865 ], [ 29.63804, -2.788858999999889 ], [ 29.636892, -2.790395999999873 ], [ 29.636127, -2.791878 ], [ 29.635772000000145, -2.793086 ], [ 29.634924000000126, -2.793799 ], [ 29.634596000000158, -2.794842 ], [ 29.633886, -2.795143999999823 ], [ 29.63303900000011, -2.795665 ], [ 29.633066, -2.796351 ], [ 29.633175, -2.797751 ], [ 29.633011000000124, -2.798712 ], [ 29.632219000000134, -2.800028999999881 ], [ 29.631535, -2.800522999999885 ], [ 29.630551000000139, -2.801511 ], [ 29.629458000000113, -2.802911 ], [ 29.627927000000113, -2.803295 ], [ 29.626998000000185, -2.803898999999888 ], [ 29.62555, -2.804941999999869 ], [ 29.624675000000138, -2.805105999999853 ], [ 29.623637, -2.805517999999836 ], [ 29.623090000000104, -2.805105999999853 ], [ 29.621614000000193, -2.804776999999888 ], [ 29.620548, -2.804475 ], [ 29.620138000000111, -2.804887 ], [ 29.619810000000143, -2.80571 ], [ 29.619455, -2.806341 ], [ 29.618608000000165, -2.80571 ], [ 29.618061, -2.806259 ], [ 29.617624, -2.807082 ], [ 29.617023000000131, -2.808015 ], [ 29.616285000000175, -2.808645999999897 ], [ 29.614946, -2.809168 ], [ 29.613579, -2.809497 ], [ 29.613087, -2.80993599999988 ], [ 29.612377, -2.810512 ], [ 29.611912000000189, -2.810211 ], [ 29.611284, -2.809552 ], [ 29.610464, -2.809415 ], [ 29.60961600000013, -2.80925 ], [ 29.609398000000169, -2.808921 ], [ 29.609097000000133, -2.807713 ], [ 29.608687000000145, -2.807054999999821 ], [ 29.607867000000169, -2.806972 ], [ 29.606965000000116, -2.806835 ], [ 29.606091000000106, -2.805957 ], [ 29.60527100000013, -2.805847 ], [ 29.602593, -2.806148999999891 ], [ 29.601281, -2.80689 ], [ 29.600324000000114, -2.806835 ], [ 29.599286000000177, -2.806122 ], [ 29.598274000000117, -2.805435999999872 ], [ 29.597372, -2.80549 ], [ 29.596498, -2.80711 ], [ 29.59576, -2.806945 ], [ 29.595049, -2.806753 ], [ 29.594175, -2.80711 ], [ 29.59381900000011, -2.806230999999855 ], [ 29.593246000000136, -2.806039 ], [ 29.591852, -2.807137 ], [ 29.591141, -2.807302 ], [ 29.590567000000135, -2.807026999999891 ], [ 29.590048, -2.806341 ], [ 29.590103000000113, -2.805517999999836 ], [ 29.590021, -2.803213 ], [ 29.589501, -2.802306999999871 ], [ 29.587533000000121, -2.802279999999882 ], [ 29.585730000000126, -2.803377 ], [ 29.584281000000146, -2.804228 ], [ 29.582614, -2.804228 ], [ 29.581193, -2.804969 ], [ 29.57999, -2.805847 ], [ 29.579006000000163, -2.806863 ], [ 29.577968, -2.807137 ], [ 29.577148, -2.807796 ], [ 29.576683000000173, -2.808509 ], [ 29.576465, -2.809030999999891 ], [ 29.575918000000115, -2.809223 ], [ 29.574743, -2.809607 ], [ 29.574442, -2.810375 ], [ 29.573814, -2.811089 ], [ 29.572994000000108, -2.811143999999899 ], [ 29.572174000000132, -2.811006 ], [ 29.571354, -2.810759 ], [ 29.569004000000177, -2.810869 ], [ 29.566954, -2.811088 ], [ 29.564822, -2.811472 ], [ 29.562554000000148, -2.812021 ], [ 29.55952, -2.813448 ], [ 29.555339000000174, -2.815561999999886 ], [ 29.55375400000014, -2.816248 ], [ 29.551786, -2.817208 ], [ 29.550255000000163, -2.817317999999887 ], [ 29.548315, -2.817291 ], [ 29.546210000000144, -2.816742 ], [ 29.544516000000158, -2.816412 ], [ 29.543204000000117, -2.816495 ], [ 29.542029, -2.817344999999875 ], [ 29.541373000000135, -2.817894 ], [ 29.541209, -2.818663 ], [ 29.542193000000168, -2.821516999999858 ], [ 29.542794000000129, -2.824096999999881 ], [ 29.542767, -2.826374 ], [ 29.542576, -2.828488 ], [ 29.542248, -2.828926999999851 ], [ 29.541865, -2.828899 ], [ 29.540744000000188, -2.828296 ], [ 29.539323, -2.828349999999887 ], [ 29.538531, -2.82788399999987 ], [ 29.537875, -2.827115 ], [ 29.537219000000164, -2.827224999999885 ], [ 29.536836000000108, -2.827911 ], [ 29.53588, -2.827965999999833 ], [ 29.535525000000177, -2.827335 ], [ 29.534760000000119, -2.826923 ], [ 29.533284, -2.827005999999869 ], [ 29.531999, -2.826977999999883 ], [ 29.530933000000175, -2.826868 ], [ 29.530223, -2.827115 ], [ 29.528884000000119, -2.827994 ], [ 29.527927000000147, -2.828296 ], [ 29.52579500000013, -2.828296 ], [ 29.52503, -2.828899 ], [ 29.52421, -2.829174 ], [ 29.522488, -2.829393 ], [ 29.52114900000015, -2.828954 ], [ 29.519728000000157, -2.828707 ], [ 29.518143000000123, -2.828596999999888 ], [ 29.516640000000109, -2.827911 ], [ 29.5153, -2.826539 ], [ 29.513360000000148, -2.822970999999882 ], [ 29.512048000000107, -2.822258 ], [ 29.511037000000158, -2.822065999999893 ], [ 29.509807000000137, -2.822285 ], [ 29.508905000000141, -2.821928999999841 ], [ 29.507839, -2.821874 ], [ 29.508167000000185, -2.821325 ], [ 29.507402000000127, -2.820008 ], [ 29.50680100000011, -2.818525 ], [ 29.505899000000113, -2.817482 ], [ 29.504122000000166, -2.81580799999989 ], [ 29.501362, -2.813174 ], [ 29.500105000000133, -2.811774 ], [ 29.499312, -2.811582 ], [ 29.498984000000121, -2.811142999999845 ], [ 29.497672, -2.809826 ], [ 29.495294000000172, -2.809634 ], [ 29.493190000000141, -2.808865 ], [ 29.491878000000156, -2.80793199999988 ], [ 29.490867000000151, -2.807219 ], [ 29.49026600000019, -2.806312999999875 ], [ 29.489500000000191, -2.805325 ], [ 29.488434, -2.804667 ], [ 29.487915000000157, -2.80381599999987 ], [ 29.486822000000132, -2.801922 ], [ 29.486248, -2.801180999999815 ], [ 29.484854, -2.801675 ], [ 29.483433, -2.801099 ], [ 29.482914000000108, -2.801621 ], [ 29.481356000000119, -2.803266999999835 ], [ 29.479498, -2.805216 ], [ 29.478158, -2.806039 ], [ 29.477530000000115, -2.806862 ], [ 29.477803000000165, -2.807520999999895 ], [ 29.4773110000001, -2.807987 ], [ 29.47687400000018, -2.807355999999857 ], [ 29.475945, -2.806559999999877 ], [ 29.47534300000018, -2.806697 ], [ 29.474578000000122, -2.807246 ], [ 29.474195, -2.808015 ], [ 29.47395, -2.808838 ], [ 29.472856, -2.808563999999876 ], [ 29.471708000000149, -2.807987 ], [ 29.470779, -2.806972 ], [ 29.469959, -2.807137 ], [ 29.468155, -2.807904999999892 ], [ 29.466734, -2.808618 ], [ 29.465860000000191, -2.809387 ], [ 29.465750000000128, -2.809853 ], [ 29.464876000000118, -2.809908 ], [ 29.464220000000182, -2.809688999999878 ], [ 29.462717000000168, -2.807576 ], [ 29.460749, -2.806203 ], [ 29.458344000000181, -2.804859 ], [ 29.457333, -2.80389799999989 ], [ 29.45722300000017, -2.80313 ], [ 29.457551000000137, -2.800797 ], [ 29.45730500000019, -2.800139 ], [ 29.455119, -2.799206 ], [ 29.453452, -2.799343 ], [ 29.452031, -2.799453 ], [ 29.451238, -2.799837 ], [ 29.450582000000111, -2.799616999999898 ], [ 29.449434000000167, -2.798437 ], [ 29.448259000000121, -2.797339 ], [ 29.447521000000165, -2.797559 ], [ 29.445526, -2.798053 ], [ 29.44418700000017, -2.798574 ], [ 29.441317, -2.798821 ], [ 29.440579, -2.798766 ], [ 29.440251000000103, -2.798163 ], [ 29.439814000000183, -2.797559 ], [ 29.439158, -2.797202 ], [ 29.438174, -2.79689999999988 ], [ 29.437355000000139, -2.797119999999893 ], [ 29.436699, -2.797531999999876 ], [ 29.436097000000132, -2.798053 ], [ 29.435359000000176, -2.79819 ], [ 29.434704000000181, -2.798712 ], [ 29.434813000000133, -2.799233 ], [ 29.434485000000166, -2.799974 ], [ 29.43361, -2.799616999999898 ], [ 29.432845000000157, -2.799727 ], [ 29.43186100000014, -2.800715 ], [ 29.431314000000157, -2.801676 ], [ 29.431014, -2.803542 ], [ 29.430631000000119, -2.804173 ], [ 29.430283, -2.804276 ], [ 29.428964, -2.804667 ], [ 29.426723, -2.805628 ], [ 29.42522, -2.806148999999891 ], [ 29.423908, -2.806395999999893 ], [ 29.422487, -2.806753 ], [ 29.420956, -2.80776799999984 ], [ 29.419918000000109, -2.808262 ], [ 29.418715, -2.808372 ], [ 29.418360000000177, -2.809688999999878 ], [ 29.417868000000169, -2.810073 ], [ 29.417185000000131, -2.810128 ], [ 29.416283000000135, -2.810458 ], [ 29.415982, -2.811363 ], [ 29.415627, -2.81183 ], [ 29.414998, -2.812351 ], [ 29.414233000000138, -2.812652999999898 ], [ 29.413495000000182, -2.81279 ], [ 29.412976, -2.813228999999865 ], [ 29.412211000000184, -2.813833 ], [ 29.411254, -2.813696 ], [ 29.410379, -2.813942999999881 ], [ 29.409450000000163, -2.814958 ], [ 29.408630000000187, -2.814958 ], [ 29.407428, -2.814216999999815 ], [ 29.406417, -2.814986 ], [ 29.406061, -2.815808999999888 ], [ 29.405241, -2.81666 ], [ 29.40423, -2.817427999999836 ], [ 29.402536, -2.817839999999819 ], [ 29.402372000000184, -2.818388 ], [ 29.401388000000111, -2.818663 ], [ 29.400513, -2.819348999999875 ], [ 29.400103, -2.820089999999823 ], [ 29.400240000000167, -2.82096799999988 ], [ 29.399611000000164, -2.821325 ], [ 29.397972, -2.819898 ], [ 29.396933000000104, -2.819569 ], [ 29.396386000000177, -2.818936999999892 ], [ 29.39655, -2.817757 ], [ 29.396222, -2.81655 ], [ 29.395621000000119, -2.815946 ], [ 29.394856, -2.816192999999885 ], [ 29.392779000000132, -2.817867 ], [ 29.391713, -2.818169 ], [ 29.39086600000013, -2.818032 ], [ 29.389254000000165, -2.818058999999892 ], [ 29.388488, -2.818552999999838 ], [ 29.388434000000188, -2.820035 ], [ 29.386794000000179, -2.820145 ], [ 29.386630000000139, -2.820776 ], [ 29.385100000000193, -2.820996 ], [ 29.384416, -2.821489 ], [ 29.382913, -2.823876999999811 ], [ 29.38258500000012, -2.825386 ], [ 29.381219, -2.826155 ], [ 29.380809, -2.827417 ], [ 29.380453000000102, -2.829886999999871 ], [ 29.379606, -2.830793 ], [ 29.378841000000136, -2.831287 ], [ 29.377447, -2.830683 ], [ 29.376709000000119, -2.83093 ], [ 29.375971000000163, -2.831451 ], [ 29.375917000000129, -2.831972999999891 ], [ 29.376326, -2.832549 ], [ 29.376299000000131, -2.833208 ], [ 29.376272, -2.834222999999895 ], [ 29.376518, -2.834772 ], [ 29.37687300000016, -2.835594999999898 ], [ 29.377064000000189, -2.836363 ], [ 29.376846, -2.837187 ], [ 29.376299000000131, -2.837571 ], [ 29.375397, -2.837762999999882 ], [ 29.37427700000012, -2.837544 ], [ 29.373183, -2.837544 ], [ 29.371899, -2.8379 ], [ 29.370915000000139, -2.839272 ], [ 29.370259, -2.838531 ], [ 29.369139, -2.83663799999988 ], [ 29.369002000000137, -2.835733 ], [ 29.368510000000128, -2.833455 ], [ 29.368018, -2.831946 ], [ 29.367608, -2.831478999999888 ], [ 29.366761000000167, -2.831452 ], [ 29.365585, -2.832219999999893 ], [ 29.364929000000132, -2.832247 ], [ 29.36329, -2.832028 ], [ 29.362552, -2.83233 ], [ 29.36222400000014, -2.831781 ], [ 29.362606, -2.831122 ], [ 29.364683000000184, -2.828625 ], [ 29.364902, -2.827033 ], [ 29.364192, -2.826457 ], [ 29.361404000000107, -2.824152 ], [ 29.360857000000181, -2.823217999999883 ], [ 29.361677000000157, -2.821928999999841 ], [ 29.36247, -2.820611 ], [ 29.362142, -2.818141999999852 ], [ 29.360939, -2.817126 ], [ 29.360748, -2.814600999999868 ], [ 29.359300000000133, -2.812626 ], [ 29.358917, -2.811665 ], [ 29.359081000000117, -2.810649999999896 ], [ 29.358616, -2.810073 ], [ 29.357113, -2.810017999999843 ], [ 29.356621000000132, -2.807631 ], [ 29.35651200000018, -2.806972 ], [ 29.356047000000103, -2.806369 ], [ 29.355173, -2.806286 ], [ 29.35410700000017, -2.804969 ], [ 29.352768, -2.80442 ], [ 29.352194000000168, -2.803624 ], [ 29.35309500000011, -2.801621 ], [ 29.352522, -2.800441 ], [ 29.351975000000152, -2.799124 ], [ 29.351948, -2.798354999999844 ], [ 29.35244, -2.797943999999859 ], [ 29.353615000000104, -2.798244999999895 ], [ 29.35470800000013, -2.797147999999879 ], [ 29.355145, -2.795527999999877 ], [ 29.356566, -2.794046 ], [ 29.357113, -2.793112999999892 ], [ 29.356976, -2.790615999999886 ], [ 29.355910000000108, -2.789489999999887 ], [ 29.355746, -2.788749 ], [ 29.355173, -2.788228 ], [ 29.354298000000142, -2.785429 ], [ 29.353943, -2.782767 ], [ 29.353068000000178, -2.78241 ], [ 29.352713000000108, -2.780901 ], [ 29.352057000000173, -2.780187 ], [ 29.351182, -2.779337 ], [ 29.350800000000106, -2.778349 ], [ 29.348285, -2.776345 ], [ 29.350117, -2.773848 ], [ 29.34998, -2.773052 ], [ 29.350171000000103, -2.772420999999895 ], [ 29.351073, -2.770032999999842 ], [ 29.351046, -2.769594 ], [ 29.350772, -2.767619 ], [ 29.350007, -2.767646 ], [ 29.348750000000109, -2.767866 ], [ 29.347957, -2.768359 ], [ 29.347329000000116, -2.768716 ], [ 29.347274, -2.767782999999838 ], [ 29.346782000000189, -2.767288999999892 ], [ 29.346154, -2.767206999999871 ], [ 29.345498000000134, -2.766713 ], [ 29.344678000000158, -2.765999 ], [ 29.344295000000102, -2.764709999999866 ], [ 29.342136000000153, -2.764544999999885 ], [ 29.341234000000156, -2.764435 ], [ 29.340742, -2.763722 ], [ 29.340087, -2.763666999999884 ], [ 29.338419000000101, -2.763913999999886 ], [ 29.338228000000129, -2.763035999999886 ], [ 29.338583, -2.762624 ], [ 29.338775, -2.761882999999898 ], [ 29.338556, -2.761224 ], [ 29.34005900000011, -2.759687 ], [ 29.340524000000187, -2.758809 ], [ 29.340305000000171, -2.757656 ], [ 29.340742, -2.756614 ], [ 29.340852000000154, -2.755324 ], [ 29.341289, -2.754446 ], [ 29.341644000000144, -2.753539999999873 ], [ 29.341426, -2.752552 ], [ 29.34005900000011, -2.751591 ], [ 29.339513, -2.751015 ], [ 29.338747, -2.750877999999886 ], [ 29.338283, -2.750439 ], [ 29.336944, -2.749671 ], [ 29.33637, -2.749423999999863 ], [ 29.335331, -2.748627999999883 ], [ 29.333664000000113, -2.747558 ], [ 29.333637, -2.746843999999896 ], [ 29.334211, -2.745965999999896 ], [ 29.334867, -2.744813 ], [ 29.335495, -2.744758999999874 ], [ 29.336096000000111, -2.744429 ], [ 29.33678, -2.744126999999878 ], [ 29.337709000000132, -2.743962999999894 ], [ 29.33926700000012, -2.744319 ], [ 29.340223000000151, -2.743167 ], [ 29.341207, -2.743248999999821 ], [ 29.343093000000124, -2.74174 ], [ 29.343803, -2.74174 ], [ 29.344514000000117, -2.741328 ], [ 29.34478700000011, -2.740723999999886 ], [ 29.345798000000116, -2.740504999999871 ], [ 29.347138000000143, -2.739572 ], [ 29.348613000000171, -2.738172 ], [ 29.349351000000127, -2.737541 ], [ 29.350226000000191, -2.736635 ], [ 29.351647000000185, -2.735894 ], [ 29.352494, -2.734989 ], [ 29.35121, -2.733863 ], [ 29.351155000000176, -2.73326 ], [ 29.351374000000135, -2.732903 ], [ 29.352112, -2.731886999999858 ], [ 29.352112, -2.730076 ], [ 29.3511, -2.729253 ], [ 29.351784000000123, -2.727606 ], [ 29.351729, -2.724175999999829 ], [ 29.350089, -2.724286 ], [ 29.349515000000167, -2.723792 ], [ 29.349078, -2.723133 ], [ 29.348777, -2.721404 ], [ 29.348067, -2.71962 ], [ 29.348367, -2.718248 ], [ 29.348094000000174, -2.716492 ], [ 29.348367, -2.715861 ], [ 29.350718, -2.713336 ], [ 29.350909, -2.71242999999987 ], [ 29.349761000000115, -2.706887 ], [ 29.349707, -2.70436199999989 ], [ 29.349925000000155, -2.704005 ], [ 29.350308, -2.703236999999888 ], [ 29.350117, -2.702249 ], [ 29.350007, -2.700465 ], [ 29.349461000000133, -2.699916 ], [ 29.348750000000109, -2.699916 ], [ 29.347274, -2.700657 ], [ 29.346126, -2.701425 ], [ 29.344897000000174, -2.702468 ], [ 29.344323, -2.702386 ], [ 29.343803, -2.70181 ], [ 29.343639000000167, -2.701013999999816 ], [ 29.342792, -2.700849 ], [ 29.341836, -2.699971 ], [ 29.339649, -2.698982999999885 ], [ 29.339185, -2.698297 ], [ 29.338447, -2.696402999999862 ], [ 29.338474, -2.695415 ], [ 29.337763000000166, -2.694016 ], [ 29.337353000000178, -2.692781 ], [ 29.336807000000135, -2.692369 ], [ 29.335604, -2.691161 ], [ 29.334566000000166, -2.69031 ], [ 29.334046000000114, -2.689652 ], [ 29.333199, -2.689542 ], [ 29.33194200000014, -2.689899 ], [ 29.330275, -2.690777 ], [ 29.329592, -2.690941999999836 ], [ 29.329291000000183, -2.690338 ], [ 29.328198000000157, -2.689707 ], [ 29.327542, -2.688719 ], [ 29.32746, -2.687236999999868 ], [ 29.327952, -2.685479999999814 ], [ 29.328908, -2.683668999999895 ], [ 29.329510000000141, -2.682215 ], [ 29.330603000000167, -2.68098 ], [ 29.33186, -2.680266 ], [ 29.332297, -2.679525 ], [ 29.332297, -2.67741199999989 ], [ 29.332735000000184, -2.676562 ], [ 29.333363, -2.675711 ], [ 29.334511, -2.674805 ], [ 29.335167000000126, -2.674174 ], [ 29.335031, -2.673241999999846 ], [ 29.334676, -2.672583 ], [ 29.334648000000186, -2.67165 ], [ 29.334976000000154, -2.670772 ], [ 29.335468, -2.669592 ], [ 29.333856, -2.667999999999893 ], [ 29.33268, -2.667038999999875 ], [ 29.332270000000108, -2.666160999999875 ], [ 29.332188, -2.66531 ], [ 29.33268, -2.664322 ], [ 29.332844000000136, -2.663115 ], [ 29.33106800000013, -2.661358 ], [ 29.329346000000101, -2.659655999999814 ], [ 29.329073, -2.659025 ], [ 29.329674, -2.657543 ], [ 29.327433, -2.655293 ], [ 29.326531, -2.653647 ], [ 29.325438, -2.652795999999853 ], [ 29.325165, -2.652082999999834 ], [ 29.324645000000146, -2.651287 ], [ 29.323989, -2.651204 ], [ 29.322432, -2.651891 ], [ 29.321721000000139, -2.651835999999889 ], [ 29.320846, -2.651781 ], [ 29.31989, -2.651973 ], [ 29.318715000000111, -2.651534 ], [ 29.318004, -2.651204 ], [ 29.317813000000115, -2.650462999999888 ], [ 29.317922, -2.649420999999847 ], [ 29.316747000000191, -2.649256 ], [ 29.316364000000135, -2.648679999999899 ], [ 29.315462, -2.646567 ], [ 29.314205000000186, -2.646018 ], [ 29.313002, -2.645524 ], [ 29.311936, -2.644425999999896 ], [ 29.310570000000155, -2.643987 ], [ 29.308985000000121, -2.643356 ], [ 29.307645, -2.64363 ], [ 29.306716000000108, -2.64352 ], [ 29.305104000000142, -2.643081 ], [ 29.303601000000128, -2.642833999999823 ], [ 29.302808, -2.642505 ], [ 29.301906, -2.642532 ], [ 29.301059000000123, -2.642614 ], [ 29.300485, -2.642065 ], [ 29.299283000000116, -2.641324 ], [ 29.298271, -2.641516 ], [ 29.29767, -2.641352 ], [ 29.296768, -2.640582999999822 ], [ 29.295593000000167, -2.640144 ], [ 29.294199000000106, -2.640117 ], [ 29.293516, -2.639623 ], [ 29.291658000000155, -2.638278 ], [ 29.29086500000011, -2.637565 ], [ 29.288897000000134, -2.63482 ], [ 29.288487000000146, -2.633722999999861 ], [ 29.28753, -2.633064 ], [ 29.28682, -2.632323 ], [ 29.284688, -2.631088 ], [ 29.283950000000118, -2.629935999999873 ], [ 29.282994, -2.627356 ], [ 29.282119000000137, -2.62571 ], [ 29.280534000000102, -2.625243 ], [ 29.280042, -2.624502 ], [ 29.279141, -2.624475 ], [ 29.278758, -2.624749 ], [ 29.277556, -2.624776 ], [ 29.276818000000105, -2.624144999999885 ], [ 29.276380000000131, -2.623184999999864 ], [ 29.275998000000129, -2.622197 ], [ 29.274850000000185, -2.621894999999881 ], [ 29.274057, -2.622087 ], [ 29.272855000000106, -2.623432 ], [ 29.272171000000185, -2.623404 ], [ 29.27086, -2.623157 ], [ 29.269411000000105, -2.62291 ], [ 29.268345000000181, -2.623432 ], [ 29.267744, -2.623019999999883 ], [ 29.267471000000171, -2.621813 ], [ 29.267143, -2.620907 ], [ 29.266377, -2.620193 ], [ 29.266323, -2.619726999999898 ], [ 29.266186, -2.618931 ], [ 29.265585000000101, -2.618107999999893 ], [ 29.264683, -2.617833 ], [ 29.26318, -2.617833 ], [ 29.261239, -2.618821 ], [ 29.257850000000133, -2.620934 ], [ 29.256129000000158, -2.621813 ], [ 29.254461, -2.622141999999883 ], [ 29.253286000000116, -2.622691 ], [ 29.25263, -2.623678999999868 ], [ 29.252958, -2.624391999999887 ], [ 29.252958, -2.624969 ], [ 29.251728000000185, -2.625627 ], [ 29.250420000000133, -2.626708 ], [ 29.249163, -2.625379 ], [ 29.248809, -2.62379 ], [ 29.24868, -2.622039 ], [ 29.247294000000124, -2.621681999999851 ], [ 29.246424000000104, -2.621844999999837 ], [ 29.246006000000136, -2.62272 ], [ 29.24607, -2.624244 ], [ 29.245716000000129, -2.624536 ], [ 29.245393, -2.623692999999889 ], [ 29.244298, -2.622524999999882 ], [ 29.243492000000174, -2.622915 ], [ 29.240464, -2.62392 ], [ 29.239980000000173, -2.62414699999988 ], [ 29.239819000000182, -2.624891999999875 ], [ 29.240174, -2.625638 ], [ 29.239787, -2.626384 ], [ 29.239207000000192, -2.626773 ], [ 29.239207000000192, -2.625833 ], [ 29.238079, -2.625217 ], [ 29.236823, -2.624957 ], [ 29.236243, -2.624275999999895 ], [ 29.235663, -2.624017 ], [ 29.235083, -2.624698 ], [ 29.235212, -2.627195 ], [ 29.234535000000164, -2.627648 ], [ 29.233955, -2.627713 ], [ 29.232989000000146, -2.627746 ], [ 29.230636000000118, -2.628589 ], [ 29.230411000000174, -2.627810999999895 ], [ 29.229638000000136, -2.627421 ], [ 29.229573, -2.626676 ], [ 29.228059, -2.625475999999878 ], [ 29.226480000000151, -2.62499 ], [ 29.225288, -2.625411 ], [ 29.225191000000109, -2.626157 ], [ 29.2251270000001, -2.627226999999891 ], [ 29.223516, -2.627875 ], [ 29.222936, -2.628491 ], [ 29.222743, -2.629205 ], [ 29.223258, -2.630437 ], [ 29.222936, -2.631312 ], [ 29.222130000000107, -2.631604 ], [ 29.221389000000102, -2.63115 ], [ 29.220745, -2.63115 ], [ 29.220294, -2.631668999999818 ], [ 29.219746, -2.630275 ], [ 29.219875, -2.629139999999893 ], [ 29.2201, -2.628491 ], [ 29.219939, -2.627648 ], [ 29.219392, -2.625962 ], [ 29.218135000000132, -2.624698 ], [ 29.217297, -2.625021999999888 ], [ 29.216814000000113, -2.625444 ], [ 29.216041, -2.625087 ], [ 29.215751, -2.624308999999869 ], [ 29.21472, -2.622752 ], [ 29.214011, -2.621196 ], [ 29.213270000000136, -2.62058 ], [ 29.21236800000014, -2.620612 ], [ 29.211498, -2.620904 ], [ 29.211111, -2.62122799999986 ], [ 29.210789, -2.621747 ], [ 29.210048, -2.622007 ], [ 29.209274000000107, -2.621877 ], [ 29.208082, -2.620775 ], [ 29.207535000000121, -2.620321 ], [ 29.206536, -2.618116 ], [ 29.204441, -2.615489 ], [ 29.203894000000105, -2.614841 ], [ 29.202412, -2.615133 ], [ 29.201123000000166, -2.615911 ], [ 29.200639, -2.617012999999872 ], [ 29.199898, -2.616332 ], [ 29.198867000000178, -2.616592 ], [ 29.19774, -2.617304999999874 ], [ 29.196290000000147, -2.616138 ], [ 29.195388, -2.616721999999868 ], [ 29.195001, -2.617304999999874 ], [ 29.19426, -2.616980999999896 ], [ 29.19358300000016, -2.616980999999896 ], [ 29.192745000000116, -2.616495 ], [ 29.192166000000157, -2.616884 ], [ 29.191682, -2.616558999999882 ], [ 29.190973, -2.615943 ], [ 29.190103000000192, -2.616104999999891 ], [ 29.18945900000017, -2.615911 ], [ 29.188911000000132, -2.615425 ], [ 29.188138, -2.615067999999894 ], [ 29.186527, -2.615425 ], [ 29.185947, -2.615165 ], [ 29.189072000000124, -2.613706 ], [ 29.189201000000139, -2.613058 ], [ 29.188944, -2.612149999999872 ], [ 29.18826700000011, -2.610723 ], [ 29.187075000000107, -2.609588 ], [ 29.186463, -2.609912 ], [ 29.185850000000187, -2.610464 ], [ 29.185142, -2.610560999999848 ], [ 29.184433000000183, -2.610302 ], [ 29.18353100000013, -2.610819999999876 ], [ 29.183047, -2.611501 ], [ 29.18266100000011, -2.611728 ], [ 29.182403, -2.612669 ], [ 29.182403, -2.613446999999894 ], [ 29.181565, -2.613803 ], [ 29.180824000000143, -2.613868 ], [ 29.180115000000114, -2.614257 ], [ 29.179342000000133, -2.614387 ], [ 29.178407, -2.614354999999875 ], [ 29.17699, -2.613966 ], [ 29.176217000000179, -2.614225 ], [ 29.176088000000163, -2.615067999999894 ], [ 29.175540000000126, -2.615521999999885 ], [ 29.174767, -2.615359999999896 ], [ 29.174670000000106, -2.614225 ], [ 29.174831, -2.61322 ], [ 29.174122, -2.611793 ], [ 29.174702, -2.611015 ], [ 29.174444, -2.610106999999857 ], [ 29.173736, -2.609783 ], [ 29.172994000000131, -2.608291 ], [ 29.172511000000156, -2.607999 ], [ 29.17222100000015, -2.607188999999892 ], [ 29.171512, -2.606735 ], [ 29.170642, -2.606735 ], [ 29.169998, -2.606929 ], [ 29.169482000000187, -2.606637 ], [ 29.169289, -2.605762 ], [ 29.169708, -2.605113 ], [ 29.169772, -2.604206 ], [ 29.169482000000187, -2.603362999999888 ], [ 29.169128000000171, -2.602616999999896 ], [ 29.168322000000103, -2.602422 ], [ 29.167581, -2.602098 ], [ 29.167034000000115, -2.601385 ], [ 29.166357, -2.60073599999987 ], [ 29.165680000000179, -2.600769 ], [ 29.164971000000151, -2.600477 ], [ 29.163779, -2.600281999999879 ], [ 29.163425000000132, -2.600217 ], [ 29.162974000000133, -2.599504 ], [ 29.16387600000013, -2.597233999999844 ], [ 29.16365, -2.59571 ], [ 29.162974000000133, -2.594705 ], [ 29.162072, -2.594543 ], [ 29.160525000000177, -2.594803 ], [ 29.159172000000126, -2.594803 ], [ 29.158012, -2.595451 ], [ 29.157078, -2.59597 ], [ 29.155885000000126, -2.596197 ], [ 29.154339000000107, -2.595061999999871 ], [ 29.153694, -2.594089 ], [ 29.152857, -2.594219 ], [ 29.152341000000149, -2.595061999999871 ], [ 29.151793000000112, -2.595224 ], [ 29.151117000000113, -2.594705 ], [ 29.151149000000146, -2.592338 ], [ 29.150827000000106, -2.59156 ], [ 29.15015, -2.590879 ], [ 29.148958, -2.591009 ], [ 29.148217000000159, -2.59143 ], [ 29.14847500000019, -2.592371 ], [ 29.14899, -2.59298699999988 ], [ 29.148507, -2.59383 ], [ 29.147830000000113, -2.594413 ], [ 29.144576, -2.594284 ], [ 29.143738000000155, -2.594965 ], [ 29.14364200000017, -2.595873 ], [ 29.141418, -2.59571 ], [ 29.14042, -2.596132 ], [ 29.140291, -2.596974999999816 ], [ 29.139356000000134, -2.597525999999846 ], [ 29.138712000000112, -2.598401999999851 ], [ 29.13855100000012, -2.599472 ], [ 29.138905, -2.600542 ], [ 29.140194000000179, -2.601936 ], [ 29.140839, -2.602714 ], [ 29.140903, -2.60359 ], [ 29.13955, -2.603719 ], [ 29.138970000000143, -2.605178 ], [ 29.138132, -2.605178 ], [ 29.137713, -2.604529999999897 ], [ 29.136167, -2.603914 ], [ 29.134846000000152, -2.604173 ], [ 29.132558, -2.605405 ], [ 29.131559000000152, -2.606573 ], [ 29.130109000000118, -2.60787 ], [ 29.129658, -2.608453 ], [ 29.127886, -2.609684999999843 ], [ 29.127370000000155, -2.608971999999824 ], [ 29.12727400000017, -2.608095999999819 ], [ 29.126694000000157, -2.607578 ], [ 29.125534, -2.607253 ], [ 29.124761, -2.607318 ], [ 29.125276, -2.605827 ], [ 29.125212, -2.604627 ], [ 29.124342, -2.603395 ], [ 29.123665000000187, -2.602908999999897 ], [ 29.122344000000112, -2.60346 ], [ 29.121732000000122, -2.603265 ], [ 29.121087, -2.602616999999896 ], [ 29.120121, -2.600477 ], [ 29.119412000000182, -2.599893 ], [ 29.118220000000122, -2.599634 ], [ 29.117865, -2.598791 ], [ 29.117286000000149, -2.598175 ], [ 29.116061, -2.59856399999984 ], [ 29.116996000000142, -2.597332 ], [ 29.116029, -2.596327 ], [ 29.114063000000101, -2.596489 ], [ 29.113387000000102, -2.596812999999827 ], [ 29.112678, -2.59678 ], [ 29.111776, -2.595905 ], [ 29.111196000000177, -2.595613 ], [ 29.11064800000014, -2.596035 ], [ 29.109746000000143, -2.595581 ], [ 29.108844, -2.594089 ], [ 29.107878, -2.594315999999878 ], [ 29.107137, -2.594932 ], [ 29.105332000000146, -2.595386 ], [ 29.104785000000163, -2.595191999999884 ], [ 29.104237000000126, -2.595678 ], [ 29.102819, -2.5961 ], [ 29.101756, -2.5961 ], [ 29.099533000000122, -2.59597 ], [ 29.099468, -2.595127 ], [ 29.09847, -2.595127 ], [ 29.097793, -2.595419 ], [ 29.097149, -2.59597 ], [ 29.096472000000176, -2.5961 ], [ 29.095344, -2.595029999999895 ], [ 29.094796, -2.594511 ], [ 29.094249, -2.593084 ], [ 29.093508, -2.591527999999869 ], [ 29.092928, -2.591041 ], [ 29.091993000000116, -2.59136599999988 ], [ 29.091575000000148, -2.592110999999875 ], [ 29.090672, -2.591625 ], [ 29.089126000000192, -2.591203999999891 ], [ 29.087386000000151, -2.591593 ], [ 29.084647000000189, -2.592727 ], [ 29.082166, -2.594219 ], [ 29.08091, -2.594705 ], [ 29.080523, -2.595159 ], [ 29.080523, -2.59597 ], [ 29.077977, -2.596812999999827 ], [ 29.075496000000101, -2.59892 ], [ 29.074594, -2.600023 ], [ 29.07404600000018, -2.600606 ], [ 29.073241, -2.601255 ], [ 29.073048, -2.60174099999989 ], [ 29.072822, -2.602746 ], [ 29.072274000000107, -2.603168 ], [ 29.071566000000189, -2.60333 ], [ 29.069439, -2.602746 ], [ 29.067731, -2.601902999999879 ], [ 29.066281, -2.601287 ], [ 29.065669, -2.601223 ], [ 29.064767000000188, -2.601385 ], [ 29.064026000000183, -2.601676 ], [ 29.062673000000132, -2.601255 ], [ 29.061771, -2.601579 ], [ 29.061352, -2.602324999999894 ], [ 29.061384, -2.604011 ], [ 29.060997, -2.604853999999875 ], [ 29.060321, -2.605956 ], [ 29.05987, -2.606864 ], [ 29.059966000000145, -2.60761 ], [ 29.058227000000159, -2.609069 ], [ 29.057711, -2.610334 ], [ 29.05777600000016, -2.612182 ], [ 29.058807000000172, -2.613219 ], [ 29.057937000000152, -2.614549 ], [ 29.058001000000104, -2.615295 ], [ 29.057582, -2.615812999999889 ], [ 29.057486, -2.616592 ], [ 29.058001000000104, -2.61711 ], [ 29.057647000000145, -2.617856 ], [ 29.057034, -2.617304999999874 ], [ 29.056229, -2.617304999999874 ], [ 29.054844000000173, -2.617921 ], [ 29.053394000000139, -2.61844 ], [ 29.05291, -2.618959 ], [ 29.053136000000109, -2.619996 ], [ 29.053812, -2.619996 ], [ 29.053555000000131, -2.620806999999843 ], [ 29.052491, -2.621747 ], [ 29.052008, -2.623174 ], [ 29.051944, -2.624665 ], [ 29.052395, -2.625379 ], [ 29.052008, -2.626416 ], [ 29.051976, -2.627486 ], [ 29.05233, -2.628329 ], [ 29.052878, -2.628134999999872 ], [ 29.053426000000115, -2.628945 ], [ 29.05349, -2.630145 ], [ 29.053426000000115, -2.631604 ], [ 29.053361, -2.632415 ], [ 29.054135000000144, -2.632707 ], [ 29.054006000000129, -2.634295 ], [ 29.053587000000107, -2.634749 ], [ 29.054328000000112, -2.635819 ], [ 29.053909, -2.6365 ], [ 29.05436, -2.637408 ], [ 29.054392000000121, -2.637926999999877 ], [ 29.05349, -2.639289 ], [ 29.053426000000115, -2.640067 ], [ 29.054231, -2.640714999999886 ], [ 29.054972000000134, -2.641331 ], [ 29.055198000000189, -2.641494 ], [ 29.055713000000139, -2.642888 ], [ 29.056261000000177, -2.643309 ], [ 29.056938, -2.643147 ], [ 29.057292, -2.644023 ], [ 29.05777600000016, -2.644962999999848 ], [ 29.059032000000116, -2.645675999999867 ], [ 29.05925800000017, -2.646811 ], [ 29.059032000000116, -2.648335 ], [ 29.059419, -2.649567 ], [ 29.060643, -2.649665 ], [ 29.060289, -2.650637 ], [ 29.058484, -2.651805 ], [ 29.056938, -2.65242099999989 ], [ 29.056132000000161, -2.652486 ], [ 29.054876, -2.651707999999871 ], [ 29.054231, -2.651934 ], [ 29.053941, -2.65303699999987 ], [ 29.053845000000138, -2.65401 ], [ 29.054328000000112, -2.655566 ], [ 29.054135000000144, -2.656344 ], [ 29.052491, -2.65615 ], [ 29.05184700000018, -2.656246999999837 ], [ 29.051622, -2.657187 ], [ 29.050977000000159, -2.658355 ], [ 29.050913, -2.66016999999988 ], [ 29.049366, -2.661337999999887 ], [ 29.048915, -2.662181 ], [ 29.048399000000188, -2.663283 ], [ 29.047562, -2.664386 ], [ 29.047465, -2.665683 ], [ 29.048142, -2.667271 ], [ 29.048786, -2.668406 ], [ 29.047336, -2.669378999999878 ], [ 29.04637, -2.670352 ], [ 29.046080000000188, -2.670935 ], [ 29.046305000000132, -2.671811 ], [ 29.047723, -2.671908 ], [ 29.047916, -2.671357 ], [ 29.048271, -2.671973 ], [ 29.049141000000134, -2.672362 ], [ 29.049688, -2.672686 ], [ 29.050687000000153, -2.674016 ], [ 29.050945000000183, -2.674502 ], [ 29.050784000000192, -2.675442 ], [ 29.051525, -2.675701999999887 ], [ 29.051557000000173, -2.676545 ], [ 29.052105, -2.676772 ], [ 29.05262, -2.676642 ], [ 29.053232, -2.676804 ], [ 29.053909, -2.676609999999869 ], [ 29.054328000000112, -2.677388 ], [ 29.056487, -2.676446999999882 ], [ 29.056938, -2.677939 ], [ 29.056841, -2.680144 ], [ 29.056873, -2.681214 ], [ 29.056422, -2.682283999999868 ], [ 29.056003000000146, -2.682965 ], [ 29.055230000000165, -2.682834999999898 ], [ 29.054650000000152, -2.683288999999888 ], [ 29.054425000000151, -2.68397 ], [ 29.052749, -2.684359 ], [ 29.052298, -2.684586 ], [ 29.051815, -2.685071999999877 ], [ 29.051331000000118, -2.684617999999887 ], [ 29.050752, -2.684617999999887 ], [ 29.050107000000139, -2.685039 ], [ 29.049592000000132, -2.684553 ], [ 29.048915, -2.684423 ], [ 29.047304000000167, -2.686076999999898 ], [ 29.047143000000176, -2.68705 ], [ 29.047368000000176, -2.687828 ], [ 29.048335, -2.688151999999889 ], [ 29.050075000000106, -2.688605999999822 ], [ 29.050784000000192, -2.688605999999822 ], [ 29.051686000000188, -2.689643999999817 ], [ 29.052846000000102, -2.689059999999813 ], [ 29.053426000000115, -2.689417 ], [ 29.054102, -2.689059999999813 ], [ 29.054296000000136, -2.689643999999817 ], [ 29.054489000000103, -2.691103 ], [ 29.054876, -2.691653999999858 ], [ 29.054489000000103, -2.69227 ], [ 29.053716000000122, -2.692627 ], [ 29.05291, -2.692432 ], [ 29.052524, -2.691945999999859 ], [ 29.051106000000175, -2.692108 ], [ 29.0500100000001, -2.692854 ], [ 29.049624000000108, -2.693987999999877 ], [ 29.049721000000147, -2.694409999999891 ], [ 29.051074, -2.695934 ], [ 29.05175, -2.697068999999885 ], [ 29.051557000000173, -2.697458 ], [ 29.051944, -2.698333 ], [ 29.051493, -2.699143999999876 ], [ 29.050848000000144, -2.699889999999812 ], [ 29.049366, -2.700214 ], [ 29.049205, -2.701932999999826 ], [ 29.049753000000123, -2.70297 ], [ 29.050300000000107, -2.70404 ], [ 29.050494000000185, -2.704785999999899 ], [ 29.0532, -2.705921 ], [ 29.054779000000167, -2.706114999999897 ], [ 29.05407, -2.70731499999988 ], [ 29.054715000000158, -2.708060999999873 ], [ 29.054747000000134, -2.709001 ], [ 29.055327, -2.709423 ], [ 29.055133000000126, -2.71072 ], [ 29.054747000000134, -2.711693 ], [ 29.054263000000105, -2.712147 ], [ 29.053136000000109, -2.712536 ], [ 29.052427, -2.713995 ], [ 29.051364, -2.714741 ], [ 29.051267000000166, -2.715647999999874 ], [ 29.050752, -2.716685999999868 ], [ 29.048528, -2.719248 ], [ 29.047014000000161, -2.719572 ], [ 29.046499, -2.720091 ], [ 29.046466000000123, -2.721063 ], [ 29.045468000000142, -2.722553999999889 ], [ 29.045017000000144, -2.723591999999826 ], [ 29.044694, -2.724403 ], [ 29.043985000000191, -2.72462999999982 ], [ 29.043921, -2.723787 ], [ 29.043373, -2.723333 ], [ 29.041859000000159, -2.724532 ], [ 29.041698000000167, -2.725148 ], [ 29.041794, -2.725763999999856 ], [ 29.041182000000106, -2.726316 ], [ 29.040763, -2.726769999999874 ], [ 29.040796000000114, -2.727386 ], [ 29.041923000000111, -2.727936999999883 ], [ 29.042052000000126, -2.728164 ], [ 29.040635000000123, -2.728618 ], [ 29.040602, -2.729623 ], [ 29.041021000000114, -2.729882 ], [ 29.040602, -2.730336 ], [ 29.041279000000145, -2.731600999999898 ], [ 29.041376000000128, -2.733125 ], [ 29.041569000000152, -2.734228 ], [ 29.040892, -2.734325 ], [ 29.040731, -2.735005999999885 ], [ 29.040892, -2.735816 ], [ 29.040635000000123, -2.736595 ], [ 29.040248, -2.737665 ], [ 29.041215000000136, -2.738573 ], [ 29.040055000000109, -2.739189 ], [ 29.039861, -2.741133999999875 ], [ 29.0402160000001, -2.742334 ], [ 29.040087, -2.744733 ], [ 29.040183, -2.7459 ], [ 29.040119, -2.747034999999812 ], [ 29.039249, -2.748623 ], [ 29.038798, -2.750861 ], [ 29.038701000000174, -2.751769 ], [ 29.038529000000153, -2.752445 ], [ 29.038079, -2.755321 ], [ 29.038, -2.757026 ], [ 29.038132000000132, -2.757691 ], [ 29.038583000000187, -2.75881 ], [ 29.038238, -2.760035 ], [ 29.037656, -2.759982 ], [ 29.036649000000182, -2.759501999999884 ], [ 29.035352000000159, -2.759529 ], [ 29.034399000000178, -2.759236 ], [ 29.032836, -2.75846399999989 ], [ 29.032015000000115, -2.758384 ], [ 29.029950000000156, -2.759396 ], [ 29.02905, -2.759449 ], [ 29.02754, -2.759476 ], [ 29.026746, -2.759902 ], [ 29.025527000000125, -2.760833999999875 ], [ 29.023674, -2.762352 ], [ 29.022588, -2.763524 ], [ 29.020284, -2.766507 ], [ 29.01859, -2.769223 ], [ 29.017213, -2.770049 ], [ 29.016815000000122, -2.770635 ], [ 29.015412, -2.771274 ], [ 29.011731000000111, -2.772765 ], [ 29.011361, -2.773324999999886 ], [ 29.009957, -2.774417 ], [ 29.008845, -2.775534999999877 ], [ 29.007918, -2.778065 ], [ 29.007362000000114, -2.778704999999889 ], [ 29.005191, -2.779582999999889 ], [ 29.003284000000178, -2.780648999999869 ], [ 29.00249, -2.781261 ], [ 29.001563, -2.783497999999895 ], [ 29.000716000000182, -2.785709 ], [ 29.000477000000103, -2.787973 ], [ 29.000345, -2.79005 ], [ 29.001007, -2.791621 ], [ 29.000928000000101, -2.793432 ], [ 29.000610000000108, -2.794764 ], [ 29.000477000000103, -2.796602 ], [ 29.000504, -2.798972 ], [ 29.000874000000124, -2.800703 ], [ 29.002066000000127, -2.803445999999894 ], [ 29.002092000000175, -2.803952 ], [ 29.002119000000107, -2.804911 ], [ 29.001934, -2.806216 ], [ 29.001616, -2.806775 ], [ 29.001351000000113, -2.807468 ], [ 29.001483, -2.808266999999887 ], [ 29.001722, -2.808719999999823 ], [ 29.001748000000134, -2.810211 ], [ 29.002331, -2.811276 ], [ 29.00331100000011, -2.812021999999899 ], [ 29.004396, -2.814126 ], [ 29.00527, -2.815297999999814 ], [ 29.005588, -2.81607 ], [ 29.005959000000189, -2.81663 ], [ 29.007945, -2.817908 ], [ 29.010593, -2.819719 ], [ 29.012632, -2.820838 ], [ 29.01437900000019, -2.821184 ], [ 29.01578300000017, -2.821503 ], [ 29.01639200000011, -2.82184999999987 ], [ 29.016789, -2.822116 ], [ 29.017769, -2.822009 ], [ 29.019702, -2.820970999999872 ], [ 29.020390000000134, -2.820917 ], [ 29.02137, -2.821716 ], [ 29.022668000000181, -2.821556999999871 ], [ 29.023277000000121, -2.822648999999899 ], [ 29.024124, -2.822915 ], [ 29.025236000000177, -2.823075 ], [ 29.02566, -2.823954 ], [ 29.026719000000128, -2.825923999999873 ], [ 29.027805000000114, -2.82659 ], [ 29.028626, -2.826564 ], [ 29.0295, -2.826297 ], [ 29.029976000000147, -2.826349999999877 ], [ 29.030638, -2.826882999999839 ], [ 29.031300000000101, -2.82659 ], [ 29.031936000000144, -2.826349999999877 ], [ 29.033101000000102, -2.826136999999846 ], [ 29.033714, -2.825622 ], [ 29.03412400000019, -2.824465 ], [ 29.037408, -2.824795999999822 ], [ 29.040118000000177, -2.823804999999879 ], [ 29.042253, -2.822484 ], [ 29.043977, -2.820915 ], [ 29.044716000000108, -2.820955 ], [ 29.045757, -2.820773 ], [ 29.046708, -2.819634 ], [ 29.047886, -2.819498 ], [ 29.049697, -2.820044 ], [ 29.050557, -2.820089999999823 ], [ 29.051146000000131, -2.82305 ], [ 29.051870000000122, -2.824506999999869 ], [ 29.051780000000178, -2.825736 ], [ 29.052232, -2.826555999999869 ], [ 29.054044, -2.827967999999885 ], [ 29.055357000000186, -2.82846899999987 ], [ 29.057394000000158, -2.829606999999896 ], [ 29.057892000000152, -2.830154 ], [ 29.057349000000158, -2.831382999999846 ], [ 29.057485, -2.831837999999834 ], [ 29.058300000000145, -2.832476 ], [ 29.05916, -2.833705 ], [ 29.059477000000186, -2.834024 ], [ 29.060201, -2.834662 ], [ 29.060383000000172, -2.835572 ], [ 29.060881000000165, -2.836893 ], [ 29.061786, -2.838441 ], [ 29.061696, -2.839124 ], [ 29.061786, -2.840081 ], [ 29.061322, -2.841651 ], [ 29.061096000000191, -2.84279 ], [ 29.061866000000123, -2.843518 ], [ 29.062636000000111, -2.844839 ], [ 29.063858, -2.845794999999896 ], [ 29.064854, -2.846295999999882 ], [ 29.066032, -2.845249 ], [ 29.066575, -2.845112 ], [ 29.067571, -2.845931999999891 ], [ 29.06825, -2.847389 ], [ 29.069337000000132, -2.849756999999897 ], [ 29.069156, -2.850349 ], [ 29.06825, -2.850804 ], [ 29.066847000000166, -2.851351 ], [ 29.066167, -2.852762 ], [ 29.066122, -2.85422 ], [ 29.067299000000105, -2.855449 ], [ 29.069563000000187, -2.85595 ], [ 29.070786000000112, -2.857726 ], [ 29.07065, -2.858499999999879 ], [ 29.07001600000018, -2.858499999999879 ], [ 29.068839000000139, -2.859366 ], [ 29.068386000000146, -2.860366999999826 ], [ 29.068748, -2.861324 ], [ 29.06911, -2.862735 ], [ 29.069835000000126, -2.864283999999884 ], [ 29.071103, -2.86478499999987 ], [ 29.072506000000146, -2.864374999999882 ], [ 29.07468, -2.863601 ], [ 29.075902, -2.863827999999842 ], [ 29.076582, -2.864967 ], [ 29.077623, -2.867654 ], [ 29.077985000000126, -2.867927 ], [ 29.078846000000169, -2.867563 ], [ 29.080340000000149, -2.868336999999883 ], [ 29.082332000000122, -2.868791999999871 ], [ 29.084053, -2.869612 ], [ 29.085638, -2.872298 ], [ 29.086407000000122, -2.873346 ], [ 29.087132, -2.873391 ], [ 29.088762, -2.872936 ], [ 29.089577, -2.872435 ], [ 29.090211000000124, -2.871114 ], [ 29.090483, -2.871114 ], [ 29.091207000000111, -2.87198 ], [ 29.091842, -2.874302 ], [ 29.092929, -2.87544 ], [ 29.093336000000193, -2.876077999999893 ], [ 29.092883, -2.876761 ], [ 29.092702000000145, -2.877307 ], [ 29.092883, -2.878172 ], [ 29.093698000000131, -2.878719 ], [ 29.093744, -2.879766 ], [ 29.093744, -2.880677 ], [ 29.094468, -2.881542 ], [ 29.094559000000118, -2.882315999999832 ], [ 29.092929, -2.884548 ], [ 29.09243, -2.88555 ], [ 29.091389, -2.887007 ], [ 29.090800000000172, -2.88828199999989 ], [ 29.090483, -2.889193 ], [ 29.090166000000124, -2.890193999999894 ], [ 29.090257000000179, -2.891378 ], [ 29.090846, -2.89279 ], [ 29.090393, -2.893792 ], [ 29.090121000000124, -2.895614 ], [ 29.089306000000192, -2.897708 ], [ 29.089668000000131, -2.899302 ], [ 29.089623000000131, -2.900259 ], [ 29.089261000000192, -2.901488 ], [ 29.089668000000131, -2.902171 ], [ 29.090166000000124, -2.902443999999889 ], [ 29.091208000000165, -2.906815999999878 ], [ 29.091978, -2.907408 ], [ 29.092657000000145, -2.909548 ], [ 29.094106000000124, -2.912189999999896 ], [ 29.095555000000104, -2.914056999999843 ], [ 29.096189, -2.917199 ], [ 29.096732, -2.918656 ], [ 29.096596, -2.919521 ], [ 29.09714, -2.920751 ], [ 29.097728000000131, -2.921115 ], [ 29.098362, -2.921024 ], [ 29.099675000000161, -2.920522999999889 ], [ 29.10049, -2.920705 ], [ 29.10049, -2.921433999999863 ], [ 29.101034000000141, -2.922936999999877 ], [ 29.101758000000189, -2.923984 ], [ 29.103117000000168, -2.924622 ], [ 29.105018, -2.925303999999869 ], [ 29.106014, -2.925077 ], [ 29.106829000000175, -2.924347999999895 ], [ 29.107191000000114, -2.922982 ], [ 29.1081420000001, -2.922480999999891 ], [ 29.109229000000141, -2.922343999999839 ], [ 29.110361, -2.922663 ], [ 29.112715, -2.925623 ], [ 29.114934, -2.926305999999897 ], [ 29.116745000000151, -2.927718 ], [ 29.118738000000178, -2.928447 ], [ 29.119372, -2.928948 ], [ 29.11996, -2.929312 ], [ 29.120821, -2.929631 ], [ 29.122632000000124, -2.930906 ], [ 29.124398, -2.93127 ], [ 29.12553000000014, -2.93104199999982 ], [ 29.127703000000167, -2.930177 ], [ 29.128881, -2.93004 ], [ 29.129288, -2.930586999999832 ], [ 29.129922, -2.931452 ], [ 29.13105400000012, -2.932317 ], [ 29.131462000000113, -2.933136999999874 ], [ 29.131914, -2.934458 ], [ 29.132548, -2.93600599999985 ], [ 29.133726, -2.936871 ], [ 29.13404300000019, -2.937097999999878 ], [ 29.135175, -2.93696199999988 ], [ 29.136261, -2.938146 ], [ 29.137439000000143, -2.938464999999894 ], [ 29.138752, -2.939193 ], [ 29.140020000000163, -2.939967 ], [ 29.140382000000102, -2.940513999999894 ], [ 29.140563000000157, -2.942062 ], [ 29.142193000000191, -2.945705 ], [ 29.142963000000123, -2.946843999999885 ], [ 29.14808, -2.948164 ], [ 29.149846000000139, -2.949029 ], [ 29.15097800000018, -2.949211999999875 ], [ 29.151838000000112, -2.948984 ], [ 29.15211, -2.948664999999835 ], [ 29.152653, -2.947071 ], [ 29.153106, -2.946843999999885 ], [ 29.153604, -2.946843999999885 ], [ 29.154555000000187, -2.948119 ], [ 29.155415000000119, -2.94862 ], [ 29.157, -2.949211999999875 ], [ 29.158766000000128, -2.950623999999891 ], [ 29.159943000000169, -2.952491 ], [ 29.160668000000101, -2.953493 ], [ 29.160985, -2.955040999999881 ], [ 29.161664, -2.956817 ], [ 29.164109, -2.958592999999894 ], [ 29.166283000000135, -2.959913999999856 ], [ 29.167324000000121, -2.959959 ], [ 29.168230000000165, -2.959731 ], [ 29.168184, -2.960278 ], [ 29.16655400000019, -2.963511 ], [ 29.16655400000019, -2.964558 ], [ 29.166826000000128, -2.966061 ], [ 29.167686, -2.967382 ], [ 29.169135, -2.968065 ], [ 29.168954, -2.968475 ], [ 29.168320000000108, -2.969294 ], [ 29.167415, -2.969477 ], [ 29.1666, -2.969659 ], [ 29.166283000000135, -2.970387 ], [ 29.166192, -2.971161999999879 ], [ 29.16655400000019, -2.971661999999867 ], [ 29.167279000000121, -2.973528999999871 ], [ 29.167822000000115, -2.974486 ], [ 29.169452, -2.976488999999845 ], [ 29.169599, -2.977791 ], [ 29.170007000000112, -2.979248 ], [ 29.171229, -2.981251 ], [ 29.171818, -2.982252 ], [ 29.171637000000146, -2.98421 ], [ 29.17064, -2.985257 ], [ 29.168965000000185, -2.987169 ], [ 29.168331000000137, -2.988534999999899 ], [ 29.168059, -2.990356 ], [ 29.167018, -2.990811 ], [ 29.166067, -2.99113 ], [ 29.165841000000171, -2.991631 ], [ 29.165977, -2.992496 ], [ 29.16624800000011, -2.993042 ], [ 29.167516, -2.994135 ], [ 29.168241, -2.996548 ], [ 29.169418, -2.997321999999883 ], [ 29.170142, -2.997367 ], [ 29.170731000000103, -2.997367 ], [ 29.171954, -2.99632 ], [ 29.172497, -2.996047 ], [ 29.173991, -2.996138 ], [ 29.17476100000016, -2.995818999999869 ], [ 29.175123, -2.995091 ], [ 29.174987, -2.994363 ], [ 29.175078, -2.993861999999865 ], [ 29.177704000000119, -2.992268 ], [ 29.177795000000174, -2.993042 ], [ 29.178700000000106, -2.994272 ], [ 29.180421, -2.995546 ], [ 29.182776, -2.996502 ], [ 29.183998, -2.998231999999859 ], [ 29.185492, -3.0006 ], [ 29.185719000000176, -3.001374 ], [ 29.185266000000183, -3.002102 ], [ 29.18476800000019, -3.002512 ], [ 29.183953, -3.003786 ], [ 29.183999000000142, -3.004743 ], [ 29.184497000000135, -3.005881 ], [ 29.18467800000019, -3.006928 ], [ 29.185131000000183, -3.008522 ], [ 29.185448000000122, -3.009113 ], [ 29.18612700000017, -3.00943199999989 ], [ 29.189251000000183, -3.009296 ], [ 29.193327000000124, -3.009022 ], [ 29.193961000000172, -3.00966 ], [ 29.194051000000172, -3.010115 ], [ 29.194096000000172, -3.011799 ], [ 29.194866000000104, -3.013301 ], [ 29.195862, -3.016260999999872 ], [ 29.196361000000138, -3.016944 ], [ 29.197764, -3.017945 ], [ 29.198625, -3.019129 ], [ 29.199938, -3.020221999999876 ], [ 29.201477000000125, -3.021906 ], [ 29.202187, -3.022220999999888 ], [ 29.203424, -3.022771 ], [ 29.204239, -3.022817 ], [ 29.204692, -3.022498 ], [ 29.204964000000189, -3.021952 ], [ 29.205014, -3.021424 ], [ 29.205054000000189, -3.020995 ], [ 29.205462000000182, -3.020768 ], [ 29.20597, -3.021154 ], [ 29.2073180000001, -3.02217899999988 ], [ 29.208043, -3.022361 ], [ 29.210669, -3.02268 ], [ 29.212797, -3.022361 ], [ 29.214472000000114, -3.02181499999989 ], [ 29.215378000000101, -3.021587 ], [ 29.216012, -3.021677999999895 ], [ 29.217008000000192, -3.022452 ], [ 29.218547000000115, -3.022998 ], [ 29.220359000000144, -3.022907 ], [ 29.220759, -3.022800999999845 ], [ 29.222079000000178, -3.022452 ], [ 29.223030000000165, -3.021997 ], [ 29.224751, -3.020768 ], [ 29.225340000000131, -3.020631 ], [ 29.226155, -3.020995 ], [ 29.227332000000104, -3.021906 ], [ 29.227558000000158, -3.022907 ], [ 29.22783, -3.023955 ], [ 29.228509, -3.025457 ], [ 29.229415000000188, -3.026458999999818 ], [ 29.230366000000174, -3.026777 ], [ 29.233943000000181, -3.026184999999884 ], [ 29.234894000000168, -3.025729999999896 ], [ 29.236479, -3.025593999999899 ], [ 29.236388000000147, -3.028552999999874 ], [ 29.236071, -3.02919 ], [ 29.235075, -3.030283 ], [ 29.23421500000012, -3.030509999999879 ], [ 29.23263, -3.030875 ], [ 29.231905000000154, -3.03174 ], [ 29.231860000000154, -3.032787 ], [ 29.23430500000012, -3.035882999999899 ], [ 29.235663, -3.036247 ], [ 29.236479, -3.036201 ], [ 29.237928, -3.03611 ], [ 29.238788000000113, -3.036201 ], [ 29.241007, -3.036247 ], [ 29.241686000000129, -3.036703 ], [ 29.241641000000129, -3.037294 ], [ 29.240554, -3.038478 ], [ 29.239739000000156, -3.03929799999986 ], [ 29.239603, -3.040481 ], [ 29.240101, -3.041665 ], [ 29.242410000000177, -3.04344 ], [ 29.243814000000157, -3.044396 ], [ 29.245127, -3.04476099999988 ], [ 29.245987000000184, -3.045124999999871 ], [ 29.246938000000171, -3.046581999999887 ], [ 29.24829700000015, -3.047628999999858 ], [ 29.250470000000178, -3.049039999999877 ], [ 29.251466000000164, -3.049769 ], [ 29.252598, -3.051042999999879 ], [ 29.253866000000187, -3.051863 ], [ 29.2545, -3.052409 ], [ 29.254228, -3.053046999999879 ], [ 29.253006, -3.053455999999869 ], [ 29.252191000000153, -3.054094 ], [ 29.252191000000153, -3.055367999999874 ], [ 29.252417, -3.056142 ], [ 29.253549, -3.056961999999885 ], [ 29.254591000000119, -3.057963 ], [ 29.255089000000112, -3.058918999999889 ], [ 29.254591000000119, -3.059283999999877 ], [ 29.254047, -3.05901 ], [ 29.252825, -3.058692 ], [ 29.251285000000109, -3.059147 ], [ 29.250108, -3.060058 ], [ 29.24979100000013, -3.061331999999879 ], [ 29.250244000000123, -3.062834999999893 ], [ 29.251557, -3.064292 ], [ 29.252417, -3.064700999999843 ], [ 29.254727000000173, -3.064656 ], [ 29.255677000000105, -3.065521 ], [ 29.255496, -3.066431 ], [ 29.255451, -3.067705999999873 ], [ 29.255904, -3.068252 ], [ 29.256674000000146, -3.068571 ], [ 29.257217000000139, -3.068389 ], [ 29.257987, -3.068160999999861 ], [ 29.258802000000173, -3.067614999999876 ], [ 29.259300000000167, -3.067524 ], [ 29.259662000000105, -3.068160999999861 ], [ 29.259526, -3.068844 ], [ 29.257987, -3.070573999999851 ], [ 29.257036, -3.071894 ], [ 29.25613, -3.072986999999841 ], [ 29.255677000000105, -3.074216 ], [ 29.25581300000016, -3.07581 ], [ 29.256538, -3.076766 ], [ 29.257625000000132, -3.077903999999876 ], [ 29.257262000000139, -3.077994999999873 ], [ 29.256266000000153, -3.07713 ], [ 29.255542000000105, -3.076036999999872 ], [ 29.254817000000173, -3.076083 ], [ 29.253866000000187, -3.07672 ], [ 29.253459, -3.078041 ], [ 29.253685000000132, -3.07886 ], [ 29.255994, -3.082001 ], [ 29.258032, -3.083776999999884 ], [ 29.258032, -3.084733 ], [ 29.257851000000187, -3.086509 ], [ 29.257217000000139, -3.088147999999876 ], [ 29.256085, -3.088648 ], [ 29.254545, -3.088512 ], [ 29.253187000000139, -3.08833 ], [ 29.252689000000146, -3.088739 ], [ 29.252191000000153, -3.08974099999989 ], [ 29.252825, -3.091289 ], [ 29.254138000000125, -3.09397499999983 ], [ 29.254138000000125, -3.094794 ], [ 29.249519000000191, -3.094385 ], [ 29.24798, -3.094794 ], [ 29.246893000000171, -3.095796 ], [ 29.247029, -3.096797 ], [ 29.247799000000157, -3.097754 ], [ 29.250742000000116, -3.098982999999862 ], [ 29.252417, -3.100075 ], [ 29.253413, -3.101031 ], [ 29.254228, -3.101214 ], [ 29.25581300000016, -3.10135 ], [ 29.257308, -3.101259 ], [ 29.257806000000187, -3.101895999999897 ], [ 29.257987, -3.10308 ], [ 29.256357, -3.101895999999897 ], [ 29.255451, -3.101487 ], [ 29.254183000000126, -3.101578 ], [ 29.252961, -3.101578 ], [ 29.252644000000146, -3.102396999999883 ], [ 29.252372, -3.103626 ], [ 29.25287, -3.105356 ], [ 29.252734, -3.105721 ], [ 29.251964000000157, -3.105812 ], [ 29.251195000000166, -3.106221999999832 ], [ 29.250832000000116, -3.106905 ], [ 29.250968000000171, -3.107588 ], [ 29.25201, -3.108725999999876 ], [ 29.253549, -3.110365 ], [ 29.255632000000105, -3.111184 ], [ 29.25613, -3.112823 ], [ 29.2569, -3.113643 ], [ 29.257715000000132, -3.114097999999899 ], [ 29.259255000000167, -3.114052 ], [ 29.261021, -3.114326 ], [ 29.261111, -3.114917 ], [ 29.260477, -3.114598999999885 ], [ 29.259707000000105, -3.114598999999885 ], [ 29.25839400000018, -3.115053999999873 ], [ 29.256764000000146, -3.116146999999899 ], [ 29.255994, -3.11733 ], [ 29.254908, -3.119333 ], [ 29.255089000000112, -3.122338 ], [ 29.25436400000018, -3.123522 ], [ 29.252915, -3.12466 ], [ 29.251964000000157, -3.124614 ], [ 29.251059, -3.124296 ], [ 29.249655, -3.122702 ], [ 29.248568, -3.122293 ], [ 29.247799000000157, -3.122474999999895 ], [ 29.247074, -3.123384999999871 ], [ 29.247165000000109, -3.124841999999887 ], [ 29.247618000000102, -3.126071 ], [ 29.2497, -3.128393 ], [ 29.24983600000013, -3.129348999999877 ], [ 29.249157, -3.129166999999825 ], [ 29.24829700000015, -3.128393 ], [ 29.247301000000164, -3.127756 ], [ 29.24576100000013, -3.127892 ], [ 29.245263000000136, -3.128893999999889 ], [ 29.245127, -3.130214 ], [ 29.24435700000015, -3.131352 ], [ 29.244131, -3.132172 ], [ 29.243905, -3.13636 ], [ 29.244448, -3.137634999999875 ], [ 29.244493, -3.138454 ], [ 29.243407, -3.138591 ], [ 29.241912000000184, -3.138089999999863 ], [ 29.24078, -3.138544999999851 ], [ 29.240373, -3.139319 ], [ 29.240328, -3.140412 ], [ 29.241052, -3.141686 ], [ 29.240282, -3.143097999999895 ], [ 29.24019200000015, -3.143916999999874 ], [ 29.240554, -3.145101 ], [ 29.240101, -3.145602 ], [ 29.23983, -3.146467 ], [ 29.239875, -3.148698 ], [ 29.239331000000107, -3.14888 ], [ 29.237701, -3.149379999999894 ], [ 29.236343000000147, -3.150018 ], [ 29.23503, -3.151019 ], [ 29.234849000000168, -3.15170199999983 ], [ 29.234668000000113, -3.153295999999898 ], [ 29.233807000000127, -3.154662 ], [ 29.234034, -3.155936 ], [ 29.233354000000134, -3.156301 ], [ 29.232358000000147, -3.157211 ], [ 29.231860000000154, -3.158121999999878 ], [ 29.23127200000016, -3.158304 ], [ 29.230456000000174, -3.158121999999878 ], [ 29.229506, -3.158030999999824 ], [ 29.228826, -3.158713 ], [ 29.228509, -3.159487 ], [ 29.228419, -3.160899 ], [ 29.22869100000014, -3.16258299999987 ], [ 29.229913000000181, -3.163767 ], [ 29.231815000000154, -3.164586 ], [ 29.232585, -3.165224 ], [ 29.232902, -3.166908 ], [ 29.232494, -3.168046 ], [ 29.231815000000154, -3.168228 ], [ 29.230819000000167, -3.169503 ], [ 29.229868000000181, -3.170687 ], [ 29.229913000000181, -3.172325999999885 ], [ 29.229596, -3.172735999999873 ], [ 29.229551, -3.173692 ], [ 29.229324, -3.17442 ], [ 29.226608000000112, -3.176195999999891 ], [ 29.225883000000124, -3.176741999999876 ], [ 29.225113000000192, -3.177744 ], [ 29.224615, -3.179063999999869 ], [ 29.224661, -3.180385 ], [ 29.225204, -3.18175 ], [ 29.225838000000124, -3.182297 ], [ 29.227604, -3.182251 ], [ 29.228283000000147, -3.181932 ], [ 29.22873600000014, -3.181887 ], [ 29.23023000000012, -3.182614999999885 ], [ 29.231498, -3.183708 ], [ 29.231634, -3.184391 ], [ 29.229868000000181, -3.186758 ], [ 29.228962, -3.187168 ], [ 29.22728700000016, -3.186622 ], [ 29.225928000000124, -3.186394 ], [ 29.225385000000131, -3.187122 ], [ 29.225249, -3.188352 ], [ 29.225068000000192, -3.190900999999883 ], [ 29.224706, -3.191721 ], [ 29.224027, -3.193041 ], [ 29.22371, -3.19468 ], [ 29.223302000000103, -3.195545 ], [ 29.222623, -3.197867 ], [ 29.22275900000011, -3.199186999999881 ], [ 29.223393000000158, -3.200688999999898 ], [ 29.224479000000144, -3.201327 ], [ 29.225883000000124, -3.201873 ], [ 29.226472, -3.201827 ], [ 29.227966, -3.200962 ], [ 29.228238000000147, -3.201098999999886 ], [ 29.227785000000154, -3.202192 ], [ 29.227785000000154, -3.203421 ], [ 29.228192, -3.204331 ], [ 29.229596, -3.20638 ], [ 29.230773000000113, -3.207062999999891 ], [ 29.231860000000154, -3.207881999999813 ], [ 29.23281100000014, -3.209065999999893 ], [ 29.233536, -3.209703 ], [ 29.234079, -3.211115 ], [ 29.234758000000113, -3.213163 ], [ 29.234396000000174, -3.213755999999819 ], [ 29.233264000000133, -3.213983 ], [ 29.232041, -3.214848 ], [ 29.231362000000161, -3.216396 ], [ 29.231498, -3.21780699999988 ], [ 29.232041, -3.219537 ], [ 29.231181000000106, -3.220584 ], [ 29.228872, -3.221131 ], [ 29.228011, -3.221814 ], [ 29.227151, -3.223179 ], [ 29.227015, -3.224318 ], [ 29.227423, -3.225865 ], [ 29.226925, -3.227048999999852 ], [ 29.226336000000117, -3.228505999999868 ], [ 29.226291000000174, -3.230007999999884 ], [ 29.226608000000112, -3.231192 ], [ 29.226427, -3.232285 ], [ 29.226381000000117, -3.233286 ], [ 29.22697, -3.234242 ], [ 29.228011, -3.234789 ], [ 29.228147, -3.235289 ], [ 29.228147, -3.237748 ], [ 29.229053, -3.238839999999868 ], [ 29.229506, -3.239478 ], [ 29.23018500000012, -3.24079799999987 ], [ 29.230592, -3.242073 ], [ 29.23127200000016, -3.243439 ], [ 29.231317000000161, -3.244804 ], [ 29.230683000000113, -3.245897 ], [ 29.230049, -3.246989999999812 ], [ 29.230819000000167, -3.248811 ], [ 29.230366000000174, -3.249676 ], [ 29.23027500000012, -3.250494999999887 ], [ 29.231226000000106, -3.251269 ], [ 29.231679, -3.251952 ], [ 29.230771000000118, -3.252429 ], [ 29.230950000000178, -3.253077999999846 ], [ 29.231201000000169, -3.253871999999888 ], [ 29.231828000000178, -3.25519 ], [ 29.232024, -3.256886 ], [ 29.231664, -3.258040999999878 ], [ 29.231789000000106, -3.259087 ], [ 29.232381, -3.259845 ], [ 29.232919, -3.26107299999984 ], [ 29.2336, -3.262227 ], [ 29.234228000000144, -3.262913 ], [ 29.235430000000122, -3.26339999999982 ], [ 29.236148000000185, -3.263959999999884 ], [ 29.23726, -3.26497 ], [ 29.238533000000189, -3.266974 ], [ 29.238927000000103, -3.267894 ], [ 29.239914, -3.268904 ], [ 29.240157, -3.269069999999886 ], [ 29.24047, -3.269282999999859 ], [ 29.240182000000175, -3.269879 ], [ 29.240002, -3.270222 ], [ 29.239428000000146, -3.270511 ], [ 29.238459, -3.270690999999829 ], [ 29.237615, -3.271106 ], [ 29.237076, -3.271972 ], [ 29.237021000000141, -3.272604 ], [ 29.237147, -3.273162999999897 ], [ 29.23799, -3.274065999999834 ], [ 29.238832, -3.27504 ], [ 29.239245, -3.275707999999895 ], [ 29.239280000000178, -3.276573999999869 ], [ 29.238885000000153, -3.277332 ], [ 29.23786100000018, -3.27848699999987 ], [ 29.236496, -3.279515 ], [ 29.236047, -3.279857999999876 ], [ 29.234988000000158, -3.27993 ], [ 29.234234000000129, -3.280201 ], [ 29.233391000000154, -3.279876 ], [ 29.23269, -3.280111 ], [ 29.232169000000113, -3.280977 ], [ 29.231774000000144, -3.282042 ], [ 29.231199000000174, -3.282421 ], [ 29.230319000000179, -3.28289 ], [ 29.229368000000193, -3.283197 ], [ 29.228631000000121, -3.28386399999988 ], [ 29.227913, -3.28424299999989 ], [ 29.227751000000183, -3.285055 ], [ 29.227410000000191, -3.285561 ], [ 29.227086, -3.286337 ], [ 29.22719300000017, -3.287076999999897 ], [ 29.226888000000145, -3.287708 ], [ 29.227138, -3.28917 ], [ 29.227030000000184, -3.289945999999873 ], [ 29.226652000000172, -3.290613999999891 ], [ 29.226795, -3.291533999999899 ], [ 29.2261850000001, -3.291462 ], [ 29.225952000000177, -3.290577 ], [ 29.225342000000126, -3.290559 ], [ 29.22482100000019, -3.291083 ], [ 29.224282000000187, -3.291245 ], [ 29.222613000000138, -3.292111 ], [ 29.221948000000168, -3.292111 ], [ 29.221051, -3.291967 ], [ 29.220351, -3.292021 ], [ 29.219166, -3.293194 ], [ 29.218608, -3.294331 ], [ 29.217890000000125, -3.29471 ], [ 29.217208, -3.294836 ], [ 29.216203000000178, -3.294511 ], [ 29.214911, -3.294529999999895 ], [ 29.213421, -3.29489 ], [ 29.212361000000101, -3.295810999999844 ], [ 29.211822, -3.297254 ], [ 29.21288, -3.298517999999888 ], [ 29.21261, -3.299041 ], [ 29.212071, -3.29942 ], [ 29.212017, -3.300267999999846 ], [ 29.211423, -3.302018999999859 ], [ 29.211046000000181, -3.303173 ], [ 29.211368000000164, -3.303877 ], [ 29.211294, -3.307775 ], [ 29.212009, -3.311437999999896 ], [ 29.212745, -3.312106 ], [ 29.213587, -3.31438 ], [ 29.214680000000101, -3.31697899999989 ], [ 29.215290000000152, -3.317681999999877 ], [ 29.21539700000011, -3.318404 ], [ 29.215684, -3.319215999999869 ], [ 29.216365, -3.320172999999841 ], [ 29.21618500000011, -3.321454 ], [ 29.216399, -3.322645 ], [ 29.217117000000144, -3.323258999999894 ], [ 29.21717, -3.324071 ], [ 29.216792, -3.325406 ], [ 29.216199000000188, -3.326182 ], [ 29.216648, -3.32694 ], [ 29.21776, -3.328004999999848 ], [ 29.218333, -3.329033 ], [ 29.219158, -3.329971999999884 ], [ 29.218745000000183, -3.33112599999987 ], [ 29.218026000000179, -3.332444 ], [ 29.216482000000155, -3.332931 ], [ 29.215171, -3.333670999999867 ], [ 29.21431, -3.333635 ], [ 29.213932, -3.334158 ], [ 29.213770000000125, -3.335782 ], [ 29.212979, -3.33636 ], [ 29.212279, -3.337388 ], [ 29.21165, -3.338705999999831 ], [ 29.211829000000137, -3.339336999999887 ], [ 29.213210000000174, -3.340637 ], [ 29.213855, -3.342242999999826 ], [ 29.214393000000143, -3.34347 ], [ 29.214133000000118, -3.345249999999851 ], [ 29.215581, -3.345024 ], [ 29.216074000000162, -3.344699999999818 ], [ 29.216224000000125, -3.344237 ], [ 29.216149000000144, -3.343731 ], [ 29.216385000000116, -3.343407 ], [ 29.216835, -3.343041 ], [ 29.216846, -3.34261 ], [ 29.217189, -3.342200999999818 ], [ 29.217468, -3.342115 ], [ 29.218058, -3.342696 ], [ 29.218369000000166, -3.34289 ], [ 29.218894, -3.342933 ], [ 29.219173, -3.343192 ], [ 29.220202000000143, -3.343375 ], [ 29.220535000000154, -3.343472 ], [ 29.220846000000108, -3.343708999999876 ], [ 29.221017, -3.343698 ], [ 29.220964, -3.343051999999886 ], [ 29.221264, -3.342706999999848 ], [ 29.2212320000001, -3.342115 ], [ 29.221815000000163, -3.342385 ], [ 29.222044, -3.342217999999889 ], [ 29.223142, -3.34253 ], [ 29.223561, -3.342742999999871 ], [ 29.224135000000103, -3.343123999999875 ], [ 29.224469, -3.343194 ], [ 29.2244740000001, -3.343465 ], [ 29.22461200000015, -3.343586 ], [ 29.225020000000143, -3.343401 ], [ 29.225261, -3.343511 ], [ 29.225543, -3.343846 ], [ 29.225761, -3.343944 ], [ 29.225922, -3.344025 ], [ 29.225962, -3.344233 ], [ 29.22619200000014, -3.34438299999988 ], [ 29.226558, -3.34372 ], [ 29.226786, -3.343597 ], [ 29.22711100000015, -3.343494 ], [ 29.227450000000147, -3.343188 ], [ 29.227795, -3.343210999999883 ], [ 29.228163000000166, -3.343569 ], [ 29.228231000000108, -3.344112 ], [ 29.228415, -3.344602 ], [ 29.22872, -3.345000999999854 ], [ 29.229133000000104, -3.345266 ], [ 29.230104000000154, -3.345451 ], [ 29.23038, -3.34595899999988 ], [ 29.230678, -3.346339999999884 ], [ 29.231310000000121, -3.34664 ], [ 29.231955, -3.34724999999986 ], [ 29.232367000000181, -3.347523 ], [ 29.232746, -3.34784 ], [ 29.232746, -3.348129 ], [ 29.232976000000122, -3.348208999999883 ], [ 29.233246, -3.3484 ], [ 29.23356200000012, -3.34836 ], [ 29.233936000000142, -3.348176 ], [ 29.234102000000178, -3.34832 ], [ 29.234338, -3.348250999999891 ], [ 29.234562, -3.348343 ], [ 29.234596, -3.347922 ], [ 29.234866000000181, -3.347499999999854 ], [ 29.235113000000183, -3.347471 ], [ 29.235027000000173, -3.347339 ], [ 29.234407, -3.347037999999884 ], [ 29.234039000000109, -3.34692299999989 ], [ 29.233895000000132, -3.346761 ], [ 29.234206, -3.346761 ], [ 29.234654, -3.346871 ], [ 29.235326, -3.34716 ], [ 29.235648, -3.347326999999837 ], [ 29.235757, -3.347223 ], [ 29.23522800000012, -3.346727 ], [ 29.23482, -3.346177999999895 ], [ 29.234797000000128, -3.345623999999873 ], [ 29.23470500000019, -3.345381 ], [ 29.23457800000017, -3.345005999999898 ], [ 29.234544, -3.344637 ], [ 29.234544, -3.344325 ], [ 29.234751, -3.344106 ], [ 29.235239000000149, -3.344077 ], [ 29.235658000000171, -3.343961999999863 ], [ 29.235969000000125, -3.343921 ], [ 29.236043, -3.343783 ], [ 29.235819000000163, -3.343620999999871 ], [ 29.235643000000152, -3.343551 ], [ 29.235348000000101, -3.34361 ], [ 29.235050000000115, -3.343638 ], [ 29.235205000000178, -3.343379 ], [ 29.235457, -3.343223 ], [ 29.235768000000178, -3.343269 ], [ 29.236204, -3.343402 ], [ 29.236572, -3.343777 ], [ 29.236917, -3.343978 ], [ 29.237440000000163, -3.344146 ], [ 29.238640000000146, -3.344602 ], [ 29.239088, -3.344619 ], [ 29.2392660000001, -3.344464 ], [ 29.239232000000129, -3.344273 ], [ 29.239347, -3.34414 ], [ 29.239852, -3.344128999999896 ], [ 29.240168, -3.344233 ], [ 29.240564000000177, -3.344239 ], [ 29.240679000000114, -3.344388 ], [ 29.240995000000112, -3.344406 ], [ 29.241282, -3.344243999999833 ], [ 29.24158100000011, -3.344302 ], [ 29.241863, -3.344279 ], [ 29.241926, -3.344054 ], [ 29.242385, -3.34399 ], [ 29.242715000000146, -3.343767 ], [ 29.243069000000162, -3.343528 ], [ 29.243436000000145, -3.343453999999838 ], [ 29.243672000000117, -3.343586 ], [ 29.243971000000158, -3.343552 ], [ 29.244327000000112, -3.342969 ], [ 29.244431, -3.34298 ], [ 29.2445, -3.343343999999888 ], [ 29.244770000000187, -3.343372999999872 ], [ 29.24487900000014, -3.343038 ], [ 29.245034, -3.342956999999842 ], [ 29.245298, -3.343055 ], [ 29.245947, -3.342986 ], [ 29.246768000000145, -3.342703 ], [ 29.247194, -3.342714999999885 ], [ 29.247504000000106, -3.342472 ], [ 29.247900000000186, -3.342547 ], [ 29.248302, -3.342373999999893 ], [ 29.248733000000186, -3.342304999999897 ], [ 29.24917500000015, -3.342258999999899 ], [ 29.249474000000191, -3.342264 ], [ 29.249939000000154, -3.342074 ], [ 29.250364000000104, -3.342103 ], [ 29.250778, -3.342328 ], [ 29.251249, -3.342495999999869 ], [ 29.251415, -3.342478 ], [ 29.251806, -3.342265 ], [ 29.252260000000149, -3.342357 ], [ 29.252685000000156, -3.342426 ], [ 29.253087, -3.342369 ], [ 29.253639000000192, -3.342369 ], [ 29.254305, -3.342835999999863 ], [ 29.254954000000112, -3.342934 ], [ 29.254966, -3.343159 ], [ 29.255408, -3.343453999999838 ], [ 29.255787000000112, -3.34339 ], [ 29.256557, -3.342848 ], [ 29.256867000000113, -3.342634 ], [ 29.257229, -3.34267199999988 ], [ 29.257603, -3.342714999999885 ], [ 29.257919000000129, -3.343067 ], [ 29.258217000000116, -3.343372999999872 ], [ 29.258505000000127, -3.343678999999895 ], [ 29.258677000000148, -3.343863 ], [ 29.258808000000158, -3.343957999999873 ], [ 29.259004, -3.344192 ], [ 29.259228, -3.344435 ], [ 29.259435000000167, -3.344584999999881 ], [ 29.259711, -3.344683 ], [ 29.259941, -3.344745999999873 ], [ 29.260010000000136, -3.34496 ], [ 29.259969000000126, -3.345306 ], [ 29.259935000000155, -3.345554 ], [ 29.25997800000016, -3.345771 ], [ 29.259981, -3.345998999999892 ], [ 29.26003, -3.346251999999879 ], [ 29.260061, -3.346576 ], [ 29.260073, -3.347129999999879 ], [ 29.260038000000122, -3.347587 ], [ 29.259809000000189, -3.348255999999878 ], [ 29.259533, -3.349197 ], [ 29.259246000000132, -3.349815 ], [ 29.259113000000184, -3.35049 ], [ 29.258907000000193, -3.350888 ], [ 29.258608, -3.351258 ], [ 29.257821, -3.351534999999842 ], [ 29.256867000000113, -3.351881 ], [ 29.256103000000167, -3.35221 ], [ 29.255425000000173, -3.35249199999987 ], [ 29.254495000000134, -3.352671 ], [ 29.25353, -3.353099 ], [ 29.252049000000113, -3.353449999999839 ], [ 29.250853, -3.353624 ], [ 29.250462, -3.353688 ], [ 29.249543, -3.354046 ], [ 29.248492000000113, -3.354079999999897 ], [ 29.247487, -3.354184 ], [ 29.246516, -3.3543 ], [ 29.245648000000187, -3.354154999999821 ], [ 29.245068000000174, -3.354253 ], [ 29.24430400000017, -3.354109 ], [ 29.243654, -3.354086999999879 ], [ 29.242937, -3.354074 ], [ 29.24241400000011, -3.354109 ], [ 29.241970000000151, -3.354214999999897 ], [ 29.241176, -3.354214999999897 ], [ 29.240629, -3.354084999999884 ], [ 29.239761000000158, -3.354075 ], [ 29.238763, -3.353988 ], [ 29.23767, -3.354021 ], [ 29.23679, -3.353827 ], [ 29.235815000000173, -3.353741 ], [ 29.234742, -3.353945 ], [ 29.234271000000149, -3.354021 ], [ 29.233810000000176, -3.354041999999879 ], [ 29.23293, -3.353891 ], [ 29.232319000000132, -3.353762 ], [ 29.23184700000013, -3.353880999999888 ], [ 29.231504, -3.353664999999864 ], [ 29.231193000000189, -3.353514 ], [ 29.230818, -3.353330999999855 ], [ 29.23056, -3.353396 ], [ 29.230174, -3.353071999999827 ], [ 29.229123000000186, -3.353213 ], [ 29.228909, -3.35331 ], [ 29.228727000000106, -3.353148 ], [ 29.227622000000167, -3.353277 ], [ 29.227354000000162, -3.353471 ], [ 29.227022, -3.353342 ], [ 29.226057000000139, -3.353266 ], [ 29.225446, -3.353439 ], [ 29.225317000000189, -3.35370799999987 ], [ 29.226014000000134, -3.353837999999882 ], [ 29.226250000000107, -3.35415 ], [ 29.226475000000107, -3.354375999999888 ], [ 29.227472000000148, -3.354484 ], [ 29.228491, -3.354797 ], [ 29.229349, -3.355109 ], [ 29.230089000000135, -3.355508 ], [ 29.232169000000113, -3.355637 ], [ 29.235246000000188, -3.355905999999834 ], [ 29.24049, -3.356078999999852 ], [ 29.252145, -3.356003 ], [ 29.252467, -3.355948999999839 ], [ 29.253872000000115, -3.355939 ], [ 29.258021, -3.355971 ], [ 29.260423000000173, -3.356057 ], [ 29.261818000000176, -3.355982 ], [ 29.262761000000182, -3.356197 ], [ 29.26364, -3.356488 ], [ 29.264413000000104, -3.356682 ], [ 29.265356000000168, -3.356951 ], [ 29.266235, -3.357318 ], [ 29.26616, -3.357512 ], [ 29.26586, -3.357404 ], [ 29.265731, -3.357468 ], [ 29.265892, -3.357641 ], [ 29.266289, -3.357652 ], [ 29.266815, -3.357673 ], [ 29.267458000000147, -3.357771 ], [ 29.267962000000125, -3.357512 ], [ 29.268187, -3.35693 ], [ 29.268595, -3.356338 ], [ 29.269088000000181, -3.356025 ], [ 29.26941, -3.35567 ], [ 29.270675, -3.355906999999831 ], [ 29.270761, -3.35667199999989 ], [ 29.271179000000188, -3.357619999999883 ], [ 29.272262, -3.358233999999811 ], [ 29.27268, -3.357878 ], [ 29.273013, -3.357684 ], [ 29.273356, -3.35763 ], [ 29.273688000000107, -3.357598 ], [ 29.274385, -3.357598 ], [ 29.275211000000184, -3.35763 ], [ 29.276144000000102, -3.357771 ], [ 29.27714, -3.357856 ], [ 29.277906, -3.358057 ], [ 29.278888000000165, -3.358341 ], [ 29.279639, -3.358675 ], [ 29.280497, -3.359149 ], [ 29.280507000000171, -3.358954999999867 ], [ 29.280325, -3.358557 ], [ 29.280293, -3.358137 ], [ 29.280593000000181, -3.35804 ], [ 29.280958000000169, -3.358018 ], [ 29.281215000000145, -3.358374 ], [ 29.281601, -3.358610999999826 ], [ 29.281162000000165, -3.359009 ], [ 29.281183000000169, -3.359397 ], [ 29.281515, -3.359516 ], [ 29.281698000000119, -3.359343 ], [ 29.282052, -3.358761 ], [ 29.28218, -3.358223 ], [ 29.282094, -3.357652 ], [ 29.281708, -3.356941 ], [ 29.282105, -3.35651 ], [ 29.282598000000178, -3.357232 ], [ 29.282781, -3.358114999999884 ], [ 29.282952000000137, -3.358805 ], [ 29.283317000000125, -3.359666999999888 ], [ 29.283617000000106, -3.359956999999895 ], [ 29.283917, -3.358977 ], [ 29.284314, -3.358945 ], [ 29.284496000000161, -3.358610999999826 ], [ 29.285109, -3.358419 ], [ 29.285504, -3.358157999999889 ], [ 29.285976, -3.357985999999869 ], [ 29.286131, -3.357364 ], [ 29.286496000000113, -3.356987 ], [ 29.286791000000164, -3.356682 ], [ 29.286019, -3.356563 ], [ 29.285580000000152, -3.356293999999878 ], [ 29.285386, -3.356531 ], [ 29.285193000000106, -3.356563 ], [ 29.285226, -3.356293999999878 ], [ 29.285054000000173, -3.356229 ], [ 29.284893000000181, -3.356563 ], [ 29.284582000000171, -3.356887 ], [ 29.284303000000193, -3.356875999999886 ], [ 29.283982, -3.356467 ], [ 29.283703000000116, -3.355928 ], [ 29.283628000000135, -3.35568 ], [ 29.28411, -3.355733999999813 ], [ 29.2841, -3.355551 ], [ 29.28381, -3.355432 ], [ 29.284282, -3.355044 ], [ 29.284271, -3.354732 ], [ 29.28455, -3.354398 ], [ 29.28484, -3.354193 ], [ 29.285655000000133, -3.353525 ], [ 29.286137, -3.35318 ], [ 29.286523, -3.3529 ], [ 29.287124000000176, -3.352545 ], [ 29.288099, -3.352414999999894 ], [ 29.287885, -3.351607 ], [ 29.287263000000166, -3.350917999999865 ], [ 29.286706, -3.350552 ], [ 29.286170000000141, -3.350422 ], [ 29.28577300000012, -3.350206999999898 ], [ 29.285291, -3.349754 ], [ 29.285258000000169, -3.349247999999875 ], [ 29.286277, -3.349657 ], [ 29.287210000000186, -3.350422 ], [ 29.288454000000115, -3.350993 ], [ 29.289462000000185, -3.351263 ], [ 29.289719000000161, -3.350638 ], [ 29.289858, -3.350076999999885 ], [ 29.290201, -3.349927 ], [ 29.290555, -3.349754 ], [ 29.29090900000017, -3.349215 ], [ 29.29099500000018, -3.348169999999868 ], [ 29.291595, -3.348095 ], [ 29.292303, -3.347858 ], [ 29.294523, -3.347567 ], [ 29.296925, -3.347707 ], [ 29.299057, -3.347838 ], [ 29.300915000000145, -3.348131 ], [ 29.303903000000105, -3.348789999999894 ], [ 29.308702000000153, -3.349692 ], [ 29.309325000000172, -3.349808 ], [ 29.309827000000155, -3.349917999999889 ], [ 29.310332000000187, -3.350131 ], [ 29.310859000000107, -3.350243 ], [ 29.311629, -3.350511 ], [ 29.312175, -3.350731 ], [ 29.313013000000126, -3.350804 ], [ 29.313729, -3.351102 ], [ 29.314269000000138, -3.351248999999882 ], [ 29.315057000000138, -3.351495999999884 ], [ 29.315728, -3.351626999999894 ], [ 29.316281000000174, -3.351774 ], [ 29.316886000000125, -3.351958 ], [ 29.317729, -3.352306 ], [ 29.318265, -3.352506999999889 ], [ 29.318784000000164, -3.352631 ], [ 29.319310000000144, -3.352796999999896 ], [ 29.319591000000116, -3.353037 ], [ 29.319998, -3.353152 ], [ 29.320711, -3.353344 ], [ 29.32220000000018, -3.353945 ], [ 29.323397000000114, -3.354431 ], [ 29.323779, -3.354572 ], [ 29.324402000000134, -3.354763 ], [ 29.325586, -3.355325999999877 ], [ 29.326171000000102, -3.355646 ], [ 29.326821, -3.356221 ], [ 29.327304, -3.356682 ], [ 29.327444000000128, -3.357371999999884 ], [ 29.327457, -3.357948 ], [ 29.327546, -3.358332 ], [ 29.327686, -3.358638 ], [ 29.327877, -3.358766 ], [ 29.328106000000162, -3.358766 ], [ 29.328361000000143, -3.358779 ], [ 29.32860200000016, -3.35869 ], [ 29.328933, -3.358407999999883 ], [ 29.32915, -3.35805 ], [ 29.329366000000164, -3.357870999999875 ], [ 29.329773, -3.357628 ], [ 29.330232, -3.35759 ], [ 29.330957000000183, -3.357718 ], [ 29.331822000000159, -3.357884 ], [ 29.332548, -3.35805 ], [ 29.333312000000149, -3.358318999999824 ], [ 29.334215, -3.3586 ], [ 29.334953, -3.358894 ], [ 29.335513000000162, -3.359099 ], [ 29.336023000000125, -3.359328999999889 ], [ 29.336493, -3.359494999999868 ], [ 29.337015000000122, -3.359687 ], [ 29.337715000000117, -3.360070999999834 ], [ 29.338326, -3.360314 ], [ 29.339243, -3.360902 ], [ 29.340057000000115, -3.361414 ], [ 29.340480000000127, -3.361737999999832 ], [ 29.3409, -3.362247 ], [ 29.341016, -3.362547 ], [ 29.341047000000117, -3.363355 ], [ 29.341187000000161, -3.363674 ], [ 29.341339000000119, -3.363821 ], [ 29.341223000000127, -3.364164 ], [ 29.341260000000148, -3.364322999999843 ], [ 29.341394, -3.364556 ], [ 29.341297, -3.364856 ], [ 29.341169, -3.365075999999874 ], [ 29.34107100000017, -3.365187 ], [ 29.340754, -3.365204999999889 ], [ 29.340589, -3.365395 ], [ 29.340565, -3.365689 ], [ 29.340736000000163, -3.365786999999898 ], [ 29.340961000000107, -3.366216 ], [ 29.341120000000103, -3.366761 ], [ 29.341107000000136, -3.367029999999886 ], [ 29.341089, -3.367631 ], [ 29.341101000000151, -3.367905999999891 ], [ 29.341199, -3.368096 ], [ 29.341187000000161, -3.368273999999872 ], [ 29.34102200000018, -3.36853699999989 ], [ 29.340931000000126, -3.369058 ], [ 29.340882000000136, -3.369320999999843 ], [ 29.340784, -3.369528999999886 ], [ 29.340778, -3.369744 ], [ 29.340553000000114, -3.369921 ], [ 29.340089, -3.37011699999988 ], [ 29.339864, -3.370485 ], [ 29.339651, -3.370857999999828 ], [ 29.339413, -3.371213 ], [ 29.339072000000158, -3.371397 ], [ 29.338889000000108, -3.371636 ], [ 29.338413000000116, -3.371611 ], [ 29.338194000000158, -3.371409 ], [ 29.338054000000113, -3.371189 ], [ 29.337895000000117, -3.371194999999886 ], [ 29.337761, -3.371348 ], [ 29.337724000000151, -3.371636 ], [ 29.337865, -3.371838 ], [ 29.338175000000149, -3.371990999999866 ], [ 29.338371, -3.372070999999892 ], [ 29.338163, -3.372126 ], [ 29.338182, -3.372273 ], [ 29.338596000000166, -3.372426 ], [ 29.3392, -3.372585 ], [ 29.3397480000001, -3.372591 ], [ 29.340053000000125, -3.372401 ], [ 29.340553000000114, -3.372401 ], [ 29.341089, -3.372566999999833 ], [ 29.341607, -3.372843 ], [ 29.341882000000112, -3.373081 ], [ 29.34212, -3.373247 ], [ 29.342321, -3.373394 ], [ 29.342857000000151, -3.373767 ], [ 29.34318, -3.373963 ], [ 29.343461, -3.37419599999987 ], [ 29.343509, -3.374575999999877 ], [ 29.343637000000172, -3.374846 ], [ 29.343759000000148, -3.375157999999885 ], [ 29.344009, -3.376021 ], [ 29.344076, -3.376088 ], [ 29.344582, -3.3758 ], [ 29.344704, -3.37502899999987 ], [ 29.34513, -3.374796 ], [ 29.346569000000159, -3.374134 ], [ 29.346977000000152, -3.374747 ], [ 29.346362, -3.375133 ], [ 29.34563, -3.375623 ], [ 29.345088000000146, -3.375892 ], [ 29.344728, -3.376266 ], [ 29.344265000000121, -3.376505 ], [ 29.344192, -3.376663999999892 ], [ 29.344259000000136, -3.376779999999883 ], [ 29.344314, -3.376952 ], [ 29.344338000000107, -3.377215 ], [ 29.344168, -3.377491 ], [ 29.344162, -3.377791 ], [ 29.344430000000102, -3.377987 ], [ 29.344509, -3.37841 ], [ 29.344753000000139, -3.378452 ], [ 29.345332, -3.378367 ], [ 29.346027, -3.378832 ], [ 29.346697, -3.379353 ], [ 29.347362, -3.379898 ], [ 29.347843, -3.38037 ], [ 29.348233000000164, -3.380823 ], [ 29.348654000000181, -3.381227 ], [ 29.349013000000184, -3.381704999999897 ], [ 29.349349000000132, -3.382293 ], [ 29.349599000000183, -3.382826 ], [ 29.349836, -3.38345 ], [ 29.350044, -3.384081 ], [ 29.35019, -3.384613999999885 ], [ 29.350281000000109, -3.385184 ], [ 29.350233, -3.38557 ], [ 29.350202, -3.385691999999892 ], [ 29.35008, -3.385778 ], [ 29.349873000000116, -3.385949 ], [ 29.349983000000179, -3.38625 ], [ 29.349958, -3.386654 ], [ 29.349928, -3.386844 ], [ 29.350007, -3.387279 ], [ 29.349842, -3.387438 ], [ 29.349861, -3.387945999999886 ], [ 29.349653, -3.387848 ], [ 29.349574, -3.387885 ], [ 29.349617, -3.388081 ], [ 29.349970000000155, -3.388484999999889 ], [ 29.350251000000128, -3.389085 ], [ 29.350348000000167, -3.389673 ], [ 29.350257000000113, -3.389833 ], [ 29.350257000000113, -3.390187999999853 ], [ 29.350306, -3.390727 ], [ 29.350214000000108, -3.390917 ], [ 29.349970000000155, -3.390911 ], [ 29.34966, -3.39099 ], [ 29.349501, -3.391149999999868 ], [ 29.349562000000162, -3.39143799999988 ], [ 29.349568, -3.391773999999884 ], [ 29.349074, -3.392643999999848 ], [ 29.348892000000149, -3.393012 ], [ 29.348666, -3.3933 ], [ 29.348526, -3.393145999999888 ], [ 29.348489, -3.392975 ], [ 29.347959, -3.393153 ], [ 29.347959, -3.393753 ], [ 29.347404, -3.394860999999878 ], [ 29.347551, -3.395650999999873 ], [ 29.347642000000121, -3.39616 ], [ 29.347666000000117, -3.397359999999878 ], [ 29.347983, -3.397697 ], [ 29.348123000000101, -3.398083 ], [ 29.348148, -3.398316 ], [ 29.348038, -3.398536 ], [ 29.348050000000114, -3.398837 ], [ 29.348300000000165, -3.399639 ], [ 29.348465000000147, -3.400166 ], [ 29.348587000000123, -3.400619 ], [ 29.348690000000147, -3.401048 ], [ 29.348727000000167, -3.401635999999826 ], [ 29.348404, -3.401734 ], [ 29.348270000000184, -3.401954 ], [ 29.348331, -3.402394999999899 ], [ 29.348166000000106, -3.402775 ], [ 29.347916, -3.403075 ], [ 29.347855000000152, -3.403461 ], [ 29.347612, -3.403798 ], [ 29.34741, -3.404017999999894 ], [ 29.347319, -3.404129 ], [ 29.347325000000183, -3.404416 ], [ 29.347142000000133, -3.404827 ], [ 29.346813, -3.405127 ], [ 29.34668500000015, -3.405598999999881 ], [ 29.346216, -3.406100999999865 ], [ 29.345954, -3.40614399999987 ], [ 29.345911, -3.406327 ], [ 29.345557, -3.406481 ], [ 29.345241, -3.406481 ], [ 29.344771, -3.406388999999876 ], [ 29.344345000000146, -3.406309 ], [ 29.343961, -3.406113 ], [ 29.343619000000103, -3.405991 ], [ 29.343546000000117, -3.40566 ], [ 29.343327000000102, -3.405528 ], [ 29.343299000000115, -3.405628 ], [ 29.343336000000136, -3.405784 ], [ 29.343199, -3.406067999999891 ], [ 29.342971000000148, -3.406415 ], [ 29.342826, -3.406992 ], [ 29.342662000000189, -3.407367 ], [ 29.342507000000126, -3.407578 ], [ 29.342607, -3.407972 ], [ 29.342789, -3.408273999999892 ], [ 29.342780000000175, -3.408622 ], [ 29.34264300000018, -3.408795 ], [ 29.34268, -3.409097999999858 ], [ 29.342725, -3.409455 ], [ 29.342944, -3.409793 ], [ 29.343108000000143, -3.410196 ], [ 29.343099000000109, -3.410634999999843 ], [ 29.342571, -3.410965 ], [ 29.342580000000112, -3.411312999999893 ], [ 29.342625000000112, -3.411724999999876 ], [ 29.34259800000018, -3.412 ], [ 29.342498, -3.41221899999988 ], [ 29.342489, -3.412476 ], [ 29.342479000000139, -3.412924 ], [ 29.342552000000126, -3.413271999999893 ], [ 29.342470000000105, -3.413693 ], [ 29.342370000000187, -3.413986 ], [ 29.342370000000187, -3.414444 ], [ 29.34228800000011, -3.414581 ], [ 29.342151000000172, -3.414856 ], [ 29.342051, -3.415093999999897 ], [ 29.342106000000172, -3.415588 ], [ 29.342215000000124, -3.416128 ], [ 29.342206, -3.416375 ], [ 29.342124, -3.416567 ], [ 29.342325000000187, -3.417015999999876 ], [ 29.342507000000126, -3.417629 ], [ 29.342507000000126, -3.418095999999878 ], [ 29.342543, -3.418444 ], [ 29.342534, -3.419102999999893 ], [ 29.342434000000139, -3.419561 ], [ 29.342279, -3.419735 ], [ 29.342051, -3.41967099999988 ], [ 29.341714, -3.419955 ], [ 29.341423000000134, -3.420293 ], [ 29.341341000000114, -3.420531 ], [ 29.341295, -3.420953 ], [ 29.341413, -3.421374 ], [ 29.341559000000188, -3.421749 ], [ 29.341924, -3.421987 ], [ 29.342407, -3.422152 ], [ 29.342671, -3.422426999999857 ], [ 29.342826, -3.422674 ], [ 29.342862, -3.423058 ], [ 29.34292, -3.423409 ], [ 29.343057000000158, -3.424092999999857 ], [ 29.342995, -3.424204 ], [ 29.343062, -3.424467999999877 ], [ 29.342937000000177, -3.424786 ], [ 29.343097000000114, -3.425067 ], [ 29.343088, -3.425456 ], [ 29.343226000000129, -3.425791999999831 ], [ 29.343360000000189, -3.426114 ], [ 29.343542000000127, -3.426426999999876 ], [ 29.343711, -3.426981 ], [ 29.343813000000182, -3.427241 ], [ 29.344192, -3.427653 ], [ 29.344414, -3.42797499999989 ], [ 29.344806000000119, -3.428203 ], [ 29.345344, -3.42865 ], [ 29.345843000000116, -3.429186 ], [ 29.346314000000177, -3.429821 ], [ 29.346715000000131, -3.430515 ], [ 29.34676700000017, -3.430734 ], [ 29.346565000000169, -3.430811 ], [ 29.346575, -3.431067 ], [ 29.346762000000126, -3.431443 ], [ 29.3468, -3.432050999999888 ], [ 29.346791, -3.432442 ], [ 29.346858, -3.432577 ], [ 29.346844000000146, -3.432987 ], [ 29.346637000000101, -3.433026 ], [ 29.346565000000169, -3.433523 ], [ 29.346426, -3.433889 ], [ 29.346264000000133, -3.434084999999868 ], [ 29.345995, -3.434135 ], [ 29.345757000000106, -3.434409 ], [ 29.34546, -3.434434 ], [ 29.345367000000181, -3.434661 ], [ 29.345113, -3.434829 ], [ 29.344825, -3.43491 ], [ 29.34488400000015, -3.43527 ], [ 29.344782, -3.435432 ], [ 29.344435000000146, -3.435627999999895 ], [ 29.344349000000136, -3.436014 ], [ 29.344213, -3.43648 ], [ 29.343987, -3.436423999999874 ], [ 29.343748000000119, -3.437091999999893 ], [ 29.343584, -3.436971 ], [ 29.343355000000145, -3.43694 ], [ 29.343179000000134, -3.437061 ], [ 29.343204, -3.437617999999816 ], [ 29.343095000000119, -3.437991 ], [ 29.343049, -3.438358 ], [ 29.342857000000151, -3.438731 ], [ 29.342835, -3.439002 ], [ 29.342917000000114, -3.439154 ], [ 29.343249, -3.439347 ], [ 29.343737, -3.43979499999989 ], [ 29.344101, -3.44021 ], [ 29.344286, -3.440878999999882 ], [ 29.344156000000169, -3.441209999999899 ], [ 29.344197000000179, -3.441866 ], [ 29.343943, -3.442142 ], [ 29.343537, -3.442653 ], [ 29.34330400000016, -3.443217999999888 ], [ 29.343352, -3.443929 ], [ 29.343750000000114, -3.444529999999816 ], [ 29.34423100000015, -3.445427 ], [ 29.344513000000177, -3.445833999999877 ], [ 29.344732000000192, -3.446343999999897 ], [ 29.344938000000184, -3.446903 ], [ 29.344993000000102, -3.447145 ], [ 29.34478700000011, -3.447483 ], [ 29.34487, -3.448028 ], [ 29.344671000000119, -3.448256 ], [ 29.344547000000148, -3.448684 ], [ 29.344478000000151, -3.449284 ], [ 29.344465000000127, -3.449671 ], [ 29.344286, -3.449733 ], [ 29.344375000000127, -3.450181 ], [ 29.34441, -3.450733 ], [ 29.344183, -3.450933 ], [ 29.344135000000165, -3.451457999999889 ], [ 29.344004, -3.451906 ], [ 29.343853000000138, -3.452085999999895 ], [ 29.343860000000177, -3.452527 ], [ 29.343640000000107, -3.452886 ], [ 29.343647000000146, -3.453335 ], [ 29.343524, -3.453714 ], [ 29.343295000000126, -3.453818 ], [ 29.343099000000109, -3.453924 ], [ 29.343114, -3.454227 ], [ 29.34347600000018, -3.454795 ], [ 29.343604000000141, -3.455303 ], [ 29.343657, -3.456165999999882 ], [ 29.343747, -3.45656 ], [ 29.343905000000177, -3.457037 ], [ 29.3438680000001, -3.457219 ], [ 29.343589000000122, -3.457445999999834 ], [ 29.343596000000161, -3.45784 ], [ 29.343295000000126, -3.458195999999873 ], [ 29.34307600000011, -3.458619999999883 ], [ 29.342714, -3.458998999999892 ], [ 29.342541, -3.459293999999886 ], [ 29.342481000000134, -3.459779 ], [ 29.342089, -3.460029 ], [ 29.342014000000177, -3.460234 ], [ 29.34187, -3.46056 ], [ 29.341704000000107, -3.460779999999886 ], [ 29.341583, -3.461272 ], [ 29.341523, -3.461923 ], [ 29.341206000000113, -3.462257 ], [ 29.341138000000171, -3.462613 ], [ 29.341206000000113, -3.463249 ], [ 29.340807000000154, -3.463961 ], [ 29.34028300000017, -3.464969 ], [ 29.34018900000018, -3.465354999999818 ], [ 29.340121, -3.46552899999989 ], [ 29.340136, -3.465907 ], [ 29.34, -3.466294 ], [ 29.340023000000144, -3.466687 ], [ 29.339917, -3.467065999999875 ], [ 29.340015000000164, -3.467285999999888 ], [ 29.339766000000168, -3.467498 ], [ 29.339299, -3.468081 ], [ 29.338447, -3.469483 ], [ 29.33801, -3.469739999999888 ], [ 29.337188, -3.469854 ], [ 29.336616000000163, -3.469694999999888 ], [ 29.336224, -3.469892 ], [ 29.335952, -3.470013 ], [ 29.335703, -3.470164999999895 ], [ 29.335409, -3.470482999999831 ], [ 29.335242000000164, -3.470712 ], [ 29.33497, -3.470938999999873 ], [ 29.334769000000108, -3.470906999999897 ], [ 29.334603000000186, -3.470618999999886 ], [ 29.334286, -3.470611999999846 ], [ 29.333955, -3.470695 ], [ 29.333698, -3.470945 ], [ 29.333389000000125, -3.471725 ], [ 29.332839, -3.471983 ], [ 29.332696000000169, -3.47221 ], [ 29.332696000000169, -3.472822999999892 ], [ 29.332484000000193, -3.473051 ], [ 29.332347, -3.473209 ], [ 29.332319, -3.473505 ], [ 29.332123, -3.473467 ], [ 29.33201, -3.473172 ], [ 29.331806, -3.473051 ], [ 29.331723000000125, -3.472839 ], [ 29.33193400000016, -3.472725 ], [ 29.33194200000014, -3.472558 ], [ 29.331565000000182, -3.472535999999877 ], [ 29.331120000000169, -3.472679 ], [ 29.331308, -3.472801 ], [ 29.331361000000186, -3.473104 ], [ 29.331444000000147, -3.473301 ], [ 29.331768000000125, -3.473641 ], [ 29.332123, -3.473951999999883 ], [ 29.33216, -3.4743 ], [ 29.33194200000014, -3.474534999999889 ], [ 29.332159000000161, -3.474828999999886 ], [ 29.332339000000104, -3.475139 ], [ 29.332349, -3.475285 ], [ 29.332234000000142, -3.47552 ], [ 29.332209, -3.475805 ], [ 29.332498000000101, -3.476166 ], [ 29.332737000000179, -3.476547 ], [ 29.333016000000157, -3.477032999999892 ], [ 29.333051, -3.47753299999988 ], [ 29.33281200000016, -3.477664 ], [ 29.332712, -3.477854 ], [ 29.332737000000179, -3.478164 ], [ 29.332952, -3.47849 ], [ 29.332947000000161, -3.478725 ], [ 29.333086, -3.47888 ], [ 29.333206, -3.479321 ], [ 29.33345, -3.479972 ], [ 29.333260000000109, -3.480187999999885 ], [ 29.333629, -3.480824 ], [ 29.333953, -3.48126 ], [ 29.334232, -3.482036 ], [ 29.334466, -3.482421 ], [ 29.334362000000169, -3.482702 ], [ 29.334312000000125, -3.483248 ], [ 29.334466, -3.483618 ], [ 29.334613000000161, -3.484001 ], [ 29.334263000000135, -3.48440399999987 ], [ 29.334160000000168, -3.484932 ], [ 29.334150000000193, -3.48527399999989 ], [ 29.334376, -3.485719 ], [ 29.334283, -3.48603 ], [ 29.334585000000118, -3.48612 ], [ 29.334943, -3.486153999999885 ], [ 29.335478000000137, -3.486123 ], [ 29.335983000000169, -3.48634 ], [ 29.336478000000113, -3.486567999999863 ], [ 29.336962, -3.486827 ], [ 29.337664000000188, -3.487077 ], [ 29.338239000000158, -3.48751 ], [ 29.338888000000168, -3.487924 ], [ 29.339908, -3.488565999999878 ], [ 29.340248, -3.488876 ], [ 29.340918000000102, -3.489486999999883 ], [ 29.341361000000177, -3.490036 ], [ 29.341742, -3.490419 ], [ 29.341793, -3.490739 ], [ 29.34203, -3.491059999999891 ], [ 29.342102000000182, -3.491454 ], [ 29.342298, -3.491536 ], [ 29.342586, -3.491878 ], [ 29.342586, -3.492292 ], [ 29.342731000000185, -3.492436999999882 ], [ 29.342967000000158, -3.492737 ], [ 29.34341, -3.493089 ], [ 29.343833, -3.493719999999826 ], [ 29.344245, -3.494226999999853 ], [ 29.344471000000112, -3.494745 ], [ 29.3447910000001, -3.495552 ], [ 29.34475, -3.49579 ], [ 29.344719000000168, -3.49614199999985 ], [ 29.344533, -3.496215 ], [ 29.344389, -3.496453 ], [ 29.34435800000017, -3.497343 ], [ 29.344245, -3.497766999999897 ], [ 29.343998, -3.49783 ], [ 29.343699000000186, -3.498161 ], [ 29.343699000000186, -3.49844 ], [ 29.343833, -3.498627 ], [ 29.343658000000175, -3.498719999999878 ], [ 29.34341, -3.498927 ], [ 29.343318, -3.499455 ], [ 29.343235000000163, -3.500128 ], [ 29.342834, -3.500821 ], [ 29.342442, -3.501173 ], [ 29.342185000000143, -3.501463 ], [ 29.342112000000157, -3.501845999999887 ], [ 29.341845, -3.502115 ], [ 29.341677, -3.502355 ], [ 29.341311000000132, -3.502645 ], [ 29.340969, -3.503042 ], [ 29.340615, -3.503373 ], [ 29.340483000000177, -3.50368 ], [ 29.340501, -3.504024 ], [ 29.340591, -3.504271 ], [ 29.340561, -3.504643999999871 ], [ 29.340291, -3.505179999999882 ], [ 29.340273, -3.505559999999889 ], [ 29.340249, -3.505885 ], [ 29.340225000000146, -3.50612 ], [ 29.339931000000149, -3.506343 ], [ 29.339631, -3.50674 ], [ 29.339475000000107, -3.507252 ], [ 29.339385000000107, -3.50761 ], [ 29.339085000000125, -3.5083 ], [ 29.338779, -3.508510999999885 ], [ 29.338575, -3.508938999999884 ], [ 29.338383000000135, -3.509529 ], [ 29.338233000000173, -3.509764 ], [ 29.338263000000154, -3.510136999999872 ], [ 29.338047, -3.510451 ], [ 29.337993, -3.511173999999869 ], [ 29.338011000000108, -3.511649 ], [ 29.337981000000127, -3.511858 ], [ 29.337954, -3.512050999999872 ], [ 29.337651000000164, -3.512354 ], [ 29.337598, -3.512643 ], [ 29.33734, -3.512878 ], [ 29.337280000000192, -3.513119 ], [ 29.337292000000105, -3.513684999999896 ], [ 29.337004, -3.514065 ], [ 29.336944, -3.514493 ], [ 29.337058000000127, -3.514776 ], [ 29.337430000000154, -3.515113 ], [ 29.337855000000161, -3.515577 ], [ 29.338317000000188, -3.51595 ], [ 29.338713, -3.516312 ], [ 29.339049, -3.516733 ], [ 29.339115000000163, -3.517353999999898 ], [ 29.33931900000016, -3.517739 ], [ 29.339721000000168, -3.518426 ], [ 29.340021000000149, -3.519155 ], [ 29.340153, -3.519588999999883 ], [ 29.340027, -3.519925999999884 ], [ 29.340153, -3.520396 ], [ 29.340201, -3.520902 ], [ 29.340129, -3.521306 ], [ 29.339805, -3.521883999999886 ], [ 29.339481, -3.522528 ], [ 29.339283, -3.522756999999899 ], [ 29.339325, -3.523643 ], [ 29.339595, -3.524094999999875 ], [ 29.339871000000187, -3.524613 ], [ 29.339997, -3.525100999999893 ], [ 29.340015000000164, -3.525619 ], [ 29.3397030000001, -3.526022 ], [ 29.339637000000153, -3.526485 ], [ 29.339679000000103, -3.526792999999884 ], [ 29.339529, -3.527226 ], [ 29.339433000000156, -3.527473 ], [ 29.339205000000106, -3.527666 ], [ 29.33918100000011, -3.527931 ], [ 29.339283, -3.528346999999883 ], [ 29.339271, -3.528671999999858 ], [ 29.338803, -3.529202 ], [ 29.338425, -3.529545999999868 ], [ 29.338047, -3.529907 ], [ 29.337771000000146, -3.530323 ], [ 29.337789, -3.530775 ], [ 29.337759, -3.531485 ], [ 29.337609, -3.532118 ], [ 29.337471000000164, -3.532575 ], [ 29.337405, -3.532803999999885 ], [ 29.337633, -3.533297999999888 ], [ 29.338143000000173, -3.533882999999889 ], [ 29.338413000000116, -3.534226 ], [ 29.338563000000136, -3.534557 ], [ 29.338953, -3.534966999999881 ], [ 29.338959, -3.535587 ], [ 29.339109000000178, -3.535979 ], [ 29.339139000000159, -3.536569 ], [ 29.339151, -3.536924999999883 ], [ 29.339301, -3.53725 ], [ 29.339289000000122, -3.537503 ], [ 29.339073, -3.537755999999888 ], [ 29.339139000000159, -3.538316 ], [ 29.339217, -3.538979 ], [ 29.339347000000146, -3.539543 ], [ 29.339441000000136, -3.539826 ], [ 29.339159, -3.540151 ], [ 29.338898000000142, -3.540455999999892 ], [ 29.338511, -3.54077 ], [ 29.33825000000013, -3.541064 ], [ 29.338281, -3.541935 ], [ 29.33871, -3.542355 ], [ 29.339285000000189, -3.542921 ], [ 29.339828000000182, -3.543519 ], [ 29.340215, -3.544117 ], [ 29.340800000000115, -3.544684 ], [ 29.340998000000127, -3.54524 ], [ 29.341072, -3.545649 ], [ 29.341270000000122, -3.54609 ], [ 29.341458, -3.546394 ], [ 29.341731, -3.54672 ], [ 29.342220000000168, -3.547333999999864 ], [ 29.342587, -3.547559 ], [ 29.34335, -3.548272 ], [ 29.344061000000124, -3.549028 ], [ 29.344113000000164, -3.549364 ], [ 29.343841, -3.550045999999895 ], [ 29.343956000000105, -3.55056 ], [ 29.344103000000189, -3.551041999999882 ], [ 29.344071, -3.551377999999886 ], [ 29.343706, -3.551934 ], [ 29.34347600000018, -3.552354 ], [ 29.343455, -3.55292 ], [ 29.343612, -3.553634 ], [ 29.343841, -3.554022 ], [ 29.344176, -3.554263 ], [ 29.344385000000102, -3.554473 ], [ 29.345001, -3.55505 ], [ 29.346025, -3.555669 ], [ 29.346590000000106, -3.556099 ], [ 29.3472900000001, -3.556677 ], [ 29.34823, -3.557410999999888 ], [ 29.348983, -3.558145 ], [ 29.349547000000143, -3.558649 ], [ 29.349693000000173, -3.559362 ], [ 29.349944000000164, -3.559897 ], [ 29.349599000000183, -3.561009 ], [ 29.349202, -3.561471 ], [ 29.349149, -3.561859 ], [ 29.349703, -3.562803 ], [ 29.349735, -3.56359 ], [ 29.349682000000143, -3.56443 ], [ 29.349557000000118, -3.564682 ], [ 29.349672, -3.564869999999871 ], [ 29.349797, -3.565259 ], [ 29.349808, -3.565636 ], [ 29.349703, -3.565941 ], [ 29.349547000000143, -3.566255 ], [ 29.349212000000136, -3.56677 ], [ 29.34916, -3.567095 ], [ 29.349452, -3.567536 ], [ 29.349536000000114, -3.568186 ], [ 29.349348000000191, -3.568573999999899 ], [ 29.349264000000176, -3.569088 ], [ 29.349348000000191, -3.569454999999891 ], [ 29.349045, -3.570241999999894 ], [ 29.348616, -3.570651999999882 ], [ 29.348418, -3.570956 ], [ 29.348387000000116, -3.571868999999879 ], [ 29.347812000000147, -3.572561 ], [ 29.347352, -3.573001 ], [ 29.346652, -3.573463 ], [ 29.345910000000117, -3.57385099999982 ], [ 29.345063, -3.574176 ], [ 29.344457, -3.574124 ], [ 29.344123, -3.574364999999887 ], [ 29.34383, -3.574711 ], [ 29.343632000000127, -3.575036999999895 ], [ 29.343486000000155, -3.575403999999878 ], [ 29.343381000000136, -3.575771 ], [ 29.343433000000175, -3.57618 ], [ 29.343642, -3.576663 ], [ 29.343904, -3.577124 ], [ 29.343977, -3.577502 ], [ 29.344133, -3.578079 ], [ 29.344144, -3.578771999999844 ], [ 29.343935000000158, -3.579201999999896 ], [ 29.343966, -3.579683999999872 ], [ 29.343705000000114, -3.580031 ], [ 29.343559000000141, -3.58045 ], [ 29.343653, -3.581017 ], [ 29.343600000000151, -3.581688999999869 ], [ 29.343768000000182, -3.582098 ], [ 29.343747, -3.582497 ], [ 29.343569, -3.582948 ], [ 29.343327000000102, -3.583388 ], [ 29.343214, -3.583975999999836 ], [ 29.343277, -3.584406999999885 ], [ 29.34325600000011, -3.585014999999828 ], [ 29.343402, -3.585592 ], [ 29.343559000000141, -3.58605399999982 ], [ 29.344029, -3.586306 ], [ 29.344374, -3.586640999999872 ], [ 29.344854000000169, -3.587439 ], [ 29.345304000000112, -3.588246 ], [ 29.345596000000114, -3.588665 ], [ 29.346182000000113, -3.589379 ], [ 29.346349, -3.589641 ], [ 29.3464120000001, -3.590102999999885 ], [ 29.34646400000014, -3.590407 ], [ 29.34686100000016, -3.591131 ], [ 29.347007000000133, -3.591980999999862 ], [ 29.346777, -3.59217 ], [ 29.346547000000101, -3.592473999999868 ], [ 29.34645300000011, -3.592841 ], [ 29.34637, -3.59324 ], [ 29.347018000000162, -3.594236 ], [ 29.346892, -3.594854999999882 ], [ 29.346922, -3.595237 ], [ 29.347080000000119, -3.595695 ], [ 29.347355000000164, -3.596204 ], [ 29.347855000000152, -3.59671 ], [ 29.348233000000164, -3.597081 ], [ 29.348603, -3.597496 ], [ 29.349085000000116, -3.598037 ], [ 29.349277, -3.598413 ], [ 29.349242000000118, -3.598657 ], [ 29.348998, -3.59891 ], [ 29.348720000000128, -3.599325 ], [ 29.348524, -3.599534 ], [ 29.348468, -3.600006 ], [ 29.348812, -3.600653 ], [ 29.348951, -3.601093999999875 ], [ 29.349277, -3.601557 ], [ 29.349525, -3.601862 ], [ 29.349521000000152, -3.60215 ], [ 29.349264000000176, -3.602613 ], [ 29.349234, -3.602945 ], [ 29.34909000000016, -3.603281 ], [ 29.348842000000104, -3.603752 ], [ 29.34879, -3.60421 ], [ 29.348833, -3.604515999999876 ], [ 29.348920000000135, -3.604803999999888 ], [ 29.348807000000193, -3.605301999999881 ], [ 29.348155, -3.606222999999886 ], [ 29.347546000000136, -3.607027 ], [ 29.347133, -3.60741999999982 ], [ 29.346981000000142, -3.608145 ], [ 29.346698000000174, -3.608455 ], [ 29.346356, -3.608979 ], [ 29.346118000000104, -3.609752 ], [ 29.346223000000123, -3.610201 ], [ 29.346736, -3.611002999999869 ], [ 29.347183000000143, -3.611786 ], [ 29.347678, -3.612654 ], [ 29.347687, -3.613426999999888 ], [ 29.347221000000104, -3.613943 ], [ 29.346556000000135, -3.614449 ], [ 29.345605000000148, -3.615135999999893 ], [ 29.344768000000158, -3.615527 ], [ 29.344274000000155, -3.615833 ], [ 29.343494, -3.616186 ], [ 29.343292, -3.61668 ], [ 29.342781, -3.617112 ], [ 29.342525, -3.617437 ], [ 29.342443000000173, -3.617989 ], [ 29.34246800000011, -3.618535 ], [ 29.342287, -3.619040999999868 ], [ 29.342429, -3.619499 ], [ 29.342667, -3.619861 ], [ 29.342952, -3.620291 ], [ 29.342829000000108, -3.620787 ], [ 29.342734, -3.621198 ], [ 29.342591000000141, -3.621674999999868 ], [ 29.342496, -3.62241 ], [ 29.342544, -3.622668 ], [ 29.342563000000155, -3.623346 ], [ 29.342924000000153, -3.623938 ], [ 29.342838000000143, -3.624261999999874 ], [ 29.342601000000116, -3.624806 ], [ 29.342220000000168, -3.625618 ], [ 29.342103000000122, -3.626052 ], [ 29.34203500000018, -3.626472 ], [ 29.342002, -3.627048999999886 ], [ 29.34183, -3.627364 ], [ 29.34184, -3.627678999999887 ], [ 29.34184, -3.628443 ], [ 29.341602, -3.628509999999892 ], [ 29.341384000000119, -3.629484 ], [ 29.341346000000158, -3.630332999999837 ], [ 29.340918000000102, -3.631278 ], [ 29.340908000000184, -3.63170799999989 ], [ 29.340775000000178, -3.632309 ], [ 29.340785, -3.632718999999895 ], [ 29.341174000000137, -3.633693 ], [ 29.341089, -3.634332 ], [ 29.340861000000189, -3.63504799999987 ], [ 29.340442000000166, -3.635277 ], [ 29.339938000000188, -3.635726 ], [ 29.33991, -3.636194 ], [ 29.340252, -3.636793999999895 ], [ 29.340205, -3.63829399999986 ], [ 29.339977, -3.639239 ], [ 29.339635000000158, -3.639906999999823 ], [ 29.339549000000147, -3.640518 ], [ 29.339017000000183, -3.640929 ], [ 29.338712, -3.641177 ], [ 29.338113000000192, -3.64174 ], [ 29.337486000000183, -3.64237 ], [ 29.337087, -3.642913999999848 ], [ 29.337182, -3.644566 ], [ 29.336982, -3.644928 ], [ 29.336602, -3.64515699999987 ], [ 29.336507, -3.645415 ], [ 29.336231, -3.645921 ], [ 29.336022000000185, -3.646532 ], [ 29.335889, -3.647133 ], [ 29.336278, -3.647658 ], [ 29.336312000000191, -3.648562 ], [ 29.336457000000109, -3.648956999999882 ], [ 29.336786000000188, -3.649588 ], [ 29.337107, -3.650026 ], [ 29.337493, -3.650528 ], [ 29.337729, -3.650943999999868 ], [ 29.337858, -3.651323999999875 ], [ 29.337872000000118, -3.651733 ], [ 29.337465, -3.652307 ], [ 29.336657000000173, -3.652809 ], [ 29.336364, -3.65286 ], [ 29.336136, -3.653175 ], [ 29.336064000000135, -3.653426 ], [ 29.336150000000146, -3.653677 ], [ 29.336293, -3.653943 ], [ 29.336357000000191, -3.654273 ], [ 29.336229000000117, -3.654946999999879 ], [ 29.336115, -3.655019 ], [ 29.335943, -3.655656999999849 ], [ 29.335579000000109, -3.656029999999873 ], [ 29.335279000000185, -3.656274 ], [ 29.33514300000013, -3.656848 ], [ 29.334757000000138, -3.658061 ], [ 29.334557000000132, -3.658678 ], [ 29.334242000000188, -3.658893 ], [ 29.333971000000133, -3.659309 ], [ 29.333713000000103, -3.659711 ], [ 29.33332, -3.660370999999884 ], [ 29.333306000000164, -3.66073699999987 ], [ 29.333156, -3.661073999999871 ], [ 29.333049, -3.661403999999891 ], [ 29.332991, -3.661813 ], [ 29.332798, -3.662272 ], [ 29.332270000000108, -3.663154999999847 ], [ 29.332398000000182, -3.664439 ], [ 29.331891000000155, -3.665013 ], [ 29.331812000000184, -3.665206999999896 ], [ 29.331705, -3.665795 ], [ 29.331812000000184, -3.666283 ], [ 29.331727000000114, -3.666728 ], [ 29.33176200000014, -3.667417 ], [ 29.331569000000172, -3.668077 ], [ 29.331491, -3.668801 ], [ 29.331505, -3.669432 ], [ 29.331498000000181, -3.670070999999894 ], [ 29.331412000000171, -3.670516 ], [ 29.331398, -3.670968 ], [ 29.331805000000145, -3.671592 ], [ 29.331319, -3.67223 ], [ 29.330926, -3.673099 ], [ 29.330426000000102, -3.673485999999855 ], [ 29.330247, -3.673772999999869 ], [ 29.330019000000163, -3.67401 ], [ 29.329554, -3.674195999999881 ], [ 29.32961100000017, -3.674426 ], [ 29.329454000000169, -3.674799 ], [ 29.329318, -3.67533 ], [ 29.32924, -3.675804 ], [ 29.329225, -3.676334 ], [ 29.328954000000181, -3.676692999999887 ], [ 29.328775000000121, -3.677029999999888 ], [ 29.328589000000136, -3.677203 ], [ 29.328375, -3.677769999999839 ], [ 29.32790400000016, -3.678172 ], [ 29.327532, -3.678423 ], [ 29.327296000000104, -3.678766999999823 ], [ 29.327268000000117, -3.679083 ], [ 29.327439, -3.679477 ], [ 29.327825000000189, -3.680252 ], [ 29.328025, -3.680554 ], [ 29.327989, -3.680861999999877 ], [ 29.32773200000014, -3.681364 ], [ 29.327604000000179, -3.681946 ], [ 29.327018, -3.682634 ], [ 29.326825, -3.682949999999892 ], [ 29.326089, -3.683954 ], [ 29.32611, -3.684356 ], [ 29.326360000000136, -3.685051999999814 ], [ 29.326403000000141, -3.685497 ], [ 29.326332, -3.685906 ], [ 29.32596, -3.686350999999888 ], [ 29.325195000000178, -3.686903 ], [ 29.325124000000187, -3.687232999999878 ], [ 29.324860000000172, -3.687491 ], [ 29.324374, -3.687793 ], [ 29.324216, -3.688143999999852 ], [ 29.324452000000178, -3.688833 ], [ 29.324259, -3.689271 ], [ 29.324009000000103, -3.689852 ], [ 29.323859000000141, -3.690576 ], [ 29.323730000000126, -3.691408 ], [ 29.323280000000182, -3.69181 ], [ 29.322901000000115, -3.69204 ], [ 29.322329, -3.692284 ], [ 29.321693000000153, -3.692492 ], [ 29.321415, -3.692786 ], [ 29.321279000000175, -3.692978999999866 ], [ 29.321193000000164, -3.693388 ], [ 29.320972, -3.693668 ], [ 29.320943000000113, -3.693977 ], [ 29.320779000000186, -3.694278 ], [ 29.3207, -3.694694 ], [ 29.320536000000175, -3.695023999999876 ], [ 29.32040000000012, -3.695275 ], [ 29.320364000000154, -3.695627 ], [ 29.320372, -3.696099999999888 ], [ 29.320279, -3.69643 ], [ 29.32017900000011, -3.696897 ], [ 29.320207, -3.69722 ], [ 29.320243, -3.697542 ], [ 29.320114, -3.697743 ], [ 29.320036000000187, -3.698058999999887 ], [ 29.319993000000181, -3.698375 ], [ 29.32, -3.698669 ], [ 29.319893, -3.699006 ], [ 29.319829, -3.699509 ], [ 29.319886, -3.699853 ], [ 29.319864000000166, -3.700132999999823 ], [ 29.320154000000173, -3.700901 ], [ 29.32040000000012, -3.701361 ], [ 29.320465000000127, -3.702018999999893 ], [ 29.320621, -3.702578 ], [ 29.32048200000014, -3.703012999999885 ], [ 29.320662, -3.704254999999819 ], [ 29.320498, -3.704789 ], [ 29.3202280000001, -3.705298 ], [ 29.319679000000122, -3.705825 ], [ 29.319147000000157, -3.70663 ], [ 29.318525, -3.707164 ], [ 29.317624, -3.708019 ], [ 29.317231000000106, -3.708455 ], [ 29.316609000000142, -3.709021999999891 ], [ 29.316036000000167, -3.709334 ], [ 29.315217, -3.709622 ], [ 29.314415000000167, -3.709934 ], [ 29.314154, -3.710156 ], [ 29.313843, -3.710501 ], [ 29.31363, -3.711003 ], [ 29.313384, -3.711471 ], [ 29.312909, -3.712022 ], [ 29.312598, -3.712424999999882 ], [ 29.312377, -3.712975 ], [ 29.312082, -3.714043999999831 ], [ 29.311903000000143, -3.714874 ], [ 29.311542, -3.715383 ], [ 29.311174, -3.715596999999889 ], [ 29.31078100000019, -3.715760999999873 ], [ 29.31052700000015, -3.716057 ], [ 29.310495000000174, -3.716279 ], [ 29.31065, -3.716542 ], [ 29.310691, -3.716863 ], [ 29.310847, -3.717298 ], [ 29.311338, -3.717882 ], [ 29.311289000000158, -3.718326 ], [ 29.311223, -3.719526 ], [ 29.311215, -3.720208 ], [ 29.311354, -3.720643 ], [ 29.311248000000148, -3.721169 ], [ 29.311428, -3.721464999999853 ], [ 29.311559000000102, -3.721975 ], [ 29.311608, -3.722682 ], [ 29.311739, -3.723034999999811 ], [ 29.311845000000119, -3.723544999999888 ], [ 29.311919, -3.723799999999869 ], [ 29.311824000000172, -3.724243 ], [ 29.311886000000129, -3.724538999999822 ], [ 29.311845000000119, -3.724925999999869 ], [ 29.311820000000182, -3.725427 ], [ 29.311739, -3.725904 ], [ 29.311362000000145, -3.726379999999892 ], [ 29.311035, -3.726578 ], [ 29.311022, -3.726694 ], [ 29.311206, -3.726816 ], [ 29.311567, -3.727086999999869 ], [ 29.311755000000176, -3.727457 ], [ 29.312017000000139, -3.72782699999982 ], [ 29.312000000000182, -3.728189 ], [ 29.312033, -3.728484 ], [ 29.312203, -3.728942 ], [ 29.312267, -3.729329999999834 ], [ 29.31208, -3.729665999999838 ], [ 29.312045000000182, -3.730042 ], [ 29.312121, -3.730442 ], [ 29.311998000000187, -3.731007 ], [ 29.31205100000011, -3.73133 ], [ 29.312171, -3.731394 ], [ 29.316617, -3.732858 ], [ 29.317556000000138, -3.733236 ], [ 29.318668000000173, -3.733974 ], [ 29.319038, -3.734406 ], [ 29.319217, -3.734982 ], [ 29.319713, -3.735637 ], [ 29.31979100000018, -3.735907 ], [ 29.320204, -3.736338999999873 ], [ 29.32021600000013, -3.736513 ], [ 29.320096, -3.736675 ], [ 29.319929, -3.736639 ], [ 29.319549, -3.736434 ], [ 29.319589000000121, -3.736686 ], [ 29.320282000000134, -3.737033999999824 ], [ 29.320969000000105, -3.73728599999987 ], [ 29.321991000000139, -3.737862 ], [ 29.322446000000127, -3.738031 ], [ 29.322912, -3.738378999999895 ], [ 29.323982000000171, -3.739117 ], [ 29.324358000000188, -3.739315 ], [ 29.325075, -3.739807 ], [ 29.325535, -3.740185 ], [ 29.325583000000108, -3.740502999999876 ], [ 29.32566700000018, -3.741469 ], [ 29.325733000000128, -3.741751 ], [ 29.325739, -3.742219 ], [ 29.325888000000134, -3.742903 ], [ 29.326229000000126, -3.743670999999893 ], [ 29.327233, -3.744319 ], [ 29.327926, -3.744973 ], [ 29.32829, -3.745141 ], [ 29.328517, -3.745309 ], [ 29.328768, -3.745891 ], [ 29.329109000000187, -3.746118999999851 ], [ 29.329444, -3.746533999999883 ], [ 29.329982000000143, -3.747062 ], [ 29.330179000000101, -3.747806 ], [ 29.330663000000186, -3.74843 ], [ 29.330759000000114, -3.748699999999872 ], [ 29.330759000000114, -3.748856 ], [ 29.330567, -3.749192 ], [ 29.33034, -3.749588 ], [ 29.330239, -3.749995999999896 ], [ 29.32985, -3.750416 ], [ 29.329856000000177, -3.75128599999988 ], [ 29.330041, -3.75165799999985 ], [ 29.330365, -3.752275999999824 ], [ 29.330413, -3.753032999999846 ], [ 29.330656000000147, -3.753324999999847 ], [ 29.330727000000138, -3.753569 ], [ 29.331254, -3.75397 ], [ 29.331746, -3.754381 ], [ 29.331926, -3.75461 ], [ 29.332208, -3.754933 ], [ 29.332380000000114, -3.755579999999895 ], [ 29.332427000000109, -3.755831999999884 ], [ 29.332310000000177, -3.75625 ], [ 29.332372000000191, -3.756479 ], [ 29.332655000000159, -3.756723 ], [ 29.332694000000174, -3.757455999999877 ], [ 29.332514, -3.758016 ], [ 29.332498000000101, -3.758584 ], [ 29.332858, -3.758939 ], [ 29.332937000000186, -3.759190999999873 ], [ 29.333085, -3.759388 ], [ 29.333101000000113, -3.759554 ], [ 29.332960000000128, -3.759893 ], [ 29.332991, -3.760594 ], [ 29.333117000000186, -3.760918 ], [ 29.333117000000186, -3.761146 ], [ 29.333610000000135, -3.761746 ], [ 29.333642000000111, -3.762093 ], [ 29.333861, -3.762353 ], [ 29.333799000000113, -3.762699999999882 ], [ 29.334002, -3.763638 ], [ 29.33423, -3.764158999999893 ], [ 29.334292, -3.76449799999989 ], [ 29.33426900000012, -3.76501 ], [ 29.334339, -3.765443999999889 ], [ 29.334386, -3.765972 ], [ 29.334543, -3.766508 ], [ 29.33459, -3.766903 ], [ 29.334520000000111, -3.767241999999897 ], [ 29.334292, -3.76769899999988 ], [ 29.333979000000113, -3.76814899999988 ], [ 29.333493, -3.768724 ], [ 29.332858, -3.769268 ], [ 29.332325, -3.769663 ], [ 29.331565000000182, -3.770096 ], [ 29.331189000000165, -3.770371999999895 ], [ 29.330915, -3.770609 ], [ 29.330711, -3.770868999999891 ], [ 29.330656000000147, -3.771287 ], [ 29.330821, -3.771735999999862 ], [ 29.330962, -3.771997 ], [ 29.33114200000017, -3.772193999999899 ], [ 29.331300000000113, -3.772388 ], [ 29.331769000000179, -3.772888 ], [ 29.331651000000193, -3.77329 ], [ 29.332145, -3.77377099999984 ], [ 29.332756000000131, -3.774378 ], [ 29.332795, -3.774678 ], [ 29.333250000000191, -3.77523 ], [ 29.333728000000121, -3.775632 ], [ 29.334199000000183, -3.776038 ], [ 29.334141000000159, -3.776261 ], [ 29.334208, -3.776462 ], [ 29.334425, -3.776741999999899 ], [ 29.334589000000108, -3.776947999999891 ], [ 29.334713, -3.777223999999819 ], [ 29.335089, -3.777679 ], [ 29.335493, -3.778045 ], [ 29.33593100000013, -3.77833 ], [ 29.335949, -3.778669 ], [ 29.336186000000112, -3.778719 ], [ 29.336520000000178, -3.778976999999884 ], [ 29.336441, -3.779109999999889 ], [ 29.336388000000113, -3.779314999999883 ], [ 29.336503, -3.779439999999852 ], [ 29.336786000000188, -3.779359999999883 ], [ 29.336995, -3.779454 ], [ 29.337090000000103, -3.779804 ], [ 29.33733100000012, -3.779849 ], [ 29.338089000000139, -3.78040099999987 ], [ 29.338957, -3.781154999999899 ], [ 29.33899700000012, -3.781344999999817 ], [ 29.338838000000123, -3.781554 ], [ 29.338794, -3.781990999999891 ], [ 29.339059000000134, -3.78233 ], [ 29.339163, -3.782644999999889 ], [ 29.339063000000124, -3.782866999999897 ], [ 29.33932, -3.783194 ], [ 29.339393, -3.783511 ], [ 29.339299, -3.783785 ], [ 29.339566000000161, -3.784255 ], [ 29.339729000000148, -3.784909 ], [ 29.339892000000134, -3.785726999999895 ], [ 29.34017, -3.78622799999988 ], [ 29.340044, -3.786957 ], [ 29.339803, -3.787193999999886 ], [ 29.339771, -3.787453 ], [ 29.339572, -3.787642999999889 ], [ 29.339540000000113, -3.787890999999888 ], [ 29.339582, -3.788123 ], [ 29.339551000000142, -3.788297 ], [ 29.3397030000001, -3.788419 ], [ 29.339692, -3.788566999999887 ], [ 29.339587000000108, -3.788699 ], [ 29.339871000000187, -3.789099999999848 ], [ 29.339907, -3.789496 ], [ 29.339950000000101, -3.790297 ], [ 29.33984, -3.790519 ], [ 29.3397930000001, -3.790714 ], [ 29.339974000000154, -3.790884 ], [ 29.339962, -3.791378 ], [ 29.340322000000185, -3.791873 ], [ 29.340214000000117, -3.792162 ], [ 29.340274000000136, -3.792693 ], [ 29.340358000000151, -3.793465 ], [ 29.340681, -3.793875 ], [ 29.341077, -3.794526 ], [ 29.341412000000105, -3.795443 ], [ 29.341664, -3.79572 ], [ 29.342251, -3.796046 ], [ 29.342886, -3.796504 ], [ 29.343318, -3.796853999999882 ], [ 29.343965000000139, -3.797372 ], [ 29.344180000000165, -3.797782 ], [ 29.344204, -3.798265 ], [ 29.344037, -3.798542 ], [ 29.344025000000158, -3.798843 ], [ 29.34466, -3.799651 ], [ 29.344624000000124, -3.800314999999898 ], [ 29.344469000000117, -3.800639999999873 ], [ 29.344445, -3.800942 ], [ 29.344600000000128, -3.801147 ], [ 29.344648000000177, -3.801545 ], [ 29.345116000000189, -3.802268 ], [ 29.345463000000109, -3.802593999999885 ], [ 29.345895000000155, -3.803113 ], [ 29.345955000000117, -3.803607 ], [ 29.346182000000113, -3.80415 ], [ 29.346601000000135, -3.804789 ], [ 29.346673, -3.805247 ], [ 29.346625000000131, -3.805657 ], [ 29.346577, -3.8062 ], [ 29.346637000000101, -3.806489 ], [ 29.346601000000135, -3.807237 ], [ 29.346601000000135, -3.808298 ], [ 29.346170000000143, -3.808586999999875 ], [ 29.346254, -3.809082 ], [ 29.346398000000192, -3.809418999999821 ], [ 29.346817, -3.810107 ], [ 29.347356, -3.810673999999892 ], [ 29.347344000000135, -3.811035 ], [ 29.347058000000118, -3.811670999999876 ], [ 29.346781, -3.812168999999869 ], [ 29.346116000000109, -3.812822 ], [ 29.345487000000162, -3.813206 ], [ 29.345149, -3.813661 ], [ 29.345028000000184, -3.814585 ], [ 29.345475000000192, -3.815072 ], [ 29.345451, -3.815485 ], [ 29.345391000000177, -3.816069 ], [ 29.346188, -3.816969 ], [ 29.346176000000128, -3.817565 ], [ 29.346430000000169, -3.817991 ], [ 29.346732000000145, -3.818392 ], [ 29.346853000000181, -3.818719999999871 ], [ 29.347482000000184, -3.819340999999895 ], [ 29.34788, -3.819985 ], [ 29.347965000000158, -3.820787999999823 ], [ 29.347747, -3.821274 ], [ 29.347711000000118, -3.821603 ], [ 29.348303000000101, -3.821822 ], [ 29.348775, -3.822514999999896 ], [ 29.349850000000174, -3.823074 ], [ 29.350842000000171, -3.823463999999888 ], [ 29.352002, -3.823876999999868 ], [ 29.352715000000103, -3.823986 ], [ 29.354407, -3.824778 ], [ 29.354866, -3.825094 ], [ 29.354903, -3.82541 ], [ 29.355616000000111, -3.825945 ], [ 29.356595000000141, -3.826529 ], [ 29.356933, -3.826857 ], [ 29.357018000000153, -3.827379999999891 ], [ 29.357356, -3.827915999999846 ], [ 29.357839, -3.828402 ], [ 29.358009, -3.828974 ], [ 29.357839, -3.829375 ], [ 29.357960000000105, -3.829813 ], [ 29.357948000000192, -3.830409 ], [ 29.357888000000173, -3.831905 ], [ 29.358323, -3.832355 ], [ 29.358275, -3.832585999999878 ], [ 29.358734, -3.833083999999872 ], [ 29.358806000000129, -3.833789999999851 ], [ 29.359131000000161, -3.834435 ], [ 29.359535, -3.835236 ], [ 29.359363, -3.835504999999898 ], [ 29.359471, -3.835906 ], [ 29.359496, -3.836283 ], [ 29.35981, -3.837232 ], [ 29.360728000000165, -3.837548 ], [ 29.361478, -3.837974 ], [ 29.362046000000134, -3.838411999999892 ], [ 29.362505000000112, -3.838898 ], [ 29.362566000000186, -3.839859 ], [ 29.362517, -3.84082 ], [ 29.362626000000148, -3.841683 ], [ 29.362722000000133, -3.842778 ], [ 29.36304900000016, -3.844200999999885 ], [ 29.364112, -3.844979 ], [ 29.364825, -3.845685 ], [ 29.365116000000114, -3.846073999999874 ], [ 29.365128, -3.846414999999865 ], [ 29.365442, -3.846986 ], [ 29.365696000000128, -3.847692 ], [ 29.365345, -3.848652 ], [ 29.365164, -3.850112 ], [ 29.364983000000109, -3.851219 ], [ 29.364656, -3.851947999999879 ], [ 29.364209, -3.85252 ], [ 29.363835000000165, -3.852823999999885 ], [ 29.363835000000165, -3.853188999999816 ], [ 29.364427000000148, -3.854028 ], [ 29.365080000000148, -3.854648999999824 ], [ 29.366034, -3.855172 ], [ 29.366167, -3.855427 ], [ 29.366989, -3.855962 ], [ 29.367183, -3.856339 ], [ 29.366977, -3.85651 ], [ 29.367074000000116, -3.856825999999899 ], [ 29.367219, -3.857093 ], [ 29.367122, -3.857482999999831 ], [ 29.367026, -3.857907999999895 ], [ 29.367291000000137, -3.858187999999814 ], [ 29.368283000000133, -3.858577 ], [ 29.369262000000163, -3.858942 ], [ 29.370047000000113, -3.859197999999878 ], [ 29.370700000000113, -3.85940399999987 ], [ 29.371558, -3.859853999999814 ], [ 29.372295000000122, -3.860487 ], [ 29.372392000000161, -3.860852 ], [ 29.372295000000122, -3.861204 ], [ 29.372501000000113, -3.861752 ], [ 29.373081000000127, -3.862263 ], [ 29.373093, -3.8627 ], [ 29.37348, -3.863077 ], [ 29.37377, -3.863576 ], [ 29.373903, -3.864087 ], [ 29.373782, -3.864524999999844 ], [ 29.374157000000139, -3.864963 ], [ 29.374193000000105, -3.865121 ], [ 29.373951000000147, -3.86534 ], [ 29.374108, -3.865595 ], [ 29.374870000000158, -3.866057 ], [ 29.3758610000001, -3.866944999999873 ], [ 29.376719, -3.867541 ], [ 29.377021000000184, -3.868259 ], [ 29.377287000000138, -3.868757 ], [ 29.377203000000122, -3.869060999999874 ], [ 29.377819000000102, -3.869644999999878 ], [ 29.378049000000146, -3.870496 ], [ 29.378041000000167, -3.870616 ], [ 29.37791900000019, -3.870709 ], [ 29.37788600000016, -3.870875 ], [ 29.378264000000172, -3.871221 ], [ 29.378991, -3.871889 ], [ 29.379083, -3.872343 ], [ 29.379166000000168, -3.872675 ], [ 29.379093000000182, -3.873349 ], [ 29.378943, -3.873539 ], [ 29.378933, -3.873715 ], [ 29.379224000000193, -3.874026999999899 ], [ 29.379855000000191, -3.874667 ], [ 29.38029100000017, -3.875086 ], [ 29.380325000000141, -3.87553 ], [ 29.380446, -3.875765 ], [ 29.380704, -3.876292 ], [ 29.38082, -3.87673599999988 ], [ 29.380718000000172, -3.876955 ], [ 29.380369, -3.877214 ], [ 29.380607, -3.877306 ], [ 29.380713000000128, -3.877458 ], [ 29.380752000000143, -3.878121 ], [ 29.381266, -3.878678 ], [ 29.381397, -3.87901 ], [ 29.381615000000124, -3.879249 ], [ 29.381547000000182, -3.879488 ], [ 29.382095, -3.879863999999884 ], [ 29.382676000000174, -3.880422 ], [ 29.382766000000174, -3.880833 ], [ 29.383016, -3.881199 ], [ 29.382789000000116, -3.881461 ], [ 29.383152000000109, -3.881758 ], [ 29.383334, -3.882283 ], [ 29.383821, -3.882979 ], [ 29.384559, -3.883653 ], [ 29.385307, -3.884348999999872 ], [ 29.385330000000181, -3.8846 ], [ 29.385716000000173, -3.885159 ], [ 29.386657, -3.88606099999987 ], [ 29.387017000000185, -3.886883 ], [ 29.386799, -3.887185999999872 ], [ 29.387242000000128, -3.88758 ], [ 29.387531, -3.887970999999879 ], [ 29.387484, -3.888244 ], [ 29.387756, -3.888760999999874 ], [ 29.388069000000144, -3.889326 ], [ 29.388169, -3.889695 ], [ 29.38828100000012, -3.890021999999874 ], [ 29.387886, -3.89061 ], [ 29.387602, -3.891169 ], [ 29.387738000000127, -3.891614 ], [ 29.387957000000142, -3.891887999999881 ], [ 29.388299000000188, -3.892691 ], [ 29.388530000000117, -3.893178 ], [ 29.388612000000137, -3.89407 ], [ 29.389126, -3.89407 ], [ 29.389439, -3.894587 ], [ 29.389953000000105, -3.895074 ], [ 29.390096, -3.895431 ], [ 29.390025, -3.895794 ], [ 29.390244000000166, -3.896281 ], [ 29.390084, -3.896608 ], [ 29.390161, -3.896941 ], [ 29.390710000000183, -3.897387 ], [ 29.390811, -3.897637 ], [ 29.391443, -3.897964 ], [ 29.392246000000114, -3.898302999999885 ], [ 29.392932, -3.898534 ], [ 29.393404000000146, -3.898682999999892 ], [ 29.393818000000124, -3.898873 ], [ 29.394379000000185, -3.899058 ], [ 29.395631, -3.899575 ], [ 29.396317000000124, -3.89983 ], [ 29.396771, -3.900193 ], [ 29.396807, -3.900377 ], [ 29.397067, -3.900484 ], [ 29.397126, -3.9003 ], [ 29.397622000000126, -3.900430999999855 ], [ 29.398101000000111, -3.900715999999875 ], [ 29.398124, -3.9009 ], [ 29.398101000000111, -3.901132 ], [ 29.398951000000125, -3.901893 ], [ 29.399234, -3.902266999999881 ], [ 29.399229, -3.902493 ], [ 29.399489, -3.902874 ], [ 29.399719, -3.903129 ], [ 29.399754, -3.903503999999828 ], [ 29.399630000000172, -3.903831 ], [ 29.399654000000169, -3.904128 ], [ 29.399624000000188, -3.904341999999872 ], [ 29.399494000000118, -3.90451499999989 ], [ 29.399813, -3.904842 ], [ 29.400351000000114, -3.905346999999892 ], [ 29.400729000000126, -3.905798999999888 ], [ 29.401107000000138, -3.906399 ], [ 29.401255000000162, -3.906821 ], [ 29.401284, -3.907255 ], [ 29.401261, -3.907600999999886 ], [ 29.401137000000119, -3.908123999999816 ], [ 29.400971, -3.908605 ], [ 29.400918000000161, -3.909152 ], [ 29.400747, -3.909633999999869 ], [ 29.400546, -3.910086 ], [ 29.400304000000119, -3.910465999999872 ], [ 29.40018, -3.910674 ], [ 29.400186000000133, -3.910983 ], [ 29.400351000000114, -3.911470999999892 ], [ 29.400434, -3.911631999999884 ], [ 29.400476, -3.912130999999874 ], [ 29.400724, -3.912827 ], [ 29.401049000000171, -3.91333799999984 ], [ 29.40135, -3.913748 ], [ 29.401539000000184, -3.914063 ], [ 29.401592000000107, -3.914336999999875 ], [ 29.401492000000189, -3.914753 ], [ 29.401746, -3.914913 ], [ 29.401769, -3.915168999999878 ], [ 29.401876000000186, -3.915365 ], [ 29.402254, -3.915567 ], [ 29.402697000000103, -3.915989 ], [ 29.403081, -3.916358 ], [ 29.403205000000185, -3.916619 ], [ 29.403405, -3.916827 ], [ 29.403612000000123, -3.916988 ], [ 29.403819000000169, -3.917445 ], [ 29.404237000000137, -3.917821 ], [ 29.405585, -3.918985 ], [ 29.406082, -3.919568 ], [ 29.406353, -3.920222 ], [ 29.406643, -3.920369999999821 ], [ 29.406767, -3.920644 ], [ 29.406997, -3.92088699999988 ], [ 29.407068, -3.92106 ], [ 29.406796, -3.92125099999987 ], [ 29.407003, -3.921619 ], [ 29.407222, -3.922035 ], [ 29.407931, -3.922653 ], [ 29.408309, -3.923099 ], [ 29.408534, -3.923741 ], [ 29.408746000000178, -3.923907 ], [ 29.408811, -3.924436 ], [ 29.409154000000171, -3.925221 ], [ 29.409184, -3.925833999999895 ], [ 29.409207000000151, -3.926345 ], [ 29.408982000000151, -3.927164999999889 ], [ 29.408944, -3.927587 ], [ 29.408829000000139, -3.928105 ], [ 29.408799000000101, -3.92842 ], [ 29.408433, -3.929032 ], [ 29.408037000000149, -3.929656 ], [ 29.407748, -3.929977 ], [ 29.408132, -3.930019 ], [ 29.408279000000107, -3.930185 ], [ 29.408283, -3.930494 ], [ 29.408241000000146, -3.930792999999881 ], [ 29.408057, -3.931043999999872 ], [ 29.408128, -3.93159 ], [ 29.408189000000107, -3.932155 ], [ 29.408349, -3.932709999999872 ], [ 29.408651000000134, -3.932805 ], [ 29.408793000000173, -3.932994999999835 ], [ 29.40883, -3.933203999999876 ], [ 29.408873, -3.93355 ], [ 29.408986000000141, -3.933919999999887 ], [ 29.409014000000127, -3.934209999999894 ], [ 29.408835, -3.934409 ], [ 29.408840000000112, -3.934646 ], [ 29.409014000000127, -3.934916999999871 ], [ 29.409062, -3.93571 ], [ 29.409231000000148, -3.936118 ], [ 29.409552, -3.936753999999894 ], [ 29.409661, -3.9372 ], [ 29.409646, -3.937447 ], [ 29.409392000000139, -3.937774 ], [ 29.409354, -3.938073 ], [ 29.409519, -3.938333999999884 ], [ 29.409241000000122, -3.938605 ], [ 29.40926, -3.938756999999896 ], [ 29.409458, -3.938818 ], [ 29.409481, -3.938960999999892 ], [ 29.409274000000153, -3.939089 ], [ 29.409241000000122, -3.939179 ], [ 29.409552, -3.93944 ], [ 29.409453, -3.939748999999892 ], [ 29.409250000000156, -3.939777 ], [ 29.409213, -3.940038 ], [ 29.409453, -3.940289999999891 ], [ 29.409288, -3.94076 ], [ 29.409132000000113, -3.94086899999985 ], [ 29.409033000000136, -3.941087 ], [ 29.409203000000161, -3.941628 ], [ 29.40946700000012, -3.941676 ], [ 29.409604000000115, -3.941822999999829 ], [ 29.409666, -3.942255 ], [ 29.409779000000185, -3.942426 ], [ 29.410024, -3.943312 ], [ 29.41039700000016, -3.94393 ], [ 29.410755000000108, -3.944996999999887 ], [ 29.411293, -3.946269 ], [ 29.411661000000151, -3.946952999999894 ], [ 29.412099000000126, -3.947508 ], [ 29.412028000000134, -3.948045 ], [ 29.412245000000155, -3.949023 ], [ 29.412278000000185, -3.94957799999986 ], [ 29.412429, -3.949909999999875 ], [ 29.4125, -3.95028 ], [ 29.412651000000153, -3.950958 ], [ 29.412901, -3.951813 ], [ 29.413141, -3.952098 ], [ 29.413297000000114, -3.952382 ], [ 29.413382, -3.952767 ], [ 29.413368000000162, -3.953208 ], [ 29.413566000000174, -3.953659 ], [ 29.413547, -3.954071999999883 ], [ 29.413740000000189, -3.954086 ], [ 29.41390100000018, -3.954204999999888 ], [ 29.41399500000017, -3.954153 ], [ 29.413783, -3.95373 ], [ 29.413759, -3.953502999999898 ], [ 29.413651000000129, -3.953384 ], [ 29.413646, -3.953137 ], [ 29.413561000000129, -3.952933 ], [ 29.413646, -3.952615 ], [ 29.413566000000174, -3.952272999999821 ], [ 29.413283, -3.952003 ], [ 29.413042000000189, -3.951746 ], [ 29.413042000000189, -3.951276999999834 ], [ 29.413127, -3.951224 ], [ 29.413231000000167, -3.951272 ], [ 29.413401, -3.951599 ], [ 29.413660000000164, -3.951917 ], [ 29.413934, -3.952387 ], [ 29.414334000000167, -3.953014 ], [ 29.414709, -3.953406999999856 ], [ 29.414837, -3.953758 ], [ 29.414923, -3.954259 ], [ 29.414942000000167, -3.954668 ], [ 29.414971, -3.955318 ], [ 29.414961000000176, -3.955529999999897 ], [ 29.414765000000102, -3.955823999999893 ], [ 29.414511, -3.95593 ], [ 29.414463000000183, -3.956257 ], [ 29.414286, -3.956445 ], [ 29.414219, -3.956609 ], [ 29.413980000000151, -3.957065999999827 ], [ 29.413769000000116, -3.957081 ], [ 29.413401, -3.956748999999888 ], [ 29.413291000000186, -3.956497999999897 ], [ 29.413678, -3.956243 ], [ 29.413645000000145, -3.956132 ], [ 29.413769000000116, -3.955948999999862 ], [ 29.413583000000187, -3.955914999999891 ], [ 29.413391000000104, -3.956007 ], [ 29.413114000000121, -3.956396999999868 ], [ 29.413023, -3.956672 ], [ 29.413262, -3.957293 ], [ 29.413209000000165, -3.957696999999882 ], [ 29.413434000000109, -3.958155 ], [ 29.413630000000182, -3.958645999999817 ], [ 29.413779, -3.958953999999892 ], [ 29.414817000000141, -3.959393 ], [ 29.415770000000123, -3.959845 ], [ 29.416779000000133, -3.96038 ], [ 29.417148000000111, -3.960703 ], [ 29.417694000000154, -3.961098 ], [ 29.417684, -3.961366999999882 ], [ 29.418105, -3.961438999999871 ], [ 29.418326, -3.961675 ], [ 29.41860800000012, -3.961804 ], [ 29.418938, -3.962017 ], [ 29.418957, -3.962358999999879 ], [ 29.419187, -3.962561999999821 ], [ 29.419733000000122, -3.963053 ], [ 29.420015000000149, -3.963014 ], [ 29.420149, -3.963313 ], [ 29.420426, -3.963403999999855 ], [ 29.420623, -3.963273999999842 ], [ 29.42069, -3.963024 ], [ 29.421106000000179, -3.962788 ], [ 29.421642000000134, -3.9626 ], [ 29.422125000000108, -3.962619 ], [ 29.422776000000169, -3.962749 ], [ 29.42347, -3.962825999999893 ], [ 29.424389, -3.963009 ], [ 29.425313000000131, -3.963375 ], [ 29.425858000000119, -3.963679 ], [ 29.425858000000119, -3.964140999999813 ], [ 29.426729, -3.964737999999898 ], [ 29.42782, -3.965417 ], [ 29.428696, -3.965961 ], [ 29.429275000000189, -3.966399999999851 ], [ 29.429935000000114, -3.966871 ], [ 29.430725000000109, -3.967512 ], [ 29.431055, -3.967931 ], [ 29.431060000000116, -3.968435999999826 ], [ 29.431338, -3.968907999999885 ], [ 29.431385000000148, -3.969236 ], [ 29.431974, -3.969833 ], [ 29.433352000000184, -3.971561999999835 ], [ 29.43400400000013, -3.972415 ], [ 29.434602, -3.973724999999831 ], [ 29.435157000000174, -3.975149999999871 ], [ 29.435362, -3.975997 ], [ 29.435506, -3.977152999999873 ], [ 29.435506, -3.978198 ], [ 29.435391000000152, -3.979248 ], [ 29.435085, -3.979733999999894 ], [ 29.434865000000173, -3.980486 ], [ 29.434425000000147, -3.981459 ], [ 29.433673000000113, -3.982691999999872 ], [ 29.432931000000167, -3.984101999999893 ], [ 29.432323000000167, -3.984761999999876 ], [ 29.431965, -3.985044 ], [ 29.431706, -3.985374 ], [ 29.431084000000112, -3.985441 ], [ 29.431515000000104, -3.985565999999892 ], [ 29.431486000000177, -3.986133999999822 ], [ 29.431208, -3.986616 ], [ 29.431036, -3.986557999999889 ], [ 29.431108000000165, -3.986355999999887 ], [ 29.43095, -3.986177999999825 ], [ 29.430802, -3.986159 ], [ 29.430648000000133, -3.986433 ], [ 29.430711, -3.986699 ], [ 29.430773000000158, -3.987010999999825 ], [ 29.430835000000116, -3.98731 ], [ 29.430945000000179, -3.9877 ], [ 29.430481000000157, -3.987662 ], [ 29.430275000000165, -3.987628 ], [ 29.430199, -3.987835 ], [ 29.429931000000124, -3.988094999999873 ], [ 29.429902, -3.988354999999899 ], [ 29.429763, -3.98822 ], [ 29.429758, -3.98797 ], [ 29.429768000000138, -3.987719 ], [ 29.429715, -3.987503 ], [ 29.429888000000119, -3.987488 ], [ 29.42995900000011, -3.987382 ], [ 29.429835, -3.987209 ], [ 29.429404, -3.98723299999989 ], [ 29.429189000000179, -3.987382 ], [ 29.42926100000011, -3.98808 ], [ 29.429184000000134, -3.988244 ], [ 29.429079000000172, -3.98875 ], [ 29.428883, -3.988941999999895 ], [ 29.428906, -3.989361 ], [ 29.429152000000158, -3.989899 ], [ 29.429188000000124, -3.990526 ], [ 29.428935000000138, -3.991425999999876 ], [ 29.428827, -3.992293 ], [ 29.428655, -3.993052 ], [ 29.428412, -3.993579 ], [ 29.428019000000177, -3.993923999999822 ], [ 29.42727, -3.994664 ], [ 29.426320000000146, -3.995879 ], [ 29.426074, -3.996199 ], [ 29.426233, -3.996599999999887 ], [ 29.426281, -3.996992 ], [ 29.426161, -3.99743199999989 ], [ 29.426042, -3.997792 ], [ 29.426169, -3.998096 ], [ 29.426249, -3.998408 ], [ 29.426066, -3.998832 ], [ 29.42613, -3.99925699999983 ], [ 29.426415000000191, -3.999960999999814 ], [ 29.426503, -4.000312999999892 ], [ 29.426313000000107, -4.000729 ], [ 29.426551, -4.000985 ], [ 29.4268110000001, -4.002286 ], [ 29.427029000000175, -4.00258 ], [ 29.427224000000137, -4.003085999999826 ], [ 29.427269000000138, -4.003449 ], [ 29.42739, -4.003698 ], [ 29.427405000000192, -4.00397 ], [ 29.427149000000156, -4.004113 ], [ 29.427029000000175, -4.004325 ], [ 29.426773000000139, -4.004544 ], [ 29.426645000000178, -4.00492899999989 ], [ 29.426397000000122, -4.005443 ], [ 29.426201, -4.005669 ], [ 29.426036, -4.00609999999989 ], [ 29.425953000000163, -4.006689 ], [ 29.426163, -4.007029 ], [ 29.426276, -4.007368 ], [ 29.426306, -4.007746 ], [ 29.426261, -4.008009999999899 ], [ 29.426382000000103, -4.008244 ], [ 29.426705, -4.008425999999872 ], [ 29.427096, -4.00866 ], [ 29.427307, -4.008894 ], [ 29.427548000000115, -4.009113 ], [ 29.427638000000115, -4.009324 ], [ 29.427977000000112, -4.009423 ], [ 29.428488, -4.009550999999874 ], [ 29.428714000000127, -4.009823 ], [ 29.429293, -4.009973999999886 ], [ 29.429948, -4.010019 ], [ 29.43106100000017, -4.010041999999828 ], [ 29.431746, -4.010193 ], [ 29.432348000000104, -4.010306 ], [ 29.432867, -4.010464999999897 ], [ 29.433281000000193, -4.010623 ], [ 29.434192, -4.010819 ], [ 29.43514000000016, -4.011182 ], [ 29.435945000000174, -4.011582 ], [ 29.43672800000013, -4.011952 ], [ 29.437856000000181, -4.012601 ], [ 29.438639000000137, -4.013326 ], [ 29.439466000000152, -4.014104 ], [ 29.440249000000108, -4.014807 ], [ 29.440956, -4.015456 ], [ 29.4414230000001, -4.015848999999889 ], [ 29.441791, -4.016210999999885 ], [ 29.441889000000117, -4.016566 ], [ 29.442213, -4.016891 ], [ 29.442638000000102, -4.017354 ], [ 29.442852000000187, -4.017646 ], [ 29.442829, -4.017911 ], [ 29.443063, -4.018266 ], [ 29.443123, -4.01859 ], [ 29.443469000000107, -4.018991 ], [ 29.443506000000127, -4.019225 ], [ 29.443379000000107, -4.019519 ], [ 29.443785000000105, -4.020033 ], [ 29.444116000000179, -4.020773 ], [ 29.44398, -4.021172999999862 ], [ 29.444462, -4.022011 ], [ 29.44510200000019, -4.022706 ], [ 29.445493, -4.023325 ], [ 29.445794, -4.023886999999888 ], [ 29.446302000000173, -4.02483599999988 ], [ 29.446836000000133, -4.025833 ], [ 29.446975000000123, -4.0266 ], [ 29.447278, -4.027194 ], [ 29.447608, -4.027594 ], [ 29.44742900000017, -4.027800999999897 ], [ 29.447801, -4.028602 ], [ 29.44831, -4.029775 ], [ 29.448832, -4.030728 ], [ 29.449355, -4.031128 ], [ 29.449534, -4.031446 ], [ 29.449327, -4.031639 ], [ 29.449356, -4.031891 ], [ 29.449556000000143, -4.032302999999899 ], [ 29.449938000000145, -4.032691 ], [ 29.450285, -4.032783999999879 ], [ 29.450427000000104, -4.033015 ], [ 29.450378000000114, -4.033323999999823 ], [ 29.450632000000155, -4.033432 ], [ 29.45071, -4.033736 ], [ 29.450696000000107, -4.034163 ], [ 29.450794, -4.034632 ], [ 29.450965000000167, -4.035168999999883 ], [ 29.451126, -4.035381 ], [ 29.45133600000014, -4.035460999999884 ], [ 29.451752000000113, -4.035787999999854 ], [ 29.452464, -4.03655 ], [ 29.45309200000014, -4.03701 ], [ 29.456147000000158, -4.039949 ], [ 29.456548000000112, -4.040475 ], [ 29.45660700000019, -4.040887 ], [ 29.456998, -4.04129399999988 ], [ 29.457536000000118, -4.041858 ], [ 29.457938000000183, -4.042629 ], [ 29.458037, -4.043065 ], [ 29.45805300000012, -4.043575 ], [ 29.458304, -4.043838 ], [ 29.458482, -4.044237 ], [ 29.458398, -4.044521 ], [ 29.458744, -4.044988999999873 ], [ 29.459126, -4.045494 ], [ 29.459336, -4.046219 ], [ 29.459346000000153, -4.046565999999814 ], [ 29.459121, -4.046701999999868 ], [ 29.459126, -4.046844 ], [ 29.459242, -4.046934 ], [ 29.459231, -4.047969 ], [ 29.459153000000185, -4.048526 ], [ 29.459184, -4.048837 ], [ 29.45949800000011, -4.049604 ], [ 29.459462000000144, -4.049793 ], [ 29.459682, -4.050103 ], [ 29.45977100000016, -4.05037099999987 ], [ 29.459760000000131, -4.050918 ], [ 29.459891000000141, -4.051344 ], [ 29.46015, -4.052107 ], [ 29.46015, -4.052786 ], [ 29.460212, -4.053674 ], [ 29.460493, -4.054426 ], [ 29.46041, -4.054885 ], [ 29.460837, -4.056483999999841 ], [ 29.461492, -4.057820999999876 ], [ 29.462169000000131, -4.058824 ], [ 29.462408, -4.059566 ], [ 29.462336000000107, -4.060015 ], [ 29.46208600000017, -4.060536999999897 ], [ 29.462325, -4.061571999999899 ], [ 29.462231, -4.061989999999867 ], [ 29.462284, -4.062794 ], [ 29.462658, -4.063588 ], [ 29.463324000000114, -4.064267 ], [ 29.464011000000141, -4.064717 ], [ 29.46441700000014, -4.06504 ], [ 29.464959, -4.065478999999868 ], [ 29.465521, -4.065866 ], [ 29.466322, -4.065876 ], [ 29.467571000000135, -4.066074999999898 ], [ 29.468550000000164, -4.066461 ], [ 29.469976, -4.067057 ], [ 29.470934, -4.067715 ], [ 29.471683, -4.068258 ], [ 29.472152000000108, -4.068875 ], [ 29.472381, -4.06922 ], [ 29.472641, -4.069407999999896 ], [ 29.472818000000132, -4.069814999999892 ], [ 29.473026000000118, -4.070244 ], [ 29.473151, -4.070964 ], [ 29.47339, -4.071414 ], [ 29.473338000000183, -4.071726999999839 ], [ 29.473859000000118, -4.072938999999849 ], [ 29.474077, -4.073284 ], [ 29.474109, -4.07458 ], [ 29.474369, -4.075101999999845 ], [ 29.474577, -4.07529 ], [ 29.474671000000171, -4.075541 ], [ 29.474827000000118, -4.075666 ], [ 29.474879000000158, -4.076 ], [ 29.474567, -4.076188999999886 ], [ 29.474481, -4.076374 ], [ 29.474616, -4.076925 ], [ 29.474864000000139, -4.077535 ], [ 29.47498400000012, -4.077799 ], [ 29.475285000000156, -4.07819099999989 ], [ 29.475450000000137, -4.078604999999868 ], [ 29.475450000000137, -4.07911 ], [ 29.475593, -4.079352 ], [ 29.475675000000138, -4.079804 ], [ 29.4757800000001, -4.080324 ], [ 29.4756450000001, -4.080573 ], [ 29.475698, -4.080805999999882 ], [ 29.475885, -4.08055 ], [ 29.475976000000173, -4.080851999999879 ], [ 29.476043000000175, -4.081123 ], [ 29.476494, -4.081182999999839 ], [ 29.477207, -4.0815 ], [ 29.478071000000114, -4.081914 ], [ 29.478475000000174, -4.082292 ], [ 29.478604000000189, -4.08254 ], [ 29.478394, -4.08255599999984 ], [ 29.478394, -4.082669 ], [ 29.479032, -4.08343 ], [ 29.479490000000112, -4.083958 ], [ 29.480399, -4.084787 ], [ 29.481000000000165, -4.085359 ], [ 29.481338, -4.085736 ], [ 29.48151, -4.086007999999822 ], [ 29.481713000000184, -4.085864 ], [ 29.481871000000126, -4.08593999999988 ], [ 29.482321, -4.086377 ], [ 29.482374000000164, -4.086694 ], [ 29.482990000000143, -4.087244 ], [ 29.483478, -4.087673999999822 ], [ 29.483913000000143, -4.088247 ], [ 29.484084, -4.088505 ], [ 29.484326, -4.088548 ], [ 29.484454000000142, -4.088427 ], [ 29.484585000000152, -4.088595999999882 ], [ 29.484567, -4.088782 ], [ 29.484341, -4.088857 ], [ 29.484619000000123, -4.089106 ], [ 29.484859, -4.088931999999886 ], [ 29.485092000000179, -4.089234 ], [ 29.485364000000118, -4.089586 ], [ 29.4854, -4.089889999999855 ], [ 29.485288, -4.090229 ], [ 29.485708000000159, -4.090771 ], [ 29.486256, -4.091471999999897 ], [ 29.486722, -4.092 ], [ 29.487248000000193, -4.092437 ], [ 29.487646, -4.092979999999898 ], [ 29.488397, -4.094223999999883 ], [ 29.488779, -4.094962 ], [ 29.489080000000115, -4.095655 ], [ 29.48923, -4.096213 ], [ 29.48935, -4.09711 ], [ 29.489448000000152, -4.097705 ], [ 29.489718, -4.098655 ], [ 29.490169000000151, -4.099741 ], [ 29.490281000000152, -4.100056999999879 ], [ 29.490454000000113, -4.100931999999887 ], [ 29.490522, -4.101701 ], [ 29.490394, -4.101874 ], [ 29.490229000000113, -4.101693 ], [ 29.490109000000132, -4.101211 ], [ 29.490034000000151, -4.101293999999825 ], [ 29.489981, -4.102092999999854 ], [ 29.49017600000019, -4.10230399999989 ], [ 29.490184000000113, -4.102658 ], [ 29.490379, -4.102778 ], [ 29.490319000000113, -4.103283 ], [ 29.490462, -4.103298999999879 ], [ 29.490522, -4.103148 ], [ 29.4908, -4.103216 ], [ 29.491768, -4.104143 ], [ 29.492242, -4.104738 ], [ 29.492587000000185, -4.105145 ], [ 29.493075, -4.105869 ], [ 29.493601, -4.106841 ], [ 29.494046, -4.108182999999883 ], [ 29.494052, -4.108507 ], [ 29.494390000000124, -4.109404 ], [ 29.494555000000105, -4.110225999999898 ], [ 29.494600000000105, -4.110776 ], [ 29.494795, -4.111129999999889 ], [ 29.49475, -4.1115 ], [ 29.494615000000124, -4.111733 ], [ 29.494832000000144, -4.112102 ], [ 29.494915, -4.112757999999872 ], [ 29.494922, -4.113337999999885 ], [ 29.495073000000161, -4.113775 ], [ 29.49513300000018, -4.114265 ], [ 29.495103, -4.115109 ], [ 29.49496, -4.115569 ], [ 29.495058, -4.115938 ], [ 29.49508800000018, -4.116391 ], [ 29.495073000000161, -4.116880999999864 ], [ 29.495216, -4.117401 ], [ 29.496164000000192, -4.118998 ], [ 29.49668, -4.119866 ], [ 29.496793, -4.120340999999883 ], [ 29.497634000000176, -4.121826 ], [ 29.497641, -4.122406 ], [ 29.497912, -4.12285 ], [ 29.498280000000136, -4.123197 ], [ 29.498325000000136, -4.123604 ], [ 29.499196, -4.124524 ], [ 29.499684000000116, -4.125005999999871 ], [ 29.499823000000106, -4.125339999999881 ], [ 29.499992000000191, -4.125821 ], [ 29.499964, -4.126443 ], [ 29.500603000000126, -4.127159999999833 ], [ 29.500969, -4.127613 ], [ 29.501223, -4.128215999999895 ], [ 29.501364, -4.128583999999876 ], [ 29.501533000000165, -4.12915 ], [ 29.501298, -4.13015 ], [ 29.501355, -4.131178 ], [ 29.501665, -4.131827999999871 ], [ 29.501815, -4.132176999999899 ], [ 29.501815, -4.133082999999885 ], [ 29.501843, -4.133394 ], [ 29.502836000000173, -4.134517 ], [ 29.50394800000015, -4.135658 ], [ 29.504587, -4.136724 ], [ 29.505301, -4.137799 ], [ 29.505518, -4.138308 ], [ 29.505753, -4.139203999999893 ], [ 29.505654000000106, -4.140025 ], [ 29.505619, -4.140524 ], [ 29.506147, -4.140908999999851 ], [ 29.506251, -4.141134 ], [ 29.506648, -4.141524 ], [ 29.506679000000133, -4.141808 ], [ 29.50697300000013, -4.142042999999887 ], [ 29.507257, -4.142452999999875 ], [ 29.507491000000186, -4.142757 ], [ 29.507511, -4.143252 ], [ 29.507595, -4.14348699999988 ], [ 29.50798600000013, -4.144015 ], [ 29.508232, -4.144431 ], [ 29.508401000000163, -4.145245999999872 ], [ 29.508392000000129, -4.14589 ], [ 29.508148, -4.147164 ], [ 29.508436, -4.147858999999869 ], [ 29.5087, -4.149246999999889 ], [ 29.508909000000131, -4.150397 ], [ 29.508989000000156, -4.151671 ], [ 29.508989000000156, -4.152685 ], [ 29.508899000000156, -4.153699 ], [ 29.509178000000134, -4.154754 ], [ 29.509646000000146, -4.156253 ], [ 29.50984, -4.157976 ], [ 29.50988000000018, -4.159975 ], [ 29.509626, -4.160393999999826 ], [ 29.509606, -4.160658999999896 ], [ 29.509432, -4.160889 ], [ 29.509297, -4.161298 ], [ 29.509198, -4.161713 ], [ 29.508939000000112, -4.162073 ], [ 29.508491000000163, -4.162473 ], [ 29.508541, -4.163167 ], [ 29.508710000000178, -4.163442 ], [ 29.508625, -4.163611999999887 ], [ 29.508252, -4.164376 ], [ 29.508202, -4.164626 ], [ 29.508436, -4.164831 ], [ 29.508481, -4.165136 ], [ 29.508650000000159, -4.165386 ], [ 29.508675, -4.165610999999899 ], [ 29.508466, -4.165770999999836 ], [ 29.508616000000188, -4.166055 ], [ 29.508765, -4.166269999999884 ], [ 29.508780000000115, -4.166525 ], [ 29.50888, -4.166804 ], [ 29.509377, -4.167233999999894 ], [ 29.509522, -4.167499 ], [ 29.510483000000136, -4.168543 ], [ 29.510931, -4.168763 ], [ 29.511394, -4.169113 ], [ 29.511468, -4.169548 ], [ 29.511607, -4.169892999999831 ], [ 29.512255, -4.170417 ], [ 29.512484000000143, -4.170822 ], [ 29.512892000000136, -4.17102199999988 ], [ 29.513320000000192, -4.171496 ], [ 29.513365000000192, -4.171891 ], [ 29.513847000000112, -4.17249 ], [ 29.514211, -4.172939999999869 ], [ 29.514261, -4.173184999999876 ], [ 29.51444000000015, -4.173165 ], [ 29.514390000000105, -4.17338 ], [ 29.514405000000124, -4.173634 ], [ 29.514744, -4.174139 ], [ 29.515057, -4.174524 ], [ 29.515007, -4.174808999999868 ], [ 29.515107000000114, -4.174974 ], [ 29.515440000000126, -4.175073 ], [ 29.51544500000017, -4.175618 ], [ 29.515291, -4.175693 ], [ 29.515227, -4.175932999999873 ], [ 29.515376000000174, -4.176177999999823 ], [ 29.515595000000133, -4.176152999999886 ], [ 29.515864000000192, -4.176377 ], [ 29.515898000000163, -4.176645999999892 ], [ 29.516008, -4.176667 ], [ 29.516093000000126, -4.176507 ], [ 29.516347, -4.176612 ], [ 29.516287, -4.176902 ], [ 29.51691, -4.177458 ], [ 29.517357000000118, -4.177935999999875 ], [ 29.517616, -4.178241 ], [ 29.517556, -4.178451 ], [ 29.517523000000153, -4.178654 ], [ 29.517611000000159, -4.178894999999898 ], [ 29.517939000000126, -4.179465 ], [ 29.518124000000171, -4.179715 ], [ 29.518316, -4.179916 ], [ 29.518528000000174, -4.180288 ], [ 29.518940000000157, -4.180199 ], [ 29.519039000000191, -4.180329 ], [ 29.519023000000118, -4.180691 ], [ 29.519258, -4.180794 ], [ 29.519647, -4.181024 ], [ 29.519786000000181, -4.181279 ], [ 29.520364, -4.181589 ], [ 29.520488000000171, -4.181798 ], [ 29.520722000000148, -4.181838 ], [ 29.521220000000142, -4.182203 ], [ 29.521172, -4.182441 ], [ 29.521496, -4.182698 ], [ 29.524221000000125, -4.184039 ], [ 29.526838000000112, -4.185284 ], [ 29.529913000000192, -4.18673299999989 ], [ 29.531465000000139, -4.18741 ], [ 29.531964, -4.187748 ], [ 29.533488, -4.188559999999882 ], [ 29.534784000000172, -4.18937 ], [ 29.536118, -4.190469999999891 ], [ 29.536874, -4.191349999999886 ], [ 29.537149, -4.192199 ], [ 29.537467000000106, -4.19249 ], [ 29.537828000000104, -4.192731 ], [ 29.538214, -4.1928 ], [ 29.538821, -4.192846 ], [ 29.539727, -4.192893 ], [ 29.540791000000127, -4.193071 ], [ 29.542136, -4.19322099999988 ], [ 29.543387000000166, -4.193605 ], [ 29.544087, -4.193793 ], [ 29.544675000000154, -4.19413 ], [ 29.545478000000173, -4.194524 ], [ 29.546001000000103, -4.19480499999986 ], [ 29.546571, -4.195273 ], [ 29.547187000000179, -4.195752 ], [ 29.547346000000175, -4.196408 ], [ 29.54729, -4.197457 ], [ 29.547327, -4.198113 ], [ 29.547402, -4.198600999999883 ], [ 29.547644000000162, -4.199424999999849 ], [ 29.547841000000119, -4.200052999999855 ], [ 29.547757000000104, -4.20054 ], [ 29.547728000000177, -4.200859 ], [ 29.547794000000124, -4.201047 ], [ 29.54800900000015, -4.201356 ], [ 29.547999, -4.201674 ], [ 29.547906000000182, -4.202095999999869 ], [ 29.547878000000139, -4.202565 ], [ 29.54800900000015, -4.203024 ], [ 29.547944, -4.203607 ], [ 29.547859000000187, -4.204907 ], [ 29.54782200000011, -4.205469999999877 ], [ 29.547943, -4.205948 ], [ 29.548093000000165, -4.206566 ], [ 29.54813, -4.207053 ], [ 29.548065000000179, -4.207755999999847 ], [ 29.547925000000134, -4.208356 ], [ 29.547925000000134, -4.208862 ], [ 29.547887000000173, -4.209481 ], [ 29.547869000000105, -4.209995999999819 ], [ 29.547439, -4.210829999999817 ], [ 29.547140000000184, -4.211336999999844 ], [ 29.546785000000114, -4.21174 ], [ 29.546505, -4.212274 ], [ 29.546347000000139, -4.21293 ], [ 29.545954000000108, -4.213314 ], [ 29.545796, -4.213706999999829 ], [ 29.545908, -4.214701 ], [ 29.54588, -4.215263 ], [ 29.54573, -4.215835 ], [ 29.54541300000011, -4.216462999999862 ], [ 29.545375, -4.216752999999869 ], [ 29.54517, -4.217043999999873 ], [ 29.545179000000132, -4.217522 ], [ 29.545319000000177, -4.217914999999834 ], [ 29.5452820000001, -4.218243 ], [ 29.545291000000134, -4.218458999999882 ], [ 29.545347000000163, -4.218674 ], [ 29.545235000000162, -4.21895499999988 ], [ 29.545347000000163, -4.21933 ], [ 29.545534, -4.219471 ], [ 29.54563700000017, -4.219713999999897 ], [ 29.545665, -4.219986 ], [ 29.54588, -4.220257999999887 ], [ 29.546393, -4.220838999999899 ], [ 29.547009000000173, -4.221636 ], [ 29.547271, -4.221907999999814 ], [ 29.547271, -4.222114 ], [ 29.547149, -4.222291999999868 ], [ 29.549222000000157, -4.225422 ], [ 29.549775, -4.226657999999873 ], [ 29.549758000000111, -4.227332999999874 ], [ 29.549726000000135, -4.228615999999874 ], [ 29.549267000000157, -4.229981 ], [ 29.548463, -4.231429 ], [ 29.547873, -4.232301 ], [ 29.546906, -4.234193 ], [ 29.546300000000144, -4.234966 ], [ 29.546005, -4.235674 ], [ 29.545906, -4.236151 ], [ 29.545857, -4.236742999999876 ], [ 29.546169000000134, -4.23782599999987 ], [ 29.547447, -4.239112 ], [ 29.54805400000015, -4.239309 ], [ 29.549004, -4.239654 ], [ 29.549496, -4.240114999999889 ], [ 29.550152, -4.241151999999829 ], [ 29.55067600000018, -4.242172 ], [ 29.551135000000158, -4.242583 ], [ 29.553053, -4.24334 ], [ 29.553905, -4.243701999999871 ], [ 29.55461, -4.244030999999893 ], [ 29.554938, -4.244294 ], [ 29.555364000000111, -4.244853 ], [ 29.555938, -4.24524799999989 ], [ 29.5572, -4.246647 ], [ 29.557331000000147, -4.24714 ], [ 29.5572, -4.248110999999881 ], [ 29.55713400000019, -4.248884 ], [ 29.557462000000157, -4.249345 ], [ 29.557954, -4.250611999999876 ], [ 29.557839000000115, -4.250874999999894 ], [ 29.557790000000125, -4.251961 ], [ 29.557697, -4.25238 ], [ 29.55779200000012, -4.253216 ], [ 29.558222000000171, -4.2547 ], [ 29.558248, -4.255347 ], [ 29.55959300000012, -4.256183 ], [ 29.561474000000146, -4.257235 ], [ 29.562859000000117, -4.258125 ], [ 29.564283, -4.259527999999875 ], [ 29.565466000000185, -4.260512 ], [ 29.566111, -4.261362 ], [ 29.566541000000143, -4.262104 ], [ 29.566407, -4.262495 ], [ 29.566447, -4.262846 ], [ 29.566568, -4.263142 ], [ 29.566850000000159, -4.26414 ], [ 29.566998000000126, -4.265016 ], [ 29.566823, -4.26592 ], [ 29.566662, -4.266662 ], [ 29.56617800000015, -4.267645999999843 ], [ 29.565789000000109, -4.268846 ], [ 29.565627000000177, -4.269251 ], [ 29.565412000000151, -4.269372 ], [ 29.565278, -4.269804 ], [ 29.564972000000182, -4.271663 ], [ 29.564456000000121, -4.273888999999826 ], [ 29.564324, -4.274753 ], [ 29.5641490000001, -4.275399999999877 ], [ 29.564095, -4.275898999999868 ], [ 29.563517, -4.277409 ], [ 29.563329000000124, -4.277841 ], [ 29.563383000000158, -4.278474999999844 ], [ 29.563343, -4.278879 ], [ 29.563033000000132, -4.279594 ], [ 29.56298, -4.279823 ], [ 29.563141, -4.280173999999818 ], [ 29.563141, -4.280713 ], [ 29.563249, -4.281023999999888 ], [ 29.563517, -4.281427999999835 ], [ 29.563423000000114, -4.281981 ], [ 29.563517, -4.282413 ], [ 29.563988000000109, -4.282993 ], [ 29.564606, -4.284071 ], [ 29.564875000000143, -4.284651 ], [ 29.564915, -4.28515 ], [ 29.564618, -4.285756999999819 ], [ 29.564606, -4.286283 ], [ 29.564969000000133, -4.28726799999987 ], [ 29.566380000000152, -4.289599999999893 ], [ 29.566487000000109, -4.290099999999882 ], [ 29.566971, -4.290975999999887 ], [ 29.567549, -4.29185299999989 ], [ 29.568013, -4.292342 ], [ 29.568551000000184, -4.293247 ], [ 29.568526, -4.294197 ], [ 29.568329000000119, -4.294954 ], [ 29.567966000000126, -4.295506999999873 ], [ 29.567966000000126, -4.296262999999897 ], [ 29.568437000000188, -4.297551999999882 ], [ 29.569362000000126, -4.299175999999875 ], [ 29.569710000000157, -4.299785 ], [ 29.569619000000102, -4.30009299999989 ], [ 29.569808, -4.300349 ], [ 29.570224, -4.300686 ], [ 29.570708000000138, -4.301253 ], [ 29.570782, -4.301668 ], [ 29.571205, -4.302197 ], [ 29.571635, -4.30254699999989 ], [ 29.571885000000179, -4.303602999999896 ], [ 29.572509000000139, -4.30395 ], [ 29.57345000000015, -4.304637999999898 ], [ 29.574592000000166, -4.305352 ], [ 29.575251000000151, -4.305892 ], [ 29.575721000000158, -4.306336999999871 ], [ 29.575842, -4.306713999999886 ], [ 29.5766220000001, -4.307267 ], [ 29.580317, -4.310274 ], [ 29.58107, -4.311097 ], [ 29.581688, -4.31169 ], [ 29.582078000000138, -4.312377999999853 ], [ 29.582871000000182, -4.313187 ], [ 29.583919, -4.314495 ], [ 29.584524, -4.315304 ], [ 29.584994000000165, -4.315938 ], [ 29.585263, -4.316815 ], [ 29.585505000000182, -4.317422 ], [ 29.585532000000114, -4.318285 ], [ 29.585304, -4.31819 ], [ 29.585008, -4.318487 ], [ 29.585142000000189, -4.319148 ], [ 29.585196, -4.319444 ], [ 29.5849, -4.319619999999873 ], [ 29.584739, -4.319566 ], [ 29.584737, -4.320032 ], [ 29.584995000000106, -4.320057 ], [ 29.585253000000137, -4.320566 ], [ 29.585350000000119, -4.320857 ], [ 29.585285000000113, -4.321132 ], [ 29.585309000000109, -4.321746999999846 ], [ 29.585253000000137, -4.322288999999842 ], [ 29.585285000000113, -4.323081999999886 ], [ 29.584987000000126, -4.32381 ], [ 29.584818, -4.32461 ], [ 29.584705, -4.324894 ], [ 29.584761, -4.325225 ], [ 29.584261, -4.325678 ], [ 29.583838, -4.325976 ], [ 29.583407000000136, -4.32643 ], [ 29.583528, -4.326624999999865 ], [ 29.583786, -4.326373999999873 ], [ 29.5839390000001, -4.326438 ], [ 29.583988, -4.326673 ], [ 29.584060000000193, -4.326689 ], [ 29.584326000000146, -4.326519 ], [ 29.584544, -4.326786 ], [ 29.584673, -4.327215 ], [ 29.584665000000143, -4.327644 ], [ 29.5846, -4.327935 ], [ 29.584697000000119, -4.328186 ], [ 29.5846, -4.328509 ], [ 29.584641, -4.328621999999882 ], [ 29.584858000000111, -4.328679 ], [ 29.584826000000135, -4.329011 ], [ 29.585052000000189, -4.329252999999881 ], [ 29.584947, -4.329495999999892 ], [ 29.584987000000126, -4.329993999999886 ], [ 29.585205, -4.329925 ], [ 29.585423000000162, -4.329941 ], [ 29.585681000000193, -4.329835999999887 ], [ 29.5861, -4.33007 ], [ 29.586463, -4.33024799999987 ], [ 29.58649800000012, -4.330416 ], [ 29.586371, -4.330567 ], [ 29.586503000000164, -4.331001999999899 ], [ 29.586773000000107, -4.331046 ], [ 29.587193, -4.331356 ], [ 29.587224000000106, -4.331602 ], [ 29.586927, -4.331767 ], [ 29.58688, -4.331949999999836 ], [ 29.586745000000121, -4.33196 ], [ 29.586612000000116, -4.331718 ], [ 29.586194000000148, -4.331742999999847 ], [ 29.586238, -4.331888 ], [ 29.586444, -4.332133 ], [ 29.586581, -4.332535999999891 ], [ 29.586646, -4.332871999999895 ], [ 29.586930000000109, -4.333355 ], [ 29.586903, -4.333617999999888 ], [ 29.587082000000123, -4.334282 ], [ 29.587469000000169, -4.334637 ], [ 29.587803, -4.334949999999878 ], [ 29.58806600000014, -4.335 ], [ 29.588764, -4.335460999999896 ], [ 29.589248, -4.335784999999873 ], [ 29.589498000000162, -4.33581 ], [ 29.589825, -4.336061 ], [ 29.589932, -4.336504 ], [ 29.59031, -4.33678 ], [ 29.590791, -4.337138 ], [ 29.591511, -4.337023 ], [ 29.591695, -4.337096 ], [ 29.591472, -4.337306 ], [ 29.591518000000121, -4.337512 ], [ 29.591695, -4.337731 ], [ 29.591876, -4.338049 ], [ 29.591883000000166, -4.338384 ], [ 29.591758, -4.338698 ], [ 29.591818000000103, -4.338957999999877 ], [ 29.592599, -4.33952 ], [ 29.593672, -4.340164999999899 ], [ 29.593707, -4.34035 ], [ 29.594012, -4.340509 ], [ 29.593879, -4.340656 ], [ 29.59390500000012, -4.340789 ], [ 29.594032000000141, -4.340805 ], [ 29.594164, -4.34073 ], [ 29.594424, -4.340877 ], [ 29.594560000000115, -4.34115 ], [ 29.594881, -4.341608 ], [ 29.595105000000103, -4.342037999999889 ], [ 29.595202000000143, -4.34247 ], [ 29.595559, -4.342903 ], [ 29.595747000000131, -4.343092 ], [ 29.595998, -4.343606 ], [ 29.596073000000104, -4.344551 ], [ 29.595983000000103, -4.345039 ], [ 29.595497, -4.345278999999891 ], [ 29.594824000000131, -4.345917 ], [ 29.594719000000111, -4.346165 ], [ 29.594256, -4.34681 ], [ 29.593912000000159, -4.347103 ], [ 29.594637, -4.347852999999816 ], [ 29.59468900000013, -4.348513 ], [ 29.594884, -4.348730999999873 ], [ 29.594981000000132, -4.349256 ], [ 29.59522, -4.349466 ], [ 29.595594, -4.349256 ], [ 29.595916, -4.349414 ], [ 29.596215, -4.349338 ], [ 29.596626000000185, -4.348933 ], [ 29.596771000000103, -4.34911099999988 ], [ 29.597277, -4.348963 ], [ 29.59772, -4.348833999999897 ], [ 29.598291, -4.34878 ], [ 29.59900000000016, -4.349051 ], [ 29.600565000000131, -4.349752 ], [ 29.601727, -4.350225 ], [ 29.604981000000123, -4.351835 ], [ 29.607449, -4.352964 ], [ 29.61124400000017, -4.354744 ], [ 29.616505, -4.357281999999884 ], [ 29.618263, -4.358103 ], [ 29.619343, -4.3588 ], [ 29.622536, -4.360549 ], [ 29.625066000000174, -4.361926 ], [ 29.62863, -4.364085 ], [ 29.631267, -4.365679 ], [ 29.633412, -4.36708 ], [ 29.634183000000121, -4.367505 ], [ 29.634137, -4.367814999999894 ], [ 29.634499000000119, -4.368125 ], [ 29.634615000000167, -4.368062999999893 ], [ 29.635841000000141, -4.368667 ], [ 29.635918000000117, -4.369030999999893 ], [ 29.636861000000181, -4.369575 ], [ 29.63736, -4.369897 ], [ 29.638054000000125, -4.370323 ], [ 29.638625000000104, -4.370648 ], [ 29.638664000000119, -4.370965 ], [ 29.639088, -4.371182 ], [ 29.639265000000137, -4.371546 ], [ 29.640144000000191, -4.372226999999896 ], [ 29.641502000000116, -4.373125 ], [ 29.642142000000149, -4.373705 ], [ 29.64262, -4.373999 ], [ 29.642937000000188, -4.373837 ], [ 29.643392000000176, -4.374115 ], [ 29.643453, -4.374354999999866 ], [ 29.647237000000189, -4.377434999999878 ], [ 29.648828, -4.378724 ], [ 29.649672, -4.379455 ], [ 29.649997, -4.379685999999879 ], [ 29.649978000000146, -4.380071 ], [ 29.650975000000187, -4.38111 ], [ 29.651850000000138, -4.381986 ], [ 29.652513, -4.382522999999878 ], [ 29.652534, -4.382781 ], [ 29.653422000000148, -4.38365 ], [ 29.654246000000114, -4.38526 ], [ 29.655647, -4.386730999999884 ], [ 29.656546000000162, -4.387470999999891 ], [ 29.657316, -4.388147999999887 ], [ 29.658525000000111, -4.389263999999855 ], [ 29.658642, -4.389554 ], [ 29.659595, -4.390284 ], [ 29.659905, -4.390745 ], [ 29.660418000000107, -4.391206 ], [ 29.660889000000168, -4.392096999999865 ], [ 29.661445000000128, -4.392795 ], [ 29.66182, -4.393364 ], [ 29.662269, -4.39433 ], [ 29.662312, -4.395049 ], [ 29.662098000000185, -4.395414 ], [ 29.662633, -4.396175999999855 ], [ 29.662975, -4.396649 ], [ 29.662996, -4.397443 ], [ 29.66274, -4.398623999999813 ], [ 29.66276100000016, -4.399299999999869 ], [ 29.662975, -4.399901 ], [ 29.663093, -4.400245 ], [ 29.663339000000178, -4.400567 ], [ 29.663713, -4.401243 ], [ 29.663959000000148, -4.401714999999854 ], [ 29.663959000000148, -4.401962 ], [ 29.663799, -4.402133999999876 ], [ 29.663777, -4.40237 ], [ 29.663435000000163, -4.402595 ], [ 29.66358, -4.403027 ], [ 29.663585000000126, -4.403604 ], [ 29.664013000000182, -4.404495 ], [ 29.665179, -4.405987 ], [ 29.666398000000186, -4.408090999999899 ], [ 29.666933, -4.409347 ], [ 29.666965000000175, -4.409637 ], [ 29.667201000000148, -4.410215999999878 ], [ 29.667236, -4.411299999999869 ], [ 29.667274000000191, -4.412998 ], [ 29.667446, -4.413816 ], [ 29.667463000000168, -4.414473 ], [ 29.667346, -4.414667999999892 ], [ 29.667324, -4.415186 ], [ 29.667145000000176, -4.415903 ], [ 29.667058, -4.416198 ], [ 29.666998, -4.416563 ], [ 29.666831000000116, -4.416751 ], [ 29.666847000000189, -4.416891 ], [ 29.666891, -4.417118 ], [ 29.666768, -4.417401 ], [ 29.666923, -4.417532 ], [ 29.666939000000184, -4.417883 ], [ 29.666704, -4.418114 ], [ 29.666367, -4.418248999999889 ], [ 29.666228000000103, -4.418078 ], [ 29.66590600000012, -4.418427999999892 ], [ 29.665759, -4.418380999999897 ], [ 29.665617, -4.418281 ], [ 29.665164, -4.418727 ], [ 29.665202000000136, -4.418977 ], [ 29.664787000000103, -4.419452 ], [ 29.664791, -4.419714999999883 ], [ 29.664803000000177, -4.420136999999897 ], [ 29.664704000000143, -4.420301 ], [ 29.664680000000146, -4.420495999999844 ], [ 29.66451700000016, -4.421177 ], [ 29.664116, -4.421555 ], [ 29.664037, -4.422141 ], [ 29.663711, -4.422291999999857 ], [ 29.663624000000141, -4.422506999999882 ], [ 29.663465000000144, -4.422546999999895 ], [ 29.663306000000148, -4.422710999999879 ], [ 29.663263000000143, -4.423812 ], [ 29.663285000000144, -4.424343 ], [ 29.663210000000163, -4.42518 ], [ 29.663069, -4.425575 ], [ 29.663166000000103, -4.426519 ], [ 29.662885000000131, -4.426885 ], [ 29.663512000000139, -4.428155999999831 ], [ 29.663969, -4.429627 ], [ 29.664123, -4.430797 ], [ 29.665089, -4.433847 ], [ 29.665961, -4.43622 ], [ 29.666306000000191, -4.438052 ], [ 29.666417000000138, -4.439661999999885 ], [ 29.66626500000018, -4.441175 ], [ 29.665753000000109, -4.442409999999882 ], [ 29.665048000000183, -4.443269999999814 ], [ 29.664121, -4.444603 ], [ 29.662558, -4.446657 ], [ 29.661887000000149, -4.447992999999883 ], [ 29.66314, -4.448018999999817 ], [ 29.667855, -4.449248999999895 ], [ 29.670434000000171, -4.4475 ], [ 29.672561, -4.446835 ], [ 29.673885, -4.447045 ], [ 29.67977500000012, -4.450192999999842 ], [ 29.681164000000138, -4.450337 ], [ 29.682595, -4.451265 ], [ 29.683647, -4.45135 ], [ 29.68482500000016, -4.450674 ], [ 29.685329000000138, -4.450928 ], [ 29.686886000000186, -4.452193999999849 ], [ 29.689494000000138, -4.450717 ], [ 29.690966, -4.450506 ], [ 29.692439, -4.451434 ], [ 29.694206, -4.452699999999879 ], [ 29.695552, -4.454008 ], [ 29.696099, -4.455315999999868 ], [ 29.696435000000122, -4.456032999999877 ], [ 29.699422, -4.459409 ], [ 29.702199000000121, -4.46 ], [ 29.704050000000109, -4.461013 ], [ 29.707078, -4.462446999999884 ], [ 29.709181000000115, -4.462067999999874 ], [ 29.709981, -4.461688 ], [ 29.711074, -4.459028999999873 ], [ 29.711790000000178, -4.458564999999851 ], [ 29.713851000000147, -4.458228 ], [ 29.71536500000019, -4.45751 ], [ 29.716585, -4.456287 ], [ 29.717679000000146, -4.455315999999868 ], [ 29.718941000000143, -4.456287 ], [ 29.719825, -4.457764 ], [ 29.720161000000189, -4.459578 ], [ 29.720501, -4.459835 ], [ 29.723064000000193, -4.461771999999883 ], [ 29.724158000000159, -4.462109999999882 ], [ 29.726009000000147, -4.462193999999897 ], [ 29.728533, -4.461771999999883 ], [ 29.730468000000144, -4.460928 ], [ 29.731982000000187, -4.459916 ], [ 29.732403, -4.459325 ], [ 29.733581000000129, -4.45827 ], [ 29.734254, -4.457004 ], [ 29.73438, -4.456075999999882 ], [ 29.734969, -4.45561199999986 ], [ 29.735684, -4.455695999999875 ], [ 29.738629, -4.457215 ], [ 29.741784000000109, -4.457299 ], [ 29.742878, -4.45801699999987 ], [ 29.743509, -4.459747 ], [ 29.743677000000105, -4.461646 ], [ 29.74393, -4.463671 ], [ 29.743972000000156, -4.46544299999988 ], [ 29.744140000000186, -4.466414 ], [ 29.745066, -4.466414 ], [ 29.746748000000139, -4.466541 ], [ 29.747169000000156, -4.467342 ], [ 29.748137000000156, -4.468693 ], [ 29.749273000000187, -4.469326 ], [ 29.750156, -4.469072 ], [ 29.751418, -4.469748 ], [ 29.753774, -4.470001 ], [ 29.757728, -4.468693 ], [ 29.760421000000122, -4.465021 ], [ 29.761178, -4.466625 ], [ 29.769297000000165, -4.455949 ], [ 29.769255, -4.454092 ], [ 29.767944000000114, -4.451638 ], [ 29.766584, -4.450483999999847 ], [ 29.76507, -4.449792 ], [ 29.763825, -4.449504 ], [ 29.764017, -4.446505 ], [ 29.765549000000192, -4.441870999999878 ], [ 29.765281, -4.439468 ], [ 29.76486, -4.438141 ], [ 29.763825, -4.436737999999878 ], [ 29.764879000000178, -4.435257 ], [ 29.764917000000139, -4.434354 ], [ 29.764496000000122, -4.433392 ], [ 29.763557, -4.432643 ], [ 29.763825, -4.432066 ], [ 29.764802, -4.431354 ], [ 29.764630000000182, -4.428873999999894 ], [ 29.765262, -4.427567 ], [ 29.766584, -4.426701 ], [ 29.766948000000127, -4.426067 ], [ 29.767082, -4.424239999999827 ], [ 29.767944000000114, -4.423241 ], [ 29.769630000000177, -4.421664999999848 ], [ 29.772025, -4.419761 ], [ 29.772868, -4.418569 ], [ 29.773558, -4.418453999999883 ], [ 29.774248000000171, -4.417339 ], [ 29.773635, -4.416742999999826 ], [ 29.774305, -4.415474 ], [ 29.774286000000131, -4.41459 ], [ 29.774861000000101, -4.414089999999874 ], [ 29.774938, -4.413321 ], [ 29.775225, -4.412744 ], [ 29.776125, -4.412609 ], [ 29.776585000000125, -4.412936 ], [ 29.77693, -4.413628 ], [ 29.777811, -4.41383999999988 ], [ 29.779076000000146, -4.414204999999868 ], [ 29.779976, -4.414724 ], [ 29.78060900000014, -4.414877999999874 ], [ 29.781528000000151, -4.414724 ], [ 29.781911, -4.41449399999982 ], [ 29.781739, -4.413704999999879 ], [ 29.782601000000113, -4.413917 ], [ 29.783195, -4.414416999999844 ], [ 29.783712, -4.413917 ], [ 29.783808000000192, -4.413263 ], [ 29.783942, -4.412416999999891 ], [ 29.784517, -4.411802 ], [ 29.785954000000118, -4.411321 ], [ 29.78628, -4.410648 ], [ 29.78649, -4.409802999999897 ], [ 29.787947000000145, -4.409417999999846 ], [ 29.789479, -4.408322 ], [ 29.789824000000181, -4.407572 ], [ 29.790437000000111, -4.406879999999887 ], [ 29.79039900000015, -4.40595699999983 ], [ 29.790629, -4.405265 ], [ 29.791472000000113, -4.40484199999986 ], [ 29.791606, -4.404303 ], [ 29.792468, -4.404323 ], [ 29.793196000000137, -4.402938 ], [ 29.79369400000013, -4.40338 ], [ 29.794518, -4.403246 ], [ 29.794825000000117, -4.402418999999838 ], [ 29.795859, -4.402246 ], [ 29.796204000000159, -4.401073 ], [ 29.796051, -4.400169999999832 ], [ 29.796587, -4.399708 ], [ 29.796664000000192, -4.399151 ], [ 29.79722, -4.398554999999874 ], [ 29.79767900000013, -4.395670999999879 ], [ 29.797201, -4.395094999999856 ], [ 29.798829, -4.394998 ], [ 29.799461000000179, -4.393576 ], [ 29.800036000000148, -4.393134 ], [ 29.799979, -4.391844999999876 ], [ 29.801971, -4.387654 ], [ 29.802354, -4.387096999999869 ], [ 29.801511000000119, -4.385174 ], [ 29.802182, -4.384828 ], [ 29.802527000000168, -4.384251 ], [ 29.802278000000172, -4.383578 ], [ 29.802929, -4.383078 ], [ 29.803332000000182, -4.382367 ], [ 29.804386000000136, -4.380117 ], [ 29.805535000000191, -4.379329 ], [ 29.805746, -4.37842599999982 ], [ 29.806915000000174, -4.377695 ], [ 29.806838, -4.376157 ], [ 29.80703, -4.375387999999873 ], [ 29.807834000000184, -4.375042 ], [ 29.808390000000145, -4.373560999999881 ], [ 29.809061, -4.373445999999888 ], [ 29.809559, -4.373081 ], [ 29.809559, -4.372369 ], [ 29.809961000000101, -4.371812 ], [ 29.810689000000139, -4.371293 ], [ 29.811398000000167, -4.371254 ], [ 29.812107, -4.370197 ], [ 29.812164000000166, -4.368543 ], [ 29.812663, -4.366947 ], [ 29.812356, -4.366236 ], [ 29.813084, -4.365736 ], [ 29.814067000000193, -4.364897999999869 ], [ 29.81423400000017, -4.364756 ], [ 29.814923000000135, -4.365235999999868 ], [ 29.815805000000125, -4.365139999999826 ], [ 29.815671, -4.364467 ], [ 29.816705000000184, -4.365562999999895 ], [ 29.817855000000122, -4.366332 ], [ 29.818315000000155, -4.367005 ], [ 29.819081, -4.366697 ], [ 29.820288000000176, -4.365562999999895 ], [ 29.821131, -4.365602 ], [ 29.821591000000126, -4.364985999999874 ], [ 29.82138, -4.362659999999892 ], [ 29.82253, -4.362968 ], [ 29.823718, -4.362352999999871 ], [ 29.824139000000116, -4.361602999999832 ], [ 29.825576000000183, -4.362256 ], [ 29.826304000000164, -4.361122 ], [ 29.826687, -4.36193 ], [ 29.827108, -4.362486999999874 ], [ 29.827856000000168, -4.36289099999982 ], [ 29.829178000000127, -4.362333 ], [ 29.828756, -4.363468 ], [ 29.8282, -4.364774999999895 ], [ 29.828488, -4.365352 ], [ 29.829982, -4.365352 ], [ 29.8305, -4.365179 ], [ 29.830979000000127, -4.36473599999988 ], [ 29.8311700000001, -4.365352 ], [ 29.830634000000146, -4.366044 ], [ 29.830557000000169, -4.366505 ], [ 29.830825000000175, -4.367293 ], [ 29.831534, -4.367273999999895 ], [ 29.832722000000103, -4.36664 ], [ 29.833182000000136, -4.367659 ], [ 29.833412000000123, -4.368389 ], [ 29.834255, -4.368582 ], [ 29.835711000000117, -4.368505 ], [ 29.837684000000138, -4.368696999999884 ], [ 29.838508000000104, -4.368543 ], [ 29.838968000000136, -4.369793 ], [ 29.839792000000102, -4.369793 ], [ 29.841746000000114, -4.369024 ], [ 29.843643, -4.368927999999812 ], [ 29.845099, -4.369081 ], [ 29.84506, -4.36987 ], [ 29.844428000000164, -4.370235 ], [ 29.843470000000138, -4.370272999999884 ], [ 29.843125, -4.370695999999896 ], [ 29.843949000000123, -4.371369 ], [ 29.84508000000011, -4.371581 ], [ 29.845463000000166, -4.37283 ], [ 29.846038000000135, -4.373715 ], [ 29.846651, -4.373888 ], [ 29.846632000000113, -4.374657 ], [ 29.847494, -4.374945 ], [ 29.848701, -4.376714 ], [ 29.84806900000018, -4.377156 ], [ 29.847418000000118, -4.376656 ], [ 29.846747, -4.377098999999873 ], [ 29.846766000000173, -4.377770999999882 ], [ 29.846996, -4.378502 ], [ 29.848031, -4.378847999999891 ], [ 29.849314000000163, -4.379156 ], [ 29.850157, -4.379002 ], [ 29.850292, -4.378309999999885 ], [ 29.85086600000011, -4.378867 ], [ 29.850368000000117, -4.379502 ], [ 29.850234, -4.380252 ], [ 29.850636000000122, -4.38129 ], [ 29.851192, -4.381885999999838 ], [ 29.851997, -4.38198199999988 ], [ 29.853606000000184, -4.381078 ], [ 29.854622, -4.381674 ], [ 29.855484000000104, -4.381501 ], [ 29.856212000000141, -4.381117 ], [ 29.856039, -4.382269999999892 ], [ 29.856327, -4.382539 ], [ 29.857055, -4.382519999999886 ], [ 29.858645, -4.382117 ], [ 29.860082, -4.380674999999826 ], [ 29.860733, -4.38104 ], [ 29.861711000000184, -4.381597999999883 ], [ 29.862784000000147, -4.38129 ], [ 29.863263000000188, -4.381425 ], [ 29.863588, -4.381905 ], [ 29.864297000000136, -4.381925 ], [ 29.86552300000011, -4.381117 ], [ 29.866290000000163, -4.38129 ], [ 29.8664050000001, -4.382155 ], [ 29.866386000000148, -4.383596999999895 ], [ 29.866865000000132, -4.384135999999842 ], [ 29.867708000000107, -4.383886 ], [ 29.868895, -4.382905 ], [ 29.869681, -4.382828 ], [ 29.870716, -4.381578 ], [ 29.872287, -4.381655 ], [ 29.872153000000139, -4.380579 ], [ 29.871923000000152, -4.380194 ], [ 29.871175, -4.379368 ], [ 29.872593000000165, -4.380079 ], [ 29.873225, -4.380559999999889 ], [ 29.873455, -4.381347999999889 ], [ 29.874279, -4.381502 ], [ 29.874911000000111, -4.380117 ], [ 29.875237, -4.379406 ], [ 29.875696, -4.377944999999897 ], [ 29.875217000000191, -4.377291 ], [ 29.874451, -4.377309999999852 ], [ 29.873934, -4.377695 ], [ 29.873263000000179, -4.37809899999985 ], [ 29.873033000000135, -4.377656 ], [ 29.873627, -4.377636999999879 ], [ 29.874010000000169, -4.376887 ], [ 29.872899, -4.375560999999891 ], [ 29.87242, -4.375349 ], [ 29.871635, -4.375484 ], [ 29.872593000000165, -4.375119 ], [ 29.87288, -4.37458 ], [ 29.872267000000193, -4.373004 ], [ 29.872784000000138, -4.372581 ], [ 29.873206, -4.371658 ], [ 29.873531000000128, -4.371234999999899 ], [ 29.873895, -4.370908 ], [ 29.873570000000143, -4.36987 ], [ 29.873551000000191, -4.36912 ], [ 29.873723, -4.369505 ], [ 29.873781, -4.36988899999983 ], [ 29.873934, -4.370505 ], [ 29.874643000000106, -4.370561999999893 ], [ 29.875007, -4.369755 ], [ 29.875524, -4.369485999999881 ], [ 29.876405, -4.369678 ], [ 29.877230000000111, -4.369582 ], [ 29.877632000000176, -4.369100999999887 ], [ 29.877517, -4.368600999999842 ], [ 29.876961, -4.367928 ], [ 29.877919000000134, -4.368139999999869 ], [ 29.879261, -4.368717 ], [ 29.879969, -4.368294 ], [ 29.88048700000013, -4.367736 ], [ 29.880851, -4.366928 ], [ 29.880947000000162, -4.368082 ], [ 29.881655000000137, -4.368196999999896 ], [ 29.881655000000137, -4.369216 ], [ 29.881885000000182, -4.369832 ], [ 29.882556, -4.370505 ], [ 29.883418000000177, -4.370581 ], [ 29.884683, -4.369755 ], [ 29.884261, -4.368428 ], [ 29.884031000000107, -4.368217 ], [ 29.884319000000119, -4.367408999999896 ], [ 29.88479800000016, -4.366735999999889 ], [ 29.885507000000189, -4.366332 ], [ 29.88554500000015, -4.365582 ], [ 29.884932, -4.365217 ], [ 29.884644, -4.364583 ], [ 29.883935000000122, -4.364275 ], [ 29.884414000000163, -4.363679 ], [ 29.885775000000137, -4.363140999999871 ], [ 29.886004, -4.362545 ], [ 29.885564000000102, -4.361026 ], [ 29.885353, -4.36023699999987 ], [ 29.884740000000136, -4.359775999999897 ], [ 29.88564, -4.359064999999873 ], [ 29.886982, -4.358642 ], [ 29.88776700000011, -4.358603 ], [ 29.887403, -4.356931 ], [ 29.887288000000126, -4.356315999999879 ], [ 29.887978, -4.35597 ], [ 29.888687, -4.355662 ], [ 29.888399, -4.35597 ], [ 29.888035000000116, -4.356565999999873 ], [ 29.888093, -4.35681499999987 ], [ 29.888878, -4.357258 ], [ 29.890315000000101, -4.357315 ], [ 29.891829000000143, -4.356738999999891 ], [ 29.89282500000013, -4.355835 ], [ 29.89294, -4.354835 ], [ 29.89227, -4.354432 ], [ 29.893304000000114, -4.354104999999834 ], [ 29.893592000000183, -4.353586 ], [ 29.893496, -4.352893 ], [ 29.894147, -4.353643 ], [ 29.894645, -4.353950999999881 ], [ 29.89531600000015, -4.353624 ], [ 29.895776, -4.354162 ], [ 29.896542000000181, -4.353932 ], [ 29.896964, -4.35372 ], [ 29.896906000000115, -4.352797 ], [ 29.897251, -4.353527999999869 ], [ 29.897577000000183, -4.354451 ], [ 29.898152000000152, -4.355181 ], [ 29.898305, -4.355912 ], [ 29.898496, -4.356335 ], [ 29.899244, -4.356449999999882 ], [ 29.900278000000185, -4.356585 ], [ 29.901006, -4.356373 ], [ 29.901753, -4.355374 ], [ 29.902309, -4.354604999999879 ], [ 29.902539, -4.354047 ], [ 29.902117000000146, -4.353586 ], [ 29.901562, -4.35322 ], [ 29.902347000000134, -4.353413 ], [ 29.902884, -4.353392999999812 ], [ 29.903669, -4.353009 ], [ 29.904282, -4.351971 ], [ 29.904953000000148, -4.352374 ], [ 29.90639, -4.351798 ], [ 29.907137, -4.352163 ], [ 29.908191000000159, -4.352239999999881 ], [ 29.908689000000152, -4.351298 ], [ 29.908862, -4.350566999999842 ], [ 29.909548, -4.350161 ], [ 29.909501, -4.348934 ], [ 29.909971, -4.349217 ], [ 29.9103, -4.350395999999819 ], [ 29.910347, -4.350962 ], [ 29.910159, -4.351717 ], [ 29.910911000000169, -4.352895999999873 ], [ 29.911945, -4.352989999999863 ], [ 29.914529000000186, -4.351811 ], [ 29.914341, -4.351150999999845 ], [ 29.913261, -4.350962 ], [ 29.912979000000178, -4.350679 ], [ 29.913918, -4.350443999999868 ], [ 29.914153000000169, -4.349689 ], [ 29.914905, -4.349595 ], [ 29.915798, -4.350066 ], [ 29.916221, -4.349782999999888 ], [ 29.916409000000158, -4.34884 ], [ 29.916973, -4.349405999999874 ], [ 29.917443, -4.350161 ], [ 29.918195000000139, -4.349878 ], [ 29.918806, -4.348793 ], [ 29.919182, -4.349265 ], [ 29.920591000000115, -4.349312 ], [ 29.923834, -4.348038 ], [ 29.924633, -4.34818 ], [ 29.92623, -4.347378 ], [ 29.927311000000145, -4.347001 ], [ 29.928063000000179, -4.346812 ], [ 29.929003000000137, -4.34568 ], [ 29.928204000000107, -4.343935 ], [ 29.928251000000103, -4.343369999999879 ], [ 29.929896000000156, -4.343464 ], [ 29.930413000000101, -4.344313 ], [ 29.931071, -4.344313 ], [ 29.932809000000134, -4.342568 ], [ 29.933467, -4.342944999999872 ], [ 29.933514000000173, -4.343558 ], [ 29.934219, -4.343558 ], [ 29.935300000000154, -4.342944999999872 ], [ 29.936193000000173, -4.342662 ], [ 29.938495, -4.339454999999873 ], [ 29.939153, -4.339219 ], [ 29.94126800000015, -4.339219 ], [ 29.941973000000189, -4.339314 ], [ 29.942490000000191, -4.340115 ], [ 29.943383000000154, -4.338747999999896 ], [ 29.943383000000154, -4.337663 ], [ 29.944698, -4.336767 ], [ 29.945403000000113, -4.33573 ], [ 29.947706, -4.335117 ], [ 29.948693, -4.332946999999876 ], [ 29.949727000000166, -4.332004 ], [ 29.949915, -4.331061 ], [ 29.950384000000156, -4.330778 ], [ 29.951183000000185, -4.330871999999886 ], [ 29.951183000000185, -4.329409999999882 ], [ 29.952311, -4.330731 ], [ 29.9530630000001, -4.330401 ], [ 29.953298000000188, -4.32974 ], [ 29.954144, -4.330118 ], [ 29.954755000000148, -4.329929 ], [ 29.95499, -4.329269 ], [ 29.956399, -4.328702999999848 ], [ 29.957621000000131, -4.329316 ], [ 29.958373000000165, -4.32908 ], [ 29.9589840000001, -4.328184 ], [ 29.959924, -4.327712 ], [ 29.961192, -4.326203 ], [ 29.961615, -4.325542999999868 ], [ 29.961897, -4.324364 ], [ 29.96326, -4.323468 ], [ 29.964388000000156, -4.321629 ], [ 29.965798, -4.319458999999881 ], [ 29.966126, -4.318705 ], [ 29.96570400000013, -4.317337999999893 ], [ 29.964952, -4.316819 ], [ 29.965939, -4.316535999999871 ], [ 29.96636100000012, -4.315168 ], [ 29.965892, -4.313989 ], [ 29.966831000000127, -4.313659 ], [ 29.968100000000106, -4.312338999999895 ], [ 29.968335, -4.311395 ], [ 29.967865, -4.310498999999879 ], [ 29.968711, -4.308707 ], [ 29.968570000000113, -4.307858 ], [ 29.969463000000133, -4.307339999999897 ], [ 29.969134, -4.305924999999888 ], [ 29.969886, -4.305500999999879 ], [ 29.969933, -4.304322 ], [ 29.969322000000147, -4.30352 ], [ 29.970967, -4.303614 ], [ 29.971437, -4.30319 ], [ 29.97186, -4.301822 ], [ 29.972799, -4.301068 ], [ 29.976136000000167, -4.301398 ], [ 29.97764, -4.301633 ], [ 29.97890800000016, -4.300595999999871 ], [ 29.979331000000172, -4.299794 ], [ 29.979425000000163, -4.301115 ], [ 29.980553, -4.301162 ], [ 29.982433000000128, -4.300407 ], [ 29.983466000000192, -4.300171 ], [ 29.984077000000127, -4.299510999999882 ], [ 29.984406000000149, -4.298379 ], [ 29.984923, -4.297672 ], [ 29.986192000000131, -4.297435999999891 ], [ 29.986662000000138, -4.297483 ], [ 29.98708500000015, -4.296776 ], [ 29.988025000000107, -4.298095999999873 ], [ 29.98933, -4.298758999999848 ], [ 29.989004, -4.300382999999897 ], [ 29.989568, -4.301531 ], [ 29.990355000000136, -4.302321 ], [ 29.991172, -4.302633999999898 ], [ 29.991766, -4.3025 ], [ 29.992063, -4.302157 ], [ 29.992137000000128, -4.301412 ], [ 29.991543, -4.300844999999867 ], [ 29.992776000000106, -4.300218999999856 ], [ 29.991766, -4.298893 ], [ 29.991647000000114, -4.297567 ], [ 29.992152000000146, -4.296285 ], [ 29.993073000000152, -4.295465 ], [ 29.99369600000017, -4.294808999999873 ], [ 29.994379, -4.293438 ], [ 29.995092, -4.293915 ], [ 29.995508, -4.297194 ], [ 29.995434000000103, -4.298699 ], [ 29.995879000000173, -4.299489 ], [ 29.996518, -4.299981 ], [ 29.997988000000191, -4.300085 ], [ 29.998701, -4.299801999999886 ], [ 29.998790000000156, -4.299116 ], [ 29.999339, -4.298625 ], [ 29.999562, -4.297537 ], [ 29.999874, -4.297268 ], [ 30.000542000000166, -4.297194 ], [ 30.000656000000163, -4.297213999999883 ], [ 30.001135, -4.296 ], [ 30.0015140000001, -4.29414 ], [ 30.001456, -4.292729999999892 ], [ 30.001456, -4.292719 ], [ 30.001392000000124, -4.291152 ], [ 30.00143, -4.29069 ], [ 30.001397000000168, -4.288168999999812 ], [ 30.001698, -4.286109999999894 ], [ 30.002272000000119, -4.285154 ], [ 30.002705, -4.284691999999893 ], [ 30.004017, -4.283878 ], [ 30.004315, -4.282954 ], [ 30.004342000000122, -4.282248 ], [ 30.003706, -4.280958 ], [ 30.005871000000184, -4.28066 ], [ 30.005903548000049, -4.280687924999881 ], [ 30.00590300000016, -4.280687999999884 ], [ 30.006133956000099, -4.280885606999902 ], [ 30.007089, -4.281705 ], [ 30.008483000000126, -4.282737 ], [ 30.009213000000102, -4.283199 ], [ 30.010891, -4.283212 ], [ 30.012785, -4.284842 ], [ 30.013216, -4.285087 ], [ 30.013214404000053, -4.285085696999943 ], [ 30.013407, -4.285195 ], [ 30.013976, -4.28489599999989 ], [ 30.016289, -4.282804999999883 ], [ 30.01651900000013, -4.281813999999883 ], [ 30.01633, -4.280537 ], [ 30.015626000000111, -4.27865 ], [ 30.015626000000111, -4.27831 ], [ 30.015762, -4.277794 ], [ 30.017236000000139, -4.277142 ], [ 30.017886, -4.27706099999989 ], [ 30.018576000000166, -4.277373 ], [ 30.019253, -4.277102 ], [ 30.01955, -4.276435999999876 ], [ 30.020213, -4.276055999999869 ], [ 30.020917, -4.275892999999883 ], [ 30.023921, -4.276952 ], [ 30.024286, -4.277440999999897 ], [ 30.023961, -4.278419 ], [ 30.023975000000121, -4.27951899999988 ], [ 30.024246000000119, -4.280537 ], [ 30.024949, -4.281269999999893 ], [ 30.025653, -4.280917 ], [ 30.026086000000134, -4.280225 ], [ 30.026329, -4.278881 ], [ 30.027114, -4.278704 ], [ 30.02756, -4.278174 ], [ 30.028088, -4.278567999999893 ], [ 30.029008000000147, -4.278473 ], [ 30.029346, -4.277903 ], [ 30.029901000000166, -4.277713 ], [ 30.030632, -4.277726 ], [ 30.031132, -4.277075 ], [ 30.031430000000171, -4.275581 ], [ 30.030848000000162, -4.273598999999876 ], [ 30.031051000000105, -4.273054999999829 ], [ 30.031322000000102, -4.273733999999877 ], [ 30.03228200000018, -4.274019999999894 ], [ 30.033514000000139, -4.27421 ], [ 30.033676, -4.274834 ], [ 30.034366, -4.27554 ], [ 30.035706000000118, -4.275921 ], [ 30.036125000000141, -4.276206 ], [ 30.036017000000129, -4.277034 ], [ 30.036490000000185, -4.277631999999812 ], [ 30.037248, -4.277672 ], [ 30.03801900000019, -4.277279 ], [ 30.038696, -4.276803 ], [ 30.039129, -4.277603999999883 ], [ 30.039887000000192, -4.277414 ], [ 30.040117, -4.276857999999891 ], [ 30.040252, -4.276232999999877 ], [ 30.040888, -4.276912 ], [ 30.041538, -4.277156 ], [ 30.042214000000172, -4.277048 ], [ 30.043811000000176, -4.275174 ], [ 30.04285, -4.273884 ], [ 30.043662, -4.273762 ], [ 30.043865, -4.273150999999871 ], [ 30.043229000000167, -4.272226999999873 ], [ 30.042376000000104, -4.271752 ], [ 30.043175000000133, -4.271860999999888 ], [ 30.043743, -4.271520999999893 ], [ 30.043513000000189, -4.27 ], [ 30.043932, -4.269294 ], [ 30.043946000000119, -4.26871 ], [ 30.043567, -4.267977 ], [ 30.043405000000121, -4.267325 ], [ 30.043540000000121, -4.266945 ], [ 30.044284, -4.266686999999877 ], [ 30.044622000000118, -4.26602199999985 ], [ 30.044771, -4.265302 ], [ 30.04446, -4.264637 ], [ 30.045015000000149, -4.264772999999877 ], [ 30.045908000000111, -4.264188999999874 ], [ 30.046057000000189, -4.263768 ], [ 30.046084000000121, -4.263196999999877 ], [ 30.046774, -4.262709 ], [ 30.046868000000131, -4.26189399999987 ], [ 30.04676000000012, -4.26114699999988 ], [ 30.047315, -4.259966 ], [ 30.046977, -4.258917 ], [ 30.046165, -4.258318999999858 ], [ 30.045569000000114, -4.258169 ], [ 30.045231, -4.257599 ], [ 30.04515, -4.256839 ], [ 30.043716000000131, -4.256744 ], [ 30.044609, -4.256418 ], [ 30.045028000000116, -4.256104999999877 ], [ 30.045597000000157, -4.256391 ], [ 30.046246, -4.256118999999899 ], [ 30.046828, -4.255847 ], [ 30.047071, -4.256648999999868 ], [ 30.047193, -4.257504 ], [ 30.048749000000157, -4.258399999999881 ], [ 30.04995300000013, -4.258753 ], [ 30.050481000000104, -4.26003 ], [ 30.051279, -4.260016 ], [ 30.051739000000111, -4.259582 ], [ 30.052294, -4.260043 ], [ 30.053092000000163, -4.259636 ], [ 30.053837000000158, -4.258007 ], [ 30.054039000000159, -4.257232999999871 ], [ 30.052483, -4.255427 ], [ 30.053782, -4.255264 ], [ 30.05435000000017, -4.25472 ], [ 30.053945, -4.253199999999879 ], [ 30.052970000000187, -4.250891 ], [ 30.05247, -4.25024 ], [ 30.051793000000146, -4.249764 ], [ 30.051117, -4.249642 ], [ 30.05106300000017, -4.248882 ], [ 30.049885000000188, -4.248039999999889 ], [ 30.051144, -4.247075999999879 ], [ 30.051266, -4.245717 ], [ 30.051929, -4.24531 ], [ 30.051671000000169, -4.244292 ], [ 30.050575, -4.243489999999895 ], [ 30.04975, -4.243355 ], [ 30.048208000000159, -4.243979 ], [ 30.047518, -4.244101 ], [ 30.047058, -4.243693999999834 ], [ 30.047666000000106, -4.243382 ], [ 30.047694, -4.242581 ], [ 30.04762600000015, -4.241684 ], [ 30.047951, -4.242092 ], [ 30.048221000000183, -4.242676 ], [ 30.048992, -4.242852 ], [ 30.050156, -4.242322999999885 ], [ 30.050508, -4.24292 ], [ 30.05109, -4.243097 ], [ 30.05182, -4.242946999999845 ], [ 30.052375000000154, -4.242457999999885 ], [ 30.052646, -4.241778999999838 ], [ 30.053146, -4.242362999999841 ], [ 30.054053, -4.242485999999872 ], [ 30.054743000000144, -4.241901999999868 ], [ 30.055216, -4.239743 ], [ 30.055189, -4.238847 ], [ 30.054932000000179, -4.238304 ], [ 30.054134, -4.238154 ], [ 30.054120000000125, -4.237475 ], [ 30.0546480000001, -4.236958999999899 ], [ 30.05481, -4.235506 ], [ 30.055663, -4.235451999999896 ], [ 30.056123000000127, -4.234908999999845 ], [ 30.056245000000104, -4.234298 ], [ 30.056300000000192, -4.233469 ], [ 30.055731, -4.232858 ], [ 30.055163000000107, -4.232777 ], [ 30.056272, -4.231772 ], [ 30.05676, -4.231256 ], [ 30.056773, -4.230454999999893 ], [ 30.055474, -4.229382 ], [ 30.054757, -4.229001999999866 ], [ 30.055082000000141, -4.228405 ], [ 30.055163000000107, -4.227767 ], [ 30.055366, -4.226992999999879 ], [ 30.055163000000107, -4.226368 ], [ 30.054662, -4.225634999999897 ], [ 30.053986, -4.225159 ], [ 30.053445, -4.224861 ], [ 30.053566000000103, -4.224085999999886 ], [ 30.053418000000136, -4.223529 ], [ 30.052849000000151, -4.223068 ], [ 30.05347200000017, -4.222769 ], [ 30.054216, -4.222429 ], [ 30.055082000000141, -4.221831999999893 ], [ 30.055812000000174, -4.221981 ], [ 30.056557000000169, -4.222266 ], [ 30.057179, -4.221831999999893 ], [ 30.057179, -4.220773 ], [ 30.057206, -4.220162 ], [ 30.056881000000146, -4.219428 ], [ 30.057395, -4.218818 ], [ 30.057206, -4.218057 ], [ 30.056705000000136, -4.217514 ], [ 30.057477, -4.217256 ], [ 30.057991000000129, -4.216808 ], [ 30.058058000000187, -4.215138 ], [ 30.058126000000129, -4.214377999999897 ], [ 30.058897000000115, -4.213372999999876 ], [ 30.059750000000179, -4.213427 ], [ 30.060115, -4.212938 ], [ 30.060088000000121, -4.212028 ], [ 30.060372000000143, -4.211471 ], [ 30.061170000000118, -4.210575 ], [ 30.061482000000126, -4.209746999999822 ], [ 30.061482000000126, -4.208158 ], [ 30.061833, -4.207398 ], [ 30.062199000000135, -4.206991 ], [ 30.062469, -4.206027 ], [ 30.062375000000145, -4.205579 ], [ 30.062862000000109, -4.205089999999871 ], [ 30.06278, -4.204288 ], [ 30.062090000000182, -4.203786 ], [ 30.062943, -4.203676999999857 ], [ 30.06343, -4.203229 ], [ 30.063281000000131, -4.201924999999846 ], [ 30.062970000000178, -4.201111 ], [ 30.063836, -4.201179 ], [ 30.064810000000193, -4.200269 ], [ 30.065432000000101, -4.199861 ], [ 30.065459, -4.199019 ], [ 30.066731000000118, -4.198938 ], [ 30.067692, -4.197526 ], [ 30.067841000000158, -4.196942 ], [ 30.069437, -4.1972 ], [ 30.069951000000117, -4.197173 ], [ 30.070466, -4.196725 ], [ 30.070777, -4.196046 ], [ 30.070736, -4.195299 ], [ 30.070168000000137, -4.194783 ], [ 30.069586000000129, -4.194592999999884 ], [ 30.069735, -4.194022 ], [ 30.070492000000115, -4.194253 ], [ 30.071088, -4.193954 ], [ 30.071264, -4.193261999999891 ], [ 30.070749, -4.191782 ], [ 30.070303, -4.191224999999861 ], [ 30.071296000000189, -4.190134999999884 ], [ 30.071381000000144, -4.189541 ], [ 30.071435000000122, -4.188835 ], [ 30.071557, -4.188238 ], [ 30.072666, -4.187328 ], [ 30.072991000000115, -4.1865 ], [ 30.072978, -4.18578 ], [ 30.072869000000139, -4.185278 ], [ 30.072044, -4.183851999999888 ], [ 30.071652000000142, -4.183104999999898 ], [ 30.071679, -4.182467 ], [ 30.072707, -4.181027 ], [ 30.073383, -4.18028 ], [ 30.074331000000143, -4.179995 ], [ 30.075061000000119, -4.180171 ], [ 30.075602000000117, -4.179873 ], [ 30.076144, -4.178827 ], [ 30.075968, -4.178406 ], [ 30.075169000000187, -4.177903999999899 ], [ 30.074845, -4.177578 ], [ 30.073992000000146, -4.177428 ], [ 30.073871000000111, -4.17679 ], [ 30.074669, -4.177062 ], [ 30.075318, -4.176762999999823 ], [ 30.075265000000115, -4.175894999999855 ], [ 30.074886, -4.175391999999874 ], [ 30.075617000000136, -4.174835 ], [ 30.075617000000136, -4.174333 ], [ 30.075035000000128, -4.173069999999882 ], [ 30.075157000000104, -4.172473 ], [ 30.07559, -4.173043 ], [ 30.07605, -4.173476999999878 ], [ 30.076834000000133, -4.173517999999888 ], [ 30.077511000000186, -4.173057 ], [ 30.077565, -4.172201 ], [ 30.077159000000165, -4.171643999999844 ], [ 30.07786300000015, -4.171358999999882 ], [ 30.078066, -4.170435999999881 ], [ 30.078358, -4.168498 ], [ 30.079396, -4.167600999999877 ], [ 30.080333, -4.166267999999832 ], [ 30.081421, -4.165908999999886 ], [ 30.082484, -4.165371 ], [ 30.082155000000171, -4.164678 ], [ 30.082864, -4.164652999999873 ], [ 30.083623000000159, -4.164909 ], [ 30.084078000000147, -4.164166 ], [ 30.084104000000139, -4.163319999999885 ], [ 30.084104000000139, -4.16244799999987 ], [ 30.084483, -4.161936 ], [ 30.085546, -4.160552 ], [ 30.085825000000114, -4.160501 ], [ 30.08666, -4.161295 ], [ 30.087116000000151, -4.161064999999837 ], [ 30.087799000000189, -4.160962 ], [ 30.088609, -4.160987999999861 ], [ 30.089115000000163, -4.160730999999885 ], [ 30.089748000000156, -4.160397999999873 ], [ 30.090482000000122, -4.16068 ], [ 30.090988, -4.160654 ], [ 30.091747000000169, -4.16009 ], [ 30.092102, -4.158757 ], [ 30.092380000000105, -4.159320999999863 ], [ 30.092886, -4.159603 ], [ 30.094658000000152, -4.159526 ], [ 30.095088, -4.159064999999885 ], [ 30.094936, -4.157706 ], [ 30.096278, -4.157449999999869 ], [ 30.096860000000106, -4.156758 ], [ 30.098252000000173, -4.156116999999881 ], [ 30.098707000000161, -4.155579 ], [ 30.099163, -4.155245 ], [ 30.100023000000135, -4.15522 ], [ 30.100454, -4.154092 ], [ 30.10096, -4.153707 ], [ 30.101542, -4.153092 ], [ 30.102276000000188, -4.152554 ], [ 30.10313600000012, -4.152271999999869 ], [ 30.103719, -4.151964 ], [ 30.104604000000108, -4.151785 ], [ 30.105364, -4.152041 ], [ 30.105921, -4.151785 ], [ 30.106629000000112, -4.151964 ], [ 30.106629000000112, -4.152349 ], [ 30.107338, -4.153374 ], [ 30.107793000000186, -4.153425 ], [ 30.108654000000172, -4.153169 ], [ 30.108983, -4.152682 ], [ 30.109312000000102, -4.151785 ], [ 30.109970000000146, -4.151426 ], [ 30.110552, -4.151298 ], [ 30.111311000000114, -4.151298 ], [ 30.112172000000101, -4.150888 ], [ 30.112805, -4.150375 ], [ 30.112374000000102, -4.149837 ], [ 30.113235000000145, -4.14958 ], [ 30.113513, -4.148938999999814 ], [ 30.112982000000159, -4.148247 ], [ 30.113209, -4.147555 ], [ 30.113058, -4.146452999999894 ], [ 30.113058, -4.145556 ], [ 30.113539, -4.146043 ], [ 30.114424, -4.146171 ], [ 30.114728000000184, -4.145684 ], [ 30.115285, -4.144094 ], [ 30.115184000000113, -4.143402 ], [ 30.115816000000166, -4.142915 ], [ 30.11612, -4.142351 ], [ 30.115538, -4.141916 ], [ 30.116247000000101, -4.141711 ], [ 30.11657600000018, -4.141096 ], [ 30.11612, -4.140327 ], [ 30.116677000000152, -4.140019 ], [ 30.116905, -4.139327 ], [ 30.117284, -4.14007 ], [ 30.117867, -4.140173 ], [ 30.117765000000134, -4.140634 ], [ 30.118196, -4.141608 ], [ 30.121106000000168, -4.141506 ], [ 30.121713000000113, -4.141044 ], [ 30.122397, -4.141403 ], [ 30.122802000000149, -4.141147 ], [ 30.123688000000129, -4.140942 ], [ 30.124143000000117, -4.140506 ], [ 30.12411800000018, -4.139686 ], [ 30.123966, -4.139019 ], [ 30.123536000000115, -4.138659999999845 ], [ 30.121941000000163, -4.137943 ], [ 30.121967000000154, -4.137275999999815 ], [ 30.123283000000185, -4.137814 ], [ 30.123890000000131, -4.137378999999896 ], [ 30.123966, -4.13666099999989 ], [ 30.123586, -4.135916999999893 ], [ 30.124396, -4.136225 ], [ 30.124827, -4.135686 ], [ 30.126193, -4.136199 ], [ 30.127484000000152, -4.135250999999869 ], [ 30.12776300000013, -4.134045999999898 ], [ 30.128395000000182, -4.133995 ], [ 30.128623, -4.133327999999892 ], [ 30.12943300000012, -4.133583999999871 ], [ 30.130572, -4.132636 ], [ 30.130850000000123, -4.133482 ], [ 30.131306000000166, -4.133995 ], [ 30.131888000000174, -4.133687 ], [ 30.132332000000133, -4.13407299999983 ], [ 30.132636000000105, -4.134765 ], [ 30.133344, -4.134688 ], [ 30.133825, -4.134201 ], [ 30.133952, -4.133713999999884 ], [ 30.133522, -4.13274 ], [ 30.134888, -4.132200999999839 ], [ 30.134863000000109, -4.131586 ], [ 30.135369, -4.131253 ], [ 30.136154, -4.131432 ], [ 30.136837, -4.130971 ], [ 30.13688800000017, -4.130252999999868 ], [ 30.137849000000131, -4.130175999999892 ], [ 30.138356000000158, -4.129894 ], [ 30.138634, -4.129203 ], [ 30.138305000000173, -4.128613 ], [ 30.139191, -4.128588 ], [ 30.139545000000112, -4.128152 ], [ 30.139368, -4.127254999999877 ], [ 30.139976, -4.127485 ], [ 30.1406080000001, -4.127229 ], [ 30.140887000000134, -4.126459999999895 ], [ 30.141342000000122, -4.126691 ], [ 30.142127, -4.126434 ], [ 30.142178000000172, -4.125511 ], [ 30.14276000000018, -4.125742 ], [ 30.143367000000126, -4.125281 ], [ 30.143620000000112, -4.12464 ], [ 30.144228000000169, -4.124331999999868 ], [ 30.144987, -4.124307 ], [ 30.145923, -4.123999 ], [ 30.146429000000182, -4.122974 ], [ 30.147061, -4.122487 ], [ 30.147871000000123, -4.122487 ], [ 30.148580000000152, -4.122281 ], [ 30.148631000000137, -4.121615 ], [ 30.149365000000103, -4.121537999999873 ], [ 30.149592, -4.120743 ], [ 30.149339000000111, -4.120026 ], [ 30.149441, -4.119231 ], [ 30.1502, -4.119461999999885 ], [ 30.151010000000156, -4.119231 ], [ 30.151567, -4.119205 ], [ 30.15232600000013, -4.119205 ], [ 30.152781000000118, -4.118743999999822 ], [ 30.15306, -4.118154 ], [ 30.152984, -4.11736 ], [ 30.153768, -4.118000999999879 ], [ 30.155059000000165, -4.11718 ], [ 30.155338000000143, -4.116565 ], [ 30.155793000000131, -4.116078 ], [ 30.156603000000189, -4.115975 ], [ 30.157362, -4.115899 ], [ 30.158122000000105, -4.115873 ], [ 30.158805, -4.115385999999887 ], [ 30.158653000000129, -4.114694 ], [ 30.159159000000102, -4.114361 ], [ 30.1604, -4.113206999999875 ], [ 30.160779, -4.112566 ], [ 30.160501000000124, -4.111796999999854 ], [ 30.160729000000117, -4.111489 ], [ 30.16164, -4.111054 ], [ 30.162323, -4.110233 ], [ 30.162475, -4.109362 ], [ 30.162298000000135, -4.108644 ], [ 30.161564000000112, -4.108157 ], [ 30.162753000000123, -4.10808 ], [ 30.162855, -4.107337 ], [ 30.163411000000167, -4.107797999999889 ], [ 30.164069, -4.107542 ], [ 30.164095, -4.106746999999814 ], [ 30.164829000000111, -4.106414 ], [ 30.165132000000142, -4.104825 ], [ 30.16493, -4.103926999999885 ], [ 30.165765, -4.104158 ], [ 30.166069, -4.103926999999885 ], [ 30.166398, -4.10320999999982 ], [ 30.167182, -4.103055999999867 ], [ 30.167638000000181, -4.102415 ], [ 30.167689000000109, -4.101722999999879 ], [ 30.167410000000132, -4.101389999999867 ], [ 30.1666, -4.100903 ], [ 30.166955000000144, -4.100287 ], [ 30.167942, -4.101236 ], [ 30.168726000000106, -4.101159 ], [ 30.169005000000141, -4.100544 ], [ 30.168954000000156, -4.099775 ], [ 30.169384, -4.099236 ], [ 30.170042000000137, -4.099826 ], [ 30.170751000000166, -4.09957 ], [ 30.170827, -4.098775 ], [ 30.171359, -4.098339 ], [ 30.17151, -4.097851999999875 ], [ 30.171359, -4.097006 ], [ 30.170979, -4.096417 ], [ 30.171688, -4.095904 ], [ 30.171662, -4.095390999999893 ], [ 30.171485000000132, -4.094699 ], [ 30.17189, -4.094392 ], [ 30.172346000000175, -4.094289 ], [ 30.173358, -4.094878999999821 ], [ 30.173915000000136, -4.094596999999851 ], [ 30.174193, -4.093699 ], [ 30.174775, -4.093571 ], [ 30.175509, -4.093853 ], [ 30.176091, -4.093469 ], [ 30.176648000000114, -4.09229 ], [ 30.177205000000185, -4.091930999999875 ], [ 30.177458000000172, -4.091623 ], [ 30.17773700000015, -4.090906 ], [ 30.177863000000116, -4.090008 ], [ 30.178597, -4.089752 ], [ 30.179584, -4.08906 ], [ 30.180202000000179, -4.08854 ], [ 30.180179, -4.08766 ], [ 30.180014, -4.086779 ], [ 30.179568000000131, -4.086208 ], [ 30.178863, -4.086279 ], [ 30.17757, -4.087374 ], [ 30.177641, -4.086612 ], [ 30.178134000000171, -4.086065 ], [ 30.178158000000167, -4.085350999999889 ], [ 30.176654, -4.08501699999988 ], [ 30.177241000000151, -4.084303 ], [ 30.178675000000169, -4.084494 ], [ 30.179333, -4.083994 ], [ 30.179615000000126, -4.083185 ], [ 30.179098000000124, -4.081828 ], [ 30.179920000000152, -4.081923 ], [ 30.180555, -4.082065999999884 ], [ 30.181166000000189, -4.081661 ], [ 30.180696, -4.080971 ], [ 30.181096, -4.080350999999894 ], [ 30.182459, -4.080256 ], [ 30.182318000000123, -4.079399 ], [ 30.181871, -4.078757 ], [ 30.182388, -4.078376 ], [ 30.182999000000166, -4.07909 ], [ 30.183446000000174, -4.078732999999886 ], [ 30.183751, -4.078043 ], [ 30.183704, -4.077399999999898 ], [ 30.183070000000157, -4.076543 ], [ 30.183681, -4.07635299999987 ], [ 30.184503, -4.07621 ], [ 30.184832000000142, -4.07547199999982 ], [ 30.184879, -4.07471 ], [ 30.183493000000169, -4.074067999999897 ], [ 30.183563000000106, -4.073281999999892 ], [ 30.183352, -4.072878 ], [ 30.182952000000171, -4.071854 ], [ 30.183422000000178, -4.071449 ], [ 30.184339000000193, -4.07095 ], [ 30.184268, -4.070378 ], [ 30.183728, -4.069783 ], [ 30.184292, -4.069593 ], [ 30.184598000000108, -4.069141 ], [ 30.185867000000144, -4.068379 ], [ 30.186219000000108, -4.067546 ], [ 30.186219000000108, -4.066903 ], [ 30.185679, -4.066213 ], [ 30.186854, -4.066307999999822 ], [ 30.187018000000137, -4.065474999999822 ], [ 30.187653000000125, -4.06488 ], [ 30.187418, -4.064356 ], [ 30.186595000000125, -4.063737999999887 ], [ 30.187630000000183, -4.063666 ], [ 30.188358000000164, -4.063595 ], [ 30.188123, -4.06269 ], [ 30.187536000000193, -4.062309 ], [ 30.187677000000122, -4.061737999999878 ], [ 30.188217, -4.061476 ], [ 30.188828000000171, -4.060856999999885 ], [ 30.188946000000158, -4.059190999999885 ], [ 30.188617000000136, -4.058501 ], [ 30.187677000000122, -4.057144 ], [ 30.188288, -4.056905999999856 ], [ 30.189063, -4.05693 ], [ 30.189698000000192, -4.05643 ], [ 30.189627, -4.055692 ], [ 30.190309000000127, -4.05593 ], [ 30.190826000000129, -4.055312 ], [ 30.190943000000175, -4.05455 ], [ 30.191719, -4.054074 ], [ 30.191695, -4.053264 ], [ 30.191366000000187, -4.052598 ], [ 30.190591, -4.052645999999811 ], [ 30.190756713000155, -4.051974333999908 ], [ 30.190779000000134, -4.051884 ], [ 30.191977000000122, -4.051098 ], [ 30.1932690000001, -4.050073999999881 ], [ 30.193833, -4.049479 ], [ 30.194256, -4.048765 ], [ 30.195455000000152, -4.047813 ], [ 30.19590200000016, -4.047099 ], [ 30.196066, -4.046241999999893 ], [ 30.196748000000184, -4.046432 ], [ 30.198252, -4.047218 ], [ 30.200155000000166, -4.046004 ], [ 30.200672000000111, -4.046622999999897 ], [ 30.201354, -4.047932 ], [ 30.202012000000138, -4.047932 ], [ 30.202858000000163, -4.047837 ], [ 30.203305, -4.048479 ], [ 30.204033, -4.048432 ], [ 30.204644000000144, -4.048026999999877 ], [ 30.204809000000125, -4.047407999999848 ], [ 30.20455, -4.046861 ], [ 30.203845000000115, -4.046171 ], [ 30.202976000000149, -4.046123 ], [ 30.203258, -4.045408999999893 ], [ 30.205279000000132, -4.046004 ], [ 30.205584000000101, -4.045361 ], [ 30.205091, -4.044671 ], [ 30.206907000000172, -4.044036999999889 ], [ 30.206979000000103, -4.043679 ], [ 30.206944000000192, -4.043653 ], [ 30.207151000000124, -4.042823999999882 ], [ 30.208471, -4.041828999999893 ], [ 30.208574, -4.040958999999873 ], [ 30.20973000000015, -4.040027 ], [ 30.210927, -4.039074 ], [ 30.212495000000104, -4.039343 ], [ 30.212742000000162, -4.037976 ], [ 30.213217, -4.037147 ], [ 30.214104000000191, -4.036484 ], [ 30.215074000000186, -4.036401 ], [ 30.21559, -4.035925 ], [ 30.215239000000167, -4.0352 ], [ 30.215507000000116, -4.034516 ], [ 30.216539, -4.034328999999843 ], [ 30.216704, -4.033936 ], [ 30.216188000000159, -4.033251999999891 ], [ 30.215652, -4.032754999999895 ], [ 30.217034000000183, -4.03205 ], [ 30.216951, -4.031429 ], [ 30.217364, -4.030435 ], [ 30.217447, -4.028425 ], [ 30.217199000000164, -4.027740999999821 ], [ 30.218685000000164, -4.028135 ], [ 30.219015000000127, -4.027576 ], [ 30.219077, -4.026561 ], [ 30.22052100000019, -4.025898 ], [ 30.221883000000105, -4.026643 ], [ 30.222956, -4.026043 ], [ 30.223864, -4.024674999999888 ], [ 30.224215000000129, -4.023184 ], [ 30.225226000000134, -4.022085999999888 ], [ 30.225412, -4.021049999999889 ], [ 30.225143000000173, -4.020510999999885 ], [ 30.224401, -4.020242 ], [ 30.224256000000139, -4.018127999999876 ], [ 30.225701000000186, -4.018356 ], [ 30.226361, -4.018003999999848 ], [ 30.227083000000107, -4.01819 ], [ 30.227908000000184, -4.01783799999987 ], [ 30.227743, -4.01645 ], [ 30.228527, -4.015808 ], [ 30.229332, -4.015145 ], [ 30.228342000000168, -4.013239 ], [ 30.229539000000102, -4.012949 ], [ 30.230158000000188, -4.011457 ], [ 30.230178, -4.010815 ], [ 30.229291, -4.010586999999873 ], [ 30.227785, -4.010213999999849 ], [ 30.225081, -4.009675 ], [ 30.223039, -4.009489 ], [ 30.222605000000158, -4.009157 ], [ 30.222564000000148, -4.008018 ], [ 30.222853, -4.00723 ], [ 30.222151, -4.006711999999879 ], [ 30.221594000000152, -4.007023 ], [ 30.220769000000132, -4.005656 ], [ 30.219324, -4.005822 ], [ 30.220439000000169, -4.004888999999878 ], [ 30.219943000000171, -4.004371 ], [ 30.219118, -4.004537 ], [ 30.219159000000104, -4.003086999999823 ], [ 30.218272000000127, -4.002630999999838 ], [ 30.219307000000128, -4.001414 ], [ 30.218935, -4.000231 ], [ 30.218501, -4.000044 ], [ 30.217758, -3.998395 ], [ 30.216611000000171, -3.997368 ], [ 30.216022000000123, -3.99581099999989 ], [ 30.215464000000111, -3.995282 ], [ 30.215402000000154, -3.993881999999871 ], [ 30.215309000000104, -3.992326 ], [ 30.215495, -3.991764999999873 ], [ 30.215017000000103, -3.991449 ], [ 30.211763000000133, -3.991234 ], [ 30.215018000000157, -3.991449 ], [ 30.214225000000113, -3.990925 ], [ 30.215309000000104, -3.989804999999876 ], [ 30.215681000000131, -3.988434999999868 ], [ 30.216456000000107, -3.988964 ], [ 30.218099000000166, -3.987813 ], [ 30.219307000000128, -3.985758 ], [ 30.220392000000174, -3.985292 ], [ 30.221105000000193, -3.983922 ], [ 30.222220000000107, -3.98249 ], [ 30.222964, -3.981121 ], [ 30.223987, -3.979813999999863 ], [ 30.225257, -3.978662 ], [ 30.22609400000016, -3.976514 ], [ 30.22609400000016, -3.975642999999877 ], [ 30.227303000000177, -3.974397999999894 ], [ 30.227303000000177, -3.972748 ], [ 30.22776800000014, -3.971597 ], [ 30.227365000000191, -3.970942999999863 ], [ 30.22693100000015, -3.970600999999874 ], [ 30.226187, -3.970881 ], [ 30.22693100000015, -3.969573 ], [ 30.228170000000148, -3.968827 ], [ 30.228356, -3.967301 ], [ 30.228790000000117, -3.966679 ], [ 30.229131000000109, -3.964251 ], [ 30.228976, -3.963410999999894 ], [ 30.229255, -3.962789 ], [ 30.229534, -3.963536 ], [ 30.230371, -3.963878 ], [ 30.23096, -3.963317999999845 ], [ 30.230557000000147, -3.961823999999865 ], [ 30.231177000000116, -3.960236999999893 ], [ 30.231208, -3.959333999999899 ], [ 30.230216000000155, -3.958992 ], [ 30.229875, -3.957809 ], [ 30.230805, -3.955536999999879 ], [ 30.230712000000153, -3.954042999999899 ], [ 30.229782000000114, -3.953545 ], [ 30.231889, -3.953172 ], [ 30.232943, -3.95311 ], [ 30.233408000000111, -3.952425 ], [ 30.233036, -3.951584 ], [ 30.233191, -3.950650999999823 ], [ 30.23254, -3.949966 ], [ 30.233625000000131, -3.950029 ], [ 30.233811, -3.949156999999843 ], [ 30.233439, -3.948379 ], [ 30.233439, -3.947569999999871 ], [ 30.233036, -3.94716499999987 ], [ 30.233966000000123, -3.946075999999891 ], [ 30.234276000000193, -3.945359999999823 ], [ 30.233408000000111, -3.944022 ], [ 30.234493, -3.944053 ], [ 30.234896000000163, -3.943213 ], [ 30.234803000000113, -3.942434 ], [ 30.233997, -3.942029999999875 ], [ 30.233253000000104, -3.942061 ], [ 30.231982, -3.941065 ], [ 30.233346000000154, -3.939135 ], [ 30.233656, -3.938419999999894 ], [ 30.23502, -3.937797 ], [ 30.236104, -3.936365 ], [ 30.23601100000019, -3.935586999999884 ], [ 30.237065, -3.935462 ], [ 30.237623, -3.934809 ], [ 30.23722, -3.933937 ], [ 30.236817, -3.93347 ], [ 30.237034000000108, -3.932692 ], [ 30.238583, -3.932723 ], [ 30.239544000000137, -3.931198 ], [ 30.240443, -3.929735 ], [ 30.241156000000103, -3.929175 ], [ 30.240939, -3.927432 ], [ 30.24035, -3.926903 ], [ 30.241156000000103, -3.926249999999868 ], [ 30.241032000000132, -3.925596 ], [ 30.240474000000177, -3.925222 ], [ 30.240691, -3.924226 ], [ 30.240133000000185, -3.923634999999877 ], [ 30.241156000000103, -3.923324 ], [ 30.241621, -3.922515 ], [ 30.242147, -3.922452 ], [ 30.243697, -3.922825999999816 ], [ 30.244379000000151, -3.922017 ], [ 30.24425500000018, -3.921301 ], [ 30.244844, -3.920958999999868 ], [ 30.245309000000191, -3.920211999999879 ], [ 30.245773, -3.920709999999872 ], [ 30.246858, -3.92099 ], [ 30.247571000000107, -3.921176999999886 ], [ 30.248625000000118, -3.920460999999875 ], [ 30.249771, -3.919154 ], [ 30.250112, -3.91884199999987 ], [ 30.250019000000179, -3.917691 ], [ 30.250391, -3.916321 ], [ 30.250670000000184, -3.916134999999883 ], [ 30.251406, -3.914397 ], [ 30.251194, -3.913157 ], [ 30.2507, -3.912624999999821 ], [ 30.25154700000013, -3.912023 ], [ 30.251406, -3.911207999999817 ], [ 30.250912000000142, -3.91057 ], [ 30.251618000000121, -3.909861 ], [ 30.252289, -3.908797999999877 ], [ 30.252147, -3.90816 ], [ 30.252218, -3.907664 ], [ 30.253348, -3.907912 ], [ 30.253665, -3.907132999999874 ], [ 30.252959, -3.905857 ], [ 30.252818000000104, -3.905113 ], [ 30.253065000000106, -3.904545999999868 ], [ 30.254548, -3.903837 ], [ 30.25543, -3.903376 ], [ 30.25543, -3.90238399999987 ], [ 30.255218, -3.901463 ], [ 30.255854000000113, -3.900577 ], [ 30.255501, -3.899265999999898 ], [ 30.255571, -3.897778 ], [ 30.255819, -3.896856 ], [ 30.257089000000178, -3.897103999999899 ], [ 30.25776, -3.896537 ], [ 30.257654, -3.895651 ], [ 30.257230000000106, -3.894942999999898 ], [ 30.258642, -3.89409199999983 ], [ 30.259101, -3.89309999999989 ], [ 30.259949, -3.89232 ], [ 30.260054, -3.891681999999889 ], [ 30.259807, -3.891115 ], [ 30.259701000000121, -3.889485 ], [ 30.259172, -3.889059999999859 ], [ 30.258642, -3.889166 ], [ 30.257866000000149, -3.889591999999823 ], [ 30.257795000000158, -3.888883 ], [ 30.257725, -3.886969 ], [ 30.25716, -3.885056 ], [ 30.25656, -3.883886 ], [ 30.257478, -3.883886 ], [ 30.258254000000136, -3.88459499999982 ], [ 30.258890000000179, -3.884701 ], [ 30.260584000000165, -3.884418 ], [ 30.261537000000146, -3.88417 ], [ 30.261431, -3.883353999999883 ], [ 30.260760000000175, -3.882149 ], [ 30.260372, -3.880413 ], [ 30.262384, -3.880022999999881 ], [ 30.2635140000001, -3.880165 ], [ 30.264149, -3.879774999999881 ], [ 30.26482, -3.88059 ], [ 30.265385, -3.880695999999887 ], [ 30.26602, -3.880093999999815 ], [ 30.265879, -3.877791 ], [ 30.266267, -3.877082 ], [ 30.267397, -3.876798 ], [ 30.268456000000128, -3.876302 ], [ 30.268491000000154, -3.875594 ], [ 30.269232, -3.875983 ], [ 30.269973, -3.877187999999876 ], [ 30.270573000000127, -3.877755 ], [ 30.27138500000018, -3.877755 ], [ 30.272338000000161, -3.876657 ], [ 30.272691, -3.875096999999812 ], [ 30.27308, -3.874211 ], [ 30.273715, -3.874352999999871 ], [ 30.273503, -3.875061999999843 ], [ 30.273856000000137, -3.875770999999872 ], [ 30.274845, -3.876054 ], [ 30.275798, -3.875558 ], [ 30.276468, -3.873715 ], [ 30.277139, -3.873432 ], [ 30.278339000000187, -3.874211 ], [ 30.279151, -3.874318 ], [ 30.279715000000181, -3.873608999999874 ], [ 30.279221000000121, -3.872121 ], [ 30.280809, -3.871766 ], [ 30.281268, -3.871198999999876 ], [ 30.281374000000142, -3.870561999999836 ], [ 30.282115000000147, -3.869959 ], [ 30.282398000000114, -3.869428 ], [ 30.282468, -3.868719 ], [ 30.283774000000108, -3.869144 ], [ 30.284869000000128, -3.868860999999868 ], [ 30.285328, -3.867939 ], [ 30.28511600000013, -3.867124 ], [ 30.284339000000102, -3.866274 ], [ 30.285857000000135, -3.866274 ], [ 30.286704, -3.865741999999898 ], [ 30.286775, -3.864927 ], [ 30.287163000000191, -3.864395999999829 ], [ 30.288187, -3.863545 ], [ 30.288681, -3.862695 ], [ 30.289528000000132, -3.862943 ], [ 30.290058000000101, -3.862128 ], [ 30.290058000000101, -3.861561 ], [ 30.289846000000125, -3.861064999999826 ], [ 30.290199, -3.860356 ], [ 30.290375, -3.861348 ], [ 30.290764, -3.862092 ], [ 30.291222000000118, -3.862658999999894 ], [ 30.292070000000137, -3.862729999999829 ], [ 30.292776000000117, -3.862305 ], [ 30.293905, -3.8611 ], [ 30.295388, -3.860037 ], [ 30.296376, -3.859682 ], [ 30.297153, -3.858583999999894 ], [ 30.297717, -3.857875 ], [ 30.298529, -3.857484999999883 ], [ 30.299235000000181, -3.856139 ], [ 30.299447000000157, -3.854792 ], [ 30.298882000000106, -3.852631 ], [ 30.298565000000167, -3.851674 ], [ 30.299624, -3.851709 ], [ 30.300506, -3.850717 ], [ 30.300506, -3.849937 ], [ 30.301247, -3.850681 ], [ 30.302271, -3.850433 ], [ 30.303153000000179, -3.849477 ], [ 30.304212, -3.849582999999882 ], [ 30.304989, -3.848555 ], [ 30.305624, -3.846854 ], [ 30.30626, -3.846181 ], [ 30.307495, -3.846181 ], [ 30.308378000000118, -3.845791 ], [ 30.308837, -3.845295 ], [ 30.30862500000012, -3.843984 ], [ 30.309013000000107, -3.842566 ], [ 30.309967000000142, -3.842494999999872 ], [ 30.310920000000124, -3.841468 ], [ 30.311061000000109, -3.839944 ], [ 30.311696, -3.839483 ], [ 30.312014, -3.838739 ], [ 30.311767, -3.837250999999867 ], [ 30.311025000000143, -3.83601 ], [ 30.310708, -3.835301999999899 ], [ 30.311061000000109, -3.833883999999898 ], [ 30.310284, -3.832679 ], [ 30.30866, -3.832573 ], [ 30.309402000000148, -3.831935 ], [ 30.310814, -3.831616 ], [ 30.311943, -3.830659 ], [ 30.312684000000104, -3.830659 ], [ 30.313073, -3.830021 ], [ 30.314344000000119, -3.829915 ], [ 30.315155, -3.829383999999891 ], [ 30.315261000000135, -3.828072 ], [ 30.315049, -3.827009 ], [ 30.314132000000143, -3.82623 ], [ 30.315720000000113, -3.826122999999882 ], [ 30.316320000000189, -3.825166 ], [ 30.316532000000166, -3.824705999999878 ], [ 30.315967000000114, -3.824316 ], [ 30.314555000000155, -3.82420999999988 ], [ 30.314979, -3.823607 ], [ 30.315685, -3.823855 ], [ 30.31709700000016, -3.824564 ], [ 30.317662, -3.823784 ], [ 30.316850000000159, -3.821658 ], [ 30.316885, -3.820808 ], [ 30.317556000000138, -3.819674 ], [ 30.317238, -3.818823 ], [ 30.319462000000101, -3.818964999999878 ], [ 30.320556000000181, -3.818291999999872 ], [ 30.32105, -3.817016 ], [ 30.320909, -3.815811 ], [ 30.321686, -3.815563 ], [ 30.323239000000171, -3.816272 ], [ 30.323415000000125, -3.815031 ], [ 30.323203, -3.81411 ], [ 30.321933000000115, -3.813153 ], [ 30.323274, -3.812622 ], [ 30.324051000000168, -3.812054999999873 ], [ 30.323980000000176, -3.811275 ], [ 30.324615000000108, -3.810708 ], [ 30.324933000000158, -3.810106 ], [ 30.324368000000106, -3.809184 ], [ 30.323698, -3.808688 ], [ 30.322992000000113, -3.808546 ], [ 30.321191000000169, -3.809149 ], [ 30.321827, -3.807837999999833 ], [ 30.321721000000139, -3.807022 ], [ 30.32355600000011, -3.807519 ], [ 30.324721000000181, -3.806916 ], [ 30.324545, -3.806066 ], [ 30.323627000000101, -3.805003 ], [ 30.324227000000178, -3.804117 ], [ 30.326027, -3.803691 ], [ 30.326380000000142, -3.803124 ], [ 30.326239, -3.802308999999866 ], [ 30.325427000000161, -3.801919 ], [ 30.324156000000187, -3.801848999999891 ], [ 30.323945, -3.800998 ], [ 30.324227000000178, -3.800537 ], [ 30.325109000000168, -3.800998 ], [ 30.325886000000139, -3.801103999999896 ], [ 30.326274, -3.800467 ], [ 30.326063, -3.799333 ], [ 30.325215, -3.798376 ], [ 30.325462, -3.797524999999894 ], [ 30.325427000000161, -3.796674999999823 ], [ 30.324298, -3.796037 ], [ 30.324509, -3.795008999999823 ], [ 30.325321, -3.794016999999883 ], [ 30.327792000000102, -3.793024999999886 ], [ 30.328322, -3.79228 ], [ 30.328357000000153, -3.791005 ], [ 30.327757, -3.790473 ], [ 30.328322, -3.789658 ], [ 30.329381000000126, -3.789162 ], [ 30.329698, -3.788523999999882 ], [ 30.331075000000112, -3.788382 ], [ 30.331393000000162, -3.787638 ], [ 30.33104, -3.786327 ], [ 30.330722, -3.785583 ], [ 30.330192, -3.785122 ], [ 30.330545000000143, -3.784839 ], [ 30.331251000000123, -3.785688999999877 ], [ 30.332346000000143, -3.785759999999811 ], [ 30.333405, -3.784449 ], [ 30.334463000000142, -3.784767999999872 ], [ 30.335805000000164, -3.784626 ], [ 30.33637, -3.783173 ], [ 30.336158, -3.780691999999874 ], [ 30.337782000000118, -3.781366 ], [ 30.338840000000118, -3.780586 ], [ 30.33891100000011, -3.779770999999869 ], [ 30.340464000000168, -3.77927499999987 ], [ 30.341065000000185, -3.778035 ], [ 30.343994, -3.777114 ], [ 30.344842, -3.777043 ], [ 30.345512, -3.776475999999832 ], [ 30.345618000000115, -3.775874 ], [ 30.347136000000148, -3.77559 ], [ 30.347630000000152, -3.774952 ], [ 30.347489, -3.774173 ], [ 30.349889000000189, -3.774173 ], [ 30.350984, -3.775023 ], [ 30.351866000000143, -3.775731999999891 ], [ 30.353278000000103, -3.77597999999989 ], [ 30.354019000000108, -3.776015 ], [ 30.35553700000014, -3.775626 ], [ 30.356349, -3.776724 ], [ 30.357337, -3.776795 ], [ 30.357231000000127, -3.777433 ], [ 30.356137, -3.778212 ], [ 30.356172000000129, -3.779098 ], [ 30.356773, -3.779701 ], [ 30.357973, -3.780551 ], [ 30.359456, -3.781436999999869 ], [ 30.35995, -3.781436999999869 ], [ 30.360868000000153, -3.780622 ], [ 30.361679, -3.778318999999897 ], [ 30.362385, -3.777681 ], [ 30.363409000000104, -3.777396999999894 ], [ 30.364856, -3.777148999999895 ], [ 30.366974, -3.77559 ], [ 30.371846, -3.775555 ], [ 30.37428100000011, -3.776299 ], [ 30.375305, -3.776192999999864 ], [ 30.375905000000159, -3.775731999999891 ], [ 30.378834, -3.777326 ], [ 30.380105, -3.77683 ], [ 30.379929, -3.778035 ], [ 30.380282000000136, -3.77885 ], [ 30.381164, -3.779062999999894 ], [ 30.382258, -3.778602 ], [ 30.384023, -3.778638 ], [ 30.385859, -3.780091 ], [ 30.386, -3.780516 ], [ 30.385682, -3.780975999999839 ], [ 30.384129, -3.781756 ], [ 30.383847, -3.7825 ], [ 30.384059, -3.783882 ], [ 30.384729, -3.78494499999988 ], [ 30.385400000000118, -3.785371 ], [ 30.384764, -3.785867 ], [ 30.385541, -3.788135 ], [ 30.386706000000174, -3.788985 ], [ 30.388894, -3.789198 ], [ 30.390483, -3.789090999999814 ], [ 30.390589, -3.789764999999875 ], [ 30.391154000000142, -3.79022499999985 ], [ 30.390977, -3.791324 ], [ 30.391401000000144, -3.792316 ], [ 30.392424, -3.792564 ], [ 30.393695, -3.791997 ], [ 30.394825000000139, -3.790722 ], [ 30.396131, -3.790933999999879 ], [ 30.396131, -3.792387 ], [ 30.396237, -3.793698 ], [ 30.394542000000172, -3.794016999999883 ], [ 30.39426, -3.794689999999889 ], [ 30.394472, -3.795541 ], [ 30.395107000000166, -3.796002 ], [ 30.396413, -3.79610799999989 ], [ 30.396329, -3.797027 ], [ 30.3968, -3.797722999999849 ], [ 30.397852000000114, -3.79763899999989 ], [ 30.398213000000112, -3.797027 ], [ 30.398573, -3.796053 ], [ 30.399099, -3.79558 ], [ 30.400124000000176, -3.796219999999835 ], [ 30.401011, -3.796303 ], [ 30.401592000000107, -3.795941 ], [ 30.401842, -3.795634999999834 ], [ 30.401869, -3.794688999999892 ], [ 30.402257, -3.794020999999873 ], [ 30.402784000000167, -3.793631 ], [ 30.404668, -3.79366 ], [ 30.404695000000174, -3.793048 ], [ 30.405139000000133, -3.791656 ], [ 30.404917, -3.790042 ], [ 30.406108000000188, -3.789123 ], [ 30.405554, -3.788038 ], [ 30.406219000000135, -3.787926 ], [ 30.406274, -3.787146999999891 ], [ 30.407604000000163, -3.787119 ], [ 30.40876800000018, -3.786034 ], [ 30.409737, -3.78522699999985 ], [ 30.410375000000101, -3.784392 ], [ 30.410375000000101, -3.783055999999874 ], [ 30.410735, -3.781914 ], [ 30.411067000000173, -3.780856999999855 ], [ 30.410541, -3.779215 ], [ 30.410153, -3.777183 ], [ 30.410208000000125, -3.775123 ], [ 30.410292, -3.774148999999852 ], [ 30.408879000000127, -3.773648 ], [ 30.409322, -3.772341 ], [ 30.40935, -3.771589 ], [ 30.409266000000173, -3.770086 ], [ 30.409488, -3.7685 ], [ 30.41056900000018, -3.766468 ], [ 30.410375000000101, -3.765967 ], [ 30.409959000000129, -3.76499299999989 ], [ 30.409571, -3.76413 ], [ 30.408546000000115, -3.764213 ], [ 30.408352, -3.763796 ], [ 30.408020000000135, -3.763405999999861 ], [ 30.407383, -3.763044 ], [ 30.406219000000135, -3.76271 ], [ 30.406053, -3.762320999999872 ], [ 30.405554, -3.761541 ], [ 30.404529000000139, -3.761374 ], [ 30.404169, -3.759203 ], [ 30.40392, -3.75848 ], [ 30.404391, -3.757784 ], [ 30.404695000000174, -3.756559 ], [ 30.404335, -3.755975 ], [ 30.404778000000135, -3.755695999999887 ], [ 30.405222, -3.754834 ], [ 30.404889, -3.753498 ], [ 30.40472300000016, -3.75283 ], [ 30.404335, -3.751967 ], [ 30.40358700000013, -3.751159999999857 ], [ 30.403005000000121, -3.74988 ], [ 30.401953000000162, -3.74873899999983 ], [ 30.402147000000184, -3.747013 ], [ 30.400955000000181, -3.746372999999892 ], [ 30.401066000000128, -3.745427 ], [ 30.400457000000188, -3.744842 ], [ 30.400235000000123, -3.744202 ], [ 30.4009, -3.744034999999883 ], [ 30.401121, -3.743199999999831 ], [ 30.399127, -3.740973 ], [ 30.398961, -3.740222 ], [ 30.398739000000148, -3.739888 ], [ 30.397908000000143, -3.739497999999855 ], [ 30.397686, -3.73899699999987 ], [ 30.398102000000165, -3.737272 ], [ 30.398600000000158, -3.737577999999871 ], [ 30.399404, -3.737439 ], [ 30.399487000000192, -3.735907999999824 ], [ 30.399071, -3.735045 ], [ 30.398379, -3.734516 ], [ 30.398406000000136, -3.732986 ], [ 30.398628, -3.731845 ], [ 30.398323000000175, -3.731094 ], [ 30.396467, -3.729563 ], [ 30.395858000000146, -3.729506999999899 ], [ 30.394916, -3.729897 ], [ 30.394223, -3.729813 ], [ 30.393253, -3.729089999999871 ], [ 30.392755, -3.728088 ], [ 30.39231100000012, -3.727948 ], [ 30.391591, -3.728170999999861 ], [ 30.390815000000146, -3.728170999999861 ], [ 30.390705, -3.727586999999858 ], [ 30.391037, -3.726667999999847 ], [ 30.390621, -3.726167 ], [ 30.390317000000152, -3.725249 ], [ 30.389906, -3.724756999999897 ], [ 30.389596, -3.724386 ], [ 30.389264, -3.722187 ], [ 30.389125, -3.720267 ], [ 30.389624, -3.719404 ], [ 30.392034000000137, -3.718457999999828 ], [ 30.392034000000137, -3.716174999999851 ], [ 30.391425, -3.715953 ], [ 30.391120000000171, -3.715201 ], [ 30.390538000000163, -3.714588999999876 ], [ 30.389707000000158, -3.714477 ], [ 30.388904000000139, -3.715062 ], [ 30.388682, -3.714337999999884 ], [ 30.38702, -3.714309999999898 ], [ 30.387463, -3.71367 ], [ 30.389125, -3.713308 ], [ 30.389513, -3.71283499999987 ], [ 30.390400000000113, -3.711249 ], [ 30.391120000000171, -3.710692 ], [ 30.391342, -3.709968999999887 ], [ 30.391397000000154, -3.709133999999892 ], [ 30.392007, -3.708717 ], [ 30.39209000000011, -3.708215999999879 ], [ 30.391619, -3.706629 ], [ 30.390483, -3.70546 ], [ 30.390982000000122, -3.704847999999856 ], [ 30.39170200000018, -3.705627 ], [ 30.392644000000132, -3.705822 ], [ 30.393808000000149, -3.704429999999888 ], [ 30.396717, -3.705126 ], [ 30.397575, -3.705043 ], [ 30.398767000000134, -3.703428 ], [ 30.398933, -3.702844 ], [ 30.398767000000134, -3.701898 ], [ 30.397548, -3.701118 ], [ 30.398019, -3.700506 ], [ 30.399293000000114, -3.700338999999815 ], [ 30.400235000000123, -3.700644999999895 ], [ 30.400845000000118, -3.699976999999876 ], [ 30.400041, -3.699003 ], [ 30.400595, -3.698139999999853 ], [ 30.401232000000164, -3.696803999999872 ], [ 30.402645000000177, -3.695802 ], [ 30.403033000000164, -3.694577 ], [ 30.403754000000106, -3.693268999999873 ], [ 30.403532, -3.691682999999841 ], [ 30.40295, -3.691126 ], [ 30.40295, -3.690597 ], [ 30.403781, -3.689874 ], [ 30.403310000000147, -3.689067 ], [ 30.403532, -3.688594 ], [ 30.404308000000128, -3.688538 ], [ 30.404751, -3.687619 ], [ 30.405139000000133, -3.686618 ], [ 30.406192, -3.686367 ], [ 30.407133000000101, -3.687035 ], [ 30.407743, -3.68787 ], [ 30.408325000000161, -3.688565999999867 ], [ 30.40899, -3.688232 ], [ 30.409710000000132, -3.686673 ], [ 30.40935, -3.684753 ], [ 30.408657, -3.683278 ], [ 30.405637000000127, -3.680328 ], [ 30.405582, -3.679770999999846 ], [ 30.406662, -3.679186999999843 ], [ 30.407688000000178, -3.680049 ], [ 30.408713, -3.680188999999871 ], [ 30.409599, -3.678936 ], [ 30.411151000000189, -3.678602 ], [ 30.411926, -3.677266 ], [ 30.412009000000126, -3.676014 ], [ 30.411982, -3.67504 ], [ 30.411483000000146, -3.674816999999848 ], [ 30.411067000000173, -3.67401 ], [ 30.410181, -3.673954 ], [ 30.410015000000158, -3.672951999999896 ], [ 30.409599, -3.672394999999824 ], [ 30.40874, -3.671922 ], [ 30.408463, -3.671143 ], [ 30.409073, -3.670475 ], [ 30.40935, -3.670029999999883 ], [ 30.41007, -3.668471 ], [ 30.410403000000144, -3.667135 ], [ 30.411400000000185, -3.667691999999874 ], [ 30.41223100000019, -3.666551 ], [ 30.413007000000107, -3.666494999999884 ], [ 30.415472000000136, -3.666328 ], [ 30.415971, -3.666271999999822 ], [ 30.41622, -3.665298 ], [ 30.415389000000175, -3.665075999999885 ], [ 30.415334, -3.664490999999884 ], [ 30.415805000000148, -3.663906999999881 ], [ 30.415195000000153, -3.663183 ], [ 30.415611, -3.661708 ], [ 30.416968000000111, -3.660567 ], [ 30.416165, -3.659202999999877 ], [ 30.415943, -3.658284999999864 ], [ 30.415943, -3.657394 ], [ 30.416304, -3.656781999999851 ], [ 30.416276, -3.655474 ], [ 30.416027, -3.654277 ], [ 30.41622, -3.65372 ], [ 30.418187, -3.654944999999827 ], [ 30.419406, -3.654666 ], [ 30.420321, -3.653943 ], [ 30.419767, -3.652411999999856 ], [ 30.420487, -3.651939 ], [ 30.42101300000013, -3.651605 ], [ 30.420875, -3.651104 ], [ 30.420099000000164, -3.650436 ], [ 30.420653000000186, -3.649878999999885 ], [ 30.42079200000012, -3.648961 ], [ 30.421457, -3.647764 ], [ 30.420875, -3.646985 ], [ 30.421678, -3.64615 ], [ 30.422011000000111, -3.645092 ], [ 30.42262, -3.643505999999888 ], [ 30.422648, -3.642113999999822 ], [ 30.422232, -3.641250999999897 ], [ 30.423146, -3.641446 ], [ 30.423701000000108, -3.641029 ], [ 30.424144000000183, -3.640416 ], [ 30.425363000000175, -3.640889 ], [ 30.427025000000185, -3.641891 ], [ 30.428105000000187, -3.641668999999865 ], [ 30.428161, -3.640973 ], [ 30.427911000000108, -3.640361 ], [ 30.427357, -3.638969 ], [ 30.427496, -3.638274 ], [ 30.427967000000137, -3.637744999999882 ], [ 30.428743, -3.637689 ], [ 30.430599000000143, -3.637439 ], [ 30.431236, -3.636632 ], [ 30.431014000000175, -3.636019 ], [ 30.430682, -3.635574 ], [ 30.429768000000138, -3.635435 ], [ 30.429851, -3.634321 ], [ 30.430793, -3.634739 ], [ 30.431153000000108, -3.633987 ], [ 30.431679000000145, -3.634238 ], [ 30.432316, -3.633904 ], [ 30.433037, -3.63293 ], [ 30.43348, -3.631788 ], [ 30.433535, -3.630731 ], [ 30.433868, -3.629951 ], [ 30.433812, -3.627835999999888 ], [ 30.433452000000102, -3.627196 ], [ 30.432704, -3.627251999999885 ], [ 30.432178000000192, -3.627641 ], [ 30.431374000000119, -3.62753 ], [ 30.4305710000001, -3.627029 ], [ 30.430377, -3.62625 ], [ 30.429546, -3.625970999999879 ], [ 30.429795, -3.625526 ], [ 30.4301, -3.624635999999896 ], [ 30.431762, -3.622966 ], [ 30.433258, -3.623272 ], [ 30.433979000000193, -3.62288199999989 ], [ 30.43384, -3.622130999999854 ], [ 30.434505000000172, -3.621992 ], [ 30.435087, -3.621185 ], [ 30.43597300000016, -3.620766999999887 ], [ 30.437026, -3.620155 ], [ 30.437746000000118, -3.619905 ], [ 30.438716000000113, -3.620293999999831 ], [ 30.439963, -3.621046 ], [ 30.441043, -3.621379999999874 ], [ 30.442041, -3.620794999999873 ], [ 30.442650000000185, -3.620016 ], [ 30.443675, -3.619709999999827 ], [ 30.444229, -3.619263999999873 ], [ 30.443952, -3.618762999999888 ], [ 30.444423000000143, -3.618485 ], [ 30.444894, -3.617789 ], [ 30.445698000000107, -3.617510999999865 ], [ 30.446141000000182, -3.61637 ], [ 30.447692, -3.615673999999842 ], [ 30.447415, -3.614839 ], [ 30.447138, -3.61431 ], [ 30.44711, -3.613753 ], [ 30.447027000000105, -3.612724 ], [ 30.447221000000184, -3.612111 ], [ 30.447969, -3.612111 ], [ 30.44772, -3.612779 ], [ 30.44772, -3.613085 ], [ 30.448357, -3.613893 ], [ 30.449077000000102, -3.614142999999899 ], [ 30.449825000000146, -3.613976 ], [ 30.449964000000136, -3.613197 ], [ 30.450518000000102, -3.613531 ], [ 30.451266, -3.613140999999871 ], [ 30.451626000000147, -3.612556999999867 ], [ 30.451405000000136, -3.611721999999872 ], [ 30.451599, -3.610969999999895 ], [ 30.453011000000174, -3.610664 ], [ 30.453067, -3.610191 ], [ 30.452568, -3.609412 ], [ 30.451626000000147, -3.608854999999892 ], [ 30.451654000000133, -3.608243 ], [ 30.452956, -3.608297999999877 ], [ 30.453815, -3.607992 ], [ 30.455089000000157, -3.607881 ], [ 30.45564300000018, -3.60763 ], [ 30.457084000000179, -3.60635 ], [ 30.457056000000193, -3.605404 ], [ 30.456474000000185, -3.604319 ], [ 30.455865, -3.602927 ], [ 30.455865, -3.602231 ], [ 30.456225000000188, -3.601312999999891 ], [ 30.456502000000171, -3.600561 ], [ 30.457029, -3.59853 ], [ 30.456696, -3.597333 ], [ 30.456004000000178, -3.596719999999834 ], [ 30.456474000000185, -3.596608999999887 ], [ 30.457804, -3.595746 ], [ 30.458054000000175, -3.594995 ], [ 30.458026000000132, -3.593408 ], [ 30.454452, -3.591265 ], [ 30.453843, -3.591431999999884 ], [ 30.452374, -3.592991 ], [ 30.451599, -3.593046 ], [ 30.451044000000138, -3.59249 ], [ 30.450823000000128, -3.591627 ], [ 30.452291000000116, -3.589038 ], [ 30.45303900000016, -3.588927 ], [ 30.454397, -3.589818 ], [ 30.454840000000161, -3.58931699999988 ], [ 30.454203, -3.587896999999884 ], [ 30.454978, -3.587591 ], [ 30.455616, -3.587007 ], [ 30.455449000000101, -3.58611599999989 ], [ 30.454840000000161, -3.585253 ], [ 30.455062, -3.584974999999872 ], [ 30.455976000000192, -3.584335 ], [ 30.457195000000127, -3.583443999999872 ], [ 30.456502000000171, -3.582274999999868 ], [ 30.45536600000014, -3.581272999999896 ], [ 30.456502000000171, -3.580494 ], [ 30.457278, -3.579185999999879 ], [ 30.457139, -3.578350999999827 ], [ 30.456474000000185, -3.577988999999889 ], [ 30.456918000000144, -3.577432999999814 ], [ 30.456779, -3.576485999999875 ], [ 30.45653, -3.575568 ], [ 30.455699000000152, -3.575066999999876 ], [ 30.452596, -3.574427 ], [ 30.451876, -3.574761 ], [ 30.451986, -3.575512 ], [ 30.452679, -3.576459 ], [ 30.452513000000181, -3.577127 ], [ 30.451792000000182, -3.577015 ], [ 30.450518000000102, -3.576903999999899 ], [ 30.449077000000102, -3.576041 ], [ 30.448274, -3.575150999999892 ], [ 30.448440000000119, -3.574594 ], [ 30.447969, -3.573815 ], [ 30.448440000000119, -3.573034999999891 ], [ 30.44772, -3.571477 ], [ 30.447554, -3.570503 ], [ 30.446806000000151, -3.569334 ], [ 30.446750000000122, -3.568582 ], [ 30.446058, -3.568080999999893 ], [ 30.447194, -3.568276 ], [ 30.447756, -3.567698999999891 ], [ 30.448809, -3.566583 ], [ 30.448667000000114, -3.565754 ], [ 30.449436000000105, -3.565754 ], [ 30.450005000000147, -3.564581 ], [ 30.450546000000145, -3.563693999999884 ], [ 30.450689, -3.563208 ], [ 30.452682, -3.562579 ], [ 30.453166000000181, -3.561948999999856 ], [ 30.453451000000143, -3.561263 ], [ 30.453052000000184, -3.560462 ], [ 30.454561000000183, -3.559775 ], [ 30.456384000000185, -3.559232 ], [ 30.457522, -3.558431 ], [ 30.458462000000168, -3.557315 ], [ 30.459288000000129, -3.557457999999883 ], [ 30.461480000000108, -3.556486 ], [ 30.46190700000011, -3.555914 ], [ 30.46185, -3.555084 ], [ 30.461281000000156, -3.554026 ], [ 30.461309, -3.55251 ], [ 30.462391, -3.551536999999882 ], [ 30.465068000000144, -3.549792 ], [ 30.465837000000192, -3.549076999999841 ], [ 30.466663000000153, -3.547818 ], [ 30.46877, -3.545044 ], [ 30.469823000000133, -3.54295599999989 ], [ 30.470877000000144, -3.54101 ], [ 30.471589, -3.539981 ], [ 30.473525, -3.539352 ], [ 30.475632, -3.538322 ], [ 30.47642900000011, -3.53800699999988 ], [ 30.478052000000105, -3.537663999999836 ], [ 30.479647000000114, -3.536633999999879 ], [ 30.480615000000114, -3.535347 ], [ 30.48087100000015, -3.534346 ], [ 30.481355, -3.53386 ], [ 30.483063000000129, -3.533288 ], [ 30.484059000000116, -3.531542999999886 ], [ 30.48471400000011, -3.530169999999885 ], [ 30.485825, -3.529539999999827 ], [ 30.489099, -3.528052999999886 ], [ 30.490210000000104, -3.523619 ], [ 30.490723000000116, -3.523132999999859 ], [ 30.491975000000139, -3.522561 ], [ 30.492260000000101, -3.521931999999879 ], [ 30.491833, -3.521245 ], [ 30.492146000000105, -3.520587 ], [ 30.493, -3.520758999999885 ], [ 30.49499400000019, -3.520244 ], [ 30.496047, -3.51907 ], [ 30.496958000000177, -3.518069 ], [ 30.498496, -3.51764 ], [ 30.499749000000179, -3.517669 ], [ 30.500318000000163, -3.517181999999877 ], [ 30.500704, -3.517453 ], [ 30.501585, -3.517875 ], [ 30.503, -3.518721 ], [ 30.504345000000114, -3.519755 ], [ 30.505690000000186, -3.519613 ], [ 30.506525000000181, -3.519871 ], [ 30.50794000000019, -3.520716999999877 ], [ 30.509911, -3.522103 ], [ 30.510862, -3.523326 ], [ 30.511327000000108, -3.525607 ], [ 30.51123500000017, -3.527348 ], [ 30.510980000000188, -3.528123999999877 ], [ 30.510679000000152, -3.529324 ], [ 30.511074000000178, -3.530617 ], [ 30.511908, -3.530333999999868 ], [ 30.514389000000165, -3.529886 ], [ 30.515409, -3.52932 ], [ 30.516592, -3.528144 ], [ 30.51749500000011, -3.526802 ], [ 30.518446, -3.525202 ], [ 30.519396, -3.524025 ], [ 30.52087900000015, -3.52179 ], [ 30.522201000000109, -3.520989 ], [ 30.522548, -3.519742 ], [ 30.523521, -3.517413 ], [ 30.523915, -3.515202 ], [ 30.524494000000118, -3.513579 ], [ 30.525629, -3.512143 ], [ 30.527577000000122, -3.510119 ], [ 30.530104000000165, -3.508918 ], [ 30.531564000000174, -3.508680999999854 ], [ 30.532422000000111, -3.507834 ], [ 30.534207000000151, -3.50522199999989 ], [ 30.535296, -3.503739 ], [ 30.536988, -3.50275 ], [ 30.537777000000119, -3.50235 ], [ 30.538704000000109, -3.502396 ], [ 30.540234, -3.502042 ], [ 30.54229800000013, -3.500912 ], [ 30.543897, -3.499923 ], [ 30.545103, -3.499193 ], [ 30.545938, -3.498981 ], [ 30.548766, -3.498085 ], [ 30.55134, -3.497871 ], [ 30.553612000000101, -3.496646999999882 ], [ 30.55505, -3.496834 ], [ 30.556603000000109, -3.496668 ], [ 30.558134000000166, -3.496197 ], [ 30.560545000000161, -3.495043 ], [ 30.561287000000107, -3.49511299999989 ], [ 30.562724000000117, -3.494712 ], [ 30.563953, -3.494593 ], [ 30.564649, -3.49424 ], [ 30.565529, -3.492828 ], [ 30.565993000000105, -3.492098999999882 ], [ 30.566967, -3.491298 ], [ 30.568288, -3.490051 ], [ 30.569656000000123, -3.489437999999893 ], [ 30.572438, -3.488848 ], [ 30.574316, -3.488399999999899 ], [ 30.575846000000126, -3.487811 ], [ 30.577956000000142, -3.486938999999893 ], [ 30.579301, -3.485902999999894 ], [ 30.580228000000147, -3.485809 ], [ 30.581527000000165, -3.485196 ], [ 30.583752, -3.484559999999874 ], [ 30.584587, -3.48383 ], [ 30.585143, -3.482606 ], [ 30.585931, -3.482182 ], [ 30.587809, -3.480793 ], [ 30.589270000000113, -3.480391999999824 ], [ 30.589965, -3.479897999999878 ], [ 30.591101, -3.478814999999884 ], [ 30.592585, -3.477308999999821 ], [ 30.59464800000012, -3.475685 ], [ 30.595946, -3.475071999999898 ], [ 30.596804000000134, -3.474507 ], [ 30.59729, -3.473378 ], [ 30.59780000000012, -3.472507 ], [ 30.602229000000136, -3.470434 ], [ 30.604338, -3.469045 ], [ 30.609509000000116, -3.467348 ], [ 30.611688000000129, -3.46697 ], [ 30.613497, -3.466639 ], [ 30.615792, -3.466191 ], [ 30.617949000000181, -3.466213 ], [ 30.618575, -3.465977 ], [ 30.619525000000181, -3.46465899999987 ], [ 30.620081, -3.464236 ], [ 30.621751000000131, -3.464069999999879 ], [ 30.622191000000157, -3.463787 ], [ 30.623095000000149, -3.462211 ], [ 30.625831, -3.460751 ], [ 30.628752000000134, -3.459149 ], [ 30.630815, -3.456984 ], [ 30.631696, -3.456324999999879 ], [ 30.632415000000151, -3.456277 ], [ 30.633041000000105, -3.455994 ], [ 30.63387500000016, -3.454746999999884 ], [ 30.635359, -3.454204999999888 ], [ 30.636982, -3.45323999999988 ], [ 30.637445000000127, -3.452487 ], [ 30.637491, -3.450910999999849 ], [ 30.638233000000184, -3.45051 ], [ 30.638997000000131, -3.44907499999988 ], [ 30.638974000000189, -3.447593 ], [ 30.639205000000118, -3.446839999999895 ], [ 30.640179, -3.446298999999897 ], [ 30.643842, -3.443638 ], [ 30.644885, -3.442532 ], [ 30.64629900000017, -3.442108 ], [ 30.647691, -3.441942 ], [ 30.649383, -3.441752999999892 ], [ 30.650403, -3.440929 ], [ 30.651423000000136, -3.439823 ], [ 30.651794, -3.438786999999877 ], [ 30.652814, -3.43770499999988 ], [ 30.654205000000104, -3.436528 ], [ 30.65515500000015, -3.435727 ], [ 30.655479000000128, -3.434645 ], [ 30.655966000000149, -3.434363 ], [ 30.657566, -3.433515 ], [ 30.65796, -3.433185 ], [ 30.658586000000184, -3.432691 ], [ 30.660000000000139, -3.431773 ], [ 30.660835000000134, -3.431654 ], [ 30.661391, -3.431207 ], [ 30.661646, -3.430430999999885 ], [ 30.662156000000152, -3.429983 ], [ 30.662503, -3.429253999999844 ], [ 30.662897, -3.427678 ], [ 30.664658, -3.424854 ], [ 30.666373000000192, -3.422266 ], [ 30.667208000000187, -3.42203 ], [ 30.668692, -3.421794 ], [ 30.669967, -3.420664 ], [ 30.671984000000123, -3.418474999999887 ], [ 30.672517, -3.417556999999874 ], [ 30.672330000000159, -3.415886999999884 ], [ 30.67244600000015, -3.41544 ], [ 30.673582000000181, -3.413722999999891 ], [ 30.67425400000019, -3.412592999999845 ], [ 30.67425400000019, -3.411252 ], [ 30.673743000000172, -3.409064999999885 ], [ 30.673000000000172, -3.407372 ], [ 30.673301, -3.406714 ], [ 30.67395, -3.40596 ], [ 30.674506, -3.404502 ], [ 30.676453, -3.402688999999896 ], [ 30.677172, -3.401795 ], [ 30.678075000000149, -3.397936999999899 ], [ 30.678121, -3.397302 ], [ 30.67775, -3.396408 ], [ 30.676265000000114, -3.394903999999883 ], [ 30.67594, -3.39434 ], [ 30.675314000000128, -3.393823 ], [ 30.674966, -3.392387999999869 ], [ 30.674177, -3.391354 ], [ 30.67267, -3.390626 ], [ 30.671672, -3.390368 ], [ 30.670884, -3.390862 ], [ 30.670583000000192, -3.390226999999868 ], [ 30.670629, -3.38924 ], [ 30.66977, -3.388557999999875 ], [ 30.665341, -3.386185999999839 ], [ 30.66170000000011, -3.384918 ], [ 30.659775000000138, -3.383837 ], [ 30.658082, -3.383509 ], [ 30.653189, -3.383277 ], [ 30.651798, -3.383231 ], [ 30.650198, -3.383209 ], [ 30.648876, -3.383139 ], [ 30.647763000000168, -3.383187 ], [ 30.647114000000101, -3.383799 ], [ 30.646928000000173, -3.383258 ], [ 30.646742, -3.382294 ], [ 30.646742, -3.380858999999873 ], [ 30.647182, -3.379707 ], [ 30.647738, -3.378859 ], [ 30.64783100000011, -3.378153999999881 ], [ 30.647622, -3.377354 ], [ 30.646624, -3.375191 ], [ 30.646021, -3.373568 ], [ 30.644675, -3.372816999999884 ], [ 30.644258, -3.372135 ], [ 30.640778, -3.366751 ], [ 30.640708000000132, -3.365975 ], [ 30.640198, -3.365552 ], [ 30.638876, -3.365341 ], [ 30.638018000000159, -3.36473 ], [ 30.63725200000016, -3.36459 ], [ 30.636347, -3.362685 ], [ 30.635862, -3.361776 ], [ 30.635141000000147, -3.360428 ], [ 30.634376, -3.360052 ], [ 30.634584, -3.359464 ], [ 30.634746000000121, -3.358594 ], [ 30.635094000000151, -3.35824 ], [ 30.635673000000111, -3.357605 ], [ 30.636276, -3.356734 ], [ 30.637319, -3.35503999999986 ], [ 30.638223, -3.353674999999896 ], [ 30.638639000000182, -3.352239999999824 ], [ 30.639799, -3.35144 ], [ 30.640424, -3.350569 ], [ 30.640795, -3.349934 ], [ 30.641769000000181, -3.349133 ], [ 30.643160000000137, -3.348403 ], [ 30.643763000000149, -3.348590999999885 ], [ 30.644482, -3.348589999999888 ], [ 30.644876000000181, -3.347908 ], [ 30.64545500000014, -3.347954999999843 ], [ 30.646174000000144, -3.347437 ], [ 30.646869, -3.34706 ], [ 30.647101, -3.346472 ], [ 30.647959000000185, -3.346189 ], [ 30.648121000000117, -3.345248 ], [ 30.648491000000149, -3.343341999999893 ], [ 30.648978000000113, -3.342494999999872 ], [ 30.649558000000184, -3.342283 ], [ 30.649928, -3.34193 ], [ 30.650577000000112, -3.340989 ], [ 30.65169, -3.339812 ], [ 30.651829000000134, -3.339153 ], [ 30.652246000000162, -3.338541999999848 ], [ 30.654101, -3.337057999999899 ], [ 30.655654, -3.336187 ], [ 30.655584000000147, -3.335576 ], [ 30.656094, -3.334893 ], [ 30.656836000000169, -3.333764 ], [ 30.657294, -3.333087 ], [ 30.657336000000157, -3.335501 ], [ 30.658104, -3.335319 ], [ 30.65931, -3.334554 ], [ 30.661064, -3.332697 ], [ 30.660845, -3.330622 ], [ 30.661503000000152, -3.328948 ], [ 30.662563, -3.328947 ], [ 30.663951000000168, -3.325707 ], [ 30.664646000000118, -3.324833 ], [ 30.665706, -3.323777 ], [ 30.665742, -3.322867 ], [ 30.666437, -3.322466999999847 ], [ 30.666754, -3.321032 ], [ 30.666912, -3.320319 ], [ 30.667423, -3.319918 ], [ 30.669251000000145, -3.320391 ], [ 30.670786000000135, -3.320353999999895 ], [ 30.674552000000119, -3.320753 ], [ 30.6751, -3.320060999999896 ], [ 30.676562, -3.320060999999896 ], [ 30.678572, -3.318859 ], [ 30.681095, -3.31904 ], [ 30.685481, -3.317655 ], [ 30.689173, -3.315979 ], [ 30.690233000000148, -3.31536 ], [ 30.691549000000123, -3.315323 ], [ 30.699371, -3.311971999999855 ], [ 30.700285000000179, -3.311826 ], [ 30.701418000000103, -3.311534 ], [ 30.702807000000121, -3.31026 ], [ 30.703977000000123, -3.310696 ], [ 30.706207, -3.310476999999878 ], [ 30.707559000000174, -3.309967 ], [ 30.708838000000128, -3.309275 ], [ 30.709862000000157, -3.307673 ], [ 30.71136, -3.307344999999884 ], [ 30.711945000000185, -3.306725999999856 ], [ 30.714431000000161, -3.304723 ], [ 30.716295, -3.30468599999989 ], [ 30.719036000000131, -3.303847999999846 ], [ 30.719658, -3.303338 ], [ 30.721230000000162, -3.302282 ], [ 30.722874000000104, -3.29926 ], [ 30.72313000000014, -3.296274999999866 ], [ 30.723459, -3.29536499999989 ], [ 30.724848000000179, -3.294527 ], [ 30.725323, -3.293326 ], [ 30.726017, -3.292343 ], [ 30.726858, -3.291469 ], [ 30.72715, -3.290668 ], [ 30.728210000000161, -3.289757 ], [ 30.729599000000178, -3.288738 ], [ 30.730184, -3.286989999999889 ], [ 30.730512, -3.284588 ], [ 30.730074, -3.283203999999898 ], [ 30.730475000000183, -3.281492999999898 ], [ 30.730548000000169, -3.279928 ], [ 30.730256000000168, -3.279199999999889 ], [ 30.730658, -3.276761 ], [ 30.730292000000134, -3.275451 ], [ 30.7303280000001, -3.274468 ], [ 30.731279, -3.273594 ], [ 30.733618, -3.272683 ], [ 30.735336, -3.271736 ], [ 30.736944, -3.270316 ], [ 30.73826, -3.268568 ], [ 30.739978, -3.267767 ], [ 30.742025000000126, -3.268094 ], [ 30.742829, -3.267839 ], [ 30.743853, -3.268165999999894 ], [ 30.744474, -3.26893 ], [ 30.744511000000159, -3.270386 ], [ 30.744767, -3.270896 ], [ 30.745937, -3.274208 ], [ 30.745608000000118, -3.275009 ], [ 30.745791000000168, -3.275736999999879 ], [ 30.745864, -3.277483999999845 ], [ 30.745572, -3.279776999999854 ], [ 30.745646, -3.281707 ], [ 30.747072000000117, -3.28491 ], [ 30.747584000000188, -3.286693 ], [ 30.748753000000136, -3.287675 ], [ 30.751897, -3.289603999999883 ], [ 30.754676, -3.29175 ], [ 30.756175000000155, -3.292332 ], [ 30.757710000000145, -3.292587 ], [ 30.762864, -3.291565999999875 ], [ 30.763851, -3.290801 ], [ 30.764509, -3.289853999999877 ], [ 30.765934, -3.288360999999895 ], [ 30.76907800000015, -3.286648999999898 ], [ 30.773537000000147, -3.286102 ], [ 30.774414, -3.28577399999989 ], [ 30.775474, -3.284754 ], [ 30.776608, -3.284172 ], [ 30.777960000000178, -3.283661 ], [ 30.779714000000183, -3.282205 ], [ 30.782127000000173, -3.282859 ], [ 30.783297000000118, -3.281876 ], [ 30.784576, -3.281110999999896 ], [ 30.787647000000163, -3.280091 ], [ 30.789438, -3.279799 ], [ 30.793861, -3.279724999999814 ], [ 30.798101, -3.27925 ], [ 30.798905000000161, -3.278484999999876 ], [ 30.802706, -3.273461 ], [ 30.810785, -3.271019 ], [ 30.817181000000119, -3.266394 ], [ 30.820361000000105, -3.266028999999833 ], [ 30.825113, -3.265408 ], [ 30.827635000000157, -3.264643 ], [ 30.829427000000123, -3.263769 ], [ 30.831912, -3.262021 ], [ 30.833264000000156, -3.260199999999884 ], [ 30.834178, -3.259763 ], [ 30.835055000000182, -3.259252999999887 ], [ 30.835859, -3.258488999999827 ], [ 30.838309, -3.257904999999823 ], [ 30.840502000000185, -3.256558 ], [ 30.843572, -3.253899 ], [ 30.843097000000171, -3.253426 ], [ 30.839076000000148, -3.253319 ], [ 30.837285000000122, -3.253173999999888 ], [ 30.832532000000128, -3.250663 ], [ 30.831947, -3.250117999999873 ], [ 30.831508000000156, -3.249426 ], [ 30.830704, -3.248771 ], [ 30.827633000000162, -3.247206999999889 ], [ 30.826317000000188, -3.246551999999895 ], [ 30.82544, -3.245205999999882 ], [ 30.822954, -3.240948 ], [ 30.821455, -3.24083899999988 ], [ 30.821272000000192, -3.240439 ], [ 30.820980000000191, -3.23996499999987 ], [ 30.821674, -3.238327 ], [ 30.821345000000179, -3.237563 ], [ 30.819517000000133, -3.235924999999895 ], [ 30.818859, -3.234579 ], [ 30.817799, -3.232031 ], [ 30.814764000000139, -3.22726299999988 ], [ 30.813667000000123, -3.224097 ], [ 30.815823, -3.220784 ], [ 30.816042, -3.219217999999842 ], [ 30.816664000000117, -3.218672 ], [ 30.818053000000134, -3.218417 ], [ 30.819149, -3.216923999999835 ], [ 30.821269000000143, -3.213538 ], [ 30.822878, -3.214084 ], [ 30.825034, -3.214374 ], [ 30.827812, -3.214446 ], [ 30.829786000000126, -3.213026 ], [ 30.834904000000108, -3.210694 ], [ 30.841556, -3.207671 ], [ 30.843384, -3.207233 ], [ 30.845138, -3.207451 ], [ 30.846381, -3.207742 ], [ 30.847880000000146, -3.207596 ], [ 30.848867, -3.207048999999813 ], [ 30.84696600000018, -3.205739 ], [ 30.84459, -3.202573 ], [ 30.841701000000114, -3.198388 ], [ 30.838886, -3.192711 ], [ 30.840055000000177, -3.188851999999827 ], [ 30.839836000000162, -3.186231 ], [ 30.840347000000179, -3.184410999999898 ], [ 30.842394, -3.179933 ], [ 30.844002, -3.176547 ], [ 30.84385500000019, -3.173343 ], [ 30.844367, -3.171705 ], [ 30.847181, -3.165406999999846 ], [ 30.847181, -3.164496999999869 ], [ 30.84634, -3.16275 ], [ 30.842062000000112, -3.157073 ], [ 30.842135000000155, -3.155653 ], [ 30.841513000000191, -3.154197 ], [ 30.839832000000172, -3.151904 ], [ 30.838735, -3.149721 ], [ 30.838223, -3.148411 ], [ 30.837346, -3.148082999999872 ], [ 30.836797, -3.147501 ], [ 30.834640000000149, -3.143206 ], [ 30.831862000000115, -3.144518 ], [ 30.830765000000156, -3.145101 ], [ 30.829596, -3.145319 ], [ 30.822139000000163, -3.150417999999888 ], [ 30.820604000000174, -3.149982 ], [ 30.819361000000185, -3.149181 ], [ 30.81852, -3.147908 ], [ 30.818191000000184, -3.146816 ], [ 30.818337000000156, -3.14557799999983 ], [ 30.818776, -3.144959 ], [ 30.822760000000187, -3.142482 ], [ 30.823856, -3.141026 ], [ 30.825866000000133, -3.139351 ], [ 30.826890000000162, -3.13713 ], [ 30.830764, -3.129084 ], [ 30.830252000000144, -3.126609 ], [ 30.831531, -3.125371 ], [ 30.831567, -3.124534 ], [ 30.832664, -3.122422 ], [ 30.832846000000188, -3.121694 ], [ 30.832627000000173, -3.118854999999883 ], [ 30.833321, -3.116707 ], [ 30.834125000000142, -3.11576 ], [ 30.834637, -3.114741 ], [ 30.833174000000156, -3.112666 ], [ 30.832882000000154, -3.111719999999877 ], [ 30.833284, -3.110191 ], [ 30.83379500000018, -3.108917 ], [ 30.833759, -3.108224999999891 ], [ 30.832808, -3.106222999999886 ], [ 30.83291800000012, -3.104585 ], [ 30.833081000000107, -3.103742 ], [ 30.833502000000124, -3.101563999999883 ], [ 30.835001000000148, -3.099343 ], [ 30.836408, -3.098396 ], [ 30.837157, -3.096685 ], [ 30.83723, -3.094755 ], [ 30.836133000000189, -3.09280799999982 ], [ 30.83489, -3.090552 ], [ 30.834524000000101, -3.088677 ], [ 30.830137, -3.083965 ], [ 30.828748, -3.083674 ], [ 30.821345000000179, -3.082565999999872 ], [ 30.8197550000001, -3.082458 ], [ 30.816612, -3.081785 ], [ 30.814345000000117, -3.081204 ], [ 30.813358000000164, -3.07902 ], [ 30.812078, -3.077619 ], [ 30.810927000000106, -3.0766 ], [ 30.811109, -3.075381 ], [ 30.810835000000111, -3.073834 ], [ 30.809738, -3.072159999999883 ], [ 30.808331, -3.070959 ], [ 30.805955, -3.070414 ], [ 30.804383, -3.069959 ], [ 30.803213, -3.069195 ], [ 30.802427, -3.068304 ], [ 30.802024000000131, -3.064609 ], [ 30.801841, -3.063735 ], [ 30.799758, -3.061188 ], [ 30.795261, -3.054237 ], [ 30.801566, -3.051723 ], [ 30.803631, -3.050375999999858 ], [ 30.804563, -3.049047 ], [ 30.805459, -3.047881 ], [ 30.808182000000158, -3.046061 ], [ 30.810265000000186, -3.046114 ], [ 30.811143000000186, -3.045859 ], [ 30.813464, -3.044402 ], [ 30.815255, -3.042872999999872 ], [ 30.816735000000165, -3.040033 ], [ 30.817319000000168, -3.035574 ], [ 30.817575, -3.034335999999882 ], [ 30.818415, -3.032916 ], [ 30.818616000000191, -3.031824 ], [ 30.818616000000191, -3.030313 ], [ 30.817337, -3.028112 ], [ 30.818287000000112, -3.026728 ], [ 30.819018, -3.026 ], [ 30.821156, -3.025470999999868 ], [ 30.821887000000117, -3.024779 ], [ 30.822582, -3.023759999999868 ], [ 30.823440000000176, -3.02163 ], [ 30.824153, -3.018245 ], [ 30.824628, -3.017753 ], [ 30.825743000000102, -3.016641999999877 ], [ 30.826529000000107, -3.015277 ], [ 30.826894000000152, -3.014184999999884 ], [ 30.826674, -3.011874 ], [ 30.827168, -3.011036 ], [ 30.829872000000137, -3.008706 ], [ 30.831682000000171, -3.007194 ], [ 30.831956000000105, -3.006192999999882 ], [ 30.833089, -3.005665 ], [ 30.834003000000166, -3.004991 ], [ 30.834825000000137, -3.00399 ], [ 30.83546500000017, -3.002643 ], [ 30.835794, -3.00160499999987 ], [ 30.838736, -2.998274 ], [ 30.838462000000163, -2.997690999999861 ], [ 30.837822000000131, -2.997218 ], [ 30.837767, -2.996381 ], [ 30.839101, -2.995106999999848 ], [ 30.838525, -2.993647999999894 ], [ 30.839758000000131, -2.991721999999811 ], [ 30.84112800000014, -2.988924 ], [ 30.843274, -2.988924 ], [ 30.844096, -2.988511 ], [ 30.844736, -2.987915 ], [ 30.845695, -2.984751 ], [ 30.846562000000119, -2.983237999999858 ], [ 30.847476, -2.982091 ], [ 30.849028, -2.981356999999832 ], [ 30.85049, -2.98067 ], [ 30.850906, -2.979705 ], [ 30.850504000000171, -2.979013 ], [ 30.849078000000134, -2.978104 ], [ 30.848349, -2.977993 ], [ 30.848128, -2.977922 ], [ 30.846867000000145, -2.978924 ], [ 30.845423, -2.977485999999885 ], [ 30.84301, -2.978943 ], [ 30.841767, -2.977305 ], [ 30.840214000000174, -2.975703999999894 ], [ 30.838303000000167, -2.975379 ], [ 30.836979, -2.975833 ], [ 30.836449, -2.976561 ], [ 30.835699, -2.976871 ], [ 30.833323, -2.976544 ], [ 30.832446000000118, -2.977054 ], [ 30.831953, -2.978436999999815 ], [ 30.830107, -2.978092 ], [ 30.827182000000164, -2.980095 ], [ 30.826338000000135, -2.980147999999872 ], [ 30.821452000000136, -2.980561 ], [ 30.818484, -2.981524 ], [ 30.815835000000106, -2.980882 ], [ 30.814237, -2.981249 ], [ 30.810355000000186, -2.985192999999867 ], [ 30.808848000000182, -2.985284 ], [ 30.807798, -2.985881 ], [ 30.806062, -2.987761 ], [ 30.803825, -2.986752 ], [ 30.802866000000165, -2.98666 ], [ 30.800902000000178, -2.988311 ], [ 30.796747, -2.988815999999872 ], [ 30.789668, -2.989641 ], [ 30.78469100000018, -2.989916 ], [ 30.779851000000122, -2.991613 ], [ 30.779166, -2.992897 ], [ 30.77825200000018, -2.992942999999855 ], [ 30.776380000000188, -2.993906 ], [ 30.773731, -2.993767999999875 ], [ 30.773046000000193, -2.994044 ], [ 30.771722, -2.994869 ], [ 30.768342000000189, -2.994365 ], [ 30.765420000000177, -2.992851 ], [ 30.756287000000157, -2.994961 ], [ 30.754551, -2.994869 ], [ 30.753410000000144, -2.996015999999827 ], [ 30.751903000000141, -2.996152999999879 ], [ 30.749620000000107, -2.996245 ], [ 30.747793000000115, -2.997208 ], [ 30.746514000000161, -2.996703 ], [ 30.744870000000162, -2.996749 ], [ 30.743774, -2.996199 ], [ 30.742267, -2.993767999999875 ], [ 30.740669, -2.992209 ], [ 30.738432, -2.990741999999898 ], [ 30.735874000000138, -2.990926 ], [ 30.733682000000158, -2.989962 ], [ 30.731810000000166, -2.989137 ], [ 30.72984600000018, -2.988999 ], [ 30.727928000000134, -2.989229 ], [ 30.72665, -2.989871 ], [ 30.726422, -2.989091 ], [ 30.724458, -2.987118999999893 ], [ 30.721307000000138, -2.983358999999837 ], [ 30.719754, -2.98423 ], [ 30.719023000000163, -2.983908999999869 ], [ 30.717197, -2.982119999999895 ], [ 30.714411, -2.98024 ], [ 30.71569, -2.979644 ], [ 30.715142000000185, -2.979094 ], [ 30.714137000000164, -2.9768 ], [ 30.712904, -2.974736999999834 ], [ 30.709525000000156, -2.971204999999884 ], [ 30.707287, -2.970013 ], [ 30.704959, -2.9696 ], [ 30.703132, -2.970105 ], [ 30.698566, -2.973315 ], [ 30.696054, -2.972856 ], [ 30.695415, -2.97304 ], [ 30.693542, -2.973086 ], [ 30.685825000000136, -2.978496999999891 ], [ 30.685825000000136, -2.980469 ], [ 30.685505, -2.981524 ], [ 30.684637, -2.982625 ], [ 30.682628, -2.983816999999874 ], [ 30.680847, -2.98514699999987 ], [ 30.679432000000133, -2.987303 ], [ 30.678336, -2.98822 ], [ 30.676966, -2.989045 ], [ 30.676372, -2.989504 ], [ 30.672719, -2.992852 ], [ 30.67039, -2.99331 ], [ 30.669067000000155, -2.992890999999815 ], [ 30.668654000000117, -2.99276 ], [ 30.666188, -2.990649999999846 ], [ 30.663540000000125, -2.987943999999857 ], [ 30.66340300000013, -2.986431 ], [ 30.66239800000011, -2.985835 ], [ 30.661393, -2.985009 ], [ 30.660891000000106, -2.983725 ], [ 30.660434000000123, -2.982073999999898 ], [ 30.658745000000181, -2.980332 ], [ 30.656553, -2.978314 ], [ 30.655502000000126, -2.977579999999875 ], [ 30.653265, -2.976755 ], [ 30.651621000000148, -2.976616999999862 ], [ 30.650022, -2.975563 ], [ 30.646186, -2.968638 ], [ 30.645912000000123, -2.965794 ], [ 30.646095000000173, -2.964602 ], [ 30.647465000000182, -2.960612 ], [ 30.647145, -2.957218999999895 ], [ 30.647237000000132, -2.954833999999892 ], [ 30.647419000000127, -2.953229 ], [ 30.64678, -2.952999 ], [ 30.644679, -2.951486 ], [ 30.642488000000128, -2.950798 ], [ 30.640936000000181, -2.949606 ], [ 30.636643, -2.944653 ], [ 30.63422300000019, -2.941671999999869 ], [ 30.633172000000116, -2.939654 ], [ 30.631802, -2.937728 ], [ 30.630524, -2.93649 ], [ 30.62824, -2.935022 ], [ 30.626642000000174, -2.934059 ], [ 30.626048, -2.932913 ], [ 30.623810000000162, -2.929931999999894 ], [ 30.622212000000104, -2.928281 ], [ 30.619883000000129, -2.926401 ], [ 30.61764600000015, -2.925253999999825 ], [ 30.615956, -2.925253999999825 ], [ 30.613079, -2.925484 ], [ 30.610111000000188, -2.923879 ], [ 30.609334, -2.923145 ], [ 30.607645, -2.92154 ], [ 30.606275, -2.920805999999857 ], [ 30.604448, -2.920531 ], [ 30.602302000000122, -2.921127 ], [ 30.600064, -2.922457 ], [ 30.598694, -2.920943 ], [ 30.59874, -2.919934999999896 ], [ 30.597735, -2.916541 ], [ 30.596137, -2.913743 ], [ 30.595543, -2.913239 ], [ 30.590018000000157, -2.912872 ], [ 30.589196000000186, -2.912733999999887 ], [ 30.588557, -2.912183999999854 ], [ 30.587689, -2.906039 ], [ 30.587187, -2.90539699999988 ], [ 30.585634, -2.904755 ], [ 30.58367, -2.904342 ], [ 30.582209, -2.904663 ], [ 30.581296, -2.9037 ], [ 30.581022000000132, -2.902231999999856 ], [ 30.581159000000127, -2.900902 ], [ 30.581661, -2.899664 ], [ 30.578008000000182, -2.894114999999886 ], [ 30.577095, -2.89329 ], [ 30.574172, -2.892831 ], [ 30.57029000000017, -2.892923 ], [ 30.566522000000134, -2.893927 ], [ 30.564762, -2.894917 ], [ 30.56434, -2.897815 ], [ 30.565396, -2.899865 ], [ 30.561947000000146, -2.902551 ], [ 30.556808, -2.907357999999874 ], [ 30.553268, -2.911312999999893 ], [ 30.548361000000114, -2.917821 ], [ 30.54660100000018, -2.920366 ], [ 30.545827, -2.921002 ], [ 30.545545000000175, -2.922274 ], [ 30.543715000000134, -2.92496 ], [ 30.54287, -2.925526 ], [ 30.542589000000191, -2.926021 ], [ 30.542589000000191, -2.92694 ], [ 30.539492000000109, -2.932665999999813 ], [ 30.538788000000125, -2.932807 ], [ 30.536394, -2.931323 ], [ 30.533790000000124, -2.930333 ], [ 30.531819, -2.930404 ], [ 30.530622, -2.931180999999867 ], [ 30.528933, -2.933584999999823 ], [ 30.527454, -2.935422999999844 ], [ 30.526258, -2.935776 ], [ 30.526047, -2.936695 ], [ 30.524428000000171, -2.940017999999895 ], [ 30.522809000000166, -2.941644 ], [ 30.520063000000164, -2.941713999999877 ], [ 30.518374, -2.942420999999854 ], [ 30.517388000000153, -2.943411 ], [ 30.515980000000184, -2.943411 ], [ 30.51232, -2.94737 ], [ 30.511475000000132, -2.948571 ], [ 30.509997, -2.950126999999895 ], [ 30.508800000000122, -2.950975 ], [ 30.507885000000101, -2.950197 ], [ 30.507533, -2.950197 ], [ 30.506829, -2.951611 ], [ 30.505562000000111, -2.952954 ], [ 30.504436000000169, -2.953165999999896 ], [ 30.502888000000155, -2.952883 ], [ 30.501125000000116, -2.951015 ], [ 30.499617, -2.950753 ], [ 30.498834000000102, -2.950869 ], [ 30.495637000000102, -2.949985 ], [ 30.494300000000123, -2.948500999999851 ], [ 30.493103, -2.948147 ], [ 30.492118, -2.94843 ], [ 30.490569000000164, -2.947652 ], [ 30.488950000000159, -2.947652 ], [ 30.488176, -2.947652 ], [ 30.487190000000169, -2.948288999999875 ], [ 30.484656000000143, -2.94666299999983 ], [ 30.483248000000174, -2.946239 ], [ 30.481981000000133, -2.944046999999898 ], [ 30.481277000000148, -2.941926 ], [ 30.480996000000175, -2.939311 ], [ 30.480784, -2.938533 ], [ 30.480010000000107, -2.937472999999898 ], [ 30.480362000000127, -2.935493 ], [ 30.47994, -2.934716 ], [ 30.479236, -2.934362 ], [ 30.478168000000153, -2.934495 ], [ 30.477346000000125, -2.933918999999833 ], [ 30.476150000000132, -2.932667 ], [ 30.475428, -2.932667 ], [ 30.474631, -2.932267 ], [ 30.474257000000193, -2.931965999999875 ], [ 30.474058, -2.929712999999879 ], [ 30.473859000000118, -2.929037 ], [ 30.473111, -2.927835 ], [ 30.471816, -2.926659 ], [ 30.470944000000145, -2.926557999999886 ], [ 30.468977000000109, -2.927634999999896 ], [ 30.468329000000153, -2.927585 ], [ 30.470098000000121, -2.926158 ], [ 30.470122000000174, -2.925457 ], [ 30.469375000000184, -2.92423 ], [ 30.467906000000141, -2.92385499999989 ], [ 30.466934, -2.923428999999885 ], [ 30.465913000000114, -2.922503 ], [ 30.464668000000131, -2.921952 ], [ 30.463995000000182, -2.922252 ], [ 30.463223, -2.923629 ], [ 30.462675, -2.924054999999896 ], [ 30.461977, -2.924406 ], [ 30.461180000000184, -2.92433 ], [ 30.460632000000146, -2.924104999999884 ], [ 30.458939, -2.922778 ], [ 30.458316, -2.922002 ], [ 30.458291, -2.921251 ], [ 30.459038, -2.921175999999832 ], [ 30.459885000000156, -2.921501 ], [ 30.460657, -2.921425999999883 ], [ 30.462027, -2.921101 ], [ 30.463596, -2.920875 ], [ 30.4640950000001, -2.920599999999865 ], [ 30.464568, -2.919924 ], [ 30.464493000000175, -2.919147999999893 ], [ 30.463696000000141, -2.918121 ], [ 30.463572, -2.917119 ], [ 30.463522000000125, -2.915918 ], [ 30.463347, -2.914916 ], [ 30.462675, -2.914690999999891 ], [ 30.461654000000124, -2.913965 ], [ 30.460757000000172, -2.913188999999875 ], [ 30.459960000000137, -2.912287 ], [ 30.459188, -2.911135 ], [ 30.458465, -2.910384 ], [ 30.458042, -2.909583 ], [ 30.457394, -2.909283 ], [ 30.456597, -2.909258 ], [ 30.455775, -2.910259 ], [ 30.454804, -2.91061 ], [ 30.453459000000123, -2.910759999999868 ], [ 30.452513000000181, -2.91096 ], [ 30.45184, -2.911661 ], [ 30.451043, -2.913013 ], [ 30.450595, -2.913388999999881 ], [ 30.450171000000182, -2.913163 ], [ 30.450022000000104, -2.912137 ], [ 30.449997000000167, -2.911261 ], [ 30.449847, -2.910359 ], [ 30.449424000000192, -2.90955799999989 ], [ 30.446709000000112, -2.907906 ], [ 30.446161, -2.908006 ], [ 30.445464000000129, -2.908757 ], [ 30.444891000000155, -2.909032 ], [ 30.444293, -2.908657 ], [ 30.444418, -2.907956 ], [ 30.444293, -2.90708 ], [ 30.443546, -2.905026 ], [ 30.443048, -2.904501 ], [ 30.442300000000159, -2.90427499999987 ], [ 30.440930000000151, -2.904725999999869 ], [ 30.440656, -2.9042 ], [ 30.440034, -2.90385 ], [ 30.439286, -2.903598999999872 ], [ 30.438464000000181, -2.903699 ], [ 30.43839700000018, -2.903608 ], [ 30.438041, -2.903123 ], [ 30.438215000000184, -2.902548 ], [ 30.438539, -2.901746 ], [ 30.438938000000178, -2.901144999999872 ], [ 30.439436000000171, -2.900545 ], [ 30.439535, -2.898941999999863 ], [ 30.438639000000137, -2.89801599999987 ], [ 30.438141000000144, -2.896914 ], [ 30.437543, -2.896187999999881 ], [ 30.436546000000135, -2.895788 ], [ 30.437269, -2.895361999999864 ], [ 30.437692, -2.894986 ], [ 30.438091, -2.894109999999898 ], [ 30.438116, -2.892758 ], [ 30.437692, -2.891832 ], [ 30.437468, -2.890805 ], [ 30.437144, -2.889477999999826 ], [ 30.43682, -2.888376 ], [ 30.437119000000109, -2.887524999999869 ], [ 30.437468, -2.886023 ], [ 30.437493000000131, -2.885297 ], [ 30.437244000000135, -2.88442 ], [ 30.436297000000138, -2.883569 ], [ 30.435176000000126, -2.882918 ], [ 30.434404, -2.881942 ], [ 30.434230000000184, -2.88094 ], [ 30.434454, -2.880014 ], [ 30.434554000000162, -2.879438 ], [ 30.435251000000108, -2.878587 ], [ 30.435476, -2.878236999999842 ], [ 30.435999000000152, -2.877284999999858 ], [ 30.436098000000186, -2.876158999999859 ], [ 30.435600000000193, -2.875433 ], [ 30.435077, -2.874655999999845 ], [ 30.434305000000165, -2.874131 ], [ 30.43296, -2.87433099999987 ], [ 30.432337, -2.87398 ], [ 30.431316, -2.872378 ], [ 30.430544, -2.871727 ], [ 30.429248, -2.870901 ], [ 30.427978000000167, -2.870024 ], [ 30.42750500000011, -2.869648999999811 ], [ 30.42675800000012, -2.869073 ], [ 30.426085, -2.869048 ], [ 30.425438000000156, -2.869322999999838 ], [ 30.423694, -2.871075999999846 ], [ 30.422324, -2.871852 ], [ 30.421676000000105, -2.872178 ], [ 30.420555, -2.873203999999873 ], [ 30.41931, -2.874206 ], [ 30.418712000000141, -2.874530999999877 ], [ 30.41809, -2.874306 ], [ 30.417865, -2.873829999999884 ], [ 30.41794, -2.872753 ], [ 30.417791000000136, -2.871776 ], [ 30.417068, -2.870775 ], [ 30.416670000000124, -2.869799 ], [ 30.415823, -2.869073 ], [ 30.415026000000182, -2.869423 ], [ 30.414602000000116, -2.869223 ], [ 30.414254, -2.868722 ], [ 30.41390500000017, -2.868021 ], [ 30.413681000000111, -2.86732 ], [ 30.413506, -2.866344 ], [ 30.413257, -2.865542999999889 ], [ 30.412386, -2.864942 ], [ 30.413282, -2.864866999999833 ], [ 30.414204, -2.864841999999896 ], [ 30.415001, -2.864866999999833 ], [ 30.415549000000112, -2.864540999999861 ], [ 30.415947000000187, -2.864165999999898 ], [ 30.415873, -2.863664999999855 ], [ 30.415574, -2.862913999999876 ], [ 30.415001, -2.862012 ], [ 30.415574, -2.861561 ], [ 30.416072, -2.860885 ], [ 30.416022000000169, -2.860409999999831 ], [ 30.415823, -2.859734 ], [ 30.414951, -2.859283 ], [ 30.413830000000189, -2.859257999999897 ], [ 30.412635, -2.859483 ], [ 30.412161, -2.860184 ], [ 30.411788000000115, -2.86086 ], [ 30.4109160000001, -2.860535 ], [ 30.410243, -2.860535 ], [ 30.409272000000158, -2.861236 ], [ 30.409571, -2.86051 ], [ 30.40987, -2.859809 ], [ 30.409621, -2.859183 ], [ 30.408998, -2.858831999999893 ], [ 30.408226000000127, -2.858983 ], [ 30.407504, -2.859358 ], [ 30.4069310000001, -2.860685 ], [ 30.406183000000169, -2.860834999999895 ], [ 30.406507, -2.860033999999871 ], [ 30.407379, -2.858581999999899 ], [ 30.408027000000175, -2.858106 ], [ 30.409845000000132, -2.857405 ], [ 30.410642000000166, -2.856803999999897 ], [ 30.411364, -2.855576999999869 ], [ 30.41251, -2.854726 ], [ 30.413133, -2.85392499999989 ], [ 30.413556, -2.851722 ], [ 30.413855000000126, -2.851171 ], [ 30.41525, -2.851947 ], [ 30.415823, -2.851872 ], [ 30.416271000000165, -2.851421 ], [ 30.416296000000102, -2.850395 ], [ 30.416221000000121, -2.849819 ], [ 30.415773000000172, -2.849143 ], [ 30.414852000000167, -2.848692 ], [ 30.413556, -2.848090999999897 ], [ 30.413407000000177, -2.847491 ], [ 30.413781, -2.846964999999898 ], [ 30.414378, -2.846564 ], [ 30.415101000000163, -2.846013 ], [ 30.415449, -2.845413 ], [ 30.415649, -2.844536 ], [ 30.415275000000179, -2.843834999999842 ], [ 30.415375, -2.84341 ], [ 30.416246, -2.84361 ], [ 30.416894000000184, -2.843435 ], [ 30.417317, -2.842734 ], [ 30.417467000000158, -2.843435 ], [ 30.418065, -2.843785 ], [ 30.418588, -2.843884999999887 ], [ 30.419235, -2.84366 ], [ 30.419634, -2.843183999999894 ], [ 30.420555, -2.841607 ], [ 30.42058, -2.840856 ], [ 30.420157000000188, -2.839729 ], [ 30.42078, -2.840554999999881 ], [ 30.421352000000127, -2.840880999999854 ], [ 30.422075, -2.840606 ], [ 30.422473000000139, -2.840155 ], [ 30.422598000000164, -2.839128 ], [ 30.422523000000183, -2.838828 ], [ 30.422050000000127, -2.837776 ], [ 30.421602000000178, -2.837025 ], [ 30.421352000000127, -2.836399 ], [ 30.422224000000142, -2.836298999999883 ], [ 30.422797000000116, -2.835974 ], [ 30.422947, -2.835473 ], [ 30.422947, -2.834572 ], [ 30.422, -2.83332 ], [ 30.421701, -2.832543999999871 ], [ 30.422324, -2.832493 ], [ 30.423893000000191, -2.832619 ], [ 30.424765, -2.832543999999871 ], [ 30.425587, -2.832193 ], [ 30.426035000000127, -2.831666999999811 ], [ 30.42601, -2.830991 ], [ 30.425437, -2.828738 ], [ 30.424640000000181, -2.82736 ], [ 30.426508, -2.825908 ], [ 30.426957, -2.824656 ], [ 30.427206, -2.823004 ], [ 30.427480000000173, -2.822677999999883 ], [ 30.427828, -2.821927 ], [ 30.428028, -2.820826 ], [ 30.427928000000122, -2.819548999999824 ], [ 30.427579, -2.818547 ], [ 30.426882, -2.817520999999886 ], [ 30.425662, -2.817045 ], [ 30.424989, -2.81717 ], [ 30.424192, -2.817796 ], [ 30.423619, -2.818723 ], [ 30.422947, -2.819824 ], [ 30.423868, -2.818021999999871 ], [ 30.425089, -2.81677 ], [ 30.427007000000117, -2.815368 ], [ 30.428178000000173, -2.813916 ], [ 30.428352000000189, -2.81344 ], [ 30.4282520000001, -2.812539 ], [ 30.42820300000011, -2.811587 ], [ 30.428377000000125, -2.811236999999892 ], [ 30.4289500000001, -2.811011 ], [ 30.430096, -2.810935999999856 ], [ 30.430668000000139, -2.811761999999874 ], [ 30.430818000000102, -2.812614 ], [ 30.431216000000177, -2.813063999999883 ], [ 30.432113000000186, -2.81319 ], [ 30.432835, -2.812813999999889 ], [ 30.433383000000106, -2.811737 ], [ 30.433383000000106, -2.810711 ], [ 30.433035, -2.809107999999867 ], [ 30.433309000000179, -2.808658 ], [ 30.434106, -2.808908 ], [ 30.434679000000187, -2.808908 ], [ 30.435251000000108, -2.808508 ], [ 30.435575, -2.807531 ], [ 30.434255000000121, -2.804752 ], [ 30.435401, -2.804301 ], [ 30.435974, -2.80377499999986 ], [ 30.435949000000107, -2.802824 ], [ 30.435675000000174, -2.802123 ], [ 30.434156, -2.801848 ], [ 30.433533, -2.801597 ], [ 30.43418000000014, -2.801222 ], [ 30.435027, -2.800871 ], [ 30.435799000000145, -2.800820999999871 ], [ 30.436621000000116, -2.800721 ], [ 30.437244000000135, -2.801122 ], [ 30.43741800000015, -2.801822999999899 ], [ 30.437045, -2.80264899999986 ], [ 30.43697, -2.803224999999827 ], [ 30.437244000000135, -2.803876 ], [ 30.437991000000125, -2.804001 ], [ 30.438639000000137, -2.803801 ], [ 30.439212000000111, -2.803175 ], [ 30.439810000000193, -2.802072999999893 ], [ 30.43983500000013, -2.801196999999888 ], [ 30.440233, -2.796765 ], [ 30.440607, -2.796313999999882 ], [ 30.440955, -2.796214 ], [ 30.441703000000132, -2.795889 ], [ 30.442226, -2.795338 ], [ 30.442724, -2.794387 ], [ 30.442898, -2.793234999999868 ], [ 30.442848, -2.792533999999876 ], [ 30.442275, -2.791482 ], [ 30.441503000000125, -2.790655999999899 ], [ 30.441429, -2.790356 ], [ 30.441777, -2.789754 ], [ 30.443471, -2.787751 ], [ 30.443645, -2.786949999999877 ], [ 30.442799, -2.785723 ], [ 30.442724, -2.785122999999885 ], [ 30.444916, -2.78352 ], [ 30.445489, -2.782969 ], [ 30.445688000000189, -2.782143 ], [ 30.445588, -2.781517 ], [ 30.444467, -2.780265 ], [ 30.443596, -2.779164 ], [ 30.44312200000013, -2.777862 ], [ 30.443322, -2.777261 ], [ 30.44651000000016, -2.772479 ], [ 30.446659, -2.772053 ], [ 30.446933000000172, -2.771302 ], [ 30.447008000000153, -2.770401 ], [ 30.447830000000124, -2.769349 ], [ 30.447922000000119, -2.768615999999838 ], [ 30.447613000000104, -2.767948999999874 ], [ 30.447171000000139, -2.766081999999869 ], [ 30.446242, -2.765059 ], [ 30.444916, -2.76457 ], [ 30.444606000000192, -2.76417 ], [ 30.444430000000182, -2.763368999999841 ], [ 30.444430000000182, -2.762612999999817 ], [ 30.444208000000117, -2.761857 ], [ 30.443545000000142, -2.761501999999894 ], [ 30.442352, -2.761146 ], [ 30.440141, -2.760122999999851 ], [ 30.439124000000106, -2.759500999999887 ], [ 30.438638, -2.758923 ], [ 30.437621, -2.757632999999885 ], [ 30.437047000000177, -2.756699 ], [ 30.437047000000177, -2.755677 ], [ 30.437621, -2.755321 ], [ 30.440009000000146, -2.755054 ], [ 30.441689, -2.754342999999892 ], [ 30.442529, -2.752964 ], [ 30.442426000000125, -2.751859 ], [ 30.441722000000141, -2.749500999999839 ], [ 30.441769, -2.747944 ], [ 30.440736, -2.746387 ], [ 30.440696000000116, -2.745742 ], [ 30.44097, -2.745192 ], [ 30.442794000000163, -2.745192 ], [ 30.44448100000011, -2.745513 ], [ 30.449587000000179, -2.743221999999889 ], [ 30.450225, -2.742901 ], [ 30.452551000000142, -2.742626 ], [ 30.454375, -2.742259999999874 ], [ 30.455104000000119, -2.742077 ], [ 30.455879000000152, -2.740839999999878 ], [ 30.456882000000178, -2.739418999999828 ], [ 30.458250000000191, -2.739464999999882 ], [ 30.459755, -2.738136999999881 ], [ 30.461031000000105, -2.737449 ], [ 30.461579000000143, -2.736212 ], [ 30.462445, -2.735479 ], [ 30.463767000000189, -2.735845999999867 ], [ 30.464451000000111, -2.735753999999872 ], [ 30.465363, -2.733509 ], [ 30.466184000000112, -2.732456 ], [ 30.465956000000119, -2.731173 ], [ 30.464725, -2.730531 ], [ 30.463585, -2.729798 ], [ 30.462946000000102, -2.728561 ], [ 30.462673, -2.726087 ], [ 30.462718, -2.72530799999987 ], [ 30.463266, -2.72480499999989 ], [ 30.464086, -2.725583 ], [ 30.464861, -2.725629 ], [ 30.464405, -2.723751 ], [ 30.466001, -2.724667 ], [ 30.466685, -2.724484 ], [ 30.466959000000145, -2.722239 ], [ 30.466366000000107, -2.719764999999882 ], [ 30.467323, -2.719536 ], [ 30.468737000000147, -2.72026899999986 ], [ 30.469558, -2.720223 ], [ 30.469831, -2.719673 ], [ 30.469831, -2.718849 ], [ 30.471017000000131, -2.719856999999877 ], [ 30.472704000000135, -2.718986 ], [ 30.473798, -2.718116 ], [ 30.474163, -2.71642 ], [ 30.475485000000162, -2.715732999999886 ], [ 30.477263, -2.715916 ], [ 30.478768, -2.716879 ], [ 30.481959, -2.721323 ], [ 30.482461, -2.722285 ], [ 30.48314500000015, -2.722926 ], [ 30.484057000000121, -2.722972 ], [ 30.485060000000146, -2.721872 ], [ 30.48565200000013, -2.720680999999843 ], [ 30.486884, -2.72026899999986 ], [ 30.488479, -2.719443999999896 ], [ 30.490440000000149, -2.716741 ], [ 30.49135200000012, -2.715275 ], [ 30.492583, -2.714909 ], [ 30.493358000000171, -2.715504 ], [ 30.493951, -2.715046 ], [ 30.494771, -2.713441999999873 ], [ 30.495136, -2.712801 ], [ 30.498054, -2.712114 ], [ 30.498419, -2.711427 ], [ 30.497781, -2.709502 ], [ 30.498009, -2.708448 ], [ 30.501292, -2.705103999999892 ], [ 30.502204, -2.704554 ], [ 30.503845000000126, -2.703913 ], [ 30.504210000000114, -2.703409 ], [ 30.504255000000114, -2.701851 ], [ 30.504939, -2.699973 ], [ 30.505076, -2.699331 ], [ 30.504802, -2.69772799999987 ], [ 30.506353000000161, -2.69901 ], [ 30.508769, -2.699789 ], [ 30.509681000000171, -2.699148 ], [ 30.510046, -2.698231999999848 ], [ 30.509499, -2.696582 ], [ 30.509316000000183, -2.695666 ], [ 30.509043000000133, -2.694887 ], [ 30.509316000000183, -2.694017 ], [ 30.510000000000105, -2.693237999999894 ], [ 30.511277, -2.694153999999855 ], [ 30.512052, -2.694521 ], [ 30.512964, -2.694429 ], [ 30.51369300000016, -2.693971 ], [ 30.514241, -2.692275999999879 ], [ 30.514924, -2.692047 ], [ 30.516475000000128, -2.692734 ], [ 30.517250000000104, -2.692871 ], [ 30.518162, -2.692229999999824 ], [ 30.518664, -2.691634 ], [ 30.518162, -2.689802 ], [ 30.518436000000179, -2.689205999999899 ], [ 30.522402, -2.687923 ], [ 30.522448000000111, -2.687053 ], [ 30.521992, -2.686091 ], [ 30.521445, -2.685632 ], [ 30.521354, -2.682334 ], [ 30.521855, -2.681737999999882 ], [ 30.525001000000145, -2.681509 ], [ 30.525594000000183, -2.680959 ], [ 30.525822, -2.680042999999898 ], [ 30.526278000000104, -2.679218 ], [ 30.525913000000116, -2.678393 ], [ 30.525092, -2.677065 ], [ 30.526141000000166, -2.675461 ], [ 30.526734, -2.674040999999875 ], [ 30.526916000000142, -2.672665999999879 ], [ 30.528056000000163, -2.671292999999878 ], [ 30.52874, -2.670651 ], [ 30.528968000000134, -2.668909999999869 ], [ 30.530062, -2.665474 ], [ 30.530062, -2.663779 ], [ 30.529110000000173, -2.663018 ], [ 30.52808, -2.662604 ], [ 30.5272030000001, -2.660376999999869 ], [ 30.528131000000144, -2.657786999999871 ], [ 30.52746100000013, -2.654679 ], [ 30.528337000000136, -2.653851 ], [ 30.527822000000185, -2.653022 ], [ 30.52694600000018, -2.653177 ], [ 30.525348000000122, -2.653644 ], [ 30.523132, -2.655819 ], [ 30.520194000000174, -2.65499 ], [ 30.518699, -2.655249 ], [ 30.515555000000177, -2.655300999999895 ], [ 30.511534, -2.656389 ], [ 30.507308000000137, -2.661411999999871 ], [ 30.505916, -2.663432 ], [ 30.503906, -2.66509 ], [ 30.50153500000016, -2.666643 ], [ 30.499680000000126, -2.666592 ], [ 30.4987, -2.66736799999984 ], [ 30.497773000000109, -2.668352 ], [ 30.495556000000136, -2.669751 ], [ 30.493804000000125, -2.670321 ], [ 30.492876, -2.670735 ], [ 30.492464, -2.671771 ], [ 30.490763, -2.672599 ], [ 30.489114, -2.67399799999987 ], [ 30.48731000000015, -2.67405 ], [ 30.486588, -2.674568 ], [ 30.486176000000114, -2.675396 ], [ 30.478393, -2.678193 ], [ 30.477362, -2.679280999999889 ], [ 30.475558, -2.679124999999885 ], [ 30.472723, -2.680367999999874 ], [ 30.470816, -2.681767 ], [ 30.46927, -2.684512 ], [ 30.467981000000123, -2.685702999999876 ], [ 30.464476, -2.687723 ], [ 30.462415000000192, -2.689173 ], [ 30.460095, -2.690777999999852 ], [ 30.459116000000108, -2.691141 ], [ 30.4569, -2.690777999999852 ], [ 30.45293, -2.68881 ], [ 30.450559000000169, -2.686635 ], [ 30.450147000000186, -2.686014 ], [ 30.450250000000153, -2.685392 ], [ 30.449219000000141, -2.683941999999831 ], [ 30.447622000000138, -2.681974 ], [ 30.44514700000019, -2.67897 ], [ 30.443447, -2.677986 ], [ 30.441076000000123, -2.67752 ], [ 30.439426, -2.677261 ], [ 30.437004000000172, -2.677105 ], [ 30.435303000000147, -2.677622999999869 ], [ 30.433138, -2.679022 ], [ 30.432571, -2.67954 ], [ 30.431746, -2.679280999999889 ], [ 30.431025, -2.678917999999896 ], [ 30.430561000000182, -2.67824499999989 ], [ 30.429736000000105, -2.677312 ], [ 30.428912, -2.675396 ], [ 30.42819, -2.674878 ], [ 30.426798, -2.673169 ], [ 30.425407, -2.670631 ], [ 30.424788, -2.669957999999895 ], [ 30.424067, -2.66799 ], [ 30.42241700000011, -2.666074 ], [ 30.420716, -2.664986 ], [ 30.420201, -2.661982 ], [ 30.420562000000132, -2.65991 ], [ 30.421902000000159, -2.657269 ], [ 30.42241700000011, -2.655662999999834 ], [ 30.422469000000149, -2.654834999999878 ], [ 30.422881000000132, -2.654161999999872 ], [ 30.42417, -2.652867 ], [ 30.425561000000187, -2.650639999999896 ], [ 30.425768, -2.650173999999879 ], [ 30.426386, -2.649397 ], [ 30.427056, -2.647998 ], [ 30.428499000000102, -2.647169999999846 ], [ 30.429943, -2.646082 ], [ 30.430561000000182, -2.644579 ], [ 30.43185, -2.643957999999827 ], [ 30.433293000000106, -2.642921999999885 ], [ 30.432984, -2.641783 ], [ 30.434031, -2.64061 ], [ 30.435251000000108, -2.639245 ], [ 30.436901, -2.637017999999898 ], [ 30.43829200000016, -2.635568 ], [ 30.439066, -2.633961999999826 ], [ 30.439375, -2.63246 ], [ 30.44123, -2.629507999999873 ], [ 30.442055000000153, -2.627696 ], [ 30.4419, -2.625727999999867 ], [ 30.442364000000111, -2.624017999999865 ], [ 30.442570000000103, -2.62262 ], [ 30.444168000000161, -2.618529 ], [ 30.446848, -2.614177999999868 ], [ 30.448343000000136, -2.61221 ], [ 30.449683000000164, -2.609724 ], [ 30.451796000000172, -2.60729 ], [ 30.452879, -2.606150999999898 ], [ 30.453240000000108, -2.604752 ], [ 30.455044000000157, -2.602887 ], [ 30.457724, -2.596153999999899 ], [ 30.45927, -2.595015 ], [ 30.461280000000102, -2.593565 ], [ 30.461847, -2.592891 ], [ 30.462105000000122, -2.592011 ], [ 30.462672000000168, -2.591338 ], [ 30.464424000000179, -2.590146 ], [ 30.465301, -2.588696 ], [ 30.466486, -2.58724599999988 ], [ 30.466950000000111, -2.585743999999863 ], [ 30.467259, -2.582999 ], [ 30.468290000000138, -2.580409999999858 ], [ 30.470352, -2.576162999999895 ], [ 30.472671, -2.574660999999878 ], [ 30.474578000000122, -2.573728 ], [ 30.476434, -2.571657 ], [ 30.476692, -2.56943 ], [ 30.477671, -2.568082999999888 ], [ 30.478238, -2.565337999999883 ], [ 30.479475, -2.561557 ], [ 30.480403000000138, -2.560210999999867 ], [ 30.481589, -2.558812 ], [ 30.482826, -2.558346 ], [ 30.484114, -2.557932 ], [ 30.484784, -2.557103 ], [ 30.484836, -2.55233799999985 ], [ 30.484526, -2.550680999999884 ], [ 30.485403000000133, -2.547521 ], [ 30.48566, -2.545708999999874 ], [ 30.485454, -2.544518 ], [ 30.484217, -2.540271 ], [ 30.48463, -2.53851 ], [ 30.48499, -2.537681 ], [ 30.485145000000102, -2.537059999999883 ], [ 30.484526, -2.533745 ], [ 30.484217, -2.53276099999988 ], [ 30.483289000000184, -2.531829 ], [ 30.483599, -2.530586 ], [ 30.483289000000184, -2.528877 ], [ 30.484939000000111, -2.524837 ], [ 30.485764000000131, -2.524319 ], [ 30.490093, -2.52406 ], [ 30.493650000000173, -2.523800999999821 ], [ 30.49633, -2.523283 ], [ 30.495608000000175, -2.521315 ], [ 30.495505, -2.519865 ], [ 30.496278000000189, -2.518415 ], [ 30.498546, -2.516187999999886 ], [ 30.499268000000143, -2.514944999999898 ], [ 30.501484000000175, -2.511888999999826 ], [ 30.502927, -2.510437999999851 ], [ 30.504628, -2.507693 ], [ 30.507153, -2.505259 ], [ 30.507050000000106, -2.502255 ], [ 30.509576, -2.49661 ], [ 30.510967, -2.491534999999885 ], [ 30.511741, -2.488428 ], [ 30.51364800000016, -2.483145 ], [ 30.515503000000137, -2.478225 ], [ 30.518183000000192, -2.475894 ], [ 30.519833000000119, -2.474444 ], [ 30.520606000000157, -2.469575 ], [ 30.521276000000171, -2.465898 ], [ 30.520812000000149, -2.461599 ], [ 30.520503000000133, -2.458698 ], [ 30.521121000000107, -2.456678999999895 ], [ 30.523905, -2.452535 ], [ 30.524368, -2.447667 ], [ 30.524729, -2.446786 ], [ 30.525245, -2.446113 ], [ 30.527925000000153, -2.445180999999877 ], [ 30.529523, -2.443678999999861 ], [ 30.530193, -2.440208999999811 ], [ 30.530605, -2.438292999999817 ], [ 30.531636, -2.437153 ], [ 30.53509, -2.435444 ], [ 30.536327, -2.433942 ], [ 30.537048, -2.432285 ], [ 30.537564, -2.429903 ], [ 30.539110000000107, -2.425966 ], [ 30.538904000000116, -2.425189999999873 ], [ 30.537718, -2.422445 ], [ 30.538388, -2.421926999999869 ], [ 30.53983200000016, -2.420218 ], [ 30.541790000000162, -2.417473 ], [ 30.543079, -2.413795 ], [ 30.543543000000113, -2.413155 ], [ 30.543110000000127, -2.412641 ], [ 30.540711000000101, -2.411415 ], [ 30.539137, -2.410029999999892 ], [ 30.538626, -2.408565999999894 ], [ 30.536108, -2.405402 ], [ 30.534810000000164, -2.404412 ], [ 30.533315, -2.403898 ], [ 30.531702, -2.403898 ], [ 30.527769, -2.403226 ], [ 30.526313000000187, -2.403305 ], [ 30.524504, -2.403226 ], [ 30.523127, -2.403660999999886 ], [ 30.520963, -2.403937999999869 ], [ 30.518210000000124, -2.402869999999893 ], [ 30.516203000000189, -2.401208 ], [ 30.514748, -2.400496 ], [ 30.513292, -2.40014 ], [ 30.512073, -2.400615 ], [ 30.511483, -2.400653999999861 ], [ 30.510735000000182, -2.400060999999823 ], [ 30.510696000000166, -2.399031999999863 ], [ 30.510185000000149, -2.397607999999877 ], [ 30.510735000000182, -2.39385 ], [ 30.510263, -2.391358 ], [ 30.508926, -2.389063 ], [ 30.505700000000161, -2.386768 ], [ 30.500546, -2.384197 ], [ 30.498737, -2.380795 ], [ 30.497871, -2.380042999999887 ], [ 30.495787, -2.377432 ], [ 30.49496, -2.376601 ], [ 30.494213, -2.376443 ], [ 30.492285, -2.376641 ], [ 30.490712, -2.37676 ], [ 30.489728, -2.375611999999819 ], [ 30.489296, -2.371576999999832 ], [ 30.48847, -2.369559 ], [ 30.487289, -2.366473 ], [ 30.48607, -2.365405 ], [ 30.484496, -2.36497 ], [ 30.482058000000109, -2.365325999999868 ], [ 30.48072, -2.366551999999899 ], [ 30.479147000000125, -2.36765999999983 ], [ 30.477062000000103, -2.367897 ], [ 30.474505, -2.367423 ], [ 30.473364000000174, -2.366632 ], [ 30.47186900000014, -2.365959 ], [ 30.47006, -2.362596 ], [ 30.470335, -2.361290999999881 ], [ 30.471476000000109, -2.358126 ], [ 30.471594, -2.355791999999838 ], [ 30.470846, -2.35148 ], [ 30.469863, -2.349858 ], [ 30.469273000000101, -2.349581 ], [ 30.466755000000148, -2.349818 ], [ 30.464906, -2.348591999999883 ], [ 30.462782, -2.347720999999865 ], [ 30.460579000000166, -2.346653 ], [ 30.459124, -2.344121 ], [ 30.459124, -2.343251 ], [ 30.459989, -2.342025 ], [ 30.460422000000165, -2.340719 ], [ 30.461405000000127, -2.339493 ], [ 30.461602, -2.338622 ], [ 30.459950000000163, -2.335457 ], [ 30.459635, -2.333557999999869 ], [ 30.460068, -2.332133999999826 ], [ 30.461248000000126, -2.330432999999857 ], [ 30.462231, -2.329405 ], [ 30.463844000000165, -2.324855 ], [ 30.463411000000178, -2.323866 ], [ 30.463018, -2.322006 ], [ 30.462821, -2.320384 ], [ 30.461523000000113, -2.319316 ], [ 30.458769000000188, -2.317892 ], [ 30.456881, -2.317496 ], [ 30.452868, -2.317576 ], [ 30.451492, -2.317654999999888 ], [ 30.449210000000107, -2.318406 ], [ 30.448030000000131, -2.319316 ], [ 30.446024, -2.320661 ], [ 30.4437420000001, -2.321056999999882 ], [ 30.442798000000153, -2.321413 ], [ 30.44181500000019, -2.323233 ], [ 30.440123000000142, -2.326121 ], [ 30.438471, -2.328257 ], [ 30.437684000000161, -2.329008999999871 ], [ 30.434341000000131, -2.327822 ], [ 30.432964, -2.327386999999874 ], [ 30.43158700000015, -2.327743 ], [ 30.430053, -2.327900999999883 ], [ 30.428715, -2.32726799999989 ], [ 30.428007, -2.326239 ], [ 30.427142, -2.324855 ], [ 30.426316000000156, -2.324142999999879 ], [ 30.425529, -2.324103 ], [ 30.423011, -2.32560599999988 ], [ 30.422303000000113, -2.325567 ], [ 30.422224000000142, -2.323114 ], [ 30.420415, -2.321532 ], [ 30.417582, -2.319474999999841 ], [ 30.416638000000148, -2.317338 ], [ 30.415694, -2.316309999999874 ], [ 30.414711, -2.314173 ], [ 30.413412, -2.312828 ], [ 30.412429, -2.3118 ], [ 30.411524000000156, -2.310612999999876 ] ] ] } }
]
}
